Date,open,high,low,close,volume
2023-08-29 17:00:00-04:00,92.01117,92.45012,92.01117,92.45012,0.0
2023-08-29 18:00:00-04:00,92.0431,92.306465,92.0431,92.0431,0.0
2023-08-29 19:00:00-04:00,92.0431,92.314445,92.03512,92.03512,0.0
2023-08-30 04:00:00-04:00,91.484436,91.484436,91.30088,91.30088,0.0
2023-08-30 05:00:00-04:00,92.06704,92.10694,91.62011,91.62011,0.0
2023-08-30 06:00:00-04:00,91.69992,91.77973,91.540306,91.69992,0.0
2023-08-30 07:00:00-04:00,91.69992,92.01117,91.69992,91.7079,0.0
2023-08-30 08:00:00-04:00,91.79569,92.11093,89.002396,92.11093,0.0
2023-08-30 09:00:00-04:00,91.94733,92.17877,91.60415,91.77973,0.0
2023-08-30 09:30:00-04:00,91.66001892089844,92.24261474609375,91.26097106933594,91.49241638183594,905244.0
2023-08-30 10:30:00-04:00,91.48443603515625,91.82362365722656,91.43655395507812,91.69992065429688,551209.0
2023-08-30 11:30:00-04:00,91.69992065429688,91.7118911743164,91.40463256835938,91.50039672851562,427981.0
2023-08-30 12:30:00-04:00,91.50039672851562,91.63910675048828,91.3008804321289,91.35674285888672,392223.0
2023-08-30 13:30:00-04:00,91.35674285888672,91.44453430175781,91.11731719970703,91.1332778930664,478587.0
2023-08-30 14:30:00-04:00,91.1332778930664,91.6839599609375,91.13264465332031,91.2210693359375,494107.0
2023-08-30 15:30:00-04:00,91.22904968261719,91.3088607788086,90.94174194335938,91.22904968261719,730952.0
2023-08-30 16:00:00-04:00,91.22905,91.468475,90.997604,91.10934,0.0
2023-08-30 17:00:00-04:00,91.24501,91.476456,91.22905,91.23967,0.0
2023-08-30 18:00:00-04:00,91.24501,91.30088,91.22905,91.2929,0.0
2023-08-30 19:00:00-04:00,91.30088,91.30088,91.22107,91.22107,0.0
2023-08-31 04:00:00-04:00,91.77973,91.77973,91.69992,91.69992,0.0
2023-08-31 05:00:00-04:00,,,,,
2023-08-31 06:00:00-04:00,,,,,
2023-08-31 07:00:00-04:00,91.57223,91.57223,91.22905,91.30088,0.0
2023-08-31 08:00:00-04:00,91.30088,91.7079,91.11732,91.58021,0.0
2023-08-31 09:00:00-04:00,91.58819,91.77973,91.22905,91.22905,0.0
2023-08-31 09:30:00-04:00,91.44453430175781,91.55762481689453,90.83000946044922,91.47645568847656,777540.0
2023-08-31 10:30:00-04:00,91.4525146484375,91.56025695800781,91.18914794921875,91.55626678466797,316811.0
2023-08-31 11:30:00-04:00,91.5403060913086,91.69992065429688,91.15721893310547,91.26895141601562,277622.0
2023-08-31 12:30:00-04:00,91.27693176269531,91.33280181884766,91.06145477294922,91.3008804321289,127842.0
2023-08-31 13:30:00-04:00,91.31237030029297,91.69194030761719,91.05347442626953,91.58020782470703,332880.0
2023-08-31 14:30:00-04:00,91.58020782470703,91.6839599609375,91.44158172607422,91.5323257446289,372240.0
2023-08-31 15:30:00-04:00,91.5323257446289,91.73184204101562,91.34078216552734,91.3647232055664,668119.0
2023-08-31 16:00:00-04:00,91.34876,91.7079,91.28492,91.460495,0.0
2023-08-31 17:00:00-04:00,91.7079,95.70557,91.34078,91.36472,0.0
2023-08-31 18:00:00-04:00,91.66002,91.69992,91.34078,91.34397,0.0
2023-08-31 19:00:00-04:00,91.34078,91.69992,91.32482,91.34078,0.0
2023-09-01 04:00:00-04:00,91.41261,91.42059,91.41261,91.42059,0.0
2023-09-01 05:00:00-04:00,91.42059,91.460495,91.42059,91.460495,0.0
2023-09-01 06:00:00-04:00,91.460495,91.460495,91.42059,91.460495,0.0
2023-09-01 07:00:00-04:00,91.65204,91.65204,91.452515,91.58021,0.0
2023-09-01 08:00:00-04:00,91.66002,91.67598,91.36472,91.58021,0.0
2023-09-01 09:00:00-04:00,91.58021,91.81165,91.58021,91.81165,0.0
2023-09-01 09:30:00-04:00,91.79569244384766,92.1468505859375,91.08539581298828,91.61212921142578,485884.0
2023-09-01 10:30:00-04:00,91.5961685180664,91.5961685180664,90.87150573730469,91.08539581298828,321716.0
2023-09-01 11:30:00-04:00,91.09337615966797,91.1053466796875,90.63048553466797,90.96967315673828,253515.0
2023-09-01 12:30:00-04:00,90.96568298339844,91.28491973876953,90.86193084716797,91.02154541015625,183990.0
2023-09-01 13:30:00-04:00,90.9896240234375,91.05347442626953,90.70630645751953,90.7581787109375,202946.0
2023-09-01 14:30:00-04:00,90.75019836425781,91.12529754638672,90.6065444946289,91.11731719970703,205103.0
2023-09-01 15:30:00-04:00,91.12529754638672,91.28491973876953,90.99361419677734,91.17717742919922,627673.0
2023-09-01 16:00:00-04:00,91.18117,91.5004,90.83799,91.18117,0.0
2023-09-01 17:00:00-04:00,91.14126,91.18117,90.82203,91.061455,0.0
2023-09-01 18:00:00-04:00,91.17319,91.17319,90.82203,91.061455,0.0
2023-09-01 19:00:00-04:00,91.22905,91.40463,90.83001,91.40463,0.0
2023-09-05 04:00:00-04:00,90.98164,90.98164,90.3352,90.5826,0.0
2023-09-05 05:00:00-04:00,90.630486,90.74222,90.5826,90.66241,0.0
2023-09-05 06:00:00-04:00,90.7502,90.7502,90.27933,90.74222,0.0
2023-09-05 07:00:00-04:00,91.053474,91.061455,90.82203,90.82203,0.0
2023-09-05 08:00:00-04:00,90.87789,91.053474,90.59058,90.678375,0.0
2023-09-05 09:00:00-04:00,90.78204,90.86991,90.64645,90.694336,0.0
2023-09-05 09:30:00-04:00,90.73423767089844,91.1332778930664,89.63288116455078,90.11173248291016,834480.0
2023-09-05 10:30:00-04:00,90.11173248291016,90.63846588134766,89.72067260742188,90.51875305175781,436922.0
2023-09-05 11:30:00-04:00,90.51875305175781,90.67837524414062,90.27134704589844,90.33519744873047,351076.0
2023-09-05 12:30:00-04:00,90.3192367553711,90.41500091552734,90.2314453125,90.35913848876953,288106.0
2023-09-05 13:30:00-04:00,90.34317779541016,90.5506820678711,90.25538635253906,90.51875305175781,228223.0
2023-09-05 14:30:00-04:00,90.5267333984375,90.53471374511719,89.9122085571289,90.06385040283203,349269.0
2023-09-05 15:30:00-04:00,90.06385040283203,90.40702056884766,90.02394104003906,90.09577178955078,438619.0
2023-09-05 16:00:00-04:00,90.08779,90.72626,89.94414,90.0399,0.0
2023-09-05 17:00:00-04:00,90.167595,90.175575,89.64884,89.88827,0.0
2023-09-05 18:00:00-04:00,90.175575,90.175575,89.60096,90.00798,0.0
2023-09-05 19:00:00-04:00,90.09577,90.167595,89.832405,89.86433,0.0
2023-09-06 04:00:00-04:00,90.08779,90.08779,89.792496,89.91221,0.0
2023-09-06 05:00:00-04:00,89.91221,90.02394,89.792496,90.0,0.0
2023-09-06 06:00:00-04:00,,,,,
2023-09-06 07:00:00-04:00,90.02394,90.10375,89.72865,89.72865,0.0
2023-09-06 08:00:00-04:00,89.848366,90.11971,89.768555,90.11572,0.0
2023-09-06 09:00:00-04:00,90.11971,90.11971,89.46529,90.07981,0.0
2023-09-06 09:30:00-04:00,90.06385040283203,91.03751373291016,89.66480255126953,90.92179107666016,739266.0
2023-09-06 10:30:00-04:00,90.9098129272461,91.03751373291016,90.48683166503906,90.63846588134766,382750.0
2023-09-06 11:30:00-04:00,90.60662841796875,90.60662841796875,89.48124694824219,89.5011978149414,333203.0
2023-09-06 12:30:00-04:00,89.49720764160156,89.80047607421875,89.3296127319336,89.77653503417969,229631.0
2023-09-06 13:30:00-04:00,89.7685546875,90.11173248291016,89.6830825805664,90.04389190673828,220762.0
2023-09-06 14:30:00-04:00,90.05187225341797,90.1516342163086,89.86432647705078,89.9640884399414,295201.0
2023-09-06 15:30:00-04:00,89.96009826660156,90.10375213623047,89.87230682373047,89.92816925048828,601771.0
2023-09-06 16:00:00-04:00,89.92817,90.05586,89.800476,89.80846,0.0
2023-09-06 17:00:00-04:00,89.801674,90.02394,89.393456,90.02394,0.0
2023-09-06 18:00:00-04:00,89.393456,90.01596,89.393456,89.824425,0.0
2023-09-06 19:00:00-04:00,89.784515,90.167595,89.6249,90.167595,0.0
2023-09-07 04:00:00-04:00,92.27454,92.27454,89.55307,89.776535,0.0
2023-09-07 05:00:00-04:00,89.776535,90.0,89.776535,89.784515,0.0
2023-09-07 06:00:00-04:00,,,,,
2023-09-07 07:00:00-04:00,89.784515,89.792496,89.64086,89.70471,0.0
2023-09-07 08:00:00-04:00,89.88827,89.92817,89.401436,89.74461,0.0
2023-09-07 09:00:00-04:00,89.393456,89.92817,89.393456,89.393456,0.0
2023-09-07 09:30:00-04:00,89.56105041503906,90.30326843261719,89.20989990234375,89.44133758544922,498611.0
2023-09-07 10:30:00-04:00,89.49720764160156,89.84038543701172,89.40143585205078,89.50518798828125,294470.0
2023-09-07 11:30:00-04:00,89.5011978149414,89.67278289794922,88.91460418701172,89.44133758544922,384451.0
2023-09-07 12:30:00-04:00,89.42537689208984,89.46528625488281,89.14604949951172,89.19393157958984,169085.0
2023-09-07 13:30:00-04:00,89.20191192626953,89.27214813232422,89.07421875,89.07820892333984,207163.0
2023-09-07 14:30:00-04:00,89.05027770996094,89.29768371582031,88.9225845336914,89.26576232910156,345892.0
2023-09-07 15:30:00-04:00,89.26576232910156,89.3854751586914,89.13806915283203,89.2418212890625,635129.0
2023-09-07 16:00:00-04:00,89.21788,89.60096,89.16201,89.385475,0.0
2023-09-07 17:00:00-04:00,89.385475,89.385475,89.15403,89.29768,0.0
2023-09-07 18:00:00-04:00,89.15403,89.44932,89.15403,89.19393,0.0
2023-09-07 19:00:00-04:00,89.15403,89.44134,89.15403,89.15403,0.0
2023-09-08 04:00:00-04:00,89.377495,89.377495,89.377495,89.377495,0.0
2023-09-08 05:00:00-04:00,,,,,
2023-09-08 06:00:00-04:00,89.02634,89.07422,89.02634,89.06624,0.0
2023-09-08 07:00:00-04:00,89.15403,89.15403,89.13009,89.14605,0.0
2023-09-08 08:00:00-04:00,89.06624,89.393456,87.55786,89.14605,0.0
2023-09-08 09:00:00-04:00,88.986435,89.385475,88.986435,89.21788,0.0
2023-09-08 09:30:00-04:00,88.98643493652344,89.34557342529297,88.8587417602539,89.22586059570312,284556.0
2023-09-08 10:30:00-04:00,89.2418212890625,89.3056640625,89.00239562988281,89.05027770996094,254277.0
2023-09-08 11:30:00-04:00,89.0901870727539,89.40941619873047,88.98643493652344,89.05825805664062,228353.0
2023-09-08 12:30:00-04:00,89.04229736328125,89.07421875,88.81883239746094,88.87470245361328,197229.0
2023-09-08 13:30:00-04:00,88.8667221069336,89.18595123291016,88.7635269165039,88.9305648803711,185434.0
2023-09-08 14:30:00-04:00,88.9225845336914,88.99042510986328,88.78691101074219,88.88731384277344,215297.0
2023-09-08 15:30:00-04:00,88.88268280029297,89.16999053955078,88.8667221069336,89.16999053955078,409690.0
2023-09-08 16:00:00-04:00,89.16201,89.21788,88.58739,89.18595,0.0
2023-09-08 17:00:00-04:00,89.18595,89.23337,89.16201,89.21788,0.0
2023-09-08 18:00:00-04:00,89.23384,89.23384,89.16201,89.23352,0.0
2023-09-08 19:00:00-04:00,89.22586,89.2498,89.17797,89.18595,0.0
2023-09-11 04:00:00-04:00,88.89864,88.89864,88.89864,88.89864,0.0
2023-09-11 05:00:00-04:00,89.27374,89.27374,89.25778,89.26576,0.0
2023-09-11 06:00:00-04:00,,,,,
2023-09-11 07:00:00-04:00,89.305664,89.60096,89.305664,89.377495,0.0
2023-09-11 08:00:00-04:00,89.385475,89.68076,89.03033,89.585,0.0
2023-09-11 09:00:00-04:00,89.60096,89.60096,89.16201,89.54509,0.0
2023-09-11 09:30:00-04:00,89.78451538085938,90.15961456298828,89.50518798828125,89.95211791992188,562471.0
2023-09-11 10:30:00-04:00,89.93614959716797,89.94413757324219,89.48124694824219,89.70072174072266,321136.0
2023-09-11 11:30:00-04:00,89.69673156738281,89.93614959716797,89.60694122314453,89.89624786376953,340197.0
2023-09-11 12:30:00-04:00,89.88826751708984,90.32721710205078,89.82442474365234,90.31524658203125,586075.0
2023-09-11 13:30:00-04:00,90.31524658203125,90.6145248413086,90.21548461914062,90.6065444946289,344453.0
2023-09-11 14:30:00-04:00,90.6145248413086,91.1412582397461,90.6145248413086,91.12529754638672,565550.0
2023-09-11 15:30:00-04:00,91.11731719970703,91.2210693359375,90.88587188720703,91.19712829589844,738063.0
2023-09-11 16:00:00-04:00,91.18915,91.26097,90.83001,91.17319,0.0
2023-09-11 17:00:00-04:00,91.14924,91.380684,91.061455,91.14126,0.0
2023-09-11 18:00:00-04:00,91.380684,91.380684,90.72626,91.13328,0.0
2023-09-11 19:00:00-04:00,90.5826,91.18915,90.5826,90.70232,0.0
2023-09-12 04:00:00-04:00,91.18915,91.18915,90.82203,90.82203,0.0
2023-09-12 05:00:00-04:00,90.82203,90.82203,90.678375,90.678375,0.0
2023-09-12 06:00:00-04:00,90.76616,90.76616,90.71828,90.73424,0.0
2023-09-12 07:00:00-04:00,90.83001,91.18915,90.7103,90.83799,0.0
2023-09-12 08:00:00-04:00,91.013565,91.20511,90.75818,90.75818,0.0
2023-09-12 09:00:00-04:00,90.86193,91.24501,89.88029,91.085396,0.0
2023-09-12 09:30:00-04:00,91.18116760253906,93.23216247558594,90.98164367675781,91.94732666015625,1376677.0
2023-09-12 10:30:00-04:00,91.93136596679688,92.32242584228516,91.5961685180664,92.31444549560547,581104.0
2023-09-12 11:30:00-04:00,92.31843566894531,92.60973358154297,92.2905044555664,92.49002075195312,309036.0
2023-09-12 12:30:00-04:00,92.48204040527344,92.48204040527344,92.00318908691406,92.25059509277344,295941.0
2023-09-12 13:30:00-04:00,92.26656341552734,92.32242584228516,91.747802734375,91.88347625732422,399684.0
2023-09-12 14:30:00-04:00,91.87549591064453,91.87549591064453,91.57222747802734,91.66001892089844,289325.0
2023-09-12 15:30:00-04:00,91.66799926757812,91.88986206054688,91.5961685180664,91.78771209716797,573142.0
2023-09-12 16:00:00-04:00,91.77973,91.907425,91.7079,91.77175,0.0
2023-09-12 17:00:00-04:00,91.75578,91.899445,91.55627,91.55627,0.0
2023-09-12 18:00:00-04:00,91.55627,91.859535,91.55627,91.859535,0.0
2023-09-12 19:00:00-04:00,91.851555,91.899445,91.77973,91.899445,0.0
2023-09-13 04:00:00-04:00,91.77973,91.77973,91.444534,91.77973,0.0
2023-09-13 05:00:00-04:00,91.460495,91.77973,91.460495,91.77973,0.0
2023-09-13 06:00:00-04:00,91.62011,91.62011,91.62011,91.62011,0.0
2023-09-13 07:00:00-04:00,,,,,
2023-09-13 08:00:00-04:00,91.69992,91.899445,91.540306,91.851555,0.0
2023-09-13 09:00:00-04:00,91.73982,91.851555,91.62011,91.851555,0.0
2023-09-13 09:30:00-04:00,91.5323257446289,92.0670394897461,90.9098129272461,91.26895141601562,462382.0
2023-09-13 10:30:00-04:00,91.28491973876953,91.5961685180664,91.27693176269531,91.5751724243164,310404.0
2023-09-13 11:30:00-04:00,91.5961685180664,91.62808990478516,91.19712829589844,91.39664459228516,219900.0
2023-09-13 12:30:00-04:00,91.39664459228516,91.43655395507812,90.92179107666016,91.02154541015625,242863.0
2023-09-13 13:30:00-04:00,91.03751373291016,91.04549407958984,90.2314453125,90.39904022216797,268556.0
2023-09-13 14:30:00-04:00,90.39617156982422,90.44692993164062,89.89624786376953,90.30326843261719,365521.0
2023-09-13 15:30:00-04:00,90.30326843261719,90.76216888427734,90.30326843261719,90.66240692138672,506189.0
2023-09-13 16:00:00-04:00,90.66241,90.82203,90.5826,90.72626,0.0
2023-09-13 17:00:00-04:00,90.70232,90.90159,90.58452,90.614525,0.0
2023-09-13 18:00:00-04:00,90.80607,90.82203,90.5826,90.5826,0.0
2023-09-13 19:00:00-04:00,90.5826,90.82203,90.5826,90.80607,0.0
2023-09-14 04:00:00-04:00,90.686356,90.686356,90.59058,90.59058,0.0
2023-09-14 05:00:00-04:00,,,,,
2023-09-14 06:00:00-04:00,,,,,
2023-09-14 07:00:00-04:00,90.90183,91.10136,90.67039,90.98164,0.0
2023-09-14 08:00:00-04:00,90.94174,91.32482,90.67039,90.98164,0.0
2023-09-14 09:00:00-04:00,90.98164,91.18117,90.66241,91.10136,0.0
2023-09-14 09:30:00-04:00,91.27693176269531,91.96328735351562,91.23703002929688,91.58818817138672,477120.0
2023-09-14 10:30:00-04:00,91.5961685180664,93.54349517822266,91.56424713134766,92.56185150146484,1873388.0
2023-09-14 11:30:00-04:00,92.56983184814453,92.56983184814453,91.94732666015625,92.3782958984375,490534.0
2023-09-14 12:30:00-04:00,92.37030792236328,92.72146606445312,92.3623275756836,92.41021728515625,464113.0
2023-09-14 13:30:00-04:00,92.42617797851562,92.45809936523438,92.10694122314453,92.10694122314453,230233.0
2023-09-14 14:30:00-04:00,92.09896087646484,92.25858306884766,91.98722839355469,92.0071792602539,324636.0
2023-09-14 15:30:00-04:00,91.99520874023438,92.3782958984375,91.85155487060547,92.2905044555664,675043.0
2023-09-14 16:00:00-04:00,92.298485,92.53791,91.81165,92.378296,0.0
2023-09-14 17:00:00-04:00,92.53791,95.70556,91.93935,91.93935,0.0
2023-09-14 18:00:00-04:00,91.93935,92.378296,91.93935,92.378296,0.0
2023-09-14 19:00:00-04:00,92.33839,92.378296,91.93935,92.37031,0.0
2023-09-15 04:00:00-04:00,92.498,92.498,91.71588,92.05906,0.0
2023-09-15 05:00:00-04:00,92.4182,92.4182,92.298485,92.298485,0.0
2023-09-15 06:00:00-04:00,,,,,
2023-09-15 07:00:00-04:00,92.298485,92.378296,92.25858,92.25858,0.0
2023-09-15 08:00:00-04:00,92.298485,92.617714,89.68076,92.298485,0.0
2023-09-15 09:00:00-04:00,92.226654,92.57781,92.01916,92.57781,0.0
2023-09-15 09:30:00-04:00,92.11492156982422,92.50598907470703,91.5403060913086,91.93934631347656,1345849.0
2023-09-15 10:30:00-04:00,91.93934631347656,92.0670394897461,91.67597961425781,91.77973175048828,436660.0
2023-09-15 11:30:00-04:00,91.76376342773438,91.77973175048828,91.1412582397461,91.34477233886719,362081.0
2023-09-15 12:30:00-04:00,91.34860229492188,91.79569244384766,91.33280181884766,91.5961685180664,284101.0
2023-09-15 13:30:00-04:00,91.60813903808594,92.09896087646484,91.516357421875,91.96328735351562,364979.0
2023-09-15 14:30:00-04:00,91.97126770019531,92.1747817993164,91.88347625732422,92.0311279296875,394722.0
2023-09-15 15:30:00-04:00,92.03511810302734,92.22665405273438,91.59648895263672,92.16281127929688,1061598.0
2023-09-15 16:00:00-04:00,92.17079,92.27454,92.01117,92.16281,0.0
2023-09-15 17:00:00-04:00,92.16281,92.242615,92.16281,92.17877,0.0
2023-09-15 18:00:00-04:00,92.22985,92.22985,91.79569,92.17079,0.0
2023-09-15 19:00:00-04:00,92.17877,92.17877,92.17079,92.17079,0.0
2023-09-18 04:00:00-04:00,93.43176,93.43176,91.69992,91.69992,0.0
2023-09-18 05:00:00-04:00,92.17877,92.27454,92.17877,92.27454,0.0
2023-09-18 06:00:00-04:00,,,,,
2023-09-18 07:00:00-04:00,91.99521,92.17877,91.97925,92.17478,0.0
2023-09-18 08:00:00-04:00,92.1229,92.290504,91.7079,92.17079,0.0
2023-09-18 09:00:00-04:00,91.99521,92.13887,91.99521,92.05906,0.0
2023-09-18 09:30:00-04:00,92.40223693847656,93.24421691894531,91.71588134765625,93.0845947265625,653659.0
2023-09-18 10:30:00-04:00,93.09058380126953,93.51556396484375,93.07262420654297,93.45570373535156,576502.0
2023-09-18 11:30:00-04:00,93.47166442871094,93.718994140625,93.367919921875,93.67118835449219,378342.0
2023-09-18 12:30:00-04:00,93.67916870117188,93.71109008789062,93.4317626953125,93.4317626953125,215468.0
2023-09-18 13:30:00-04:00,93.4317626953125,93.53551483154297,93.2003173828125,93.35594940185547,236868.0
2023-09-18 14:30:00-04:00,93.3439712524414,93.40782165527344,93.09656524658203,93.2003173828125,347573.0
2023-09-18 15:30:00-04:00,93.2003173828125,93.2003173828125,92.98084259033203,93.01676177978516,539828.0
2023-09-18 16:00:00-04:00,93.03272,93.17638,93.02474,93.096565,0.0
2023-09-18 17:00:00-04:00,93.072624,93.120514,93.03272,93.120514,0.0
2023-09-18 18:00:00-04:00,93.120514,93.120514,93.03272,93.05666,0.0
2023-09-18 19:00:00-04:00,93.120514,93.120514,93.03272,93.080605,0.0
2023-09-19 04:00:00-04:00,93.088585,93.088585,93.088585,93.088585,0.0
2023-09-19 05:00:00-04:00,93.4557,93.4557,93.4557,93.4557,0.0
2023-09-19 06:00:00-04:00,,,,,
2023-09-19 07:00:00-04:00,93.104546,93.17638,93.064644,93.17638,0.0
2023-09-19 08:00:00-04:00,93.25619,94.17398,93.096565,93.17638,0.0
2023-09-19 09:00:00-04:00,93.144455,93.17638,92.73743,92.73743,0.0
2023-09-19 09:30:00-04:00,92.5937728881836,93.12051391601562,92.3782958984375,92.79329681396484,388581.0
2023-09-19 10:30:00-04:00,92.77733612060547,93.06464385986328,92.58978271484375,92.99129486083984,305771.0
2023-09-19 11:30:00-04:00,92.9928207397461,93.00878143310547,92.39425659179688,92.39433288574219,296383.0
2023-09-19 12:30:00-04:00,92.40223693847656,92.40223693847656,91.95530700683594,92.10694122314453,310379.0
2023-09-19 13:30:00-04:00,92.1229019165039,92.55387115478516,92.1229019165039,92.41819763183594,420841.0
2023-09-19 14:30:00-04:00,92.45011901855469,92.83319854736328,92.2984848022461,92.45809936523438,343123.0
2023-09-19 15:30:00-04:00,92.45809936523438,92.79329681396484,92.442138671875,92.7374267578125,466507.0
2023-09-19 16:00:00-04:00,92.745415,92.761375,92.42618,92.753395,0.0
2023-09-19 17:00:00-04:00,92.745415,92.745415,92.42618,92.42618,0.0
2023-09-19 18:00:00-04:00,92.745415,92.748604,92.73743,92.745415,0.0
2023-09-19 19:00:00-04:00,92.498,92.745415,92.47406,92.738144,0.0
2023-09-20 04:00:00-04:00,92.57781,92.57781,92.57781,92.57781,0.0
2023-09-20 05:00:00-04:00,92.57781,93.152435,92.57781,93.152435,0.0
2023-09-20 06:00:00-04:00,,,,,
2023-09-20 07:00:00-04:00,92.82522,93.17638,92.7933,92.80926,0.0
2023-09-20 08:00:00-04:00,92.80128,93.31205,89.88827,93.168396,0.0
2023-09-20 09:00:00-04:00,92.85714,93.30407,92.78532,92.86512,0.0
2023-09-20 09:30:00-04:00,93.00080108642578,93.91061401367188,93.00080108642578,93.64325714111328,457309.0
2023-09-20 10:30:00-04:00,93.64724731445312,93.72705841064453,93.14445495605469,93.20829772949219,307254.0
2023-09-20 11:30:00-04:00,93.2003173828125,93.367919921875,93.14445495605469,93.2801284790039,207458.0
2023-09-20 12:30:00-04:00,93.2881088256836,93.3439712524414,92.98483276367188,93.252197265625,475802.0
2023-09-20 13:30:00-04:00,93.24820709228516,93.252197265625,92.72146606445312,92.93695068359375,991026.0
2023-09-20 14:30:00-04:00,92.94493103027344,93.27134704589844,92.28252410888672,92.2984848022461,514973.0
2023-09-20 15:30:00-04:00,92.30646514892578,92.32242584228516,91.63607025146484,91.66001892089844,628319.0
2023-09-20 16:00:00-04:00,91.66002,92.56983,91.62011,91.62011,0.0
2023-09-20 17:00:00-04:00,91.66002,91.66002,91.52434,91.63607,0.0
2023-09-20 18:00:00-04:00,91.63607,91.66002,91.62011,91.66002,0.0
2023-09-20 19:00:00-04:00,91.54829,91.66002,91.41261,91.65204,0.0
2023-09-21 04:00:00-04:00,91.029526,91.029526,91.029526,91.029526,0.0
2023-09-21 05:00:00-04:00,91.14126,91.14924,90.94174,90.98164,0.0
2023-09-21 06:00:00-04:00,90.86193,90.98164,90.7901,90.7901,0.0
2023-09-21 07:00:00-04:00,90.98164,90.98164,90.686356,90.78212,0.0
2023-09-21 08:00:00-04:00,90.694336,90.78212,90.622505,90.67039,0.0
2023-09-21 09:00:00-04:00,90.67039,90.74222,90.45491,90.55866,0.0
2023-09-21 09:30:00-04:00,90.94174194335938,90.94174194335938,89.43335723876953,90.27134704589844,853564.0
2023-09-21 10:30:00-04:00,90.25538635253906,90.54269409179688,90.10375213623047,90.29129791259766,554027.0
2023-09-21 11:30:00-04:00,90.28730773925781,91.2490005493164,90.26384735107422,91.06145477294922,491280.0
2023-09-21 12:30:00-04:00,91.0774154663086,91.14923858642578,90.71827697753906,90.8699951171875,311805.0
2023-09-21 13:30:00-04:00,90.86991119384766,90.9896240234375,90.57861328125,90.79808807373047,274449.0
2023-09-21 14:30:00-04:00,90.79010009765625,90.89385223388672,90.53471374511719,90.55866241455078,550147.0
2023-09-21 15:30:00-04:00,90.5506820678711,90.55866241455078,90.12769317626953,90.16759490966797,943196.0
2023-09-21 16:00:00-04:00,90.151634,90.42709,89.86433,89.95212,0.0
2023-09-21 17:00:00-04:00,90.0,90.13567,89.95212,90.13567,0.0
2023-09-21 18:00:00-04:00,90.07183,90.5826,90.07183,90.143654,0.0
2023-09-21 19:00:00-04:00,90.143654,90.5826,90.143654,90.26337,0.0
2023-09-22 04:00:00-04:00,89.50519,89.50519,89.50519,89.50519,0.0
2023-09-22 05:00:00-04:00,,,,,
2023-09-22 06:00:00-04:00,90.175575,90.18356,90.02394,90.02394,0.0
2023-09-22 07:00:00-04:00,90.159615,90.34318,90.08779,90.18356,0.0
2023-09-22 08:00:00-04:00,90.34318,90.618515,89.54908,90.42298,0.0
2023-09-22 09:00:00-04:00,90.239426,90.49481,90.10375,90.10375,0.0
2023-09-22 09:30:00-04:00,90.10375213623047,90.34317779541016,89.8563461303711,90.18356323242188,651854.0
2023-09-22 10:30:00-04:00,90.17557525634766,90.30326843261719,90.02394104003906,90.21548461914062,329139.0
2023-09-22 11:30:00-04:00,90.17557525634766,90.22346496582031,89.60894012451172,89.77653503417969,289771.0
2023-09-22 12:30:00-04:00,89.78052520751953,89.96009826660156,89.56903076171875,89.69673156738281,367824.0
2023-09-22 13:30:00-04:00,89.6887435913086,89.69673156738281,89.24980163574219,89.31364440917969,416349.0
2023-09-22 14:30:00-04:00,89.32162475585938,89.36153411865234,88.9305648803711,89.20989990234375,1106218.0
2023-09-22 15:30:00-04:00,89.22985076904297,89.31364440917969,88.64325714111328,88.76296997070312,767195.0
2023-09-22 16:00:00-04:00,88.74701,89.6249,88.73105,88.86672,0.0
2023-09-22 17:00:00-04:00,88.73903,88.88268,88.7336,88.73903,0.0
2023-09-22 18:00:00-04:00,88.80287,88.88268,88.78691,88.87406,0.0
2023-09-22 19:00:00-04:00,88.86672,88.86672,88.73105,88.73105,0.0
2023-09-25 04:00:00-04:00,87.01517,88.78691,87.01517,88.78691,0.0
2023-09-25 05:00:00-04:00,88.6672,88.74701,88.6672,88.74701,0.0
2023-09-25 06:00:00-04:00,88.74701,88.74701,88.45171,88.45171,0.0
2023-09-25 07:00:00-04:00,88.58739,88.58739,88.50758,88.547485,0.0
2023-09-25 08:00:00-04:00,88.49162,88.922585,88.22027,88.34796,0.0
2023-09-25 09:00:00-04:00,88.42777,88.65922,88.18835,88.31604,0.0
2023-09-25 09:30:00-04:00,88.36392974853516,89.17398071289062,88.29209899902344,88.73726654052734,717196.0
2023-09-25 10:30:00-04:00,88.76296997070312,89.33759307861328,88.64030456542969,89.12210845947266,615268.0
2023-09-25 11:30:00-04:00,89.14604949951172,89.24980163574219,89.02633666992188,89.07421875,299909.0
2023-09-25 12:30:00-04:00,89.06623840332031,89.14604949951172,88.94652557373047,89.06623840332031,202736.0
2023-09-25 13:30:00-04:00,89.07421875,89.35355377197266,89.02633666992188,89.07421875,244628.0
2023-09-25 14:30:00-04:00,89.07421875,89.2138900756836,88.82681274414062,89.08219909667969,349799.0
2023-09-25 15:30:00-04:00,89.08219909667969,89.26576232910156,88.97047424316406,89.1540298461914,682299.0
2023-09-25 16:00:00-04:00,89.15403,89.35355,88.68316,89.33759,0.0
2023-09-25 17:00:00-04:00,89.16201,89.44134,89.16201,89.44134,0.0
2023-09-25 18:00:00-04:00,89.16201,89.59298,89.16201,89.32961,0.0
2023-09-25 19:00:00-04:00,89.34557,89.74461,88.76297,89.377495,0.0
2023-09-26 04:00:00-04:00,88.76297,88.76297,88.76297,88.76297,0.0
2023-09-26 05:00:00-04:00,,,,,
2023-09-26 06:00:00-04:00,88.85874,88.85874,88.85874,88.85874,0.0
2023-09-26 07:00:00-04:00,88.77095,88.86672,88.69114,88.86672,0.0
2023-09-26 08:00:00-04:00,88.89066,88.98635,88.67518,88.938545,0.0
2023-09-26 09:00:00-04:00,88.75499,89.16201,88.57941,88.58739,0.0
2023-09-26 09:30:00-04:00,88.58738708496094,89.33759307861328,88.2530746459961,88.61931610107422,626164.0
2023-09-26 10:30:00-04:00,88.61532592773438,88.61931610107422,87.89305877685547,87.89305877685547,686629.0
2023-09-26 11:30:00-04:00,87.905029296875,87.96488189697266,87.59776306152344,87.8691177368164,835160.0
2023-09-26 12:30:00-04:00,87.8770980834961,88.32402038574219,87.78132629394531,88.0845947265625,413806.0
2023-09-26 13:30:00-04:00,88.06065368652344,88.15642547607422,87.75738525390625,87.76536560058594,309870.0
2023-09-26 14:30:00-04:00,87.75738525390625,87.91899108886719,87.58978271484375,87.77039337158203,411630.0
2023-09-26 15:30:00-04:00,87.789306640625,87.98084259033203,87.71668243408203,87.74940490722656,755461.0
2023-09-26 16:00:00-04:00,87.73344,88.41006,87.718834,87.78931,0.0
2023-09-26 17:00:00-04:00,87.78931,87.81325,87.72546,87.72546,0.0
2023-09-26 18:00:00-04:00,87.73344,87.81325,87.72546,87.73344,0.0
2023-09-26 19:00:00-04:00,87.81325,87.84517,87.749405,87.84517,0.0
2023-09-27 04:00:00-04:00,,,,,
2023-09-27 05:00:00-04:00,88.50758,88.50758,87.94892,87.94892,0.0
2023-09-27 06:00:00-04:00,,,,,
2023-09-27 07:00:00-04:00,87.94892,87.94892,87.78931,87.93296,0.0
2023-09-27 08:00:00-04:00,87.86912,87.94892,87.749405,87.94892,0.0
2023-09-27 09:00:00-04:00,87.90902,87.94892,87.749405,87.94892,0.0
2023-09-27 09:30:00-04:00,88.29209899902344,88.81883239746094,88.15642547607422,88.73104858398438,846544.0
2023-09-27 10:30:00-04:00,88.70709991455078,89.07421875,88.45171356201172,88.89066314697266,890339.0
2023-09-27 11:30:00-04:00,88.88268280029297,88.9305648803711,88.3160400390625,88.4676742553711,365943.0
2023-09-27 12:30:00-04:00,88.47566223144531,88.73902893066406,88.06065368652344,88.14844512939453,370132.0
2023-09-27 13:30:00-04:00,88.13248443603516,88.24022674560547,87.90901947021484,88.10454559326172,289218.0
2023-09-27 14:30:00-04:00,88.11652374267578,88.73902893066406,88.11652374267578,88.55626678466797,491916.0
2023-09-27 15:30:00-04:00,88.56344604492188,88.65921783447266,88.24421691894531,88.49162292480469,835888.0
2023-09-27 16:00:00-04:00,88.4996,88.986435,88.148445,88.84278,0.0
2023-09-27 17:00:00-04:00,88.954506,89.06624,88.906624,88.906624,0.0
2023-09-27 18:00:00-04:00,89.002396,89.06624,88.68316,88.906624,0.0
2023-09-27 19:00:00-04:00,88.906624,88.978455,88.7071,88.970474,0.0
2023-09-28 04:00:00-04:00,89.09817,89.09817,88.64326,89.09019,0.0
2023-09-28 05:00:00-04:00,88.938545,88.938545,88.78691,88.78691,0.0
2023-09-28 06:00:00-04:00,88.88268,88.930565,88.78691,88.78691,0.0
2023-09-28 07:00:00-04:00,88.81085,88.84278,88.78691,88.78691,0.0
2023-09-28 08:00:00-04:00,88.78691,88.946526,88.74701,88.906624,0.0
2023-09-28 09:00:00-04:00,88.938545,89.385475,88.4996,88.58739,0.0
2023-09-28 09:30:00-04:00,88.6352767944336,89.41739654541016,88.45171356201172,88.9225845336914,786950.0
2023-09-28 10:30:00-04:00,88.94652557373047,89.5091781616211,88.82681274414062,89.5091781616211,828726.0
2023-09-28 11:30:00-04:00,89.50518798828125,89.99201965332031,89.50518798828125,89.92417907714844,460511.0
2023-09-28 12:30:00-04:00,89.96807861328125,89.98196411132812,89.57701873779297,89.59297943115234,217214.0
2023-09-28 13:30:00-04:00,89.59297943115234,89.8204345703125,89.42537689208984,89.80047607421875,260105.0
2023-09-28 14:30:00-04:00,89.81643676757812,90.17158508300781,89.43734741210938,90.11971282958984,399361.0
2023-09-28 15:30:00-04:00,90.12769317626953,90.13567352294922,89.52513885498047,89.64884185791016,635171.0
2023-09-28 16:00:00-04:00,89.64884,90.0399,89.53711,89.784515,0.0
2023-09-28 17:00:00-04:00,88.4996,89.784515,88.4996,89.6249,0.0
2023-09-28 18:00:00-04:00,90.0399,90.0399,89.6648,90.03192,0.0
2023-09-28 19:00:00-04:00,89.760574,95.70557,89.67278,89.824425,0.0
2023-09-29 04:00:00-04:00,90.5826,90.5826,90.5826,90.5826,0.0
2023-09-29 05:00:00-04:00,89.87231,90.18356,89.87231,90.18356,0.0
2023-09-29 06:00:00-04:00,90.18356,90.18356,90.18356,90.18356,0.0
2023-09-29 07:00:00-04:00,90.18356,90.32722,89.98404,90.03192,0.0
2023-09-29 08:00:00-04:00,90.03192,93.28013,89.72067,90.02394,0.0
2023-09-29 09:00:00-04:00,90.03192,90.18356,89.87231,90.02394,0.0
2023-09-29 09:30:00-04:00,89.88826751708984,89.98403930664062,88.49162292480469,88.70709991455078,723125.0
2023-09-29 10:30:00-04:00,88.71907043457031,89.08219909667969,88.53950500488281,88.81883239746094,355117.0
2023-09-29 11:30:00-04:00,88.82282257080078,88.87071228027344,88.1723861694336,88.21228790283203,238900.0
2023-09-29 12:30:00-04:00,88.18834686279297,88.27812957763672,87.75738525390625,87.97685241699219,333923.0
2023-09-29 13:30:00-04:00,87.97286224365234,88.12130737304688,87.71747589111328,88.00479125976562,305159.0
2023-09-29 14:30:00-04:00,88.00878143310547,88.65123748779297,87.8771743774414,88.29209899902344,384209.0
2023-09-29 15:30:00-04:00,88.27055358886719,88.50758361816406,88.05267333984375,88.23623657226562,566858.0
2023-09-29 16:00:00-04:00,88.24422,88.57941,88.19633,88.22825,0.0
2023-09-29 17:00:00-04:00,88.22825,88.57143,88.02873,88.02873,0.0
2023-09-29 18:00:00-04:00,88.26018,88.26018,88.18037,88.18835,0.0
2023-09-29 19:00:00-04:00,88.03671,88.22027,88.02873,88.22027,0.0
2023-10-02 04:00:00-04:00,88.22027,88.22825,88.148445,88.22825,0.0
2023-10-02 05:00:00-04:00,88.22825,88.22825,88.22027,88.22825,0.0
2023-10-02 06:00:00-04:00,,,,,
2023-10-02 07:00:00-04:00,88.18835,88.332,87.98084,87.98084,0.0
2023-10-02 08:00:00-04:00,87.99681,88.57143,87.59776,88.140465,0.0
2023-10-02 09:00:00-04:00,88.34796,88.34796,87.78931,87.86912,0.0
2023-10-02 09:30:00-04:00,88.14844512939453,88.74700927734375,86.863525390625,87.1747817993164,793137.0
2023-10-02 10:30:00-04:00,87.14286041259766,87.6217041015625,87.03495788574219,87.557861328125,401456.0
2023-10-02 11:30:00-04:00,87.57382202148438,87.6376724243164,86.27294158935547,86.73583221435547,546253.0
2023-10-02 12:30:00-04:00,86.72785186767578,86.86200714111328,86.31285095214844,86.77574157714844,505361.0
2023-10-02 13:30:00-04:00,86.78372192382812,86.94732666015625,86.57621765136719,86.61611938476562,358212.0
2023-10-02 14:30:00-04:00,86.61611938476562,86.7198715209961,86.36073303222656,86.5682373046875,439853.0
2023-10-02 15:30:00-04:00,86.56025695800781,86.91939544677734,86.46448516845703,86.81564331054688,693831.0
2023-10-02 16:00:00-04:00,86.88348,86.88348,86.75179,86.839584,0.0
2023-10-02 17:00:00-04:00,86.75977,86.839584,86.528336,86.75977,0.0
2023-10-02 18:00:00-04:00,86.75977,86.839584,86.56026,86.839584,0.0
2023-10-02 19:00:00-04:00,86.831604,86.839584,86.71987,86.71987,0.0
2023-10-03 04:00:00-04:00,,,,,
2023-10-03 05:00:00-04:00,86.9992,87.246605,86.99122,86.99122,0.0
2023-10-03 06:00:00-04:00,,,,,
2023-10-03 07:00:00-04:00,86.98324,86.99122,86.56026,86.56026,0.0
2023-10-03 08:00:00-04:00,86.464485,86.512535,86.249,86.40862,0.0
2023-10-03 09:00:00-04:00,86.42458,86.82362,86.12929,86.19314,0.0
2023-10-03 09:30:00-04:00,86.44054412841797,87.78132629394531,86.08140563964844,86.46448516845703,900335.0
2023-10-03 10:30:00-04:00,86.45650482177734,86.45650482177734,85.47486114501953,85.84996032714844,2292215.0
2023-10-03 11:30:00-04:00,85.81803894042969,86.1931381225586,85.4269790649414,86.17318725585938,464282.0
2023-10-03 12:30:00-04:00,86.16919708251953,86.21699523925781,85.79808807373047,85.88986206054688,310054.0
2023-10-03 13:30:00-04:00,85.89784240722656,86.07342529296875,85.4269790649414,85.4988021850586,347071.0
2023-10-03 14:30:00-04:00,85.4908218383789,86.00957489013672,85.45092010498047,85.91380310058594,688678.0
2023-10-03 15:30:00-04:00,85.92179107666016,86.04948425292969,85.77812957763672,86.0255355834961,974916.0
2023-10-03 16:00:00-04:00,86.001595,86.09737,85.41899,86.033516,0.0
2023-10-03 17:00:00-04:00,85.594574,86.089386,85.47486,85.95371,0.0
2023-10-03 18:00:00-04:00,85.47486,85.95371,85.47486,85.95371,0.0
2023-10-03 19:00:00-04:00,85.47486,86.001595,85.41899,85.78611,0.0
2023-10-04 04:00:00-04:00,,,,,
2023-10-04 05:00:00-04:00,,,,,
2023-10-04 06:00:00-04:00,86.001595,86.001595,86.001595,86.001595,0.0
2023-10-04 07:00:00-04:00,86.009575,86.28891,85.88188,86.025536,0.0
2023-10-04 08:00:00-04:00,86.073425,86.63208,85.27534,86.001595,0.0
2023-10-04 09:00:00-04:00,86.15323,86.71189,86.001595,86.25698,0.0
2023-10-04 09:30:00-04:00,86.16919708251953,86.50438690185547,85.71428680419922,85.93775177001953,728927.0
2023-10-04 10:30:00-04:00,85.88986206054688,86.80766296386719,85.68236541748047,86.55227661132812,546043.0
2023-10-04 11:30:00-04:00,86.54508972167969,87.07102966308594,86.32881164550781,87.04708862304688,286082.0
2023-10-04 12:30:00-04:00,87.06304931640625,87.15882110595703,86.47246551513672,86.60015869140625,302154.0
2023-10-04 13:30:00-04:00,86.58419799804688,86.64405059814453,86.05746459960938,86.23248291015625,367994.0
2023-10-04 14:30:00-04:00,86.24102020263672,86.92737579345703,86.23303985595703,86.87150573730469,282929.0
2023-10-04 15:30:00-04:00,86.87948608398438,87.094970703125,86.72785186767578,86.87150573730469,744553.0
2023-10-04 16:00:00-04:00,86.871506,86.871506,86.35275,86.59218,0.0
2023-10-04 17:00:00-04:00,86.51237,86.855545,86.51237,86.59218,0.0
2023-10-04 18:00:00-04:00,86.839584,86.855545,86.52035,86.52035,0.0
2023-10-04 19:00:00-04:00,86.855545,86.855545,86.52035,86.52035,0.0
2023-10-05 04:00:00-04:00,86.871506,87.08699,86.871506,87.08699,0.0
2023-10-05 05:00:00-04:00,,,,,
2023-10-05 06:00:00-04:00,86.392654,86.392654,86.28093,86.36871,0.0
2023-10-05 07:00:00-04:00,86.63208,86.63208,86.528336,86.528336,0.0
2023-10-05 08:00:00-04:00,86.73583,86.935356,86.400635,86.879486,0.0
2023-10-05 09:00:00-04:00,86.57622,86.871506,86.32881,86.69593,0.0
2023-10-05 09:30:00-04:00,86.4884262084961,86.7198715209961,85.53870391845703,86.35275268554688,639579.0
2023-10-05 10:30:00-04:00,86.34477233886719,86.400634765625,86.0175552368164,86.16121673583984,428908.0
2023-10-05 11:30:00-04:00,86.15322875976562,86.5682373046875,85.99361419677734,86.51236724853516,442805.0
2023-10-05 12:30:00-04:00,86.51236724853516,86.5682373046875,86.21707916259766,86.5682373046875,265671.0
2023-10-05 13:30:00-04:00,86.5682373046875,87.10694122314453,86.46448516845703,86.79569244384766,404085.0
2023-10-05 14:30:00-04:00,86.81564331054688,87.03511810302734,86.66001892089844,86.80367279052734,717232.0
2023-10-05 15:30:00-04:00,86.81564331054688,86.91939544677734,86.69194030761719,86.76775360107422,503709.0
2023-10-05 16:00:00-04:00,86.76775,86.95132,85.7941,86.40862,0.0
2023-10-05 17:00:00-04:00,86.1692,86.94334,86.1692,86.75179,0.0
2023-10-05 18:00:00-04:00,86.75977,86.935356,86.31285,86.935356,0.0
2023-10-05 19:00:00-04:00,86.6241,86.6241,86.32083,86.37669,0.0
2023-10-06 04:00:00-04:00,86.60016,86.60016,86.59218,86.59218,0.0
2023-10-06 05:00:00-04:00,,,,,
2023-10-06 06:00:00-04:00,86.60016,86.911415,86.60016,86.911415,0.0
2023-10-06 07:00:00-04:00,86.879486,86.927376,86.855545,86.88747,0.0
2023-10-06 08:00:00-04:00,86.863525,87.78931,86.40862,86.40862,0.0
2023-10-06 09:00:00-04:00,86.19314,86.95132,85.7941,86.19314,0.0
2023-10-06 09:30:00-04:00,86.47246551513672,86.91141510009766,86.15331268310547,86.72785186767578,423474.0
2023-10-06 10:30:00-04:00,86.77574157714844,87.61372375488281,86.62409973144531,87.61372375488281,521897.0
2023-10-06 11:30:00-04:00,87.61771392822266,88.75498962402344,87.61771392822266,88.45570373535156,513308.0
2023-10-06 12:30:00-04:00,88.4676742553711,88.99441528320312,88.28411865234375,88.90662384033203,412328.0
2023-10-06 13:30:00-04:00,88.89066314697266,89.05027770996094,88.75498962402344,89.03431701660156,338607.0
2023-10-06 14:30:00-04:00,89.03431701660156,89.3056640625,88.96248626708984,89.20191192626953,365788.0
2023-10-06 15:30:00-04:00,89.19393157958984,89.24980163574219,88.9305648803711,88.97845458984375,863216.0
2023-10-06 16:00:00-04:00,88.96249,89.05028,88.59537,88.986435,0.0
2023-10-06 17:00:00-04:00,88.88268,89.06624,88.8747,88.96249,0.0
2023-10-06 18:00:00-04:00,89.06624,89.06624,88.96249,89.06624,0.0
2023-10-06 19:00:00-04:00,89.010376,89.02634,89.010376,89.010376,0.0
2023-10-09 04:00:00-04:00,87.81325,88.26018,87.81325,87.96488,0.0
2023-10-09 05:00:00-04:00,87.98883,88.42777,87.98883,88.42777,0.0
2023-10-09 06:00:00-04:00,88.37191,88.37191,88.33998,88.33998,0.0
2023-10-09 07:00:00-04:00,88.467674,88.72307,88.19633,88.19633,0.0
2023-10-09 08:00:00-04:00,88.28412,88.75499,87.97286,88.547485,0.0
2023-10-09 09:00:00-04:00,88.26018,88.555466,88.132484,88.555466,0.0
2023-10-09 09:30:00-04:00,88.59536743164062,88.6991195678711,87.57382202148438,87.89704895019531,636702.0
2023-10-09 10:30:00-04:00,87.90901947021484,88.01277160644531,87.42218780517578,87.97294616699219,326165.0
2023-10-09 11:30:00-04:00,87.98084259033203,88.252197265625,87.82122802734375,88.1723861694336,225046.0
2023-10-09 12:30:00-04:00,88.1723861694336,88.18834686279297,87.6376724243164,87.77334594726562,348975.0
2023-10-09 13:30:00-04:00,87.78132629394531,88.0845947265625,87.7094955444336,88.05267333984375,475442.0
2023-10-09 14:30:00-04:00,88.0845947265625,88.30805969238281,87.97685241699219,88.1644058227539,346700.0
2023-10-09 15:30:00-04:00,88.15642547607422,88.1644058227539,87.90103912353516,88.00479125976562,722563.0
2023-10-09 16:00:00-04:00,87.99681,88.539505,86.26097,88.100555,0.0
2023-10-09 17:00:00-04:00,88.092575,88.092575,87.78133,87.83719,0.0
2023-10-09 18:00:00-04:00,87.78133,88.11652,87.74142,87.749405,0.0
2023-10-09 19:00:00-04:00,87.84517,88.11652,87.749405,88.108536,0.0
2023-10-10 04:00:00-04:00,87.709496,87.709496,87.709496,87.709496,0.0
2023-10-10 05:00:00-04:00,,,,,
2023-10-10 06:00:00-04:00,88.04469,88.068634,88.02873,88.068634,0.0
2023-10-10 07:00:00-04:00,88.092575,88.132484,88.03671,88.03671,0.0
2023-10-10 08:00:00-04:00,88.108536,88.37989,88.084595,88.19633,0.0
2023-10-10 09:00:00-04:00,88.23624,88.38787,87.99681,88.23624,0.0
2023-10-10 09:30:00-04:00,88.75498962402344,89.57701873779297,88.4676742553711,89.45730590820312,579526.0
2023-10-10 10:30:00-04:00,89.44142150878906,90.11173248291016,89.3056640625,89.92210388183594,369493.0
2023-10-10 11:30:00-04:00,89.9122085571289,90.17557525634766,89.81643676757812,89.88826751708984,309564.0
2023-10-10 12:30:00-04:00,89.90023803710938,89.90023803710938,88.97047424316406,89.10614776611328,462793.0
2023-10-10 13:30:00-04:00,89.0981674194336,89.14205932617188,88.83080291748047,88.91061401367188,430801.0
2023-10-10 14:30:00-04:00,88.91460418701172,89.3056640625,88.89864349365234,89.00239562988281,645151.0
2023-10-10 15:30:00-04:00,89.00239562988281,89.1620101928711,88.91859436035156,88.97047424316406,804679.0
2023-10-10 16:00:00-04:00,88.970474,89.17797,88.8747,89.06624,0.0
2023-10-10 17:00:00-04:00,88.8747,89.784515,88.6273,89.16201,0.0
2023-10-10 18:00:00-04:00,89.16201,89.385475,88.75499,88.986435,0.0
2023-10-10 19:00:00-04:00,88.77893,88.986435,88.76297,88.78691,0.0
2023-10-11 04:00:00-04:00,89.48125,89.48125,88.88268,89.05028,0.0
2023-10-11 05:00:00-04:00,,,,,
2023-10-11 06:00:00-04:00,89.25778,89.49721,88.930565,89.27374,0.0
2023-10-11 07:00:00-04:00,89.28172,89.4174,89.06624,89.0822,0.0
2023-10-11 08:00:00-04:00,89.13807,89.4174,88.65922,89.22586,0.0
2023-10-11 09:00:00-04:00,89.385475,89.54509,89.22586,89.385475,0.0
2023-10-11 09:30:00-04:00,89.3854751586914,89.78451538085938,89.23384094238281,89.41739654541016,461900.0
2023-10-11 10:30:00-04:00,89.42138671875,89.82442474365234,89.34557342529297,89.36153411865234,293082.0
2023-10-11 11:30:00-04:00,89.36153411865234,89.65283203125,89.3296127319336,89.50518798828125,270222.0
2023-10-11 12:30:00-04:00,89.51316833496094,89.60894012451172,89.40143585205078,89.52912902832031,250537.0
2023-10-11 13:30:00-04:00,89.51316833496094,90.01995086669922,89.36951446533203,89.83240509033203,243662.0
2023-10-11 14:30:00-04:00,89.84453582763672,90.04788208007812,89.80047607421875,89.97605895996094,366199.0
2023-10-11 15:30:00-04:00,89.99201965332031,90.50279235839844,89.96807861328125,90.3750991821289,484880.0
2023-10-11 16:00:00-04:00,90.3751,90.638466,90.207504,90.40702,0.0
2023-10-11 17:00:00-04:00,90.55866,90.57462,90.39106,90.39106,0.0
2023-10-11 18:00:00-04:00,90.40702,90.42298,90.40702,90.42298,0.0
2023-10-11 19:00:00-04:00,90.43097,90.57462,90.42298,90.43097,0.0
2023-10-12 04:00:00-04:00,90.47087,90.47087,90.47087,90.47087,0.0
2023-10-12 05:00:00-04:00,90.66241,90.66241,90.57462,90.606544,0.0
2023-10-12 06:00:00-04:00,,,,,
2023-10-12 07:00:00-04:00,90.59058,90.694336,90.59058,90.67039,0.0
2023-10-12 08:00:00-04:00,90.686356,90.86193,90.56664,90.686356,0.0
2023-10-12 09:00:00-04:00,90.686356,90.76616,90.34318,90.74222,0.0
2023-10-12 09:30:00-04:00,90.58260345458984,90.77413940429688,89.72067260742188,89.97605895996094,584436.0
2023-10-12 10:30:00-04:00,89.95211791992188,90.11971282958984,89.60909271240234,89.92816925048828,216873.0
2023-10-12 11:30:00-04:00,89.90023803710938,90.11173248291016,89.78850555419922,90.0877914428711,218657.0
2023-10-12 12:30:00-04:00,90.08380126953125,90.12769317626953,88.9225845336914,88.9225845336914,345628.0
2023-10-12 13:30:00-04:00,88.90662384033203,88.95044708251953,88.3958511352539,88.85076141357422,356852.0
2023-10-12 14:30:00-04:00,88.84278106689453,89.36951446533203,88.76296997070312,89.03431701660156,372139.0
2023-10-12 15:30:00-04:00,89.02633666992188,89.13407897949219,88.80287170410156,88.85475158691406,551178.0
2023-10-12 16:00:00-04:00,88.85076,89.59298,88.603355,88.85874,0.0
2023-10-12 17:00:00-04:00,88.85874,88.906624,87.86912,88.22027,0.0
2023-10-12 18:00:00-04:00,89.05826,89.05826,88.22825,88.23624,0.0
2023-10-12 19:00:00-04:00,89.01836,89.01836,88.27614,88.85076,0.0
2023-10-13 04:00:00-04:00,88.84278,88.85076,88.84278,88.85076,0.0
2023-10-13 05:00:00-04:00,88.85874,88.85874,88.85874,88.85874,0.0
2023-10-13 06:00:00-04:00,88.85076,88.85076,88.85076,88.85076,0.0
2023-10-13 07:00:00-04:00,88.58739,89.02634,88.57941,89.02634,0.0
2023-10-13 08:00:00-04:00,89.002396,89.10615,88.49545,88.50758,0.0
2023-10-13 09:00:00-04:00,88.89864,89.26313,88.523544,89.26313,0.0
2023-10-13 09:30:00-04:00,88.82681274414062,88.96248626708984,87.54988098144531,87.67757415771484,633413.0
2023-10-13 10:30:00-04:00,87.68555450439453,87.8691177368164,86.98323822021484,87.31444549560547,472769.0
2023-10-13 11:30:00-04:00,87.30247497558594,87.7094955444336,87.13488006591797,87.70550537109375,282328.0
2023-10-13 12:30:00-04:00,87.71747589111328,87.76536560058594,87.07102966308594,87.15084075927734,282392.0
2023-10-13 13:30:00-04:00,87.10295104980469,87.34237670898438,86.85554504394531,86.93136596679688,289338.0
2023-10-13 14:30:00-04:00,86.9513168334961,87.38228607177734,86.71995544433594,87.27055358886719,471022.0
2023-10-13 15:30:00-04:00,87.27055358886719,87.3543472290039,87.02314758300781,87.29449462890625,561663.0
2023-10-13 16:00:00-04:00,87.294495,87.326416,87.01517,87.294495,0.0
2023-10-13 17:00:00-04:00,87.2067,87.294495,87.2067,87.278534,0.0
2023-10-13 18:00:00-04:00,87.278534,87.294495,87.238625,87.278534,0.0
2023-10-13 19:00:00-04:00,87.27055,87.294495,87.00718,87.294495,0.0
2023-10-16 04:00:00-04:00,87.15084,87.222664,87.15084,87.222664,0.0
2023-10-16 05:00:00-04:00,,,,,
2023-10-16 06:00:00-04:00,87.47805,87.47805,87.47805,87.47805,0.0
2023-10-16 07:00:00-04:00,87.50998,88.30008,87.50998,87.53392,0.0
2023-10-16 08:00:00-04:00,87.88508,88.20431,87.47007,87.73344,0.0
2023-10-16 09:00:00-04:00,87.55786,87.8771,87.5419,87.5419,0.0
2023-10-16 09:30:00-04:00,87.7015151977539,88.14844512939453,87.45730590820312,88.14844512939453,562220.0
2023-10-16 10:30:00-04:00,88.1723861694336,88.524658203125,88.06863403320312,88.252197265625,402677.0
2023-10-16 11:30:00-04:00,88.26017761230469,88.27613830566406,87.80526733398438,87.84516906738281,254285.0
2023-10-16 12:30:00-04:00,87.8531494140625,87.89305877685547,87.12689208984375,87.33439636230469,300810.0
2023-10-16 13:30:00-04:00,87.34237670898438,87.44612884521484,86.24102020263672,86.2569808959961,957780.0
2023-10-16 14:30:00-04:00,86.26496124267578,87.02314758300781,86.18507385253906,87.0014419555664,684727.0
2023-10-16 15:30:00-04:00,87.01516723632812,87.24261474609375,86.97126770019531,87.07102966308594,763281.0
2023-10-16 16:00:00-04:00,87.10295,89.68874,86.88747,87.01517,0.0
2023-10-16 17:00:00-04:00,87.01517,87.13488,87.00263,87.13488,0.0
2023-10-16 18:00:00-04:00,87.11093,87.246605,86.75179,86.75179,0.0
2023-10-16 19:00:00-04:00,86.75179,86.9992,86.75179,86.9992,0.0
2023-10-17 04:00:00-04:00,86.60016,86.60016,86.60016,86.60016,0.0
2023-10-17 05:00:00-04:00,86.94334,86.94334,86.94334,86.94334,0.0
2023-10-17 06:00:00-04:00,,,,,
2023-10-17 07:00:00-04:00,86.67199,86.94334,86.67199,86.73583,0.0
2023-10-17 08:00:00-04:00,86.855545,86.95132,86.59218,86.855545,0.0
2023-10-17 09:00:00-04:00,86.75179,86.855545,86.57622,86.855545,0.0
2023-10-17 09:30:00-04:00,86.79170227050781,87.3822021484375,86.24102020263672,87.18507385253906,787113.0
2023-10-17 10:30:00-04:00,87.1747817993164,87.64964294433594,87.15483093261719,87.54197692871094,435339.0
2023-10-17 11:30:00-04:00,87.54190063476562,88.30007934570312,87.50598907470703,88.29209899902344,361719.0
2023-10-17 12:30:00-04:00,88.30805969238281,88.33998107910156,87.73343658447266,87.8691177368164,320802.0
2023-10-17 13:30:00-04:00,87.8691177368164,87.8691177368164,87.60574340820312,87.82920837402344,372863.0
2023-10-17 14:30:00-04:00,87.80925750732422,87.9409408569336,87.58978271484375,87.66161346435547,377078.0
2023-10-17 15:30:00-04:00,87.66560363769531,87.80526733398438,87.50279235839844,87.79728698730469,724595.0
2023-10-17 16:00:00-04:00,87.80527,87.84517,87.502,87.502,0.0
2023-10-17 17:00:00-04:00,87.52594,87.709496,87.3743,87.3743,0.0
2023-10-17 18:00:00-04:00,87.701515,88.02873,87.54988,87.56425,0.0
2023-10-17 19:00:00-04:00,87.78931,87.78931,87.78931,87.78931,0.0
2023-10-18 04:00:00-04:00,87.701515,87.99681,87.701515,87.99681,0.0
2023-10-18 05:00:00-04:00,,,,,
2023-10-18 06:00:00-04:00,87.78931,87.78931,87.74142,87.74142,0.0
2023-10-18 07:00:00-04:00,87.15882,87.15882,87.05507,87.05507,0.0
2023-10-18 08:00:00-04:00,87.17478,88.18835,86.895454,86.895454,0.0
2023-10-18 09:00:00-04:00,87.82921,87.82921,86.895454,87.318436,0.0
2023-10-18 09:30:00-04:00,87.0071792602539,87.1827621459961,86.17717742919922,86.75179290771484,881365.0
2023-10-18 10:30:00-04:00,86.74381256103516,87.0071792602539,86.37669372558594,86.88746643066406,651775.0
2023-10-18 11:30:00-04:00,86.88746643066406,87.45410919189453,86.7160415649414,86.84357452392578,503629.0
2023-10-18 12:30:00-04:00,86.84357452392578,86.92721557617188,86.23303985595703,86.6480484008789,455638.0
2023-10-18 13:30:00-04:00,86.64796447753906,86.6480484008789,86.12928771972656,86.3367919921875,560794.0
2023-10-18 14:30:00-04:00,86.32482147216797,86.47645568847656,85.97765350341797,86.0255355834961,504986.0
2023-10-18 15:30:00-04:00,86.03351593017578,86.17318725585938,85.7222671508789,85.84996032714844,788862.0
2023-10-18 16:00:00-04:00,85.84996,86.065445,85.73025,86.041504,0.0
2023-10-18 17:00:00-04:00,85.97869,86.025536,85.84996,85.89784,0.0
2023-10-18 18:00:00-04:00,85.95371,85.95371,85.602554,85.84996,0.0
2023-10-18 19:00:00-04:00,85.84996,85.95371,85.634476,85.95371,0.0
2023-10-19 04:00:00-04:00,85.41899,85.43496,85.18755,85.251396,0.0
2023-10-19 05:00:00-04:00,85.78611,85.78611,85.243416,85.42698,0.0
2023-10-19 06:00:00-04:00,,,,,
2023-10-19 07:00:00-04:00,85.84996,85.85794,85.4988,85.4988,0.0
2023-10-19 08:00:00-04:00,85.96169,86.041504,85.49082,85.97286,0.0
2023-10-19 09:00:00-04:00,85.8739,86.35275,85.78611,86.10535,0.0
2023-10-19 09:30:00-04:00,85.92977142333984,86.7118911743164,85.27533721923828,86.04948425292969,740095.0
2023-10-19 10:30:00-04:00,86.03751373291016,86.6260986328125,85.73822784423828,86.58419799804688,512034.0
2023-10-19 11:30:00-04:00,86.57621765136719,86.9513168334961,86.23303985595703,86.52833557128906,370953.0
2023-10-19 12:30:00-04:00,86.56424713134766,87.07102966308594,86.0255355834961,86.83160400390625,311467.0
2023-10-19 13:30:00-04:00,86.863525390625,86.88746643066406,86.11332702636719,86.15721893310547,430712.0
2023-10-19 14:30:00-04:00,86.12130737304688,86.12130737304688,85.39505004882812,85.51476287841797,481924.0
2023-10-19 15:30:00-04:00,85.55467224121094,85.61851501464844,85.13168334960938,85.35514831542969,714445.0
2023-10-19 16:00:00-04:00,85.35515,85.35515,85.163605,85.171585,0.0
2023-10-19 17:00:00-04:00,85.163605,85.33919,85.155624,85.163605,0.0
2023-10-19 18:00:00-04:00,85.18755,85.35515,85.155624,85.31525,0.0
2023-10-19 19:00:00-04:00,85.32323,85.33919,85.163605,85.19553,0.0
2023-10-20 04:00:00-04:00,,,,,
2023-10-20 05:00:00-04:00,85.00399,85.01197,84.28571,84.71668,0.0
2023-10-20 06:00:00-04:00,85.55467,85.55467,85.55467,85.55467,0.0
2023-10-20 07:00:00-04:00,85.34717,85.34717,85.34717,85.34717,0.0
2023-10-20 08:00:00-04:00,85.18755,85.35515,84.51716,85.35515,0.0
2023-10-20 09:00:00-04:00,84.90024,85.00399,84.90024,85.00399,0.0
2023-10-20 09:30:00-04:00,85.15562438964844,85.58659362792969,84.54109954833984,84.70256042480469,1202544.0
2023-10-20 10:30:00-04:00,84.70072174072266,85.17557525634766,84.31763458251953,84.46528625488281,714721.0
2023-10-20 11:30:00-04:00,84.45331573486328,85.00399017333984,84.22187042236328,84.88427734375,452212.0
2023-10-20 12:30:00-04:00,84.89624786376953,85.4269790649414,84.88427734375,85.24341583251953,386962.0
2023-10-20 13:30:00-04:00,85.24740600585938,85.36312866210938,84.74461364746094,84.78052520751953,360415.0
2023-10-20 14:30:00-04:00,84.77254486083984,84.9720687866211,84.40542602539062,84.61293029785156,586328.0
2023-10-20 15:30:00-04:00,84.62091064453125,84.78850555419922,84.41340637207031,84.66081237792969,781339.0
2023-10-20 16:00:00-04:00,84.66081,85.28332,84.58899,84.66081,0.0
2023-10-20 17:00:00-04:00,84.63711,84.72466,84.63687,84.72466,0.0
2023-10-20 18:00:00-04:00,84.67677,84.72466,84.58899,84.72466,0.0
2023-10-20 19:00:00-04:00,84.72466,84.788506,84.63687,84.66081,0.0
2023-10-23 04:00:00-04:00,84.62091,84.66081,84.50918,84.50918,0.0
2023-10-23 05:00:00-04:00,,,,,
2023-10-23 06:00:00-04:00,84.50918,84.52514,83.81484,83.998405,0.0
2023-10-23 07:00:00-04:00,84.11812,84.301674,84.11812,84.23783,0.0
2023-10-23 08:00:00-04:00,84.405426,84.97207,84.11812,84.43735,0.0
2023-10-23 09:00:00-04:00,84.23783,84.55706,84.23783,84.43735,0.0
2023-10-23 09:30:00-04:00,84.98004913330078,86.36073303222656,84.75658416748047,86.17717742919922,1312172.0
2023-10-23 10:30:00-04:00,86.15721893310547,86.1931381225586,85.58659362792969,86.03351593017578,554284.0
2023-10-23 11:30:00-04:00,86.04150390625,86.20901489257812,85.90263366699219,86.13726806640625,495806.0
2023-10-23 12:30:00-04:00,86.1436538696289,86.43256378173828,85.82601928710938,85.92179107666016,457231.0
2023-10-23 13:30:00-04:00,85.91380310058594,86.23303985595703,85.7581787109375,85.83399963378906,468221.0
2023-10-23 14:30:00-04:00,85.84197998046875,86.08140563964844,85.21149444580078,85.28331756591797,795608.0
2023-10-23 15:30:00-04:00,85.28331756591797,85.47486114501953,85.05985260009766,85.14764404296875,1079400.0
2023-10-23 16:00:00-04:00,85.147644,85.46688,85.1237,85.19553,0.0
2023-10-23 17:00:00-04:00,85.19553,85.243416,85.147644,85.203514,0.0
2023-10-23 18:00:00-04:00,85.171585,85.243416,84.99601,85.13966,0.0
2023-10-23 19:00:00-04:00,85.147644,85.27534,84.9162,85.00399,0.0
2023-10-24 04:00:00-04:00,85.09976,85.57861,84.9162,85.38707,0.0
2023-10-24 05:00:00-04:00,85.147644,85.38707,85.147644,85.38707,0.0
2023-10-24 06:00:00-04:00,85.38707,91.35674,85.38707,90.18356,0.0
2023-10-24 07:00:00-04:00,90.207504,90.87789,88.986435,89.46529,0.0
2023-10-24 08:00:00-04:00,89.385475,90.55866,84.43735,89.856346,0.0
2023-10-24 09:00:00-04:00,89.86433,90.143654,88.6273,89.377495,0.0
2023-10-24 09:30:00-04:00,88.6272964477539,91.00558471679688,86.44852447509766,90.98563385009766,4005191.0
2023-10-24 10:30:00-04:00,90.99760437011719,91.69194030761719,90.47885131835938,90.8379898071289,1797925.0
2023-10-24 11:30:00-04:00,90.81404876708984,91.14923858642578,90.35115814208984,90.58260345458984,1357206.0
2023-10-24 12:30:00-04:00,90.57063293457031,90.6703872680664,90.25538635253906,90.51875305175781,819447.0
2023-10-24 13:30:00-04:00,90.53256225585938,91.0694351196289,90.3750991821289,90.43894958496094,884699.0
2023-10-24 14:30:00-04:00,90.43894958496094,91.44852447509766,90.3077392578125,91.32881164550781,1137576.0
2023-10-24 15:30:00-04:00,91.32881164550781,91.52433776855469,90.64644622802734,90.6703872680664,1807019.0
2023-10-24 16:00:00-04:00,90.678375,91.021545,90.41796,90.678375,0.0
2023-10-24 17:00:00-04:00,90.678375,90.70232,90.47885,90.49481,0.0
2023-10-24 18:00:00-04:00,90.58659,90.686356,90.49481,90.50279,0.0
2023-10-24 19:00:00-04:00,90.48683,90.686356,90.27135,90.27135,0.0
2023-10-25 04:00:00-04:00,89.47327,90.247406,89.46529,90.247406,0.0
2023-10-25 05:00:00-04:00,90.25539,90.25539,90.18356,90.18356,0.0
2023-10-25 06:00:00-04:00,90.223465,90.42298,90.223465,90.36712,0.0
2023-10-25 07:00:00-04:00,90.50279,90.5826,90.42298,90.52673,0.0
2023-10-25 08:00:00-04:00,90.55866,90.70232,90.27135,90.686356,0.0
2023-10-25 09:00:00-04:00,90.5826,90.70232,88.30806,90.46289,0.0
2023-10-25 09:30:00-04:00,91.24501037597656,91.24501037597656,89.78451538085938,89.95211791992188,932203.0
2023-10-25 10:30:00-04:00,89.9122085571289,90.85395050048828,89.89624786376953,90.70231628417969,917049.0
2023-10-25 11:30:00-04:00,90.70630645751953,90.7581787109375,89.40143585205078,90.27134704589844,520276.0
2023-10-25 12:30:00-04:00,90.25538635253906,90.48284149169922,89.88028717041016,89.94413757324219,1694803.0
2023-10-25 13:30:00-04:00,89.9122085571289,89.94413757324219,89.32162475585938,89.43734741210938,339436.0
2023-10-25 14:30:00-04:00,89.44532775878906,89.50518798828125,88.83479309082031,89.2177963256836,517458.0
2023-10-25 15:30:00-04:00,89.21788024902344,89.54501342773438,88.65921783447266,88.75498962402344,937183.0
2023-10-25 16:00:00-04:00,88.74701,89.22586,88.59537,88.81883,0.0
2023-10-25 17:00:00-04:00,88.986435,89.13807,88.44373,88.44373,0.0
2023-10-25 18:00:00-04:00,89.002396,89.002396,88.44373,88.45171,0.0
2023-10-25 19:00:00-04:00,88.4996,88.74701,88.44373,88.47566,0.0
2023-10-26 04:00:00-04:00,87.74142,88.18835,87.74142,88.18835,0.0
2023-10-26 05:00:00-04:00,88.18835,88.37191,88.132484,88.18835,0.0
2023-10-26 06:00:00-04:00,,,,,
2023-10-26 07:00:00-04:00,88.37191,88.65124,88.19633,88.22825,0.0
2023-10-26 08:00:00-04:00,88.22825,88.74701,87.86912,88.068634,0.0
2023-10-26 09:00:00-04:00,88.42777,88.89864,88.140465,88.89864,0.0
2023-10-26 09:30:00-04:00,89.20191192626953,89.64086151123047,85.83399963378906,86.29290008544922,1686297.0
2023-10-26 10:30:00-04:00,86.31285095214844,87.48204040527344,86.16121673583984,86.53631591796875,1008694.0
2023-10-26 11:30:00-04:00,86.54429626464844,86.62808990478516,85.98563385009766,86.4166030883789,669021.0
2023-10-26 12:30:00-04:00,86.400634765625,86.6480484008789,85.37110900878906,86.44852447509766,982511.0
2023-10-26 13:30:00-04:00,86.44054412841797,87.39026641845703,86.23303985595703,87.39026641845703,635898.0
2023-10-26 14:30:00-04:00,87.37429809570312,87.69353485107422,86.89944458007812,86.9513168334961,630710.0
2023-10-26 15:30:00-04:00,86.9433364868164,87.03511810302734,86.58419799804688,86.83160400390625,962920.0
2023-10-26 16:00:00-04:00,86.839584,86.911415,86.24102,86.839584,0.0
2023-10-26 17:00:00-04:00,86.839584,86.919395,86.839584,86.919395,0.0
2023-10-26 18:00:00-04:00,86.903435,87.382286,86.831604,87.35834,0.0
2023-10-26 19:00:00-04:00,87.310455,87.310455,86.863525,87.07103,0.0
2023-10-27 04:00:00-04:00,87.04709,87.04709,87.04709,87.04709,0.0
2023-10-27 05:00:00-04:00,87.49401,87.49401,87.49401,87.49401,0.0
2023-10-27 06:00:00-04:00,87.49401,87.49401,87.14286,87.14286,0.0
2023-10-27 07:00:00-04:00,86.96728,87.35834,86.95132,87.2067,0.0
2023-10-27 08:00:00-04:00,86.863525,87.39027,86.51237,87.14286,0.0
2023-10-27 09:00:00-04:00,86.97526,87.286514,86.59218,87.14286,0.0
2023-10-27 09:30:00-04:00,87.46208953857422,87.66161346435547,85.38706970214844,85.73822784423828,1060167.0
2023-10-27 10:30:00-04:00,85.7302474975586,85.9456558227539,84.83639526367188,85.29273986816406,1052636.0
2023-10-27 11:30:00-04:00,85.31524658203125,85.77014923095703,85.28331756591797,85.4349594116211,401698.0
2023-10-27 12:30:00-04:00,85.4269790649414,85.57861328125,84.86041259765625,84.93614959716797,464272.0
2023-10-27 13:30:00-04:00,84.94014739990234,85.1795654296875,84.46129608154297,84.54109954833984,371045.0
2023-10-27 14:30:00-04:00,84.52513885498047,85.06784057617188,84.38148498535156,84.82681274414062,549860.0
2023-10-27 15:30:00-04:00,84.8293685913086,84.91619873046875,84.55706024169922,84.86033630371094,786961.0
2023-10-27 16:00:00-04:00,84.8763,84.98005,84.51716,84.90024,0.0
2023-10-27 17:00:00-04:00,84.9162,84.98005,84.68475,84.68475,0.0
2023-10-27 18:00:00-04:00,84.88428,85.00399,84.836395,84.90822,0.0
2023-10-27 19:00:00-04:00,84.836395,85.00399,84.836395,84.86034,0.0
2023-10-30 04:00:00-04:00,84.8763,84.8763,84.8763,84.8763,0.0
2023-10-30 05:00:00-04:00,85.235435,85.45092,85.235435,85.2913,0.0
2023-10-30 06:00:00-04:00,85.80208,85.80208,85.45092,85.7941,0.0
2023-10-30 07:00:00-04:00,85.77015,85.77015,85.203514,85.203514,0.0
2023-10-30 08:00:00-04:00,85.227455,85.77813,84.98005,85.55467,0.0
2023-10-30 09:00:00-04:00,85.55467,85.634476,85.31525,85.594574,0.0
2023-10-30 09:30:00-04:00,85.81005859375,87.11492156982422,85.7302474975586,86.77574157714844,796062.0
2023-10-30 10:30:00-04:00,86.78372192382812,87.29449462890625,86.61611938476562,86.98323822021484,325379.0
2023-10-30 11:30:00-04:00,86.99919891357422,87.19872283935547,86.85554504394531,86.87948608398438,219981.0
2023-10-30 12:30:00-04:00,86.863525390625,87.442138671875,86.83958435058594,87.43806457519531,255471.0
2023-10-30 13:30:00-04:00,87.43814849853516,87.52593994140625,87.27055358886719,87.4020004272461,385860.0
2023-10-30 14:30:00-04:00,87.4062271118164,88.1723861694336,87.4062271118164,88.09656524658203,772992.0
2023-10-30 15:30:00-04:00,88.09656524658203,88.10853576660156,87.52593994140625,87.6456527709961,761858.0
2023-10-30 16:00:00-04:00,87.64565,88.22825,87.32566,87.40623,0.0
2023-10-30 17:00:00-04:00,87.39825,87.78931,87.39027,87.63767,0.0
2023-10-30 18:00:00-04:00,87.62969,87.773346,87.39825,87.701515,0.0
2023-10-30 19:00:00-04:00,87.709496,87.709496,87.54988,87.54988,0.0
2023-10-31 04:00:00-04:00,87.39825,88.57941,87.39027,87.54988,0.0
2023-10-31 05:00:00-04:00,87.78133,87.78931,87.78133,87.78931,0.0
2023-10-31 06:00:00-04:00,87.86912,87.86912,87.86912,87.86912,0.0
2023-10-31 07:00:00-04:00,87.749405,88.148445,87.749405,88.148445,0.0
2023-10-31 08:00:00-04:00,87.86912,88.38787,87.3344,87.82123,0.0
2023-10-31 09:00:00-04:00,88.100555,88.38787,87.47007,87.78931,0.0
2023-10-31 09:30:00-04:00,87.39824676513672,87.5857925415039,86.26097106933594,86.70391082763672,540530.0
2023-10-31 10:30:00-04:00,86.68795013427734,87.1827621459961,86.45730590820312,87.05506896972656,689030.0
2023-10-31 11:30:00-04:00,87.0311279296875,87.27214813232422,86.73583221435547,87.2625732421875,341304.0
2023-10-31 12:30:00-04:00,87.27055358886719,87.48930358886719,86.95530700683594,87.15084075927734,258985.0
2023-10-31 13:30:00-04:00,87.1747817993164,87.39026641845703,86.99919891357422,87.07901000976562,418490.0
2023-10-31 14:30:00-04:00,87.07901000976562,87.28651428222656,86.93136596679688,87.11891174316406,519237.0
2023-10-31 15:30:00-04:00,87.11891174316406,87.12689208984375,86.57621765136719,86.6480484008789,1207379.0
2023-10-31 16:00:00-04:00,86.64006,86.831604,86.55228,86.56026,0.0
2023-10-31 17:00:00-04:00,86.56824,86.69593,86.32881,86.69593,0.0
2023-10-31 18:00:00-04:00,86.68795,86.69593,86.32083,86.32091,0.0
2023-10-31 19:00:00-04:00,86.472466,86.69593,86.32083,86.43256,0.0
2023-11-01 04:00:00-04:00,85.81006,85.81006,85.81006,85.81006,0.0
2023-11-01 05:00:00-04:00,86.26496,86.60814,86.16122,86.16122,0.0
2023-11-01 06:00:00-04:00,86.10535,86.23304,86.041504,86.23304,0.0
2023-11-01 07:00:00-04:00,86.59218,86.59218,86.2091,86.26496,0.0
2023-11-01 08:00:00-04:00,86.30487,86.69593,85.57063,86.31285,0.0
2023-11-01 09:00:00-04:00,85.690346,86.35275,85.690346,86.18516,0.0
2023-11-01 09:30:00-04:00,86.43256378173828,86.45650482177734,84.64485168457031,85.43096923828125,1774600.0
2023-11-01 10:30:00-04:00,85.43096923828125,85.51476287841797,84.83639526367188,84.94014739990234,877602.0
2023-11-01 11:30:00-04:00,84.95211791992188,85.04389190673828,84.65283203125,84.86432647705078,588097.0
2023-11-01 12:30:00-04:00,84.86831665039062,85.16632080078125,84.46129608154297,84.91619873046875,452215.0
2023-11-01 13:30:00-04:00,84.92417907714844,85.40303039550781,84.78052520751953,85.04389190673828,607313.0
2023-11-01 14:30:00-04:00,85.04389190673828,85.45890045166016,84.70072174072266,85.28730773925781,2687899.0
2023-11-01 15:30:00-04:00,85.29927825927734,86.17717742919922,85.24341583251953,85.58659362792969,1950781.0
2023-11-01 16:00:00-04:00,85.594574,85.81006,84.84118,85.7941,0.0
2023-11-01 17:00:00-04:00,85.610535,85.81006,85.594574,85.7941,0.0
2023-11-01 18:00:00-04:00,85.7941,85.81006,85.71429,85.7941,0.0
2023-11-01 19:00:00-04:00,85.80208,85.80208,85.642456,85.80208,0.0
2023-11-02 04:00:00-04:00,85.80208,85.80208,85.76217,85.76217,0.0
2023-11-02 05:00:00-04:00,86.440544,87.294495,86.42458,86.51237,0.0
2023-11-02 06:00:00-04:00,86.51237,86.66401,86.51237,86.51237,0.0
2023-11-02 07:00:00-04:00,86.51237,86.98324,86.51237,86.51237,0.0
2023-11-02 08:00:00-04:00,86.73583,86.99122,85.65044,86.33679,0.0
2023-11-02 09:00:00-04:00,86.51237,86.7917,86.27294,86.67199,0.0
2023-11-02 09:30:00-04:00,86.89545440673828,87.17079162597656,85.92179107666016,86.44852447509766,1421684.0
2023-11-02 10:30:00-04:00,86.4525146484375,86.52833557128906,86.12928771972656,86.15322875976562,913073.0
2023-11-02 11:30:00-04:00,86.16121673583984,86.25251007080078,85.68236541748047,85.73822784423828,508361.0
2023-11-02 12:30:00-04:00,85.75418853759766,86.1931381225586,85.68236541748047,85.97765350341797,643192.0
2023-11-02 13:30:00-04:00,86.0175552368164,86.26496124267578,85.89784240722656,85.96967315673828,711444.0
2023-11-02 14:30:00-04:00,85.97765350341797,86.08140563964844,85.82202911376953,85.94972229003906,780907.0
2023-11-02 15:30:00-04:00,85.93775177001953,86.12928771972656,85.88188171386719,86.04150390625,1313452.0
2023-11-02 16:00:00-04:00,86.041504,86.13983,85.40303,85.89784,0.0
2023-11-02 17:00:00-04:00,86.025536,86.12929,85.42698,85.75898,0.0
2023-11-02 18:00:00-04:00,86.12929,86.12929,85.42698,85.42698,0.0
2023-11-02 19:00:00-04:00,85.42698,86.59218,85.42698,85.96169,0.0
2023-11-03 04:00:00-04:00,,,,,
2023-11-03 05:00:00-04:00,86.033516,86.19314,85.993614,86.19314,0.0
2023-11-03 06:00:00-04:00,,,,,
2023-11-03 07:00:00-04:00,86.19314,86.384674,86.057465,86.057465,0.0
2023-11-03 08:00:00-04:00,86.057465,86.392654,85.96967,86.23304,0.0
2023-11-03 09:00:00-04:00,86.23304,86.7917,86.017555,86.081406,0.0
2023-11-03 09:30:00-04:00,86.632080078125,87.35035705566406,86.26496124267578,86.54429626464844,914455.0
2023-11-03 10:30:00-04:00,86.55227661132812,86.89545440673828,86.400634765625,86.75977325439453,553556.0
2023-11-03 11:30:00-04:00,86.77574157714844,86.99919891357422,86.60813903808594,86.93934631347656,397685.0
2023-11-03 12:30:00-04:00,86.96727752685547,87.03910827636719,86.7996826171875,86.88746643066406,304892.0
2023-11-03 13:30:00-04:00,86.87549591064453,86.99121856689453,86.76775360107422,86.96727752685547,464483.0
2023-11-03 14:30:00-04:00,86.97126770019531,87.08699035644531,86.91141510009766,86.96727752685547,396097.0
2023-11-03 15:30:00-04:00,86.95929718017578,87.07102966308594,86.863525390625,86.95929718017578,889534.0
2023-11-03 16:00:00-04:00,86.9593,87.01517,86.847565,86.863525,0.0
2023-11-03 17:00:00-04:00,87.01517,87.02315,86.927376,86.92889,0.0
2023-11-03 18:00:00-04:00,87.01517,87.01517,86.76775,86.78372,0.0
2023-11-03 19:00:00-04:00,86.76775,87.01517,86.75179,86.75977,0.0
2023-11-06 04:00:00-05:00,87.04709,87.04709,86.75977,86.77574,0.0
2023-11-06 05:00:00-05:00,87.19872,87.44613,87.19074,87.36632,0.0
2023-11-06 06:00:00-05:00,87.63767,87.66161,87.36632,87.39027,0.0
2023-11-06 07:00:00-05:00,87.17478,87.382286,86.79968,87.382286,0.0
2023-11-06 08:00:00-05:00,87.326416,87.39027,86.75977,87.07901,0.0
2023-11-06 09:00:00-05:00,87.222664,87.382286,87.07901,87.08699,0.0
2023-11-06 09:30:00-05:00,87.22266387939453,88.10454559326172,86.62409973144531,87.90901947021484,730941.0
2023-11-06 10:30:00-05:00,87.91300964355469,87.9329605102539,87.6376724243164,87.82122802734375,524221.0
2023-11-06 11:30:00-05:00,87.82920837402344,88.36392974853516,87.67757415771484,88.30406951904297,462341.0
2023-11-06 12:30:00-05:00,88.3160400390625,88.80287170410156,88.30805969238281,88.6911392211914,607490.0
2023-11-06 13:30:00-05:00,88.68315887451172,89.05825805664062,88.57940673828125,88.68315887451172,532526.0
2023-11-06 14:30:00-05:00,88.68315887451172,89.00239562988281,88.65123748779297,88.96248626708984,486704.0
2023-11-06 15:30:00-05:00,88.95450592041016,89.28970336914062,88.89864349365234,89.23384094238281,803698.0
2023-11-06 16:00:00-05:00,89.22586,89.23384,88.611336,89.22586,0.0
2023-11-06 17:00:00-05:00,89.03432,89.377495,89.03432,89.2099,0.0
2023-11-06 18:00:00-05:00,89.066956,89.2099,89.06624,89.2099,0.0
2023-11-07 04:00:00-05:00,89.06624,89.06624,88.58739,88.73903,0.0
2023-11-07 05:00:00-05:00,88.73903,88.73903,88.37191,88.40383,0.0
2023-11-07 06:00:00-05:00,,,,,
2023-11-07 07:00:00-05:00,88.986435,89.25778,88.59537,89.10615,0.0
2023-11-07 08:00:00-05:00,88.89864,89.21788,88.80287,88.8747,0.0
2023-11-07 09:00:00-05:00,89.20191,89.20191,88.82681,88.914604,0.0
2023-11-07 09:30:00-05:00,88.87470245361328,89.86432647705078,88.47166442871094,89.79249572753906,821877.0
2023-11-07 10:30:00-05:00,89.77653503417969,90.12769317626953,89.41739654541016,89.48124694824219,755957.0
2023-11-07 11:30:00-05:00,89.49720764160156,89.7406234741211,89.36951446533203,89.52912902832031,320554.0
2023-11-07 12:30:00-05:00,89.51316833496094,89.52513885498047,89.32162475585938,89.37749481201172,260956.0
2023-11-07 13:30:00-05:00,89.36951446533203,89.42537689208984,89.19393157958984,89.23384094238281,262454.0
2023-11-07 14:30:00-05:00,89.23384094238281,89.3934555053711,89.06623840332031,89.34557342529297,361015.0
2023-11-07 15:30:00-05:00,89.34557342529297,89.4732666015625,89.1620101928711,89.24980163574219,591107.0
2023-11-07 16:00:00-05:00,89.22586,89.457306,89.05028,89.22586,0.0
2023-11-07 17:00:00-05:00,89.22586,89.369514,89.06624,89.0822,0.0
2023-11-07 18:00:00-05:00,89.369514,89.369514,89.06624,89.06624,0.0
2023-11-08 04:00:00-05:00,89.0423,89.0423,88.82681,88.84278,0.0
2023-11-08 05:00:00-05:00,88.86672,88.89864,88.619316,88.619316,0.0
2023-11-08 06:00:00-05:00,,,,,
2023-11-08 07:00:00-05:00,88.67518,89.2498,88.67518,89.2498,0.0
2023-11-08 08:00:00-05:00,89.385475,89.50519,88.64326,89.35355,0.0
2023-11-08 09:00:00-05:00,89.32961,89.4174,89.29768,89.40942,0.0
2023-11-08 09:30:00-05:00,89.54508972167969,90.95770263671875,89.37749481201172,90.16759490966797,1003760.0
2023-11-08 10:30:00-05:00,90.17158508300781,90.6065444946289,90.15961456298828,90.57861328125,573584.0
2023-11-08 11:30:00-05:00,90.58260345458984,90.59058380126953,89.70072174072266,90.13168334960938,390332.0
2023-11-08 12:30:00-05:00,90.12769317626953,90.6424560546875,90.02394104003906,90.53471374511719,327044.0
2023-11-08 13:30:00-05:00,90.5506820678711,90.94573211669922,90.48683166503906,90.89385223388672,424154.0
2023-11-08 14:30:00-05:00,90.90351104736328,91.02154541015625,90.62649536132812,90.85395050048828,416134.0
2023-11-08 15:30:00-05:00,90.85395050048828,90.94174194335938,90.73423767089844,90.8379898071289,856549.0
2023-11-08 16:00:00-05:00,90.86193,90.98164,90.32722,90.34318,0.0
2023-11-08 17:00:00-05:00,90.78212,90.86193,90.34318,90.86193,0.0
2023-11-08 18:00:00-05:00,90.86193,90.86193,90.47087,90.5826,0.0
2023-11-09 04:00:00-05:00,90.5826,90.5826,90.542694,90.55866,0.0
2023-11-09 05:00:00-05:00,90.5826,90.96568,90.5826,90.96568,0.0
2023-11-09 06:00:00-05:00,90.96568,90.97366,90.9577,90.9577,0.0
2023-11-09 07:00:00-05:00,90.98164,91.021545,90.622505,90.86991,0.0
2023-11-09 08:00:00-05:00,90.98164,91.029526,90.5826,91.021545,0.0
2023-11-09 09:00:00-05:00,90.42298,91.3328,90.42298,90.90981,0.0
2023-11-09 09:30:00-05:00,91.26097106933594,91.59217834472656,90.76615905761719,91.34078216552734,558085.0
2023-11-09 10:30:00-05:00,91.34477233886719,91.58020782470703,91.18116760253906,91.4525146484375,348136.0
2023-11-09 11:30:00-05:00,91.4525146484375,91.5323257446289,91.01516723632812,91.01516723632812,427798.0
2023-11-09 12:30:00-05:00,91.02154541015625,91.1412582397461,90.53471374511719,91.02154541015625,724082.0
2023-11-09 13:30:00-05:00,90.98164367675781,90.98739624023438,90.50279235839844,90.77413940429688,546209.0
2023-11-09 14:30:00-05:00,90.75019836425781,90.83479309082031,90.18356323242188,90.37557983398438,335837.0
2023-11-09 15:30:00-05:00,90.39105987548828,90.43894958496094,90.12769317626953,90.27134704589844,839957.0
2023-11-09 16:00:00-05:00,90.25539,90.97366,90.11173,90.25539,0.0
2023-11-09 17:00:00-05:00,90.97366,95.70557,90.13567,90.13567,0.0
2023-11-09 18:00:00-05:00,90.199524,90.215485,90.13567,90.13567,0.0
2023-11-10 04:00:00-05:00,90.167595,90.30327,90.167595,90.30327,0.0
2023-11-10 05:00:00-05:00,,,,,
2023-11-10 06:00:00-05:00,90.247406,90.247406,90.11173,90.151634,0.0
2023-11-10 07:00:00-05:00,90.11173,90.25539,90.08779,90.08779,0.0
2023-11-10 08:00:00-05:00,90.34318,90.65443,90.0,90.143654,0.0
2023-11-10 09:00:00-05:00,90.26337,90.65443,86.89433,90.65443,0.0
2023-11-10 09:30:00-05:00,90.76615905761719,91.3088607788086,90.33519744873047,90.94174194335938,392549.0
2023-11-10 10:30:00-05:00,90.92179107666016,91.38866424560547,90.87797546386719,91.19712829589844,295708.0
2023-11-10 11:30:00-05:00,91.21308898925781,91.47645568847656,91.1412582397461,91.27294158935547,226817.0
2023-11-10 12:30:00-05:00,91.28491973876953,91.69194030761719,91.28491973876953,91.56025695800781,222346.0
2023-11-10 13:30:00-05:00,91.57222747802734,91.87549591064453,91.54828643798828,91.77973175048828,525531.0
2023-11-10 14:30:00-05:00,91.77973175048828,92.16281127929688,91.70486450195312,92.15483093261719,281012.0
2023-11-10 15:30:00-05:00,92.1468505859375,92.22665405273438,91.87549591064453,92.00318908691406,792504.0
2023-11-10 16:00:00-05:00,91.99521,92.20271,86.426575,91.96329,0.0
2023-11-10 17:00:00-05:00,90.25539,91.99521,90.25539,91.79569,0.0
2023-11-10 18:00:00-05:00,91.94733,91.99521,91.40463,91.532326,0.0
2023-11-13 04:00:00-05:00,91.7079,92.01916,91.34078,91.99521,0.0
2023-11-13 05:00:00-05:00,91.73982,91.73982,91.73982,91.73982,0.0
2023-11-13 06:00:00-05:00,,,,,
2023-11-13 07:00:00-05:00,91.77973,91.97925,91.57223,91.97925,0.0
2023-11-13 08:00:00-05:00,91.77973,92.17877,91.42059,92.06704,0.0
2023-11-13 09:00:00-05:00,92.06704,92.17877,91.380684,91.54829,0.0
2023-11-13 09:30:00-05:00,91.89146423339844,92.23455810546875,91.54828643798828,91.73982238769531,513364.0
2023-11-13 10:30:00-05:00,91.75578308105469,92.34636688232422,91.73982238769531,92.32242584228516,392513.0
2023-11-13 11:30:00-05:00,92.31444549560547,92.46600341796875,92.09098052978516,92.45594024658203,471284.0
2023-11-13 12:30:00-05:00,92.442138671875,93.020751953125,92.38627624511719,92.72944641113281,533036.0
2023-11-13 13:30:00-05:00,92.72146606445312,92.96488189697266,92.62570190429688,92.84915924072266,435901.0
2023-11-13 14:30:00-05:00,92.84915924072266,92.85713958740234,92.5219497680664,92.79266357421875,308413.0
2023-11-13 15:30:00-05:00,92.77733612060547,92.77733612060547,92.08300018310547,92.20271301269531,1092166.0
2023-11-13 16:00:00-05:00,92.21867,92.55387,91.96329,92.10694,0.0
2023-11-13 17:00:00-05:00,92.234634,92.250595,92.11492,92.1229,0.0
2023-11-13 18:00:00-05:00,92.250595,92.55387,92.1229,92.1229,0.0
2023-11-14 04:00:00-05:00,,,,,
2023-11-14 05:00:00-05:00,92.4182,92.42618,92.4182,92.42618,0.0
2023-11-14 06:00:00-05:00,92.42618,92.42618,92.09896,92.19473,0.0
2023-11-14 07:00:00-05:00,92.250595,92.498,92.250595,92.4581,0.0
2023-11-14 08:00:00-05:00,92.378296,92.56983,92.13887,92.13887,0.0
2023-11-14 09:00:00-05:00,92.09896,93.32801,92.09896,93.25619,0.0
2023-11-14 09:30:00-05:00,92.97685241699219,93.14445495605469,92.23407745361328,92.64964294433594,773040.0
2023-11-14 10:30:00-05:00,92.65762329101562,92.84117889404297,92.44142150878906,92.68555450439453,441547.0
2023-11-14 11:30:00-05:00,92.68954467773438,93.11253356933594,92.68954467773438,93.09257507324219,358785.0
2023-11-14 12:30:00-05:00,93.09656524658203,93.55945587158203,93.09656524658203,93.43974304199219,478465.0
2023-11-14 13:30:00-05:00,93.43974304199219,93.61532592773438,93.24022674560547,93.59137725830078,354962.0
2023-11-14 14:30:00-05:00,93.59137725830078,93.82282257080078,93.53950500488281,93.73902893066406,430310.0
2023-11-14 15:30:00-05:00,93.7430191040039,93.8068618774414,93.43974304199219,93.599365234375,725201.0
2023-11-14 16:00:00-05:00,93.59138,93.73504,93.56744,93.599365,0.0
2023-11-14 17:00:00-05:00,93.73392,93.734955,93.57542,93.734955,0.0
2023-11-14 18:00:00-05:00,93.73504,93.73504,93.59138,93.59138,0.0
2023-11-15 04:00:00-05:00,93.74302,93.74302,93.57542,93.69513,0.0
2023-11-15 05:00:00-05:00,93.77494,93.77494,93.77494,93.77494,0.0
2023-11-15 06:00:00-05:00,93.77494,93.83878,93.71907,93.83878,0.0
2023-11-15 07:00:00-05:00,93.83878,93.990425,93.81484,93.82282,0.0
2023-11-15 08:00:00-05:00,93.934555,94.1261,93.535515,93.69513,0.0
2023-11-15 09:00:00-05:00,93.69513,93.77494,93.05666,93.3759,0.0
2023-11-15 09:30:00-05:00,93.3439712524414,93.77494049072266,92.61771392822266,92.64166259765625,852079.0
2023-11-15 10:30:00-05:00,92.63383483886719,93.09656524658203,92.35674285888672,93.07262420654297,500484.0
2023-11-15 11:30:00-05:00,93.06464385986328,93.42378234863281,92.97685241699219,93.25618743896484,312213.0
2023-11-15 12:30:00-05:00,93.25618743896484,93.33599090576172,92.8172378540039,92.96089172363281,309514.0
2023-11-15 13:30:00-05:00,92.97685241699219,93.16041564941406,92.91300964355469,93.15243530273438,295203.0
2023-11-15 14:30:00-05:00,93.16041564941406,93.25618743896484,92.8172378540039,92.8252182006836,369147.0
2023-11-15 15:30:00-05:00,92.84117889404297,93.08060455322266,92.72146606445312,92.8172378540039,694265.0
2023-11-15 16:00:00-05:00,92.81724,92.91301,92.721466,92.81724,0.0
2023-11-15 17:00:00-05:00,92.777336,92.86512,92.42618,92.777336,0.0
2023-11-15 18:00:00-05:00,93.03272,93.03272,92.42618,92.50687,0.0
2023-11-16 04:00:00-05:00,92.81724,92.82522,92.81724,92.82522,0.0
2023-11-16 05:00:00-05:00,,,,,
2023-11-16 06:00:00-05:00,92.769356,92.769356,92.681564,92.681564,0.0
2023-11-16 07:00:00-05:00,92.57781,93.01676,92.57781,92.97685,0.0
2023-11-16 08:00:00-05:00,92.89705,93.21628,92.21867,92.81724,0.0
2023-11-16 09:00:00-05:00,92.81724,93.21628,92.378296,93.21468,0.0
2023-11-16 09:30:00-05:00,93.0486831665039,94.74860382080078,92.8252182006836,94.35746002197266,948351.0
2023-11-16 10:30:00-05:00,94.32561492919922,94.533203125,93.85475158691406,93.86273193359375,712507.0
2023-11-16 11:30:00-05:00,93.86273193359375,94.26177215576172,93.83080291748047,94.15802001953125,402438.0
2023-11-16 12:30:00-05:00,94.14205932617188,94.58100891113281,94.10215759277344,94.53311920166016,304232.0
2023-11-16 13:30:00-05:00,94.54109954833984,94.62091064453125,94.42138671875,94.5018310546875,294764.0
2023-11-16 14:30:00-05:00,94.51715850830078,94.92417907714844,94.46129608154297,94.66879272460938,638661.0
2023-11-16 15:30:00-05:00,94.66879272460938,94.94014739990234,94.62098693847656,94.93215942382812,845819.0
2023-11-16 16:00:00-05:00,94.92418,94.94015,94.65283,94.93216,0.0
2023-11-16 17:00:00-05:00,94.93216,94.97207,94.89226,94.89226,0.0
2023-11-16 18:00:00-05:00,94.97207,94.97207,94.89226,94.97207,0.0
2023-11-17 04:00:00-05:00,94.60495,94.93216,94.453316,94.67677,0.0
2023-11-17 05:00:00-05:00,94.88428,94.88428,94.66879,94.66879,0.0
2023-11-17 06:00:00-05:00,94.88428,95.171585,94.88428,95.05985,0.0
2023-11-17 07:00:00-05:00,95.02793,95.642456,95.01197,95.40303,0.0
2023-11-17 08:00:00-05:00,95.546684,95.57063,94.93216,95.45092,0.0
2023-11-17 09:00:00-05:00,95.05985,95.53072,95.05985,95.203514,0.0
2023-11-17 09:30:00-05:00,95.23543548583984,95.45092010498047,94.92417907714844,95.28331756591797,942608.0
2023-11-17 10:30:00-05:00,95.2593765258789,95.67438507080078,95.2593765258789,95.60255432128906,370611.0
2023-11-17 11:30:00-05:00,95.61053466796875,95.75418853759766,95.44293975830078,95.47486114501953,249733.0
2023-11-17 12:30:00-05:00,95.47486114501953,95.58260345458984,95.22745513916016,95.3112564086914,282310.0
2023-11-17 13:30:00-05:00,95.3112564086914,95.63311767578125,95.24677276611328,95.51875305175781,256975.0
2023-11-17 14:30:00-05:00,95.5267333984375,95.79409790039062,95.52274322509766,95.77014923095703,645052.0
2023-11-17 15:30:00-05:00,95.76216888427734,95.83399963378906,95.58659362792969,95.7302474975586,678163.0
2023-11-17 16:00:00-05:00,95.72227,95.84996,95.37909,95.37909,0.0
2023-11-17 17:00:00-05:00,95.38707,95.71429,95.38707,95.610535,0.0
2023-11-17 18:00:00-05:00,95.361534,95.77015,95.31525,95.51476,0.0
2023-11-20 04:00:00-05:00,95.46688,95.610535,93.31205,95.42698,0.0
2023-11-20 05:00:00-05:00,95.42698,95.71429,95.42698,95.71429,0.0
2023-11-20 06:00:00-05:00,95.71429,95.71429,94.88428,95.52274,0.0
2023-11-20 07:00:00-05:00,95.52274,95.610535,95.30727,95.53072,0.0
2023-11-20 08:00:00-05:00,95.594574,95.78611,95.30727,95.690346,0.0
2023-11-20 09:00:00-05:00,95.690346,95.690346,95.37111,95.57063,0.0
2023-11-20 09:30:00-05:00,95.71428680419922,96.12928771972656,95.54700469970703,95.74620819091797,821882.0
2023-11-20 10:30:00-05:00,95.74620819091797,95.86193084716797,95.48284149169922,95.50678253173828,490675.0
2023-11-20 11:30:00-05:00,95.50678253173828,95.81412506103516,95.49481201171875,95.70630645751953,307649.0
2023-11-20 12:30:00-05:00,95.71428680419922,96.34477233886719,95.70630645751953,96.34477233886719,369526.0
2023-11-20 13:30:00-05:00,96.3367919921875,96.35953521728516,95.94652557373047,95.96328735351562,311756.0
2023-11-20 14:30:00-05:00,95.96967315673828,96.30487060546875,95.9537124633789,96.21245574951172,409431.0
2023-11-20 15:30:00-05:00,96.20510864257812,96.29689025878906,95.7861099243164,95.84197998046875,667668.0
2023-11-20 16:00:00-05:00,95.82602,95.96967,95.77015,95.80208,0.0
2023-11-20 17:00:00-05:00,95.81804,95.96967,95.77909,95.938705,0.0
2023-11-20 18:00:00-05:00,95.88188,95.92179,95.78611,95.90582,0.0
2023-11-21 04:00:00-05:00,95.95371,95.95371,95.95371,95.95371,0.0
2023-11-21 05:00:00-05:00,95.95371,95.95371,95.26736,95.4988,0.0
2023-11-21 06:00:00-05:00,95.4988,95.86592,95.4988,95.86592,0.0
2023-11-21 07:00:00-05:00,95.41899,95.7941,95.41899,95.73025,0.0
2023-11-21 08:00:00-05:00,95.73025,95.88986,95.4988,95.4988,0.0
2023-11-21 09:00:00-05:00,95.4988,95.77015,95.171585,95.57063,0.0
2023-11-21 09:30:00-05:00,95.61053466796875,95.88986206054688,95.00399017333984,95.55866241455078,708885.0
2023-11-21 10:30:00-05:00,95.55866241455078,95.61053466796875,95.18755340576172,95.28730773925781,329512.0
2023-11-21 11:30:00-05:00,95.29129791259766,95.58659362792969,95.28331756591797,95.53072357177734,232424.0
2023-11-21 12:30:00-05:00,95.53870391845703,95.8459701538086,95.516357421875,95.62649536132812,161577.0
2023-11-21 13:30:00-05:00,95.63048553466797,95.81803894042969,95.53471374511719,95.6343994140625,233223.0
2023-11-21 14:30:00-05:00,95.61851501464844,95.96967315673828,95.50678253173828,95.84996032714844,301871.0
2023-11-21 15:30:00-05:00,95.84996032714844,95.87789154052734,95.53471374511719,95.70630645751953,400408.0
2023-11-21 16:00:00-05:00,95.682365,95.70631,95.171585,95.4988,0.0
2023-11-21 17:00:00-05:00,95.4988,95.682365,95.4988,95.674385,0.0
2023-11-21 18:00:00-05:00,95.674385,96.32881,95.50678,95.539505,0.0
2023-11-22 04:00:00-05:00,95.53072,95.53072,95.53072,95.53072,0.0
2023-11-22 05:00:00-05:00,95.53072,95.682365,95.53072,95.682365,0.0
2023-11-22 06:00:00-05:00,95.682365,95.682365,95.56265,95.682365,0.0
2023-11-22 07:00:00-05:00,95.203514,95.81006,95.203514,95.80208,0.0
2023-11-22 08:00:00-05:00,95.80208,96.065445,95.251396,95.7941,0.0
2023-11-22 09:00:00-05:00,96.065445,96.065445,95.77015,95.7941,0.0
2023-11-22 09:30:00-05:00,95.69034576416016,96.16121673583984,95.41899108886719,95.66639709472656,467127.0
2023-11-22 10:30:00-05:00,95.65043640136719,95.84197998046875,95.37110900878906,95.7861099243164,278393.0
2023-11-22 11:30:00-05:00,95.81803894042969,96.12928771972656,95.76847076416016,95.7861099243164,202097.0
2023-11-22 12:30:00-05:00,95.7861099243164,95.81803894042969,95.51875305175781,95.74221801757812,209315.0
2023-11-22 13:30:00-05:00,95.74620819091797,95.77812957763672,95.38706970214844,95.57462310791016,435516.0
2023-11-22 14:30:00-05:00,95.56265258789062,95.57063293457031,95.2593765258789,95.48284149169922,444615.0
2023-11-22 15:30:00-05:00,95.4928207397461,95.5506820678711,95.39105987548828,95.44293975830078,559419.0
2023-11-22 16:00:00-05:00,95.45092,95.594574,95.32323,95.32323,0.0
2023-11-22 17:00:00-05:00,95.32323,95.594574,95.32323,95.3427,0.0
2023-11-22 18:00:00-05:00,95.57861,95.84198,95.33121,95.37111,0.0
2023-11-24 04:00:00-05:00,95.45092,95.45092,95.251396,95.25938,0.0
2023-11-24 05:00:00-05:00,95.25938,95.36313,95.227455,95.227455,0.0
2023-11-24 06:00:00-05:00,95.227455,95.33121,95.155624,95.33121,0.0
2023-11-24 07:00:00-05:00,95.33121,95.594574,95.33121,95.594574,0.0
2023-11-24 08:00:00-05:00,95.48284,95.93775,95.211494,95.77015,0.0
2023-11-24 09:00:00-05:00,95.38707,95.88986,95.37909,95.79522,0.0
2023-11-24 09:30:00-05:00,95.75418853759766,96.04549407958984,95.51476287841797,96.00957489013672,456502.0
2023-11-24 10:30:00-05:00,96.00957489013672,96.04150390625,95.83000946044922,95.88188171386719,303076.0
2023-11-24 11:30:00-05:00,95.88986206054688,95.94972229003906,95.70630645751953,95.70630645751953,237659.0
2023-11-24 13:00:00-05:00,95.70630645751953,96.09736633300781,95.54668426513672,95.54676818847656,0.0
2023-11-24 14:00:00-05:00,95.54677,96.089386,95.54677,95.57063,0.0
2023-11-24 15:00:00-05:00,95.57063,96.00152,95.57063,95.95371,0.0
2023-11-24 16:00:00-05:00,95.77015,95.97765,95.626495,95.96169,0.0
2023-11-27 04:00:00-05:00,95.96169,95.96169,95.19553,95.74621,0.0
2023-11-27 05:00:00-05:00,95.74621,95.74621,95.74621,95.74621,0.0
2023-11-27 06:00:00-05:00,95.74621,95.74621,95.43496,95.43496,0.0
2023-11-27 07:00:00-05:00,95.57861,95.74621,95.53072,95.602554,0.0
2023-11-27 08:00:00-05:00,95.602554,95.9138,95.03591,95.538704,0.0
2023-11-27 09:00:00-05:00,95.77015,95.77015,95.39505,95.39505,0.0
2023-11-27 09:30:00-05:00,95.53072357177734,95.84996032714844,95.22745513916016,95.4988021850586,475566.0
2023-11-27 10:30:00-05:00,95.47486114501953,95.9896240234375,95.45890045166016,95.93775177001953,258049.0
2023-11-27 11:30:00-05:00,95.95770263671875,96.0255355834961,95.64844512939453,95.70630645751953,247167.0
2023-11-27 12:30:00-05:00,95.71428680419922,95.76216888427734,95.52274322509766,95.6424560546875,170222.0
2023-11-27 13:30:00-05:00,95.6424560546875,95.73822784423828,95.52274322509766,95.60255432128906,634405.0
2023-11-27 14:30:00-05:00,95.59457397460938,95.7222671508789,95.4349594116211,95.70630645751953,298712.0
2023-11-27 15:30:00-05:00,95.7222671508789,95.8395004272461,95.57063293457031,95.74620819091797,458092.0
2023-11-27 16:00:00-05:00,95.74621,95.96169,95.43496,95.690346,0.0
2023-11-27 17:00:00-05:00,95.690346,95.96169,95.44294,95.690346,0.0
2023-11-27 18:00:00-05:00,95.71429,95.96169,95.44294,95.65044,0.0
2023-11-28 04:00:00-05:00,95.171585,95.594574,95.171585,95.57063,0.0
2023-11-28 05:00:00-05:00,95.203514,95.251396,95.19553,95.251396,0.0
2023-11-28 06:00:00-05:00,95.251396,95.251396,95.251396,95.251396,0.0
2023-11-28 07:00:00-05:00,95.251396,95.834,95.251396,95.674385,0.0
2023-11-28 08:00:00-05:00,95.674385,95.93775,95.41101,95.46688,0.0
2023-11-28 09:00:00-05:00,95.74621,95.74621,95.46688,95.74621,0.0
2023-11-28 09:30:00-05:00,95.74620819091797,95.85794067382812,95.24341583251953,95.35514831542969,505248.0
2023-11-28 10:30:00-05:00,95.35115814208984,95.68236541748047,95.27533721923828,95.59457397460938,313438.0
2023-11-28 11:30:00-05:00,95.60255432128906,95.66639709472656,95.10774230957031,95.1795654296875,254063.0
2023-11-28 12:30:00-05:00,95.1795654296875,95.26336669921875,94.86432647705078,95.13168334960938,378776.0
2023-11-28 13:30:00-05:00,95.13168334960938,95.21947479248047,94.78850555419922,94.9640884399414,259438.0
2023-11-28 14:30:00-05:00,94.95610809326172,94.9720687866211,94.64485168457031,94.8204345703125,260677.0
2023-11-28 15:30:00-05:00,94.81643676757812,94.93695068359375,94.62091064453125,94.84357452392578,514494.0
2023-11-28 16:00:00-05:00,94.828415,94.96409,94.69273,94.94015,0.0
2023-11-28 17:00:00-05:00,94.94015,95.09178,94.788506,94.788506,0.0
2023-11-28 18:00:00-05:00,94.852356,95.09178,94.796486,94.852356,0.0
2023-11-29 04:00:00-05:00,94.796486,95.04389,94.57302,95.04389,0.0
2023-11-29 05:00:00-05:00,95.27534,95.38707,94.97207,95.00399,0.0
2023-11-29 06:00:00-05:00,95.00399,95.25938,95.00399,95.25938,0.0
2023-11-29 07:00:00-05:00,95.00399,95.682365,95.00399,95.31525,0.0
2023-11-29 08:00:00-05:00,95.31525,95.32323,94.772545,95.211494,0.0
2023-11-29 09:00:00-05:00,95.211494,95.70631,94.98005,95.70631,0.0
2023-11-29 09:30:00-05:00,95.38706970214844,95.53072357177734,94.86831665039062,95.00399017333984,406665.0
2023-11-29 10:30:00-05:00,95.00399017333984,95.22745513916016,94.84038543701172,94.9720687866211,239361.0
2023-11-29 11:30:00-05:00,94.98802947998047,95.38706970214844,94.90023803710938,95.29927825927734,210457.0
2023-11-29 12:30:00-05:00,95.30726623535156,95.37110900878906,94.9720687866211,95.24341583251953,142722.0
2023-11-29 13:30:00-05:00,95.24740600585938,95.26336669921875,94.83639526367188,94.85028076171875,219941.0
2023-11-29 14:30:00-05:00,94.83639526367188,94.8563461303711,94.53311920166016,94.58100891113281,426814.0
2023-11-29 15:30:00-05:00,94.5889892578125,94.90821838378906,94.53311920166016,94.86033630371094,725153.0
2023-11-29 16:00:00-05:00,94.852356,95.03591,94.48524,94.51716,0.0
2023-11-29 17:00:00-05:00,94.51716,95.03591,94.50918,95.03591,0.0
2023-11-29 18:00:00-05:00,94.92418,95.03591,94.70072,94.73264,0.0
2023-11-30 04:00:00-05:00,94.97207,94.97207,94.93216,94.93216,0.0
2023-11-30 05:00:00-05:00,94.93216,94.97207,94.93216,94.97207,0.0
2023-11-30 06:00:00-05:00,94.97207,95.01197,94.97207,95.01197,0.0
2023-11-30 07:00:00-05:00,95.01197,95.09976,94.66081,95.05985,0.0
2023-11-30 08:00:00-05:00,95.05985,95.9138,94.64485,95.10774,0.0
2023-11-30 09:00:00-05:00,94.97207,95.31525,94.97207,95.13168,0.0
2023-11-30 09:30:00-05:00,95.01197052001953,95.79409790039062,94.89225769042969,95.68236541748047,641244.0
2023-11-30 10:30:00-05:00,95.69034576416016,96.42857360839844,95.66639709472656,96.08938598632812,613791.0
2023-11-30 11:30:00-05:00,96.06544494628906,96.26496124267578,95.86128997802734,96.1412582397461,774779.0
2023-11-30 12:30:00-05:00,96.15322875976562,96.2569808959961,96.04948425292969,96.22505950927734,333502.0
2023-11-30 13:30:00-05:00,96.23303985595703,96.57621765136719,96.17717742919922,96.45650482177734,525753.0
2023-11-30 14:30:00-05:00,96.46448516845703,96.59217834472656,96.34477233886719,96.5682373046875,860099.0
2023-11-30 15:30:00-05:00,96.56983184814453,97.2386245727539,96.56025695800781,97.12689208984375,992252.0
2023-11-30 16:00:00-05:00,97.13488,97.238625,96.40862,97.15084,0.0
2023-11-30 17:00:00-05:00,97.12689,97.302475,93.06584,97.08699,0.0
2023-11-30 18:00:00-05:00,97.12689,97.318436,97.08699,97.2067,0.0
2023-12-01 04:00:00-05:00,96.6241,97.21468,96.56824,97.2067,0.0
2023-12-01 05:00:00-05:00,97.21468,97.3743,96.895454,97.36632,0.0
2023-12-01 06:00:00-05:00,97.286514,97.36632,96.919395,97.07901,0.0
2023-12-01 07:00:00-05:00,97.2067,97.278534,97.08699,97.13488,0.0
2023-12-01 08:00:00-05:00,97.13488,97.36632,95.77015,97.08699,0.0
2023-12-01 09:00:00-05:00,97.08699,97.286514,96.96728,97.2067,0.0
2023-12-01 09:30:00-05:00,97.12689208984375,98.10853576660156,96.9433364868164,97.94892120361328,941762.0
2023-12-01 10:30:00-05:00,97.92498016357422,98.24421691894531,97.73343658447266,98.2282485961914,769757.0
2023-12-01 11:30:00-05:00,98.2217025756836,98.36392974853516,97.98483276367188,98.06065368652344,389690.0
2023-12-01 12:30:00-05:00,98.05506896972656,98.30343627929688,97.98084259033203,98.1723861694336,265141.0
2023-12-01 13:30:00-05:00,98.12498474121094,98.20430755615234,97.91699981689453,98.08060455322266,320033.0
2023-12-01 14:30:00-05:00,98.0845947265625,98.22026824951172,97.66161346435547,97.72865295410156,472875.0
2023-12-01 15:30:00-05:00,97.71747589111328,97.8691177368164,97.49401092529297,97.76536560058594,831026.0
2023-12-01 16:00:00-05:00,97.773346,97.92498,97.39027,97.765366,0.0
2023-12-01 17:00:00-05:00,97.765366,97.89306,97.44613,97.47453,0.0
2023-12-01 18:00:00-05:00,97.92498,97.92498,97.46209,97.92498,0.0
2023-12-04 04:00:00-05:00,97.92498,97.92498,97.51796,97.51796,0.0
2023-12-04 05:00:00-05:00,97.51796,97.51796,97.51796,97.51796,0.0
2023-12-04 06:00:00-05:00,97.51796,97.78931,97.51796,97.78931,0.0
2023-12-04 07:00:00-05:00,97.765366,97.80527,97.5419,97.60574,0.0
2023-12-04 08:00:00-05:00,97.60574,98.164406,97.50998,97.677574,0.0
2023-12-04 09:00:00-05:00,97.677574,97.677574,97.10295,97.278534,0.0
2023-12-04 09:30:00-05:00,97.21468353271484,97.69353485107422,97.03910827636719,97.2466049194336,722741.0
2023-12-04 10:30:00-05:00,97.2386245727539,97.27454376220703,96.70391082763672,97.07102966308594,461661.0
2023-12-04 11:30:00-05:00,97.06304931640625,97.38363647460938,96.97525787353516,97.35833740234375,427182.0
2023-12-04 12:30:00-05:00,97.35833740234375,97.6217041015625,97.16680145263672,97.19074249267578,181399.0
2023-12-04 13:30:00-05:00,97.1747817993164,97.29449462890625,96.91141510009766,96.99919891357422,235856.0
2023-12-04 14:30:00-05:00,97.0071792602539,97.20670318603516,96.69593048095703,96.79888153076172,414866.0
2023-12-04 15:30:00-05:00,96.7996826171875,97.11891174316406,96.7118911743164,96.99121856689453,721828.0
2023-12-04 16:00:00-05:00,96.99122,97.03113,96.855545,96.88747,0.0
2023-12-04 17:00:00-05:00,97.03113,97.03911,96.88747,96.88747,0.0
2023-12-04 18:00:00-05:00,96.887634,96.99122,96.88747,96.9593,0.0
2023-12-05 04:00:00-05:00,96.911415,96.911415,96.56824,96.64006,0.0
2023-12-05 05:00:00-05:00,96.64006,96.69593,96.64006,96.69593,0.0
2023-12-05 06:00:00-05:00,96.69593,96.69593,96.48843,96.528336,0.0
2023-12-05 07:00:00-05:00,96.528336,96.64805,96.528336,96.56824,0.0
2023-12-05 08:00:00-05:00,96.56824,96.88747,96.27294,96.51237,0.0
2023-12-05 09:00:00-05:00,96.63208,96.879486,96.56824,96.60814,0.0
2023-12-05 09:30:00-05:00,96.57621765136719,96.7118911743164,95.99361419677734,96.1053466796875,432353.0
2023-12-05 10:30:00-05:00,96.1053466796875,96.36871337890625,95.76216888427734,96.24102020263672,385537.0
2023-12-05 11:30:00-05:00,96.23312377929688,96.5516357421875,96.23312377929688,96.44054412841797,287606.0
2023-12-05 12:30:00-05:00,96.44054412841797,96.52825164794922,96.17717742919922,96.44852447509766,227256.0
2023-12-05 13:30:00-05:00,96.46448516845703,96.5403060913086,96.18914794921875,96.28092956542969,256773.0
2023-12-05 14:30:00-05:00,96.28092956542969,96.28092956542969,96.04948425292969,96.08539581298828,310053.0
2023-12-05 15:30:00-05:00,96.08938598632812,96.11731719970703,95.8110122680664,95.96967315673828,519332.0
2023-12-05 16:00:00-05:00,95.95371,96.1692,95.834,95.834,0.0
2023-12-05 17:00:00-05:00,95.84198,96.1692,95.78611,95.78611,0.0
2023-12-05 18:00:00-05:00,95.78611,95.85794,95.78611,95.78611,0.0
2023-12-06 04:00:00-05:00,96.32881,96.32881,96.32881,96.32881,0.0
2023-12-06 05:00:00-05:00,96.32881,96.32881,96.32881,96.32881,0.0
2023-12-06 06:00:00-05:00,96.32881,96.36073,95.96967,96.11333,0.0
2023-12-06 07:00:00-05:00,96.12131,96.28093,96.009575,96.27294,0.0
2023-12-06 08:00:00-05:00,96.27294,96.28891,96.009575,96.28891,0.0
2023-12-06 09:00:00-05:00,96.28891,96.36871,96.17718,96.36073,0.0
2023-12-06 09:30:00-05:00,96.632080078125,97.82920837402344,96.59217834472656,96.67198944091797,596447.0
2023-12-06 10:30:00-05:00,96.66400909423828,96.91141510009766,96.03351593017578,96.1851577758789,593668.0
2023-12-06 11:30:00-05:00,96.17717742919922,96.36871337890625,95.9857177734375,96.34477233886719,250029.0
2023-12-06 12:30:00-05:00,96.35275268554688,96.35674285888672,96.08938598632812,96.20909881591797,233694.0
2023-12-06 13:30:00-05:00,96.20111846923828,96.4245834350586,96.14524841308594,96.14524841308594,175056.0
2023-12-06 14:30:00-05:00,96.15322875976562,96.21707916259766,95.81803894042969,95.91380310058594,249234.0
2023-12-06 15:30:00-05:00,95.91380310058594,95.9537124633789,95.53072357177734,95.63048553466797,489467.0
2023-12-06 16:00:00-05:00,95.618515,95.96169,95.37111,95.58659,0.0
2023-12-06 17:00:00-05:00,95.602554,95.84996,95.602554,95.610535,0.0
2023-12-06 18:00:00-05:00,95.610535,95.77015,95.610535,95.634476,0.0
2023-12-07 04:00:00-05:00,95.610535,95.65044,95.13966,95.13966,0.0
2023-12-07 05:00:00-05:00,95.618515,95.618515,95.618515,95.618515,0.0
2023-12-07 06:00:00-05:00,95.618515,95.618515,95.02793,95.06784,0.0
2023-12-07 07:00:00-05:00,95.546684,95.546684,95.06784,95.06784,0.0
2023-12-07 08:00:00-05:00,95.36313,95.610535,95.00399,95.37111,0.0
2023-12-07 09:00:00-05:00,95.37111,95.65044,95.32323,95.602554,0.0
2023-12-07 09:30:00-05:00,95.37110900878906,95.7861099243164,95.01197052001953,95.06784057617188,401392.0
2023-12-07 10:30:00-05:00,95.07582092285156,95.24341583251953,94.62889099121094,94.70870208740234,334634.0
2023-12-07 11:30:00-05:00,94.71668243408203,94.83639526367188,94.30965423583984,94.39744567871094,327833.0
2023-12-07 12:30:00-05:00,94.41340637207031,94.62889099121094,94.34956359863281,94.62091064453125,236844.0
2023-12-07 13:30:00-05:00,94.62091064453125,95.18755340576172,94.55706024169922,95.18755340576172,376393.0
2023-12-07 14:30:00-05:00,95.18755340576172,95.37198638916016,94.92816925048828,94.94413757324219,367407.0
2023-12-07 15:30:00-05:00,94.94413757324219,95.39505004882812,94.82841491699219,95.34716796875,587777.0
2023-12-07 16:00:00-05:00,95.35515,95.50678,94.8763,95.243416,0.0
2023-12-07 17:00:00-05:00,95.227455,95.7056,95.227455,95.2913,0.0
2023-12-07 18:00:00-05:00,95.2913,95.4589,95.219475,95.219475,0.0
2023-12-08 04:00:00-05:00,95.36313,95.36313,95.36313,95.36313,0.0
2023-12-08 05:00:00-05:00,95.36313,95.36313,95.35515,95.35515,0.0
2023-12-08 06:00:00-05:00,95.35515,95.76217,95.10774,95.10774,0.0
2023-12-08 07:00:00-05:00,94.97207,95.37111,94.73264,95.34717,0.0
2023-12-08 08:00:00-05:00,95.40303,95.45092,95.05985,95.35515,0.0
2023-12-08 09:00:00-05:00,95.227455,95.77015,94.8763,95.05985,0.0
2023-12-08 09:30:00-05:00,95.05187225341797,95.97765350341797,94.95555114746094,95.81005859375,487219.0
2023-12-08 10:30:00-05:00,95.82601928710938,96.1053466796875,95.69034576416016,95.79409790039062,277924.0
2023-12-08 11:30:00-05:00,95.82202911376953,95.90582275390625,95.53072357177734,95.78970336914062,271440.0
2023-12-08 12:30:00-05:00,95.81803894042969,96.42059326171875,95.77014923095703,96.38467407226562,268809.0
2023-12-08 13:30:00-05:00,96.39066314697266,96.39265441894531,95.9537124633789,96.0255355834961,242346.0
2023-12-08 14:30:00-05:00,96.03614807128906,96.23303985595703,95.98722839355469,96.16121673583984,419375.0
2023-12-08 15:30:00-05:00,96.15322875976562,96.38068389892578,96.1053466796875,96.24501037597656,576252.0
2023-12-08 16:00:00-05:00,96.26496,96.40862,95.51476,96.20112,0.0
2023-12-08 17:00:00-05:00,96.20112,96.36073,96.19314,96.19314,0.0
2023-12-08 18:00:00-05:00,96.19314,96.40862,96.19314,96.27294,0.0
2023-12-11 04:00:00-05:00,95.985634,96.5443,95.985634,96.5443,0.0
2023-12-11 05:00:00-05:00,96.5443,96.5443,95.77015,95.77015,0.0
2023-12-11 06:00:00-05:00,95.77015,96.22506,95.77015,95.77015,0.0
2023-12-11 07:00:00-05:00,95.77015,96.22506,95.77015,96.16122,0.0
2023-12-11 08:00:00-05:00,96.15323,97.86912,95.88986,96.13727,0.0
2023-12-11 09:00:00-05:00,96.065445,96.26496,96.033516,96.1692,0.0
2023-12-11 09:30:00-05:00,96.24102020263672,96.49720764160156,95.48284149169922,95.9616928100586,433216.0
2023-12-11 10:30:00-05:00,95.9616928100586,96.20909881591797,95.86592102050781,95.98292541503906,288047.0
2023-12-11 11:30:00-05:00,95.97940826416016,96.18914794921875,95.88188171386719,96.03351593017578,208900.0
2023-12-11 12:30:00-05:00,96.05746459960938,96.13726806640625,95.8739013671875,96.04948425292969,274441.0
2023-12-11 13:30:00-05:00,96.06544494628906,96.07342529296875,95.8739013671875,95.96831512451172,194480.0
2023-12-11 14:30:00-05:00,95.96967315673828,96.04150390625,95.73822784423828,95.86193084716797,302491.0
2023-12-11 15:30:00-05:00,95.85794067382812,96.11332702636719,95.84996032714844,96.03751373291016,459720.0
2023-12-11 16:00:00-05:00,96.025536,96.049484,95.538704,95.86592,0.0
2023-12-11 17:00:00-05:00,95.86592,95.95371,95.85794,95.95371,0.0
2023-12-11 18:00:00-05:00,95.95371,96.24102,95.85794,95.85794,0.0
2023-12-12 04:00:00-05:00,96.009575,96.48843,96.009575,96.48843,0.0
2023-12-12 05:00:00-05:00,96.48843,96.48843,96.009575,96.009575,0.0
2023-12-12 06:00:00-05:00,96.49641,96.49641,95.77015,95.77015,0.0
2023-12-12 07:00:00-05:00,95.77015,96.36073,95.77015,95.993614,0.0
2023-12-12 08:00:00-05:00,95.993614,96.56824,95.92977,95.92977,0.0
2023-12-12 09:00:00-05:00,96.32083,96.32083,95.92977,96.017555,0.0
2023-12-12 09:30:00-05:00,96.56025695800781,97.58180236816406,96.2569808959961,97.07102966308594,815769.0
2023-12-12 10:30:00-05:00,97.08300018310547,97.44612884521484,97.06352996826172,97.11093139648438,386232.0
2023-12-12 11:30:00-05:00,97.10295104980469,97.2625732421875,96.96727752685547,97.20670318603516,298307.0
2023-12-12 12:30:00-05:00,97.21468353271484,97.31045532226562,96.7118911743164,96.93535614013672,187100.0
2023-12-12 13:30:00-05:00,96.95450592041016,97.1848373413086,96.863525390625,97.14286041259766,340531.0
2023-12-12 14:30:00-05:00,97.15084075927734,97.43415832519531,97.14286041259766,97.40223693847656,301061.0
2023-12-12 15:30:00-05:00,97.41021728515625,97.74541473388672,97.2905044555664,97.6376724243164,813447.0
2023-12-12 16:00:00-05:00,97.621704,97.749405,97.47805,97.62969,0.0
2023-12-12 17:00:00-05:00,97.64565,97.765366,97.621704,97.73807,0.0
2023-12-12 18:00:00-05:00,97.4731,97.72546,97.47007,97.621704,0.0
2023-12-13 04:00:00-05:00,97.765366,97.765366,97.765366,97.765366,0.0
2023-12-13 05:00:00-05:00,97.765366,97.765366,97.56584,97.621704,0.0
2023-12-13 06:00:00-05:00,97.621704,97.62969,97.61372,97.621704,0.0
2023-12-13 07:00:00-05:00,97.621704,97.72546,97.318436,97.621704,0.0
2023-12-13 08:00:00-05:00,97.717476,97.93296,96.61612,97.87678,0.0
2023-12-13 09:00:00-05:00,97.87678,97.8771,97.60574,97.86912,0.0
2023-12-13 09:30:00-05:00,97.4700698852539,97.65363311767578,96.76376342773438,96.7717514038086,466743.0
2023-12-13 10:30:00-05:00,96.76775360107422,96.93535614013672,96.632080078125,96.87150573730469,358344.0
2023-12-13 11:30:00-05:00,96.863525390625,96.96727752685547,96.51236724853516,96.52034759521484,288637.0
2023-12-13 12:30:00-05:00,96.51236724853516,96.70391082763672,96.24053955078125,96.34477233886719,239971.0
2023-12-13 13:30:00-05:00,96.34477233886719,97.18267822265625,96.20111846923828,96.95929718017578,418860.0
2023-12-13 14:30:00-05:00,96.95929718017578,97.29449462890625,96.1839599609375,96.28890991210938,626568.0
2023-12-13 15:30:00-05:00,96.30487060546875,96.85554504394531,96.1851577758789,96.7198715209961,1018511.0
2023-12-13 16:00:00-05:00,96.71189,96.7917,96.17718,96.70391,0.0
2023-12-13 17:00:00-05:00,96.72785,96.96728,96.56824,96.56824,0.0
2023-12-13 18:00:00-05:00,96.68795,96.71189,96.57622,96.71189,0.0
2023-12-14 04:00:00-05:00,97.238625,97.238625,97.03113,97.03911,0.0
2023-12-14 05:00:00-05:00,97.03113,97.03113,96.71189,96.73583,0.0
2023-12-14 06:00:00-05:00,96.9593,96.96728,96.36871,96.64805,0.0
2023-12-14 07:00:00-05:00,96.68795,97.15882,96.17718,96.9593,0.0
2023-12-14 08:00:00-05:00,97.06305,97.34302,96.76775,97.04709,0.0
2023-12-14 09:00:00-05:00,97.04709,97.26983,96.78181,97.19074,0.0
2023-12-14 09:30:00-05:00,96.67198944091797,97.19074249267578,95.69042205810547,96.13726806640625,1310106.0
2023-12-14 10:30:00-05:00,96.14524841308594,97.0590591430664,96.1412582397461,96.83958435058594,768911.0
2023-12-14 11:30:00-05:00,96.87150573730469,97.68555450439453,96.79170227050781,97.06304931640625,2280051.0
2023-12-14 12:30:00-05:00,97.07102966308594,97.39824676513672,96.87150573730469,96.88148498535156,472020.0
2023-12-14 13:30:00-05:00,96.87549591064453,96.91939544677734,96.39664459228516,96.83958435058594,673912.0
2023-12-14 14:30:00-05:00,96.84756469726562,97.05506896972656,96.75977325439453,96.85554504394531,729374.0
2023-12-14 15:30:00-05:00,96.85554504394531,96.89146423339844,96.32881164550781,96.85554504394531,1333337.0
2023-12-14 16:00:00-05:00,96.847565,96.88747,96.74381,96.75179,0.0
2023-12-14 17:00:00-05:00,96.75977,96.88348,96.75179,96.75179,0.0
2023-12-14 18:00:00-05:00,96.75179,96.847565,96.75179,96.847565,0.0
2023-12-15 04:00:00-05:00,96.82362,96.82362,96.67199,96.75179,0.0
2023-12-15 05:00:00-05:00,96.75179,97.81325,96.75179,97.81325,0.0
2023-12-15 06:00:00-05:00,97.96488,98.164406,97.88508,97.97286,0.0
2023-12-15 07:00:00-05:00,97.92498,98.523544,97.92498,98.523544,0.0
2023-12-15 08:00:00-05:00,98.563446,98.96249,96.67199,98.49162,0.0
2023-12-15 09:00:00-05:00,98.539505,98.611336,97.685555,97.8771,0.0
2023-12-15 09:30:00-05:00,97.69353485107422,98.4596939086914,97.23064422607422,97.72545623779297,2619395.0
2023-12-15 10:30:00-05:00,97.72545623779297,98.02873229980469,97.4700698852539,97.88811492919922,469850.0
2023-12-15 11:30:00-05:00,97.8770980834961,98.0566635131836,97.57382202148438,97.90103912353516,584962.0
2023-12-15 12:30:00-05:00,97.89305877685547,98.15642547607422,97.84516906738281,97.93304443359375,387344.0
2023-12-15 13:30:00-05:00,97.9409408569336,97.95690155029297,97.50199890136719,97.51795959472656,349037.0
2023-12-15 14:30:00-05:00,97.5258560180664,98.09656524658203,97.51795959472656,98.0845947265625,614848.0
2023-12-15 15:30:00-05:00,98.09257507324219,98.6991195678711,97.96488189697266,98.32402038574219,1284449.0
2023-12-15 16:00:00-05:00,98.332,98.43575,98.076614,98.24422,0.0
2023-12-15 17:00:00-05:00,98.2921,98.44373,98.16241,98.40383,0.0
2023-12-15 18:00:00-05:00,98.41181,98.4996,98.34796,98.34796,0.0
2023-12-18 04:00:00-05:00,98.42777,98.57941,98.068634,98.164406,0.0
2023-12-18 05:00:00-05:00,98.156425,98.59537,98.156425,98.59537,0.0
2023-12-18 06:00:00-05:00,98.59537,98.603355,98.164406,98.164406,0.0
2023-12-18 07:00:00-05:00,98.164406,98.77893,98.164406,98.77893,0.0
2023-12-18 08:00:00-05:00,98.77893,98.96249,98.172386,98.563446,0.0
2023-12-18 09:00:00-05:00,98.563446,98.563446,98.34796,98.35595,0.0
2023-12-18 09:30:00-05:00,98.6991195678711,98.79345703125,98.24421691894531,98.60335540771484,894277.0
2023-12-18 10:30:00-05:00,98.60335540771484,98.83080291748047,98.4676742553711,98.65522766113281,375948.0
2023-12-18 11:30:00-05:00,98.63926696777344,98.65921783447266,98.3088607788086,98.483642578125,301717.0
2023-12-18 12:30:00-05:00,98.49162292480469,98.73104858398438,98.37191009521484,98.483642578125,326318.0
2023-12-18 13:30:00-05:00,98.49960327148438,98.66719818115234,98.32801055908203,98.38787078857422,342100.0
2023-12-18 14:30:00-05:00,98.38835144042969,98.69034576416016,98.3160400390625,98.68315887451172,293915.0
2023-12-18 15:30:00-05:00,98.68315887451172,98.78691101074219,98.6272964477539,98.65921783447266,399247.0
2023-12-18 16:00:00-05:00,98.67518,98.67518,98.27614,98.65124,0.0
2023-12-18 17:00:00-05:00,98.65124,98.65124,98.26018,98.28412,0.0
2023-12-18 18:00:00-05:00,98.40383,98.65124,98.40383,98.467674,0.0
2023-12-19 04:00:00-05:00,98.96249,98.96249,98.96249,98.96249,0.0
2023-12-19 05:00:00-05:00,98.96249,98.96249,98.459694,98.459694,0.0
2023-12-19 06:00:00-05:00,98.459694,98.76297,98.45171,98.76297,0.0
2023-12-19 07:00:00-05:00,98.76297,98.76297,98.467674,98.76297,0.0
2023-12-19 08:00:00-05:00,98.76297,98.80287,98.34796,98.72307,0.0
2023-12-19 09:00:00-05:00,98.64326,98.72307,98.563446,98.71508,0.0
2023-12-19 09:30:00-05:00,98.72306823730469,100.07174682617188,98.72306823730469,99.99600982666016,1052650.0
2023-12-19 10:30:00-05:00,99.96009826660156,100.54269409179688,99.93614959716797,100.43096923828125,527249.0
2023-12-19 11:30:00-05:00,100.43846893310547,100.51875305175781,100.11173248291016,100.18356323242188,328883.0
2023-12-19 12:30:00-05:00,100.18356323242188,100.4794921875,100.06385040283203,100.36711883544922,473287.0
2023-12-19 13:30:00-05:00,100.3750991821289,100.48683166503906,100.1516342163086,100.35913848876953,310659.0
2023-12-19 14:30:00-05:00,100.35913848876953,100.51875305175781,100.12769317626953,100.19952392578125,302020.0
2023-12-19 15:30:00-05:00,100.19952392578125,100.51077270507812,100.04788208007812,100.51077270507812,733739.0
2023-12-19 16:00:00-05:00,100.51077,100.51077,100.00798,100.43097,0.0
2023-12-19 17:00:00-05:00,100.42298,100.47885,100.42298,100.47885,0.0
2023-12-19 18:00:00-05:00,100.47885,100.51875,100.42298,100.42298,0.0
2023-12-20 04:00:00-05:00,100.39904,100.51875,100.39904,100.48683,0.0
2023-12-20 05:00:00-05:00,100.48683,100.48683,100.159615,100.48683,0.0
2023-12-20 06:00:00-05:00,100.48683,100.51077,100.48683,100.51077,0.0
2023-12-20 07:00:00-05:00,100.51077,100.51077,99.94414,100.159615,0.0
2023-12-20 08:00:00-05:00,100.43097,100.51077,100.0399,100.199524,0.0
2023-12-20 09:00:00-05:00,100.199524,100.415,100.19154,100.39904,0.0
2023-12-20 09:30:00-05:00,100.15961456298828,100.73423767089844,100.04788208007812,100.5267333984375,667663.0
2023-12-20 10:30:00-05:00,100.5267333984375,100.54269409179688,100.03990173339844,100.11173248291016,411987.0
2023-12-20 11:30:00-05:00,100.10375213623047,100.11173248291016,99.81643676757812,100.02394104003906,256169.0
2023-12-20 12:30:00-05:00,100.03192138671875,100.11173248291016,99.80845642089844,99.96009826660156,253520.0
2023-12-20 13:30:00-05:00,99.96807861328125,100.00798034667969,99.59297943115234,99.63288116455078,295908.0
2023-12-20 14:30:00-05:00,99.63288116455078,99.63288116455078,98.78691101074219,98.89066314697266,1092554.0
2023-12-20 15:30:00-05:00,98.89066314697266,99.0103759765625,98.33998107910156,98.4676742553711,721179.0
2023-12-20 16:00:00-05:00,98.459694,98.57143,97.44613,98.41181,0.0
2023-12-20 17:00:00-05:00,103.93811,103.93811,98.35595,98.459694,0.0
2023-12-20 18:00:00-05:00,98.57143,99.28172,98.41181,98.63528,0.0
2023-12-21 04:00:00-05:00,99.0423,99.16201,98.954506,99.15403,0.0
2023-12-21 05:00:00-05:00,99.15403,99.28172,98.81883,99.24182,0.0
2023-12-21 06:00:00-05:00,99.24182,99.24182,99.12211,99.12211,0.0
2023-12-21 07:00:00-05:00,98.994415,99.23384,98.96249,99.09817,0.0
2023-12-21 08:00:00-05:00,99.09817,99.27374,98.96249,99.0423,0.0
2023-12-21 09:00:00-05:00,99.0423,99.377495,98.93176,99.27374,0.0
2023-12-21 09:30:00-05:00,99.14604949951172,100.3192367553711,99.11412811279297,100.01596069335938,795595.0
2023-12-21 10:30:00-05:00,100.01596069335938,100.47860717773438,99.86432647705078,100.45491027832031,398114.0
2023-12-21 11:30:00-05:00,100.43894958496094,100.78211975097656,99.86432647705078,99.88826751708984,542265.0
2023-12-21 12:30:00-05:00,99.90422821044922,100.27134704589844,99.88028717041016,100.26336669921875,332996.0
2023-12-21 13:30:00-05:00,100.27932739257812,100.8379898071289,100.15961456298828,100.81404876708984,293287.0
2023-12-21 14:30:00-05:00,100.79808807373047,101.16520690917969,100.64644622802734,101.10135650634766,492859.0
2023-12-21 15:30:00-05:00,101.1332778930664,101.39664459228516,100.92578125,101.29290008544922,661699.0
2023-12-21 16:00:00-05:00,101.2929,101.35674,100.77414,101.10136,0.0
2023-12-21 17:00:00-05:00,95.7056,101.3727,95.7056,101.23703,0.0
2023-12-21 18:00:00-05:00,101.17319,101.35674,101.045494,101.045494,0.0
2023-12-22 04:00:00-05:00,101.15722,101.30886,101.045494,101.30886,0.0
2023-12-22 05:00:00-05:00,101.30886,101.30886,101.30886,101.30886,0.0
2023-12-22 06:00:00-05:00,101.30886,101.30886,101.30886,101.30886,0.0
2023-12-22 07:00:00-05:00,101.30886,101.51636,101.005585,101.35674,0.0
2023-12-22 08:00:00-05:00,101.35674,101.66002,101.061455,101.436554,0.0
2023-12-22 09:00:00-05:00,101.476456,101.58021,101.3328,101.444534,0.0
2023-12-22 09:30:00-05:00,101.66799926757812,102.17877197265625,101.33280181884766,101.57222747802734,855190.0
2023-12-22 10:30:00-05:00,101.56448364257812,101.6480484008789,101.02154541015625,101.40463256835938,305473.0
2023-12-22 11:30:00-05:00,101.41261291503906,101.50039672851562,101.23303985595703,101.4780502319336,189207.0
2023-12-22 12:30:00-05:00,101.4804458618164,101.60662841796875,101.41309356689453,101.5323257446289,246084.0
2023-12-22 13:30:00-05:00,101.52833557128906,101.55626678466797,100.73423767089844,100.79409790039062,269834.0
2023-12-22 14:30:00-05:00,100.79010009765625,101.3008804321289,100.70231628417969,101.22904968261719,255449.0
2023-12-22 15:30:00-05:00,101.22904968261719,101.24501037597656,100.96568298339844,101.1332778930664,451622.0
2023-12-22 16:00:00-05:00,101.10934,101.34078,100.70232,100.94174,0.0
2023-12-22 17:00:00-05:00,100.93376,101.10934,100.92578,101.10934,0.0
2023-12-22 18:00:00-05:00,101.03751,101.10136,100.9577,101.03751,0.0
2023-12-26 04:00:00-05:00,101.10934,101.851555,101.10934,101.76376,0.0
2023-12-26 05:00:00-05:00,101.76376,101.76376,101.76376,101.76376,0.0
2023-12-26 06:00:00-05:00,101.76376,101.76376,101.35674,101.35674,0.0
2023-12-26 07:00:00-05:00,101.380684,101.75578,101.1253,101.34876,0.0
2023-12-26 08:00:00-05:00,101.34876,103.751,101.1253,101.668,0.0
2023-12-26 09:00:00-05:00,101.58021,101.67598,101.35674,101.54829,0.0
2023-12-26 09:30:00-05:00,101.19712829589844,101.7717514038086,101.0694351196289,101.70790100097656,376792.0
2023-12-26 10:30:00-05:00,101.72378540039062,101.92330169677734,101.61212921142578,101.78771209716797,228830.0
2023-12-26 11:30:00-05:00,101.75179290771484,101.81963348388672,101.64006042480469,101.76376342773438,217552.0
2023-12-26 12:30:00-05:00,101.7717514038086,101.8355941772461,101.67158508300781,101.79170227050781,156537.0
2023-12-26 13:30:00-05:00,101.7996826171875,101.89944458007812,101.70391082763672,101.85155487060547,161211.0
2023-12-26 14:30:00-05:00,101.84357452392578,101.92338562011719,101.71588134765625,101.85945892333984,203778.0
2023-12-26 15:30:00-05:00,101.85155487060547,101.92338562011719,101.60015869140625,101.72386169433594,360004.0
2023-12-26 16:00:00-05:00,101.71907,101.931366,101.380684,101.92873,0.0
2023-12-26 17:00:00-05:00,101.92873,101.96329,101.71588,101.71588,0.0
2023-12-26 18:00:00-05:00,101.931366,101.95531,101.73184,101.93935,0.0
2023-12-27 04:00:00-05:00,101.67598,101.94733,101.19713,101.35674,0.0
2023-12-27 05:00:00-05:00,101.60415,101.76376,101.476456,101.58021,0.0
2023-12-27 06:00:00-05:00,101.42059,101.67598,101.41261,101.42059,0.0
2023-12-27 07:00:00-05:00,101.67598,101.7478,101.49242,101.55627,0.0
2023-12-27 08:00:00-05:00,101.55627,102.63368,101.42059,101.75578,0.0
2023-12-27 09:00:00-05:00,101.75578,101.75578,101.51636,101.75578,0.0
2023-12-27 09:30:00-05:00,101.27693176269531,102.4581069946289,101.23703002929688,102.41022491455078,489472.0
2023-12-27 10:30:00-05:00,102.39425659179688,102.45155334472656,102.09896087646484,102.1867446899414,294032.0
2023-12-27 11:30:00-05:00,102.20271301269531,102.39823913574219,102.19473266601562,102.39823913574219,208096.0
2023-12-27 12:30:00-05:00,102.39823913574219,102.48204040527344,102.17892456054688,102.22665405273438,251198.0
2023-12-27 13:30:00-05:00,102.24261474609375,102.2904281616211,101.98722839355469,102.1468505859375,244178.0
2023-12-27 14:30:00-05:00,102.15084075927734,102.2346420288086,102.03511810302734,102.1229019165039,244683.0
2023-12-27 15:30:00-05:00,102.1308822631836,102.32243347167969,102.01915740966797,102.32243347167969,406114.0
2023-12-27 16:00:00-05:00,102.31603,102.33041,102.05906,102.23464,0.0
2023-12-27 17:00:00-05:00,102.306465,102.39426,102.306465,102.346375,0.0
2023-12-27 18:00:00-05:00,102.346375,102.39426,101.88348,101.88348,0.0
2023-12-28 04:00:00-05:00,102.378296,102.39426,102.314445,102.314445,0.0
2023-12-28 05:00:00-05:00,102.314445,102.55387,102.15483,102.15483,0.0
2023-12-28 06:00:00-05:00,102.15483,102.314445,102.15483,102.314445,0.0
2023-12-28 07:00:00-05:00,102.314445,102.45011,102.15483,102.15483,0.0
2023-12-28 08:00:00-05:00,102.274536,102.585785,102.15483,102.23464,0.0
2023-12-28 09:00:00-05:00,102.1628,102.40224,102.13887,102.15483,0.0
2023-12-28 09:30:00-05:00,102.15483093261719,102.43416595458984,102.00318908691406,102.41819763183594,379332.0
2023-12-28 10:30:00-05:00,102.41819763183594,102.49800109863281,102.32243347167969,102.39823913574219,268804.0
2023-12-28 11:30:00-05:00,102.39026641845703,102.49800109863281,102.31285095214844,102.32243347167969,191315.0
2023-12-28 12:30:00-05:00,102.33040618896484,102.59737396240234,102.25059509277344,102.55387115478516,272301.0
2023-12-28 13:30:00-05:00,102.55387115478516,102.94493865966797,102.50997924804688,102.80926513671875,415493.0
2023-12-28 14:30:00-05:00,102.80127716064453,103.11253356933594,102.60183715820312,102.61771392822266,497990.0
2023-12-28 15:30:00-05:00,102.64166259765625,102.69751739501953,102.32243347167969,102.42617797851562,574668.0
2023-12-28 16:00:00-05:00,102.410225,102.85715,102.378296,102.434166,0.0
2023-12-28 17:00:00-05:00,102.42618,102.434166,102.33041,102.36233,0.0
2023-12-28 18:00:00-05:00,102.36233,102.434166,102.360344,102.42618,0.0
2023-12-29 04:00:00-05:00,102.55387,102.59377,102.55387,102.59377,0.0
2023-12-29 05:00:00-05:00,102.649635,102.649635,102.15483,102.226654,0.0
2023-12-29 06:00:00-05:00,102.226654,102.226654,102.226654,102.226654,0.0
2023-12-29 07:00:00-05:00,102.226654,102.6257,102.20271,102.55387,0.0
2023-12-29 08:00:00-05:00,102.617714,102.753395,102.21867,102.70751,0.0
2023-12-29 09:00:00-05:00,102.645966,102.690346,102.39426,102.681564,0.0
2023-12-29 09:30:00-05:00,102.34637451171875,102.53790283203125,102.1308822631836,102.49114227294922,427774.0
2023-12-29 10:30:00-05:00,102.49002075195312,102.51396942138672,101.70790100097656,101.76376342773438,325279.0
2023-12-29 11:30:00-05:00,101.75977325439453,101.90343475341797,101.32482147216797,101.46847534179688,317162.0
2023-12-29 12:30:00-05:00,101.46847534179688,101.78771209716797,101.46847534179688,101.5961685180664,221882.0
2023-12-29 13:30:00-05:00,101.5961685180664,101.93136596679688,101.5961685180664,101.9154052734375,278299.0
2023-12-29 14:30:00-05:00,101.9154052734375,102.05107879638672,101.73982238769531,101.93128204345703,335592.0
2023-12-29 15:30:00-05:00,101.91724395751953,102.08300018310547,101.6996841430664,101.86751556396484,665547.0
2023-12-29 16:00:00-05:00,101.88348,101.88348,95.626495,95.626495,0.0
2023-12-29 17:00:00-05:00,101.827614,101.859535,95.626495,101.827614,0.0
2023-12-29 18:00:00-05:00,101.835594,101.835594,101.69992,101.79569,0.0
2024-01-02 04:00:00-05:00,102.73743,102.73743,102.07502,102.14685,0.0
2024-01-02 05:00:00-05:00,102.14685,102.14685,102.09896,102.09896,0.0
2024-01-02 06:00:00-05:00,102.09896,102.15483,101.75578,101.75578,0.0
2024-01-02 07:00:00-05:00,101.75578,101.859535,100.79809,101.31684,0.0
2024-01-02 08:00:00-05:00,101.31684,102.15483,100.76616,100.997604,0.0
2024-01-02 09:00:00-05:00,101.021545,101.34876,100.997604,101.11732,0.0
2024-01-02 09:30:00-05:00,101.97126770019531,102.27055358886719,100.7581787109375,100.79010009765625,775769.0
2024-01-02 10:30:00-05:00,100.76615905761719,100.86193084716797,100.33120727539062,100.46688079833984,409866.0
2024-01-02 11:30:00-05:00,100.462890625,100.98164367675781,100.42298126220703,100.80606842041016,360182.0
2024-01-02 12:30:00-05:00,100.82202911376953,101.02952575683594,100.72625732421875,100.81404876708984,317728.0
2024-01-02 13:30:00-05:00,100.81404876708984,100.8379898071289,100.23942565917969,100.2952880859375,235399.0
2024-01-02 14:30:00-05:00,100.29266357421875,100.32721710205078,99.95211791992188,100.20750427246094,398941.0
2024-01-02 15:30:00-05:00,100.19952392578125,100.55467224121094,100.04788208007812,100.5506820678711,710699.0
2024-01-02 16:00:00-05:00,100.51875,100.65443,99.99202,100.55068,0.0
2024-01-02 17:00:00-05:00,99.98404,100.51875,99.98404,100.34318,0.0
2024-01-02 18:00:00-05:00,100.34318,100.630486,100.34318,100.542694,0.0
2024-01-03 04:00:00-05:00,100.5826,100.5826,100.44693,100.44693,0.0
2024-01-03 05:00:00-05:00,100.44693,100.51875,100.44693,100.44693,0.0
2024-01-03 06:00:00-05:00,100.44693,100.44693,99.92019,99.92019,0.0
2024-01-03 07:00:00-05:00,99.92019,100.39106,99.92019,100.167595,0.0
2024-01-03 08:00:00-05:00,100.167595,100.5826,99.760574,99.98404,0.0
2024-01-03 09:00:00-05:00,100.07981,100.247406,99.776535,99.94414,0.0
2024-01-03 09:30:00-05:00,99.8563461303711,99.93614959716797,99.04229736328125,99.42537689208984,522209.0
2024-01-03 10:30:00-05:00,99.41739654541016,99.60894012451172,98.93854522705078,99.50518798828125,336001.0
2024-01-03 11:30:00-05:00,99.52114868164062,99.6169204711914,99.05825805664062,99.32162475585938,275890.0
2024-01-03 12:30:00-05:00,99.3056640625,99.36153411865234,99.05825805664062,99.25778198242188,167590.0
2024-01-03 13:30:00-05:00,99.25778198242188,99.25778198242188,98.68315887451172,99.02234649658203,289088.0
2024-01-03 14:30:00-05:00,99.01835632324219,99.45730590820312,98.91061401367188,99.10614776611328,258841.0
2024-01-03 15:30:00-05:00,99.12210845947266,99.20191192626953,98.97047424316406,99.00239562988281,407118.0
2024-01-03 16:00:00-05:00,99.010376,99.44932,98.978455,99.02634,0.0
2024-01-03 17:00:00-05:00,99.02634,99.369514,98.994415,99.369514,0.0
2024-01-03 18:00:00-05:00,98.994415,99.36887,98.994415,99.36792,0.0
2024-01-04 04:00:00-05:00,99.792496,99.792496,98.96249,98.96249,0.0
2024-01-04 05:00:00-05:00,98.96249,99.12211,98.96249,99.12211,0.0
2024-01-04 06:00:00-05:00,99.12211,99.22586,99.09019,99.09019,0.0
2024-01-04 07:00:00-05:00,99.09019,99.74461,99.09019,99.09817,0.0
2024-01-04 08:00:00-05:00,99.09817,99.68874,98.96249,99.05826,0.0
2024-01-04 09:00:00-05:00,99.44134,99.68076,98.96951,99.56105,0.0
2024-01-04 09:30:00-05:00,99.20191192626953,100.23942565917969,99.0981674194336,99.81244659423828,498429.0
2024-01-04 10:30:00-05:00,99.81643676757812,100.20750427246094,99.77653503417969,99.8563461303711,312251.0
2024-01-04 11:30:00-05:00,99.8563461303711,100.37110900878906,99.81643676757812,100.2314453125,213613.0
2024-01-04 12:30:00-05:00,100.2314453125,100.25531005859375,99.95211791992188,100.04788208007812,170805.0
2024-01-04 13:30:00-05:00,100.05985260009766,100.11971282958984,99.94413757324219,99.99201965332031,242122.0
2024-01-04 14:30:00-05:00,99.97605895996094,100.0798110961914,99.74469757080078,99.81643676757812,270376.0
2024-01-04 15:30:00-05:00,99.80845642089844,99.90023803710938,99.44133758544922,99.52114868164062,586457.0
2024-01-04 16:00:00-05:00,99.48923,100.01596,99.377495,99.6648,0.0
2024-01-04 17:00:00-05:00,95.70558,99.6648,95.70558,99.48923,0.0
2024-01-04 18:00:00-05:00,99.48923,99.68076,99.48923,99.61692,0.0
2024-01-05 04:00:00-05:00,99.46529,99.46529,99.457306,99.457306,0.0
2024-01-05 05:00:00-05:00,99.48125,99.73663,99.26576,99.48125,0.0
2024-01-05 06:00:00-05:00,99.48125,99.48125,99.48125,99.48125,0.0
2024-01-05 07:00:00-05:00,99.48125,99.52115,99.25778,99.393456,0.0
2024-01-05 08:00:00-05:00,99.393456,100.02394,99.12211,99.2099,0.0
2024-01-05 09:00:00-05:00,99.20191,99.60096,98.96249,99.52115,0.0
2024-01-05 09:30:00-05:00,99.6807632446289,100.41500091552734,99.54508972167969,100.0,417668.0
2024-01-05 10:30:00-05:00,100.06385040283203,100.60255432128906,100.0,100.38706970214844,317330.0
2024-01-05 11:30:00-05:00,100.39904022216797,100.65442657470703,100.19952392578125,100.34317779541016,319409.0
2024-01-05 12:30:00-05:00,100.35115814208984,100.62250518798828,100.3192367553711,100.57462310791016,248197.0
2024-01-05 13:30:00-05:00,100.58260345458984,100.7222671508789,100.44692993164062,100.50279235839844,319412.0
2024-01-05 14:30:00-05:00,100.4988021850586,100.6065444946289,100.19952392578125,100.34716796875,334875.0
2024-01-05 15:30:00-05:00,100.35913848876953,100.83000946044922,100.26336669921875,100.78211975097656,639498.0
2024-01-05 16:00:00-05:00,100.7901,100.94972,100.36712,100.94174,0.0
2024-01-05 17:00:00-05:00,100.74222,100.7901,100.36712,100.56664,0.0
2024-01-05 18:00:00-05:00,100.75818,100.83799,100.56664,100.80607,0.0
2024-01-08 04:00:00-05:00,100.48683,100.48683,100.239426,100.46289,0.0
2024-01-08 05:00:00-05:00,100.46289,100.55866,100.19154,100.55866,0.0
2024-01-08 06:00:00-05:00,100.55866,100.55866,100.0399,100.159615,0.0
2024-01-08 07:00:00-05:00,100.159615,100.56664,100.159615,100.51875,0.0
2024-01-08 08:00:00-05:00,100.51875,100.78212,99.840385,100.542694,0.0
2024-01-08 09:00:00-05:00,100.542694,100.542694,99.92019,100.542694,0.0
2024-01-08 09:30:00-05:00,100.73423767089844,101.01356506347656,99.13008880615234,100.19952392578125,1003588.0
2024-01-08 10:30:00-05:00,100.22745513916016,100.55866241455078,100.13383483886719,100.45092010498047,427815.0
2024-01-08 11:30:00-05:00,100.462890625,101.02952575683594,100.45491027832031,100.8616943359375,348416.0
2024-01-08 12:30:00-05:00,100.85906219482422,101.26097106933594,100.85906219482422,101.15721893310547,253020.0
2024-01-08 13:30:00-05:00,101.16520690917969,101.50039672851562,101.0774154663086,101.43655395507812,620061.0
2024-01-08 14:30:00-05:00,101.44453430175781,101.89146423339844,101.44453430175781,101.81165313720703,419795.0
2024-01-08 15:30:00-05:00,101.81564331054688,102.49800109863281,101.77973175048828,102.3782958984375,1019416.0
2024-01-08 16:00:00-05:00,102.378296,102.44214,101.98723,102.290504,0.0
2024-01-08 17:00:00-05:00,102.1628,102.378296,102.15586,102.15586,0.0
2024-01-08 18:00:00-05:00,102.15586,102.378296,102.15483,102.306465,0.0
2024-01-09 04:00:00-05:00,102.274536,102.274536,102.13887,102.13887,0.0
2024-01-09 05:00:00-05:00,102.00319,102.00319,101.77175,101.99521,0.0
2024-01-09 06:00:00-05:00,101.907425,101.99521,101.835594,101.99521,0.0
2024-01-09 07:00:00-05:00,101.99521,102.083,101.75578,101.95531,0.0
2024-01-09 08:00:00-05:00,101.835594,102.306465,101.75578,101.75578,0.0
2024-01-09 09:00:00-05:00,101.907425,101.915405,101.380684,101.67598,0.0
2024-01-09 09:30:00-05:00,101.57222747802734,102.3543472290039,101.31684112548828,102.22665405273438,703497.0
2024-01-09 10:30:00-05:00,102.22665405273438,102.64166259765625,102.21070098876953,102.57781219482422,431273.0
2024-01-09 11:30:00-05:00,102.57781219482422,102.64166259765625,102.2905044555664,102.44700622558594,241060.0
2024-01-09 12:30:00-05:00,102.48196411132812,102.72944641113281,102.33040618896484,102.56184387207031,266270.0
2024-01-09 13:30:00-05:00,102.5458984375,102.72944641113281,102.26656341552734,102.53392791748047,318492.0
2024-01-09 14:30:00-05:00,102.5299301147461,102.58578491210938,102.2905044555664,102.48204040527344,346480.0
2024-01-09 15:30:00-05:00,102.47405242919922,102.77733612060547,102.33040618896484,102.7533950805664,600510.0
2024-01-09 16:00:00-05:00,102.73743,102.777336,102.44214,102.72945,0.0
2024-01-09 17:00:00-05:00,102.753395,102.92897,102.410225,102.76137,0.0
2024-01-09 18:00:00-05:00,102.76137,102.92897,102.76137,102.87255,0.0
2024-01-10 04:00:00-05:00,102.777336,102.89704,102.777336,102.89704,0.0
2024-01-10 05:00:00-05:00,102.89704,102.89704,102.67358,102.777336,0.0
2024-01-10 06:00:00-05:00,102.777336,102.777336,102.45811,102.777336,0.0
2024-01-10 07:00:00-05:00,102.44214,102.89704,102.44214,102.88907,0.0
2024-01-10 08:00:00-05:00,102.88907,102.90503,102.44214,102.8731,0.0
2024-01-10 09:00:00-05:00,102.89704,102.89704,102.33838,102.705505,0.0
2024-01-10 09:30:00-05:00,102.71348571777344,103.34397888183594,102.56184387207031,103.00878143310547,755410.0
2024-01-10 10:30:00-05:00,103.03273010253906,103.41580200195312,102.96887969970703,103.17646026611328,494561.0
2024-01-10 11:30:00-05:00,103.17949676513672,103.48763275146484,103.05667114257812,103.47965240478516,246713.0
2024-01-10 12:30:00-05:00,103.47965240478516,103.67916870117188,103.2881088256836,103.30406951904297,331933.0
2024-01-10 13:30:00-05:00,103.30406951904297,103.6472396850586,103.2881088256836,103.52753448486328,214970.0
2024-01-10 14:30:00-05:00,103.55147552490234,103.88667297363281,103.39186096191406,103.4493179321289,419501.0
2024-01-10 15:30:00-05:00,103.44771575927734,103.60734558105469,103.23224639892578,103.50359344482422,638624.0
2024-01-10 16:00:00-05:00,103.463684,103.51157,103.18763,103.463684,0.0
2024-01-10 17:00:00-05:00,103.463684,103.655235,103.37605,103.463684,0.0
2024-01-10 18:00:00-05:00,103.43177,103.51157,103.064644,103.45571,0.0
2024-01-11 04:00:00-05:00,103.31205,103.31205,103.31205,103.31205,0.0
2024-01-11 05:00:00-05:00,103.31205,103.31205,103.31205,103.31205,0.0
2024-01-11 06:00:00-05:00,103.31205,103.990425,103.31205,103.990425,0.0
2024-01-11 07:00:00-05:00,103.98244,103.990425,103.36792,103.59138,0.0
2024-01-11 08:00:00-05:00,103.59138,103.974464,103.31205,103.9186,0.0
2024-01-11 09:00:00-05:00,103.76697,103.920586,103.161285,103.83639,0.0
2024-01-11 09:30:00-05:00,103.84676361083984,103.91061401367188,102.00318908691406,102.70550537109375,660173.0
2024-01-11 10:30:00-05:00,102.70550537109375,102.93694305419922,102.4780502319336,102.63368225097656,325786.0
2024-01-11 11:30:00-05:00,102.64166259765625,102.905029296875,102.17877197265625,102.22665405273438,676092.0
2024-01-11 12:30:00-05:00,102.2346420288086,103.08458709716797,102.08300018310547,102.96409606933594,393478.0
2024-01-11 13:30:00-05:00,102.98483276367188,103.19233703613281,102.83320617675781,103.1843490600586,376833.0
2024-01-11 14:30:00-05:00,103.20375061035156,103.4557113647461,103.14446258544922,103.39186096191406,362870.0
2024-01-11 15:30:00-05:00,103.41580200195312,103.67118072509766,103.16840362548828,103.54350280761719,637342.0
2024-01-11 16:00:00-05:00,103.57542,103.74303,102.96888,103.615326,0.0
2024-01-11 17:00:00-05:00,103.615326,103.615326,103.080605,103.208305,0.0
2024-01-11 18:00:00-05:00,103.208305,103.59138,103.208305,103.32004,0.0
2024-01-12 04:00:00-05:00,103.42378,104.14207,102.95291,104.14207,0.0
2024-01-12 05:00:00-05:00,104.14207,104.14207,103.63927,103.63927,0.0
2024-01-12 06:00:00-05:00,103.0008,104.1261,103.0008,103.29608,0.0
2024-01-12 07:00:00-05:00,103.36792,103.62331,103.30407,103.607346,0.0
2024-01-12 08:00:00-05:00,103.607346,103.62331,102.7933,103.51157,0.0
2024-01-12 09:00:00-05:00,103.607346,104.13407,103.607346,103.751,0.0
2024-01-12 09:30:00-05:00,104.2298583984375,104.38946533203125,103.63129425048828,103.83878326416016,580971.0
2024-01-12 10:30:00-05:00,103.830810546875,103.9345474243164,103.29608154296875,103.5754165649414,439373.0
2024-01-12 11:30:00-05:00,103.599365234375,103.71907806396484,103.26416778564453,103.37190246582031,260511.0
2024-01-12 12:30:00-05:00,103.34397888183594,103.47166442871094,103.1644058227539,103.33599090576172,175846.0
2024-01-12 13:30:00-05:00,103.34397888183594,103.51956176757812,103.2801284790039,103.32003784179688,242377.0
2024-01-12 14:30:00-05:00,103.32801055908203,103.43574523925781,103.09656524658203,103.22425842285156,401314.0
2024-01-12 15:30:00-05:00,103.22035217285156,103.61532592773438,103.1843490600586,103.5833969116211,715227.0
2024-01-12 16:00:00-05:00,103.5834,103.5834,102.921,103.24023,0.0
2024-01-12 17:00:00-05:00,103.28013,103.551476,103.24023,103.5435,0.0
2024-01-12 18:00:00-05:00,103.551476,103.551476,103.048676,103.120514,0.0
2024-01-16 04:00:00-05:00,103.5834,103.5834,103.048676,103.048676,0.0
2024-01-16 05:00:00-05:00,103.05667,103.05667,102.76936,102.95291,0.0
2024-01-16 06:00:00-05:00,102.95291,102.960884,102.94494,102.95291,0.0
2024-01-16 07:00:00-05:00,102.80128,103.14446,102.7933,103.11253,0.0
2024-01-16 08:00:00-05:00,103.11253,103.43177,102.99282,103.128494,0.0
2024-01-16 09:00:00-05:00,103.14446,103.29608,102.833206,103.104546,0.0
2024-01-16 09:30:00-05:00,103.62330627441406,103.63129425048828,102.26656341552734,102.98883056640625,680021.0
2024-01-16 10:30:00-05:00,102.9928207397461,103.11253356933594,102.3543472290039,102.47405242919922,723411.0
2024-01-16 11:30:00-05:00,102.48204040527344,102.71348571777344,102.16280364990234,102.22665405273438,383897.0
2024-01-16 12:30:00-05:00,102.22665405273438,102.26656341552734,101.84756469726562,102.0670394897461,526743.0
2024-01-16 13:30:00-05:00,102.0670394897461,102.15084075927734,101.75578308105469,101.97126770019531,481708.0
2024-01-16 14:30:00-05:00,101.97126770019531,102.09098052978516,101.8276138305664,101.84357452392578,459039.0
2024-01-16 15:30:00-05:00,101.8355941772461,102.1707992553711,101.54828643798828,102.1308822631836,767012.0
2024-01-16 16:00:00-05:00,102.13088,102.39426,101.58819,102.14173,0.0
2024-01-16 17:00:00-05:00,102.1344,102.7933,102.13088,102.26656,0.0
2024-01-16 18:00:00-05:00,102.26656,103.03273,102.13088,102.60175,0.0
2024-01-17 04:00:00-05:00,101.891464,101.891464,101.436554,101.436554,0.0
2024-01-17 05:00:00-05:00,101.436554,101.7478,101.436554,101.7478,0.0
2024-01-17 06:00:00-05:00,101.7478,101.7478,101.7478,101.7478,0.0
2024-01-17 07:00:00-05:00,101.75578,101.75578,101.436554,101.58021,0.0
2024-01-17 08:00:00-05:00,101.58021,102.15483,101.40463,101.41261,0.0
2024-01-17 09:00:00-05:00,101.67598,101.80367,101.41261,101.69194,0.0
2024-01-17 09:30:00-05:00,101.69194030761719,102.69751739501953,101.67597961425781,102.17877197265625,859639.0
2024-01-17 10:30:00-05:00,102.1308822631836,102.51795959472656,102.04309844970703,102.1707992553711,606970.0
2024-01-17 11:30:00-05:00,102.15882873535156,102.21867370605469,101.69194030761719,101.69194030761719,340618.0
2024-01-17 12:30:00-05:00,101.69194030761719,101.71588134765625,101.33280181884766,101.38068389892578,241679.0
2024-01-17 13:30:00-05:00,101.38068389892578,101.38068389892578,101.06145477294922,101.20510864257812,474687.0
2024-01-17 14:30:00-05:00,101.23703002929688,101.26097106933594,100.71029663085938,100.81404876708984,491552.0
2024-01-17 15:30:00-05:00,100.82202911376953,101.31684112548828,100.81404876708984,101.25299072265625,521924.0
2024-01-17 16:00:00-05:00,101.26097,101.26097,95.682365,101.25299,0.0
2024-01-17 17:00:00-05:00,101.25299,101.32083,101.093376,101.27693,0.0
2024-01-17 18:00:00-05:00,101.25299,101.28492,101.085396,101.085396,0.0
2024-01-18 04:00:00-05:00,101.24501,101.32482,101.15722,101.26097,0.0
2024-01-18 05:00:00-05:00,101.1253,101.30886,101.11732,101.30886,0.0
2024-01-18 06:00:00-05:00,101.30886,101.31684,101.22107,101.22107,0.0
2024-01-18 07:00:00-05:00,101.22107,101.7478,101.22107,101.42059,0.0
2024-01-18 08:00:00-05:00,101.51636,102.84916,101.2826,101.59617,0.0
2024-01-18 09:00:00-05:00,101.59617,101.9063,101.396645,101.436554,0.0
2024-01-18 09:30:00-05:00,101.516357421875,102.50646209716797,101.17318725585938,102.19473266601562,1025946.0
2024-01-18 10:30:00-05:00,102.16280364990234,102.2905044555664,101.71588134765625,101.93535614013672,579919.0
2024-01-18 11:30:00-05:00,101.93934631347656,102.1468505859375,101.5323257446289,101.747802734375,645016.0
2024-01-18 12:30:00-05:00,101.75578308105469,101.7996826171875,101.55626678466797,101.6839599609375,376371.0
2024-01-18 13:30:00-05:00,101.6839599609375,102.30646514892578,101.6839599609375,102.24261474609375,515429.0
2024-01-18 14:30:00-05:00,102.24261474609375,102.39425659179688,102.09098052978516,102.2346420288086,680007.0
2024-01-18 15:30:00-05:00,102.2346420288086,102.68954467773438,102.17877197265625,102.58578491210938,766793.0
2024-01-18 16:00:00-05:00,102.59377,102.69752,95.7056,95.7056,0.0
2024-01-18 17:00:00-05:00,102.64166,102.64166,102.47405,102.47405,0.0
2024-01-18 18:00:00-05:00,102.47405,102.69752,102.47405,102.69752,0.0
2024-01-19 04:00:00-05:00,102.93694,102.93694,102.93694,102.93694,0.0
2024-01-19 05:00:00-05:00,102.93694,102.94494,102.833206,102.94494,0.0
2024-01-19 06:00:00-05:00,102.88907,102.94494,102.63368,102.63368,0.0
2024-01-19 07:00:00-05:00,102.92897,102.93694,102.753395,102.753395,0.0
2024-01-19 08:00:00-05:00,102.753395,103.01676,102.45011,102.99282,0.0
2024-01-19 09:00:00-05:00,102.99282,102.99282,102.93694,102.94494,0.0
2024-01-19 09:30:00-05:00,102.71348571777344,102.84915924072266,101.70790100097656,102.3543472290039,1011639.0
2024-01-19 10:30:00-05:00,102.35034942626953,102.80926513671875,102.05506896972656,102.63368225097656,459875.0
2024-01-19 11:30:00-05:00,102.62570190429688,102.88108825683594,102.48204040527344,102.88108825683594,322284.0
2024-01-19 12:30:00-05:00,102.89305877685547,103.37590026855469,102.8252182006836,103.30406951904297,416440.0
2024-01-19 13:30:00-05:00,103.30007934570312,103.69512176513672,103.23224639892578,103.50359344482422,576247.0
2024-01-19 14:30:00-05:00,103.51956176757812,103.78291320800781,103.39984130859375,103.67118072509766,763444.0
2024-01-19 15:30:00-05:00,103.67916870117188,103.79090118408203,103.43974304199219,103.599365234375,650891.0
2024-01-19 16:00:00-05:00,103.599365,103.73503,102.95291,103.43974,0.0
2024-01-19 17:00:00-05:00,103.447716,103.73503,103.30008,103.73265,0.0
2024-01-19 18:00:00-05:00,103.68715,103.73503,103.43177,103.71109,0.0
2024-01-22 04:00:00-05:00,103.76697,103.76697,103.751,103.751,0.0
2024-01-22 05:00:00-05:00,103.751,103.950516,103.74303,103.74303,0.0
2024-01-22 06:00:00-05:00,103.74303,104.13407,103.74303,103.751,0.0
2024-01-22 07:00:00-05:00,103.75897,103.950516,103.75897,103.83081,0.0
2024-01-22 08:00:00-05:00,103.94254,104.118126,103.751,104.07023,0.0
2024-01-22 09:00:00-05:00,103.990425,104.15004,103.7909,104.054276,0.0
2024-01-22 09:30:00-05:00,104.11013793945312,105.56265258789062,104.11013793945312,105.32322692871094,1436667.0
2024-01-22 10:30:00-05:00,105.33918762207031,105.37110900878906,104.63687133789062,105.23543548583984,947211.0
2024-01-22 11:30:00-05:00,105.24740600585938,105.49481201171875,104.84038543701172,104.89225769042969,673346.0
2024-01-22 12:30:00-05:00,104.88826751708984,105.33120727539062,104.88826751708984,105.13168334960938,589629.0
2024-01-22 13:30:00-05:00,105.13168334960938,105.22937774658203,104.84437561035156,104.92425537109375,777925.0
2024-01-22 14:30:00-05:00,104.92417907714844,104.99553680419922,104.71668243408203,104.9640884399414,848114.0
2024-01-22 15:30:00-05:00,104.9640884399414,105.01995086669922,104.69273376464844,104.7406234741211,1238249.0
2024-01-22 16:00:00-05:00,104.73264,105.33121,104.54908,104.748604,0.0
2024-01-22 17:00:00-05:00,103.93811,104.98803,103.93811,104.86832,0.0
2024-01-22 18:00:00-05:00,104.90822,104.9162,104.74062,104.86832,0.0
2024-01-23 04:00:00-05:00,105.26736,105.26736,104.86832,104.94813,0.0
2024-01-23 05:00:00-05:00,104.90822,104.94813,104.86034,104.86832,0.0
2024-01-23 06:00:00-05:00,104.62091,104.86034,101.51636,102.78531,0.0
2024-01-23 07:00:00-05:00,102.95291,102.95291,94.17398,100.93376,0.0
2024-01-23 08:00:00-05:00,100.90981,105.81006,97.18292,103.18435,0.0
2024-01-23 09:00:00-05:00,103.16041,104.54908,101.792496,102.314445,0.0
2024-01-23 09:30:00-05:00,101.85953521728516,105.25139617919922,100.95770263671875,105.11572265625,4052006.0
2024-01-23 10:30:00-05:00,105.11173248291016,105.18356323242188,102.95291137695312,103.77494049072266,1587083.0
2024-01-23 11:30:00-05:00,103.7650375366211,103.83479309082031,103.02075958251953,103.61133575439453,763435.0
2024-01-23 12:30:00-05:00,103.62330627441406,104.93215942382812,103.60734558105469,104.42138671875,929715.0
2024-01-23 13:30:00-05:00,104.45331573486328,104.82841491699219,104.34158325195312,104.58100128173828,627419.0
2024-01-23 14:30:00-05:00,104.5091781616211,104.77254486083984,104.11412811279297,104.13407135009766,600744.0
2024-01-23 15:30:00-05:00,104.13009643554688,104.31962585449219,103.599365234375,103.72705841064453,968322.0
2024-01-23 16:00:00-05:00,103.751,104.81245,103.67118,103.75897,0.0
2024-01-23 17:00:00-05:00,103.751,103.950516,103.71109,103.71109,0.0
2024-01-23 18:00:00-05:00,103.88667,103.950516,103.67118,103.751,0.0
2024-01-24 04:00:00-05:00,103.23225,104.50918,103.23225,104.49321,0.0
2024-01-24 05:00:00-05:00,104.49321,104.50918,103.7909,104.48524,0.0
2024-01-24 06:00:00-05:00,103.9186,104.47726,103.77494,104.373505,0.0
2024-01-24 07:00:00-05:00,103.77494,104.38148,103.69512,104.07821,0.0
2024-01-24 08:00:00-05:00,104.15004,104.389465,102.91301,104.22986,0.0
2024-01-24 09:00:00-05:00,104.15004,104.22986,104.15004,104.21389,0.0
2024-01-24 09:30:00-05:00,103.96648406982422,104.0610580444336,100.91780090332031,102.1707992553711,2719369.0
2024-01-24 10:30:00-05:00,102.20271301269531,103.16840362548828,101.9937744140625,102.80127716064453,915249.0
2024-01-24 11:30:00-05:00,102.79329681396484,102.97413635253906,102.16280364990234,102.72147369384766,651060.0
2024-01-24 12:30:00-05:00,102.72991943359375,103.39177703857422,102.71348571777344,103.2801284790039,556679.0
2024-01-24 13:30:00-05:00,103.2801284790039,103.4557113647461,102.96088409423828,103.08060455322266,735773.0
2024-01-24 14:30:00-05:00,103.08858489990234,103.599365234375,102.84517669677734,103.599365234375,671355.0
2024-01-24 15:30:00-05:00,103.599365234375,103.88667297363281,103.54350280761719,103.69512176513672,1012398.0
2024-01-24 16:00:00-05:00,103.631294,104.030334,103.55945,103.67118,0.0
2024-01-24 17:00:00-05:00,103.631294,104.07023,103.59138,103.73503,0.0
2024-01-24 18:00:00-05:00,103.73503,103.73503,103.55945,103.70311,0.0
2024-01-25 04:00:00-05:00,103.72706,103.72706,103.72706,103.72706,0.0
2024-01-25 05:00:00-05:00,103.72706,103.72706,103.43974,103.43974,0.0
2024-01-25 06:00:00-05:00,103.447716,103.94254,103.43177,103.894646,0.0
2024-01-25 07:00:00-05:00,103.894646,103.894646,103.38387,103.751,0.0
2024-01-25 08:00:00-05:00,103.751,103.88667,102.990425,103.751,0.0
2024-01-25 09:00:00-05:00,103.751,104.15004,103.47965,103.67118,0.0
2024-01-25 09:30:00-05:00,104.26177215576172,105.74620819091797,103.95051574707031,105.63447570800781,1084587.0
2024-01-25 10:30:00-05:00,105.6424560546875,105.67438507080078,104.30167388916016,104.41340637207031,580301.0
2024-01-25 11:30:00-05:00,104.38946533203125,104.41340637207031,103.70710754394531,103.830810546875,509233.0
2024-01-25 12:30:00-05:00,103.84676361083984,104.20989990234375,103.77494049072266,103.830810546875,311022.0
2024-01-25 13:30:00-05:00,103.830810546875,103.94254302978516,103.5075912475586,103.92657470703125,364308.0
2024-01-25 14:30:00-05:00,103.9345474243164,104.08619689941406,103.69512176513672,103.71109008789062,373359.0
2024-01-25 15:30:00-05:00,103.71907806396484,103.94254302978516,103.50359344482422,103.70310974121094,749527.0
2024-01-25 16:00:00-05:00,103.69512,103.71908,103.35195,103.71908,0.0
2024-01-25 17:00:00-05:00,103.71908,104.030334,103.5834,103.59138,0.0
2024-01-25 18:00:00-05:00,103.59138,104.269745,103.495605,103.51157,0.0
2024-01-26 04:00:00-05:00,103.751,103.751,103.45571,103.45571,0.0
2024-01-26 05:00:00-05:00,103.45571,103.751,103.45571,103.751,0.0
2024-01-26 06:00:00-05:00,103.751,103.75897,103.70311,103.75897,0.0
2024-01-26 07:00:00-05:00,103.75897,104.18195,103.66321,103.84676,0.0
2024-01-26 08:00:00-05:00,103.9186,104.20591,102.753395,103.86273,0.0
2024-01-26 09:00:00-05:00,103.86273,104.15004,103.631294,103.75897,0.0
2024-01-26 09:30:00-05:00,104.17398071289062,105.38706970214844,104.06224822998047,105.00399017333984,620245.0
2024-01-26 10:30:00-05:00,104.98004913330078,105.53870391845703,104.91619873046875,105.38706970214844,464127.0
2024-01-26 11:30:00-05:00,105.37908935546875,105.45092010498047,104.90023803710938,105.0279312133789,256727.0
2024-01-26 12:30:00-05:00,105.02904510498047,105.23942565917969,104.87629699707031,105.16360473632812,361178.0
2024-01-26 13:30:00-05:00,105.16360473632812,105.4269790649414,104.99600982666016,105.1955337524414,432449.0
2024-01-26 14:30:00-05:00,105.2035140991211,105.24740600585938,104.78052520751953,104.8044662475586,302754.0
2024-01-26 15:30:00-05:00,104.8044662475586,104.9640884399414,104.5730209350586,104.71668243408203,491189.0
2024-01-26 16:00:00-05:00,104.70072,104.86832,104.57302,104.70072,0.0
2024-01-26 17:00:00-05:00,104.70016,104.7087,104.581,104.70719,0.0
2024-01-26 18:00:00-05:00,104.7087,104.7087,104.56505,104.7087,0.0
2024-01-29 04:00:00-05:00,104.389465,104.429375,104.389465,104.429375,0.0
2024-01-29 05:00:00-05:00,104.397446,104.96409,104.389465,104.96409,0.0
2024-01-29 06:00:00-05:00,104.96409,104.96409,104.269745,104.269745,0.0
2024-01-29 07:00:00-05:00,104.269745,104.74062,104.269745,104.74062,0.0
2024-01-29 08:00:00-05:00,104.56505,104.748604,101.86784,104.581,0.0
2024-01-29 09:00:00-05:00,104.581,104.74062,104.581,104.63687,0.0
2024-01-29 09:30:00-05:00,104.86831665039062,105.37901306152344,104.15003967285156,104.7406234741211,1142915.0
2024-01-29 10:30:00-05:00,104.7406234741211,104.81244659423828,103.50359344482422,103.7509994506836,997768.0
2024-01-29 11:30:00-05:00,103.76296997070312,104.22187042236328,103.68771362304688,103.9345474243164,373833.0
2024-01-29 12:30:00-05:00,103.9345474243164,103.99568176269531,103.5754165649414,103.70310974121094,297342.0
2024-01-29 13:30:00-05:00,103.72705841064453,103.95051574707031,103.63152313232422,103.92681884765625,275826.0
2024-01-29 14:30:00-05:00,103.95849609375,104.33759307861328,103.82282257080078,104.17398071289062,424313.0
2024-01-29 15:30:00-05:00,104.18195343017578,104.72466278076172,104.13407135009766,104.62889099121094,619995.0
2024-01-29 16:00:00-05:00,104.62889,104.73264,103.83878,104.69273,0.0
2024-01-29 17:00:00-05:00,104.54908,104.69273,104.46927,104.62091,0.0
2024-01-29 18:00:00-05:00,104.49321,104.820435,104.46927,104.70072,0.0
2024-01-30 04:00:00-05:00,104.54111,104.94813,104.15004,104.94813,0.0
2024-01-30 05:00:00-05:00,104.94813,104.94813,104.62091,104.62091,0.0
2024-01-30 06:00:00-05:00,104.62091,104.70072,104.62091,104.70072,0.0
2024-01-30 07:00:00-05:00,104.70072,104.70072,104.54908,104.62091,0.0
2024-01-30 08:00:00-05:00,104.62091,104.796486,104.20591,104.50918,0.0
2024-01-30 09:00:00-05:00,104.50918,104.66879,104.15801,104.54111,0.0
2024-01-30 09:30:00-05:00,104.93215942382812,106.04948425292969,104.72466278076172,105.94589233398438,925521.0
2024-01-30 10:30:00-05:00,105.95770263671875,106.30487060546875,105.69832611083984,106.18523406982422,837630.0
2024-01-30 11:30:00-05:00,106.20111846923828,106.62010955810547,106.16919708251953,106.37669372558594,782870.0
2024-01-30 12:30:00-05:00,106.36073303222656,106.67198944091797,106.32083129882812,106.61604309082031,519387.0
2024-01-30 13:30:00-05:00,106.61611938476562,106.91939544677734,106.59217834472656,106.83958435058594,687288.0
2024-01-30 14:30:00-05:00,106.84956359863281,107.12689208984375,106.74381256103516,106.91939544677734,828782.0
2024-01-30 15:30:00-05:00,106.92737579345703,107.16281127929688,106.73583221435547,106.87150573730469,1046911.0
2024-01-30 16:00:00-05:00,106.88747,106.88747,106.55228,106.80766,0.0
2024-01-30 17:00:00-05:00,106.80766,106.94334,106.56026,106.94334,0.0
2024-01-30 18:00:00-05:00,106.94334,106.94334,106.55228,106.78372,0.0
2024-01-31 04:00:00-05:00,106.871506,107.41421,106.78372,106.88747,0.0
2024-01-31 05:00:00-05:00,106.7917,107.47805,106.7917,106.88747,0.0
2024-01-31 06:00:00-05:00,106.78372,106.79968,105.92179,106.56824,0.0
2024-01-31 07:00:00-05:00,106.56824,106.74381,106.56824,106.57622,0.0
2024-01-31 08:00:00-05:00,106.57622,107.709496,106.49641,106.5842,0.0
2024-01-31 09:00:00-05:00,106.56824,106.935356,106.51237,106.57622,0.0
2024-01-31 09:30:00-05:00,106.75977325439453,107.31843566894531,105.83399963378906,106.60813903808594,789166.0
2024-01-31 10:30:00-05:00,106.62808990478516,106.74381256103516,106.16121673583984,106.27294158935547,388397.0
2024-01-31 11:30:00-05:00,106.27198791503906,106.28491973876953,105.86592102050781,106.04948425292969,281434.0
2024-01-31 12:30:00-05:00,106.0255355834961,106.14524841308594,105.8790054321289,106.1332778930664,340837.0
2024-01-31 13:30:00-05:00,106.13726806640625,106.36871337890625,105.8739013671875,106.20510864257812,544431.0
2024-01-31 14:30:00-05:00,106.1931381225586,106.50438690185547,105.63048553466797,105.93775177001953,812733.0
2024-01-31 15:30:00-05:00,105.94972229003906,106.08938598632812,105.44293975830078,105.67438507080078,786526.0
2024-01-31 16:00:00-05:00,105.682365,106.081406,105.681564,106.065445,0.0
2024-01-31 17:00:00-05:00,106.065445,106.065445,105.690346,106.049484,0.0
2024-01-31 18:00:00-05:00,106.049484,106.049484,105.690346,105.74621,0.0
2024-02-01 04:00:00-05:00,105.75419,105.75419,105.75419,105.75419,0.0
2024-02-01 05:00:00-05:00,105.75419,106.384674,105.626495,105.81006,0.0
2024-02-01 06:00:00-05:00,106.384674,106.384674,106.12929,106.14525,0.0
2024-02-01 07:00:00-05:00,106.14525,106.36871,105.84996,106.26496,0.0
2024-02-01 08:00:00-05:00,106.36871,106.61612,105.85794,106.392654,0.0
2024-02-01 09:00:00-05:00,106.392654,106.52035,105.6664,105.85794,0.0
2024-02-01 09:30:00-05:00,106.14524841308594,106.61212921142578,105.7222671508789,106.59217834472656,648249.0
2024-02-01 10:30:00-05:00,106.57621765136719,107.18675231933594,106.50438690185547,106.64006042480469,615114.0
2024-02-01 11:30:00-05:00,106.66400909423828,107.557861328125,106.66400909423828,107.52593994140625,524750.0
2024-02-01 12:30:00-05:00,107.54190063476562,107.79728698730469,107.2386245727539,107.58180236816406,623845.0
2024-02-01 13:30:00-05:00,107.60574340820312,107.75738525390625,107.28651428222656,107.58978271484375,351425.0
2024-02-01 14:30:00-05:00,107.59776306152344,108.10853576660156,107.59776306152344,107.98084259033203,580043.0
2024-02-01 15:30:00-05:00,107.99681091308594,108.07661437988281,107.76536560058594,108.07661437988281,752837.0
2024-02-01 16:00:00-05:00,108.068634,108.100555,107.749405,108.100555,0.0
2024-02-01 17:00:00-05:00,107.94892,108.140465,107.74142,108.06065,0.0
2024-02-01 18:00:00-05:00,108.140465,108.140465,107.74142,108.132484,0.0
2024-02-02 04:00:00-05:00,108.28412,108.28412,108.28412,108.28412,0.0
2024-02-02 05:00:00-05:00,108.27614,108.50758,108.132484,108.164406,0.0
2024-02-02 06:00:00-05:00,108.164406,108.18835,107.74142,108.18835,0.0
2024-02-02 07:00:00-05:00,108.18835,108.31604,108.18835,108.26018,0.0
2024-02-02 08:00:00-05:00,108.2921,108.531525,108.03671,108.108536,0.0
2024-02-02 09:00:00-05:00,108.108536,108.30008,106.25299,107.93296,0.0
2024-02-02 09:30:00-05:00,108.0845947265625,109.44133758544922,107.77334594726562,108.9305648803711,1116107.0
2024-02-02 10:30:00-05:00,108.92848205566406,109.55307006835938,108.71109008789062,109.0071792602539,608871.0
2024-02-02 11:30:00-05:00,108.99441528320312,109.33759307861328,108.91460418701172,109.12210845947266,422919.0
2024-02-02 12:30:00-05:00,109.12210845947266,109.4732666015625,108.7789306640625,108.94652557373047,380928.0
2024-02-02 13:30:00-05:00,108.95051574707031,109.3296127319336,108.88268280029297,109.31364440917969,391702.0
2024-02-02 14:30:00-05:00,109.31763458251953,109.63288116455078,109.1540298461914,109.6249008178711,485089.0
2024-02-02 15:30:00-05:00,109.62889099121094,109.66480255126953,108.98643493652344,108.98643493652344,748318.0
2024-02-02 16:00:00-05:00,108.98723,109.13807,108.74701,108.906624,0.0
2024-02-02 17:00:00-05:00,108.906624,109.13807,108.82681,109.01836,0.0
2024-02-02 18:00:00-05:00,108.82681,109.01836,108.82681,108.938545,0.0
2024-02-05 04:00:00-05:00,109.72865,110.167595,107.65363,108.74701,0.0
2024-02-05 05:00:00-05:00,108.74701,108.74701,108.02873,108.02873,0.0
2024-02-05 06:00:00-05:00,108.77893,108.77893,108.092575,108.67518,0.0
2024-02-05 07:00:00-05:00,108.65124,109.05028,108.04469,108.938545,0.0
2024-02-05 08:00:00-05:00,108.84278,109.49721,107.74142,108.65922,0.0
2024-02-05 09:00:00-05:00,108.6672,108.6672,108.124504,108.44373,0.0
2024-02-05 09:30:00-05:00,108.93854522705078,110.64644622802734,108.72306823730469,109.5592041015625,1451318.0
2024-02-05 10:30:00-05:00,109.54508972167969,109.88028717041016,109.42537689208984,109.52114868164062,725528.0
2024-02-05 11:30:00-05:00,109.537109375,109.71269226074219,109.48922729492188,109.62010955810547,377945.0
2024-02-05 12:30:00-05:00,109.63288116455078,109.78451538085938,109.54508972167969,109.64086151123047,399051.0
2024-02-05 13:30:00-05:00,109.63687133789062,109.72865295410156,109.51316833496094,109.6353530883789,333926.0
2024-02-05 14:30:00-05:00,109.64086151123047,110.14764404296875,109.61293029785156,110.11173248291016,470783.0
2024-02-05 15:30:00-05:00,110.12769317626953,110.1436538696289,109.73663330078125,109.9122085571289,976693.0
2024-02-05 16:00:00-05:00,109.90423,110.19154,109.52826,110.11173,0.0
2024-02-05 17:00:00-05:00,110.11173,110.11173,109.840385,109.89625,0.0
2024-02-05 18:00:00-05:00,109.840385,110.08779,109.74461,109.74461,0.0
2024-02-06 04:00:00-05:00,110.239426,110.27135,110.13567,110.19154,0.0
2024-02-06 05:00:00-05:00,110.19154,110.27135,109.64884,109.64884,0.0
2024-02-06 06:00:00-05:00,110.13567,110.215485,109.6249,109.6249,0.0
2024-02-06 07:00:00-05:00,109.6249,110.42298,109.6249,110.13567,0.0
2024-02-06 08:00:00-05:00,110.13567,110.5826,109.63288,110.49481,0.0
2024-02-06 09:00:00-05:00,110.49481,110.49481,109.74461,110.13567,0.0
2024-02-06 09:30:00-05:00,109.88028717041016,110.4110107421875,109.00239562988281,110.17557525634766,815113.0
2024-02-06 10:30:00-05:00,110.1516342163086,110.39098358154297,109.98993682861328,110.24740600585938,429042.0
2024-02-06 11:30:00-05:00,110.25538635253906,110.3192367553711,109.94413757324219,110.20750427246094,714602.0
2024-02-06 12:30:00-05:00,110.22346496582031,110.44692993164062,109.94413757324219,110.02403259277344,441152.0
2024-02-06 13:30:00-05:00,110.03072357177734,110.17557525634766,109.31364440917969,109.58499908447266,609009.0
2024-02-06 14:30:00-05:00,109.61293029785156,109.94413757324219,109.55706024169922,109.72865295410156,467875.0
2024-02-06 15:30:00-05:00,109.73663330078125,109.84038543701172,109.56903076171875,109.80047607421875,767280.0
2024-02-06 16:00:00-05:00,109.800476,109.856346,109.50519,109.61692,0.0
2024-02-06 17:00:00-05:00,109.792496,110.3352,109.56504,109.59298,0.0
2024-02-06 18:00:00-05:00,109.585,110.25539,109.585,109.585,0.0
2024-02-07 04:00:00-05:00,109.59298,109.98404,109.59298,109.98404,0.0
2024-02-07 05:00:00-05:00,109.98404,109.98404,109.73663,109.73663,0.0
2024-02-07 06:00:00-05:00,109.73663,110.00798,109.71269,109.71269,0.0
2024-02-07 07:00:00-05:00,109.71269,109.848366,109.585,109.585,0.0
2024-02-07 08:00:00-05:00,109.856346,110.12769,109.49721,110.12769,0.0
2024-02-07 09:00:00-05:00,109.91221,110.52673,109.91221,110.01596,0.0
2024-02-07 09:30:00-05:00,110.63048553466797,110.79808807373047,110.0798110961914,110.27134704589844,909428.0
2024-02-07 10:30:00-05:00,110.25538635253906,110.55467224121094,110.11971282958984,110.32721710205078,507107.0
2024-02-07 11:30:00-05:00,110.34317779541016,110.47087097167969,110.20750427246094,110.28730773925781,291403.0
2024-02-07 12:30:00-05:00,110.27134704589844,110.5506820678711,110.23942565917969,110.3750991821289,332293.0
2024-02-07 13:30:00-05:00,110.39105987548828,110.44692993164062,110.25538635253906,110.35115814208984,445875.0
2024-02-07 14:30:00-05:00,110.35913848876953,110.53471374511719,110.28730773925781,110.40702056884766,514739.0
2024-02-07 15:30:00-05:00,110.40702056884766,110.55866241455078,110.28730773925781,110.53471374511719,584896.0
2024-02-07 16:00:00-05:00,110.53471,110.56664,110.143654,110.143654,0.0
2024-02-07 17:00:00-05:00,110.3751,110.57462,110.13567,110.573746,0.0
2024-02-07 18:00:00-05:00,110.57462,110.57462,110.13567,110.57462,0.0
2024-02-08 04:00:00-05:00,110.86991,110.86991,110.86991,110.86991,0.0
2024-02-08 05:00:00-05:00,110.53471,110.86991,110.53471,110.86991,0.0
2024-02-08 06:00:00-05:00,110.55866,110.55866,110.53471,110.53471,0.0
2024-02-08 07:00:00-05:00,110.53471,110.57462,110.13567,110.53471,0.0
2024-02-08 08:00:00-05:00,110.53471,111.005585,110.13567,110.57462,0.0
2024-02-08 09:00:00-05:00,110.45491,110.57462,110.13567,110.53471,0.0
2024-02-08 09:30:00-05:00,110.65442657470703,111.31684112548828,110.65442657470703,110.81404876708984,675792.0
2024-02-08 10:30:00-05:00,110.82202911376953,110.9896240234375,110.33519744873047,110.43894958496094,367903.0
2024-02-08 11:30:00-05:00,110.43894958496094,110.71029663085938,110.3750991821289,110.6703872680664,325763.0
2024-02-08 12:30:00-05:00,110.69034576416016,110.86193084716797,110.59457397460938,110.86193084716797,227443.0
2024-02-08 13:30:00-05:00,110.86991119384766,111.1931381225586,110.79010009765625,111.04549407958984,335685.0
2024-02-08 14:30:00-05:00,111.04549407958984,111.20510864257812,110.92578125,110.9896240234375,363156.0
2024-02-08 15:30:00-05:00,110.9896240234375,111.0694351196289,110.85794067382812,110.9896240234375,605170.0
2024-02-08 16:00:00-05:00,110.97366,111.16521,110.622505,110.93376,0.0
2024-02-08 17:00:00-05:00,110.70232,111.16521,110.65443,110.97366,0.0
2024-02-08 18:00:00-05:00,110.76616,111.17319,110.73424,110.73424,0.0
2024-02-09 04:00:00-05:00,111.10934,111.10934,110.53471,110.97366,0.0
2024-02-09 05:00:00-05:00,110.98164,110.98164,110.86991,110.86991,0.0
2024-02-09 06:00:00-05:00,110.86193,110.97366,110.86193,110.97366,0.0
2024-02-09 07:00:00-05:00,110.97366,111.13328,110.97366,111.13328,0.0
2024-02-09 08:00:00-05:00,111.061455,111.17319,110.56664,111.013565,0.0
2024-02-09 09:00:00-05:00,110.73424,111.21309,110.73424,111.16122,0.0
2024-02-09 09:30:00-05:00,110.72625732421875,110.93376159667969,110.35913848876953,110.55866241455078,774598.0
2024-02-09 10:30:00-05:00,110.57462310791016,110.66639709472656,110.30326843261719,110.57462310791016,467208.0
2024-02-09 11:30:00-05:00,110.57997131347656,110.66240692138672,110.39904022216797,110.65442657470703,303973.0
2024-02-09 12:30:00-05:00,110.65442657470703,110.83000946044922,110.55866241455078,110.80845642089844,260067.0
2024-02-09 13:30:00-05:00,110.83399963378906,111.20909881591797,110.75019836425781,111.08140563964844,275749.0
2024-02-09 14:30:00-05:00,111.0694351196289,111.27693176269531,111.03751373291016,111.22904968261719,281685.0
2024-02-09 15:30:00-05:00,111.22904968261719,111.26895141601562,111.04549407958984,111.15721893310547,537148.0
2024-02-09 16:00:00-05:00,111.15722,111.31684,110.90183,111.10136,0.0
2024-02-09 17:00:00-05:00,111.10143,111.31684,111.10136,111.10934,0.0
2024-02-09 18:00:00-05:00,111.31684,111.31684,111.10136,111.10136,0.0
2024-02-12 04:00:00-05:00,111.10136,111.10136,110.542694,111.10136,0.0
2024-02-12 05:00:00-05:00,110.56664,111.23703,110.56664,111.17319,0.0
2024-02-12 06:00:00-05:00,111.23703,111.532326,111.22905,111.49242,0.0
2024-02-12 07:00:00-05:00,111.49242,111.56425,111.18117,111.5004,0.0
2024-02-12 08:00:00-05:00,111.5004,111.62809,110.989624,111.49242,0.0
2024-02-12 09:00:00-05:00,111.50838,111.59617,111.3328,111.58021,0.0
2024-02-12 09:30:00-05:00,111.3647232055664,111.63607025146484,110.85395050048828,111.31684112548828,637849.0
2024-02-12 10:30:00-05:00,111.31684112548828,111.979248046875,111.11731719970703,111.93983459472656,455062.0
2024-02-12 11:30:00-05:00,111.93934631347656,112.38228607177734,111.88347625732422,112.22665405273438,335557.0
2024-02-12 12:30:00-05:00,112.23463439941406,112.33838653564453,111.93934631347656,111.97126770019531,325330.0
2024-02-12 13:30:00-05:00,111.97126770019531,112.18675231933594,111.73184204101562,111.89146423339844,289953.0
2024-02-12 14:30:00-05:00,111.89146423339844,112.01915740966797,111.72386169433594,111.87549591064453,304908.0
2024-02-12 15:30:00-05:00,111.88347625732422,111.90742492675781,111.7198715209961,111.87549591064453,486399.0
2024-02-12 16:00:00-05:00,111.867516,112.01117,111.73982,111.75578,0.0
2024-02-12 17:00:00-05:00,111.75682,111.867516,111.75578,111.76376,0.0
2024-02-12 18:00:00-05:00,111.76376,111.867516,111.76376,111.81165,0.0
2024-02-13 04:00:00-05:00,111.851555,111.851555,111.26895,111.3328,0.0
2024-02-13 05:00:00-05:00,111.3328,111.3328,111.27693,111.3328,0.0
2024-02-13 06:00:00-05:00,111.68396,111.68396,111.20511,111.22107,0.0
2024-02-13 07:00:00-05:00,111.22107,111.69194,111.22107,111.69194,0.0
2024-02-13 08:00:00-05:00,111.71588,112.02714,111.27693,111.540306,0.0
2024-02-13 09:00:00-05:00,111.532326,111.63607,110.27933,110.88587,0.0
2024-02-13 09:30:00-05:00,111.73184204101562,111.77574157714844,110.68635559082031,111.21308898925781,991388.0
2024-02-13 10:30:00-05:00,111.20510864257812,111.89944458007812,111.16919708251953,111.65203857421875,713944.0
2024-02-13 11:30:00-05:00,111.67597961425781,112.07501983642578,111.57222747802734,111.75578308105469,360131.0
2024-02-13 12:30:00-05:00,111.75578308105469,112.35491180419922,111.69194030761719,112.28252410888672,462690.0
2024-02-13 13:30:00-05:00,112.27454376220703,112.31444549560547,111.93144989013672,112.17877197265625,594161.0
2024-02-13 14:30:00-05:00,112.17877197265625,112.3610610961914,112.0590591430664,112.34636688232422,898423.0
2024-02-13 15:30:00-05:00,112.33040618896484,113.16041564941406,112.24261474609375,113.14445495605469,1183978.0
2024-02-13 16:00:00-05:00,113.144455,113.26417,112.713486,113.25619,0.0
2024-02-13 17:00:00-05:00,113.24821,113.32801,113.144455,113.168396,0.0
2024-02-13 18:00:00-05:00,113.168396,113.32003,113.168396,113.32003,0.0
2024-02-14 04:00:00-05:00,113.32801,113.64725,112.689545,112.689545,0.0
2024-02-14 05:00:00-05:00,113.26417,113.32801,113.25619,113.32801,0.0
2024-02-14 06:00:00-05:00,113.32801,113.32801,113.32801,113.32801,0.0
2024-02-14 07:00:00-05:00,113.32801,113.67917,113.160416,113.38388,0.0
2024-02-14 08:00:00-05:00,113.38388,113.84677,112.87311,113.59138,0.0
2024-02-14 09:00:00-05:00,113.5834,113.607346,113.33599,113.599365,0.0
2024-02-14 09:30:00-05:00,114.1260986328125,115.76216888427734,113.60734558105469,115.61053466796875,1628098.0
2024-02-14 10:30:00-05:00,115.63439178466797,115.95857238769531,115.37908935546875,115.63447570800781,1749437.0
2024-02-14 11:30:00-05:00,115.63447570800781,116.27294158935547,115.58659362792969,116.08140563964844,971016.0
2024-02-14 12:30:00-05:00,116.08539581298828,116.27294158935547,115.94573211669922,116.09736633300781,905087.0
2024-02-14 13:30:00-05:00,116.10135650634766,117.00709533691406,116.09736633300781,116.84756469726562,1054085.0
2024-02-14 14:30:00-05:00,116.87150573730469,117.2386245727539,116.64006042480469,116.6560287475586,1071620.0
2024-02-14 15:30:00-05:00,116.66001892089844,116.9513168334961,116.64006042480469,116.89545440673828,1695869.0
2024-02-14 16:00:00-05:00,116.855545,117.222664,111.54829,117.03113,0.0
2024-02-14 17:00:00-05:00,116.919395,117.09497,116.919395,117.08699,0.0
2024-02-14 18:00:00-05:00,116.95132,117.10295,116.919395,117.09497,0.0
2024-02-15 04:00:00-05:00,116.919395,117.15882,116.919395,117.15882,0.0
2024-02-15 05:00:00-05:00,116.9992,117.318436,116.9992,117.04709,0.0
2024-02-15 06:00:00-05:00,117.318436,117.39825,117.04709,117.39825,0.0
2024-02-15 07:00:00-05:00,117.07901,117.42219,117.07901,117.286514,0.0
2024-02-15 08:00:00-05:00,117.286514,117.717476,116.919395,117.52594,0.0
2024-02-15 09:00:00-05:00,117.55786,117.63767,117.12689,117.35834,0.0
2024-02-15 09:30:00-05:00,117.31843566894531,118.40335845947266,117.1468505859375,118.18834686279297,1384867.0
2024-02-15 10:30:00-05:00,118.19632720947266,118.79489135742188,118.18036651611328,118.27214813232422,875570.0
2024-02-15 11:30:00-05:00,118.252197265625,118.82681274414062,118.1723861694336,118.49960327148438,678398.0
2024-02-15 12:30:00-05:00,118.49960327148438,118.50758361816406,118.13280487060547,118.39186096191406,431466.0
2024-02-15 13:30:00-05:00,118.4038314819336,118.59536743164062,118.26017761230469,118.34796142578125,620990.0
2024-02-15 14:30:00-05:00,118.34988403320312,118.55546569824219,118.24421691894531,118.3958511352539,1148321.0
2024-02-15 15:30:00-05:00,118.4038314819336,118.483642578125,118.33998107910156,118.41979217529297,1048456.0
2024-02-15 16:00:00-05:00,118.41181,118.764565,118.41181,118.555466,0.0
2024-02-15 17:00:00-05:00,118.555466,118.57143,118.41181,118.57143,0.0
2024-02-15 18:00:00-05:00,118.57143,118.57941,118.41181,118.45171,0.0
2024-02-16 04:00:00-05:00,118.41181,118.41181,117.66161,118.124504,0.0
2024-02-16 05:00:00-05:00,118.11652,118.619316,118.11652,118.619316,0.0
2024-02-16 06:00:00-05:00,118.619316,118.69912,118.619316,118.69912,0.0
2024-02-16 07:00:00-05:00,118.69912,118.77095,118.39585,118.77095,0.0
2024-02-16 08:00:00-05:00,118.6273,118.914604,117.9569,118.64326,0.0
2024-02-16 09:00:00-05:00,118.64326,118.914604,117.234634,118.914604,0.0
2024-02-16 09:30:00-05:00,118.87470245361328,119.63288116455078,118.65522766113281,118.99441528320312,1071119.0
2024-02-16 10:30:00-05:00,118.98643493652344,119.46528625488281,118.87470245361328,119.25778198242188,567280.0
2024-02-16 11:30:00-05:00,119.26576232910156,119.9122085571289,119.20989990234375,119.9122085571289,658647.0
2024-02-16 12:30:00-05:00,119.90821838378906,120.0,119.2418212890625,119.3934555053711,429791.0
2024-02-16 13:30:00-05:00,119.38946533203125,119.64884185791016,119.2418212890625,119.2418212890625,408780.0
2024-02-16 14:30:00-05:00,119.23384094238281,119.25778198242188,118.70709991455078,118.89864349365234,792580.0
2024-02-16 15:30:00-05:00,118.89864349365234,119.06623840332031,118.52354431152344,119.05027770996094,1257787.0
2024-02-16 16:00:00-05:00,119.0423,119.07422,118.67518,118.922585,0.0
2024-02-16 17:00:00-05:00,118.954506,119.0423,118.914604,118.914604,0.0
2024-02-16 18:00:00-05:00,118.84278,119.03432,118.83479,118.84278,0.0
2024-02-20 04:00:00-05:00,119.71269,119.71269,118.63528,118.73105,0.0
2024-02-20 05:00:00-05:00,118.76297,118.76297,118.467674,118.71508,0.0
2024-02-20 06:00:00-05:00,118.467674,118.71508,118.467674,118.71508,0.0
2024-02-20 07:00:00-05:00,118.7071,119.0423,118.555466,118.914604,0.0
2024-02-20 08:00:00-05:00,118.914604,120.43895,118.515564,118.914604,0.0
2024-02-20 09:00:00-05:00,118.914604,118.914604,118.611336,118.83479,0.0
2024-02-20 09:30:00-05:00,119.51316833496094,119.98403930664062,118.57940673828125,119.27374267578125,1150680.0
2024-02-20 10:30:00-05:00,119.26576232910156,119.28970336914062,118.83479309082031,119.01835632324219,565221.0
2024-02-20 11:30:00-05:00,119.04229736328125,119.40941619873047,118.68315887451172,118.88268280029297,509630.0
2024-02-20 12:30:00-05:00,118.8587417602539,119.00239562988281,118.22034454345703,118.37989044189453,575974.0
2024-02-20 13:30:00-05:00,118.37191009521484,118.3958511352539,118.06065368652344,118.28411865234375,346541.0
2024-02-20 14:30:00-05:00,118.27613830566406,118.34796142578125,118.10853576660156,118.25618743896484,381224.0
2024-02-20 15:30:00-05:00,118.26017761230469,118.6272964477539,117.9688720703125,118.61931610107422,925029.0
2024-02-20 16:00:00-05:00,118.611336,118.906624,118.01277,118.603355,0.0
2024-02-20 17:00:00-05:00,118.63528,119.63288,118.515564,118.83479,0.0
2024-02-20 18:00:00-05:00,118.64326,119.70471,118.515564,118.521385,0.0
2024-02-21 04:00:00-05:00,118.914604,118.914604,118.611336,118.611336,0.0
2024-02-21 05:00:00-05:00,118.611336,118.611336,118.24422,118.24422,0.0
2024-02-21 06:00:00-05:00,118.58739,118.603355,118.58739,118.59537,0.0
2024-02-21 07:00:00-05:00,118.59537,118.75499,118.27614,118.27614,0.0
2024-02-21 08:00:00-05:00,118.4996,118.71508,117.93296,118.35595,0.0
2024-02-21 09:00:00-05:00,118.31604,118.65124,118.11652,118.459694,0.0
2024-02-21 09:30:00-05:00,118.37590026855469,119.22586059570312,118.0845947265625,118.93854522705078,582400.0
2024-02-21 10:30:00-05:00,118.91460418701172,119.1540298461914,118.77095031738281,118.8587417602539,382085.0
2024-02-21 11:30:00-05:00,118.85076141357422,118.88268280029297,118.1644058227539,118.53583526611328,336828.0
2024-02-21 12:30:00-05:00,118.5474853515625,118.58738708496094,118.18834686279297,118.29209899902344,227581.0
2024-02-21 13:30:00-05:00,118.29608917236328,118.50758361816406,118.10454559326172,118.32801055908203,287639.0
2024-02-21 14:30:00-05:00,118.32801055908203,118.35594940185547,117.84516906738281,118.26017761230469,635089.0
2024-02-21 15:30:00-05:00,118.24820709228516,119.03032684326172,118.22026824951172,118.97845458984375,872997.0
2024-02-21 16:00:00-05:00,118.970474,119.321625,118.37191,119.0423,0.0
2024-02-21 17:00:00-05:00,119.010376,119.47327,118.6273,119.47327,0.0
2024-02-21 18:00:00-05:00,119.09817,119.47327,118.6273,119.0822,0.0
2024-02-22 04:00:00-05:00,119.321625,120.19154,119.321625,119.49721,0.0
2024-02-22 05:00:00-05:00,119.832405,119.87231,119.48923,119.57702,0.0
2024-02-22 06:00:00-05:00,119.57702,119.60096,119.32961,119.52913,0.0
2024-02-22 07:00:00-05:00,119.56105,119.67278,119.393456,119.67278,0.0
2024-02-22 08:00:00-05:00,119.56105,119.9486,119.369514,119.393456,0.0
2024-02-22 09:00:00-05:00,119.321625,119.71269,119.13009,119.26576,0.0
2024-02-22 09:30:00-05:00,119.71269226074219,121.32083129882812,119.67278289794922,120.83702850341797,927893.0
2024-02-22 10:30:00-05:00,120.86193084716797,121.08539581298828,120.3830795288086,120.9098129272461,419377.0
2024-02-22 11:30:00-05:00,120.92578125,121.18914794921875,120.81404876708984,121.13799285888672,230934.0
2024-02-22 12:30:00-05:00,121.1412582397461,121.41261291503906,121.0694351196289,121.24501037597656,297173.0
2024-02-22 13:30:00-05:00,121.29290008544922,121.50837707519531,121.09337615966797,121.46049499511719,321779.0
2024-02-22 14:30:00-05:00,121.46049499511719,121.46847534179688,121.09337615966797,121.31285095214844,392626.0
2024-02-22 15:30:00-05:00,121.31684112548828,121.40463256835938,121.02952575683594,121.03751373291016,988863.0
2024-02-22 16:00:00-05:00,121.045494,121.42059,120.57302,120.997604,0.0
2024-02-22 17:00:00-05:00,121.03751,121.045494,120.67039,121.045494,0.0
2024-02-22 18:00:00-05:00,120.86193,121.05028,120.694336,120.74222,0.0
2024-02-23 04:00:00-05:00,122.59377,122.59377,120.87789,121.085396,0.0
2024-02-23 05:00:00-05:00,121.085396,121.25299,120.90981,121.25299,0.0
2024-02-23 06:00:00-05:00,121.25299,121.25299,120.686356,121.20511,0.0
2024-02-23 07:00:00-05:00,121.21309,121.3328,120.83799,121.053474,0.0
2024-02-23 08:00:00-05:00,121.22905,122.10694,120.51875,121.14126,0.0
2024-02-23 09:00:00-05:00,121.30886,121.30886,120.51875,121.18915,0.0
2024-02-23 09:30:00-05:00,121.3088607788086,122.45809936523438,121.23703002929688,122.0590591430664,903884.0
2024-02-23 10:30:00-05:00,122.04309844970703,122.3543472290039,121.8276138305664,122.35275268554688,557982.0
2024-02-23 11:30:00-05:00,122.3543472290039,122.74541473388672,122.23463439941406,122.38627624511719,908449.0
2024-02-23 12:30:00-05:00,122.38627624511719,122.5937728881836,122.18675231933594,122.50598907470703,284871.0
2024-02-23 13:30:00-05:00,122.48539733886719,122.5857925415039,122.22665405273438,122.2984848022461,320765.0
2024-02-23 14:30:00-05:00,122.31444549560547,122.48204040527344,122.16281127929688,122.2984848022461,469444.0
2024-02-23 15:30:00-05:00,122.2984848022461,122.56185150146484,122.26656341552734,122.3543472290039,833325.0
2024-02-23 16:00:00-05:00,122.37031,122.80926,122.14685,122.377655,0.0
2024-02-23 17:00:00-05:00,122.378296,122.378296,122.14685,122.306465,0.0
2024-02-23 18:00:00-05:00,122.26656,122.37031,122.15483,122.16281,0.0
2024-02-26 04:00:00-05:00,122.50599,122.73743,122.33041,122.73743,0.0
2024-02-26 05:00:00-05:00,122.378296,122.753395,122.37031,122.60973,0.0
2024-02-26 06:00:00-05:00,122.80926,122.81724,122.54589,122.81724,0.0
2024-02-26 07:00:00-05:00,122.81724,122.82522,122.38628,122.50599,0.0
2024-02-26 08:00:00-05:00,122.58579,122.80926,122.37031,122.745415,0.0
2024-02-26 09:00:00-05:00,122.42618,122.745415,121.54829,122.60175,0.0
2024-02-26 09:30:00-05:00,122.63368225097656,123.84677124023438,122.55387115478516,123.54357147216797,1245970.0
2024-02-26 10:30:00-05:00,123.59137725830078,123.65522766113281,123.30406951904297,123.38388061523438,580291.0
2024-02-26 11:30:00-05:00,123.39186096191406,123.50359344482422,123.15243530273438,123.42378234863281,566824.0
2024-02-26 12:30:00-05:00,123.40782165527344,123.63128662109375,123.2801284790039,123.33599090576172,457514.0
2024-02-26 13:30:00-05:00,123.33599090576172,123.55945587158203,123.16839599609375,123.44772338867188,769810.0
2024-02-26 14:30:00-05:00,123.46368408203125,123.71109008789062,123.2801284790039,123.5754165649414,422889.0
2024-02-26 15:30:00-05:00,123.5833969116211,123.73503875732422,123.4317626953125,123.5115737915039,878246.0
2024-02-26 16:00:00-05:00,123.519554,123.84677,99.22338,123.535515,0.0
2024-02-26 17:00:00-05:00,123.535515,123.615326,123.30407,123.30407,0.0
2024-02-26 18:00:00-05:00,123.519554,123.78292,123.30407,123.48763,0.0
2024-02-27 04:00:00-05:00,123.543495,123.68715,123.519554,123.519554,0.0
2024-02-27 05:00:00-05:00,123.89465,123.926575,123.19234,123.19234,0.0
2024-02-27 06:00:00-05:00,123.70311,123.70311,123.38388,123.44772,0.0
2024-02-27 07:00:00-05:00,123.44772,123.926575,123.44772,123.918594,0.0
2024-02-27 08:00:00-05:00,123.918594,124.10216,123.165276,123.926575,0.0
2024-02-27 09:00:00-05:00,124.05721,124.05721,123.70311,123.77494,0.0
2024-02-27 09:30:00-05:00,123.44772338867188,123.46368408203125,122.68156433105469,123.12849426269531,1047599.0
2024-02-27 10:30:00-05:00,123.10454559326172,123.11652374267578,122.33040618896484,122.65762329101562,596943.0
2024-02-27 11:30:00-05:00,122.65762329101562,122.84117889404297,122.18675231933594,122.78132629394531,614773.0
2024-02-27 12:30:00-05:00,122.76935577392578,122.88507843017578,122.39425659179688,122.60973358154297,774712.0
2024-02-27 13:30:00-05:00,122.60175323486328,122.7613754272461,122.3782958984375,122.72146606445312,504721.0
2024-02-27 14:30:00-05:00,122.70550537109375,122.95291137695312,122.70550537109375,122.89704895019531,522436.0
2024-02-27 15:30:00-05:00,122.905029296875,122.97685241699219,122.7533950805664,122.88108825683594,1022736.0
2024-02-27 16:00:00-05:00,122.89705,123.05627,122.89705,122.98483,0.0
2024-02-27 17:00:00-05:00,122.94493,123.39186,122.51397,122.89705,0.0
2024-02-27 18:00:00-05:00,122.89705,123.39186,122.51397,123.39186,0.0
2024-02-28 04:00:00-05:00,122.10694,122.99282,122.10694,122.99282,0.0
2024-02-28 05:00:00-05:00,122.99282,122.99282,122.33839,122.65762,0.0
2024-02-28 06:00:00-05:00,122.6656,122.6656,122.26656,122.26656,0.0
2024-02-28 07:00:00-05:00,122.26656,122.99282,122.26656,122.58579,0.0
2024-02-28 08:00:00-05:00,122.59377,123.00878,122.11948,122.705505,0.0
2024-02-28 09:00:00-05:00,122.4581,122.90503,122.18675,122.6656,0.0
2024-02-28 09:30:00-05:00,123.03272247314453,125.22745513916016,122.7613754272461,123.8148422241211,1604259.0
2024-02-28 10:30:00-05:00,123.8148422241211,123.90263366699219,123.43974304199219,123.69512939453125,844987.0
2024-02-28 11:30:00-05:00,123.71109008789062,124.09417724609375,123.59536743164062,123.87860107421875,360710.0
2024-02-28 12:30:00-05:00,123.86273193359375,124.0383071899414,123.55945587158203,123.89864349365234,432855.0
2024-02-28 13:30:00-05:00,123.90263366699219,124.14205932617188,123.75498962402344,124.0462875366211,431144.0
2024-02-28 14:30:00-05:00,124.06623840332031,124.19792175292969,123.83080291748047,124.0901870727539,706661.0
2024-02-28 15:30:00-05:00,124.09417724609375,124.22985076904297,123.90263366699219,124.2138900756836,814186.0
2024-02-28 16:00:00-05:00,124.18994,124.41341,123.80686,124.18196,0.0
2024-02-28 17:00:00-05:00,123.85475,124.18994,123.85475,124.10216,0.0
2024-02-28 18:00:00-05:00,124.17797,124.18196,124.02235,124.166,0.0
2024-02-29 04:00:00-05:00,124.18196,124.18196,123.527534,124.06225,0.0
2024-02-29 05:00:00-05:00,124.06225,124.06225,123.44772,123.82282,0.0
2024-02-29 06:00:00-05:00,123.82282,124.10216,123.50359,123.63129,0.0
2024-02-29 07:00:00-05:00,123.74302,124.09418,123.56744,123.87071,0.0
2024-02-29 08:00:00-05:00,123.87071,124.80447,123.82282,124.10216,0.0
2024-02-29 09:00:00-05:00,124.14206,124.94015,124.14206,124.58101,0.0
2024-02-29 09:30:00-05:00,124.49321746826172,124.7326431274414,123.78292083740234,124.38148498535156,973677.0
2024-02-29 10:30:00-05:00,124.40542602539062,124.70072174072266,124.2777328491211,124.45331573486328,561986.0
2024-02-29 11:30:00-05:00,124.44532775878906,124.57701873779297,124.11811828613281,124.19792175292969,467476.0
2024-02-29 12:30:00-05:00,124.19792175292969,124.5011978149414,124.15802001953125,124.34158325195312,515877.0
2024-02-29 13:30:00-05:00,124.3575439453125,124.70870208740234,124.33360290527344,124.60894012451172,521608.0
2024-02-29 14:30:00-05:00,124.62083435058594,124.88427734375,124.42138671875,124.85235595703125,588949.0
2024-02-29 15:30:00-05:00,124.86033630371094,125.44293975830078,124.8204345703125,125.16360473632812,924094.0
2024-02-29 16:00:00-05:00,125.163605,125.73025,125.03591,125.29928,0.0
2024-02-29 17:00:00-05:00,125.2913,126.09737,125.211494,125.37909,0.0
2024-02-29 18:00:00-05:00,125.698326,125.698326,125.36313,125.698326,0.0
2024-03-01 04:00:00-05:00,125.29928,125.29928,124.67677,124.67677,0.0
2024-03-01 05:00:00-05:00,125.09976,125.219475,124.95611,124.96409,0.0
2024-03-01 06:00:00-05:00,125.37909,125.546684,124.95611,125.37909,0.0
2024-03-01 07:00:00-05:00,125.37909,125.41899,124.94813,125.219475,0.0
2024-03-01 08:00:00-05:00,125.219475,126.09737,124.93543,125.4589,0.0
2024-03-01 09:00:00-05:00,125.4589,125.4988,124.90024,125.1237,0.0
2024-03-01 09:30:00-05:00,125.29927825927734,126.75179290771484,125.1955337524414,126.51931762695312,1057863.0
2024-03-01 10:30:00-05:00,126.50438690185547,126.7198715209961,126.19792175292969,126.37669372558594,794575.0
2024-03-01 11:30:00-05:00,126.37669372558594,127.15084075927734,126.31285095214844,126.89545440673828,937158.0
2024-03-01 12:30:00-05:00,126.9154052734375,127.07102966308594,126.86751556396484,127.0071792602539,609187.0
2024-03-01 13:30:00-05:00,127.0071792602539,127.1468505859375,126.72785186767578,126.95929718017578,711528.0
2024-03-01 14:30:00-05:00,126.95929718017578,127.08699035644531,126.69593048095703,126.83958435058594,810627.0
2024-03-01 15:30:00-05:00,126.83958435058594,126.87150573730469,126.52034759521484,126.60813903808594,1137596.0
2024-03-01 16:00:00-05:00,126.61612,127.03911,126.29689,126.56824,0.0
2024-03-01 17:00:00-05:00,126.56824,126.61612,126.32083,126.61612,0.0
2024-03-01 18:00:00-05:00,126.57622,126.69593,126.42857,126.56026,0.0
2024-03-04 04:00:00-05:00,127.45411,127.45411,126.4166,126.55228,0.0
2024-03-04 05:00:00-05:00,126.34477,127.44613,126.34477,126.88747,0.0
2024-03-04 06:00:00-05:00,126.879486,127.382286,126.879486,126.88747,0.0
2024-03-04 07:00:00-05:00,126.88747,127.49401,126.81564,126.95132,0.0
2024-03-04 08:00:00-05:00,126.903435,129.40144,126.24102,126.98324,0.0
2024-03-04 09:00:00-05:00,127.14286,127.21468,126.56026,126.879486,0.0
2024-03-04 09:30:00-05:00,127.19074249267578,129.10614013671875,127.14286041259766,128.11651611328125,2192875.0
2024-03-04 10:30:00-05:00,128.13247680664062,128.22027587890625,127.46208953857422,127.6376724243164,1034263.0
2024-03-04 11:30:00-05:00,127.66536712646484,128.23623657226562,127.2625732421875,128.17239379882812,579324.0
2024-03-04 12:30:00-05:00,128.17239379882812,128.43576049804688,127.94892120361328,128.1484375,490499.0
2024-03-04 13:30:00-05:00,128.1404571533203,128.4756622314453,127.90901947021484,127.9928207397461,395470.0
2024-03-04 14:30:00-05:00,128.00399780273438,128.51556396484375,127.90901947021484,128.44374084472656,596404.0
2024-03-04 15:30:00-05:00,128.43576049804688,128.57940673828125,128.22457885742188,128.4756622314453,831022.0
2024-03-04 16:00:00-05:00,128.46768,129.10614,123.20032,128.53152,0.0
2024-03-04 17:00:00-05:00,128.53152,128.80287,127.89306,128.80287,0.0
2024-03-04 18:00:00-05:00,128.80287,128.80287,127.89306,128.47566,0.0
2024-03-05 04:00:00-05:00,128.92259,129.0423,128.47566,128.47566,0.0
2024-03-05 05:00:00-05:00,128.49162,128.4996,128.2522,128.27614,0.0
2024-03-05 06:00:00-05:00,128.2921,128.4996,128.2921,128.4996,0.0
2024-03-05 07:00:00-05:00,128.4996,128.73105,128.10056,128.44374,0.0
2024-03-05 08:00:00-05:00,128.45172,129.2897,128.10056,128.30806,0.0
2024-03-05 09:00:00-05:00,128.30806,128.3719,128.10854,128.1724,0.0
2024-03-05 09:30:00-05:00,128.90663146972656,129.409423828125,128.3719024658203,129.02633666992188,849022.0
2024-03-05 10:30:00-05:00,129.0103759765625,129.05027770996094,127.49401092529297,127.58978271484375,684603.0
2024-03-05 11:30:00-05:00,127.59776306152344,127.81324768066406,127.30255126953125,127.54190063476562,671600.0
2024-03-05 12:30:00-05:00,127.54988098144531,127.54988098144531,126.85554504394531,126.89545440673828,436962.0
2024-03-05 13:30:00-05:00,126.89545440673828,127.05506896972656,126.17717742919922,126.20909881591797,676608.0
2024-03-05 14:30:00-05:00,126.21308898925781,126.21707916259766,125.16360473632812,125.18755340576172,959683.0
2024-03-05 15:30:00-05:00,125.1955337524414,126.07342529296875,124.9635238647461,125.98563385009766,1234023.0
2024-03-05 16:00:00-05:00,125.985634,127.15882,125.65842,126.480446,0.0
2024-03-05 17:00:00-05:00,126.480446,126.51237,125.985634,126.51237,0.0
2024-03-05 18:00:00-05:00,126.081406,126.51237,126.081406,126.25698,0.0
2024-03-06 04:00:00-05:00,126.464485,126.464485,125.985634,126.36871,0.0
2024-03-06 05:00:00-05:00,126.36871,126.49641,126.30487,126.49641,0.0
2024-03-06 06:00:00-05:00,126.448524,126.67199,126.36871,126.67199,0.0
2024-03-06 07:00:00-05:00,126.384674,126.72785,126.09737,126.69593,0.0
2024-03-06 08:00:00-05:00,126.59218,127.693535,125.77813,127.03113,0.0
2024-03-06 09:00:00-05:00,126.935356,127.60894,126.65603,127.3344,0.0
2024-03-06 09:30:00-05:00,126.97525787353516,127.85697937011719,126.47246551513672,127.54589080810547,1233888.0
2024-03-06 10:30:00-05:00,127.557861328125,128.4756622314453,127.2905044555664,128.1404571533203,1084587.0
2024-03-06 11:30:00-05:00,128.1564178466797,128.1963348388672,127.59776306152344,127.98883056640625,511888.0
2024-03-06 12:30:00-05:00,128.00877380371094,128.454345703125,127.97286224365234,128.21229553222656,562529.0
2024-03-06 13:30:00-05:00,128.21627807617188,128.252197265625,127.36631774902344,127.60574340820312,1092576.0
2024-03-06 14:30:00-05:00,127.6376724243164,127.64109802246094,127.0311279296875,127.23064422607422,437726.0
2024-03-06 15:30:00-05:00,127.25458526611328,127.6376724243164,127.19074249267578,127.29449462890625,860146.0
2024-03-06 16:00:00-05:00,127.294495,127.49401,127.286514,127.45411,0.0
2024-03-06 17:00:00-05:00,127.48603,127.80527,127.294495,127.66161,0.0
2024-03-06 18:00:00-05:00,126.895454,127.80527,126.895454,127.65363,0.0
2024-03-07 04:00:00-05:00,127.00718,127.01517,126.935356,126.935356,0.0
2024-03-07 05:00:00-05:00,127.52594,127.88508,127.286514,127.677574,0.0
2024-03-07 06:00:00-05:00,127.677574,128.30806,126.4166,126.48843,0.0
2024-03-07 07:00:00-05:00,126.88747,128.28412,126.88747,128.28412,0.0
2024-03-07 08:00:00-05:00,128.09258,129.27374,127.00718,128.89066,0.0
2024-03-07 09:00:00-05:00,128.89066,129.68077,128.717,129.52913,0.0
2024-03-07 09:30:00-05:00,129.32162475585938,131.13168334960938,128.946533203125,130.49473571777344,3546798.0
2024-03-07 10:30:00-05:00,130.44692993164062,130.8739013671875,129.86431884765625,130.13568115234375,1096181.0
2024-03-07 11:30:00-05:00,130.13568115234375,130.87789916992188,129.8802947998047,130.7023162841797,795628.0
2024-03-07 12:30:00-05:00,130.6943359375,131.34877014160156,130.54269409179688,130.84596252441406,1027032.0
2024-03-07 13:30:00-05:00,130.8699188232422,131.2130889892578,130.74221801757812,131.09336853027344,631500.0
2024-03-07 14:30:00-05:00,131.07740783691406,131.863525390625,131.0335235595703,131.863525390625,1213647.0
2024-03-07 15:30:00-05:00,131.8595428466797,133.0646514892578,131.76376342773438,132.87310791015625,1886552.0
2024-03-07 16:00:00-05:00,132.88109,133.28012,127.242615,132.64166,0.0
2024-03-07 17:00:00-05:00,132.72147,132.88109,132.49002,132.72147,0.0
2024-03-07 18:00:00-05:00,132.68156,132.88109,132.49002,132.85715,0.0
2024-03-08 04:00:00-05:00,133.2083,134.8763,133.2083,134.39745,0.0
2024-03-08 05:00:00-05:00,134.39745,134.66081,134.11014,134.34956,0.0
2024-03-08 06:00:00-05:00,134.34956,134.43735,134.13408,134.13408,0.0
2024-03-08 07:00:00-05:00,134.13408,134.43735,133.67917,133.93456,0.0
2024-03-08 08:00:00-05:00,133.93456,134.8763,132.88109,134.18994,0.0
2024-03-08 09:00:00-05:00,134.28348,135.22745,129.10614,135.06784,0.0
2024-03-08 09:30:00-05:00,134.67677307128906,140.31277465820312,134.39744567871094,137.53392028808594,5792463.0
2024-03-08 10:30:00-05:00,137.5019989013672,137.5019989013672,135.57861328125,135.69033813476562,2420126.0
2024-03-08 11:30:00-05:00,135.69033813476562,136.37669372558594,134.8922576904297,135.79409790039062,1489722.0
2024-03-08 12:30:00-05:00,135.7947235107422,135.96966552734375,134.50119018554688,134.525146484375,1516047.0
2024-03-08 13:30:00-05:00,134.5171661376953,134.77255249023438,133.55946350097656,134.5171661376953,1427275.0
2024-03-08 14:30:00-05:00,134.525146484375,134.88427734375,134.1819610595703,134.6089324951172,1244027.0
2024-03-08 15:30:00-05:00,134.60494995117188,134.70071411132812,133.8507537841797,134.0143585205078,1906055.0
2024-03-08 16:00:00-05:00,134.0463,134.58899,133.28012,134.39745,0.0
2024-03-08 17:00:00-05:00,134.39745,134.39745,133.91061,134.13408,0.0
2024-03-08 18:00:00-05:00,134.27774,134.38947,134.0463,134.38947,0.0
2024-03-11 04:00:00-04:00,134.25378,137.27055,133.56744,133.63927,0.0
2024-03-11 05:00:00-04:00,133.63927,134.4134,133.63927,134.35754,0.0
2024-03-11 06:00:00-04:00,134.50119,134.5411,133.55946,133.56744,0.0
2024-03-11 07:00:00-04:00,133.56744,134.58101,133.56744,134.31764,0.0
2024-03-11 08:00:00-04:00,134.4134,135.5866,133.69513,133.8787,0.0
2024-03-11 09:00:00-04:00,133.9186,135.44293,133.1684,133.51157,0.0
2024-03-11 09:30:00-04:00,133.35195922851562,134.4134063720703,130.0718231201172,130.8140411376953,2308814.0
2024-03-11 10:30:00-04:00,130.84596252441406,133.10455322265625,130.830078125,131.8116455078125,1185133.0
2024-03-11 11:30:00-04:00,131.8116455078125,132.55386352539062,131.66001892089844,132.2705535888672,568356.0
2024-03-11 12:30:00-04:00,132.2825164794922,133.01675415039062,132.2825164794922,132.72146606445312,412354.0
2024-03-11 13:30:00-04:00,132.7174835205078,132.7294464111328,132.19473266601562,132.4501190185547,550831.0
2024-03-11 14:30:00-04:00,132.442138671875,132.6177215576172,132.17079162597656,132.22665405273438,530236.0
2024-03-11 15:30:00-04:00,132.22665405273438,133.17637634277344,132.17877197265625,132.92897033691406,1051760.0
2024-03-11 16:00:00-04:00,132.92897,133.67917,132.78531,132.92897,0.0
2024-03-11 17:00:00-04:00,133.0886,133.27214,133.08061,133.08061,0.0
2024-03-11 18:00:00-04:00,133.08061,133.28012,133.0407,133.20032,0.0
2024-03-11 19:00:00-04:00,133.20032,133.27214,133.20032,133.26416,0.0
2024-03-12 04:00:00-04:00,133.07263,133.63129,132.57782,132.92897,0.0
2024-03-12 05:00:00-04:00,132.92897,132.92897,132.54588,132.92897,0.0
2024-03-12 06:00:00-04:00,132.89705,133.24022,132.87311,133.04868,0.0
2024-03-12 07:00:00-04:00,132.96089,133.08061,132.57782,133.08061,0.0
2024-03-12 08:00:00-04:00,133.08061,133.46368,132.54588,133.22826,0.0
2024-03-12 09:00:00-04:00,133.0407,133.67917,132.80127,133.19234,0.0
2024-03-12 09:30:00-04:00,133.63926696777344,133.6632080078125,130.8300018310547,131.94732666015625,1062198.0
2024-03-12 10:30:00-04:00,131.94732666015625,132.7932891845703,131.65203857421875,132.4341583251953,674356.0
2024-03-12 11:30:00-04:00,132.41819763183594,132.70550537109375,132.0909881591797,132.5059814453125,539242.0
2024-03-12 12:30:00-04:00,132.5019989013672,133.09657287597656,132.13088989257812,132.8531494140625,564707.0
2024-03-12 13:30:00-04:00,132.8411865234375,133.2721405029297,132.72146606445312,133.2561798095703,448802.0
2024-03-12 14:30:00-04:00,133.26815795898438,133.41580200195312,132.4980010986328,132.69752502441406,697807.0
2024-03-12 15:30:00-04:00,132.68954467773438,133.91859436035156,132.673583984375,133.63926696777344,755882.0
2024-03-12 16:00:00-04:00,133.63927,134.03033,133.28012,133.72705,0.0
2024-03-12 17:00:00-04:00,133.70311,133.72705,133.64725,133.67917,0.0
2024-03-12 18:00:00-04:00,133.67917,133.71109,133.27214,133.27214,0.0
2024-03-12 19:00:00-04:00,133.52753,134.03831,133.22426,133.90263,0.0
2024-03-13 04:00:00-04:00,133.84677,133.9186,133.67119,133.67119,0.0
2024-03-13 05:00:00-04:00,133.75897,133.75897,133.2881,133.6233,0.0
2024-03-13 06:00:00-04:00,133.6233,133.79889,133.336,133.57542,0.0
2024-03-13 07:00:00-04:00,133.34398,133.51157,133.08061,133.4956,0.0
2024-03-13 08:00:00-04:00,133.4956,134.51717,131.8755,133.28012,0.0
2024-03-13 09:00:00-04:00,133.39984,133.63129,132.90503,133.0407,0.0
2024-03-13 09:30:00-04:00,132.0909881591797,134.46128845214844,132.0909881591797,134.46128845214844,765622.0
2024-03-13 10:30:00-04:00,134.44932556152344,135.1237030029297,134.21388244628906,134.8124542236328,675233.0
2024-03-13 11:30:00-04:00,134.8204345703125,136.05953979492188,134.5969696044922,135.83399963378906,597101.0
2024-03-13 12:30:00-04:00,135.8180389404297,136.136474609375,135.59457397460938,135.88986206054688,556335.0
2024-03-13 13:30:00-04:00,135.8818817138672,136.5123748779297,135.61053466796875,136.15322875976562,478499.0
2024-03-13 14:30:00-04:00,136.1133270263672,136.38467407226562,135.1237030029297,135.31683349609375,587529.0
2024-03-13 15:30:00-04:00,135.29928588867188,136.1053466796875,135.2354278564453,135.84996032714844,1099918.0
2024-03-13 16:00:00-04:00,135.84996,136.47247,135.57063,136.04948,0.0
2024-03-13 17:00:00-04:00,136.05746,136.05746,135.61852,135.8739,0.0
2024-03-13 18:00:00-04:00,135.8739,135.8739,135.67438,135.67438,0.0
2024-03-13 19:00:00-04:00,135.84198,135.99362,135.67438,135.9138,0.0
2024-03-14 04:00:00-04:00,136.0814,136.5443,135.81006,136.27295,0.0
2024-03-14 05:00:00-04:00,136.26497,136.36871,136.24103,136.36871,0.0
2024-03-14 06:00:00-04:00,136.36871,136.5443,136.08939,136.36871,0.0
2024-03-14 07:00:00-04:00,136.09737,136.8715,136.09737,136.7917,0.0
2024-03-14 08:00:00-04:00,136.5443,137.20671,135.8739,136.5443,0.0
2024-03-14 09:00:00-04:00,136.8715,136.8715,136.14525,136.20111,0.0
2024-03-14 09:30:00-04:00,135.8739013671875,136.27294921875,133.830810546875,134.70071411132812,925793.0
2024-03-14 10:30:00-04:00,134.7086944580078,134.72067260742188,133.51954650878906,133.63128662109375,657226.0
2024-03-14 11:30:00-04:00,133.64724731445312,133.97445678710938,133.44772338867188,133.94253540039062,426915.0
2024-03-14 12:30:00-04:00,133.95849609375,134.1260986328125,132.7374267578125,132.80126953125,605916.0
2024-03-14 13:30:00-04:00,132.78530883789062,133.70310974121094,132.57781982421875,133.63926696777344,867155.0
2024-03-14 14:30:00-04:00,133.64724731445312,133.75897216796875,132.70550537109375,132.80126953125,904034.0
2024-03-14 15:30:00-04:00,132.78530883789062,133.18435668945312,132.18675231933594,133.09657287597656,1174804.0
2024-03-14 16:00:00-04:00,133.11253,133.38388,132.52594,133.13647,0.0
2024-03-14 17:00:00-04:00,133.10455,133.1684,132.67358,132.76935,0.0
2024-03-14 18:00:00-04:00,133.09657,133.19234,132.67358,133.19234,0.0
2024-03-14 19:00:00-04:00,132.68156,133.00877,132.68156,132.80127,0.0
2024-03-15 04:00:00-04:00,132.80127,133.32802,132.80127,133.0886,0.0
2024-03-15 05:00:00-04:00,133.0886,133.36792,132.96887,133.0008,0.0
2024-03-15 06:00:00-04:00,133.0008,133.5355,133.0008,133.51955,0.0
2024-03-15 07:00:00-04:00,133.47964,133.48763,133.2881,133.43974,0.0
2024-03-15 08:00:00-04:00,133.43974,134.61293,132.60176,133.51157,0.0
2024-03-15 09:00:00-04:00,133.28012,133.51157,133.02473,133.25346,0.0
2024-03-15 09:30:00-04:00,132.2027130126953,135.15562438964844,131.59617614746094,134.8762969970703,2443355.0
2024-03-15 10:30:00-04:00,134.95602416992188,135.5706329345703,134.56504821777344,135.1715850830078,782140.0
2024-03-15 11:30:00-04:00,135.18426513671875,135.32322692871094,134.50917053222656,134.756591796875,595577.0
2024-03-15 12:30:00-04:00,134.77255249023438,135.78611755371094,134.7246551513672,135.68235778808594,860660.0
2024-03-15 13:30:00-04:00,135.65443420410156,136.0225830078125,135.2753448486328,135.84197998046875,624281.0
2024-03-15 14:30:00-04:00,135.84197998046875,136.07342529296875,135.2354278564453,135.29928588867188,643437.0
2024-03-15 15:30:00-04:00,135.29928588867188,135.39505004882812,134.83639526367188,134.93215942382812,1052196.0
2024-03-15 16:00:00-04:00,134.92418,135.2514,134.72112,134.82841,0.0
2024-03-15 17:00:00-04:00,134.74062,135.22745,134.5411,134.82841,0.0
2024-03-15 18:00:00-04:00,135.19553,135.19553,134.5411,134.81245,0.0
2024-03-15 19:00:00-04:00,134.78851,134.84438,134.71667,134.82841,0.0
2024-03-18 04:00:00-04:00,134.78851,136.06544,134.78851,135.2035,0.0
2024-03-18 05:00:00-04:00,135.2035,135.53871,134.8763,135.06784,0.0
2024-03-18 06:00:00-04:00,135.03592,135.47485,134.93216,135.03592,0.0
2024-03-18 07:00:00-04:00,135.06784,135.34717,134.84438,135.2514,0.0
2024-03-18 08:00:00-04:00,135.33919,136.07343,134.8763,135.6664,0.0
2024-03-18 09:00:00-04:00,135.67438,135.67438,135.15562,135.40239,0.0
2024-03-18 09:30:00-04:00,134.84437561035156,136.27294921875,134.54110717773438,135.88986206054688,854230.0
2024-03-18 10:30:00-04:00,135.91380310058594,136.21707153320312,135.44293212890625,135.7462158203125,417862.0
2024-03-18 11:30:00-04:00,135.79409790039062,135.8739013671875,135.49880981445312,135.5865936279297,328967.0
2024-03-18 12:30:00-04:00,135.60255432128906,135.96168518066406,135.47239685058594,135.94796752929688,336436.0
2024-03-18 13:30:00-04:00,135.96966552734375,136.00958251953125,135.49082946777344,135.9337615966797,377281.0
2024-03-18 14:30:00-04:00,135.92178344726562,135.9776611328125,135.41500854492188,135.9776611328125,393797.0
2024-03-18 15:30:00-04:00,135.9756622314453,136.05746459960938,135.474853515625,135.59457397460938,509842.0
2024-03-18 16:00:00-04:00,135.60255,136.07343,135.42697,135.6265,0.0
2024-03-18 17:00:00-04:00,135.65044,135.93774,135.42697,135.65842,0.0
2024-03-18 18:00:00-04:00,135.65842,135.9138,135.35515,135.84996,0.0
2024-03-18 19:00:00-04:00,135.65044,135.9138,135.35515,135.47485,0.0
2024-03-19 04:00:00-04:00,135.51477,135.9138,135.47485,135.90582,0.0
2024-03-19 05:00:00-04:00,135.90582,135.9138,135.61053,135.9138,0.0
2024-03-19 06:00:00-04:00,135.69832,135.90582,135.24341,135.61053,0.0
2024-03-19 07:00:00-04:00,135.61852,135.88986,135.27534,135.36313,0.0
2024-03-19 08:00:00-04:00,135.47485,135.9138,134.8763,135.27534,0.0
2024-03-19 09:00:00-04:00,134.8763,135.56265,134.8763,135.05986,0.0
2024-03-19 09:30:00-04:00,135.5227508544922,136.20909118652344,134.8763885498047,136.18515014648438,821634.0
2024-03-19 10:30:00-04:00,136.169189453125,137.18275451660156,136.09336853027344,137.18275451660156,667395.0
2024-03-19 11:30:00-04:00,137.21469116210938,138.53152465820312,137.2067108154297,138.3120574951172,1320269.0
2024-03-19 12:30:00-04:00,138.32003784179688,138.81085205078125,138.0845947265625,138.52354431152344,808375.0
2024-03-19 13:30:00-04:00,138.52354431152344,138.59536743164062,137.82122802734375,137.9489288330078,555430.0
2024-03-19 14:30:00-04:00,137.9569091796875,138.29209899902344,137.3982391357422,137.60574340820312,707566.0
2024-03-19 15:30:00-04:00,137.60574340820312,138.56344604492188,137.58978271484375,138.43576049804688,704173.0
2024-03-19 16:00:00-04:00,138.43576,138.57143,138.06863,138.44374,0.0
2024-03-19 17:00:00-04:00,138.56345,138.56345,138.43576,138.50758,0.0
2024-03-19 18:00:00-04:00,138.50758,138.56345,138.43576,138.43576,0.0
2024-03-19 19:00:00-04:00,138.51556,138.54749,138.43576,138.43576,0.0
2024-03-20 04:00:00-04:00,138.54749,138.65123,138.06863,138.24422,0.0
2024-03-20 05:00:00-04:00,138.63527,138.63527,138.2522,138.34796,0.0
2024-03-20 06:00:00-04:00,138.50758,138.5395,138.2921,138.33998,0.0
2024-03-20 07:00:00-04:00,138.36392,138.65123,138.14844,138.46768,0.0
2024-03-20 08:00:00-04:00,138.46768,139.46529,137.7893,138.06863,0.0
2024-03-20 09:00:00-04:00,137.7893,138.43576,137.7893,138.26816,0.0
2024-03-20 09:30:00-04:00,137.75738525390625,139.48922729492188,137.7254638671875,139.4174041748047,964920.0
2024-03-20 10:30:00-04:00,139.43336486816406,139.43336486816406,138.87469482421875,139.1819610595703,549666.0
2024-03-20 11:30:00-04:00,139.0662384033203,139.2537841796875,138.29209899902344,138.44374084472656,439494.0
2024-03-20 12:30:00-04:00,138.43576049804688,138.46768188476562,137.326416015625,137.98883056640625,565355.0
2024-03-20 13:30:00-04:00,138.00479125976562,138.06863403320312,137.27853393554688,138.0406951904297,688369.0
2024-03-20 14:30:00-04:00,138.05267333984375,139.15403747558594,137.69354248046875,139.0287322998047,768155.0
2024-03-20 15:30:00-04:00,139.07421875,139.1460418701172,138.68235778808594,138.75498962402344,709951.0
2024-03-20 16:00:00-04:00,138.76297,139.10614,138.76297,138.85075,0.0
2024-03-20 17:00:00-04:00,138.85873,138.85873,138.8348,138.85825,0.0
2024-03-20 18:00:00-04:00,138.8348,139.23384,138.8348,138.88268,0.0
2024-03-20 19:00:00-04:00,138.86671,139.26576,138.85873,139.02634,0.0
2024-03-21 04:00:00-04:00,139.05826,139.2897,138.78691,139.26576,0.0
2024-03-21 05:00:00-04:00,139.25778,139.28172,138.91461,138.94653,0.0
2024-03-21 06:00:00-04:00,138.94653,139.25778,138.94653,139.25778,0.0
2024-03-21 07:00:00-04:00,139.25778,139.26576,138.94653,139.25778,0.0
2024-03-21 08:00:00-04:00,139.09816,139.66481,138.9012,139.66481,0.0
2024-03-21 09:00:00-04:00,139.57701,139.66481,139.2498,139.56903,0.0
2024-03-21 09:30:00-04:00,139.3615264892578,140.0638427734375,138.1404571533203,139.57701110839844,1279996.0
2024-03-21 10:30:00-04:00,139.57701110839844,141.00558471679688,139.50518798828125,140.8619384765625,747769.0
2024-03-21 11:30:00-04:00,140.8539581298828,141.02154541015625,140.21548461914062,140.67039489746094,667291.0
2024-03-21 12:30:00-04:00,140.6863555908203,140.72625732421875,139.98403930664062,140.2234649658203,433510.0
2024-03-21 13:30:00-04:00,140.19952392578125,140.51077270507812,140.15164184570312,140.45889282226562,501903.0
2024-03-21 14:30:00-04:00,140.462890625,141.30087280273438,140.25538635253906,141.0614471435547,671293.0
2024-03-21 15:30:00-04:00,141.06942749023438,141.2210693359375,140.9337615966797,140.97366333007812,926100.0
2024-03-21 16:00:00-04:00,140.97366,141.19713,140.47087,141.10136,0.0
2024-03-21 17:00:00-04:00,141.08539,141.17319,140.94174,141.14127,0.0
2024-03-21 18:00:00-04:00,141.05746,141.17319,140.94174,141.07741,0.0
2024-03-21 19:00:00-04:00,141.10136,141.42857,141.02953,141.22107,0.0
2024-03-22 04:00:00-04:00,141.4605,141.66002,141.11732,141.53232,0.0
2024-03-22 05:00:00-04:00,141.5802,141.5802,141.26895,141.47646,0.0
2024-03-22 06:00:00-04:00,141.46848,141.48444,141.26097,141.4206,0.0
2024-03-22 07:00:00-04:00,141.4206,141.73184,141.30885,141.57222,0.0
2024-03-22 08:00:00-04:00,141.56424,143.60735,140.98164,141.73982,0.0
2024-03-22 09:00:00-04:00,141.75578,141.97127,140.45491,141.26097,0.0
2024-03-22 09:30:00-04:00,140.7023162841797,141.66001892089844,140.27932739257812,141.54029846191406,1226666.0
2024-03-22 10:30:00-04:00,141.53231811523438,141.65203857421875,140.57461547851562,140.60653686523438,511806.0
2024-03-22 11:30:00-04:00,140.6384735107422,140.67837524414062,139.80447387695312,139.96009826660156,431790.0
2024-03-22 12:30:00-04:00,139.96807861328125,140.49481201171875,139.96807861328125,140.34317016601562,391893.0
2024-03-22 13:30:00-04:00,140.34317016601562,140.79808044433594,140.2953643798828,140.590576171875,426725.0
2024-03-22 14:30:00-04:00,140.57461547851562,140.6304931640625,140.0718231201172,140.1197052001953,464754.0
2024-03-22 15:30:00-04:00,140.10374450683594,140.3511505126953,139.72865295410156,139.75259399414062,746138.0
2024-03-22 16:00:00-04:00,139.78452,140.41501,139.71269,139.82442,0.0
2024-03-22 17:00:00-04:00,139.80846,140.04788,139.74461,139.8324,0.0
2024-03-22 18:00:00-04:00,139.8324,140.02394,139.76057,139.78452,0.0
2024-03-22 19:00:00-04:00,139.78452,139.97606,139.74461,139.96808,0.0
2024-03-25 04:00:00-04:00,140.10374,140.10374,139.48125,139.68077,0.0
2024-03-25 05:00:00-04:00,139.68077,139.68077,139.0822,139.31764,0.0
2024-03-25 06:00:00-04:00,139.33759,139.59297,139.13008,139.17798,0.0
2024-03-25 07:00:00-04:00,139.23384,139.25778,138.88268,139.0024,0.0
2024-03-25 08:00:00-04:00,139.02634,141.06145,138.86671,139.58499,0.0
2024-03-25 09:00:00-04:00,139.58499,139.60893,139.06624,139.09816,0.0
2024-03-25 09:30:00-04:00,139.39346313476562,140.0718231201172,138.46768188476562,139.32960510253906,920437.0
2024-03-25 10:30:00-04:00,139.34556579589844,139.4117431640625,138.3080596923828,139.11412048339844,713600.0
2024-03-25 11:30:00-04:00,139.07821655273438,139.2976837158203,138.65122985839844,138.73104858398438,270598.0
2024-03-25 12:30:00-04:00,138.7230682373047,138.7789306640625,137.91708374023438,138.1883544921875,387743.0
2024-03-25 13:30:00-04:00,138.1883544921875,138.69114685058594,137.90103149414062,138.58738708496094,461622.0
2024-03-25 14:30:00-04:00,138.59536743164062,139.0023956298828,138.3798828125,138.7709503173828,409907.0
2024-03-25 15:30:00-04:00,138.68316650390625,138.946533203125,138.45970153808594,138.4756622314453,793324.0
2024-03-25 16:00:00-04:00,138.4597,138.77039,138.4597,138.47566,0.0
2024-03-25 17:00:00-04:00,137.82921,138.76297,137.82921,138.76297,0.0
2024-03-25 18:00:00-04:00,138.50758,138.76297,138.46768,138.6672,0.0
2024-03-25 19:00:00-04:00,138.46768,138.6672,138.46768,138.6672,0.0
2024-03-26 04:00:00-04:00,138.4597,138.46768,138.10056,138.46768,0.0
2024-03-26 05:00:00-04:00,138.47566,138.92259,138.47566,138.8747,0.0
2024-03-26 06:00:00-04:00,138.55547,138.89066,138.55547,138.89066,0.0
2024-03-26 07:00:00-04:00,138.89066,138.89864,138.67519,138.82681,0.0
2024-03-26 08:00:00-04:00,138.77893,139.02634,138.54749,138.86671,0.0
2024-03-26 09:00:00-04:00,138.86671,139.02634,138.61133,138.64325,0.0
2024-03-26 09:30:00-04:00,138.45970153808594,139.66481018066406,137.58978271484375,139.640869140625,788686.0
2024-03-26 10:30:00-04:00,139.65682983398438,139.7047119140625,139.1460418701172,139.21788024902344,324631.0
2024-03-26 11:30:00-04:00,139.22984313964844,139.24029541015625,138.87469482421875,139.10215759277344,373316.0
2024-03-26 12:30:00-04:00,139.09815979003906,139.44134521484375,139.0183563232422,139.4174041748047,287176.0
2024-03-26 13:30:00-04:00,139.4174041748047,139.5640869140625,138.96249389648438,139.3288116455078,452653.0
2024-03-26 14:30:00-04:00,139.32960510253906,139.4652862548828,139.07421875,139.0821990966797,377425.0
2024-03-26 15:30:00-04:00,139.0821990966797,139.25778198242188,138.51556396484375,138.5474853515625,773822.0
2024-03-26 16:00:00-04:00,138.5395,139.66481,138.47566,138.47566,0.0
2024-03-26 17:00:00-04:00,138.65459,138.65923,138.07661,138.65123,0.0
2024-03-26 18:00:00-04:00,138.65123,138.65123,138.22826,138.62729,0.0
2024-03-26 19:00:00-04:00,138.65123,138.7071,138.22826,138.61931,0.0
2024-03-27 04:00:00-04:00,138.61931,139.19394,138.61931,138.79489,0.0
2024-03-27 05:00:00-04:00,138.79489,139.23384,138.79489,139.18596,0.0
2024-03-27 06:00:00-04:00,139.18596,139.18596,138.8747,138.88268,0.0
2024-03-27 07:00:00-04:00,138.88268,139.14604,138.88268,139.14604,0.0
2024-03-27 08:00:00-04:00,139.06624,139.38547,138.50758,139.17798,0.0
2024-03-27 09:00:00-04:00,139.15404,139.80048,139.03432,139.66481,0.0
2024-03-27 09:30:00-04:00,139.68077087402344,141.5802001953125,139.409423828125,141.54827880859375,1687217.0
2024-03-27 10:30:00-04:00,141.55227661132812,142.7932891845703,141.5083770751953,142.39425659179688,1650308.0
2024-03-27 11:30:00-04:00,142.39425659179688,143.2960968017578,142.06703186035156,142.4341583251953,1329468.0
2024-03-27 12:30:00-04:00,142.4341583251953,143.36782836914062,142.35435485839844,142.82522583007812,884284.0
2024-03-27 13:30:00-04:00,142.82522583007812,142.905029296875,142.28053283691406,142.50997924804688,666356.0
2024-03-27 14:30:00-04:00,142.52194213867188,142.68954467773438,142.23863220214844,142.35435485839844,603340.0
2024-03-27 15:30:00-04:00,142.3782958984375,143.94253540039062,142.35435485839844,143.72705078125,1884885.0
2024-03-27 16:00:00-04:00,143.67119,143.75316,138.42778,143.57542,0.0
2024-03-27 17:00:00-04:00,143.57542,143.86273,143.4956,143.84677,0.0
2024-03-27 18:00:00-04:00,143.78293,143.84677,143.57542,143.65523,0.0
2024-03-27 19:00:00-04:00,143.5834,143.84677,143.5834,143.65523,0.0
2024-03-28 04:00:00-04:00,143.88667,143.89465,143.36792,143.65523,0.0
2024-03-28 05:00:00-04:00,143.79889,143.88667,143.57542,143.65523,0.0
2024-03-28 06:00:00-04:00,143.65523,143.79091,143.31206,143.71109,0.0
2024-03-28 07:00:00-04:00,143.4956,143.76695,143.35196,143.50359,0.0
2024-03-28 08:00:00-04:00,143.4956,144.82841,143.336,143.4557,0.0
2024-03-28 09:00:00-04:00,143.4557,144.21388,142.88124,144.15913,0.0
2024-03-28 09:30:00-04:00,143.61532592773438,143.63128662109375,140.2873077392578,140.61851501464844,1972904.0
2024-03-28 10:30:00-04:00,140.61851501464844,140.90982055664062,139.3695068359375,140.13168334960938,1118106.0
2024-03-28 11:30:00-04:00,140.10374450683594,140.3511505126953,139.72865295410156,140.33120727539062,616701.0
2024-03-28 12:30:00-04:00,140.34317016601562,140.57461547851562,139.34556579589844,139.34556579589844,1417211.0
2024-03-28 13:30:00-04:00,139.34556579589844,139.9361572265625,139.1300811767578,139.63687133789062,754372.0
2024-03-28 14:30:00-04:00,139.640869140625,140.54269409179688,139.4134063720703,140.43096923828125,703426.0
2024-03-28 15:30:00-04:00,140.44692993164062,140.706298828125,140.0079803466797,140.02394104003906,1506934.0
2024-03-28 16:00:00-04:00,140.04788,140.9577,139.67279,139.91222,0.0
2024-03-28 17:00:00-04:00,139.76057,140.51334,110.0399,140.07182,0.0
2024-03-28 18:00:00-04:00,140.07182,140.33519,139.86432,140.33519,0.0
2024-03-28 19:00:00-04:00,140.46289,140.52673,139.86432,140.05586,0.0
2024-04-01 04:00:00-04:00,141.84358,141.84358,141.14127,141.60416,0.0
2024-04-01 05:00:00-04:00,141.59618,141.59618,141.14127,141.26097,0.0
2024-04-01 06:00:00-04:00,141.26097,141.26097,141.10136,141.1652,0.0
2024-04-01 07:00:00-04:00,141.18117,141.26895,139.46529,140.72626,0.0
2024-04-01 08:00:00-04:00,140.86194,141.6088,140.06384,140.14366,0.0
2024-04-01 09:00:00-04:00,140.42299,142.94893,140.08778,140.64645,0.0
2024-04-01 09:30:00-04:00,140.14366149902344,140.48851013183594,138.39584350585938,139.48922729492188,1261620.0
2024-04-01 10:30:00-04:00,139.46128845214844,139.4652862548828,138.11651611328125,138.93057250976562,619134.0
2024-04-01 11:30:00-04:00,138.91461181640625,139.62489318847656,138.715087890625,139.4652862548828,440986.0
2024-04-01 12:30:00-04:00,139.45330810546875,139.67279052734375,138.98643493652344,139.09017944335938,714434.0
2024-04-01 13:30:00-04:00,139.11412048339844,139.86431884765625,138.99041748046875,139.42538452148438,585711.0
2024-04-01 14:30:00-04:00,139.4273681640625,139.79249572753906,139.33758544921875,139.6009521484375,625581.0
2024-04-01 15:30:00-04:00,139.5929718017578,140.17054748535156,139.45730590820312,139.91221618652344,1097771.0
2024-04-01 16:00:00-04:00,139.95212,140.25539,139.95212,140.1197,0.0
2024-04-01 17:00:00-04:00,140.07182,145.15627,140.07182,140.2075,0.0
2024-04-01 18:00:00-04:00,140.2075,140.2075,140.07182,140.07182,0.0
2024-04-01 19:00:00-04:00,140.1676,140.19952,139.27374,140.06384,0.0
2024-04-02 04:00:00-04:00,139.8,145.0,139.62,140.7,0.0
2024-04-02 05:00:00-04:00,140.7,140.97,140.28,140.7,0.0
2024-04-02 06:00:00-04:00,140.7,141.54,140.55,140.98,0.0
2024-04-02 07:00:00-04:00,141.02,141.02,140.2,140.62,0.0
2024-04-02 08:00:00-04:00,140.6,141.56,140.0609,140.8,0.0
2024-04-02 09:00:00-04:00,140.66,140.9,139.8,139.86,0.0
2024-04-02 09:30:00-04:00,140.52999877929688,142.00999450683594,138.33999633789062,139.58999633789062,4290165.0
2024-04-02 10:30:00-04:00,139.58999633789062,143.7799072265625,138.9149932861328,143.22999572753906,2232194.0
2024-04-02 11:30:00-04:00,143.25,144.51499938964844,141.69000244140625,141.96499633789062,1831412.0
2024-04-02 12:30:00-04:00,141.99000549316406,142.10000610351562,140.9199981689453,141.47999572753906,861017.0
2024-04-02 13:30:00-04:00,141.47390747070312,141.47390747070312,139.47999572753906,140.00999450683594,1443778.0
2024-04-02 14:30:00-04:00,140.01499938964844,140.1699981689453,138.00999450683594,138.63999938964844,2238730.0
2024-04-02 15:30:00-04:00,138.66000366210938,139.0800018310547,133.99000549316406,136.49000549316406,4882238.0
2024-04-02 16:00:00-04:00,136.55,168.89,135.835,136.59,0.0
2024-04-02 17:00:00-04:00,136.51,136.65,136.4,136.5,0.0
2024-04-02 18:00:00-04:00,136.59,136.65,136.4,136.58,0.0
2024-04-02 19:00:00-04:00,136.59,136.75,136.5,136.6,0.0
2024-04-03 04:00:00-04:00,137.0,137.0,135.92,136.18,0.0
2024-04-03 05:00:00-04:00,136.18,136.28,135.94,136.1,0.0
2024-04-03 06:00:00-04:00,136.28,136.28,136.0,136.27,0.0
2024-04-03 07:00:00-04:00,136.0,136.4,136.0,136.4,0.0
2024-04-03 08:00:00-04:00,136.34,137.44,135.7193,136.75,0.0
2024-04-03 09:00:00-04:00,136.71,137.2,136.47,136.986,0.0
2024-04-03 09:30:00-04:00,138.14999389648438,144.36000061035156,138.07000732421875,143.36920166015625,3812912.0
2024-04-03 10:30:00-04:00,143.3699951171875,145.17999267578125,143.3000030517578,144.55999755859375,1838917.0
2024-04-03 11:30:00-04:00,144.5800018310547,145.88999938964844,144.3699951171875,145.52000427246094,1592982.0
2024-04-03 12:30:00-04:00,145.52000427246094,147.3800048828125,145.02999877929688,147.02000427246094,2133438.0
2024-04-03 13:30:00-04:00,147.05999755859375,147.93499755859375,145.8000030517578,146.24000549316406,1870372.0
2024-04-03 14:30:00-04:00,146.2550048828125,146.9600067138672,145.25999450683594,145.52000427246094,2000948.0
2024-04-03 15:30:00-04:00,145.50999450683594,145.91000366210938,145.1999969482422,145.6300048828125,1743299.0
2024-04-03 16:00:00-04:00,145.62,145.99,145.42,145.71,0.0
2024-04-03 17:00:00-04:00,145.7,145.96,145.64,145.82,0.0
2024-04-03 18:00:00-04:00,145.82,145.96,145.67,145.9,0.0
2024-04-03 19:00:00-04:00,145.92,146.37,145.8,145.9995,0.0
2024-04-04 04:00:00-04:00,146.49,146.49,146.05,146.4,0.0
2024-04-04 05:00:00-04:00,146.4,146.5,146.11,146.21,0.0
2024-04-04 06:00:00-04:00,146.22,146.3,146.13,146.13,0.0
2024-04-04 07:00:00-04:00,146.1,146.3,146.1,146.21,0.0
2024-04-04 08:00:00-04:00,146.1,148.75,145.62,146.22,0.0
2024-04-04 09:00:00-04:00,146.3,147.5,146.3,146.96,0.0
2024-04-04 09:30:00-04:00,146.64999389648438,150.50999450683594,146.2100067138672,150.44000244140625,2801172.0
2024-04-04 10:30:00-04:00,150.4250030517578,151.22000122070312,149.38999938964844,150.8300018310547,1704102.0
2024-04-04 11:30:00-04:00,150.85000610351562,151.99000549316406,150.6999969482422,151.0850067138672,1172322.0
2024-04-04 12:30:00-04:00,151.10000610351562,151.22000122070312,150.22999572753906,150.57000732421875,1157845.0
2024-04-04 13:30:00-04:00,150.5800018310547,150.92250061035156,147.58999633789062,147.69000244140625,1307322.0
2024-04-04 14:30:00-04:00,147.6699981689453,148.52000427246094,146.92999267578125,147.02999877929688,1195738.0
2024-04-04 15:30:00-04:00,147.02000427246094,147.6199951171875,146.82000732421875,147.38999938964844,1487338.0
2024-04-04 16:00:00-04:00,147.4,150.0,138.29,147.4,0.0
2024-04-04 17:00:00-04:00,147.44,175.73,147.22,147.3,0.0
2024-04-04 18:00:00-04:00,147.2,147.65,147.2,147.65,0.0
2024-04-04 19:00:00-04:00,147.46,147.7,147.2,147.5,0.0
2024-04-05 04:00:00-04:00,147.5,147.61,147.5,147.5,0.0
2024-04-05 05:00:00-04:00,147.7,147.7,147.4,147.68,0.0
2024-04-05 06:00:00-04:00,147.68,147.7,147.6,147.65,0.0
2024-04-05 07:00:00-04:00,147.65,147.7,147.59,147.59,0.0
2024-04-05 08:00:00-04:00,147.59,148.57,147.39,148.57,0.0
2024-04-05 09:00:00-04:00,148.5,148.57,147.39,147.58,0.0
2024-04-05 09:30:00-04:00,148.52999877929688,154.6300048828125,148.52999877929688,154.36000061035156,3436949.0
2024-04-05 10:30:00-04:00,154.36000061035156,155.9199981689453,153.3699951171875,153.8249969482422,2772139.0
2024-04-05 11:30:00-04:00,153.84410095214844,155.16000366210938,153.33999633789062,154.59500122070312,1505356.0
2024-04-05 12:30:00-04:00,154.59500122070312,155.5500030517578,153.97999572753906,154.09500122070312,1393181.0
2024-04-05 13:30:00-04:00,154.07000732421875,154.8249969482422,153.85000610351562,154.2899932861328,844288.0
2024-04-05 14:30:00-04:00,154.35000610351562,156.3000030517578,154.35000610351562,155.69500732421875,2036357.0
2024-04-05 15:30:00-04:00,155.72000122070312,156.47000122070312,155.50999450683594,156.3000030517578,1723601.0
2024-04-05 16:00:00-04:00,156.3,156.48,156.02,156.28,0.0
2024-04-05 17:00:00-04:00,156.29,156.47,156.01,156.1,0.0
2024-04-05 18:00:00-04:00,156.1,156.36,156.05,156.36,0.0
2024-04-05 19:00:00-04:00,156.27,156.36,156.15,156.27,0.0
2024-04-08 04:00:00-04:00,159.28,159.28,156.42,156.57,0.0
2024-04-08 05:00:00-04:00,156.57,157.45,156.56,157.34,0.0
2024-04-08 06:00:00-04:00,157.0,157.36,156.98,157.12,0.0
2024-04-08 07:00:00-04:00,157.19,157.2,156.47,156.83,0.0
2024-04-08 08:00:00-04:00,156.75,162.9,156.4169,157.26,0.0
2024-04-08 09:00:00-04:00,157.41,157.68,156.9,156.96,0.0
2024-04-08 09:30:00-04:00,157.47000122070312,157.9499969482422,153.6999969482422,155.85000610351562,3231037.0
2024-04-08 10:30:00-04:00,155.85000610351562,156.57000732421875,155.4199981689453,156.08999633789062,1387058.0
2024-04-08 11:30:00-04:00,156.0800018310547,156.1699981689453,155.0,155.5749969482422,791872.0
2024-04-08 12:30:00-04:00,155.5749969482422,156.1199951171875,155.42999267578125,155.7100067138672,544434.0
2024-04-08 13:30:00-04:00,155.7050018310547,156.152099609375,155.42999267578125,156.02999877929688,595396.0
2024-04-08 14:30:00-04:00,156.00010681152344,156.5050048828125,155.8249969482422,156.08999633789062,626169.0
2024-04-08 15:30:00-04:00,156.10000610351562,156.61000061035156,155.88999938964844,156.52999877929688,1300697.0
2024-04-08 16:00:00-04:00,156.52,157.18,155.72,156.91,0.0
2024-04-08 17:00:00-04:00,156.87,157.18,156.87,157.08,0.0
2024-04-08 18:00:00-04:00,157.0,157.18,156.75,157.17,0.0
2024-04-08 19:00:00-04:00,156.75,157.17,156.75,157.08,0.0
2024-04-09 04:00:00-04:00,156.5,157.65,156.23,157.47,0.0
2024-04-09 05:00:00-04:00,157.41,158.49,157.09,157.86,0.0
2024-04-09 06:00:00-04:00,158.0,158.65,157.66,157.8,0.0
2024-04-09 07:00:00-04:00,157.66,157.8,156.26,156.5,0.0
2024-04-09 08:00:00-04:00,156.3,158.7027,155.22,157.0,0.0
2024-04-09 09:00:00-04:00,156.95,157.0,156.8,156.9,0.0
2024-04-09 09:30:00-04:00,156.1300048828125,157.8699951171875,152.32000732421875,152.52499389648438,2328651.0
2024-04-09 10:30:00-04:00,152.5225067138672,152.89999389648438,150.927001953125,152.8300018310547,1517244.0
2024-04-09 11:30:00-04:00,152.83999633789062,154.1199951171875,152.3800048828125,152.9066925048828,697686.0
2024-04-09 12:30:00-04:00,152.94000244140625,153.38999938964844,152.5399932861328,153.125,646135.0
2024-04-09 13:30:00-04:00,153.11199951171875,153.41000366210938,152.25999450683594,153.0800018310547,535581.0
2024-04-09 14:30:00-04:00,153.0959930419922,154.5,152.9824981689453,154.44000244140625,813927.0
2024-04-09 15:30:00-04:00,154.39999389648438,154.6699981689453,153.36000061035156,154.4499969482422,1227622.0
2024-04-09 16:00:00-04:00,154.44,154.69,154.0,154.5,0.0
2024-04-09 17:00:00-04:00,154.5,154.5,154.25,154.31,0.0
2024-04-09 18:00:00-04:00,154.33,154.5,154.3,154.4,0.0
2024-04-09 19:00:00-04:00,154.49,154.5,154.0,154.0,0.0
2024-04-10 04:00:00-04:00,154.04,154.69,154.04,154.26,0.0
2024-04-10 05:00:00-04:00,154.11,154.29,154.04,154.05,0.0
2024-04-10 06:00:00-04:00,154.05,154.05,153.63,153.65,0.0
2024-04-10 07:00:00-04:00,153.68,154.33,153.68,154.33,0.0
2024-04-10 08:00:00-04:00,154.32,154.47,153.63,154.21,0.0
2024-04-10 09:00:00-04:00,154.12,154.49,150.88,151.01,0.0
2024-04-10 09:30:00-04:00,151.88999938964844,156.30999755859375,151.65069580078125,155.82000732421875,1642431.0
2024-04-10 10:30:00-04:00,155.77000427246094,157.3430938720703,155.58999633789062,157.2899932861328,1064326.0
2024-04-10 11:30:00-04:00,157.33999633789062,157.36000061035156,156.35000610351562,156.6800994873047,490172.0
2024-04-10 12:30:00-04:00,156.72999572753906,157.7899932861328,156.1699981689453,157.33999633789062,686769.0
2024-04-10 13:30:00-04:00,157.35499572753906,157.56959533691406,156.5449981689453,157.2899932861328,583366.0
2024-04-10 14:30:00-04:00,157.30999755859375,157.64999389648438,156.19000244140625,157.10000610351562,945103.0
2024-04-10 15:30:00-04:00,157.10000610351562,157.1165008544922,156.11700439453125,156.52000427246094,1270550.0
2024-04-10 16:00:00-04:00,156.61,157.0,156.31,156.31,0.0
2024-04-10 17:00:00-04:00,156.34,156.7,156.3147,156.7,0.0
2024-04-10 18:00:00-04:00,156.64,156.698,155.6,156.32,0.0
2024-04-10 19:00:00-04:00,156.32,156.69,155.6,156.6,0.0
2024-04-11 04:00:00-04:00,156.58,156.66,155.7,156.65,0.0
2024-04-11 05:00:00-04:00,156.63,156.94,156.17,156.27,0.0
2024-04-11 06:00:00-04:00,156.28,156.5,155.8,156.0,0.0
2024-04-11 07:00:00-04:00,155.91,156.18,155.75,155.85,0.0
2024-04-11 08:00:00-04:00,156.0,156.6713,154.07,155.41,0.0
2024-04-11 09:00:00-04:00,155.49,157.47,155.35,157.057,0.0
2024-04-11 09:30:00-04:00,157.07000732421875,157.08999633789062,154.7490997314453,155.6475067138672,1014881.0
2024-04-11 10:30:00-04:00,155.66000366210938,156.13999938964844,155.28500366210938,155.86000061035156,684409.0
2024-04-11 11:30:00-04:00,155.88999938964844,156.52999877929688,155.80999755859375,156.3800048828125,325372.0
2024-04-11 12:30:00-04:00,156.41000366210938,157.55999755859375,156.36000061035156,157.41690063476562,470523.0
2024-04-11 13:30:00-04:00,157.4499969482422,158.44000244140625,157.1999969482422,158.1750030517578,539467.0
2024-04-11 14:30:00-04:00,158.19000244140625,158.23980712890625,157.3000946044922,157.3000946044922,648159.0
2024-04-11 15:30:00-04:00,157.3000030517578,157.89999389648438,157.14999389648438,157.67999267578125,973183.0
2024-04-11 16:00:00-04:00,157.67,158.0,157.01,157.76,0.0
2024-04-11 17:00:00-04:00,157.88,157.95,157.51,157.68,0.0
2024-04-11 18:00:00-04:00,157.67,157.9,157.52,157.9,0.0
2024-04-11 19:00:00-04:00,157.89,157.9,157.6,157.78,0.0
2024-04-12 04:00:00-04:00,157.69,157.87,157.2,157.47,0.0
2024-04-12 05:00:00-04:00,157.22,157.4,157.07,157.3,0.0
2024-04-12 06:00:00-04:00,157.32,157.55,157.3,157.5,0.0
2024-04-12 07:00:00-04:00,157.44,157.44,156.15,156.5,0.0
2024-04-12 08:00:00-04:00,156.71,157.79,156.29,157.2,0.0
2024-04-12 09:00:00-04:00,157.2,157.72,155.8872,155.8872,0.0
2024-04-12 09:30:00-04:00,155.89999389648438,156.97999572753906,154.52000427246094,154.75,1098779.0
2024-04-12 10:30:00-04:00,154.6999969482422,155.0,153.02999877929688,154.19500732421875,1120462.0
2024-04-12 11:30:00-04:00,154.22000122070312,155.125,154.04400634765625,154.14999389648438,678862.0
2024-04-12 12:30:00-04:00,154.1699981689453,154.68499755859375,153.4600067138672,154.160400390625,602773.0
2024-04-12 13:30:00-04:00,154.14999389648438,155.02999877929688,153.69500732421875,154.39999389648438,850086.0
2024-04-12 14:30:00-04:00,154.42999267578125,154.72000122070312,153.68429565429688,154.35000610351562,776154.0
2024-04-12 15:30:00-04:00,154.35000610351562,154.74000549316406,153.75999450683594,154.64999389648438,889126.0
2024-04-12 16:00:00-04:00,154.63,156.65,154.43,154.66,0.0
2024-04-12 17:00:00-04:00,154.76,154.76,154.0,154.61,0.0
2024-04-12 18:00:00-04:00,154.0,154.65,154.0,154.4,0.0
2024-04-12 19:00:00-04:00,154.05,154.61,154.05,154.58,0.0
2024-04-15 04:00:00-04:00,154.58,155.15,154.58,155.02,0.0
2024-04-15 05:00:00-04:00,155.02,155.46,155.02,155.08,0.0
2024-04-15 06:00:00-04:00,154.99,155.13,154.96,155.0,0.0
2024-04-15 07:00:00-04:00,155.0,155.5,154.97,155.42,0.0
2024-04-15 08:00:00-04:00,155.39,155.7,153.99,155.4,0.0
2024-04-15 09:00:00-04:00,155.28,155.85,155.28,155.7,0.0
2024-04-15 09:30:00-04:00,157.1999969482422,158.68499755859375,156.22999572753906,156.99000549316406,1407570.0
2024-04-15 10:30:00-04:00,157.0,157.17999267578125,154.80999755859375,154.97669982910156,542223.0
2024-04-15 11:30:00-04:00,154.97000122070312,155.64999389648438,154.8800048828125,155.0800018310547,401850.0
2024-04-15 12:30:00-04:00,155.07969665527344,155.17999267578125,153.49000549316406,153.50999450683594,395724.0
2024-04-15 13:30:00-04:00,153.5,153.8784942626953,152.69000244140625,153.17999267578125,571167.0
2024-04-15 14:30:00-04:00,153.17999267578125,153.74000549316406,152.78109741210938,153.02999877929688,549387.0
2024-04-15 15:30:00-04:00,153.02000427246094,153.75999450683594,152.7899932861328,153.6999969482422,886042.0
2024-04-15 16:00:00-04:00,153.7,153.86,152.25,153.25,0.0
2024-04-15 17:00:00-04:00,153.5,157.7217,153.05,153.45,0.0
2024-04-15 18:00:00-04:00,153.65,153.74,153.22,153.68,0.0
2024-04-15 19:00:00-04:00,153.4,153.69,152.25,153.25,0.0
2024-04-16 04:00:00-04:00,153.25,153.25,152.93,153.0,0.0
2024-04-16 05:00:00-04:00,153.18,153.44,153.0,153.44,0.0
2024-04-16 06:00:00-04:00,153.16,153.16,152.45,152.8,0.0
2024-04-16 07:00:00-04:00,152.8,153.61,152.5,153.37,0.0
2024-04-16 08:00:00-04:00,153.59,153.99,152.4253,153.62,0.0
2024-04-16 09:00:00-04:00,153.62,154.27,153.53,154.23,0.0
2024-04-16 09:30:00-04:00,152.6999969482422,155.3800048828125,152.0009002685547,154.3011016845703,1015861.0
2024-04-16 10:30:00-04:00,154.25999450683594,154.6649932861328,153.5500030517578,154.32000732421875,589179.0
2024-04-16 11:30:00-04:00,154.30999755859375,155.5,154.0800018310547,155.32000732421875,397131.0
2024-04-16 12:30:00-04:00,155.27999877929688,156.0,155.27000427246094,155.50999450683594,674327.0
2024-04-16 13:30:00-04:00,155.57000732421875,156.72000122070312,154.94000244140625,155.5399932861328,700204.0
2024-04-16 14:30:00-04:00,155.52999877929688,157.02000427246094,155.52000427246094,156.92999267578125,642094.0
2024-04-16 15:30:00-04:00,156.91000366210938,157.00999450683594,155.9199981689453,156.7899932861328,1321041.0
2024-04-16 16:00:00-04:00,156.76,158.255,156.46,156.62,0.0
2024-04-16 17:00:00-04:00,156.64,156.86,156.6,156.856,0.0
2024-04-16 18:00:00-04:00,156.856,156.86,156.74,156.76,0.0
2024-04-16 19:00:00-04:00,156.7992,157.33,156.76,157.33,0.0
2024-04-17 04:00:00-04:00,156.77,156.96,156.77,156.96,0.0
2024-04-17 05:00:00-04:00,156.77,157.51,156.77,157.22,0.0
2024-04-17 06:00:00-04:00,157.62,157.62,157.22,157.32,0.0
2024-04-17 07:00:00-04:00,157.32,157.6,157.3,157.56,0.0
2024-04-17 08:00:00-04:00,157.56,157.95,156.13,157.75,0.0
2024-04-17 09:00:00-04:00,157.32,157.7,156.76,157.11,0.0
2024-04-17 09:30:00-04:00,158.0,158.67990112304688,156.50999450683594,157.0399932861328,1471349.0
2024-04-17 10:30:00-04:00,157.0,157.16000366210938,155.61669921875,155.66000366210938,678833.0
2024-04-17 11:30:00-04:00,155.64999389648438,155.74000549316406,154.07000732421875,154.42999267578125,681859.0
2024-04-17 12:30:00-04:00,154.4149932861328,154.78500366210938,153.6300048828125,154.61000061035156,562882.0
2024-04-17 13:30:00-04:00,154.6300048828125,155.52000427246094,154.5800018310547,155.2449951171875,429674.0
2024-04-17 14:30:00-04:00,155.2449951171875,156.0399932861328,155.2449951171875,155.34500122070312,664711.0
2024-04-17 15:30:00-04:00,155.36000061035156,156.30999755859375,155.36000061035156,155.64999389648438,1132059.0
2024-04-17 16:00:00-04:00,155.67,155.9,153.445,155.74,0.0
2024-04-17 17:00:00-04:00,155.74,155.8999,155.59,155.74,0.0
2024-04-17 18:00:00-04:00,155.74,155.74,155.4101,155.5,0.0
2024-04-17 19:00:00-04:00,155.65,155.75,155.51,155.51,0.0
2024-04-18 04:00:00-04:00,156.76,156.76,155.52,155.64,0.0
2024-04-18 05:00:00-04:00,155.64,155.93,155.64,155.93,0.0
2024-04-18 06:00:00-04:00,155.93,155.93,155.3,155.93,0.0
2024-04-18 07:00:00-04:00,155.86,155.94,155.38,155.87,0.0
2024-04-18 08:00:00-04:00,155.88,156.75,154.9,155.6,0.0
2024-04-18 09:00:00-04:00,155.79,158.555,155.0663,155.88,0.0
2024-04-18 09:30:00-04:00,156.67999267578125,157.92999267578125,156.5749969482422,157.75,895285.0
2024-04-18 10:30:00-04:00,157.74139404296875,158.0,156.5,156.52000427246094,626592.0
2024-04-18 11:30:00-04:00,156.5,156.8699951171875,156.36000061035156,156.69000244140625,450914.0
2024-04-18 12:30:00-04:00,156.69000244140625,156.77999877929688,154.24000549316406,154.84500122070312,732928.0
2024-04-18 13:30:00-04:00,154.82000732421875,154.83999633789062,153.89999389648438,154.0,677843.0
2024-04-18 14:30:00-04:00,154.02000427246094,154.10000610351562,153.4600067138672,153.77999877929688,644915.0
2024-04-18 15:30:00-04:00,153.77499389648438,154.125,152.8800048828125,152.94000244140625,1039715.0
2024-04-18 16:00:00-04:00,152.94,154.78,152.94,153.19,0.0
2024-04-18 17:00:00-04:00,153.2,153.2,152.94,153.0,0.0
2024-04-18 18:00:00-04:00,152.95,153.6,152.94,152.95,0.0
2024-04-18 19:00:00-04:00,152.97,153.2425,152.64,152.65,0.0
2024-04-19 04:00:00-04:00,152.5,152.5,151.55,152.04,0.0
2024-04-19 05:00:00-04:00,152.06,152.37,151.79,152.07,0.0
2024-04-19 06:00:00-04:00,152.08,152.36,152.06,152.07,0.0
2024-04-19 07:00:00-04:00,152.08,152.64,151.85,152.64,0.0
2024-04-19 08:00:00-04:00,152.5,153.17,151.6151,153.1,0.0
2024-04-19 09:00:00-04:00,153.14,156.925,152.73,153.0,0.0
2024-04-19 09:30:00-04:00,153.4499969482422,153.52499389648438,150.75,151.2449951171875,1992503.0
2024-04-19 10:30:00-04:00,151.26499938964844,151.8249969482422,150.17999267578125,150.3249969482422,1128298.0
2024-04-19 11:30:00-04:00,150.30999755859375,150.8800048828125,147.2899932861328,147.42999267578125,1753054.0
2024-04-19 12:30:00-04:00,147.4199981689453,149.52999877929688,146.77999877929688,149.0399932861328,1375711.0
2024-04-19 13:30:00-04:00,149.03500366210938,150.0800018310547,148.47999572753906,148.47999572753906,564647.0
2024-04-19 14:30:00-04:00,148.42999267578125,148.7406005859375,147.8800048828125,148.4199981689453,628114.0
2024-04-19 15:30:00-04:00,148.38999938964844,148.52000427246094,147.6300048828125,148.08999633789062,1003704.0
2024-04-19 16:00:00-04:00,148.06,148.86,147.61,147.9,0.0
2024-04-19 17:00:00-04:00,148.11,154.37,147.58,147.74,0.0
2024-04-19 18:00:00-04:00,147.74,148.04,147.5,147.95,0.0
2024-04-19 19:00:00-04:00,147.96,148.06,147.51,147.86,0.0
2024-04-22 04:00:00-04:00,148.4,148.55,147.85,148.36,0.0
2024-04-22 05:00:00-04:00,148.1,148.8,148.1,148.73,0.0
2024-04-22 06:00:00-04:00,148.73,148.73,148.4,148.55,0.0
2024-04-22 07:00:00-04:00,148.63,149.0,148.12,149.0,0.0
2024-04-22 08:00:00-04:00,148.91,149.3,148.2,148.55,0.0
2024-04-22 09:00:00-04:00,148.51,153.3,148.2,148.7,0.0
2024-04-22 09:30:00-04:00,148.8300018310547,150.69000244140625,148.8300018310547,149.1750030517578,1353578.0
2024-04-22 10:30:00-04:00,149.22000122070312,149.7050018310547,148.8300018310547,149.36000061035156,690725.0
2024-04-22 11:30:00-04:00,149.35499572753906,150.49000549316406,149.35000610351562,150.22500610351562,640775.0
2024-04-22 12:30:00-04:00,150.22999572753906,151.02000427246094,150.00999450683594,151.02000427246094,637039.0
2024-04-22 13:30:00-04:00,151.02999877929688,151.90679931640625,150.8000030517578,151.5500030517578,606974.0
2024-04-22 14:30:00-04:00,151.58990478515625,151.6300048828125,150.39999389648438,150.75,652769.0
2024-04-22 15:30:00-04:00,150.72000122070312,150.77000427246094,149.89999389648438,150.02999877929688,1171743.0
2024-04-22 16:00:00-04:00,150.19,150.52,149.5,150.0,0.0
2024-04-22 17:00:00-04:00,150.0,159.2747,140.4297,150.25,0.0
2024-04-22 18:00:00-04:00,150.45,150.55,150.05,150.3,0.0
2024-04-22 19:00:00-04:00,150.49,152.4,150.3,150.95,0.0
2024-04-23 04:00:00-04:00,150.95,150.95,150.0,150.52,0.0
2024-04-23 05:00:00-04:00,150.51,150.51,150.0,150.36,0.0
2024-04-23 06:00:00-04:00,150.47,153.04,149.13,150.92,0.0
2024-04-23 07:00:00-04:00,151.25,158.84,150.5,157.2,0.0
2024-04-23 08:00:00-04:00,157.0,158.9326,149.7544,156.52,0.0
2024-04-23 09:00:00-04:00,156.55,157.69,149.155,157.35,0.0
2024-04-23 09:30:00-04:00,157.8300018310547,158.67999267578125,152.82000732421875,158.6199951171875,5008316.0
2024-04-23 10:30:00-04:00,158.6199951171875,160.02000427246094,158.4499969482422,159.0,2783374.0
2024-04-23 11:30:00-04:00,158.9700927734375,161.99000549316406,158.77000427246094,161.4499969482422,2123180.0
2024-04-23 12:30:00-04:00,161.4174041748047,161.94000244140625,159.75999450683594,160.14999389648438,1610561.0
2024-04-23 13:30:00-04:00,160.14999389648438,160.82000732421875,160.06500244140625,160.69500732421875,1029334.0
2024-04-23 14:30:00-04:00,160.67999267578125,162.3000030517578,160.08999633789062,161.77890014648438,1763194.0
2024-04-23 15:30:00-04:00,161.75999450683594,163.64999389648438,161.63999938964844,162.6199951171875,2783274.0
2024-04-23 16:00:00-04:00,162.62,163.5,162.19862,162.78,0.0
2024-04-23 17:00:00-04:00,162.77,163.4,162.62,163.11,0.0
2024-04-23 18:00:00-04:00,163.15,163.4,162.66,162.95,0.0
2024-04-23 19:00:00-04:00,162.99,163.5,162.66,163.5,0.0
2024-04-24 04:00:00-04:00,163.5,163.5,162.85,163.0,0.0
2024-04-24 05:00:00-04:00,163.01,163.01,162.44,162.44,0.0
2024-04-24 06:00:00-04:00,162.44,163.0,161.87,162.94,0.0
2024-04-24 07:00:00-04:00,162.94,162.94,161.3,161.32,0.0
2024-04-24 08:00:00-04:00,161.73,164.01,161.0,162.3,0.0
2024-04-24 09:00:00-04:00,162.42,162.45,154.78,162.0,0.0
2024-04-24 09:30:00-04:00,161.8699951171875,162.33999633789062,155.5601043701172,157.73500061035156,3251597.0
2024-04-24 10:30:00-04:00,157.72000122070312,158.1999969482422,156.1300048828125,156.55999755859375,1456950.0
2024-04-24 11:30:00-04:00,156.60000610351562,157.6300048828125,156.2100067138672,157.33999633789062,1173751.0
2024-04-24 12:30:00-04:00,157.32000732421875,158.60000610351562,156.6999969482422,158.58990478515625,769764.0
2024-04-24 13:30:00-04:00,158.58999633789062,159.6699981689453,158.5659942626953,158.91009521484375,874785.0
2024-04-24 14:30:00-04:00,158.94000244140625,159.74000549316406,158.75,159.68980407714844,792723.0
2024-04-24 15:30:00-04:00,159.67999267578125,159.72000122070312,158.97999572753906,159.11000061035156,995002.0
2024-04-24 16:00:00-04:00,159.1,159.62,158.0,158.14,0.0
2024-04-24 17:00:00-04:00,158.14,159.19,158.1,158.5,0.0
2024-04-24 18:00:00-04:00,159.17,159.17,158.1,158.95,0.0
2024-04-24 19:00:00-04:00,158.95,158.95,158.11,158.17,0.0
2024-04-25 04:00:00-04:00,158.07,158.71,158.07,158.71,0.0
2024-04-25 05:00:00-04:00,158.27,158.74,158.18,158.25,0.0
2024-04-25 06:00:00-04:00,158.25,158.77,158.25,158.77,0.0
2024-04-25 07:00:00-04:00,158.53,158.64,158.2,158.5,0.0
2024-04-25 08:00:00-04:00,158.5,159.19,156.08,159.19,0.0
2024-04-25 09:00:00-04:00,158.72,158.89,156.2,156.7,0.0
2024-04-25 09:30:00-04:00,158.08999633789062,160.7100067138672,157.1199951171875,160.58999633789062,1493764.0
2024-04-25 10:30:00-04:00,160.5800018310547,160.5800018310547,158.82000732421875,159.5449981689453,712262.0
2024-04-25 11:30:00-04:00,159.55499267578125,160.64999389648438,159.47999572753906,160.61000061035156,520930.0
2024-04-25 12:30:00-04:00,160.625,160.7050018310547,159.55999755859375,159.9600067138672,458529.0
2024-04-25 13:30:00-04:00,159.9600067138672,161.0,159.91929626464844,160.36000061035156,485264.0
2024-04-25 14:30:00-04:00,160.35499572753906,161.47999572753906,160.3300018310547,161.47000122070312,607727.0
2024-04-25 15:30:00-04:00,161.4600067138672,161.4600067138672,160.5800018310547,161.27000427246094,609964.0
2024-04-25 16:00:00-04:00,161.26,161.49,156.62,160.7,0.0
2024-04-25 17:00:00-04:00,160.71,161.48,160.71,161.01,0.0
2024-04-25 18:00:00-04:00,161.01,161.37,161.0,161.28,0.0
2024-04-25 19:00:00-04:00,161.26,161.29,161.111,161.111,0.0
2024-04-26 04:00:00-04:00,161.111,161.79,161.111,161.25,0.0
2024-04-26 05:00:00-04:00,161.97,161.97,161.46,161.68,0.0
2024-04-26 06:00:00-04:00,161.5,161.68,161.26,161.67,0.0
2024-04-26 07:00:00-04:00,161.46,161.67,160.92,161.25,0.0
2024-04-26 08:00:00-04:00,161.23,161.9414,160.56,161.0,0.0
2024-04-26 09:00:00-04:00,161.15,161.59,160.72,161.0,0.0
2024-04-26 09:30:00-04:00,161.00999450683594,163.36500549316406,160.88999938964844,161.3300018310547,1186657.0
2024-04-26 10:30:00-04:00,161.30499267578125,161.66000366210938,160.3114013671875,160.69000244140625,709317.0
2024-04-26 11:30:00-04:00,160.69000244140625,161.67999267578125,160.57000732421875,161.3759002685547,604105.0
2024-04-26 12:30:00-04:00,161.38999938964844,162.77999877929688,161.27000427246094,162.6699981689453,488797.0
2024-04-26 13:30:00-04:00,162.67999267578125,163.02000427246094,162.47000122070312,162.74000549316406,465035.0
2024-04-26 14:30:00-04:00,162.73500061035156,163.36000061035156,162.61000061035156,162.75,562017.0
2024-04-26 15:30:00-04:00,162.72999572753906,162.84500122070312,162.30999755859375,162.3300018310547,630240.0
2024-04-26 16:00:00-04:00,162.35,162.7,160.89,162.51,0.0
2024-04-26 17:00:00-04:00,162.65,162.69,162.35,162.6,0.0
2024-04-26 18:00:00-04:00,162.5,162.7,162.5,162.58,0.0
2024-04-26 19:00:00-04:00,162.51,162.7,162.41,162.41,0.0
2024-04-29 04:00:00-04:00,162.85,163.0,162.33,162.97,0.0
2024-04-29 05:00:00-04:00,162.65,162.8,162.28,162.5,0.0
2024-04-29 06:00:00-04:00,162.3,162.76,162.28,162.5,0.0
2024-04-29 07:00:00-04:00,162.6,162.68,162.31,162.66,0.0
2024-04-29 08:00:00-04:00,162.66,163.64,162.0,162.69,0.0
2024-04-29 09:00:00-04:00,163.0734,163.0734,162.5,162.65,0.0
2024-04-29 09:30:00-04:00,163.0,165.97999572753906,163.0,165.44000244140625,1706015.0
2024-04-29 10:30:00-04:00,165.4499969482422,166.07000732421875,164.92999267578125,165.06500244140625,1002066.0
2024-04-29 11:30:00-04:00,165.06500244140625,165.07000732421875,163.9199981689453,164.22889709472656,470285.0
2024-04-29 12:30:00-04:00,164.24000549316406,164.68240356445312,163.75999450683594,164.58999633789062,298189.0
2024-04-29 13:30:00-04:00,164.57000732421875,164.9499969482422,164.40499877929688,164.52999877929688,324550.0
2024-04-29 14:30:00-04:00,164.57000732421875,164.57000732421875,163.31790161132812,163.7100067138672,394962.0
2024-04-29 15:30:00-04:00,163.72000122070312,164.55999755859375,163.57009887695312,164.50999450683594,563774.0
2024-04-29 16:00:00-04:00,164.5106,164.89,164.01,164.21,0.0
2024-04-29 17:00:00-04:00,164.27,164.49,164.0,164.18,0.0
2024-04-29 18:00:00-04:00,164.27,164.3,164.05,164.05,0.0
2024-04-29 19:00:00-04:00,164.29,164.3,163.6,164.3,0.0
2024-04-30 04:00:00-04:00,164.33,164.6,164.0,164.0,0.0
2024-04-30 05:00:00-04:00,164.31,164.48,164.0,164.26,0.0
2024-04-30 06:00:00-04:00,164.25,164.36,164.09,164.17,0.0
2024-04-30 07:00:00-04:00,164.21,164.74,164.0,164.49,0.0
2024-04-30 08:00:00-04:00,164.6,164.91,164.15,164.49,0.0
2024-04-30 09:00:00-04:00,164.55,164.6,163.1,163.62,0.0
2024-04-30 09:30:00-04:00,163.55999755859375,166.25579833984375,163.25,164.75999450683594,1201907.0
2024-04-30 10:30:00-04:00,164.7100067138672,165.35000610351562,163.2899932861328,163.44500732421875,960822.0
2024-04-30 11:30:00-04:00,163.44000244140625,163.52000427246094,162.1903076171875,163.0800018310547,642276.0
2024-04-30 12:30:00-04:00,163.00999450683594,163.02999877929688,161.64999389648438,162.27000427246094,640218.0
2024-04-30 13:30:00-04:00,162.24000549316406,163.22000122070312,162.2100067138672,162.60000610351562,698418.0
2024-04-30 14:30:00-04:00,162.5800018310547,162.94000244140625,161.83999633789062,162.01499938964844,525660.0
2024-04-30 15:30:00-04:00,162.02999877929688,162.1300048828125,161.5800018310547,161.72999572753906,781839.0
2024-04-30 16:00:00-04:00,161.82,162.24,161.5,161.53,0.0
2024-04-30 17:00:00-04:00,161.6,161.82,161.4,161.5,0.0
2024-04-30 18:00:00-04:00,161.45,161.6,161.31,161.6,0.0
2024-04-30 19:00:00-04:00,161.5,161.9862,161.45,161.9862,0.0
2024-05-01 04:00:00-04:00,161.52,161.99,161.5,161.99,0.0
2024-05-01 05:00:00-04:00,162.0,162.66,162.0,162.66,0.0
2024-05-01 06:00:00-04:00,162.0,163.82,161.8,162.44,0.0
2024-05-01 07:00:00-04:00,162.95,162.95,161.37,161.46,0.0
2024-05-01 08:00:00-04:00,161.46,163.1549,161.0,161.0,0.0
2024-05-01 09:00:00-04:00,161.04,161.91,161.0,161.845,0.0
2024-05-01 09:30:00-04:00,162.57000732421875,163.29989624023438,159.5,159.9499969482422,1119986.0
2024-05-01 10:30:00-04:00,159.94000244140625,160.72999572753906,158.82000732421875,159.1300048828125,627955.0
2024-05-01 11:30:00-04:00,159.1199951171875,160.30499267578125,159.0800018310547,160.22000122070312,357733.0
2024-05-01 12:30:00-04:00,160.23989868164062,160.2550048828125,159.2700958251953,159.80999755859375,295262.0
2024-05-01 13:30:00-04:00,159.8249969482422,160.6999969482422,159.49000549316406,160.5500030517578,462213.0
2024-05-01 14:30:00-04:00,160.5699005126953,162.19000244140625,159.66000366210938,161.53990173339844,686342.0
2024-05-01 15:30:00-04:00,161.4499969482422,161.4499969482422,159.64999389648438,159.69000244140625,612039.0
2024-05-01 16:00:00-04:00,163.0,163.0,159.36,159.94,0.0
2024-05-01 17:00:00-04:00,159.89,160.19,159.88,159.93,0.0
2024-05-01 18:00:00-04:00,159.96,160.18,159.88,160.18,0.0
2024-05-01 19:00:00-04:00,159.91,160.99,159.85,160.95,0.0
2024-05-02 04:00:00-04:00,160.7,160.82,160.7,160.7,0.0
2024-05-02 05:00:00-04:00,160.61,160.66,160.35,160.64,0.0
2024-05-02 06:00:00-04:00,160.55,160.56,160.4,160.49,0.0
2024-05-02 07:00:00-04:00,160.49,160.91,160.2,160.88,0.0
2024-05-02 08:00:00-04:00,160.85,161.19,157.86,161.0,0.0
2024-05-02 09:00:00-04:00,161.03,161.63,160.9,161.17,0.0
2024-05-02 09:30:00-04:00,161.38999938964844,162.25,159.42050170898438,160.64500427246094,966857.0
2024-05-02 10:30:00-04:00,160.66000366210938,161.7050018310547,159.80499267578125,161.1999969482422,544466.0
2024-05-02 11:30:00-04:00,161.21969604492188,162.1300048828125,160.81500244140625,161.8699951171875,598173.0
2024-05-02 12:30:00-04:00,161.89999389648438,162.10000610351562,161.3000030517578,161.94000244140625,443049.0
2024-05-02 13:30:00-04:00,161.94070434570312,162.2899932861328,161.6199951171875,162.16000366210938,368461.0
2024-05-02 14:30:00-04:00,162.2100067138672,162.8249969482422,162.02999877929688,162.66000366210938,433405.0
2024-05-02 15:30:00-04:00,162.67999267578125,162.74000549316406,162.07000732421875,162.6699981689453,557822.0
2024-05-02 16:00:00-04:00,162.64,162.75,160.5,162.65,0.0
2024-05-02 17:00:00-04:00,162.65,162.71,162.5,162.71,0.0
2024-05-02 18:00:00-04:00,162.71,162.71,162.5,162.5,0.0
2024-05-02 19:00:00-04:00,162.71,162.71,162.3,162.71,0.0
2024-05-03 04:00:00-04:00,162.64,162.78,162.6,162.64,0.0
2024-05-03 05:00:00-04:00,162.6,162.6,162.6,162.6,0.0
2024-05-03 06:00:00-04:00,162.6,162.6,162.6,162.6,0.0
2024-05-03 07:00:00-04:00,162.95,163.0,162.24,162.76,0.0
2024-05-03 08:00:00-04:00,162.75,162.99,162.1,162.81,0.0
2024-05-03 09:00:00-04:00,162.99,164.9,162.64,164.61,0.0
2024-05-03 09:30:00-04:00,164.5,164.97999572753906,162.01010131835938,163.83999633789062,968305.0
2024-05-03 10:30:00-04:00,163.8800048828125,164.32000732421875,163.1999969482422,163.5,435007.0
2024-05-03 11:30:00-04:00,163.52999877929688,164.57989501953125,163.3300018310547,164.2899932861328,384304.0
2024-05-03 12:30:00-04:00,164.3000030517578,164.7100067138672,164.0966033935547,164.11000061035156,251280.0
2024-05-03 13:30:00-04:00,164.11000061035156,164.5,164.00999450683594,164.3000030517578,342238.0
2024-05-03 14:30:00-04:00,164.3000030517578,164.58999633789062,164.11000061035156,164.22000122070312,464263.0
2024-05-03 15:30:00-04:00,164.19500732421875,164.3979034423828,163.96499633789062,164.08999633789062,565601.0
2024-05-03 16:00:00-04:00,164.09,164.59,163.5216,164.08,0.0
2024-05-03 17:00:00-04:00,164.08,164.54,164.05,164.38,0.0
2024-05-03 18:00:00-04:00,164.53,164.54,164.08,164.08,0.0
2024-05-03 19:00:00-04:00,164.08,164.54,164.08,164.5,0.0
2024-05-06 04:00:00-04:00,165.57,165.57,164.63,164.89,0.0
2024-05-06 05:00:00-04:00,164.5,165.42,164.29,164.5,0.0
2024-05-06 06:00:00-04:00,164.9,165.25,164.45,164.8,0.0
2024-05-06 07:00:00-04:00,164.8,164.96,164.51,164.65,0.0
2024-05-06 08:00:00-04:00,164.65,165.57,164.1297,164.95,0.0
2024-05-06 09:00:00-04:00,165.0,165.15,164.52,165.0,0.0
2024-05-06 09:30:00-04:00,165.1199951171875,167.15870666503906,165.02999877929688,166.9600067138672,786201.0
2024-05-06 10:30:00-04:00,166.98300170898438,167.9600067138672,166.5800018310547,167.4149932861328,739488.0
2024-05-06 11:30:00-04:00,167.42349243164062,167.8699951171875,167.1699981689453,167.50999450683594,470421.0
2024-05-06 12:30:00-04:00,167.48019409179688,167.92999267578125,167.27999877929688,167.57000732421875,336884.0
2024-05-06 13:30:00-04:00,167.55999755859375,167.8300018310547,167.19000244140625,167.80999755859375,357429.0
2024-05-06 14:30:00-04:00,167.8300018310547,167.97999572753906,167.57000732421875,167.6699981689453,488176.0
2024-05-06 15:30:00-04:00,167.6699981689453,167.97000122070312,167.4600067138672,167.97000122070312,695614.0
2024-05-06 16:00:00-04:00,167.97,177.1356,166.94,167.28,0.0
2024-05-06 17:00:00-04:00,167.97,177.1356,167.36,167.76,0.0
2024-05-06 18:00:00-04:00,167.5,167.76,167.5,167.55,0.0
2024-05-06 19:00:00-04:00,167.75,167.76,167.55,167.76,0.0
2024-05-07 04:00:00-04:00,168.08,168.2,167.81,167.81,0.0
2024-05-07 05:00:00-04:00,167.89,168.29,167.81,168.24,0.0
2024-05-07 06:00:00-04:00,168.24,168.29,168.0,168.29,0.0
2024-05-07 07:00:00-04:00,168.29,168.29,168.14,168.2,0.0
2024-05-07 08:00:00-04:00,168.22,168.29,167.77,168.24,0.0
2024-05-07 09:00:00-04:00,168.25,168.25,167.8,168.25,0.0
2024-05-07 09:30:00-04:00,167.80999755859375,168.7100067138672,167.22000122070312,168.64999389648438,690964.0
2024-05-07 10:30:00-04:00,168.5800018310547,169.82000732421875,168.33999633789062,169.8000030517578,516589.0
2024-05-07 11:30:00-04:00,169.7899932861328,170.8000030517578,169.6199951171875,170.25,702913.0
2024-05-07 12:30:00-04:00,170.25999450683594,170.2899932861328,169.61000061035156,169.85000610351562,335644.0
2024-05-07 13:30:00-04:00,169.80999755859375,169.8800048828125,169.0399932861328,169.38999938964844,360469.0
2024-05-07 14:30:00-04:00,169.36000061035156,169.6199951171875,169.0399932861328,169.47000122070312,504205.0
2024-05-07 15:30:00-04:00,169.5,170.02999877929688,168.6999969482422,168.7899932861328,732653.0
2024-05-07 16:00:00-04:00,168.78,169.2,168.0,169.17,0.0
2024-05-07 17:00:00-04:00,169.17,170.2,168.85,169.0,0.0
2024-05-07 18:00:00-04:00,169.25,169.25,168.9,168.91,0.0
2024-05-07 19:00:00-04:00,169.0,169.25,168.91,169.15,0.0
2024-05-08 04:00:00-04:00,169.17,169.47,168.92,168.92,0.0
2024-05-08 05:00:00-04:00,168.94,169.47,168.94,169.4,0.0
2024-05-08 06:00:00-04:00,169.35,169.4,168.91,169.35,0.0
2024-05-08 07:00:00-04:00,169.35,169.63,168.79,169.12,0.0
2024-05-08 08:00:00-04:00,169.09,170.01,168.07,168.49,0.0
2024-05-08 09:00:00-04:00,168.5,168.75,167.44,168.209,0.0
2024-05-08 09:30:00-04:00,168.10000610351562,170.19000244140625,168.10000610351562,169.3350067138672,977369.0
2024-05-08 10:30:00-04:00,169.3350067138672,170.1782989501953,169.17999267578125,169.6999969482422,448989.0
2024-05-08 11:30:00-04:00,169.67999267578125,170.0699005126953,169.50999450683594,169.6300048828125,333780.0
2024-05-08 12:30:00-04:00,169.64999389648438,169.67999267578125,168.85000610351562,168.9499969482422,784828.0
2024-05-08 13:30:00-04:00,168.9499969482422,169.3000030517578,168.8350067138672,169.0500030517578,377828.0
2024-05-08 14:30:00-04:00,169.0500030517578,169.1699981689453,168.72999572753906,169.00999450683594,524602.0
2024-05-08 15:30:00-04:00,169.00999450683594,169.30999755859375,168.8300018310547,168.83999633789062,769172.0
2024-05-08 16:00:00-04:00,168.86,170.33,168.0,168.7,0.0
2024-05-08 17:00:00-04:00,168.8198,168.86,168.6,168.72,0.0
2024-05-08 18:00:00-04:00,168.75,170.0,168.72,170.0,0.0
2024-05-08 19:00:00-04:00,168.82,170.0,168.82,169.4,0.0
2024-05-09 04:00:00-04:00,169.68,169.68,168.44,169.33,0.0
2024-05-09 05:00:00-04:00,168.72,169.27,168.27,168.39,0.0
2024-05-09 06:00:00-04:00,168.36,168.51,168.31,168.51,0.0
2024-05-09 07:00:00-04:00,168.51,168.89,168.51,168.86,0.0
2024-05-09 08:00:00-04:00,168.86,171.02,168.31,168.35,0.0
2024-05-09 09:00:00-04:00,168.49,169.55,168.36,169.46,0.0
2024-05-09 09:30:00-04:00,168.75999450683594,169.33999633789062,167.94000244140625,168.06500244140625,776291.0
2024-05-09 10:30:00-04:00,168.06500244140625,169.02000427246094,168.05499267578125,168.49000549316406,559994.0
2024-05-09 11:30:00-04:00,168.5,168.50999450683594,167.17999267578125,167.3800048828125,732392.0
2024-05-09 12:30:00-04:00,167.3699951171875,167.6074981689453,167.27000427246094,167.5500030517578,417847.0
2024-05-09 13:30:00-04:00,167.5399932861328,167.67999267578125,167.25,167.6649932861328,346885.0
2024-05-09 14:30:00-04:00,167.64999389648438,167.82000732421875,167.1300048828125,167.22500610351562,514716.0
2024-05-09 15:30:00-04:00,167.2100067138672,167.88999938964844,167.16000366210938,167.5,1036877.0
2024-05-09 16:00:00-04:00,167.5,168.29,167.09,167.58,0.0
2024-05-09 17:00:00-04:00,167.5799,167.65,167.36,167.65,0.0
2024-05-09 18:00:00-04:00,167.36,167.65,167.36,167.36,0.0
2024-05-09 19:00:00-04:00,167.65,167.65,167.36,167.5,0.0
2024-05-10 04:00:00-04:00,167.98,168.01,167.98,168.0,0.0
2024-05-10 05:00:00-04:00,168.0,168.01,167.71,167.9,0.0
2024-05-10 06:00:00-04:00,167.9,168.01,167.76,167.76,0.0
2024-05-10 07:00:00-04:00,167.97,168.01,167.73,167.91,0.0
2024-05-10 08:00:00-04:00,167.9,168.1,167.7,167.99,0.0
2024-05-10 09:00:00-04:00,167.96,168.01,167.52,167.9,0.0
2024-05-10 09:30:00-04:00,167.91000366210938,168.74000549316406,165.5,165.69000244140625,891358.0
2024-05-10 10:30:00-04:00,165.63999938964844,165.69000244140625,163.72000122070312,163.80999755859375,925495.0
2024-05-10 11:30:00-04:00,163.80999755859375,164.0800018310547,163.11000061035156,164.05999755859375,728220.0
2024-05-10 12:30:00-04:00,164.05999755859375,164.3000030517578,163.66000366210938,163.72500610351562,411570.0
2024-05-10 13:30:00-04:00,163.75,164.07000732421875,163.6699981689453,163.93499755859375,422471.0
2024-05-10 14:30:00-04:00,163.9199981689453,163.92999267578125,163.55999755859375,163.72999572753906,628280.0
2024-05-10 15:30:00-04:00,163.72999572753906,163.77499389648438,163.27000427246094,163.3300018310547,920442.0
2024-05-10 16:00:00-04:00,163.38,163.55,163.21,163.44,0.0
2024-05-10 17:00:00-04:00,163.48,163.49,163.3,163.33,0.0
2024-05-10 18:00:00-04:00,163.33,163.48,163.27,163.3,0.0
2024-05-10 19:00:00-04:00,163.33,163.38,163.25,163.38,0.0
2024-05-13 04:00:00-04:00,163.31,164.26,163.31,163.79,0.0
2024-05-13 05:00:00-04:00,163.8,164.26,163.8,163.88,0.0
2024-05-13 06:00:00-04:00,163.88,164.38,163.81,164.12,0.0
2024-05-13 07:00:00-04:00,164.12,164.12,163.81,163.98,0.0
2024-05-13 08:00:00-04:00,163.98,165.0,163.2294,164.0,0.0
2024-05-13 09:00:00-04:00,164.0,164.29,163.81,164.11,0.0
2024-05-13 09:30:00-04:00,163.0800018310547,163.11000061035156,158.86000061035156,160.88999938964844,2095423.0
2024-05-13 10:30:00-04:00,160.82000732421875,161.40989685058594,160.32000732421875,160.69749450683594,643906.0
2024-05-13 11:30:00-04:00,160.3800048828125,161.18040466308594,160.1999969482422,160.97000122070312,650321.0
2024-05-13 12:30:00-04:00,160.97000122070312,161.05999755859375,159.39999389648438,159.69000244140625,651304.0
2024-05-13 13:30:00-04:00,159.68499755859375,160.0800018310547,159.42999267578125,159.78500366210938,681909.0
2024-05-13 14:30:00-04:00,159.78500366210938,159.8000030517578,159.16000366210938,159.47999572753906,798682.0
2024-05-13 15:30:00-04:00,159.5,160.10000610351562,159.49000549316406,159.5,1358604.0
2024-05-13 16:00:00-04:00,159.5,160.09,159.2315,159.49,0.0
2024-05-13 17:00:00-04:00,159.5,159.5,159.13,159.49,0.0
2024-05-13 18:00:00-04:00,159.49,159.49,159.25,159.3,0.0
2024-05-13 19:00:00-04:00,159.48,159.48,159.3,159.48,0.0
2024-05-14 04:00:00-04:00,159.48,159.6,159.48,159.5,0.0
2024-05-14 05:00:00-04:00,159.51,159.63,159.5,159.52,0.0
2024-05-14 06:00:00-04:00,159.51,159.65,159.51,159.55,0.0
2024-05-14 07:00:00-04:00,159.55,159.69,159.51,159.6,0.0
2024-05-14 08:00:00-04:00,159.55,159.69,159.13,159.5,0.0
2024-05-14 09:00:00-04:00,159.23,159.5,158.0,158.68,0.0
2024-05-14 09:30:00-04:00,158.63999938964844,160.82000732421875,158.02639770507812,160.55490112304688,1438747.0
2024-05-14 10:30:00-04:00,160.5500030517578,160.82000732421875,160.0399932861328,160.41000366210938,709389.0
2024-05-14 11:30:00-04:00,160.41000366210938,160.41000366210938,159.9499969482422,160.01499938964844,637927.0
2024-05-14 12:30:00-04:00,160.02000427246094,160.57000732421875,159.86000061035156,160.35499572753906,393146.0
2024-05-14 13:30:00-04:00,160.3699951171875,160.57249450683594,159.9499969482422,160.02000427246094,565154.0
2024-05-14 14:30:00-04:00,160.02999877929688,160.47999572753906,159.89999389648438,160.22500610351562,768766.0
2024-05-14 15:30:00-04:00,160.22999572753906,160.3000030517578,159.89999389648438,159.97000122070312,912096.0
2024-05-14 16:00:00-04:00,160.0,160.14,157.7217,159.97,0.0
2024-05-14 17:00:00-04:00,159.98,159.98,159.94,159.96,0.0
2024-05-14 18:00:00-04:00,159.97,159.98,159.6,159.98,0.0
2024-05-14 19:00:00-04:00,159.98,159.98,159.7,159.97,0.0
2024-05-15 04:00:00-04:00,160.21,160.3,159.8,160.0,0.0
2024-05-15 05:00:00-04:00,160.0,160.26,159.8,160.0,0.0
2024-05-15 06:00:00-04:00,160.0,160.21,159.72,160.0,0.0
2024-05-15 07:00:00-04:00,160.0,160.29,159.7,159.99,0.0
2024-05-15 08:00:00-04:00,159.99,160.36,159.57,159.94,0.0
2024-05-15 09:00:00-04:00,159.94,161.1,159.94,160.41,0.0
2024-05-15 09:30:00-04:00,160.0,160.60499572753906,159.22999572753906,160.1300048828125,1433378.0
2024-05-15 10:30:00-04:00,160.1750030517578,161.0,159.97999572753906,160.35000610351562,1153638.0
2024-05-15 11:30:00-04:00,160.375,160.4199981689453,159.85499572753906,160.0303955078125,542919.0
2024-05-15 12:30:00-04:00,160.0500030517578,160.22999572753906,159.92999267578125,160.2100067138672,436556.0
2024-05-15 13:30:00-04:00,160.2100067138672,162.5,160.07000732421875,162.4499969482422,1055788.0
2024-05-15 14:30:00-04:00,162.5,163.11000061035156,162.02999877929688,162.57000732421875,798906.0
2024-05-15 15:30:00-04:00,162.5800018310547,163.74000549316406,162.47000122070312,163.4499969482422,851615.0
2024-05-15 16:00:00-04:00,163.47,163.48,162.21,163.2,0.0
2024-05-15 17:00:00-04:00,162.9,163.47,162.9,163.2506,0.0
2024-05-15 18:00:00-04:00,163.47,163.47,162.95,163.25,0.0
2024-05-15 19:00:00-04:00,163.45,164.0,162.95,163.19,0.0
2024-05-16 04:00:00-04:00,163.77,164.0,163.48,163.48,0.0
2024-05-16 05:00:00-04:00,163.74,163.8,163.48,163.6,0.0
2024-05-16 06:00:00-04:00,163.74,163.74,163.38,163.38,0.0
2024-05-16 07:00:00-04:00,163.64,163.7,163.3,163.55,0.0
2024-05-16 08:00:00-04:00,163.5,164.54,162.9,163.6508,0.0
2024-05-16 09:00:00-04:00,163.65,163.6991,162.9,162.91,0.0
2024-05-16 09:30:00-04:00,163.0,163.9199981689453,162.1999969482422,162.22999572753906,750596.0
2024-05-16 10:30:00-04:00,162.17999267578125,163.18499755859375,161.92999267578125,162.70339965820312,540758.0
2024-05-16 11:30:00-04:00,162.67999267578125,162.72740173339844,161.97999572753906,162.3800048828125,403874.0
2024-05-16 12:30:00-04:00,162.41000366210938,162.94639587402344,162.3350067138672,162.47999572753906,264813.0
2024-05-16 13:30:00-04:00,162.47509765625,162.58999633789062,161.64999389648438,161.75,317772.0
2024-05-16 14:30:00-04:00,161.77999877929688,162.39999389648438,161.77000427246094,161.9499969482422,328833.0
2024-05-16 15:30:00-04:00,161.93499755859375,162.01939392089844,161.08999633789062,161.1699981689453,702894.0
2024-05-16 16:00:00-04:00,161.17,161.938,161.05,161.06,0.0
2024-05-16 17:00:00-04:00,161.11,161.32,158.45,161.04,0.0
2024-05-16 18:00:00-04:00,160.69,161.32,160.69,161.32,0.0
2024-05-16 19:00:00-04:00,160.81,161.51,160.81,161.32,0.0
2024-05-17 04:00:00-04:00,161.29,161.36,161.0,161.0,0.0
2024-05-17 05:00:00-04:00,161.0,161.18,161.0,161.07,0.0
2024-05-17 06:00:00-04:00,161.07,161.36,160.7,161.36,0.0
2024-05-17 07:00:00-04:00,161.2,161.49,161.0,161.25,0.0
2024-05-17 08:00:00-04:00,161.37,161.51,161.0617,161.31,0.0
2024-05-17 09:00:00-04:00,161.51,162.0,161.3,161.82,0.0
2024-05-17 09:30:00-04:00,161.82000732421875,161.8800048828125,160.7917938232422,161.24000549316406,651897.0
2024-05-17 10:30:00-04:00,161.1999969482422,161.25999450683594,159.75999450683594,159.97000122070312,796501.0
2024-05-17 11:30:00-04:00,159.97000122070312,160.23500061035156,159.3699951171875,159.42999267578125,441075.0
2024-05-17 12:30:00-04:00,159.41000366210938,160.07000732421875,159.10000610351562,159.8000030517578,532004.0
2024-05-17 13:30:00-04:00,159.8000030517578,161.0,159.45489501953125,159.72000122070312,1119205.0
2024-05-17 14:30:00-04:00,159.7028045654297,159.97999572753906,159.47000122070312,159.9600067138672,545439.0
2024-05-17 15:30:00-04:00,159.97000122070312,160.0,159.2100067138672,159.89999389648438,947131.0
2024-05-17 16:00:00-04:00,159.89,162.64,159.34,159.41,0.0
2024-05-17 17:00:00-04:00,159.49,159.78,159.34,159.6,0.0
2024-05-17 18:00:00-04:00,159.5,159.77,159.36,159.75,0.0
2024-05-17 19:00:00-04:00,159.74,159.77,159.0,159.5,0.0
2024-05-20 04:00:00-04:00,159.65,160.0,159.0,159.8,0.0
2024-05-20 05:00:00-04:00,159.77,159.8,159.1,159.11,0.0
2024-05-20 06:00:00-04:00,159.35,159.78,159.0,159.76,0.0
2024-05-20 07:00:00-04:00,159.76,159.78,159.17,159.73,0.0
2024-05-20 08:00:00-04:00,159.77,160.31,158.7278,159.71,0.0
2024-05-20 09:00:00-04:00,159.9,161.175,159.46,159.48,0.0
2024-05-20 09:30:00-04:00,160.5399932861328,161.4199981689453,159.63999938964844,160.0050048828125,964459.0
2024-05-20 10:30:00-04:00,160.0399932861328,160.50999450683594,159.6199951171875,160.47000122070312,693235.0
2024-05-20 11:30:00-04:00,160.5,160.77830505371094,159.92999267578125,160.10000610351562,755084.0
2024-05-20 12:30:00-04:00,160.0399932861328,160.1999969482422,159.6999969482422,159.80999755859375,311098.0
2024-05-20 13:30:00-04:00,159.85000610351562,160.16000366210938,159.6699981689453,159.99000549316406,388944.0
2024-05-20 14:30:00-04:00,160.0,160.1199951171875,159.8000946044922,159.94000244140625,405189.0
2024-05-20 15:30:00-04:00,159.94000244140625,159.9600067138672,158.82000732421875,159.27000427246094,1057926.0
2024-05-20 16:00:00-04:00,159.28,160.15,158.86,159.19,0.0
2024-05-20 17:00:00-04:00,159.27,159.58,159.19,159.19,0.0
2024-05-20 18:00:00-04:00,159.28,159.58,159.19,159.58,0.0
2024-05-20 19:00:00-04:00,159.49,159.58,159.19,159.5,0.0
2024-05-21 04:00:00-04:00,159.45,159.5,158.74,158.74,0.0
2024-05-21 05:00:00-04:00,158.74,159.0,158.74,159.0,0.0
2024-05-21 06:00:00-04:00,159.0,159.27,158.64,158.65,0.0
2024-05-21 07:00:00-04:00,158.73,159.13,158.63,158.99,0.0
2024-05-21 08:00:00-04:00,159.0,159.52,158.0,158.8,0.0
2024-05-21 09:00:00-04:00,158.8,159.28,158.5,158.51,0.0
2024-05-21 09:30:00-04:00,157.94000244140625,160.1999969482422,157.36000061035156,159.9499969482422,956385.0
2024-05-21 10:30:00-04:00,159.9600067138672,160.89990234375,159.9199981689453,160.7050018310547,1172352.0
2024-05-21 11:30:00-04:00,160.6999969482422,160.72999572753906,160.0,160.4600067138672,282183.0
2024-05-21 12:30:00-04:00,160.47999572753906,160.49000549316406,160.03500366210938,160.1842041015625,223291.0
2024-05-21 13:30:00-04:00,160.17999267578125,161.22000122070312,160.14999389648438,160.94500732421875,484092.0
2024-05-21 14:30:00-04:00,160.9149932861328,161.0399932861328,160.41000366210938,160.75,373710.0
2024-05-21 15:30:00-04:00,160.74000549316406,161.22000122070312,160.7010040283203,161.0399932861328,713246.0
2024-05-21 16:00:00-04:00,161.0,161.22,160.71,161.21,0.0
2024-05-21 17:00:00-04:00,161.21,161.21,160.8,160.96,0.0
2024-05-21 18:00:00-04:00,160.96,161.22,160.8,160.95,0.0
2024-05-21 19:00:00-04:00,161.0,161.1,160.82,161.01,0.0
2024-05-22 04:00:00-04:00,160.9,160.9,160.56,160.56,0.0
2024-05-22 05:00:00-04:00,160.56,160.89,160.43,160.52,0.0
2024-05-22 06:00:00-04:00,160.87,160.87,160.7,160.7,0.0
2024-05-22 07:00:00-04:00,160.85,160.85,160.5,160.7,0.0
2024-05-22 08:00:00-04:00,160.65,161.0,159.76,160.3,0.0
2024-05-22 09:00:00-04:00,160.45,160.49,159.96,160.04,0.0
2024-05-22 09:30:00-04:00,160.49000549316406,161.74000549316406,160.07000732421875,160.73500061035156,664281.0
2024-05-22 10:30:00-04:00,160.6999969482422,161.08999633789062,160.05999755859375,160.9600067138672,529267.0
2024-05-22 11:30:00-04:00,160.97000122070312,161.67999267578125,160.41000366210938,161.56100463867188,326065.0
2024-05-22 12:30:00-04:00,161.55999755859375,161.64999389648438,161.25999450683594,161.35000610351562,266388.0
2024-05-22 13:30:00-04:00,161.38999938964844,161.38999938964844,159.72999572753906,159.75999450683594,554484.0
2024-05-22 14:30:00-04:00,159.75,160.64830017089844,159.75,160.50999450683594,482495.0
2024-05-22 15:30:00-04:00,160.52999877929688,160.91000366210938,160.44000244140625,160.75999450683594,812885.0
2024-05-22 16:00:00-04:00,160.75,160.9,160.01,160.9,0.0
2024-05-22 17:00:00-04:00,160.5,161.02,159.85,160.8,0.0
2024-05-22 18:00:00-04:00,160.8,160.97,159.85,159.85,0.0
2024-05-22 19:00:00-04:00,160.91,160.96,160.2,160.55,0.0
2024-05-23 04:00:00-04:00,160.81,161.22,160.81,161.22,0.0
2024-05-23 05:00:00-04:00,161.39,161.39,160.61,160.9,0.0
2024-05-23 06:00:00-04:00,160.9,161.1,160.9,161.0,0.0
2024-05-23 07:00:00-04:00,161.12,161.12,160.77,161.04,0.0
2024-05-23 08:00:00-04:00,161.01,161.26,160.08,161.15,0.0
2024-05-23 09:00:00-04:00,161.16,161.45,161.01,161.16,0.0
2024-05-23 09:30:00-04:00,161.99000549316406,164.42999267578125,161.75,162.97999572753906,1371871.0
2024-05-23 10:30:00-04:00,162.98500061035156,163.9600067138672,162.41000366210938,163.80999755859375,721521.0
2024-05-23 11:30:00-04:00,163.82000732421875,164.8000030517578,163.5800018310547,164.25,677008.0
2024-05-23 12:30:00-04:00,164.27000427246094,166.27000427246094,164.24000549316406,165.50999450683594,955840.0
2024-05-23 13:30:00-04:00,165.50999450683594,165.5491943359375,163.2899932861328,163.42999267578125,924893.0
2024-05-23 14:30:00-04:00,163.44500732421875,164.13119506835938,163.02000427246094,163.6999969482422,566714.0
2024-05-23 15:30:00-04:00,163.72000122070312,165.4199981689453,163.66000366210938,165.27000427246094,1101617.0
2024-05-23 16:00:00-04:00,165.26,165.49,165.2,165.26,0.0
2024-05-23 17:00:00-04:00,165.2,165.45,164.77,165.3,0.0
2024-05-23 18:00:00-04:00,165.09,166.0,165.09,165.9,0.0
2024-05-23 19:00:00-04:00,165.9,165.9,165.09,165.09,0.0
2024-05-24 04:00:00-04:00,165.98,165.98,165.63,165.92,0.0
2024-05-24 05:00:00-04:00,165.92,165.97,165.73,165.97,0.0
2024-05-24 06:00:00-04:00,165.97,165.98,165.8,165.97,0.0
2024-05-24 07:00:00-04:00,165.95,165.97,165.81,165.85,0.0
2024-05-24 08:00:00-04:00,165.85,165.98,165.55,165.75,0.0
2024-05-24 09:00:00-04:00,165.55,165.98,162.37,165.98,0.0
2024-05-24 09:30:00-04:00,165.8300018310547,166.83999633789062,163.85000610351562,166.66000366210938,1029691.0
2024-05-24 10:30:00-04:00,166.64999389648438,168.49000549316406,166.5800018310547,168.11000061035156,848320.0
2024-05-24 11:30:00-04:00,168.09140014648438,169.14999389648438,168.0399932861328,168.9199981689453,495773.0
2024-05-24 12:30:00-04:00,168.88999938964844,169.13999938964844,168.02000427246094,168.52499389648438,642144.0
2024-05-24 13:30:00-04:00,168.5500030517578,168.55999755859375,167.9550018310547,168.08999633789062,257661.0
2024-05-24 14:30:00-04:00,168.10000610351562,168.5,167.9499969482422,168.2899932861328,492848.0
2024-05-24 15:30:00-04:00,168.27999877929688,168.4600067138672,167.0500030517578,167.2899932861328,923775.0
2024-05-24 16:00:00-04:00,167.33,167.53,167.02,167.25,0.0
2024-05-24 17:00:00-04:00,167.42,167.45,167.25,167.25,0.0
2024-05-24 18:00:00-04:00,167.35,167.45,167.25,167.25,0.0
2024-05-24 19:00:00-04:00,167.4,167.44,167.25,167.25,0.0
2024-05-28 04:00:00-04:00,167.3,167.58,167.3,167.5,0.0
2024-05-28 05:00:00-04:00,167.31,167.51,167.31,167.44,0.0
2024-05-28 06:00:00-04:00,167.48,167.51,166.88,167.2,0.0
2024-05-28 07:00:00-04:00,167.02,167.64,166.88,167.58,0.0
2024-05-28 08:00:00-04:00,167.58,168.3,167.11,167.7,0.0
2024-05-28 09:00:00-04:00,167.84,168.19,167.7,167.8,0.0
2024-05-28 09:30:00-04:00,167.0,167.16000366210938,165.3090057373047,166.33999633789062,751339.0
2024-05-28 10:30:00-04:00,166.33999633789062,167.35000610351562,166.1999969482422,167.22999572753906,1359780.0
2024-05-28 11:30:00-04:00,167.22999572753906,167.64999389648438,166.70449829101562,167.27499389648438,635230.0
2024-05-28 12:30:00-04:00,167.30999755859375,167.85000610351562,167.0500030517578,167.5,349647.0
2024-05-28 13:30:00-04:00,167.49029541015625,167.72999572753906,166.9199981689453,167.24600219726562,370737.0
2024-05-28 14:30:00-04:00,167.25999450683594,167.89999389648438,166.77000427246094,167.64999389648438,503112.0
2024-05-28 15:30:00-04:00,167.64999389648438,168.64999389648438,167.39999389648438,168.5399932861328,1034014.0
2024-05-28 16:00:00-04:00,168.56,169.0,166.0,168.55,0.0
2024-05-28 17:00:00-04:00,168.31,168.55,168.3,168.3,0.0
2024-05-28 18:00:00-04:00,168.5,168.5,168.3,168.49,0.0
2024-05-28 19:00:00-04:00,168.48,168.48,168.31,168.3102,0.0
2024-05-29 04:00:00-04:00,168.56,168.56,167.4,167.8,0.0
2024-05-29 05:00:00-04:00,167.8,168.02,167.31,167.96,0.0
2024-05-29 06:00:00-04:00,167.96,168.04,167.2,167.33,0.0
2024-05-29 07:00:00-04:00,167.33,167.74,167.03,167.66,0.0
2024-05-29 08:00:00-04:00,167.6,168.5,166.59,166.99,0.0
2024-05-29 09:00:00-04:00,166.99,167.0,166.01,166.55,0.0
2024-05-29 09:30:00-04:00,166.60000610351562,167.4324951171875,164.36000061035156,164.98660278320312,865718.0
2024-05-29 10:30:00-04:00,164.9949951171875,166.10989379882812,164.9949951171875,165.75,517027.0
2024-05-29 11:30:00-04:00,165.75999450683594,166.0,165.61000061035156,165.8300018310547,389674.0
2024-05-29 12:30:00-04:00,165.80999755859375,165.86000061035156,165.1199951171875,165.61000061035156,311336.0
2024-05-29 13:30:00-04:00,165.58999633789062,165.7899932861328,165.17999267578125,165.5500030517578,442796.0
2024-05-29 14:30:00-04:00,165.58999633789062,165.64999389648438,164.74000549316406,164.9250030517578,497195.0
2024-05-29 15:30:00-04:00,164.91000366210938,165.03750610351562,163.38999938964844,163.6300048828125,943986.0
2024-05-29 16:00:00-04:00,163.61,169.245,163.19,163.46,0.0
2024-05-29 17:00:00-04:00,163.42,163.48,163.0,163.46,0.0
2024-05-29 18:00:00-04:00,163.46,163.46,163.21,163.46,0.0
2024-05-29 19:00:00-04:00,163.46,163.46,163.25,163.41,0.0
2024-05-30 04:00:00-04:00,163.46,163.46,163.21,163.21,0.0
2024-05-30 05:00:00-04:00,163.21,163.21,162.94,163.1,0.0
2024-05-30 06:00:00-04:00,163.1,163.18,162.98,163.18,0.0
2024-05-30 07:00:00-04:00,163.01,163.53,163.01,163.42,0.0
2024-05-30 08:00:00-04:00,163.38,163.59,162.86,163.4,0.0
2024-05-30 09:00:00-04:00,163.59,163.59,163.25,163.48,0.0
2024-05-30 09:30:00-04:00,163.47999572753906,164.7899932861328,163.2100067138672,163.78250122070312,822799.0
2024-05-30 10:30:00-04:00,163.82000732421875,164.52000427246094,163.22000122070312,164.3350067138672,439886.0
2024-05-30 11:30:00-04:00,164.3300018310547,164.61000061035156,163.94000244140625,164.3000030517578,540685.0
2024-05-30 12:30:00-04:00,164.27999877929688,165.02000427246094,164.02000427246094,164.82000732421875,419630.0
2024-05-30 13:30:00-04:00,164.8000030517578,164.89999389648438,164.47000122070312,164.82000732421875,280200.0
2024-05-30 14:30:00-04:00,164.8249969482422,164.93499755859375,164.32000732421875,164.49000549316406,398753.0
2024-05-30 15:30:00-04:00,164.50999450683594,164.55999755859375,163.19000244140625,164.1999969482422,675978.0
2024-05-30 16:00:00-04:00,164.2,164.8,163.65,164.2,0.0
2024-05-30 17:00:00-04:00,164.8,164.8,163.65,164.05,0.0
2024-05-30 18:00:00-04:00,164.03,164.79,164.0,164.39,0.0
2024-05-30 19:00:00-04:00,164.02,164.4,164.01,164.3902,0.0
2024-05-31 04:00:00-04:00,163.78,164.4,163.47,163.52,0.0
2024-05-31 05:00:00-04:00,163.52,164.23,163.52,163.7,0.0
2024-05-31 06:00:00-04:00,163.7,163.7,163.7,163.7,0.0
2024-05-31 07:00:00-04:00,163.7,164.39,163.7,163.91,0.0
2024-05-31 08:00:00-04:00,163.91,164.4,163.68,163.83,0.0
2024-05-31 09:00:00-04:00,163.9,164.9,163.9,164.9,0.0
2024-05-31 09:30:00-04:00,164.2899932861328,164.85000610351562,161.1699981689453,161.57000732421875,936050.0
2024-05-31 10:30:00-04:00,161.55999755859375,161.8800048828125,160.07000732421875,161.75,783182.0
2024-05-31 11:30:00-04:00,161.71499633789062,162.55999755859375,161.3699951171875,161.72999572753906,520849.0
2024-05-31 12:30:00-04:00,161.74000549316406,163.27999877929688,161.72000122070312,163.11000061035156,387332.0
2024-05-31 13:30:00-04:00,163.11000061035156,163.5500030517578,162.77000427246094,163.39500427246094,392384.0
2024-05-31 14:30:00-04:00,163.39999389648438,163.74899291992188,163.0500030517578,163.53939819335938,416643.0
2024-05-31 15:30:00-04:00,163.52000427246094,165.35000610351562,163.48500061035156,165.13999938964844,1082034.0
2024-05-31 16:00:00-04:00,165.17,165.54,163.3,164.72,0.0
2024-05-31 17:00:00-04:00,164.9,165.18,163.92,165.16,0.0
2024-05-31 18:00:00-04:00,165.18,165.29,165.0,165.1,0.0
2024-05-31 19:00:00-04:00,165.2,165.25,165.05,165.05,0.0
2024-06-03 04:00:00-04:00,165.0,165.99,165.0,165.81,0.0
2024-06-03 05:00:00-04:00,165.81,165.82,165.4,165.82,0.0
2024-06-03 06:00:00-04:00,165.82,165.82,165.54,165.55,0.0
2024-06-03 07:00:00-04:00,165.66,165.83,165.17,165.25,0.0
2024-06-03 08:00:00-04:00,165.25,165.81,165.11,165.1877,0.0
2024-06-03 09:00:00-04:00,165.34,165.54,165.14,165.38,0.0
2024-06-03 09:30:00-04:00,166.1199951171875,166.7899932861328,160.61000061035156,161.1750030517578,1054587.0
2024-06-03 10:30:00-04:00,161.1699981689453,161.44000244140625,160.47999572753906,160.6649932861328,659434.0
2024-06-03 11:30:00-04:00,160.63999938964844,161.05999755859375,159.02999877929688,159.82000732421875,604795.0
2024-06-03 12:30:00-04:00,159.89999389648438,160.2989959716797,159.29359436035156,160.27000427246094,401410.0
2024-06-03 13:30:00-04:00,160.25999450683594,160.6699981689453,160.0399932861328,160.2801055908203,755741.0
2024-06-03 14:30:00-04:00,160.28500366210938,161.14500427246094,160.28500366210938,160.97000122070312,399151.0
2024-06-03 15:30:00-04:00,160.9949951171875,161.58999633789062,160.8300018310547,161.5,630639.0
2024-06-03 16:00:00-04:00,161.49,161.69,161.0,161.45,0.0
2024-06-03 17:00:00-04:00,161.45,161.5,161.03,161.5,0.0
2024-06-03 18:00:00-04:00,161.4882,161.53,161.03,161.53,0.0
2024-06-03 19:00:00-04:00,161.5,161.53,161.04,161.43,0.0
2024-06-04 04:00:00-04:00,161.78,161.78,161.0,161.0,0.0
2024-06-04 05:00:00-04:00,161.0,161.42,160.4,160.43,0.0
2024-06-04 06:00:00-04:00,160.43,160.62,160.43,160.6,0.0
2024-06-04 07:00:00-04:00,160.6,160.94,160.17,160.5,0.0
2024-06-04 08:00:00-04:00,160.5,161.97,160.0,160.9,0.0
2024-06-04 09:00:00-04:00,160.9,160.9,160.14,160.67,0.0
2024-06-04 09:30:00-04:00,161.0,161.97999572753906,159.110107421875,159.42999267578125,830166.0
2024-06-04 10:30:00-04:00,159.46499633789062,159.94000244140625,158.35000610351562,159.14999389648438,715945.0
2024-06-04 11:30:00-04:00,159.1300048828125,159.80999755859375,158.82000732421875,159.66990661621094,577229.0
2024-06-04 12:30:00-04:00,159.60000610351562,160.36000061035156,159.4199981689453,160.35499572753906,329814.0
2024-06-04 13:30:00-04:00,160.35499572753906,161.74000549316406,160.0,161.72000122070312,439649.0
2024-06-04 14:30:00-04:00,161.7050018310547,161.72999572753906,160.0399932861328,160.80999755859375,443759.0
2024-06-04 15:30:00-04:00,160.8249969482422,161.50999450683594,160.36000061035156,161.3800048828125,629587.0
2024-06-04 16:00:00-04:00,161.38,161.83,160.295,160.295,0.0
2024-06-04 17:00:00-04:00,160.74,161.38,160.465,161.25,0.0
2024-06-04 18:00:00-04:00,161.23,161.38,161.23,161.38,0.0
2024-06-04 19:00:00-04:00,161.83,161.99,161.39,161.82,0.0
2024-06-05 04:00:00-04:00,161.96,162.0,161.77,161.77,0.0
2024-06-05 05:00:00-04:00,161.97,161.97,161.16,161.55,0.0
2024-06-05 06:00:00-04:00,161.55,161.98,161.22,161.24,0.0
2024-06-05 07:00:00-04:00,161.24,161.56,161.24,161.5,0.0
2024-06-05 08:00:00-04:00,161.5,161.98,161.15,161.4,0.0
2024-06-05 09:00:00-04:00,161.71,161.99,161.41,161.8014,0.0
2024-06-05 09:30:00-04:00,161.8300018310547,162.4499969482422,160.52000427246094,160.97999572753906,665205.0
2024-06-05 10:30:00-04:00,161.0050048828125,161.48060607910156,160.55999755859375,160.94000244140625,562489.0
2024-06-05 11:30:00-04:00,160.94000244140625,161.80999755859375,160.94000244140625,161.75,378282.0
2024-06-05 12:30:00-04:00,161.7050018310547,161.9499969482422,160.91000366210938,161.07000732421875,259017.0
2024-06-05 13:30:00-04:00,161.05999755859375,162.19000244140625,160.88999938964844,162.1199951171875,377057.0
2024-06-05 14:30:00-04:00,162.1199951171875,162.94000244140625,162.1199951171875,162.64500427246094,449311.0
2024-06-05 15:30:00-04:00,162.61000061035156,162.9199981689453,162.44500732421875,162.5500030517578,561093.0
2024-06-05 16:00:00-04:00,162.55,163.15,160.52,162.566,0.0
2024-06-05 17:00:00-04:00,162.51,162.59,162.45,162.48,0.0
2024-06-05 18:00:00-04:00,162.59,162.59,162.35,162.47,0.0
2024-06-05 19:00:00-04:00,162.35,162.59,162.35,162.36,0.0
2024-06-06 04:00:00-04:00,162.25,162.31,162.21,162.21,0.0
2024-06-06 05:00:00-04:00,162.0,162.31,161.99,162.0,0.0
2024-06-06 06:00:00-04:00,162.0,162.31,161.99,161.99,0.0
2024-06-06 07:00:00-04:00,162.0,162.28,161.71,161.94,0.0
2024-06-06 08:00:00-04:00,162.07,162.67,161.25,162.31,0.0
2024-06-06 09:00:00-04:00,162.22,162.55,161.49,162.01,0.0
2024-06-06 09:30:00-04:00,162.3000030517578,163.1699981689453,161.1300048828125,161.9149932861328,555875.0
2024-06-06 10:30:00-04:00,161.9199981689453,162.14999389648438,161.02499389648438,161.0800018310547,322061.0
2024-06-06 11:30:00-04:00,161.11500549316406,161.1300048828125,160.01710510253906,160.74000549316406,427774.0
2024-06-06 12:30:00-04:00,160.8000030517578,160.8000030517578,160.2100067138672,160.4199981689453,389979.0
2024-06-06 13:30:00-04:00,160.4499053955078,160.63999938964844,159.75759887695312,160.0800018310547,401563.0
2024-06-06 14:30:00-04:00,160.0800018310547,161.08999633789062,159.93499755859375,160.47999572753906,431923.0
2024-06-06 15:30:00-04:00,160.4949951171875,160.75999450683594,160.14999389648438,160.67999267578125,616812.0
2024-06-06 16:00:00-04:00,160.62,161.9,159.51,161.49,0.0
2024-06-06 17:00:00-04:00,160.52,160.86,159.55,160.86,0.0
2024-06-06 18:00:00-04:00,160.86,160.86,159.55,160.57,0.0
2024-06-06 19:00:00-04:00,160.55,161.4,160.55,160.6,0.0
2024-06-07 04:00:00-04:00,160.7,160.7,160.07,160.1,0.0
2024-06-07 05:00:00-04:00,160.52,160.52,160.11,160.5,0.0
2024-06-07 06:00:00-04:00,160.5,160.5,160.07,160.18,0.0
2024-06-07 07:00:00-04:00,160.12,160.48,160.0,160.23,0.0
2024-06-07 08:00:00-04:00,160.28,161.2118,159.51,159.52,0.0
2024-06-07 09:00:00-04:00,160.0,162.39,159.05,159.3,0.0
2024-06-07 09:30:00-04:00,160.6999969482422,163.8000030517578,160.10000610351562,161.94000244140625,648567.0
2024-06-07 10:30:00-04:00,161.8800048828125,162.74000549316406,161.16000366210938,161.85000610351562,343149.0
2024-06-07 11:30:00-04:00,161.8699951171875,162.63999938964844,161.13999938964844,162.60000610351562,317912.0
2024-06-07 12:30:00-04:00,162.6300048828125,163.4199981689453,162.5800018310547,162.9949951171875,378398.0
2024-06-07 13:30:00-04:00,162.99000549316406,163.25,161.58999633789062,162.32000732421875,255059.0
2024-06-07 14:30:00-04:00,162.27000427246094,162.9600067138672,161.88999938964844,162.11099243164062,444729.0
2024-06-07 15:30:00-04:00,162.11000061035156,162.22000122070312,161.75999450683594,161.9199981689453,373147.0
2024-06-07 16:00:00-04:00,161.92,162.17,161.74,161.84,0.0
2024-06-07 17:00:00-04:00,161.82,162.1885,161.74,161.98,0.0
2024-06-07 18:00:00-04:00,161.98,162.2,160.1,161.98,0.0
2024-06-07 19:00:00-04:00,162.15,162.15,161.01,161.78,0.0
2024-06-10 04:00:00-04:00,161.78,161.92,161.78,161.92,0.0
2024-06-10 05:00:00-04:00,162.02,162.45,161.57,161.94,0.0
2024-06-10 06:00:00-04:00,161.94,161.94,161.63,161.63,0.0
2024-06-10 07:00:00-04:00,161.54,161.86,161.25,161.4,0.0
2024-06-10 08:00:00-04:00,161.41,162.4575,161.2,161.4,0.0
2024-06-10 09:00:00-04:00,162.07,162.07,161.4,161.52,0.0
2024-06-10 09:30:00-04:00,162.0,163.89999389648438,161.55999755859375,163.33999633789062,604246.0
2024-06-10 10:30:00-04:00,163.35000610351562,163.82000732421875,162.57000732421875,162.89500427246094,529559.0
2024-06-10 11:30:00-04:00,162.8699951171875,163.75,162.84500122070312,163.32000732421875,300686.0
2024-06-10 12:30:00-04:00,163.32000732421875,163.35000610351562,162.1300048828125,162.17999267578125,306440.0
2024-06-10 13:30:00-04:00,162.17640686035156,162.8000030517578,161.92999267578125,162.02999877929688,520217.0
2024-06-10 14:30:00-04:00,162.02000427246094,162.33999633789062,161.9199981689453,162.30999755859375,854191.0
2024-06-10 15:30:00-04:00,162.3000030517578,162.88999938964844,161.8300018310547,162.88999938964844,692371.0
2024-06-10 16:00:00-04:00,162.84,163.79,160.81,163.08,0.0
2024-06-10 17:00:00-04:00,163.08,163.08,162.5,163.08,0.0
2024-06-10 18:00:00-04:00,162.5,163.08,162.5,162.55,0.0
2024-06-10 19:00:00-04:00,162.55,163.08,162.55,162.65,0.0
2024-06-11 04:00:00-04:00,162.85,162.97,162.58,162.97,0.0
2024-06-11 05:00:00-04:00,162.96,162.96,162.04,162.25,0.0
2024-06-11 06:00:00-04:00,162.01,162.53,162.0,162.2,0.0
2024-06-11 07:00:00-04:00,162.1,162.2,161.95,162.0,0.0
2024-06-11 08:00:00-04:00,162.0,162.97,161.29,162.5,0.0
2024-06-11 09:00:00-04:00,162.3858,162.49,162.0,162.0,0.0
2024-06-11 09:30:00-04:00,161.69949340820312,162.0,160.34320068359375,161.6300048828125,519590.0
2024-06-11 10:30:00-04:00,161.59100341796875,161.9600067138672,161.15029907226562,161.15029907226562,254326.0
2024-06-11 11:30:00-04:00,161.17999267578125,161.41000366210938,160.74000549316406,161.25,264594.0
2024-06-11 12:30:00-04:00,161.2550048828125,161.5500030517578,160.0399932861328,160.0800018310547,1097283.0
2024-06-11 13:30:00-04:00,160.0800018310547,160.5800018310547,159.8800048828125,160.27000427246094,760707.0
2024-06-11 14:30:00-04:00,160.27000427246094,160.5,159.61000061035156,160.0800018310547,623653.0
2024-06-11 15:30:00-04:00,160.07000732421875,160.44500732421875,160.0,160.3699951171875,604889.0
2024-06-11 16:00:00-04:00,160.37,160.49,160.0,160.35,0.0
2024-06-11 17:00:00-04:00,160.35,160.48,160.22,160.36,0.0
2024-06-11 18:00:00-04:00,160.26,160.5,160.23,160.23,0.0
2024-06-11 19:00:00-04:00,160.5,161.85,160.28,160.37,0.0
2024-06-12 04:00:00-04:00,160.16,160.16,160.16,160.16,0.0
2024-06-12 05:00:00-04:00,160.36,160.5,160.36,160.49,0.0
2024-06-12 06:00:00-04:00,160.49,160.5,160.37,160.37,0.0
2024-06-12 07:00:00-04:00,160.37,160.62,160.36,160.61,0.0
2024-06-12 08:00:00-04:00,160.55,161.0,159.94,160.51,0.0
2024-06-12 09:00:00-04:00,160.68,162.0,160.36,161.8,0.0
2024-06-12 09:30:00-04:00,161.27499389648438,162.94000244140625,159.17999267578125,162.6300048828125,847800.0
2024-06-12 10:30:00-04:00,162.6300048828125,162.6300048828125,160.40499877929688,160.83999633789062,538096.0
2024-06-12 11:30:00-04:00,160.82000732421875,161.94000244140625,160.36000061035156,161.58999633789062,645606.0
2024-06-12 12:30:00-04:00,161.60000610351562,162.49000549316406,161.0500030517578,161.13999938964844,645779.0
2024-06-12 13:30:00-04:00,161.1199951171875,161.36990356445312,160.25,161.125,396261.0
2024-06-12 14:30:00-04:00,161.1300048828125,161.47999572753906,160.1999969482422,160.51499938964844,1326066.0
2024-06-12 15:30:00-04:00,160.49000549316406,161.3300018310547,160.3699951171875,161.01699829101562,741975.0
2024-06-12 16:00:00-04:00,161.01,161.05,159.51,160.45,0.0
2024-06-12 17:00:00-04:00,161.03,161.49,160.8,161.0,0.0
2024-06-12 18:00:00-04:00,161.0,161.49,161.0,161.1,0.0
2024-06-12 19:00:00-04:00,161.06,161.49,161.05,161.16,0.0
2024-06-13 04:00:00-04:00,160.77,161.5,160.77,161.48,0.0
2024-06-13 05:00:00-04:00,161.2,161.48,161.2,161.45,0.0
2024-06-13 06:00:00-04:00,161.2,161.43,160.63,160.63,0.0
2024-06-13 07:00:00-04:00,160.61,161.21,160.61,160.84,0.0
2024-06-13 08:00:00-04:00,161.0,161.35,160.53,160.55,0.0
2024-06-13 09:00:00-04:00,161.28,161.55,160.55,160.9,0.0
2024-06-13 09:30:00-04:00,160.58999633789062,160.6300048828125,155.41000366210938,155.7899932861328,1758480.0
2024-06-13 10:30:00-04:00,155.86500549316406,156.1999969482422,154.17999267578125,154.8300018310547,1197098.0
2024-06-13 11:30:00-04:00,154.8321990966797,155.3300018310547,154.52000427246094,154.94000244140625,626532.0
2024-06-13 12:30:00-04:00,154.94500732421875,155.82000732421875,154.75,155.07839965820312,552109.0
2024-06-13 13:30:00-04:00,155.07000732421875,155.47000122070312,154.8800048828125,155.0850067138672,559025.0
2024-06-13 14:30:00-04:00,155.0500030517578,155.32000732421875,154.8000030517578,155.02000427246094,649879.0
2024-06-13 15:30:00-04:00,154.99000549316406,155.82000732421875,154.875,155.6999969482422,1025313.0
2024-06-13 16:00:00-04:00,155.61,155.99,155.35,155.37,0.0
2024-06-13 17:00:00-04:00,155.36,155.69,155.35,155.69,0.0
2024-06-13 18:00:00-04:00,155.46,155.69,155.0,155.53,0.0
2024-06-13 19:00:00-04:00,155.55,155.55,155.2,155.28,0.0
2024-06-14 04:00:00-04:00,155.66,155.69,155.64,155.69,0.0
2024-06-14 05:00:00-04:00,155.69,155.69,154.31,154.78,0.0
2024-06-14 06:00:00-04:00,155.0,155.0,154.25,154.43,0.0
2024-06-14 07:00:00-04:00,154.43,154.7,154.05,154.12,0.0
2024-06-14 08:00:00-04:00,154.39,155.9,154.0,154.32,0.0
2024-06-14 09:00:00-04:00,154.83,160.2,154.32,154.66,0.0
2024-06-14 09:30:00-04:00,154.22000122070312,156.60000610351562,153.21499633789062,156.10000610351562,1226626.0
2024-06-14 10:30:00-04:00,156.0800018310547,156.27000427246094,154.8000030517578,155.2899932861328,950606.0
2024-06-14 11:30:00-04:00,155.32000732421875,155.7100067138672,154.91000366210938,155.19000244140625,497361.0
2024-06-14 12:30:00-04:00,155.18499755859375,156.05999755859375,154.8905029296875,155.468994140625,495949.0
2024-06-14 13:30:00-04:00,155.4600067138672,155.8800048828125,154.92999267578125,155.22000122070312,570585.0
2024-06-14 14:30:00-04:00,155.2050018310547,155.75999450683594,154.99000549316406,155.64999389648438,673522.0
2024-06-14 15:30:00-04:00,155.64999389648438,156.0500030517578,155.5399932861328,155.88999938964844,1060455.0
2024-06-14 16:00:00-04:00,155.88,157.7217,155.51,155.87,0.0
2024-06-14 17:00:00-04:00,155.72,156.0,155.53,155.65,0.0
2024-06-14 18:00:00-04:00,155.65,156.0,155.65,156.0,0.0
2024-06-14 19:00:00-04:00,155.81,156.0,155.53,155.53,0.0
2024-06-17 04:00:00-04:00,155.53,155.75,155.53,155.75,0.0
2024-06-17 05:00:00-04:00,155.86,155.86,155.27,155.27,0.0
2024-06-17 06:00:00-04:00,155.36,155.36,155.1,155.36,0.0
2024-06-17 07:00:00-04:00,155.14,155.58,155.14,155.2,0.0
2024-06-17 08:00:00-04:00,155.15,155.89,155.1364,155.88,0.0
2024-06-17 09:00:00-04:00,155.15,155.88,155.15,155.87,0.0
2024-06-17 09:30:00-04:00,156.13999938964844,159.64999389648438,155.4499969482422,158.81939697265625,1628126.0
2024-06-17 10:30:00-04:00,158.8000030517578,161.32000732421875,158.6300048828125,160.99000549316406,1002758.0
2024-06-17 11:30:00-04:00,160.97999572753906,163.16000366210938,160.97000122070312,163.1300048828125,1033741.0
2024-06-17 12:30:00-04:00,163.14500427246094,164.3699951171875,162.61000061035156,164.10000610351562,837997.0
2024-06-17 13:30:00-04:00,164.10000610351562,167.49989318847656,163.77000427246094,164.02000427246094,1492060.0
2024-06-17 14:30:00-04:00,164.05999755859375,164.72999572753906,163.11000061035156,164.64999389648438,1090492.0
2024-06-17 15:30:00-04:00,164.64999389648438,164.74000549316406,163.11000061035156,163.25999450683594,1502141.0
2024-06-17 16:00:00-04:00,163.23,163.47,154.45,163.08,0.0
2024-06-17 17:00:00-04:00,163.23,163.47,163.08,163.2,0.0
2024-06-17 18:00:00-04:00,163.15,163.48,163.15,163.38,0.0
2024-06-17 19:00:00-04:00,163.472,163.48,163.2,163.35,0.0
2024-06-18 04:00:00-04:00,163.38,163.39,163.38,163.39,0.0
2024-06-18 05:00:00-04:00,163.23,163.35,163.21,163.24,0.0
2024-06-18 06:00:00-04:00,163.24,163.36,163.24,163.24,0.0
2024-06-18 07:00:00-04:00,163.24,163.38,163.0,163.0,0.0
2024-06-18 08:00:00-04:00,163.0,163.47,162.88,162.88,0.0
2024-06-18 09:00:00-04:00,163.22,163.23,156.115,162.91,0.0
2024-06-18 09:30:00-04:00,163.39999389648438,165.1199951171875,162.36000061035156,163.5800018310547,977934.0
2024-06-18 10:30:00-04:00,163.6199951171875,164.44500732421875,162.39999389648438,162.9949951171875,622161.0
2024-06-18 11:30:00-04:00,163.0272979736328,163.3699951171875,162.75,163.22000122070312,390658.0
2024-06-18 12:30:00-04:00,163.25,164.16000366210938,163.14999389648438,164.00999450683594,340027.0
2024-06-18 13:30:00-04:00,164.0,164.0500030517578,163.33999633789062,163.77999877929688,453660.0
2024-06-18 14:30:00-04:00,163.77999877929688,164.86000061035156,163.77000427246094,164.75999450683594,399414.0
2024-06-18 15:30:00-04:00,164.74000549316406,165.19000244140625,164.6199951171875,165.02999877929688,713572.0
2024-06-18 16:00:00-04:00,166.0,166.0,164.58,165.0,0.0
2024-06-18 17:00:00-04:00,165.0,165.11,164.58,165.0,0.0
2024-06-18 18:00:00-04:00,164.658,165.15,163.5,163.5,0.0
2024-06-18 19:00:00-04:00,165.15,165.22,164.06,164.93,0.0
2024-06-20 04:00:00-04:00,164.99,165.0,164.08,164.74,0.0
2024-06-20 05:00:00-04:00,164.98,164.98,164.7,164.7,0.0
2024-06-20 06:00:00-04:00,164.7,165.05,164.7,164.71,0.0
2024-06-20 07:00:00-04:00,164.71,165.38,164.71,165.26,0.0
2024-06-20 08:00:00-04:00,165.4,166.08,164.81,165.77,0.0
2024-06-20 09:00:00-04:00,165.39,165.81,163.615,165.35,0.0
2024-06-20 09:30:00-04:00,164.97000122070312,166.3000030517578,164.5032958984375,164.8350067138672,915855.0
2024-06-20 10:30:00-04:00,164.84500122070312,166.16000366210938,164.77000427246094,165.74000549316406,623652.0
2024-06-20 11:30:00-04:00,165.75,165.75,164.75,164.77000427246094,486861.0
2024-06-20 12:30:00-04:00,164.72500610351562,164.92999267578125,163.4499969482422,163.69000244140625,342148.0
2024-06-20 13:30:00-04:00,163.69000244140625,165.61000061035156,163.0500030517578,165.47999572753906,438793.0
2024-06-20 14:30:00-04:00,165.50999450683594,165.52999877929688,164.3300018310547,164.83999633789062,402029.0
2024-06-20 15:30:00-04:00,164.8300018310547,165.44000244140625,164.6699981689453,165.05999755859375,644919.0
2024-06-20 16:00:00-04:00,165.0,165.09,163.0,165.09,0.0
2024-06-20 17:00:00-04:00,165.09,165.09,159.2747,165.0,0.0
2024-06-20 18:00:00-04:00,164.53,165.0,163.8,165.0,0.0
2024-06-20 19:00:00-04:00,164.99,165.09,164.8,165.09,0.0
2024-06-21 04:00:00-04:00,165.09,165.09,164.51,164.51,0.0
2024-06-21 05:00:00-04:00,164.44,164.53,164.0,164.05,0.0
2024-06-21 06:00:00-04:00,164.1,164.51,164.08,164.16,0.0
2024-06-21 07:00:00-04:00,164.16,164.5,164.05,164.25,0.0
2024-06-21 08:00:00-04:00,164.25,165.0,163.89,164.01,0.0
2024-06-21 09:00:00-04:00,164.5,164.925,164.0,164.36,0.0
2024-06-21 09:30:00-04:00,164.5,164.52740478515625,161.3000030517578,163.30999755859375,1459357.0
2024-06-21 10:30:00-04:00,163.27000427246094,163.82179260253906,162.6999969482422,163.00999450683594,393199.0
2024-06-21 11:30:00-04:00,162.97000122070312,163.3699951171875,162.5301055908203,163.28500366210938,558999.0
2024-06-21 12:30:00-04:00,163.32000732421875,163.6300048828125,162.4199981689453,162.5500030517578,277810.0
2024-06-21 13:30:00-04:00,162.5399932861328,163.25,162.30999755859375,163.20359802246094,611670.0
2024-06-21 14:30:00-04:00,163.19000244140625,164.61000061035156,163.1699981689453,164.5399932861328,557656.0
2024-06-21 15:30:00-04:00,164.5449981689453,164.9199981689453,164.08999633789062,164.19000244140625,1077400.0
2024-06-21 16:00:00-04:00,164.24,165.39,162.87,164.55,0.0
2024-06-21 17:00:00-04:00,164.1,165.39,164.1,164.15,0.0
2024-06-21 18:00:00-04:00,164.24,165.39,164.15,164.15,0.0
2024-06-21 19:00:00-04:00,164.54,164.75,164.15,164.5,0.0
2024-06-24 04:00:00-04:00,164.49,165.0,163.92,163.92,0.0
2024-06-24 05:00:00-04:00,163.94,164.51,163.94,164.51,0.0
2024-06-24 06:00:00-04:00,164.12,164.59,164.12,164.3,0.0
2024-06-24 07:00:00-04:00,164.3,164.58,164.21,164.58,0.0
2024-06-24 08:00:00-04:00,164.3,164.7,160.6,164.69,0.0
2024-06-24 09:00:00-04:00,164.0,164.68,164.0,164.1,0.0
2024-06-24 09:30:00-04:00,164.10000610351562,164.7550048828125,161.52000427246094,162.88999938964844,652152.0
2024-06-24 10:30:00-04:00,162.9199981689453,163.92999267578125,162.9149932861328,163.5500030517578,435264.0
2024-06-24 11:30:00-04:00,163.57000732421875,164.55999755859375,163.47000122070312,164.4084930419922,431465.0
2024-06-24 12:30:00-04:00,164.3699951171875,164.3699951171875,162.54010009765625,162.72900390625,291568.0
2024-06-24 13:30:00-04:00,162.69000244140625,163.07000732421875,159.5500030517578,160.1999969482422,663389.0
2024-06-24 14:30:00-04:00,160.19500732421875,160.9199981689453,159.1999969482422,160.9199981689453,764544.0
2024-06-24 15:30:00-04:00,160.88999938964844,161.6999969482422,160.4499969482422,160.52000427246094,1016043.0
2024-06-24 16:00:00-04:00,160.52,163.775,159.75,161.26,0.0
2024-06-24 17:00:00-04:00,160.5,161.26,160.14,161.26,0.0
2024-06-24 18:00:00-04:00,161.26,161.26,160.45,160.46,0.0
2024-06-24 19:00:00-04:00,160.49,161.26,160.35,160.49,0.0
2024-06-25 04:00:00-04:00,160.49,160.54,160.49,160.54,0.0
2024-06-25 05:00:00-04:00,160.95,160.95,157.92,158.79,0.0
2024-06-25 06:00:00-04:00,158.41,158.75,158.07,158.37,0.0
2024-06-25 07:00:00-04:00,158.37,159.0,158.13,159.0,0.0
2024-06-25 08:00:00-04:00,158.82,161.14,158.373,159.0,0.0
2024-06-25 09:00:00-04:00,159.0,160.605,158.98,159.66,0.0
2024-06-25 09:30:00-04:00,159.5800018310547,162.47999572753906,158.4199981689453,162.1699981689453,1134636.0
2024-06-25 10:30:00-04:00,162.24000549316406,162.5399932861328,161.4801025390625,161.8699951171875,359183.0
2024-06-25 11:30:00-04:00,161.8699951171875,163.25990295410156,161.80999755859375,162.57000732421875,381787.0
2024-06-25 12:30:00-04:00,162.5749969482422,163.64999389648438,162.3000030517578,163.5749969482422,365948.0
2024-06-25 13:30:00-04:00,163.5998992919922,163.6300048828125,163.11000061035156,163.5518035888672,833687.0
2024-06-25 14:30:00-04:00,163.5800018310547,163.5800018310547,159.0800018310547,160.73500061035156,1312016.0
2024-06-25 15:30:00-04:00,160.73500061035156,160.73500061035156,159.27000427246094,159.72000122070312,1384921.0
2024-06-25 16:00:00-04:00,159.72,161.21,159.0,160.09,0.0
2024-06-25 17:00:00-04:00,159.73,160.09,159.27,159.71,0.0
2024-06-25 18:00:00-04:00,159.71,160.15,159.69,159.75,0.0
2024-06-25 19:00:00-04:00,160.14,160.14,159.75,160.0,0.0
2024-06-26 04:00:00-04:00,159.93,160.05,159.9,159.9,0.0
2024-06-26 05:00:00-04:00,159.9,159.94,159.6,159.62,0.0
2024-06-26 06:00:00-04:00,159.74,159.75,159.0,159.52,0.0
2024-06-26 07:00:00-04:00,158.86,159.44,158.83,159.28,0.0
2024-06-26 08:00:00-04:00,159.29,160.01,158.7882,159.25,0.0
2024-06-26 09:00:00-04:00,159.19,159.21,158.6,158.9,0.0
2024-06-26 09:30:00-04:00,158.57000732421875,161.0,157.51739501953125,160.0800018310547,736466.0
2024-06-26 10:30:00-04:00,160.08999633789062,160.94000244140625,159.88999938964844,160.24000549316406,321736.0
2024-06-26 11:30:00-04:00,160.1699981689453,160.77999877929688,159.86000061035156,160.22999572753906,365060.0
2024-06-26 12:30:00-04:00,160.19000244140625,160.4499969482422,159.57000732421875,159.6699981689453,233423.0
2024-06-26 13:30:00-04:00,159.69000244140625,159.91000366210938,159.24000549316406,159.66000366210938,258300.0
2024-06-26 14:30:00-04:00,159.6649932861328,160.5449981689453,159.52000427246094,160.52000427246094,338421.0
2024-06-26 15:30:00-04:00,160.4949951171875,161.02000427246094,160.33999633789062,160.64999389648438,534788.0
2024-06-26 16:00:00-04:00,160.64,161.4,157.5,161.0,0.0
2024-06-26 17:00:00-04:00,160.55,163.6,160.55,160.98,0.0
2024-06-26 18:00:00-04:00,161.0,161.0,160.19,160.8,0.0
2024-06-26 19:00:00-04:00,160.8,160.8,159.6,160.5,0.0
2024-06-27 04:00:00-04:00,159.94,160.25,159.66,160.25,0.0
2024-06-27 05:00:00-04:00,159.71,160.31,159.71,159.89,0.0
2024-06-27 06:00:00-04:00,159.89,160.0,159.88,159.88,0.0
2024-06-27 07:00:00-04:00,159.95,160.5,159.93,160.1,0.0
2024-06-27 08:00:00-04:00,160.27,160.83,159.89,160.66,0.0
2024-06-27 09:00:00-04:00,160.66,160.66,160.1,160.66,0.0
2024-06-27 09:30:00-04:00,160.8000030517578,161.85000610351562,159.92999267578125,160.08999633789062,617665.0
2024-06-27 10:30:00-04:00,160.17999267578125,160.4199981689453,159.60000610351562,159.7449951171875,385959.0
2024-06-27 11:30:00-04:00,159.75,160.5500030517578,159.610107421875,160.35000610351562,286762.0
2024-06-27 12:30:00-04:00,160.3350067138672,160.75,160.16000366210938,160.25,220198.0
2024-06-27 13:30:00-04:00,160.22000122070312,160.3699951171875,159.80999755859375,160.07000732421875,236205.0
2024-06-27 14:30:00-04:00,160.0800018310547,160.69000244140625,159.72000122070312,160.38499450683594,295419.0
2024-06-27 15:30:00-04:00,160.3699951171875,160.57000732421875,159.82000732421875,160.50999450683594,432337.0
2024-06-27 16:00:00-04:00,160.5,160.73,159.0,160.49,0.0
2024-06-27 17:00:00-04:00,160.05,160.73,160.05,160.06,0.0
2024-06-27 18:00:00-04:00,160.06,160.73,160.06,160.1,0.0
2024-06-27 19:00:00-04:00,160.1,160.75,160.07,160.5,0.0
2024-06-28 04:00:00-04:00,160.58,160.58,160.58,160.58,0.0
2024-06-28 05:00:00-04:00,160.58,160.58,160.14,160.14,0.0
2024-06-28 06:00:00-04:00,160.14,160.57,160.14,160.56,0.0
2024-06-28 07:00:00-04:00,160.56,160.91,160.56,160.79,0.0
2024-06-28 08:00:00-04:00,160.61,161.28,159.9,161.09,0.0
2024-06-28 09:00:00-04:00,161.0,161.27,160.5,161.1,0.0
2024-06-28 09:30:00-04:00,160.25999450683594,161.6199951171875,159.83999633789062,160.8300018310547,690892.0
2024-06-28 10:30:00-04:00,160.82000732421875,161.00999450683594,159.3800048828125,159.55039978027344,408036.0
2024-06-28 11:30:00-04:00,159.66000366210938,160.08999633789062,159.5500030517578,159.98500061035156,318824.0
2024-06-28 12:30:00-04:00,159.99000549316406,160.02999877929688,158.75,158.88999938964844,321901.0
2024-06-28 13:30:00-04:00,158.83999633789062,159.0500030517578,158.3000030517578,158.52000427246094,304193.0
2024-06-28 14:30:00-04:00,158.5,158.86990356445312,157.89999389648438,158.60000610351562,469239.0
2024-06-28 15:30:00-04:00,158.61000061035156,159.19000244140625,158.05999755859375,158.96499633789062,743006.0
2024-06-28 16:00:00-04:00,158.97,159.39,157.5,158.97,0.0
2024-06-28 17:00:00-04:00,159.2,159.2,158.45,159.19,0.0
2024-06-28 18:00:00-04:00,159.19,159.2,158.32,159.19,0.0
2024-06-28 19:00:00-04:00,158.97,159.35,158.61,158.8,0.0
2024-07-01 04:00:00-04:00,159.35,159.35,158.97,158.97,0.0
2024-07-01 05:00:00-04:00,159.0,159.0,158.82,158.82,0.0
2024-07-01 06:00:00-04:00,158.82,159.33,158.82,158.84,0.0
2024-07-01 07:00:00-04:00,158.84,159.13,158.81,159.0,0.0
2024-07-01 08:00:00-04:00,159.0,159.97,158.8,159.03,0.0
2024-07-01 09:00:00-04:00,159.15,159.38,158.5,159.0,0.0
2024-07-01 09:30:00-04:00,160.6699981689453,161.39999389648438,156.80999755859375,157.0,884714.0
2024-07-01 10:30:00-04:00,157.10000610351562,157.27999877929688,156.0500030517578,156.9600067138672,585622.0
2024-07-01 11:30:00-04:00,156.98809814453125,157.61000061035156,156.36000061035156,157.26499938964844,558971.0
2024-07-01 12:30:00-04:00,157.26499938964844,158.41000366210938,157.26499938964844,158.07000732421875,468778.0
2024-07-01 13:30:00-04:00,158.0399932861328,159.0,157.96499633789062,158.97999572753906,327808.0
2024-07-01 14:30:00-04:00,158.97000122070312,159.9199981689453,158.75,159.56460571289062,471510.0
2024-07-01 15:30:00-04:00,159.5500030517578,159.60000610351562,158.8000030517578,158.97000122070312,601826.0
2024-07-01 16:00:00-04:00,158.97,159.96,158.01,159.35,0.0
2024-07-01 17:00:00-04:00,159.4899,159.49,158.97,159.21,0.0
2024-07-01 18:00:00-04:00,159.05,159.21,159.05,159.2,0.0
2024-07-01 19:00:00-04:00,159.01,159.01,157.61,158.5954,0.0
2024-07-02 04:00:00-04:00,158.66,158.66,157.99,158.53,0.0
2024-07-02 05:00:00-04:00,158.58,158.58,157.51,158.01,0.0
2024-07-02 06:00:00-04:00,158.01,158.01,157.51,158.0,0.0
2024-07-02 07:00:00-04:00,158.0,158.42,157.9,157.9,0.0
2024-07-02 08:00:00-04:00,157.98,158.67,157.5,158.35,0.0
2024-07-02 09:00:00-04:00,160.64,160.64,158.1,158.6,0.0
2024-07-02 09:30:00-04:00,158.82000732421875,162.17999267578125,158.25,161.97000122070312,723403.0
2024-07-02 10:30:00-04:00,161.97500610351562,162.47999572753906,160.8699951171875,162.44000244140625,449531.0
2024-07-02 11:30:00-04:00,162.4600067138672,162.94000244140625,161.2899932861328,161.52000427246094,689282.0
2024-07-02 12:30:00-04:00,161.50999450683594,161.60989379882812,160.6199951171875,161.47000122070312,454368.0
2024-07-02 13:30:00-04:00,161.47000122070312,161.47000122070312,160.63999938964844,160.92999267578125,432324.0
2024-07-02 14:30:00-04:00,160.8699951171875,161.02000427246094,160.0800018310547,160.57000732421875,450633.0
2024-07-02 15:30:00-04:00,160.55999755859375,161.47999572753906,160.30999755859375,161.47000122070312,667359.0
2024-07-02 16:00:00-04:00,161.45,161.95,160.28,161.23,0.0
2024-07-02 17:00:00-04:00,161.24,161.45,161.1,161.1,0.0
2024-07-02 18:00:00-04:00,161.43,161.43,161.14,161.23,0.0
2024-07-02 19:00:00-04:00,161.1,161.42,161.1,161.4,0.0
2024-07-03 04:00:00-04:00,161.4,161.4,160.99,161.0,0.0
2024-07-03 05:00:00-04:00,161.0,161.4,161.0,161.4,0.0
2024-07-03 06:00:00-04:00,161.15,161.19,161.15,161.15,0.0
2024-07-03 07:00:00-04:00,161.15,161.25,161.09,161.25,0.0
2024-07-03 08:00:00-04:00,161.26,161.4,160.7948,161.3991,0.0
2024-07-03 09:00:00-04:00,161.4,161.4,161.08,161.4,0.0
2024-07-03 09:30:00-04:00,161.8800048828125,164.49000549316406,161.5399932861328,163.9600067138672,825729.0
2024-07-03 10:30:00-04:00,163.94500732421875,164.3459930419922,163.53500366210938,164.24000549316406,467929.0
2024-07-03 11:30:00-04:00,164.21080017089844,164.21080017089844,163.6300048828125,163.7550048828125,342278.0
2024-07-03 13:00:00-04:00,163.74000549316406,163.7899932861328,162.75,163.09500122070312,0.0
2024-07-03 14:00:00-04:00,163.27,163.27,161.45,163.0,0.0
2024-07-03 15:00:00-04:00,163.23,163.23,162.36,162.79,0.0
2024-07-03 16:00:00-04:00,162.36,163.0,162.36,162.75,0.0
2024-07-05 04:00:00-04:00,163.03,163.03,162.51,162.99,0.0
2024-07-05 05:00:00-04:00,162.99,163.27,162.58,162.99,0.0
2024-07-05 06:00:00-04:00,162.99,163.26,162.57,162.57,0.0
2024-07-05 07:00:00-04:00,162.57,163.47,162.57,163.01,0.0
2024-07-05 08:00:00-04:00,163.01,163.5,162.2902,162.81,0.0
2024-07-05 09:00:00-04:00,162.99,163.56,162.8,162.8,0.0
2024-07-05 09:30:00-04:00,163.24000549316406,163.24000549316406,159.75999450683594,159.77000427246094,639569.0
2024-07-05 10:30:00-04:00,159.77000427246094,160.57000732421875,159.69839477539062,160.44000244140625,479625.0
2024-07-05 11:30:00-04:00,160.4199981689453,160.55990600585938,159.66000366210938,160.52999877929688,458990.0
2024-07-05 12:30:00-04:00,160.52000427246094,160.9499969482422,160.4600067138672,160.66000366210938,360536.0
2024-07-05 13:30:00-04:00,160.6699981689453,161.09719848632812,160.47999572753906,160.6300048828125,342099.0
2024-07-05 14:30:00-04:00,160.64500427246094,161.0399932861328,160.47999572753906,160.88999938964844,394846.0
2024-07-05 15:30:00-04:00,160.89999389648438,160.92999267578125,160.24000549316406,160.52000427246094,657022.0
2024-07-05 16:00:00-04:00,160.5,161.3,159.2687,160.99,0.0
2024-07-05 17:00:00-04:00,160.55,160.9767,159.2687,160.49,0.0
2024-07-05 18:00:00-04:00,160.3315,160.99,160.3,160.3,0.0
2024-07-05 19:00:00-04:00,160.6,160.6,160.3,160.35,0.0
2024-07-08 04:00:00-04:00,163.0,163.0,160.35,160.55,0.0
2024-07-08 05:00:00-04:00,160.51,160.51,160.51,160.51,0.0
2024-07-08 06:00:00-04:00,160.97,160.97,160.46,160.51,0.0
2024-07-08 07:00:00-04:00,160.51,160.67,160.48,160.67,0.0
2024-07-08 08:00:00-04:00,160.67,160.97,160.2,160.76,0.0
2024-07-08 09:00:00-04:00,160.76,160.86,160.5,160.86,0.0
2024-07-08 09:30:00-04:00,161.75999450683594,163.77870178222656,160.64999389648438,163.3699951171875,665492.0
2024-07-08 10:30:00-04:00,163.38999938964844,163.38999938964844,162.22500610351562,162.89999389648438,391311.0
2024-07-08 11:30:00-04:00,162.9149932861328,162.9600067138672,161.83299255371094,162.10000610351562,230425.0
2024-07-08 12:30:00-04:00,162.07000732421875,162.6199951171875,162.0500030517578,162.51060485839844,158669.0
2024-07-08 13:30:00-04:00,162.5500030517578,163.156005859375,162.52999877929688,163.1199951171875,232113.0
2024-07-08 14:30:00-04:00,163.09500122070312,163.1699981689453,162.6699981689453,162.75,261609.0
2024-07-08 15:30:00-04:00,162.75,163.5,162.61000061035156,163.47000122070312,607871.0
2024-07-08 16:00:00-04:00,163.53,163.67,162.05,163.2,0.0
2024-07-08 17:00:00-04:00,163.1,163.66,162.5,163.5,0.0
2024-07-08 18:00:00-04:00,163.1,163.66,162.2,163.51,0.0
2024-07-08 19:00:00-04:00,163.51,163.67,163.51,163.67,0.0
2024-07-09 04:00:00-04:00,163.77,163.77,163.77,163.77,0.0
2024-07-09 05:00:00-04:00,163.49,163.78,163.49,163.67,0.0
2024-07-09 06:00:00-04:00,163.72,164.0,163.71,164.0,0.0
2024-07-09 07:00:00-04:00,164.0,164.0,163.65,163.7,0.0
2024-07-09 08:00:00-04:00,163.56,163.91,163.08,163.69,0.0
2024-07-09 09:00:00-04:00,163.7,163.78,162.22,163.51,0.0
2024-07-09 09:30:00-04:00,163.97999572753906,165.0399932861328,163.36099243164062,163.9600067138672,871251.0
2024-07-09 10:30:00-04:00,163.94000244140625,165.02000427246094,163.87649536132812,164.89999389648438,423666.0
2024-07-09 11:30:00-04:00,164.9001007080078,165.5800018310547,164.7899932861328,164.89500427246094,503800.0
2024-07-09 12:30:00-04:00,164.8699951171875,165.1699981689453,164.1999969482422,164.3249969482422,381844.0
2024-07-09 13:30:00-04:00,164.30999755859375,164.75999450683594,163.99000549316406,163.99000549316406,255737.0
2024-07-09 14:30:00-04:00,164.02999877929688,164.27999877929688,163.22999572753906,163.4550018310547,339536.0
2024-07-09 15:30:00-04:00,163.44000244140625,163.6300048828125,163.02999877929688,163.13999938964844,447681.0
2024-07-09 16:00:00-04:00,163.13,163.34,163.01,163.15,0.0
2024-07-09 17:00:00-04:00,163.09,163.33,163.02,163.02,0.0
2024-07-09 18:00:00-04:00,163.14,163.33,163.02,163.29,0.0
2024-07-09 19:00:00-04:00,163.13,163.33,163.02,163.02,0.0
2024-07-10 04:00:00-04:00,163.13,163.32,163.13,163.32,0.0
2024-07-10 05:00:00-04:00,163.34,163.34,163.34,163.34,0.0
2024-07-10 06:00:00-04:00,163.32,163.54,163.13,163.21,0.0
2024-07-10 07:00:00-04:00,163.21,163.23,162.81,163.13,0.0
2024-07-10 08:00:00-04:00,163.13,163.52,162.5,163.21,0.0
2024-07-10 09:00:00-04:00,163.52,164.91,163.13,163.5,0.0
2024-07-10 09:30:00-04:00,163.14999389648438,165.5399932861328,162.5399932861328,164.375,605148.0
2024-07-10 10:30:00-04:00,164.4199981689453,164.52999877929688,163.6199951171875,164.52000427246094,385097.0
2024-07-10 11:30:00-04:00,164.50999450683594,165.99000549316406,164.50999450683594,165.71499633789062,401337.0
2024-07-10 12:30:00-04:00,165.68020629882812,165.82000732421875,164.9600067138672,165.11000061035156,266152.0
2024-07-10 13:30:00-04:00,165.11000061035156,165.2899932861328,164.60000610351562,165.08999633789062,345785.0
2024-07-10 14:30:00-04:00,165.0399932861328,165.9149932861328,164.97999572753906,165.67999267578125,592625.0
2024-07-10 15:30:00-04:00,165.66000366210938,165.80999755859375,165.30999755859375,165.66000366210938,551085.0
2024-07-10 16:00:00-04:00,165.66,165.8,165.59,165.59,0.0
2024-07-10 17:00:00-04:00,165.59,165.85,165.59,165.75,0.0
2024-07-10 18:00:00-04:00,165.75,165.85,165.59,165.59,0.0
2024-07-10 19:00:00-04:00,165.59,166.0,165.59,165.6,0.0
2024-07-11 04:00:00-04:00,165.3,165.76,165.3,165.42,0.0
2024-07-11 05:00:00-04:00,165.42,165.43,165.42,165.43,0.0
2024-07-11 06:00:00-04:00,165.8,165.89,165.42,165.89,0.0
2024-07-11 07:00:00-04:00,165.89,165.95,165.45,165.48,0.0
2024-07-11 08:00:00-04:00,165.45,165.99,165.0,165.25,0.0
2024-07-11 09:00:00-04:00,165.56,166.34,165.15,166.0,0.0
2024-07-11 09:30:00-04:00,165.19000244140625,165.67999267578125,162.4197998046875,163.4550018310547,778744.0
2024-07-11 10:30:00-04:00,163.39999389648438,164.25,163.10000610351562,163.2100067138672,381793.0
2024-07-11 11:30:00-04:00,163.1999969482422,163.80999755859375,162.75999450683594,163.3000030517578,340883.0
2024-07-11 12:30:00-04:00,163.35000610351562,163.61000061035156,162.2100067138672,163.2899932861328,471372.0
2024-07-11 13:30:00-04:00,163.27999877929688,163.27999877929688,162.52999877929688,162.5399932861328,458749.0
2024-07-11 14:30:00-04:00,162.5399932861328,163.08999633789062,162.35000610351562,162.69000244140625,453878.0
2024-07-11 15:30:00-04:00,162.72000122070312,162.9499969482422,161.7899932861328,161.86000061035156,823702.0
2024-07-11 16:00:00-04:00,161.92,163.88,161.2,162.0,0.0
2024-07-11 17:00:00-04:00,162.0,162.0,161.51,161.9,0.0
2024-07-11 18:00:00-04:00,161.91,162.0,161.5,161.96,0.0
2024-07-11 19:00:00-04:00,161.96,162.43,161.76,162.07,0.0
2024-07-12 04:00:00-04:00,161.77,162.5,161.77,162.02,0.0
2024-07-12 05:00:00-04:00,162.2,162.26,161.72,162.09,0.0
2024-07-12 06:00:00-04:00,162.09,162.18,161.67,161.9,0.0
2024-07-12 07:00:00-04:00,161.9,162.31,161.9,162.01,0.0
2024-07-12 08:00:00-04:00,162.01,162.48,161.01,162.44,0.0
2024-07-12 09:00:00-04:00,161.98,162.47,161.85,162.0,0.0
2024-07-12 09:30:00-04:00,161.8800048828125,162.29989624023438,159.66000366210938,159.77000427246094,872135.0
2024-07-12 10:30:00-04:00,159.77000427246094,161.3397979736328,159.42999267578125,160.3699951171875,733417.0
2024-07-12 11:30:00-04:00,160.38999938964844,160.58999633789062,159.71499633789062,160.1699981689453,626844.0
2024-07-12 12:30:00-04:00,160.22000122070312,161.0,159.9499969482422,160.85000610351562,417996.0
2024-07-12 13:30:00-04:00,160.85049438476562,161.0,160.41000366210938,160.6750030517578,472561.0
2024-07-12 14:30:00-04:00,160.6750030517578,160.7100067138672,160.30999755859375,160.32000732421875,518303.0
2024-07-12 15:30:00-04:00,160.32000732421875,160.3800048828125,158.8000030517578,158.88999938964844,1331864.0
2024-07-12 16:00:00-04:00,158.81,159.01,158.81,158.87,0.0
2024-07-12 17:00:00-04:00,158.87,159.01,158.87,158.95,0.0
2024-07-12 18:00:00-04:00,158.94,159.42,158.93,159.42,0.0
2024-07-12 19:00:00-04:00,159.41,159.42,158.95,159.19,0.0
2024-07-15 04:00:00-04:00,159.7,159.7,158.68,159.15,0.0
2024-07-15 05:00:00-04:00,159.64,159.64,159.18,159.32,0.0
2024-07-15 06:00:00-04:00,159.32,159.56,159.32,159.44,0.0
2024-07-15 07:00:00-04:00,159.44,159.94,159.37,159.75,0.0
2024-07-15 08:00:00-04:00,159.85,160.0,159.12,159.89,0.0
2024-07-15 09:00:00-04:00,159.9067,159.91,159.01,159.89,0.0
2024-07-15 09:30:00-04:00,160.60000610351562,160.75,158.8699951171875,159.52000427246094,785727.0
2024-07-15 10:30:00-04:00,159.52999877929688,160.08819580078125,159.47000122070312,159.47999572753906,386661.0
2024-07-15 11:30:00-04:00,159.4949951171875,160.25999450683594,159.35000610351562,160.0399932861328,370705.0
2024-07-15 12:30:00-04:00,160.00999450683594,160.11000061035156,158.7200927734375,158.93499755859375,575987.0
2024-07-15 13:30:00-04:00,158.88999938964844,159.23500061035156,158.60009765625,159.1649932861328,514786.0
2024-07-15 14:30:00-04:00,159.16000366210938,160.15499877929688,159.07000732421875,159.625,713907.0
2024-07-15 15:30:00-04:00,159.625,159.9199981689453,159.13999938964844,159.5800018310547,1084627.0
2024-07-15 16:00:00-04:00,159.6,159.78,159.02,159.02,0.0
2024-07-15 17:00:00-04:00,159.62,159.63,157.7217,159.63,0.0
2024-07-15 18:00:00-04:00,159.36,160.15,159.25,159.63,0.0
2024-07-15 19:00:00-04:00,159.78,160.14,159.63,159.75,0.0
2024-07-16 04:00:00-04:00,160.0,160.0,159.49,159.5,0.0
2024-07-16 05:00:00-04:00,159.5,159.75,159.27,159.7,0.0
2024-07-16 06:00:00-04:00,159.7,159.7,159.6,159.6,0.0
2024-07-16 07:00:00-04:00,159.7,159.77,159.63,159.77,0.0
2024-07-16 08:00:00-04:00,159.77,159.9206,159.05,159.6,0.0
2024-07-16 09:00:00-04:00,159.87,159.99,159.56,159.63,0.0
2024-07-16 09:30:00-04:00,159.8800048828125,161.52999877929688,159.64999389648438,161.11099243164062,1233644.0
2024-07-16 10:30:00-04:00,161.11000061035156,162.44000244140625,160.80999755859375,161.8800048828125,926257.0
2024-07-16 11:30:00-04:00,161.89999389648438,163.8699951171875,161.60000610351562,163.44000244140625,533415.0
2024-07-16 12:30:00-04:00,163.44000244140625,163.5500030517578,161.97999572753906,162.92999267578125,1128211.0
2024-07-16 13:30:00-04:00,162.92999267578125,163.27000427246094,162.00999450683594,162.05999755859375,402620.0
2024-07-16 14:30:00-04:00,162.05999755859375,163.0800018310547,161.99000549316406,162.60000610351562,567306.0
2024-07-16 15:30:00-04:00,162.60000610351562,163.4199981689453,162.47000122070312,162.8800048828125,874951.0
2024-07-16 16:00:00-04:00,162.88,163.56,161.5,162.85,0.0
2024-07-16 17:00:00-04:00,163.1485,163.15,162.85,162.8538,0.0
2024-07-16 18:00:00-04:00,162.8538,163.15,162.85,162.85,0.0
2024-07-16 19:00:00-04:00,163.14,163.14,162.75,162.9,0.0
2024-07-17 04:00:00-04:00,162.03,162.03,161.29,161.4,0.0
2024-07-17 05:00:00-04:00,161.5,162.3,161.5,161.54,0.0
2024-07-17 06:00:00-04:00,161.54,162.38,161.54,162.38,0.0
2024-07-17 07:00:00-04:00,162.54,162.81,161.67,162.0,0.0
2024-07-17 08:00:00-04:00,161.84,162.83,161.1,161.8,0.0
2024-07-17 09:00:00-04:00,161.8,162.54,161.8,162.0,0.0
2024-07-17 09:30:00-04:00,161.64999389648438,161.952392578125,158.110107421875,159.19000244140625,916321.0
2024-07-17 10:30:00-04:00,159.10000610351562,160.1999969482422,158.4600067138672,159.35000610351562,634098.0
2024-07-17 11:30:00-04:00,159.41000366210938,159.4499969482422,158.5850067138672,158.77999877929688,552756.0
2024-07-17 12:30:00-04:00,158.77999877929688,158.9199981689453,157.75,157.97999572753906,433297.0
2024-07-17 13:30:00-04:00,157.97999572753906,158.13999938964844,156.8000030517578,157.43499755859375,512796.0
2024-07-17 14:30:00-04:00,157.42999267578125,157.82000732421875,157.14999389648438,157.5500030517578,545607.0
2024-07-17 15:30:00-04:00,157.5800018310547,157.66000366210938,156.50999450683594,156.67999267578125,880875.0
2024-07-17 16:00:00-04:00,156.66,158.88,156.58,157.26,0.0
2024-07-17 17:00:00-04:00,157.29,157.29,156.66,157.29,0.0
2024-07-17 18:00:00-04:00,157.28,157.29,156.81,157.01,0.0
2024-07-17 19:00:00-04:00,157.045,157.25,156.86,156.92,0.0
2024-07-18 04:00:00-04:00,157.06,157.07,157.0,157.0,0.0
2024-07-18 05:00:00-04:00,157.45,157.45,156.94,157.05,0.0
2024-07-18 06:00:00-04:00,157.05,157.34,157.0,157.0,0.0
2024-07-18 07:00:00-04:00,157.01,157.62,157.0,157.3,0.0
2024-07-18 08:00:00-04:00,157.29,157.81,156.86,157.3,0.0
2024-07-18 09:00:00-04:00,157.25,157.65,157.0,157.1,0.0
2024-07-18 09:30:00-04:00,158.0,160.4364013671875,157.25,159.88999938964844,994655.0
2024-07-18 10:30:00-04:00,159.88999938964844,159.9600067138672,157.91000366210938,157.97500610351562,697641.0
2024-07-18 11:30:00-04:00,157.98500061035156,158.02999877929688,156.4199981689453,157.02999877929688,685996.0
2024-07-18 12:30:00-04:00,157.0800018310547,158.32000732421875,156.91000366210938,158.10499572753906,478776.0
2024-07-18 13:30:00-04:00,158.13999938964844,158.41000366210938,157.6999969482422,158.14999389648438,388643.0
2024-07-18 14:30:00-04:00,158.1699981689453,158.49000549316406,157.60000610351562,158.02999877929688,565593.0
2024-07-18 15:30:00-04:00,158.02000427246094,158.99000549316406,157.8800048828125,158.7899932861328,781399.0
2024-07-18 16:00:00-04:00,158.78,159.0,157.0,158.8,0.0
2024-07-18 17:00:00-04:00,159.0,159.16,158.79,159.16,0.0
2024-07-18 18:00:00-04:00,158.81,159.16,158.8,159.15,0.0
2024-07-18 19:00:00-04:00,158.8,159.1,158.8,159.09,0.0
2024-07-19 04:00:00-04:00,158.81,158.95,157.2,158.73,0.0
2024-07-19 05:00:00-04:00,158.01,158.27,157.11,158.05,0.0
2024-07-19 06:00:00-04:00,157.13,158.44,157.13,158.44,0.0
2024-07-19 07:00:00-04:00,158.3,158.77,157.86,158.44,0.0
2024-07-19 08:00:00-04:00,158.49,162.03,157.0972,158.61,0.0
2024-07-19 09:00:00-04:00,159.09,159.16,158.6,159.16,0.0
2024-07-19 09:30:00-04:00,159.66000366210938,160.4199981689453,157.61500549316406,159.6199951171875,1562988.0
2024-07-19 10:30:00-04:00,159.61000061035156,160.44000244140625,159.38999938964844,159.50999450683594,585635.0
2024-07-19 11:30:00-04:00,159.51499938964844,160.35000610351562,159.25,159.64999389648438,406496.0
2024-07-19 12:30:00-04:00,159.64999389648438,159.7899932861328,157.72999572753906,158.5800018310547,520204.0
2024-07-19 13:30:00-04:00,158.55499267578125,159.375,158.47999572753906,159.1300048828125,325573.0
2024-07-19 14:30:00-04:00,159.14999389648438,159.85000610351562,159.0500030517578,159.6199951171875,429323.0
2024-07-19 15:30:00-04:00,159.60499572753906,159.66000366210938,158.9199981689453,159.10000610351562,681097.0
2024-07-19 16:00:00-04:00,159.13,159.5,157.0,158.8,0.0
2024-07-19 17:00:00-04:00,159.12,159.13,158.73,159.11,0.0
2024-07-19 18:00:00-04:00,159.0,159.167,158.06,159.05,0.0
2024-07-19 19:00:00-04:00,159.17,159.88,159.0,159.17,0.0
2024-07-22 04:00:00-04:00,159.25,159.25,159.15,159.17,0.0
2024-07-22 05:00:00-04:00,159.12,159.2,159.12,159.13,0.0
2024-07-22 06:00:00-04:00,159.13,159.97,159.13,159.93,0.0
2024-07-22 07:00:00-04:00,159.93,160.11,159.48,159.48,0.0
2024-07-22 08:00:00-04:00,159.5,160.01,159.13,159.8,0.0
2024-07-22 09:00:00-04:00,159.9,160.74,159.4,159.78,0.0
2024-07-22 09:30:00-04:00,159.97000122070312,161.64999389648438,159.77000427246094,161.47999572753906,868591.0
2024-07-22 10:30:00-04:00,161.47000122070312,162.22999572753906,160.83999633789062,160.8699951171875,628672.0
2024-07-22 11:30:00-04:00,160.83999633789062,161.75999450683594,160.75,161.5126953125,409833.0
2024-07-22 12:30:00-04:00,161.52000427246094,162.49000549316406,161.2899932861328,162.406005859375,475233.0
2024-07-22 13:30:00-04:00,162.4199981689453,162.85000610351562,162.36000061035156,162.44000244140625,701636.0
2024-07-22 14:30:00-04:00,162.4499969482422,162.94000244140625,162.3699951171875,162.63999938964844,1087347.0
2024-07-22 15:30:00-04:00,162.63999938964844,162.7899932861328,162.08999633789062,162.77000427246094,1085859.0
2024-07-22 16:00:00-04:00,162.76,163.32,159.2747,162.797,0.0
2024-07-22 17:00:00-04:00,162.78,163.3,162.77,162.9,0.0
2024-07-22 18:00:00-04:00,162.9,162.99,162.75,162.75,0.0
2024-07-22 19:00:00-04:00,162.97,162.97,161.4,162.2,0.0
2024-07-23 04:00:00-04:00,162.94,164.78,162.62,162.7,0.0
2024-07-23 05:00:00-04:00,162.7,163.13,162.66,163.13,0.0
2024-07-23 06:00:00-04:00,163.5,167.06,159.72,165.0,0.0
2024-07-23 07:00:00-04:00,164.6,168.47,163.25,166.99,0.0
2024-07-23 08:00:00-04:00,167.39,169.99,162.66,168.45,0.0
2024-07-23 09:00:00-04:00,168.45,168.5,165.44,165.54,0.0
2024-07-23 09:30:00-04:00,166.0,173.92999267578125,164.61500549316406,173.47000122070312,5465573.0
2024-07-23 10:30:00-04:00,173.4199981689453,177.1999969482422,172.625,174.16050720214844,3127716.0
2024-07-23 11:30:00-04:00,174.2176971435547,175.47000122070312,173.72500610351562,174.30990600585938,1230844.0
2024-07-23 12:30:00-04:00,174.1999969482422,176.49000549316406,173.66000366210938,175.84500122070312,1269853.0
2024-07-23 13:30:00-04:00,175.7899932861328,175.8199005126953,172.8699951171875,173.22000122070312,1319230.0
2024-07-23 14:30:00-04:00,173.1699981689453,174.02259826660156,171.75999450683594,172.75,1390334.0
2024-07-23 15:30:00-04:00,172.7100067138672,173.10000610351562,171.5500030517578,171.9199981689453,1490389.0
2024-07-23 16:00:00-04:00,172.0,173.2,171.2,171.8,0.0
2024-07-23 17:00:00-04:00,171.8,171.95,171.52,171.8,0.0
2024-07-23 18:00:00-04:00,171.86,171.9,171.0,171.23,0.0
2024-07-23 19:00:00-04:00,171.3399,171.99,171.0,171.47,0.0
2024-07-24 04:00:00-04:00,172.0,172.0,171.25,171.25,0.0
2024-07-24 05:00:00-04:00,171.25,171.68,171.07,171.36,0.0
2024-07-24 06:00:00-04:00,171.49,172.65,171.49,172.06,0.0
2024-07-24 07:00:00-04:00,172.12,172.12,171.39,171.7,0.0
2024-07-24 08:00:00-04:00,171.7,173.058,171.0,171.05,0.0
2024-07-24 09:00:00-04:00,171.3,173.85,169.8,170.64,0.0
2024-07-24 09:30:00-04:00,171.5,172.8699951171875,167.70010375976562,169.5449981689453,1618109.0
2024-07-24 10:30:00-04:00,169.6300048828125,169.86000061035156,166.8800048828125,167.52999877929688,624770.0
2024-07-24 11:30:00-04:00,167.58999633789062,167.8300018310547,165.8800048828125,165.92999267578125,543407.0
2024-07-24 12:30:00-04:00,165.94000244140625,166.5500030517578,165.4499969482422,166.1300048828125,537708.0
2024-07-24 13:30:00-04:00,166.07000732421875,166.139892578125,164.16000366210938,164.25999450683594,959346.0
2024-07-24 14:30:00-04:00,164.27980041503906,164.49000549316406,163.17999267578125,163.3699951171875,978527.0
2024-07-24 15:30:00-04:00,163.3300018310547,163.5500030517578,162.0500030517578,162.3300018310547,1235114.0
2024-07-24 16:00:00-04:00,162.43,163.5,162.0,163.0,0.0
2024-07-24 17:00:00-04:00,163.0,163.57,162.75,163.01,0.0
2024-07-24 18:00:00-04:00,163.1,163.3,163.0,163.2,0.0
2024-07-24 19:00:00-04:00,163.2,163.2,162.91,163.2,0.0
2024-07-25 04:00:00-04:00,162.87,163.06,162.0,162.59,0.0
2024-07-25 05:00:00-04:00,162.59,162.59,162.0,162.55,0.0
2024-07-25 06:00:00-04:00,162.55,162.55,161.88,162.0,0.0
2024-07-25 07:00:00-04:00,161.69,162.3,161.26,162.2,0.0
2024-07-25 08:00:00-04:00,162.19,162.96,161.17,161.77,0.0
2024-07-25 09:00:00-04:00,162.6,164.0,162.3,163.35,0.0
2024-07-25 09:30:00-04:00,163.3000030517578,165.2899932861328,161.9199981689453,164.61000061035156,2213544.0
2024-07-25 10:30:00-04:00,164.64999389648438,167.22999572753906,164.3699951171875,167.0260009765625,1183043.0
2024-07-25 11:30:00-04:00,167.02999877929688,168.08999633789062,166.27999877929688,167.86000061035156,868371.0
2024-07-25 12:30:00-04:00,167.86000061035156,168.1999969482422,166.60000610351562,167.06500244140625,759447.0
2024-07-25 13:30:00-04:00,167.11000061035156,167.27000427246094,166.02999877929688,166.32000732421875,716593.0
2024-07-25 14:30:00-04:00,166.25999450683594,166.4499969482422,165.00999450683594,166.1699981689453,780695.0
2024-07-25 15:30:00-04:00,166.1699981689453,166.24000549316406,164.6699981689453,164.69000244140625,886260.0
2024-07-25 16:00:00-04:00,164.67,168.0,164.15,165.03,0.0
2024-07-25 17:00:00-04:00,167.5,167.5,164.67,164.9999,0.0
2024-07-25 18:00:00-04:00,165.0,167.5,164.68,165.0,0.0
2024-07-25 19:00:00-04:00,165.06,165.49,164.7,165.4858,0.0
2024-07-26 04:00:00-04:00,165.52,166.51,165.22,166.0,0.0
2024-07-26 05:00:00-04:00,166.48,167.61,165.81,166.66,0.0
2024-07-26 06:00:00-04:00,167.66,167.7,166.76,167.15,0.0
2024-07-26 07:00:00-04:00,167.23,167.53,166.67,167.0,0.0
2024-07-26 08:00:00-04:00,167.14,167.75,165.25,167.29,0.0
2024-07-26 09:00:00-04:00,167.19,167.29,166.5,166.6,0.0
2024-07-26 09:30:00-04:00,167.25,171.47000122070312,166.11000061035156,169.35499572753906,1856429.0
2024-07-26 10:30:00-04:00,169.4199981689453,170.55999755859375,168.6501007080078,169.97999572753906,583485.0
2024-07-26 11:30:00-04:00,169.97999572753906,170.7899932861328,169.24000549316406,170.2899932861328,576931.0
2024-07-26 12:30:00-04:00,170.2700958251953,172.6199951171875,170.2700958251953,172.16000366210938,840529.0
2024-07-26 13:30:00-04:00,172.1699981689453,172.24000549316406,170.5072021484375,170.8925018310547,580848.0
2024-07-26 14:30:00-04:00,170.9499969482422,171.4600067138672,169.89999389648438,170.8074951171875,793532.0
2024-07-26 15:30:00-04:00,170.8000030517578,170.8000030517578,169.66000366210938,169.80999755859375,1064538.0
2024-07-26 16:00:00-04:00,169.82,170.99,169.63,169.84,0.0
2024-07-26 17:00:00-04:00,169.84,169.98,169.8,169.97,0.0
2024-07-26 18:00:00-04:00,169.89,170.11,169.8,169.93,0.0
2024-07-26 19:00:00-04:00,169.9786,169.99,169.8,169.95,0.0
2024-07-29 04:00:00-04:00,170.49,171.6,170.01,170.12,0.0
2024-07-29 05:00:00-04:00,170.49,170.79,170.45,170.5,0.0
2024-07-29 06:00:00-04:00,170.8,171.29,170.8,171.2,0.0
2024-07-29 07:00:00-04:00,171.35,171.35,170.68,170.98,0.0
2024-07-29 08:00:00-04:00,170.95,172.0,170.478,171.7,0.0
2024-07-29 09:00:00-04:00,171.7,172.0,171.05,171.13,0.0
2024-07-29 09:30:00-04:00,171.25,172.72999572753906,168.39999389648438,169.14500427246094,1137118.0
2024-07-29 10:30:00-04:00,169.13499450683594,170.15499877929688,168.41000366210938,169.6999969482422,634593.0
2024-07-29 11:30:00-04:00,169.63999938964844,170.6999969482422,169.0,170.58999633789062,390937.0
2024-07-29 12:30:00-04:00,170.6199951171875,171.58999633789062,169.80169677734375,170.05499267578125,583542.0
2024-07-29 13:30:00-04:00,170.07000732421875,170.6999969482422,169.94000244140625,170.5,405175.0
2024-07-29 14:30:00-04:00,170.5,170.77999877929688,170.12100219726562,170.55999755859375,445579.0
2024-07-29 15:30:00-04:00,170.58999633789062,170.77000427246094,169.74000549316406,169.9499969482422,633793.0
2024-07-29 16:00:00-04:00,169.87,170.35,168.15,170.03,0.0
2024-07-29 17:00:00-04:00,177.1356,177.1356,168.15,170.0,0.0
2024-07-29 18:00:00-04:00,170.0,170.04,168.26,169.81,0.0
2024-07-29 19:00:00-04:00,169.81,170.04,168.58,170.02,0.0
2024-07-30 04:00:00-04:00,170.55,171.0,170.0,170.5,0.0
2024-07-30 05:00:00-04:00,170.01,170.9,170.01,170.01,0.0
2024-07-30 06:00:00-04:00,170.0,170.89,170.0,170.63,0.0
2024-07-30 07:00:00-04:00,170.63,170.82,170.14,170.48,0.0
2024-07-30 08:00:00-04:00,170.43,171.0,169.66,170.2,0.0
2024-07-30 09:00:00-04:00,170.15,170.91,169.87,170.5,0.0
2024-07-30 09:30:00-04:00,170.47999572753906,174.7299041748047,170.3300018310547,172.36000061035156,1169375.0
2024-07-30 10:30:00-04:00,172.30999755859375,173.35000610351562,169.72999572753906,170.2949981689453,890310.0
2024-07-30 11:30:00-04:00,170.22999572753906,170.33999633789062,168.82000732421875,169.0,515856.0
2024-07-30 12:30:00-04:00,168.97999572753906,169.3800048828125,167.27000427246094,168.05999755859375,561240.0
2024-07-30 13:30:00-04:00,168.0500030517578,168.99000549316406,167.6199951171875,168.625,382366.0
2024-07-30 14:30:00-04:00,168.6300048828125,168.7678985595703,168.00999450683594,168.33999633789062,344202.0
2024-07-30 15:30:00-04:00,168.30999755859375,168.6300048828125,167.35000610351562,167.49000549316406,705804.0
2024-07-30 16:00:00-04:00,167.51,170.0,166.71,167.88,0.0
2024-07-30 17:00:00-04:00,168.0,169.0,167.55,167.6,0.0
2024-07-30 18:00:00-04:00,167.52,168.0,167.5,167.8,0.0
2024-07-30 19:00:00-04:00,167.6,168.0,167.56,167.8,0.0
2024-07-31 04:00:00-04:00,168.95,168.95,168.66,168.67,0.0
2024-07-31 05:00:00-04:00,169.29,169.41,169.0,169.0,0.0
2024-07-31 06:00:00-04:00,169.1,169.5,169.0,169.0,0.0
2024-07-31 07:00:00-04:00,169.0,170.19,168.93,169.75,0.0
2024-07-31 08:00:00-04:00,169.8,170.7,158.41,170.3,0.0
2024-07-31 09:00:00-04:00,170.45,170.5,168.8,169.1,0.0
2024-07-31 09:30:00-04:00,170.8699951171875,171.75,167.9550018310547,169.76919555664062,1015196.0
2024-07-31 10:30:00-04:00,169.8699951171875,170.46949768066406,168.6300048828125,168.9949951171875,623032.0
2024-07-31 11:30:00-04:00,169.0500030517578,169.75,168.75999450683594,169.52000427246094,428620.0
2024-07-31 12:30:00-04:00,169.52000427246094,170.64999389648438,169.37100219726562,169.8000030517578,564146.0
2024-07-31 13:30:00-04:00,169.75,170.22000122070312,168.86000061035156,169.85000610351562,407470.0
2024-07-31 14:30:00-04:00,169.83999633789062,171.39999389648438,169.30999755859375,169.72000122070312,695824.0
2024-07-31 15:30:00-04:00,169.77000427246094,171.19000244140625,169.41000366210938,170.10000610351562,763402.0
2024-07-31 16:00:00-04:00,170.2,172.0,168.0,170.6469,0.0
2024-07-31 17:00:00-04:00,168.0,171.95,168.0,171.48,0.0
2024-07-31 18:00:00-04:00,171.48,171.48,168.1,171.35,0.0
2024-07-31 19:00:00-04:00,169.0,171.0,169.0,170.47,0.0
2024-08-01 04:00:00-04:00,170.7,170.7,169.25,169.25,0.0
2024-08-01 05:00:00-04:00,169.25,169.59,169.21,169.59,0.0
2024-08-01 06:00:00-04:00,169.59,170.62,169.59,170.62,0.0
2024-08-01 07:00:00-04:00,171.5,171.5,170.54,170.81,0.0
2024-08-01 08:00:00-04:00,170.86,171.63,170.5,171.0,0.0
2024-08-01 09:00:00-04:00,170.96,171.75,170.2,171.0,0.0
2024-08-01 09:30:00-04:00,170.75,174.69000244140625,169.73800659179688,173.33999633789062,1593900.0
2024-08-01 10:30:00-04:00,173.33999633789062,173.57000732421875,170.5749969482422,170.86000061035156,1062516.0
2024-08-01 11:30:00-04:00,170.85000610351562,170.94000244140625,168.22999572753906,169.19000244140625,693185.0
2024-08-01 12:30:00-04:00,169.18499755859375,169.3350067138672,168.22999572753906,169.0399932861328,450228.0
2024-08-01 13:30:00-04:00,169.0,169.8800048828125,168.57000732421875,169.13999938964844,451186.0
2024-08-01 14:30:00-04:00,169.08999633789062,169.52999877929688,168.21499633789062,169.47000122070312,463900.0
2024-08-01 15:30:00-04:00,169.52000427246094,170.18499755859375,169.0500030517578,169.75,667042.0
2024-08-01 16:00:00-04:00,169.74,171.5,168.8,169.7,0.0
2024-08-01 17:00:00-04:00,169.3,171.25,169.0,169.03,0.0
2024-08-01 18:00:00-04:00,170.2,170.2,168.8,169.0,0.0
2024-08-01 19:00:00-04:00,169.0,169.75,169.0,169.64,0.0
2024-08-02 04:00:00-04:00,168.53,168.53,168.0,168.16,0.0
2024-08-02 05:00:00-04:00,167.9,168.14,166.73,166.92,0.0
2024-08-02 06:00:00-04:00,166.76,167.0,166.2,166.89,0.0
2024-08-02 07:00:00-04:00,166.89,167.52,166.2,167.0,0.0
2024-08-02 08:00:00-04:00,167.14,168.0,166.0,167.58,0.0
2024-08-02 09:00:00-04:00,167.49,167.59,164.6,165.88,0.0
2024-08-02 09:30:00-04:00,165.57000732421875,167.42999267578125,159.39999389648438,160.77000427246094,2150559.0
2024-08-02 10:30:00-04:00,160.77000427246094,161.5500030517578,158.41000366210938,158.5749969482422,1204415.0
2024-08-02 11:30:00-04:00,158.56500244140625,160.52999877929688,158.36000061035156,159.7100067138672,937505.0
2024-08-02 12:30:00-04:00,159.64999389648438,160.72500610351562,158.8000030517578,160.0,864557.0
2024-08-02 13:30:00-04:00,159.94000244140625,160.19000244140625,159.39500427246094,160.05999755859375,608024.0
2024-08-02 14:30:00-04:00,160.0500030517578,160.86000061035156,159.67999267578125,160.67999267578125,688560.0
2024-08-02 15:30:00-04:00,160.75,160.85989379882812,159.7899932861328,160.27000427246094,995435.0
2024-08-02 16:00:00-04:00,160.28,160.49,159.7822,160.15,0.0
2024-08-02 17:00:00-04:00,160.01,160.28,159.11,160.23,0.0
2024-08-02 18:00:00-04:00,160.28,160.3,159.51,160.0,0.0
2024-08-02 19:00:00-04:00,160.0,160.28,159.51,159.9,0.0
2024-08-05 04:00:00-04:00,150.04,158.0,150.0,154.07,0.0
2024-08-05 05:00:00-04:00,154.0,154.94,152.61,153.87,0.0
2024-08-05 06:00:00-04:00,153.31,155.44,153.08,155.0,0.0
2024-08-05 07:00:00-04:00,155.31,156.4,154.02,154.75,0.0
2024-08-05 08:00:00-04:00,154.15,158.0,149.31,150.0,0.0
2024-08-05 09:00:00-04:00,150.33,166.065,150.0,152.79,0.0
2024-08-05 09:30:00-04:00,152.49000549316406,157.07000732421875,150.20010375976562,154.625,2236522.0
2024-08-05 10:30:00-04:00,154.6699981689453,158.75999450683594,154.60940551757812,158.0800018310547,740091.0
2024-08-05 11:30:00-04:00,158.07000732421875,159.89999389648438,158.0500030517578,159.75999450683594,537456.0
2024-08-05 12:30:00-04:00,159.77999877929688,159.8800048828125,157.6501007080078,158.97999572753906,571181.0
2024-08-05 13:30:00-04:00,159.0299072265625,159.52000427246094,158.1999969482422,159.24000549316406,398901.0
2024-08-05 14:30:00-04:00,159.22999572753906,159.30999755859375,157.9499969482422,158.08999633789062,611778.0
2024-08-05 15:30:00-04:00,158.1199951171875,158.49000549316406,157.24000549316406,158.35000610351562,906824.0
2024-08-05 16:00:00-04:00,158.36,158.92,157.89,158.42,0.0
2024-08-05 17:00:00-04:00,158.43,158.9,158.36,158.8,0.0
2024-08-05 18:00:00-04:00,158.8,159.9,158.5,159.59,0.0
2024-08-05 19:00:00-04:00,158.6465,159.74,158.51,158.72,0.0
2024-08-06 04:00:00-04:00,156.4,159.95,156.4,159.45,0.0
2024-08-06 05:00:00-04:00,159.67,159.68,158.78,158.86,0.0
2024-08-06 06:00:00-04:00,158.86,158.88,158.56,158.79,0.0
2024-08-06 07:00:00-04:00,158.79,159.96,158.51,159.93,0.0
2024-08-06 08:00:00-04:00,159.95,160.47,156.0,159.43,0.0
2024-08-06 09:00:00-04:00,159.99,160.02,159.15,160.0,0.0
2024-08-06 09:30:00-04:00,159.92999267578125,162.75999450683594,159.75999450683594,162.10000610351562,1175030.0
2024-08-06 10:30:00-04:00,162.17999267578125,163.80999755859375,161.30999755859375,161.50540161132812,444126.0
2024-08-06 11:30:00-04:00,161.47999572753906,162.89999389648438,161.47999572753906,162.74000549316406,329714.0
2024-08-06 12:30:00-04:00,162.72000122070312,164.65499877929688,162.55999755859375,164.50999450683594,412863.0
2024-08-06 13:30:00-04:00,164.5399932861328,165.2899932861328,163.95050048828125,165.2550048828125,349988.0
2024-08-06 14:30:00-04:00,165.2899932861328,165.4499969482422,163.2899932861328,164.02999877929688,532531.0
2024-08-06 15:30:00-04:00,164.02999877929688,164.0800018310547,162.0800018310547,162.1300048828125,629622.0
2024-08-06 16:00:00-04:00,162.27,163.15,151.13,162.27,0.0
2024-08-06 17:00:00-04:00,162.2,162.79,161.6,162.0,0.0
2024-08-06 18:00:00-04:00,161.6,162.79,161.6,162.0,0.0
2024-08-06 19:00:00-04:00,161.6,162.19,161.6,161.6,0.0
2024-08-07 04:00:00-04:00,162.27,163.88,162.27,163.44,0.0
2024-08-07 05:00:00-04:00,163.44,164.37,163.44,164.36,0.0
2024-08-07 06:00:00-04:00,164.36,164.97,164.36,164.97,0.0
2024-08-07 07:00:00-04:00,164.97,164.97,163.72,164.37,0.0
2024-08-07 08:00:00-04:00,164.37,164.9,163.51,164.3,0.0
2024-08-07 09:00:00-04:00,164.43,164.46,159.95,164.22,0.0
2024-08-07 09:30:00-04:00,165.1300048828125,166.27000427246094,164.3699951171875,164.59500122070312,746092.0
2024-08-07 10:30:00-04:00,164.55999755859375,165.82000732421875,164.33999633789062,165.4149932861328,432370.0
2024-08-07 11:30:00-04:00,165.36000061035156,165.83990478515625,163.97999572753906,164.7899932861328,501628.0
2024-08-07 12:30:00-04:00,164.77000427246094,165.1945037841797,162.27000427246094,163.17999267578125,425257.0
2024-08-07 13:30:00-04:00,163.17999267578125,163.66000366210938,162.08999633789062,162.10000610351562,449542.0
2024-08-07 14:30:00-04:00,162.0500030517578,162.86500549316406,161.57000732421875,162.4600067138672,439360.0
2024-08-07 15:30:00-04:00,162.4199981689453,162.75999450683594,161.8300018310547,162.22999572753906,554162.0
2024-08-07 16:00:00-04:00,162.13,162.28,161.21,161.3,0.0
2024-08-07 17:00:00-04:00,161.9,162.13,161.0,161.8,0.0
2024-08-07 18:00:00-04:00,161.9,162.074,161.6,162.05,0.0
2024-08-07 19:00:00-04:00,161.7,162.13,161.16,161.16,0.0
2024-08-08 04:00:00-04:00,161.4,161.4,161.0,161.33,0.0
2024-08-08 05:00:00-04:00,161.27,162.0,161.27,161.34,0.0
2024-08-08 06:00:00-04:00,161.61,161.61,160.95,161.4,0.0
2024-08-08 07:00:00-04:00,161.4,161.89,161.1,161.14,0.0
2024-08-08 08:00:00-04:00,161.18,162.3025,160.51,161.81,0.0
2024-08-08 09:00:00-04:00,162.28,164.0,161.81,163.8,0.0
2024-08-08 09:30:00-04:00,164.47999572753906,165.69000244140625,163.55999755859375,165.14999389648438,725096.0
2024-08-08 10:30:00-04:00,165.2100067138672,165.61500549316406,164.44000244140625,165.37060546875,434831.0
2024-08-08 11:30:00-04:00,165.37750244140625,165.7550048828125,164.89999389648438,165.5399932861328,286980.0
2024-08-08 12:30:00-04:00,165.5,166.25,164.5500030517578,166.24000549316406,294225.0
2024-08-08 13:30:00-04:00,166.22999572753906,166.32919311523438,165.58999633789062,165.8300018310547,298645.0
2024-08-08 14:30:00-04:00,165.8000030517578,166.02000427246094,164.8000030517578,164.80499267578125,541656.0
2024-08-08 15:30:00-04:00,164.75,165.77999877929688,164.27000427246094,165.55999755859375,650377.0
2024-08-08 16:00:00-04:00,165.61,166.32,162.76,165.99,0.0
2024-08-08 17:00:00-04:00,166.0,166.0,165.5,165.66,0.0
2024-08-08 18:00:00-04:00,165.61,166.0,165.23,165.23,0.0
2024-08-08 19:00:00-04:00,166.0,166.0,165.0,165.85,0.0
2024-08-09 04:00:00-04:00,166.11,166.56,165.61,165.61,0.0
2024-08-09 05:00:00-04:00,166.52,166.52,166.46,166.52,0.0
2024-08-09 06:00:00-04:00,166.01,166.01,165.85,165.85,0.0
2024-08-09 07:00:00-04:00,166.6,166.6,165.86,166.0,0.0
2024-08-09 08:00:00-04:00,165.98,166.77,165.5,165.81,0.0
2024-08-09 09:00:00-04:00,165.84,166.23,165.06,165.65,0.0
2024-08-09 09:30:00-04:00,165.4499969482422,167.8800048828125,164.57000732421875,166.9499969482422,537208.0
2024-08-09 10:30:00-04:00,167.05990600585938,167.47000122070312,166.39999389648438,166.64999389648438,264707.0
2024-08-09 11:30:00-04:00,166.69000244140625,167.19000244140625,165.91000366210938,166.19000244140625,221132.0
2024-08-09 12:30:00-04:00,166.2100067138672,167.39999389648438,166.19000244140625,167.3800048828125,178685.0
2024-08-09 13:30:00-04:00,167.375,167.39999389648438,166.1300048828125,166.59750366210938,196830.0
2024-08-09 14:30:00-04:00,166.52999877929688,167.27000427246094,166.25,166.98500061035156,251783.0
2024-08-09 15:30:00-04:00,167.0,167.5800018310547,166.5,167.0399932861328,510750.0
2024-08-09 16:00:00-04:00,167.13,167.542,166.01,167.13,0.0
2024-08-09 17:00:00-04:00,167.13,167.16,166.48,167.12,0.0
2024-08-09 18:00:00-04:00,166.48,167.16,166.48,167.16,0.0
2024-08-09 19:00:00-04:00,167.12,167.16,167.0,167.13,0.0
2024-08-12 04:00:00-04:00,167.14,167.49,166.35,166.38,0.0
2024-08-12 05:00:00-04:00,166.94,166.94,166.8,166.8,0.0
2024-08-12 06:00:00-04:00,166.8,167.3,166.8,167.26,0.0
2024-08-12 07:00:00-04:00,167.26,167.34,166.86,167.15,0.0
2024-08-12 08:00:00-04:00,167.15,167.38,166.41,167.23,0.0
2024-08-12 09:00:00-04:00,167.38,167.38,167.21,167.26,0.0
2024-08-12 09:30:00-04:00,167.6300048828125,168.77999877929688,165.87649536132812,166.0,663255.0
2024-08-12 10:30:00-04:00,166.0399932861328,167.3000030517578,164.6199951171875,165.3699951171875,365273.0
2024-08-12 11:30:00-04:00,165.26499938964844,166.77999877929688,165.0,166.3000946044922,284783.0
2024-08-12 12:30:00-04:00,166.32000732421875,167.05499267578125,165.89999389648438,166.77000427246094,199961.0
2024-08-12 13:30:00-04:00,166.8300018310547,166.92999267578125,166.1300048828125,166.6300048828125,234985.0
2024-08-12 14:30:00-04:00,166.60499572753906,166.9499969482422,166.52000427246094,166.5850067138672,220581.0
2024-08-12 15:30:00-04:00,166.61000061035156,166.9600067138672,166.27000427246094,166.89999389648438,634333.0
2024-08-12 16:00:00-04:00,166.87,167.49,166.21,167.0485,0.0
2024-08-12 17:00:00-04:00,167.07,177.1356,154.8614,166.9,0.0
2024-08-12 18:00:00-04:00,166.51,167.07,166.21,166.8,0.0
2024-08-12 19:00:00-04:00,166.53,167.07,166.25,166.25,0.0
2024-08-13 04:00:00-04:00,167.24,167.47,166.9,166.9,0.0
2024-08-13 05:00:00-04:00,166.87,166.92,166.25,166.91,0.0
2024-08-13 06:00:00-04:00,167.09,167.15,166.91,167.15,0.0
2024-08-13 07:00:00-04:00,167.15,167.15,166.61,166.66,0.0
2024-08-13 08:00:00-04:00,166.66,167.8477,165.87,167.31,0.0
2024-08-13 09:00:00-04:00,167.38,168.39,166.68,167.58,0.0
2024-08-13 09:30:00-04:00,167.75999450683594,168.6300048828125,166.39999389648438,166.8699951171875,524430.0
2024-08-13 10:30:00-04:00,166.7519989013672,167.2949981689453,166.25,167.02499389648438,232751.0
2024-08-13 11:30:00-04:00,167.0800018310547,167.9499969482422,166.76499938964844,167.8000030517578,235520.0
2024-08-13 12:30:00-04:00,167.77999877929688,168.01719665527344,167.3000946044922,167.46290588378906,318651.0
2024-08-13 13:30:00-04:00,167.49000549316406,168.0,166.94000244140625,167.97999572753906,224884.0
2024-08-13 14:30:00-04:00,167.97999572753906,168.58999633789062,167.75999450683594,168.00999450683594,273543.0
2024-08-13 15:30:00-04:00,167.97999572753906,168.11000061035156,167.30999755859375,167.94000244140625,508268.0
2024-08-13 16:00:00-04:00,167.92,168.6,167.51,167.85,0.0
2024-08-13 17:00:00-04:00,167.85,168.23,166.9,167.85,0.0
2024-08-13 18:00:00-04:00,167.0,168.25,167.0,167.47,0.0
2024-08-13 19:00:00-04:00,168.27,168.27,167.49,168.0,0.0
2024-08-14 04:00:00-04:00,167.26,167.95,167.21,167.24,0.0
2024-08-14 05:00:00-04:00,167.79,167.88,167.36,167.36,0.0
2024-08-14 06:00:00-04:00,167.55,168.42,167.5,167.5,0.0
2024-08-14 07:00:00-04:00,167.43,167.96,167.42,167.95,0.0
2024-08-14 08:00:00-04:00,167.52,168.6,167.5,168.0,0.0
2024-08-14 09:00:00-04:00,167.78,168.6,167.77,168.33,0.0
2024-08-14 09:30:00-04:00,168.5,169.17999267578125,165.6199951171875,167.5399932861328,1129981.0
2024-08-14 10:30:00-04:00,167.52000427246094,167.52000427246094,166.5034942626953,167.1999969482422,486623.0
2024-08-14 11:30:00-04:00,167.25,167.44000244140625,166.39999389648438,166.60000610351562,397030.0
2024-08-14 12:30:00-04:00,166.60000610351562,167.0800018310547,166.4499969482422,166.94500732421875,331352.0
2024-08-14 13:30:00-04:00,166.9600067138672,167.33999633789062,166.72999572753906,167.3300018310547,272513.0
2024-08-14 14:30:00-04:00,167.33999633789062,167.77000427246094,167.10000610351562,167.44000244140625,632847.0
2024-08-14 15:30:00-04:00,167.41000366210938,168.3300018310547,167.1999969482422,167.82000732421875,683351.0
2024-08-14 16:00:00-04:00,167.9,168.28,165.71,167.51,0.0
2024-08-14 17:00:00-04:00,167.85,168.25,157.7217,168.25,0.0
2024-08-14 18:00:00-04:00,167.8,168.2,167.6,168.2,0.0
2024-08-14 19:00:00-04:00,167.6,167.95,167.6,167.6,0.0
2024-08-15 04:00:00-04:00,167.6,167.65,167.5,167.5,0.0
2024-08-15 05:00:00-04:00,167.65,167.86,167.65,167.86,0.0
2024-08-15 06:00:00-04:00,168.73,168.73,167.78,167.81,0.0
2024-08-15 07:00:00-04:00,168.42,168.42,167.96,168.42,0.0
2024-08-15 08:00:00-04:00,168.42,169.1,167.67,168.01,0.0
2024-08-15 09:00:00-04:00,168.39,169.83,168.39,169.42,0.0
2024-08-15 09:30:00-04:00,168.75,170.75,168.22000122070312,169.08999633789062,694257.0
2024-08-15 10:30:00-04:00,169.08999633789062,170.0500030517578,168.75999450683594,169.86500549316406,482220.0
2024-08-15 11:30:00-04:00,169.8800048828125,170.24000549316406,169.6199951171875,170.0500030517578,417891.0
2024-08-15 12:30:00-04:00,170.02999877929688,170.2100067138672,169.72500610351562,169.7899932861328,303623.0
2024-08-15 13:30:00-04:00,169.77999877929688,170.11000061035156,169.47000122070312,169.60000610351562,346805.0
2024-08-15 14:30:00-04:00,169.6009979248047,170.44000244140625,169.6009979248047,170.1699981689453,407027.0
2024-08-15 15:30:00-04:00,170.15499877929688,170.47999572753906,169.47000122070312,169.91000366210938,609709.0
2024-08-15 16:00:00-04:00,169.98,170.22,169.0,169.72,0.0
2024-08-15 17:00:00-04:00,169.72,170.66,169.51,169.51,0.0
2024-08-15 18:00:00-04:00,170.0,170.0,169.5,169.98,0.0
2024-08-15 19:00:00-04:00,169.7,170.66,169.7,170.0,0.0
2024-08-16 04:00:00-04:00,170.0,170.0,170.0,170.0,0.0
2024-08-16 05:00:00-04:00,169.95,169.95,169.36,169.94,0.0
2024-08-16 06:00:00-04:00,169.94,170.55,169.89,169.89,0.0
2024-08-16 07:00:00-04:00,169.89,170.7,169.89,170.0,0.0
2024-08-16 08:00:00-04:00,170.0,170.5,169.11,169.48,0.0
2024-08-16 09:00:00-04:00,169.48,169.71,169.11,169.1232,0.0
2024-08-16 09:30:00-04:00,170.0500030517578,170.3300018310547,169.47000122070312,169.6199951171875,559732.0
2024-08-16 10:30:00-04:00,169.69000244140625,169.72000122070312,168.86000061035156,169.22999572753906,345248.0
2024-08-16 11:30:00-04:00,169.22999572753906,169.82000732421875,169.1300048828125,169.58999633789062,258644.0
2024-08-16 12:30:00-04:00,169.56500244140625,169.98910522460938,169.39999389648438,169.9499969482422,276803.0
2024-08-16 13:30:00-04:00,169.94000244140625,170.13999938964844,169.69000244140625,169.92999267578125,212309.0
2024-08-16 14:30:00-04:00,169.91000366210938,170.2100067138672,169.72000122070312,169.9600067138672,273918.0
2024-08-16 15:30:00-04:00,169.9499969482422,170.0699005126953,169.19000244140625,169.41000366210938,591121.0
2024-08-16 16:00:00-04:00,169.42,169.7,169.08,169.42,0.0
2024-08-16 17:00:00-04:00,169.64,169.65,169.08,169.64,0.0
2024-08-16 18:00:00-04:00,169.64,169.65,169.37,169.64,0.0
2024-08-16 19:00:00-04:00,169.64,169.6467,169.35,169.58,0.0
2024-08-19 04:00:00-04:00,169.28,169.55,169.0,169.31,0.0
2024-08-19 05:00:00-04:00,169.42,169.49,169.0,169.46,0.0
2024-08-19 06:00:00-04:00,169.29,169.59,169.29,169.38,0.0
2024-08-19 07:00:00-04:00,169.55,169.7,169.51,169.7,0.0
2024-08-19 08:00:00-04:00,169.59,169.83,169.1,169.52,0.0
2024-08-19 09:00:00-04:00,169.63,169.77,169.1,169.76,0.0
2024-08-19 09:30:00-04:00,169.61000061035156,170.17999267578125,168.02000427246094,169.05999755859375,403099.0
2024-08-19 10:30:00-04:00,169.0800018310547,169.77999877929688,168.96499633789062,169.52000427246094,239144.0
2024-08-19 11:30:00-04:00,169.52000427246094,169.8000030517578,169.10000610351562,169.6300048828125,240354.0
2024-08-19 12:30:00-04:00,169.61000061035156,170.99000549316406,169.58999633789062,170.63999938964844,323666.0
2024-08-19 13:30:00-04:00,170.65499877929688,170.86000061035156,170.50999450683594,170.61000061035156,279442.0
2024-08-19 14:30:00-04:00,170.61000061035156,170.8800048828125,170.4971923828125,170.5850067138672,285274.0
2024-08-19 15:30:00-04:00,170.57000732421875,171.0,170.10000610351562,170.9199981689453,771236.0
2024-08-19 16:00:00-04:00,170.93,171.0455,170.0,170.93,0.0
2024-08-19 17:00:00-04:00,170.71,170.93,170.64,170.64,0.0
2024-08-19 18:00:00-04:00,170.74,170.96,169.7,169.7,0.0
2024-08-19 19:00:00-04:00,170.55,170.9,169.7,170.87,0.0
2024-08-20 04:00:00-04:00,170.87,170.87,170.87,170.87,0.0
2024-08-20 05:00:00-04:00,170.71,171.78,170.67,170.87,0.0
2024-08-20 06:00:00-04:00,170.8,170.8,170.69,170.69,0.0
2024-08-20 07:00:00-04:00,170.69,170.69,170.47,170.62,0.0
2024-08-20 08:00:00-04:00,170.63,171.0,170.17,170.6,0.0
2024-08-20 09:00:00-04:00,170.61,170.9,170.5,170.73,0.0
2024-08-20 09:30:00-04:00,170.91000366210938,170.91000366210938,169.6699981689453,170.22109985351562,446385.0
2024-08-20 10:30:00-04:00,170.22000122070312,170.27999877929688,169.2100067138672,169.44000244140625,221107.0
2024-08-20 11:30:00-04:00,169.39999389648438,169.6649932861328,169.27000427246094,169.5800018310547,268478.0
2024-08-20 12:30:00-04:00,169.55999755859375,170.25,169.49000549316406,169.89500427246094,273249.0
2024-08-20 13:30:00-04:00,169.8699951171875,169.99949645996094,169.5399932861328,169.89999389648438,198885.0
2024-08-20 14:30:00-04:00,169.89999389648438,170.07000732421875,169.75999450683594,169.77999877929688,201395.0
2024-08-20 15:30:00-04:00,169.75,170.00999450683594,169.60000610351562,169.97000122070312,357461.0
2024-08-20 16:00:00-04:00,169.99,170.49,169.8,170.33,0.0
2024-08-20 17:00:00-04:00,170.0,170.29,159.2747,170.29,0.0
2024-08-20 18:00:00-04:00,170.29,170.3,169.0,169.0,0.0
2024-08-20 19:00:00-04:00,169.75,170.1,168.8,170.08,0.0
2024-08-21 04:00:00-04:00,170.0,170.0,170.0,170.0,0.0
2024-08-21 05:00:00-04:00,170.0,170.0,170.0,170.0,0.0
2024-08-21 06:00:00-04:00,170.0,170.22,170.0,170.0,0.0
2024-08-21 07:00:00-04:00,170.08,170.4,170.08,170.25,0.0
2024-08-21 08:00:00-04:00,170.25,170.56,169.99,170.4,0.0
2024-08-21 09:00:00-04:00,170.56,170.56,170.01,170.01,0.0
2024-08-21 09:30:00-04:00,170.10000610351562,171.47999572753906,169.8459930419922,170.88999938964844,700895.0
2024-08-21 10:30:00-04:00,170.90049743652344,172.19000244140625,170.75999450683594,171.28500366210938,446396.0
2024-08-21 11:30:00-04:00,171.27999877929688,171.5800018310547,170.17999267578125,171.0,370573.0
2024-08-21 12:30:00-04:00,171.02000427246094,171.44000244140625,170.9409942626953,171.14999389648438,183422.0
2024-08-21 13:30:00-04:00,171.13999938964844,171.69000244140625,171.11000061035156,171.47999572753906,185100.0
2024-08-21 14:30:00-04:00,171.52999877929688,171.69000244140625,170.88999938964844,171.19000244140625,209625.0
2024-08-21 15:30:00-04:00,171.1699981689453,171.33999633789062,170.77999877929688,171.1300048828125,371571.0
2024-08-21 16:00:00-04:00,171.14,172.29,170.0,171.2,0.0
2024-08-21 17:00:00-04:00,170.72,171.22,170.72,171.14,0.0
2024-08-21 18:00:00-04:00,171.0,171.72,171.0,171.34,0.0
2024-08-21 19:00:00-04:00,171.74,171.74,171.34,171.34,0.0
2024-08-22 04:00:00-04:00,171.2,171.2,170.53,170.53,0.0
2024-08-22 05:00:00-04:00,171.04,171.18,171.04,171.18,0.0
2024-08-22 06:00:00-04:00,171.18,171.18,170.57,170.57,0.0
2024-08-22 07:00:00-04:00,170.92,171.2,170.92,171.2,0.0
2024-08-22 08:00:00-04:00,171.2,171.5,170.4575,171.26,0.0
2024-08-22 09:00:00-04:00,171.27,171.45,170.205,170.205,0.0
2024-08-22 09:30:00-04:00,171.74000549316406,171.91000366210938,169.83999633789062,171.30999755859375,517444.0
2024-08-22 10:30:00-04:00,171.24000549316406,171.35989379882812,170.50999450683594,170.94000244140625,197323.0
2024-08-22 11:30:00-04:00,170.94000244140625,171.8300018310547,170.7100067138672,171.8000030517578,187653.0
2024-08-22 12:30:00-04:00,171.78500366210938,171.97999572753906,169.19430541992188,169.89999389648438,422149.0
2024-08-22 13:30:00-04:00,169.8699951171875,170.10989379882812,169.0,169.36599731445312,268853.0
2024-08-22 14:30:00-04:00,169.36000061035156,169.80990600585938,169.1199951171875,169.2050018310547,267254.0
2024-08-22 15:30:00-04:00,169.25,169.77999877929688,168.77099609375,169.74000549316406,409713.0
2024-08-22 16:00:00-04:00,169.68,170.18,168.0,170.16,0.0
2024-08-22 17:00:00-04:00,170.16,170.16,169.68,169.69,0.0
2024-08-22 18:00:00-04:00,169.69,170.11,169.68,169.88,0.0
2024-08-22 19:00:00-04:00,169.68,170.1,169.68,170.0,0.0
2024-08-23 04:00:00-04:00,170.02,170.02,170.0,170.01,0.0
2024-08-23 05:00:00-04:00,170.01,170.75,170.01,170.51,0.0
2024-08-23 06:00:00-04:00,170.51,170.72,170.51,170.69,0.0
2024-08-23 07:00:00-04:00,170.69,170.75,170.51,170.58,0.0
2024-08-23 08:00:00-04:00,170.58,171.09,169.68,170.91,0.0
2024-08-23 09:00:00-04:00,170.91,170.91,170.06,170.75,0.0
2024-08-23 09:30:00-04:00,170.0,171.08999633789062,169.72999572753906,170.59500122070312,778963.0
2024-08-23 10:30:00-04:00,170.60000610351562,171.22999572753906,169.64999389648438,170.94000244140625,335972.0
2024-08-23 11:30:00-04:00,170.9600067138672,170.9600067138672,169.14999389648438,169.39999389648438,293804.0
2024-08-23 12:30:00-04:00,169.4499969482422,170.07000732421875,168.85000610351562,169.88999938964844,219565.0
2024-08-23 13:30:00-04:00,169.89500427246094,170.19000244140625,169.69000244140625,170.1699981689453,275405.0
2024-08-23 14:30:00-04:00,170.1699981689453,170.85000610351562,170.0500030517578,170.8300018310547,197568.0
2024-08-23 15:30:00-04:00,170.8300018310547,171.3800048828125,170.44000244140625,171.2100067138672,636684.0
2024-08-23 16:00:00-04:00,171.06,171.22,167.95,171.13,0.0
2024-08-23 17:00:00-04:00,171.05,171.22,171.0017,171.0219,0.0
2024-08-23 18:00:00-04:00,171.02,171.22,171.02,171.13,0.0
2024-08-23 19:00:00-04:00,171.19,171.43,171.12,171.31,0.0
2024-08-26 04:00:00-04:00,171.85,172.0,171.19,171.26,0.0
2024-08-26 05:00:00-04:00,171.26,171.72,171.26,171.72,0.0
2024-08-26 06:00:00-04:00,171.72,171.92,171.39,171.92,0.0
2024-08-26 07:00:00-04:00,171.92,171.92,171.26,171.35,0.0
2024-08-26 08:00:00-04:00,171.35,172.0,170.432,171.7,0.0
2024-08-26 09:00:00-04:00,171.59,171.59,171.0,171.05,0.0
2024-08-26 09:30:00-04:00,170.5399932861328,171.72999572753906,169.61000061035156,171.6094970703125,787491.0
2024-08-26 10:30:00-04:00,171.6199951171875,171.67999267578125,169.6999969482422,169.9499969482422,363689.0
2024-08-26 11:30:00-04:00,169.89999389648438,171.3000030517578,169.58099365234375,171.25999450683594,453350.0
2024-08-26 12:30:00-04:00,171.2899932861328,171.9250030517578,171.2100067138672,171.72999572753906,366304.0
2024-08-26 13:30:00-04:00,171.67999267578125,171.67999267578125,170.50999450683594,171.01499938964844,189246.0
2024-08-26 14:30:00-04:00,171.0,171.5399932861328,170.89999389648438,171.0800018310547,225155.0
2024-08-26 15:30:00-04:00,170.94500732421875,171.33999633789062,170.6999969482422,171.25,507127.0
2024-08-26 16:00:00-04:00,171.28,171.28,160.9325,171.05,0.0
2024-08-26 17:00:00-04:00,171.19,177.1356,170.8,170.9,0.0
2024-08-26 18:00:00-04:00,170.8,171.19,170.8,170.9,0.0
2024-08-26 19:00:00-04:00,170.8,171.19,170.8,171.17,0.0
2024-08-27 04:00:00-04:00,171.59,171.59,171.0,171.24,0.0
2024-08-27 05:00:00-04:00,170.44,171.01,170.44,170.98,0.0
2024-08-27 06:00:00-04:00,170.98,170.98,170.94,170.94,0.0
2024-08-27 07:00:00-04:00,170.94,170.94,170.53,170.75,0.0
2024-08-27 08:00:00-04:00,170.75,171.48,170.01,170.7,0.0
2024-08-27 09:00:00-04:00,170.71,171.22,170.01,170.01,0.0
2024-08-27 09:30:00-04:00,170.6999969482422,171.0388946533203,169.60000610351562,171.0,541671.0
2024-08-27 10:30:00-04:00,170.97000122070312,171.5,170.47999572753906,170.6300048828125,382570.0
2024-08-27 11:30:00-04:00,170.5,170.8800048828125,169.91000366210938,170.33999633789062,202936.0
2024-08-27 12:30:00-04:00,170.27999877929688,171.125,170.10499572753906,170.8699951171875,191620.0
2024-08-27 13:30:00-04:00,170.93499755859375,171.24000549316406,170.75,171.0399932861328,473083.0
2024-08-27 14:30:00-04:00,171.02999877929688,171.35000610351562,170.85000610351562,171.26499938964844,226952.0
2024-08-27 15:30:00-04:00,171.25,171.3699951171875,170.86000061035156,171.00999450683594,506128.0
2024-08-27 16:00:00-04:00,171.01,171.15,170.18,170.99,0.0
2024-08-27 17:00:00-04:00,170.19,171.16,170.19,170.75,0.0
2024-08-27 18:00:00-04:00,170.8,171.16,170.74,170.74,0.0
2024-08-27 19:00:00-04:00,170.98,171.08,170.74,170.76,0.0
2024-08-28 04:00:00-04:00,170.76,170.76,170.76,170.76,0.0
2024-08-28 05:00:00-04:00,170.66,171.12,170.66,171.12,0.0
2024-08-28 06:00:00-04:00,171.12,171.12,170.99,170.99,0.0
2024-08-28 07:00:00-04:00,171.0,171.0,170.68,170.8,0.0
2024-08-28 08:00:00-04:00,170.8,170.99,170.1618,170.76,0.0
2024-08-28 09:00:00-04:00,170.7,170.8,170.19,170.5,0.0
2024-08-28 09:30:00-04:00,171.1999969482422,173.1699981689453,170.2899932861328,171.96499633789062,1194539.0
2024-08-28 10:30:00-04:00,171.94000244140625,172.64999389648438,171.80999755859375,172.0399932861328,415892.0
2024-08-28 11:30:00-04:00,171.99000549316406,172.82000732421875,171.75999450683594,172.22000122070312,347970.0
2024-08-28 12:30:00-04:00,172.25999450683594,172.80999755859375,172.02999877929688,172.21119689941406,338296.0
2024-08-28 13:30:00-04:00,172.16000366210938,172.30999755859375,170.81500244140625,171.11000061035156,259955.0
2024-08-28 14:30:00-04:00,171.1300048828125,172.50999450683594,171.02999877929688,172.25,523618.0
2024-08-28 15:30:00-04:00,172.22000122070312,172.3300018310547,171.77000427246094,171.8800048828125,651241.0
2024-08-28 16:00:00-04:00,171.87,171.87,170.9,171.85,0.0
2024-08-28 17:00:00-04:00,171.6,171.87,171.6,171.86,0.0
2024-08-28 18:00:00-04:00,171.87,172.98,170.33,172.295,0.0
2024-08-28 19:00:00-04:00,171.56,172.3,170.33,171.61,0.0
2024-08-29 04:00:00-04:00,171.29,172.21,171.03,171.03,0.0
2024-08-29 05:00:00-04:00,171.13,171.89,171.13,171.89,0.0
2024-08-29 06:00:00-04:00,172.0,172.42,171.93,172.15,0.0
2024-08-29 07:00:00-04:00,172.02,172.55,172.02,172.22,0.0
2024-08-29 08:00:00-04:00,172.24,172.62,171.13,172.4,0.0
2024-08-29 09:00:00-04:00,172.39,172.65,170.48,172.17,0.0
2024-08-29 09:30:00-04:00,172.64999389648438,174.34500122070312,172.49000549316406,174.09500122070312,984435.0
2024-08-29 10:30:00-04:00,174.10000610351562,175.3800048828125,174.10000610351562,175.25999450683594,541974.0
2024-08-29 11:30:00-04:00,175.2550048828125,175.97000122070312,175.16000366210938,175.3300018310547,406961.0
2024-08-29 12:30:00-04:00,175.3300018310547,175.6999969482422,175.0399932861328,175.389892578125,404425.0
2024-08-29 13:30:00-04:00,175.37399291992188,175.77999877929688,174.92010498046875,174.97000122070312,347311.0
2024-08-29 14:30:00-04:00,174.97000122070312,175.1300048828125,173.3000030517578,174.0500030517578,490175.0
2024-08-29 15:30:00-04:00,174.05499267578125,174.27999877929688,173.0850067138672,173.69000244140625,624964.0
2024-08-29 16:00:00-04:00,173.58,174.52,173.2,173.78,0.0
2024-08-29 17:00:00-04:00,173.646,174.48,173.58,174.2,0.0
2024-08-29 18:00:00-04:00,174.19,174.2,173.79,173.84,0.0
2024-08-29 19:00:00-04:00,174.19,174.2,173.7,173.79,0.0
2024-08-30 04:00:00-04:00,173.79,174.21,173.79,174.21,0.0
2024-08-30 05:00:00-04:00,174.22,174.87,174.22,174.53,0.0
2024-08-30 06:00:00-04:00,174.53,174.56,174.53,174.53,0.0
2024-08-30 07:00:00-04:00,174.53,174.9,174.26,174.68,0.0
2024-08-30 08:00:00-04:00,174.68,175.23,173.58,174.5,0.0
2024-08-30 09:00:00-04:00,174.47,174.9,174.06,174.86,0.0
2024-08-30 09:30:00-04:00,173.9600067138672,174.45989990234375,172.52999877929688,173.5019073486328,581150.0
2024-08-30 10:30:00-04:00,173.4600067138672,173.94000244140625,173.16000366210938,173.2100067138672,230445.0
2024-08-30 11:30:00-04:00,173.14999389648438,173.27999877929688,172.55999755859375,172.7100067138672,393578.0
2024-08-30 12:30:00-04:00,172.7100067138672,173.36000061035156,172.0399932861328,172.84010314941406,270549.0
2024-08-30 13:30:00-04:00,172.875,173.1699981689453,171.77000427246094,172.6300048828125,417608.0
2024-08-30 14:30:00-04:00,172.69000244140625,173.24000549316406,172.60499572753906,173.1300048828125,322790.0
2024-08-30 15:30:00-04:00,173.13999938964844,174.82000732421875,173.1199951171875,174.57000732421875,688783.0
2024-08-30 16:00:00-04:00,174.55,174.75,174.0,174.5,0.0
2024-08-30 17:00:00-04:00,174.0139,174.9406,174.01,174.4,0.0
2024-08-30 18:00:00-04:00,174.4,174.96,174.12,174.19,0.0
2024-08-30 19:00:00-04:00,174.19,174.68,174.19,174.19,0.0
2024-09-03 04:00:00-04:00,174.62,178.61,174.29,174.63,0.0
2024-09-03 05:00:00-04:00,174.68,174.68,174.13,174.36,0.0
2024-09-03 06:00:00-04:00,174.36,174.36,173.98,174.27,0.0
2024-09-03 07:00:00-04:00,174.27,174.51,173.76,173.85,0.0
2024-09-03 08:00:00-04:00,173.85,176.0,173.7,173.8,0.0
2024-09-03 09:00:00-04:00,173.8,174.0,171.22,173.65,0.0
2024-09-03 09:30:00-04:00,174.19000244140625,174.75,166.35000610351562,167.27999877929688,1363668.0
2024-09-03 10:30:00-04:00,167.19000244140625,168.53500366210938,165.75,167.55999755859375,745248.0
2024-09-03 11:30:00-04:00,167.63999938964844,167.66000366210938,164.80999755859375,165.18499755859375,685163.0
2024-09-03 12:30:00-04:00,165.13999938964844,165.5850067138672,164.6699981689453,165.0299072265625,486477.0
2024-09-03 13:30:00-04:00,164.97999572753906,166.02999877929688,164.75,164.8699951171875,433775.0
2024-09-03 14:30:00-04:00,164.83999633789062,165.41000366210938,164.83999633789062,164.99000549316406,461162.0
2024-09-03 15:30:00-04:00,165.00999450683594,165.02499389648438,163.60000610351562,164.27999877929688,856670.0
2024-09-03 16:00:00-04:00,164.21,166.55,164.01,164.22,0.0
2024-09-03 17:00:00-04:00,164.3,164.62,164.02,164.15,0.0
2024-09-03 18:00:00-04:00,164.61,164.62,164.0,164.47,0.0
2024-09-03 19:00:00-04:00,164.21,164.47,164.0,164.37,0.0
2024-09-04 04:00:00-04:00,164.0,164.0,163.5,163.94,0.0
2024-09-04 05:00:00-04:00,163.8,163.97,163.62,163.8,0.0
2024-09-04 06:00:00-04:00,163.8,163.8,163.47,163.69,0.0
2024-09-04 07:00:00-04:00,163.47,163.7,163.35,163.38,0.0
2024-09-04 08:00:00-04:00,163.49,164.21,163.35,163.5,0.0
2024-09-04 09:00:00-04:00,163.9275,163.95,163.49,163.52,0.0
2024-09-04 09:30:00-04:00,163.5,166.4600067138672,163.39999389648438,165.07000732421875,864624.0
2024-09-04 10:30:00-04:00,165.10499572753906,165.5500030517578,163.960205078125,164.1300048828125,503557.0
2024-09-04 11:30:00-04:00,164.10000610351562,165.08990478515625,163.9199981689453,164.80999755859375,346979.0
2024-09-04 12:30:00-04:00,164.80999755859375,165.75,164.68499755859375,165.6300048828125,396634.0
2024-09-04 13:30:00-04:00,165.60000610351562,165.97999572753906,165.0321044921875,165.7899932861328,338860.0
2024-09-04 14:30:00-04:00,165.77999877929688,165.86000061035156,164.9600067138672,165.78500366210938,318698.0
2024-09-04 15:30:00-04:00,165.77000427246094,166.6199951171875,165.58999633789062,166.25999450683594,670255.0
2024-09-04 16:00:00-04:00,166.28,166.64,163.88,166.29,0.0
2024-09-04 17:00:00-04:00,165.9,166.36,165.61,166.36,0.0
2024-09-04 18:00:00-04:00,165.61,166.36,165.61,166.29,0.0
2024-09-04 19:00:00-04:00,166.35,166.42,165.0,165.0,0.0
2024-09-05 04:00:00-04:00,166.5,166.5,166.1,166.27,0.0
2024-09-05 05:00:00-04:00,166.27,167.0,166.16,166.98,0.0
2024-09-05 06:00:00-04:00,166.87,166.87,166.6,166.86,0.0
2024-09-05 07:00:00-04:00,166.86,166.87,166.6,166.67,0.0
2024-09-05 08:00:00-04:00,166.67,166.9,166.1,166.41,0.0
2024-09-05 09:00:00-04:00,166.57,166.78,166.05,166.78,0.0
2024-09-05 09:30:00-04:00,164.77499389648438,166.0,163.39999389648438,164.34500122070312,701892.0
2024-09-05 10:30:00-04:00,164.31300354003906,164.75,163.1699981689453,163.1699981689453,387933.0
2024-09-05 11:30:00-04:00,163.19000244140625,163.3000030517578,162.50999450683594,163.18499755859375,391516.0
2024-09-05 12:30:00-04:00,163.18499755859375,163.3800048828125,162.55999755859375,163.1300048828125,244007.0
2024-09-05 13:30:00-04:00,163.14999389648438,164.14999389648438,163.08999633789062,163.6199951171875,244324.0
2024-09-05 14:30:00-04:00,163.6699981689453,164.25999450683594,163.4886016845703,164.02999877929688,274651.0
2024-09-05 15:30:00-04:00,163.99000549316406,164.4600067138672,163.4199981689453,163.88999938964844,395525.0
2024-09-05 16:00:00-04:00,163.9,164.3,163.6039,163.91,0.0
2024-09-05 17:00:00-04:00,163.91,163.91,163.11,163.7,0.0
2024-09-05 18:00:00-04:00,163.7,163.92,163.7,163.77,0.0
2024-09-05 19:00:00-04:00,163.7055,163.92,163.7,163.8,0.0
2024-09-06 04:00:00-04:00,164.31,164.32,162.79,162.79,0.0
2024-09-06 05:00:00-04:00,162.79,162.79,162.28,162.52,0.0
2024-09-06 06:00:00-04:00,162.31,162.32,162.29,162.29,0.0
2024-09-06 07:00:00-04:00,162.31,163.1,162.31,163.05,0.0
2024-09-06 08:00:00-04:00,163.05,164.1,162.09,163.0,0.0
2024-09-06 09:00:00-04:00,163.03,165.03,162.9,164.39,0.0
2024-09-06 09:30:00-04:00,164.50999450683594,166.03500366210938,163.38999938964844,163.4600067138672,598427.0
2024-09-06 10:30:00-04:00,163.52000427246094,164.39999389648438,162.3699951171875,162.4550018310547,373058.0
2024-09-06 11:30:00-04:00,162.57000732421875,162.85000610351562,161.6999969482422,161.82000732421875,308028.0
2024-09-06 12:30:00-04:00,161.7949981689453,162.33999633789062,161.410400390625,161.58999633789062,192870.0
2024-09-06 13:30:00-04:00,161.5800018310547,161.61000061035156,160.75999450683594,161.11399841308594,346340.0
2024-09-06 14:30:00-04:00,161.14630126953125,161.89500427246094,160.58999633789062,161.4600067138672,363472.0
2024-09-06 15:30:00-04:00,161.4199981689453,161.72000122070312,160.8800048828125,161.2899932861328,682857.0
2024-09-06 16:00:00-04:00,161.23,162.0,160.77,160.91,0.0
2024-09-06 17:00:00-04:00,160.9381,160.94,160.38,160.84,0.0
2024-09-06 18:00:00-04:00,160.79,160.95,160.5,160.9,0.0
2024-09-06 19:00:00-04:00,160.95,160.95,160.5,160.9,0.0
2024-09-09 04:00:00-04:00,161.72,162.51,161.1,162.51,0.0
2024-09-09 05:00:00-04:00,161.99,162.02,161.87,161.87,0.0
2024-09-09 06:00:00-04:00,162.0,162.83,162.0,162.83,0.0
2024-09-09 07:00:00-04:00,162.83,162.89,162.01,162.62,0.0
2024-09-09 08:00:00-04:00,162.61,162.89,161.3222,162.18,0.0
2024-09-09 09:00:00-04:00,162.25,163.06,161.765,163.0,0.0
2024-09-09 09:30:00-04:00,163.49000549316406,164.7100067138672,162.91000366210938,163.92999267578125,656565.0
2024-09-09 10:30:00-04:00,163.88999938964844,164.61500549316406,163.3350067138672,164.61500549316406,346844.0
2024-09-09 11:30:00-04:00,164.5800018310547,165.86839294433594,164.52999877929688,165.7799072265625,380936.0
2024-09-09 12:30:00-04:00,165.7100067138672,166.3800048828125,165.70750427246094,165.94000244140625,366920.0
2024-09-09 13:30:00-04:00,165.9250030517578,165.94000244140625,164.99000549316406,165.44000244140625,259100.0
2024-09-09 14:30:00-04:00,165.3800048828125,165.89999389648438,164.6999969482422,164.875,408740.0
2024-09-09 15:30:00-04:00,164.885498046875,165.50999450683594,164.75,165.33999633789062,491839.0
2024-09-09 16:00:00-04:00,165.35,177.1356,165.0,165.84,0.0
2024-09-09 17:00:00-04:00,165.85,177.1356,154.8614,166.25,0.0
2024-09-09 18:00:00-04:00,166.1111,166.5,165.55,165.69,0.0
2024-09-09 19:00:00-04:00,165.79,165.79,165.35,165.35,0.0
2024-09-10 04:00:00-04:00,166.02,166.02,165.87,165.88,0.0
2024-09-10 05:00:00-04:00,166.02,166.02,165.53,165.53,0.0
2024-09-10 06:00:00-04:00,165.8,165.86,165.74,165.74,0.0
2024-09-10 07:00:00-04:00,165.74,165.97,165.58,165.8,0.0
2024-09-10 08:00:00-04:00,165.8,166.7,165.35,166.21,0.0
2024-09-10 09:00:00-04:00,166.23,170.0,165.85,167.33,0.0
2024-09-10 09:30:00-04:00,167.4499969482422,167.72999572753906,164.25,165.2200927734375,429401.0
2024-09-10 10:30:00-04:00,165.22000122070312,166.39999389648438,165.0,165.50999450683594,547068.0
2024-09-10 11:30:00-04:00,165.4600067138672,165.4600067138672,164.42999267578125,164.8300018310547,220664.0
2024-09-10 12:30:00-04:00,164.8300018310547,165.83999633789062,164.6999969482422,165.7899932861328,191530.0
2024-09-10 13:30:00-04:00,165.80999755859375,166.37570190429688,165.77499389648438,166.14500427246094,236143.0
2024-09-10 14:30:00-04:00,166.1199951171875,166.9499969482422,166.05999755859375,166.88999938964844,353189.0
2024-09-10 15:30:00-04:00,166.86000061035156,167.0050048828125,166.25,166.97000122070312,649740.0
2024-09-10 16:00:00-04:00,166.98,166.984,164.02,166.93,0.0
2024-09-10 17:00:00-04:00,166.93,166.98,166.12,166.85,0.0
2024-09-10 18:00:00-04:00,166.88,166.98,166.51,166.9682,0.0
2024-09-10 19:00:00-04:00,166.9,166.97,166.51,166.97,0.0
2024-09-11 04:00:00-04:00,166.16,166.3,165.86,165.96,0.0
2024-09-11 05:00:00-04:00,165.96,166.65,165.96,166.23,0.0
2024-09-11 06:00:00-04:00,166.23,166.23,165.92,166.2,0.0
2024-09-11 07:00:00-04:00,166.03,166.19,165.83,165.98,0.0
2024-09-11 08:00:00-04:00,165.98,166.85,165.5397,166.5,0.0
2024-09-11 09:00:00-04:00,166.15,166.8,165.72,166.74,0.0
2024-09-11 09:30:00-04:00,166.47999572753906,166.72999572753906,162.24000549316406,162.6999969482422,686713.0
2024-09-11 10:30:00-04:00,162.6999969482422,163.47000122070312,162.22999572753906,163.1699981689453,355290.0
2024-09-11 11:30:00-04:00,163.17999267578125,164.5800018310547,163.14999389648438,164.47999572753906,488279.0
2024-09-11 12:30:00-04:00,164.51499938964844,165.66990661621094,164.33999633789062,165.3699951171875,293999.0
2024-09-11 13:30:00-04:00,165.38499450683594,166.1199951171875,165.22999572753906,165.85000610351562,422352.0
2024-09-11 14:30:00-04:00,165.8699951171875,166.3300018310547,165.77000427246094,166.1999969482422,455805.0
2024-09-11 15:30:00-04:00,166.21499633789062,166.60000610351562,165.13499450683594,166.30999755859375,758297.0
2024-09-11 16:00:00-04:00,166.35,166.35,163.0,166.03,0.0
2024-09-11 17:00:00-04:00,166.17,166.28,165.58,166.28,0.0
2024-09-11 18:00:00-04:00,165.86,166.25,165.86,165.86,0.0
2024-09-11 19:00:00-04:00,166.24,166.28,165.86,166.28,0.0
2024-09-12 04:00:00-04:00,166.28,166.31,166.28,166.31,0.0
2024-09-12 05:00:00-04:00,166.31,167.47,166.31,167.35,0.0
2024-09-12 06:00:00-04:00,,,,,
2024-09-12 07:00:00-04:00,166.51,167.12,166.51,166.77,0.0
2024-09-12 08:00:00-04:00,166.8,167.0917,166.0,166.8,0.0
2024-09-12 09:00:00-04:00,166.8,166.85,166.12,166.51,0.0
2024-09-12 09:30:00-04:00,166.6999969482422,169.1999969482422,166.27780151367188,169.11000061035156,621738.0
2024-09-12 10:30:00-04:00,169.1699981689453,170.68499755859375,168.5,169.66000366210938,457010.0
2024-09-12 11:30:00-04:00,169.67999267578125,170.9700927734375,169.6300048828125,170.64999389648438,1328566.0
2024-09-12 12:30:00-04:00,170.60000610351562,170.67990112304688,169.7100067138672,170.50999450683594,455412.0
2024-09-12 13:30:00-04:00,170.57000732421875,170.6999969482422,169.89999389648438,169.89999389648438,272358.0
2024-09-12 14:30:00-04:00,169.86990356445312,169.95550537109375,168.95010375976562,169.77999877929688,368690.0
2024-09-12 15:30:00-04:00,169.72999572753906,170.3000030517578,169.5399932861328,169.6999969482422,803597.0
2024-09-12 16:00:00-04:00,169.7,169.7,169.11,169.68,0.0
2024-09-12 17:00:00-04:00,169.68,170.08,169.25,169.48,0.0
2024-09-12 18:00:00-04:00,169.55,170.08,169.48,169.7,0.0
2024-09-12 19:00:00-04:00,169.5,170.0,169.5,169.7,0.0
2024-09-13 04:00:00-04:00,169.05,169.54,169.0,169.0,0.0
2024-09-13 05:00:00-04:00,169.49,169.49,169.11,169.49,0.0
2024-09-13 06:00:00-04:00,169.49,169.83,168.71,168.71,0.0
2024-09-13 07:00:00-04:00,168.71,169.55,168.71,169.45,0.0
2024-09-13 08:00:00-04:00,169.35,170.51,168.0,169.55,0.0
2024-09-13 09:00:00-04:00,169.55,169.55,169.12,169.34,0.0
2024-09-13 09:30:00-04:00,169.41000366210938,172.03500366210938,169.2100067138672,171.82749938964844,1036516.0
2024-09-13 10:30:00-04:00,171.92999267578125,175.1699981689453,171.88999938964844,174.99000549316406,988178.0
2024-09-13 11:30:00-04:00,175.0050048828125,176.76499938964844,174.86000061035156,176.35000610351562,853859.0
2024-09-13 12:30:00-04:00,176.3289031982422,178.79989624023438,176.0800018310547,178.75,1103515.0
2024-09-13 13:30:00-04:00,178.6999969482422,179.32000732421875,177.22999572753906,177.4199981689453,1034844.0
2024-09-13 14:30:00-04:00,177.3800048828125,178.11000061035156,177.16000366210938,177.35000610351562,596368.0
2024-09-13 15:30:00-04:00,177.35000610351562,178.41000366210938,177.3101043701172,178.3000030517578,957737.0
2024-09-13 16:00:00-04:00,178.28,178.5,177.91,178.0325,0.0
2024-09-13 17:00:00-04:00,178.0325,178.46,177.85,178.21,0.0
2024-09-13 18:00:00-04:00,178.21,178.46,176.0,176.0,0.0
2024-09-13 19:00:00-04:00,178.28,178.28,177.25,178.23,0.0
2024-09-16 04:00:00-04:00,178.0,178.07,177.24,177.9,0.0
2024-09-16 05:00:00-04:00,177.99,178.28,177.87,178.06,0.0
2024-09-16 06:00:00-04:00,178.06,178.06,177.99,177.99,0.0
2024-09-16 07:00:00-04:00,177.15,178.05,177.15,177.89,0.0
2024-09-16 08:00:00-04:00,177.89,178.5,177.0,178.09,0.0
2024-09-16 09:00:00-04:00,178.2,178.4,177.31,178.3999,0.0
2024-09-16 09:30:00-04:00,178.72000122070312,180.4799041748047,177.78500366210938,178.91000366210938,1178447.0
2024-09-16 10:30:00-04:00,178.89999389648438,178.91000366210938,176.26339721679688,177.14999389648438,1599539.0
2024-09-16 11:30:00-04:00,177.19000244140625,179.77999877929688,177.19000244140625,179.44000244140625,474743.0
2024-09-16 12:30:00-04:00,179.41549682617188,180.25,179.22999572753906,179.72999572753906,394334.0
2024-09-16 13:30:00-04:00,179.72999572753906,181.00999450683594,179.72500610351562,180.82000732421875,522212.0
2024-09-16 14:30:00-04:00,180.83999633789062,180.9199981689453,179.906005859375,180.3300018310547,437979.0
2024-09-16 15:30:00-04:00,180.33999633789062,181.52000427246094,180.25,181.44000244140625,998976.0
2024-09-16 16:00:00-04:00,181.44,181.54,181.0,181.54,0.0
2024-09-16 17:00:00-04:00,181.54,181.54,181.24,181.24,0.0
2024-09-16 18:00:00-04:00,181.44,181.54,181.24,181.42,0.0
2024-09-16 19:00:00-04:00,181.54,181.54,181.24,181.4,0.0
2024-09-17 04:00:00-04:00,180.56,181.66,180.56,181.53,0.0
2024-09-17 05:00:00-04:00,181.53,181.69,181.52,181.52,0.0
2024-09-17 06:00:00-04:00,181.51,181.85,181.4,181.8,0.0
2024-09-17 07:00:00-04:00,181.8,182.05,181.52,181.56,0.0
2024-09-17 08:00:00-04:00,181.59,182.11,181.03,181.9,0.0
2024-09-17 09:00:00-04:00,181.8,182.32,181.44,182.0,0.0
2024-09-17 09:30:00-04:00,181.50999450683594,182.42709350585938,179.8000030517578,179.92999267578125,1732509.0
2024-09-17 10:30:00-04:00,179.92999267578125,181.05999755859375,179.61000061035156,180.1750030517578,557781.0
2024-09-17 11:30:00-04:00,180.1999969482422,180.6999969482422,179.5500030517578,180.17599487304688,353991.0
2024-09-17 12:30:00-04:00,180.16000366210938,180.7698974609375,178.99000549316406,180.50999450683594,517520.0
2024-09-17 13:30:00-04:00,180.4499969482422,181.0500030517578,180.2550048828125,180.49000549316406,323219.0
2024-09-17 14:30:00-04:00,180.4199981689453,180.86000061035156,179.94000244140625,180.07000732421875,389968.0
2024-09-17 15:30:00-04:00,180.1199951171875,180.72000122070312,179.9499969482422,180.3300018310547,626378.0
2024-09-17 16:00:00-04:00,180.33,192.4611,180.31,192.4611,0.0
2024-09-17 17:00:00-04:00,180.5,192.4611,180.3,180.78,0.0
2024-09-17 18:00:00-04:00,180.53,180.78,180.3,180.78,0.0
2024-09-17 19:00:00-04:00,180.3,180.756,180.3,180.51,0.0
2024-09-18 04:00:00-04:00,180.69,180.69,180.69,180.69,0.0
2024-09-18 05:00:00-04:00,180.69,180.69,180.69,180.69,0.0
2024-09-18 06:00:00-04:00,180.69,180.85,180.3,180.84,0.0
2024-09-18 07:00:00-04:00,180.84,181.46,180.5,180.52,0.0
2024-09-18 08:00:00-04:00,180.52,181.5299,179.7054,180.35,0.0
2024-09-18 09:00:00-04:00,180.46,181.2,180.35,180.65,0.0
2024-09-18 09:30:00-04:00,181.1999969482422,182.7592010498047,180.42999267578125,181.7050018310547,734814.0
2024-09-18 10:30:00-04:00,181.6699981689453,183.30999755859375,181.30999755859375,183.16000366210938,616869.0
2024-09-18 11:30:00-04:00,183.1750030517578,183.75999450683594,182.57000732421875,183.7449951171875,519781.0
2024-09-18 12:30:00-04:00,183.7449951171875,184.25,183.19000244140625,183.6699981689453,583549.0
2024-09-18 13:30:00-04:00,183.69000244140625,185.7698974609375,183.2100067138672,185.39999389648438,934688.0
2024-09-18 14:30:00-04:00,185.38999938964844,185.5500030517578,183.4600067138672,185.08999633789062,710379.0
2024-09-18 15:30:00-04:00,185.1699981689453,185.3000030517578,183.41000366210938,183.58999633789062,691324.0
2024-09-18 16:00:00-04:00,183.55,184.07,180.33,183.84,0.0
2024-09-18 17:00:00-04:00,183.61,183.9,183.55,183.87,0.0
2024-09-18 18:00:00-04:00,183.76,184.05,183.585,184.0,0.0
2024-09-18 19:00:00-04:00,184.04,185.0,183.91,184.21,0.0
2024-09-19 04:00:00-04:00,185.39,185.89,184.9,185.87,0.0
2024-09-19 05:00:00-04:00,185.29,185.51,185.17,185.5,0.0
2024-09-19 06:00:00-04:00,185.5,185.54,185.47,185.54,0.0
2024-09-19 07:00:00-04:00,185.53,186.58,185.5,186.5,0.0
2024-09-19 08:00:00-04:00,186.47,186.73,184.28,186.47,0.0
2024-09-19 09:00:00-04:00,186.5,187.59,186.44,187.16,0.0
2024-09-19 09:30:00-04:00,187.64999389648438,187.99000549316406,185.00999450683594,186.64990234375,819077.0
2024-09-19 10:30:00-04:00,186.58999633789062,186.64999389648438,184.27999877929688,185.0399932861328,434493.0
2024-09-19 11:30:00-04:00,185.0500030517578,187.0800018310547,184.63999938964844,186.67149353027344,574412.0
2024-09-19 12:30:00-04:00,186.7899932861328,186.97000122070312,185.8350067138672,186.08999633789062,348200.0
2024-09-19 13:30:00-04:00,186.13999938964844,186.89999389648438,185.9149932861328,186.6999969482422,337188.0
2024-09-19 14:30:00-04:00,186.72999572753906,186.82000732421875,185.91070556640625,186.0399932861328,454549.0
2024-09-19 15:30:00-04:00,186.02999877929688,186.4499969482422,185.57000732421875,186.16000366210938,861378.0
2024-09-19 16:00:00-04:00,186.16,187.0,185.0,186.37,0.0
2024-09-19 17:00:00-04:00,186.39,186.39,185.63,186.11,0.0
2024-09-19 18:00:00-04:00,186.0218,186.38,185.65,186.15,0.0
2024-09-19 19:00:00-04:00,185.65,186.16,185.65,186.16,0.0
2024-09-20 04:00:00-04:00,186.0,186.16,185.14,185.14,0.0
2024-09-20 05:00:00-04:00,185.22,185.92,185.22,185.87,0.0
2024-09-20 06:00:00-04:00,185.87,185.87,185.26,185.6,0.0
2024-09-20 07:00:00-04:00,185.6,185.6,185.3,185.3,0.0
2024-09-20 08:00:00-04:00,185.3,186.1687,185.1375,185.66,0.0
2024-09-20 09:00:00-04:00,185.66,186.16,185.0,186.05,0.0
2024-09-20 09:30:00-04:00,185.0,186.13999938964844,184.32000732421875,185.8699951171875,1648004.0
2024-09-20 10:30:00-04:00,185.88999938964844,187.0,185.74000549316406,186.38499450683594,354742.0
2024-09-20 11:30:00-04:00,186.38999938964844,187.6199951171875,186.0800018310547,187.47000122070312,295239.0
2024-09-20 12:30:00-04:00,187.47000122070312,187.74000549316406,187.19000244140625,187.3300018310547,246032.0
2024-09-20 13:30:00-04:00,187.35000610351562,187.42999267578125,186.8000030517578,186.88999938964844,240079.0
2024-09-20 14:30:00-04:00,186.88999938964844,187.83999633789062,186.47000122070312,187.2949981689453,424373.0
2024-09-20 15:30:00-04:00,187.2899932861328,187.5299072265625,186.50999450683594,187.3800048828125,782335.0
2024-09-20 16:00:00-04:00,187.43,187.62,186.88,187.55,0.0
2024-09-20 17:00:00-04:00,187.57,188.0,187.57,187.8,0.0
2024-09-20 18:00:00-04:00,187.82,187.87,187.8,187.8,0.0
2024-09-20 19:00:00-04:00,187.79,187.87,187.62,187.79,0.0
2024-09-23 04:00:00-04:00,187.84,187.84,185.95,187.15,0.0
2024-09-23 05:00:00-04:00,187.15,187.82,187.15,187.79,0.0
2024-09-23 06:00:00-04:00,187.76,187.81,187.34,187.34,0.0
2024-09-23 07:00:00-04:00,187.77,187.98,187.63,187.88,0.0
2024-09-23 08:00:00-04:00,187.88,188.11,187.0237,187.75,0.0
2024-09-23 09:00:00-04:00,187.8,188.0,184.775,187.97,0.0
2024-09-23 09:30:00-04:00,187.80999755859375,189.74000549316406,187.39999389648438,189.08999633789062,551223.0
2024-09-23 10:30:00-04:00,189.08999633789062,189.63999938964844,188.49000549316406,189.35000610351562,345576.0
2024-09-23 11:30:00-04:00,189.36500549316406,189.77999877929688,187.8699951171875,188.44500732421875,300429.0
2024-09-23 12:30:00-04:00,188.44500732421875,188.60000610351562,187.97000122070312,188.35000610351562,530209.0
2024-09-23 13:30:00-04:00,188.35000610351562,188.6699981689453,188.2899932861328,188.58999633789062,598492.0
2024-09-23 14:30:00-04:00,188.58999633789062,189.25999450683594,188.57000732421875,189.1571044921875,226716.0
2024-09-23 15:30:00-04:00,189.125,189.47000122070312,188.58999633789062,188.74000549316406,473676.0
2024-09-23 16:00:00-04:00,188.67,189.87,177.1356,188.67,0.0
2024-09-23 17:00:00-04:00,189.4557,189.4557,188.5,188.59,0.0
2024-09-23 18:00:00-04:00,188.67,188.94,188.5,188.67,0.0
2024-09-23 19:00:00-04:00,188.76,188.89,188.06,188.72,0.0
2024-09-24 04:00:00-04:00,188.87,189.37,188.87,189.35,0.0
2024-09-24 05:00:00-04:00,188.87,189.0,188.86,188.89,0.0
2024-09-24 06:00:00-04:00,188.89,189.34,188.87,189.32,0.0
2024-09-24 07:00:00-04:00,189.28,189.28,188.82,188.82,0.0
2024-09-24 08:00:00-04:00,188.99,189.3,188.51,189.02,0.0
2024-09-24 09:00:00-04:00,189.02,189.27,189.0,189.14,0.0
2024-09-24 09:30:00-04:00,188.6699981689453,189.03370666503906,187.00369262695312,187.89999389648438,703581.0
2024-09-24 10:30:00-04:00,187.88999938964844,189.22999572753906,187.72999572753906,188.8699951171875,375574.0
2024-09-24 11:30:00-04:00,188.91000366210938,189.1999969482422,188.47000122070312,189.1300048828125,246514.0
2024-09-24 12:30:00-04:00,189.1199951171875,189.3271026611328,188.35000610351562,188.52999877929688,384965.0
2024-09-24 13:30:00-04:00,188.52000427246094,188.9199981689453,188.22999572753906,188.81500244140625,332322.0
2024-09-24 14:30:00-04:00,188.8125,189.1699981689453,188.60000610351562,189.13999938964844,421648.0
2024-09-24 15:30:00-04:00,189.14999389648438,189.8000030517578,188.8699951171875,189.6999969482422,492535.0
2024-09-24 16:00:00-04:00,189.66,189.87,189.41,189.59,0.0
2024-09-24 17:00:00-04:00,189.59,189.8595,189.41,189.5,0.0
2024-09-24 18:00:00-04:00,189.87,189.87,189.5,189.76,0.0
2024-09-24 19:00:00-04:00,189.55,189.87,189.55,189.8,0.0
2024-09-25 04:00:00-04:00,182.93,189.52,182.93,189.08,0.0
2024-09-25 05:00:00-04:00,189.14,189.14,188.5,188.88,0.0
2024-09-25 06:00:00-04:00,188.88,188.99,188.15,188.99,0.0
2024-09-25 07:00:00-04:00,188.97,189.7,188.7,189.35,0.0
2024-09-25 08:00:00-04:00,189.24,189.87,186.0,189.69,0.0
2024-09-25 09:00:00-04:00,189.27,189.87,189.2313,189.79,0.0
2024-09-25 09:30:00-04:00,189.8300018310547,190.86270141601562,188.19500732421875,190.1649932861328,556455.0
2024-09-25 10:30:00-04:00,190.18499755859375,190.8800048828125,189.25,189.39999389648438,236719.0
2024-09-25 11:30:00-04:00,189.44000244140625,189.8800048828125,189.27000427246094,189.4199981689453,259816.0
2024-09-25 12:30:00-04:00,189.42999267578125,189.82000732421875,189.0800018310547,189.09249877929688,202588.0
2024-09-25 13:30:00-04:00,189.0500030517578,189.39999389648438,188.76010131835938,189.2100067138672,280508.0
2024-09-25 14:30:00-04:00,189.22500610351562,189.69000244140625,188.89999389648438,189.6649932861328,368943.0
2024-09-25 15:30:00-04:00,189.64999389648438,189.67999267578125,189.17999267578125,189.33999633789062,445155.0
2024-09-25 16:00:00-04:00,189.33,189.97,189.327,189.45,0.0
2024-09-25 17:00:00-04:00,189.3825,189.42,188.78,189.3999,0.0
2024-09-25 18:00:00-04:00,189.39,189.4,188.78,189.39,0.0
2024-09-25 19:00:00-04:00,188.7955,189.7001,188.7955,189.4,0.0
2024-09-26 04:00:00-04:00,189.73,190.33,189.73,190.24,0.0
2024-09-26 05:00:00-04:00,190.24,190.24,190.23,190.24,0.0
2024-09-26 06:00:00-04:00,190.33,190.69,189.76,189.76,0.0
2024-09-26 07:00:00-04:00,190.01,190.15,189.78,189.87,0.0
2024-09-26 08:00:00-04:00,189.86,190.55,189.6,190.1,0.0
2024-09-26 09:00:00-04:00,189.84,190.1,189.6,189.9,0.0
2024-09-26 09:30:00-04:00,189.39999389648438,189.5500030517578,185.61000061035156,186.88499450683594,1063985.0
2024-09-26 10:30:00-04:00,186.9199981689453,187.8699951171875,186.0800018310547,186.7100067138672,376682.0
2024-09-26 11:30:00-04:00,186.6999969482422,187.5449981689453,185.9669952392578,186.16200256347656,436628.0
2024-09-26 12:30:00-04:00,186.14999389648438,186.4600067138672,185.32000732421875,185.58999633789062,418179.0
2024-09-26 13:30:00-04:00,185.61500549316406,186.39500427246094,185.5500030517578,185.7530059814453,420132.0
2024-09-26 14:30:00-04:00,185.75,185.75,184.77999877929688,185.0399932861328,440982.0
2024-09-26 15:30:00-04:00,185.00999450683594,185.26539611816406,184.52999877929688,184.60000610351562,862810.0
2024-09-26 16:00:00-04:00,184.59,184.99,184.38,184.96,0.0
2024-09-26 17:00:00-04:00,184.98,184.98,184.18,184.44,0.0
2024-09-26 18:00:00-04:00,184.893,184.98,184.35,184.9368,0.0
2024-09-26 19:00:00-04:00,184.56,184.9695,184.56,184.56,0.0
2024-09-27 04:00:00-04:00,184.05,184.55,184.05,184.55,0.0
2024-09-27 05:00:00-04:00,184.55,184.59,184.51,184.57,0.0
2024-09-27 06:00:00-04:00,184.56,184.57,184.15,184.15,0.0
2024-09-27 07:00:00-04:00,184.16,184.39,184.0,184.32,0.0
2024-09-27 08:00:00-04:00,184.32,184.84,183.77,184.32,0.0
2024-09-27 09:00:00-04:00,184.39,189.325,184.0,184.6,0.0
2024-09-27 09:30:00-04:00,184.1699981689453,185.6999969482422,183.1260986328125,185.60000610351562,562277.0
2024-09-27 10:30:00-04:00,185.60000610351562,186.19000244140625,185.05999755859375,186.0500030517578,386041.0
2024-09-27 11:30:00-04:00,186.03500366210938,186.03750610351562,185.10000610351562,185.10000610351562,483989.0
2024-09-27 12:30:00-04:00,185.10000610351562,186.06039428710938,184.94000244140625,185.39999389648438,337578.0
2024-09-27 13:30:00-04:00,185.44000244140625,185.9199981689453,185.16000366210938,185.17999267578125,811915.0
2024-09-27 14:30:00-04:00,185.16000366210938,185.83999633789062,184.88699340820312,185.69000244140625,363955.0
2024-09-27 15:30:00-04:00,185.69000244140625,185.94000244140625,185.3000030517578,185.36000061035156,649311.0
2024-09-27 16:00:00-04:00,185.38,185.38,184.9475,185.35,0.0
2024-09-27 17:00:00-04:00,185.3,185.38,185.01,185.34,0.0
2024-09-27 18:00:00-04:00,185.07,185.35,185.01,185.01,0.0
2024-09-27 19:00:00-04:00,185.32,185.35,185.01,185.32,0.0
2024-09-30 04:00:00-04:00,185.01,186.65,185.01,185.2,0.0
2024-09-30 05:00:00-04:00,185.2,185.2,185.17,185.17,0.0
2024-09-30 06:00:00-04:00,185.17,185.84,185.17,185.84,0.0
2024-09-30 07:00:00-04:00,185.85,185.85,184.53,185.13,0.0
2024-09-30 08:00:00-04:00,185.13,185.84,184.5,185.56,0.0
2024-09-30 09:00:00-04:00,186.0,186.0,185.38,185.96,0.0
2024-09-30 09:30:00-04:00,184.81500244140625,185.49000549316406,183.08999633789062,184.58999633789062,624916.0
2024-09-30 10:30:00-04:00,184.6300048828125,186.14999389648438,184.57000732421875,185.72500610351562,325143.0
2024-09-30 11:30:00-04:00,185.77000427246094,185.84500122070312,185.0,185.37989807128906,213553.0
2024-09-30 12:30:00-04:00,185.35000610351562,185.75990295410156,185.2899932861328,185.61000061035156,163997.0
2024-09-30 13:30:00-04:00,185.61000061035156,186.19000244140625,185.0500030517578,185.65750122070312,351581.0
2024-09-30 14:30:00-04:00,185.66000366210938,187.27999877929688,185.60000610351562,187.25750732421875,427619.0
2024-09-30 15:30:00-04:00,187.26499938964844,188.7100067138672,187.1999969482422,188.50999450683594,845122.0
2024-09-30 16:00:00-04:00,188.58,189.0,187.04,188.58,0.0
2024-09-30 17:00:00-04:00,188.6,188.8977,187.5,188.79,0.0
2024-09-30 18:00:00-04:00,188.79,188.8,185.3,188.21,0.0
2024-09-30 19:00:00-04:00,188.58,188.58,184.66,187.81,0.0
2024-10-01 04:00:00-04:00,188.58,188.58,187.91,187.93,0.0
2024-10-01 05:00:00-04:00,188.49,188.49,187.94,188.43,0.0
2024-10-01 06:00:00-04:00,188.43,188.43,187.94,187.94,0.0
2024-10-01 07:00:00-04:00,187.94,188.52,187.94,188.29,0.0
2024-10-01 08:00:00-04:00,188.48,188.59,187.6965,187.6965,0.0
2024-10-01 09:00:00-04:00,187.6965,188.44,187.65,188.005,0.0
2024-10-01 09:30:00-04:00,187.49000549316406,188.22000122070312,185.10000610351562,185.88499450683594,718445.0
2024-10-01 10:30:00-04:00,186.0,186.17999267578125,184.9199981689453,185.4622039794922,551854.0
2024-10-01 11:30:00-04:00,185.4199981689453,186.96969604492188,185.32000732421875,186.8300018310547,432544.0
2024-10-01 12:30:00-04:00,186.8800048828125,187.47000122070312,186.19009399414062,186.53990173339844,232852.0
2024-10-01 13:30:00-04:00,186.35000610351562,187.5800018310547,186.19000244140625,187.2899932861328,239151.0
2024-10-01 14:30:00-04:00,187.27000427246094,187.47000122070312,186.60000610351562,186.86000061035156,287037.0
2024-10-01 15:30:00-04:00,186.86000061035156,186.9600067138672,186.0,186.30999755859375,529600.0
2024-10-01 16:00:00-04:00,186.3,186.52,186.0033,186.32,0.0
2024-10-01 17:00:00-04:00,186.03,192.4611,186.0,186.3,0.0
2024-10-01 18:00:00-04:00,186.3,186.35,185.9392,186.3,0.0
2024-10-01 19:00:00-04:00,186.32,186.32,185.67,186.1399,0.0
2024-10-02 04:00:00-04:00,185.9,186.0,185.58,186.0,0.0
2024-10-02 05:00:00-04:00,186.0,186.04,185.62,185.62,0.0
2024-10-02 06:00:00-04:00,185.62,185.67,185.01,185.03,0.0
2024-10-02 07:00:00-04:00,185.34,186.31,185.19,185.66,0.0
2024-10-02 08:00:00-04:00,185.66,186.37,184.7472,185.41,0.0
2024-10-02 09:00:00-04:00,185.89,186.03,185.41,185.5,0.0
2024-10-02 09:30:00-04:00,185.57000732421875,187.4799041748047,184.72500610351562,187.27000427246094,599568.0
2024-10-02 10:30:00-04:00,187.16000366210938,187.63999938964844,186.9199981689453,187.17999267578125,229074.0
2024-10-02 11:30:00-04:00,187.14999389648438,188.1999969482422,186.9199981689453,187.88999938964844,362780.0
2024-10-02 12:30:00-04:00,187.8699951171875,187.8699951171875,186.97999572753906,187.50999450683594,161507.0
2024-10-02 13:30:00-04:00,187.4600067138672,187.50990295410156,186.72999572753906,187.00999450683594,178785.0
2024-10-02 14:30:00-04:00,187.02999877929688,187.39999389648438,186.86000061035156,186.89999389648438,228286.0
2024-10-02 15:30:00-04:00,186.90499877929688,186.9499969482422,186.3699951171875,186.49000549316406,453993.0
2024-10-02 16:00:00-04:00,186.44,187.48,186.01,186.82,0.0
2024-10-02 17:00:00-04:00,186.82,187.44,186.44,186.95,0.0
2024-10-02 18:00:00-04:00,186.95,187.44,186.5,186.96,0.0
2024-10-02 19:00:00-04:00,186.95,187.4204,185.99,186.46,0.0
2024-10-03 04:00:00-04:00,186.01,186.87,185.53,185.53,0.0
2024-10-03 05:00:00-04:00,185.53,185.71,185.53,185.7,0.0
2024-10-03 06:00:00-04:00,185.7,186.48,185.51,186.4,0.0
2024-10-03 07:00:00-04:00,185.57,186.46,185.57,186.39,0.0
2024-10-03 08:00:00-04:00,186.39,186.75,185.2393,186.0,0.0
2024-10-03 09:00:00-04:00,186.0,186.75,185.86,186.56,0.0
2024-10-03 09:30:00-04:00,186.5,186.7100067138672,185.0,185.52999877929688,880778.0
2024-10-03 10:30:00-04:00,185.50999450683594,185.88999938964844,184.4199981689453,184.63999938964844,291902.0
2024-10-03 11:30:00-04:00,184.58999633789062,185.55020141601562,184.58999633789062,185.13999938964844,295479.0
2024-10-03 12:30:00-04:00,185.13999938964844,185.13999938964844,183.88999938964844,183.94000244140625,280114.0
2024-10-03 13:30:00-04:00,183.9499969482422,184.52000427246094,183.8800048828125,184.23500061035156,183919.0
2024-10-03 14:30:00-04:00,184.2100067138672,184.6199951171875,184.00999450683594,184.1300048828125,271527.0
2024-10-03 15:30:00-04:00,184.11000061035156,184.19000244140625,183.6999969482422,183.8300018310547,666566.0
2024-10-03 16:00:00-04:00,183.89,184.616,183.529,183.78,0.0
2024-10-03 17:00:00-04:00,183.96,183.98,183.78,183.92,0.0
2024-10-03 18:00:00-04:00,183.96,184.03,183.51,183.78,0.0
2024-10-03 19:00:00-04:00,183.94,184.03,183.78,184.0,0.0
2024-10-04 04:00:00-04:00,185.36,185.36,183.55,184.0,0.0
2024-10-04 05:00:00-04:00,184.34,185.0,184.34,185.0,0.0
2024-10-04 06:00:00-04:00,185.0,185.0,184.7,184.7,0.0
2024-10-04 07:00:00-04:00,184.95,185.0,184.3,184.99,0.0
2024-10-04 08:00:00-04:00,185.33,185.39,183.89,185.29,0.0
2024-10-04 09:00:00-04:00,185.29,185.95,184.52,185.55,0.0
2024-10-04 09:30:00-04:00,186.5800018310547,187.10000610351562,184.86000061035156,186.05999755859375,777066.0
2024-10-04 10:30:00-04:00,185.88999938964844,186.25860595703125,185.00010681152344,185.1699981689453,253127.0
2024-10-04 11:30:00-04:00,185.1999969482422,186.25,185.10000610351562,185.80999755859375,260708.0
2024-10-04 12:30:00-04:00,185.80999755859375,186.5399932861328,185.74000549316406,185.97000122070312,263088.0
2024-10-04 13:30:00-04:00,185.97000122070312,186.3699951171875,185.76499938964844,186.1999969482422,279020.0
2024-10-04 14:30:00-04:00,186.22900390625,186.88999938964844,186.0,186.72999572753906,448583.0
2024-10-04 15:30:00-04:00,186.72000122070312,187.16000366210938,186.60000610351562,187.00999450683594,893295.0
2024-10-04 16:00:00-04:00,187.08,187.19,186.01,186.5385,0.0
2024-10-04 17:00:00-04:00,186.56,187.08,186.5,186.74,0.0
2024-10-04 18:00:00-04:00,186.95,187.08,186.66,186.66,0.0
2024-10-04 19:00:00-04:00,186.68,186.98,186.66,186.78,0.0
2024-10-07 04:00:00-04:00,188.0,188.0,186.01,186.44,0.0
2024-10-07 05:00:00-04:00,186.47,186.49,186.05,186.06,0.0
2024-10-07 06:00:00-04:00,186.06,186.24,186.06,186.07,0.0
2024-10-07 07:00:00-04:00,186.06,186.34,185.89,186.29,0.0
2024-10-07 08:00:00-04:00,186.11,186.85,185.7274,186.5,0.0
2024-10-07 09:00:00-04:00,186.42,187.08,186.236,186.43,0.0
2024-10-07 09:30:00-04:00,185.94000244140625,187.0,184.8000030517578,186.24989318847656,606866.0
2024-10-07 10:30:00-04:00,186.00999450683594,187.22999572753906,185.69000244140625,186.9149932861328,256561.0
2024-10-07 11:30:00-04:00,186.92999267578125,187.06399536132812,186.11000061035156,187.0500030517578,193502.0
2024-10-07 12:30:00-04:00,187.02999877929688,187.0800018310547,186.42999267578125,186.52999877929688,136429.0
2024-10-07 13:30:00-04:00,186.47999572753906,186.5500030517578,185.8300018310547,186.00999450683594,133905.0
2024-10-07 14:30:00-04:00,185.96310424804688,185.96310424804688,185.05999755859375,185.3699951171875,323471.0
2024-10-07 15:30:00-04:00,185.4199981689453,186.26499938964844,185.17999267578125,186.0,325454.0
2024-10-07 16:00:00-04:00,185.96,188.2,184.59,186.02,0.0
2024-10-07 17:00:00-04:00,185.96,186.75,177.1356,186.75,0.0
2024-10-07 18:00:00-04:00,185.96,186.7205,185.05,185.9,0.0
2024-10-07 19:00:00-04:00,186.02,186.02,185.0,185.54,0.0
2024-10-08 04:00:00-04:00,185.75,185.88,185.12,185.88,0.0
2024-10-08 05:00:00-04:00,185.88,186.0,185.17,186.0,0.0
2024-10-08 06:00:00-04:00,186.0,186.2,185.6,186.2,0.0
2024-10-08 07:00:00-04:00,186.2,186.92,185.56,186.92,0.0
2024-10-08 08:00:00-04:00,186.92,187.0,185.76,186.52,0.0
2024-10-08 09:00:00-04:00,186.54,187.0,185.71,186.6,0.0
2024-10-08 09:30:00-04:00,187.6199951171875,188.39999389648438,186.7899932861328,187.88600158691406,616260.0
2024-10-08 10:30:00-04:00,187.8000030517578,188.39990234375,187.36500549316406,187.57000732421875,364595.0
2024-10-08 11:30:00-04:00,187.5800018310547,189.8800048828125,187.3800048828125,187.84500122070312,772121.0
2024-10-08 12:30:00-04:00,187.83999633789062,188.33999633789062,187.47219848632812,187.50999450683594,243968.0
2024-10-08 13:30:00-04:00,187.4600067138672,187.52999877929688,186.60000610351562,187.0399932861328,338293.0
2024-10-08 14:30:00-04:00,187.05499267578125,187.49000549316406,186.56100463867188,186.6199951171875,279298.0
2024-10-08 15:30:00-04:00,186.61000061035156,187.64999389648438,186.61000061035156,187.49000549316406,454318.0
2024-10-08 16:00:00-04:00,187.46,188.0,187.09,187.59,0.0
2024-10-08 17:00:00-04:00,187.47,187.63,187.0,187.11,0.0
2024-10-08 18:00:00-04:00,187.428,187.63,187.15,187.63,0.0
2024-10-08 19:00:00-04:00,187.63,187.63,187.11,187.4699,0.0
2024-10-09 04:00:00-04:00,187.3,187.47,187.3,187.4,0.0
2024-10-09 05:00:00-04:00,187.4,187.4,187.07,187.15,0.0
2024-10-09 06:00:00-04:00,187.16,187.47,187.16,187.47,0.0
2024-10-09 07:00:00-04:00,186.64,187.47,186.64,187.47,0.0
2024-10-09 08:00:00-04:00,187.46,189.4822,186.21,187.45,0.0
2024-10-09 09:00:00-04:00,187.45,188.28,186.39,186.72,0.0
2024-10-09 09:30:00-04:00,186.6300048828125,188.72999572753906,186.5,188.10000610351562,364908.0
2024-10-09 10:30:00-04:00,188.0399932861328,188.6999969482422,187.54150390625,188.57000732421875,208918.0
2024-10-09 11:30:00-04:00,188.51499938964844,189.1999969482422,188.41000366210938,188.9199981689453,222844.0
2024-10-09 12:30:00-04:00,188.9199981689453,189.25,188.52999877929688,189.10000610351562,203916.0
2024-10-09 13:30:00-04:00,189.0749969482422,189.17999267578125,188.3699951171875,188.72999572753906,163664.0
2024-10-09 14:30:00-04:00,188.6999969482422,189.00999450683594,188.5500030517578,188.86000061035156,242748.0
2024-10-09 15:30:00-04:00,188.8800048828125,189.4149932861328,188.77999877929688,189.22999572753906,372518.0
2024-10-09 16:00:00-04:00,189.24,189.28,187.525,189.23,0.0
2024-10-09 17:00:00-04:00,189.23,189.28,189.01,189.15,0.0
2024-10-09 18:00:00-04:00,189.21,189.834,189.21,189.25,0.0
2024-10-09 19:00:00-04:00,189.21,189.96,189.21,189.45,0.0
2024-10-10 04:00:00-04:00,189.0,189.23,188.26,188.39,0.0
2024-10-10 05:00:00-04:00,188.55,188.56,188.0,188.4,0.0
2024-10-10 06:00:00-04:00,188.4,188.64,188.14,188.64,0.0
2024-10-10 07:00:00-04:00,188.64,188.73,188.54,188.58,0.0
2024-10-10 08:00:00-04:00,188.88,189.75,188.2,188.7,0.0
2024-10-10 09:00:00-04:00,188.7,188.804,188.0,188.36,0.0
2024-10-10 09:30:00-04:00,188.14999389648438,188.6300048828125,187.39210510253906,188.14999389648438,307604.0
2024-10-10 10:30:00-04:00,188.16000366210938,189.07000732421875,187.8336944580078,189.07000732421875,194034.0
2024-10-10 11:30:00-04:00,189.0800018310547,189.75,188.97999572753906,189.5749969482422,176327.0
2024-10-10 12:30:00-04:00,189.5749969482422,189.5749969482422,188.27000427246094,188.61500549316406,199754.0
2024-10-10 13:30:00-04:00,188.6300048828125,188.67999267578125,187.77000427246094,188.57000732421875,227088.0
2024-10-10 14:30:00-04:00,188.5749969482422,188.60000610351562,187.86000061035156,187.99510192871094,281751.0
2024-10-10 15:30:00-04:00,187.99000549316406,188.42999267578125,187.80999755859375,188.1199951171875,435370.0
2024-10-10 16:00:00-04:00,188.12,189.4,186.95,188.39,0.0
2024-10-10 17:00:00-04:00,188.38,189.5,188.12,188.14,0.0
2024-10-10 18:00:00-04:00,188.12,188.87,188.12,188.12,0.0
2024-10-10 19:00:00-04:00,188.12,188.4905,188.12,188.2,0.0
2024-10-11 04:00:00-04:00,188.26,188.26,187.55,187.55,0.0
2024-10-11 05:00:00-04:00,187.55,187.96,187.55,187.91,0.0
2024-10-11 06:00:00-04:00,187.91,188.0,187.91,188.0,0.0
2024-10-11 07:00:00-04:00,188.0,188.16,188.0,188.0,0.0
2024-10-11 08:00:00-04:00,188.0,188.73,187.449,188.0,0.0
2024-10-11 09:00:00-04:00,188.0,188.6,187.67,188.6,0.0
2024-10-11 09:30:00-04:00,189.41000366210938,191.73980712890625,189.05999755859375,191.41000366210938,807583.0
2024-10-11 10:30:00-04:00,191.35000610351562,191.76499938964844,190.82000732421875,191.0034942626953,324410.0
2024-10-11 11:30:00-04:00,191.02000427246094,191.3300018310547,190.7899932861328,190.86990356445312,242780.0
2024-10-11 12:30:00-04:00,190.83999633789062,190.9199981689453,189.82000732421875,189.99000549316406,213297.0
2024-10-11 13:30:00-04:00,189.99000549316406,190.9600067138672,189.99000549316406,190.86500549316406,150762.0
2024-10-11 14:30:00-04:00,190.88999938964844,191.27000427246094,190.68499755859375,191.1649932861328,210512.0
2024-10-11 15:30:00-04:00,191.14999389648438,191.4199981689453,191.0399932861328,191.22000122070312,473808.0
2024-10-11 16:00:00-04:00,191.23,192.0,190.0,191.15,0.0
2024-10-11 17:00:00-04:00,191.09,191.16,190.75,191.16,0.0
2024-10-11 18:00:00-04:00,191.1497,191.16,191.05,191.14,0.0
2024-10-11 19:00:00-04:00,191.16,191.16,191.05,191.16,0.0
2024-10-14 04:00:00-04:00,191.01,191.2,191.0,191.2,0.0
2024-10-14 05:00:00-04:00,191.2,191.75,191.2,191.61,0.0
2024-10-14 06:00:00-04:00,191.61,191.98,191.5,191.8,0.0
2024-10-14 07:00:00-04:00,192.0,192.0,191.42,191.54,0.0
2024-10-14 08:00:00-04:00,191.57,192.0,191.01,191.56,0.0
2024-10-14 09:00:00-04:00,191.76,192.0,191.4,191.98,0.0
2024-10-14 09:30:00-04:00,191.97999572753906,193.92999267578125,191.66000366210938,192.52999877929688,691760.0
2024-10-14 10:30:00-04:00,192.54220581054688,193.27000427246094,192.25,192.63499450683594,384667.0
2024-10-14 11:30:00-04:00,192.6199951171875,193.38999938964844,192.6199951171875,192.97000122070312,190038.0
2024-10-14 12:30:00-04:00,192.99000549316406,193.27000427246094,192.77999877929688,193.19000244140625,133832.0
2024-10-14 13:30:00-04:00,193.1300048828125,193.27000427246094,192.7801055908203,193.1999969482422,141201.0
2024-10-14 14:30:00-04:00,193.1750030517578,193.47000122070312,192.9600067138672,192.9600067138672,190026.0
2024-10-14 15:30:00-04:00,192.97000122070312,193.0301971435547,192.44000244140625,192.66000366210938,453995.0
2024-10-14 16:00:00-04:00,192.73,193.26,192.44,192.99,0.0
2024-10-14 17:00:00-04:00,192.54,193.1,192.2,192.65,0.0
2024-10-14 18:00:00-04:00,192.65,192.65,192.2,192.65,0.0
2024-10-14 19:00:00-04:00,192.57,193.1,192.2,193.0,0.0
2024-10-15 04:00:00-04:00,192.98,192.98,192.38,192.38,0.0
2024-10-15 05:00:00-04:00,192.51,193.23,192.51,193.23,0.0
2024-10-15 06:00:00-04:00,193.49,193.77,193.24,193.49,0.0
2024-10-15 07:00:00-04:00,193.37,193.5,193.19,193.23,0.0
2024-10-15 08:00:00-04:00,193.23,195.0,191.16,193.39,0.0
2024-10-15 09:00:00-04:00,193.39,194.0,193.22,193.83,0.0
2024-10-15 09:30:00-04:00,193.85000610351562,194.3325958251953,190.5,190.8350067138672,800787.0
2024-10-15 10:30:00-04:00,190.8350067138672,191.39999389648438,189.76010131835938,190.2050018310547,571487.0
2024-10-15 11:30:00-04:00,190.2050018310547,191.25999450683594,190.02999877929688,191.16000366210938,338062.0
2024-10-15 12:30:00-04:00,191.16000366210938,191.65919494628906,191.11000061035156,191.51499938964844,226714.0
2024-10-15 13:30:00-04:00,191.49000549316406,191.80999755859375,191.00999450683594,191.1199951171875,237586.0
2024-10-15 14:30:00-04:00,191.1199951171875,191.4600067138672,190.6977996826172,190.81500244140625,273627.0
2024-10-15 15:30:00-04:00,190.8300018310547,190.92999267578125,190.39999389648438,190.58999633789062,519446.0
2024-10-15 16:00:00-04:00,190.65,192.4611,190.0,190.0,0.0
2024-10-15 17:00:00-04:00,190.0,190.57,189.5475,190.21,0.0
2024-10-15 18:00:00-04:00,190.21,190.5,190.08,190.101,0.0
2024-10-15 19:00:00-04:00,190.5,190.69,190.08,190.68,0.0
2024-10-16 04:00:00-04:00,190.56,191.01,189.73,189.73,0.0
2024-10-16 05:00:00-04:00,189.33,190.64,189.33,190.64,0.0
2024-10-16 06:00:00-04:00,190.64,190.67,190.19,190.6,0.0
2024-10-16 07:00:00-04:00,190.31,190.87,190.26,190.66,0.0
2024-10-16 08:00:00-04:00,190.66,191.34,189.2188,191.0,0.0
2024-10-16 09:00:00-04:00,191.0,193.95,190.6,190.61,0.0
2024-10-16 09:30:00-04:00,190.5,191.36500549316406,190.0,190.8300018310547,551936.0
2024-10-16 10:30:00-04:00,190.91000366210938,191.20140075683594,189.9199981689453,190.72000122070312,369620.0
2024-10-16 11:30:00-04:00,190.6699981689453,191.35000610351562,190.4199981689453,191.00999450683594,334206.0
2024-10-16 12:30:00-04:00,191.00999450683594,191.49000549316406,191.0,191.2209014892578,178310.0
2024-10-16 13:30:00-04:00,191.25,191.57000732421875,190.9199981689453,191.44749450683594,261785.0
2024-10-16 14:30:00-04:00,191.4739990234375,191.91000366210938,191.27999877929688,191.60000610351562,403162.0
2024-10-16 15:30:00-04:00,191.60000610351562,192.22000122070312,191.3800048828125,192.1300048828125,437938.0
2024-10-16 16:00:00-04:00,192.13,192.24,190.07,192.18,0.0
2024-10-16 17:00:00-04:00,192.11,192.25,192.1,192.25,0.0
2024-10-16 18:00:00-04:00,192.24,192.24,190.07,190.07,0.0
2024-10-16 19:00:00-04:00,192.09,192.2,190.07,192.2,0.0
2024-10-17 04:00:00-04:00,192.0,192.03,192.0,192.0,0.0
2024-10-17 05:00:00-04:00,192.03,192.18,192.0,192.0,0.0
2024-10-17 06:00:00-04:00,191.54,192.11,191.54,191.72,0.0
2024-10-17 07:00:00-04:00,191.72,192.63,191.7,192.63,0.0
2024-10-17 08:00:00-04:00,192.63,193.0,191.53,193.0,0.0
2024-10-17 09:00:00-04:00,192.99,193.5,192.8,192.84,0.0
2024-10-17 09:30:00-04:00,194.08999633789062,194.8000030517578,193.22000122070312,193.7100067138672,558830.0
2024-10-17 10:30:00-04:00,193.65499877929688,193.82000732421875,192.80999755859375,192.97999572753906,263094.0
2024-10-17 11:30:00-04:00,192.9949951171875,193.26400756835938,192.60000610351562,192.6750030517578,204741.0
2024-10-17 12:30:00-04:00,192.63999938964844,193.08999633789062,192.5,192.5449981689453,245812.0
2024-10-17 13:30:00-04:00,192.5449981689453,192.83999633789062,192.32749938964844,192.64999389648438,255508.0
2024-10-17 14:30:00-04:00,192.64500427246094,192.80499267578125,192.4600067138672,192.47999572753906,234999.0
2024-10-17 15:30:00-04:00,192.48500061035156,192.7899932861328,192.1999969482422,192.6199951171875,393254.0
2024-10-17 16:00:00-04:00,192.59,194.006,192.57,192.63,0.0
2024-10-17 17:00:00-04:00,192.63,192.92,192.3,192.92,0.0
2024-10-17 18:00:00-04:00,192.9,192.92,192.38,192.88,0.0
2024-10-17 19:00:00-04:00,192.67,192.92,192.5,192.91,0.0
2024-10-18 04:00:00-04:00,192.62,192.66,192.32,192.66,0.0
2024-10-18 05:00:00-04:00,192.66,193.27,192.66,192.89,0.0
2024-10-18 06:00:00-04:00,193.25,193.5,193.03,193.22,0.0
2024-10-18 07:00:00-04:00,193.52,193.52,193.02,193.02,0.0
2024-10-18 08:00:00-04:00,193.35,193.77,192.4,193.45,0.0
2024-10-18 09:00:00-04:00,193.45,194.455,193.12,193.24,0.0
2024-10-18 09:30:00-04:00,193.10000610351562,193.44000244140625,191.13999938964844,191.77999877929688,855978.0
2024-10-18 10:30:00-04:00,191.8000030517578,192.61000061035156,191.8000030517578,192.61000061035156,263815.0
2024-10-18 11:30:00-04:00,192.55999755859375,192.67999267578125,192.14999389648438,192.60000610351562,187225.0
2024-10-18 12:30:00-04:00,192.5800018310547,192.95970153808594,192.27999877929688,192.29249572753906,247245.0
2024-10-18 13:30:00-04:00,192.2899932861328,192.98500061035156,192.0500030517578,192.72000122070312,203998.0
2024-10-18 14:30:00-04:00,192.73899841308594,192.8800048828125,192.2899932861328,192.85000610351562,311004.0
2024-10-18 15:30:00-04:00,192.85000610351562,193.16000366210938,192.4499969482422,192.5800018310547,440113.0
2024-10-18 16:00:00-04:00,192.56,193.49,192.45592,192.86,0.0
2024-10-18 17:00:00-04:00,192.86,192.95,192.65,192.7,0.0
2024-10-18 18:00:00-04:00,192.7484,192.85,192.62,192.82,0.0
2024-10-18 19:00:00-04:00,192.81,192.82,192.62,192.62,0.0
2024-10-21 04:00:00-04:00,193.5,193.91,193.04,193.19,0.0
2024-10-21 05:00:00-04:00,193.19,193.77,193.19,193.77,0.0
2024-10-21 06:00:00-04:00,193.7,193.82,193.43,193.81,0.0
2024-10-21 07:00:00-04:00,193.81,193.82,192.9,192.9,0.0
2024-10-21 08:00:00-04:00,192.98,195.75,192.5,192.89,0.0
2024-10-21 09:00:00-04:00,192.89,193.3,192.65,193.0881,0.0
2024-10-21 09:30:00-04:00,192.91000366210938,194.3800048828125,192.5,193.51499938964844,1001303.0
2024-10-21 10:30:00-04:00,193.47999572753906,193.64999389648438,192.02000427246094,192.4199981689453,516342.0
2024-10-21 11:30:00-04:00,192.3800048828125,192.83999633789062,192.25999450683594,192.44000244140625,333753.0
2024-10-21 12:30:00-04:00,192.44500732421875,193.139892578125,192.37100219726562,193.05999755859375,225678.0
2024-10-21 13:30:00-04:00,193.08999633789062,193.67999267578125,192.8699951171875,193.0,517620.0
2024-10-21 14:30:00-04:00,193.0,193.25,192.60000610351562,193.13999938964844,618668.0
2024-10-21 15:30:00-04:00,193.16000366210938,194.38999938964844,192.8000030517578,194.27000427246094,818736.0
2024-10-21 16:00:00-04:00,194.54,195.0717,193.3,194.7689,0.0
2024-10-21 17:00:00-04:00,194.67,194.99,194.23,194.99,0.0
2024-10-21 18:00:00-04:00,194.99,195.35,194.85,195.06,0.0
2024-10-21 19:00:00-04:00,195.02,196.4,194.9,195.8,0.0
2024-10-22 04:00:00-04:00,195.01,196.11,195.0,195.0,0.0
2024-10-22 05:00:00-04:00,195.25,196.12,195.0,195.0,0.0
2024-10-22 06:00:00-04:00,195.0,196.79,190.01,190.41,0.0
2024-10-22 07:00:00-04:00,190.52,192.0,183.33,185.05,0.0
2024-10-22 08:00:00-04:00,185.21,197.73,183.15,184.5,0.0
2024-10-22 09:00:00-04:00,184.5,184.71,182.01,184.7,0.0
2024-10-22 09:30:00-04:00,184.5,185.0,176.85009765625,176.85009765625,5501961.0
2024-10-22 10:30:00-04:00,176.89999389648438,179.4058074951172,175.75,178.67999267578125,2964155.0
2024-10-22 11:30:00-04:00,178.6300048828125,179.99000549316406,178.13999938964844,179.52999877929688,1584985.0
2024-10-22 12:30:00-04:00,179.52499389648438,179.52999877929688,177.0,177.64999389648438,950008.0
2024-10-22 13:30:00-04:00,177.6699981689453,177.8699951171875,177.02000427246094,177.06500244140625,759579.0
2024-10-22 14:30:00-04:00,177.04800415039062,178.13999938964844,176.50999450683594,178.1300048828125,1285234.0
2024-10-22 15:30:00-04:00,178.10000610351562,178.2490997314453,176.52000427246094,176.64999389648438,1379080.0
2024-10-22 16:00:00-04:00,176.66,177.26,176.59,177.0,0.0
2024-10-22 17:00:00-04:00,177.01,177.15,176.66,177.1,0.0
2024-10-22 18:00:00-04:00,177.1,177.5,176.99,177.35,0.0
2024-10-22 19:00:00-04:00,177.4,177.5,177.0,177.39,0.0
2024-10-23 04:00:00-04:00,177.5,178.2,177.2,177.55,0.0
2024-10-23 05:00:00-04:00,177.83,177.9,176.94,177.06,0.0
2024-10-23 06:00:00-04:00,177.05,177.41,176.41,176.5,0.0
2024-10-23 07:00:00-04:00,176.5,177.24,176.5,176.9,0.0
2024-10-23 08:00:00-04:00,176.94,179.0,176.5,177.2,0.0
2024-10-23 09:00:00-04:00,177.0,177.23,176.7,177.21,0.0
2024-10-23 09:30:00-04:00,179.6999969482422,182.6199951171875,179.61500549316406,182.6199951171875,2402663.0
2024-10-23 10:30:00-04:00,182.5800018310547,184.97999572753906,182.0500030517578,183.8000030517578,1691026.0
2024-10-23 11:30:00-04:00,183.80999755859375,183.80999755859375,180.9499969482422,181.1300048828125,829559.0
2024-10-23 12:30:00-04:00,181.08999633789062,182.4499969482422,180.7100067138672,180.9929962158203,602647.0
2024-10-23 13:30:00-04:00,181.00999450683594,181.58999633789062,180.4600067138672,180.75,840293.0
2024-10-23 14:30:00-04:00,180.75,181.7100067138672,180.5399932861328,181.5399932861328,683168.0
2024-10-23 15:30:00-04:00,181.57000732421875,182.27999877929688,181.4199981689453,181.75999450683594,1132980.0
2024-10-23 16:00:00-04:00,181.69,182.29,181.51,181.81,0.0
2024-10-23 17:00:00-04:00,181.8,181.9,181.5,181.85,0.0
2024-10-23 18:00:00-04:00,181.9,181.9,181.67,181.76,0.0
2024-10-23 19:00:00-04:00,181.8,181.99,181.68,181.81,0.0
2024-10-24 04:00:00-04:00,182.58,182.62,181.27,181.94,0.0
2024-10-24 05:00:00-04:00,181.91,182.87,181.91,182.54,0.0
2024-10-24 06:00:00-04:00,182.15,182.82,181.9,181.9,0.0
2024-10-24 07:00:00-04:00,181.81,181.88,180.49,181.69,0.0
2024-10-24 08:00:00-04:00,181.72,182.55,180.9345,182.28,0.0
2024-10-24 09:00:00-04:00,182.3,182.52,182.02,182.4,0.0
2024-10-24 09:30:00-04:00,181.89999389648438,182.13999938964844,180.27000427246094,181.375,767449.0
2024-10-24 10:30:00-04:00,181.42999267578125,182.2100067138672,180.7949981689453,181.08749389648438,414849.0
2024-10-24 11:30:00-04:00,181.07000732421875,181.10499572753906,179.8300018310547,180.13999938964844,342985.0
2024-10-24 12:30:00-04:00,180.2100067138672,180.89999389648438,179.96499633789062,180.67999267578125,283497.0
2024-10-24 13:30:00-04:00,180.63999938964844,180.7949981689453,179.66000366210938,180.10499572753906,300388.0
2024-10-24 14:30:00-04:00,180.1199951171875,180.36000061035156,179.7949981689453,180.0050048828125,512181.0
2024-10-24 15:30:00-04:00,180.00999450683594,180.36000061035156,179.6300048828125,179.6699981689453,746938.0
2024-10-24 16:00:00-04:00,179.66,180.55,179.5,179.74,0.0
2024-10-24 17:00:00-04:00,179.87,179.87,179.66,179.79,0.0
2024-10-24 18:00:00-04:00,179.79,179.8,179.66,179.79,0.0
2024-10-24 19:00:00-04:00,179.75,179.89,179.7,179.7,0.0
2024-10-25 04:00:00-04:00,179.75,180.0,179.74,179.75,0.0
2024-10-25 05:00:00-04:00,179.25,180.24,179.25,179.54,0.0
2024-10-25 06:00:00-04:00,179.54,180.24,179.54,179.85,0.0
2024-10-25 07:00:00-04:00,179.85,180.44,179.85,180.2,0.0
2024-10-25 08:00:00-04:00,180.1,181.0,179.62,180.0,0.0
2024-10-25 09:00:00-04:00,180.0,180.66,180.0,180.5,0.0
2024-10-25 09:30:00-04:00,180.0,181.4199981689453,179.1300048828125,180.6199951171875,746038.0
2024-10-25 10:30:00-04:00,180.6300048828125,180.76499938964844,179.60000610351562,179.8000030517578,360250.0
2024-10-25 11:30:00-04:00,179.75999450683594,179.75999450683594,178.72999572753906,179.3000030517578,348252.0
2024-10-25 12:30:00-04:00,179.3000030517578,179.72000122070312,178.3341064453125,178.875,228237.0
2024-10-25 13:30:00-04:00,178.8699951171875,179.0,178.3000030517578,178.66000366210938,259474.0
2024-10-25 14:30:00-04:00,178.6300048828125,179.2899932861328,178.5850067138672,179.0050048828125,311136.0
2024-10-25 15:30:00-04:00,179.0,179.24000549316406,178.72999572753906,179.1300048828125,553248.0
2024-10-25 16:00:00-04:00,179.1,179.98,178.4,179.0,0.0
2024-10-25 17:00:00-04:00,179.0,179.1,178.9101,178.93,0.0
2024-10-25 18:00:00-04:00,178.93,179.0,178.91,178.99,0.0
2024-10-25 19:00:00-04:00,178.9112,179.02,178.6673,178.6673,0.0
2024-10-28 04:00:00-04:00,180.01,180.01,179.1,179.7,0.0
2024-10-28 05:00:00-04:00,179.7,179.96,179.31,179.58,0.0
2024-10-28 06:00:00-04:00,179.58,179.74,179.44,179.64,0.0
2024-10-28 07:00:00-04:00,179.49,179.94,179.43,179.85,0.0
2024-10-28 08:00:00-04:00,179.7,180.0,179.1,179.75,0.0
2024-10-28 09:00:00-04:00,179.5,179.97,179.1,179.7,0.0
2024-10-28 09:30:00-04:00,179.97999572753906,180.5800018310547,175.3000030517578,176.61000061035156,1306609.0
2024-10-28 10:30:00-04:00,176.61000061035156,176.7100067138672,175.52999877929688,176.25999450683594,665944.0
2024-10-28 11:30:00-04:00,176.27999877929688,176.57000732421875,175.75,176.4600067138672,516712.0
2024-10-28 12:30:00-04:00,176.4550018310547,177.0699005126953,176.0800018310547,176.6999969482422,403330.0
2024-10-28 13:30:00-04:00,176.72999572753906,176.89990234375,176.36000061035156,176.660400390625,419552.0
2024-10-28 14:30:00-04:00,176.6699981689453,176.74710083007812,176.02499389648438,176.17999267578125,468556.0
2024-10-28 15:30:00-04:00,176.19000244140625,176.35000610351562,175.2100067138672,175.30999755859375,977477.0
2024-10-28 16:00:00-04:00,175.36,176.75,175.35,175.39,0.0
2024-10-28 17:00:00-04:00,175.4,175.44,175.3,175.34,0.0
2024-10-28 18:00:00-04:00,175.45,175.55,175.25,175.35,0.0
2024-10-28 19:00:00-04:00,175.45,175.55,175.35,175.55,0.0
2024-10-29 04:00:00-04:00,175.36,176.33,175.36,175.78,0.0
2024-10-29 05:00:00-04:00,175.75,176.05,175.43,175.79,0.0
2024-10-29 06:00:00-04:00,175.8,175.8,175.49,175.63,0.0
2024-10-29 07:00:00-04:00,175.45,175.65,175.3,175.4,0.0
2024-10-29 08:00:00-04:00,175.43,175.8,174.82,175.17,0.0
2024-10-29 09:00:00-04:00,174.93,175.36,174.5056,174.71,0.0
2024-10-29 09:30:00-04:00,174.55999755859375,174.89999389648438,172.77000427246094,173.93499755859375,988657.0
2024-10-29 10:30:00-04:00,173.97000122070312,174.27000427246094,173.52999877929688,173.83999633789062,717656.0
2024-10-29 11:30:00-04:00,173.85000610351562,174.49000549316406,173.5500030517578,173.9199981689453,497197.0
2024-10-29 12:30:00-04:00,173.94000244140625,174.7899932861328,173.74000549316406,174.38470458984375,370880.0
2024-10-29 13:30:00-04:00,174.40499877929688,174.52000427246094,174.05999755859375,174.1999969482422,282960.0
2024-10-29 14:30:00-04:00,174.1999969482422,174.57000732421875,174.0399932861328,174.32000732421875,417056.0
2024-10-29 15:30:00-04:00,174.30999755859375,174.3800048828125,173.86000061035156,174.14999389648438,675125.0
2024-10-29 16:00:00-04:00,174.1,174.9,173.89,174.35,0.0
2024-10-29 17:00:00-04:00,174.05,174.74,174.05,174.1,0.0
2024-10-29 18:00:00-04:00,174.5,174.5,173.78,174.49,0.0
2024-10-29 19:00:00-04:00,174.24,174.49,173.65,174.09,0.0
2024-10-30 04:00:00-04:00,174.98,176.0,174.66,175.59,0.0
2024-10-30 05:00:00-04:00,175.54,175.54,174.51,174.6,0.0
2024-10-30 06:00:00-04:00,174.6,174.99,174.6,174.99,0.0
2024-10-30 07:00:00-04:00,174.6,174.6,173.75,173.82,0.0
2024-10-30 08:00:00-04:00,174.0,176.41,173.5,173.85,0.0
2024-10-30 09:00:00-04:00,173.6,188.12,173.5,173.6001,0.0
2024-10-30 09:30:00-04:00,172.97999572753906,175.02000427246094,172.5050048828125,174.39999389648438,578200.0
2024-10-30 10:30:00-04:00,174.4199981689453,176.17990112304688,173.98089599609375,176.14999389648438,418325.0
2024-10-30 11:30:00-04:00,176.13999938964844,176.52999877929688,175.74000549316406,175.77560424804688,334417.0
2024-10-30 12:30:00-04:00,175.72999572753906,175.77000427246094,174.93319702148438,174.9499969482422,269772.0
2024-10-30 13:30:00-04:00,174.92999267578125,175.36000061035156,174.6699981689453,175.0399932861328,323170.0
2024-10-30 14:30:00-04:00,175.0,175.05999755859375,174.72999572753906,174.89999389648438,385073.0
2024-10-30 15:30:00-04:00,174.89500427246094,174.97999572753906,174.44000244140625,174.77999877929688,518742.0
2024-10-30 16:00:00-04:00,174.72,175.0221,174.0,174.65,0.0
2024-10-30 17:00:00-04:00,174.6,174.79,174.5,174.61,0.0
2024-10-30 18:00:00-04:00,174.75,175.0,174.5,174.7,0.0
2024-10-30 19:00:00-04:00,174.61,174.93,174.5,174.93,0.0
2024-10-31 04:00:00-04:00,174.91,174.91,174.2,174.25,0.0
2024-10-31 05:00:00-04:00,174.07,174.6,174.07,174.58,0.0
2024-10-31 06:00:00-04:00,174.58,174.74,174.32,174.45,0.0
2024-10-31 07:00:00-04:00,174.46,174.64,174.28,174.48,0.0
2024-10-31 08:00:00-04:00,174.53,175.0,174.07,174.7,0.0
2024-10-31 09:00:00-04:00,174.2,174.7,173.94,173.95,0.0
2024-10-31 09:30:00-04:00,172.0,173.6199951171875,170.5081024169922,170.72000122070312,1207168.0
2024-10-31 10:30:00-04:00,170.72000122070312,171.3800048828125,170.42999267578125,171.10000610351562,488018.0
2024-10-31 11:30:00-04:00,171.10000610351562,171.60000610351562,170.86000061035156,171.52999877929688,555014.0
2024-10-31 12:30:00-04:00,171.5399932861328,172.05999755859375,171.4199981689453,171.6199951171875,360751.0
2024-10-31 13:30:00-04:00,171.61000061035156,171.7899932861328,171.25999450683594,171.5050048828125,283401.0
2024-10-31 14:30:00-04:00,171.52999877929688,172.3699951171875,171.5,172.0500030517578,494931.0
2024-10-31 15:30:00-04:00,172.05999755859375,172.77999877929688,171.6999969482422,171.77999877929688,555928.0
2024-10-31 16:00:00-04:00,171.78,172.816,170.5,171.5,0.0
2024-10-31 17:00:00-04:00,171.85,172.0,171.35,171.77,0.0
2024-10-31 18:00:00-04:00,171.77,171.8,171.4,171.78,0.0
2024-10-31 19:00:00-04:00,171.78,172.0,171.66,172.0,0.0
2024-11-01 04:00:00-04:00,172.22,172.22,171.63,171.63,0.0
2024-11-01 05:00:00-04:00,171.98,172.79,171.83,172.64,0.0
2024-11-01 06:00:00-04:00,172.64,172.7,171.83,171.83,0.0
2024-11-01 07:00:00-04:00,171.88,172.65,171.82,172.5,0.0
2024-11-01 08:00:00-04:00,172.5,172.7,171.5,172.7,0.0
2024-11-01 09:00:00-04:00,172.7,173.59,172.53,172.92,0.0
2024-11-01 09:30:00-04:00,172.75999450683594,175.27000427246094,172.47999572753906,175.11000061035156,752454.0
2024-11-01 10:30:00-04:00,175.11000061035156,175.14500427246094,173.94000244140625,174.17999267578125,520281.0
2024-11-01 11:30:00-04:00,174.1699981689453,174.1999969482422,172.9499969482422,173.09359741210938,323642.0
2024-11-01 12:30:00-04:00,173.19000244140625,173.4199981689453,172.58999633789062,173.24249267578125,289832.0
2024-11-01 13:30:00-04:00,173.19500732421875,173.25,172.24000549316406,172.49009704589844,305646.0
2024-11-01 14:30:00-04:00,172.57000732421875,172.85000610351562,172.25,172.31210327148438,404812.0
2024-11-01 15:30:00-04:00,172.3000030517578,172.3699951171875,171.5850067138672,171.6999969482422,583556.0
2024-11-01 16:00:00-04:00,171.71,172.55,170.92,172.16,0.0
2024-11-01 17:00:00-04:00,171.8,172.16,171.5,171.5776,0.0
2024-11-01 18:00:00-04:00,171.76,172.16,171.5,171.63,0.0
2024-11-01 19:00:00-04:00,172.1462,172.1462,171.5,171.5607,0.0
2024-11-04 04:00:00-05:00,174.51,174.51,171.23,171.97,0.0
2024-11-04 05:00:00-05:00,171.88,172.6,171.66,172.6,0.0
2024-11-04 06:00:00-05:00,172.77,172.79,171.87,172.06,0.0
2024-11-04 07:00:00-05:00,172.06,172.76,172.0,172.2,0.0
2024-11-04 08:00:00-05:00,172.05,174.24,171.7,171.72,0.0
2024-11-04 09:00:00-05:00,171.9,172.885,171.72,172.33,0.0
2024-11-04 09:30:00-05:00,172.3000030517578,174.67999267578125,171.89999389648438,173.8249969482422,651447.0
2024-11-04 10:30:00-05:00,173.83999633789062,173.83999633789062,172.49000549316406,172.57000732421875,461459.0
2024-11-04 11:30:00-05:00,172.52999877929688,172.6699981689453,171.64500427246094,172.4499969482422,650957.0
2024-11-04 12:30:00-05:00,172.4499969482422,173.22000122070312,172.36000061035156,172.8000030517578,350621.0
2024-11-04 13:30:00-05:00,172.75,172.91000366210938,172.02999877929688,172.09500122070312,466374.0
2024-11-04 14:30:00-05:00,172.09500122070312,172.3800048828125,171.92999267578125,172.19500732421875,475111.0
2024-11-04 15:30:00-05:00,172.1699981689453,172.19000244140625,171.4499969482422,171.8300018310547,609994.0
2024-11-04 16:00:00-05:00,171.83,173.42,171.5,172.41,0.0
2024-11-04 17:00:00-05:00,172.0,177.1356,171.76,172.5,0.0
2024-11-04 18:00:00-05:00,172.27,172.8,171.75,171.76,0.0
2024-11-05 04:00:00-05:00,172.83,172.83,171.96,172.76,0.0
2024-11-05 05:00:00-05:00,172.76,172.76,171.8,171.99,0.0
2024-11-05 06:00:00-05:00,171.77,171.99,171.61,171.61,0.0
2024-11-05 07:00:00-05:00,171.61,171.92,171.6,171.86,0.0
2024-11-05 08:00:00-05:00,171.86,173.41,171.61,172.32,0.0
2024-11-05 09:00:00-05:00,172.57,172.69,172.0,172.34,0.0
2024-11-05 09:30:00-05:00,172.36000061035156,173.63999938964844,171.77000427246094,173.63999938964844,474848.0
2024-11-05 10:30:00-05:00,173.61000061035156,174.42990112304688,173.3000030517578,173.5,375061.0
2024-11-05 11:30:00-05:00,173.49000549316406,173.75,173.34849548339844,173.49000549316406,312789.0
2024-11-05 12:30:00-05:00,173.49000549316406,174.26499938964844,173.42999267578125,174.02000427246094,240909.0
2024-11-05 13:30:00-05:00,174.01499938964844,174.52000427246094,173.86000061035156,174.33619689941406,288493.0
2024-11-05 14:30:00-05:00,174.35350036621094,174.4199981689453,173.822998046875,174.27999877929688,274711.0
2024-11-05 15:30:00-05:00,174.2899932861328,175.47000122070312,174.25,175.27999877929688,642301.0
2024-11-05 16:00:00-05:00,175.23,175.74,174.39,175.29,0.0
2024-11-05 17:00:00-05:00,175.2801,175.46,175.28,175.3,0.0
2024-11-05 18:00:00-05:00,175.31,175.6,175.28,175.59,0.0
2024-11-06 04:00:00-05:00,176.87,179.14,176.87,178.82,0.0
2024-11-06 05:00:00-05:00,179.14,179.59,178.19,179.15,0.0
2024-11-06 06:00:00-05:00,179.23,180.81,179.23,180.6,0.0
2024-11-06 07:00:00-05:00,180.82,181.5,180.55,180.8,0.0
2024-11-06 08:00:00-05:00,180.92,181.4344,176.62,180.8985,0.0
2024-11-06 09:00:00-05:00,180.8,180.95,180.0,180.35,0.0
2024-11-06 09:30:00-05:00,181.5,182.05999755859375,178.5,181.35499572753906,1664649.0
2024-11-06 10:30:00-05:00,181.3000030517578,181.66000366210938,179.94000244140625,180.8000030517578,686294.0
2024-11-06 11:30:00-05:00,180.8350067138672,181.6999969482422,180.49000549316406,181.3699951171875,599810.0
2024-11-06 12:30:00-05:00,181.3300018310547,181.4398956298828,180.6300048828125,180.92999267578125,377207.0
2024-11-06 13:30:00-05:00,180.9600067138672,181.14999389648438,180.42999267578125,180.82000732421875,456482.0
2024-11-06 14:30:00-05:00,180.77000427246094,181.0,180.25999450683594,180.57000732421875,411928.0
2024-11-06 15:30:00-05:00,180.60000610351562,181.30499267578125,180.49000549316406,180.64999389648438,748294.0
2024-11-06 16:00:00-05:00,180.66,181.83,180.0,180.7,0.0
2024-11-06 17:00:00-05:00,180.76,180.9,172.645,180.69,0.0
2024-11-06 18:00:00-05:00,180.69,181.09,180.0,180.75,0.0
2024-11-07 04:00:00-05:00,181.5,182.0,181.24,181.45,0.0
2024-11-07 05:00:00-05:00,181.84,181.99,181.52,181.79,0.0
2024-11-07 06:00:00-05:00,181.99,182.0,181.51,181.79,0.0
2024-11-07 07:00:00-05:00,181.79,181.8,181.27,181.48,0.0
2024-11-07 08:00:00-05:00,181.5,182.5,180.57,182.1,0.0
2024-11-07 09:00:00-05:00,182.0,182.16,181.26,181.48,0.0
2024-11-07 09:30:00-05:00,181.02000427246094,181.02000427246094,177.86000061035156,179.0749969482422,935082.0
2024-11-07 10:30:00-05:00,179.0749969482422,179.89999389648438,178.60000610351562,178.6999053955078,507720.0
2024-11-07 11:30:00-05:00,178.6999969482422,178.82000732421875,177.5,177.83999633789062,581234.0
2024-11-07 12:30:00-05:00,177.85000610351562,178.27000427246094,177.5,177.68699645996094,458994.0
2024-11-07 13:30:00-05:00,177.6999969482422,177.6999969482422,176.77000427246094,177.47000122070312,368565.0
2024-11-07 14:30:00-05:00,177.48609924316406,178.42999267578125,177.13999938964844,178.375,469809.0
2024-11-07 15:30:00-05:00,178.39999389648438,179.13999938964844,178.07000732421875,178.8699951171875,864972.0
2024-11-07 16:00:00-05:00,178.85,181.86,171.76,178.5,0.0
2024-11-07 17:00:00-05:00,179.1,179.1,178.5,178.8,0.0
2024-11-07 18:00:00-05:00,178.5,179.1,178.5,178.83,0.0
2024-11-08 04:00:00-05:00,179.49,179.66,178.86,179.33,0.0
2024-11-08 05:00:00-05:00,178.86,179.27,178.73,178.86,0.0
2024-11-08 06:00:00-05:00,178.92,178.93,178.31,178.31,0.0
2024-11-08 07:00:00-05:00,178.31,178.46,178.31,178.36,0.0
2024-11-08 08:00:00-05:00,178.4,179.49,178.0,178.5,0.0
2024-11-08 09:00:00-05:00,178.35,179.99,178.35,178.85,0.0
2024-11-08 09:30:00-05:00,179.64999389648438,182.5572052001953,179.4499969482422,182.35000610351562,732015.0
2024-11-08 10:30:00-05:00,182.4250030517578,183.8800048828125,182.1199951171875,183.46499633789062,638978.0
2024-11-08 11:30:00-05:00,183.49000549316406,184.19000244140625,182.88999938964844,183.97500610351562,414900.0
2024-11-08 12:30:00-05:00,183.97500610351562,185.0,183.97500610351562,184.97000122070312,381341.0
2024-11-08 13:30:00-05:00,184.92999267578125,186.4199981689453,184.88999938964844,186.20680236816406,649904.0
2024-11-08 14:30:00-05:00,186.2449951171875,186.27000427246094,184.65499877929688,184.69000244140625,431549.0
2024-11-08 15:30:00-05:00,184.6999969482422,185.10000610351562,184.35000610351562,184.88999938964844,604375.0
2024-11-08 16:00:00-05:00,184.81,189.66,184.5,184.9999,0.0
2024-11-08 17:00:00-05:00,184.99,185.2,184.81,185.0,0.0
2024-11-08 18:00:00-05:00,185.0,185.2,184.81,184.83,0.0
2024-11-11 04:00:00-05:00,186.74,186.74,185.25,186.25,0.0
2024-11-11 05:00:00-05:00,186.35,186.36,186.11,186.36,0.0
2024-11-11 06:00:00-05:00,186.36,186.5,186.14,186.15,0.0
2024-11-11 07:00:00-05:00,186.4,186.43,186.09,186.36,0.0
2024-11-11 08:00:00-05:00,186.41,186.9,185.2974,186.75,0.0
2024-11-11 09:00:00-05:00,186.79,186.9,186.5,186.5,0.0
2024-11-11 09:30:00-05:00,186.6300048828125,187.47000122070312,184.0500030517578,184.6699981689453,634086.0
2024-11-11 10:30:00-05:00,184.63999938964844,184.82000732421875,183.8300018310547,184.0,382539.0
2024-11-11 11:30:00-05:00,184.0050048828125,184.83999633789062,183.6999969482422,184.60000610351562,357600.0
2024-11-11 12:30:00-05:00,184.6699981689453,184.7899932861328,183.89999389648438,184.24000549316406,221609.0
2024-11-11 13:30:00-05:00,184.23500061035156,184.55270385742188,183.8300018310547,184.05999755859375,228735.0
2024-11-11 14:30:00-05:00,184.05999755859375,184.9499969482422,184.02000427246094,184.5500030517578,362631.0
2024-11-11 15:30:00-05:00,184.52999877929688,184.6999969482422,184.08999633789062,184.6199951171875,580050.0
2024-11-11 16:00:00-05:00,184.56,185.0,184.03,184.55,0.0
2024-11-11 17:00:00-05:00,184.03,185.0,184.03,184.61,0.0
2024-11-11 18:00:00-05:00,184.61,185.0,184.03,184.78,0.0
2024-11-12 04:00:00-05:00,184.7,184.7,183.87,184.0,0.0
2024-11-12 05:00:00-05:00,183.95,184.35,183.84,183.85,0.0
2024-11-12 06:00:00-05:00,183.85,184.79,183.49,184.08,0.0
2024-11-12 07:00:00-05:00,184.08,184.45,184.08,184.44,0.0
2024-11-12 08:00:00-05:00,184.35,184.85,183.31,184.11,0.0
2024-11-12 09:00:00-05:00,184.13,184.95,184.07,184.8,0.0
2024-11-12 09:30:00-05:00,185.07000732421875,185.6999969482422,182.7100067138672,182.81500244140625,462702.0
2024-11-12 10:30:00-05:00,182.77999877929688,182.7899932861328,181.19000244140625,181.61000061035156,360377.0
2024-11-12 11:30:00-05:00,181.57000732421875,181.6300048828125,180.58999633789062,181.00950622558594,253350.0
2024-11-12 12:30:00-05:00,181.02000427246094,181.60000610351562,180.8699951171875,181.5500030517578,194536.0
2024-11-12 13:30:00-05:00,181.55990600585938,182.47000122070312,181.47999572753906,182.44500732421875,277473.0
2024-11-12 14:30:00-05:00,182.44500732421875,182.72000122070312,182.17010498046875,182.2100067138672,272253.0
2024-11-12 15:30:00-05:00,182.2100067138672,182.74000549316406,182.2100067138672,182.67999267578125,409890.0
2024-11-12 16:00:00-05:00,182.64,192.4611,182.4,182.76,0.0
2024-11-12 17:00:00-05:00,182.53,183.0,182.53,182.77,0.0
2024-11-12 18:00:00-05:00,182.77,183.0,182.53,182.96,0.0
2024-11-13 04:00:00-05:00,182.49,183.15,182.49,182.97,0.0
2024-11-13 05:00:00-05:00,182.99,182.99,182.6,182.93,0.0
2024-11-13 06:00:00-05:00,182.93,182.93,182.51,182.51,0.0
2024-11-13 07:00:00-05:00,182.51,182.95,182.51,182.77,0.0
2024-11-13 08:00:00-05:00,182.75,183.0,182.07,182.64,0.0
2024-11-13 09:00:00-05:00,182.76,183.69,181.8,182.3163,0.0
2024-11-13 09:30:00-05:00,182.9499969482422,185.72999572753906,182.75999450683594,185.57000732421875,591533.0
2024-11-13 10:30:00-05:00,185.57000732421875,186.3000030517578,185.1009979248047,185.52499389648438,463567.0
2024-11-13 11:30:00-05:00,185.56150817871094,185.6999969482422,184.6356658935547,184.7899932861328,311338.0
2024-11-13 12:30:00-05:00,184.75,185.125,184.44000244140625,184.8300018310547,290852.0
2024-11-13 13:30:00-05:00,184.85000610351562,184.92210388183594,183.82000732421875,183.88499450683594,364471.0
2024-11-13 14:30:00-05:00,183.91000366210938,184.3800048828125,183.4801025390625,183.94000244140625,321842.0
2024-11-13 15:30:00-05:00,183.9600067138672,184.3000030517578,183.49000549316406,183.55999755859375,999157.0
2024-11-13 16:00:00-05:00,183.61,185.05,183.36,183.56,0.0
2024-11-13 17:00:00-05:00,183.94,183.95,183.25,183.67,0.0
2024-11-13 18:00:00-05:00,183.3,183.95,183.25,183.76,0.0
2024-11-14 04:00:00-05:00,183.0,183.91,183.0,183.78,0.0
2024-11-14 05:00:00-05:00,183.62,183.8,183.56,183.6,0.0
2024-11-14 06:00:00-05:00,183.6,183.6,183.56,183.57,0.0
2024-11-14 07:00:00-05:00,183.57,184.07,183.55,184.07,0.0
2024-11-14 08:00:00-05:00,184.07,184.59,182.51,184.08,0.0
2024-11-14 09:00:00-05:00,184.39,184.4,183.82,184.05,0.0
2024-11-14 09:30:00-05:00,183.0,183.8000030517578,182.07000732421875,182.48500061035156,749281.0
2024-11-14 10:30:00-05:00,182.48500061035156,182.60000610351562,181.25999450683594,181.35150146484375,338347.0
2024-11-14 11:30:00-05:00,181.35000610351562,181.5399932861328,178.36000061035156,178.3699951171875,538201.0
2024-11-14 12:30:00-05:00,178.36000061035156,178.92999267578125,177.49000549316406,178.71499633789062,809078.0
2024-11-14 13:30:00-05:00,178.71499633789062,180.1300048828125,178.1999969482422,179.57000732421875,419664.0
2024-11-14 14:30:00-05:00,179.57000732421875,179.64999389648438,178.61000061035156,179.0850067138672,543577.0
2024-11-14 15:30:00-05:00,179.0850067138672,179.2100067138672,178.09500122070312,178.39999389648438,846497.0
2024-11-14 16:00:00-05:00,178.4,180.0,178.0,178.75,0.0
2024-11-14 17:00:00-05:00,178.87,179.4,178.0,178.4,0.0
2024-11-14 18:00:00-05:00,179.39,179.39,178.0,178.38,0.0
2024-11-15 04:00:00-05:00,177.69,178.39,177.58,177.59,0.0
2024-11-15 05:00:00-05:00,177.59,177.87,177.52,177.85,0.0
2024-11-15 06:00:00-05:00,177.68,177.68,177.01,177.05,0.0
2024-11-15 07:00:00-05:00,177.47,178.2,177.09,178.0,0.0
2024-11-15 08:00:00-05:00,178.2,178.69,177.02,178.44,0.0
2024-11-15 09:00:00-05:00,178.37,178.65,177.5,177.6,0.0
2024-11-15 09:30:00-05:00,176.75,177.91799926757812,176.5,177.11000061035156,1050025.0
2024-11-15 10:30:00-05:00,177.1649932861328,177.32000732421875,176.47999572753906,177.0,440627.0
2024-11-15 11:30:00-05:00,176.9600067138672,177.19000244140625,176.4158935546875,176.49000549316406,957496.0
2024-11-15 12:30:00-05:00,176.52499389648438,176.72000122070312,176.077392578125,176.4499969482422,384931.0
2024-11-15 13:30:00-05:00,176.42999267578125,176.6761016845703,175.88999938964844,176.02439880371094,439109.0
2024-11-15 14:30:00-05:00,176.00999450683594,177.01499938964844,175.97000122070312,176.76930236816406,440221.0
2024-11-15 15:30:00-05:00,176.75999450683594,177.24000549316406,176.49000549316406,176.89999389648438,899864.0
2024-11-15 16:00:00-05:00,176.93,178.9067,175.58,176.96,0.0
2024-11-15 17:00:00-05:00,176.96,177.0,176.77,176.96,0.0
2024-11-15 18:00:00-05:00,175.58,176.98,175.58,176.82,0.0
2024-11-18 04:00:00-05:00,177.3,177.32,177.01,177.01,0.0
2024-11-18 05:00:00-05:00,177.03,177.36,176.91,177.36,0.0
2024-11-18 06:00:00-05:00,177.29,177.4,177.01,177.3,0.0
2024-11-18 07:00:00-05:00,177.3,177.5,176.8,176.85,0.0
2024-11-18 08:00:00-05:00,176.85,178.2256,176.01,176.5,0.0
2024-11-18 09:00:00-05:00,176.364,177.05,176.3,177.05,0.0
2024-11-18 09:30:00-05:00,177.0,177.72000122070312,175.1300048828125,177.13499450683594,563296.0
2024-11-18 10:30:00-05:00,177.1199951171875,178.1300048828125,176.8800048828125,177.71499633789062,345547.0
2024-11-18 11:30:00-05:00,177.69000244140625,178.50999450683594,177.66639709472656,178.25999450683594,312248.0
2024-11-18 12:30:00-05:00,178.25,178.5699005126953,177.74000549316406,177.88999938964844,200728.0
2024-11-18 13:30:00-05:00,177.9250030517578,178.14999389648438,177.4163055419922,177.5,219763.0
2024-11-18 14:30:00-05:00,177.5,177.72000122070312,177.28610229492188,177.6699981689453,233151.0
2024-11-18 15:30:00-05:00,177.6300048828125,177.88999938964844,177.44500732421875,177.5399932861328,462544.0
2024-11-18 16:00:00-05:00,177.58,177.97,175.98,177.21,0.0
2024-11-18 17:00:00-05:00,177.69,177.69,177.0,177.48,0.0
2024-11-18 18:00:00-05:00,177.48,177.69,177.01,177.01,0.0
2024-11-19 04:00:00-05:00,177.81,177.87,177.0,177.0,0.0
2024-11-19 05:00:00-05:00,176.52,176.97,176.37,176.78,0.0
2024-11-19 06:00:00-05:00,176.78,177.18,176.78,176.8,0.0
2024-11-19 07:00:00-05:00,176.8,177.01,176.7,177.01,0.0
2024-11-19 08:00:00-05:00,176.82,178.2256,176.64,176.95,0.0
2024-11-19 09:00:00-05:00,178.01,186.16,175.6,176.5,0.0
2024-11-19 09:30:00-05:00,176.5,177.0,175.6999969482422,176.25999450683594,439743.0
2024-11-19 10:30:00-05:00,176.25,177.0,176.11000061035156,176.97000122070312,274070.0
2024-11-19 11:30:00-05:00,176.94000244140625,177.3000030517578,176.6300048828125,177.1699981689453,425508.0
2024-11-19 12:30:00-05:00,177.13999938964844,177.57000732421875,176.91000366210938,177.35000610351562,328602.0
2024-11-19 13:30:00-05:00,177.33999633789062,177.8800048828125,176.9600067138672,177.50999450683594,302793.0
2024-11-19 14:30:00-05:00,177.5050048828125,177.5500030517578,176.99000549316406,177.36500549316406,300663.0
2024-11-19 15:30:00-05:00,177.36500549316406,177.8000030517578,177.0800018310547,177.5500030517578,491447.0
2024-11-19 16:00:00-05:00,177.55,178.0,176.94,177.55,0.0
2024-11-19 17:00:00-05:00,177.55,177.84,177.01,177.84,0.0
2024-11-19 18:00:00-05:00,177.33,177.84,177.0,177.4,0.0
2024-11-20 04:00:00-05:00,178.0,178.0,177.56,177.64,0.0
2024-11-20 05:00:00-05:00,177.62,177.62,177.56,177.56,0.0
2024-11-20 06:00:00-05:00,177.6,177.88,177.59,177.61,0.0
2024-11-20 07:00:00-05:00,177.88,177.88,177.59,177.8,0.0
2024-11-20 08:00:00-05:00,177.66,178.29,177.0,177.82,0.0
2024-11-20 09:00:00-05:00,178.28,178.28,177.64,177.92,0.0
2024-11-20 09:30:00-05:00,178.2550048828125,178.5399932861328,176.85020446777344,177.27999877929688,514862.0
2024-11-20 10:30:00-05:00,177.28500366210938,177.4499969482422,176.08999633789062,176.1199951171875,379757.0
2024-11-20 11:30:00-05:00,176.1199951171875,177.06500244140625,176.0,176.6186981201172,290685.0
2024-11-20 12:30:00-05:00,176.58999633789062,177.1699981689453,176.5500030517578,177.00999450683594,203089.0
2024-11-20 13:30:00-05:00,176.97000122070312,177.05999755859375,176.65499877929688,177.0500030517578,240065.0
2024-11-20 14:30:00-05:00,177.02999877929688,177.81939697265625,176.99000549316406,177.4600067138672,330539.0
2024-11-20 15:30:00-05:00,177.44500732421875,178.0,177.1199951171875,177.97000122070312,601466.0
2024-11-20 16:00:00-05:00,177.97,178.0,175.8,177.95,0.0
2024-11-20 17:00:00-05:00,175.91,178.0,175.91,177.97,0.0
2024-11-20 18:00:00-05:00,177.97,178.0,177.55,177.55,0.0
2024-11-21 04:00:00-05:00,177.21,177.9,177.21,177.82,0.0
2024-11-21 05:00:00-05:00,177.82,177.89,177.3,177.89,0.0
2024-11-21 06:00:00-05:00,177.09,177.87,177.09,177.65,0.0
2024-11-21 07:00:00-05:00,177.89,178.5,177.81,178.5,0.0
2024-11-21 08:00:00-05:00,178.5,178.91,177.06,177.66,0.0
2024-11-21 09:00:00-05:00,178.5,184.53,178.1495,178.9,0.0
2024-11-21 09:30:00-05:00,178.41000366210938,180.94000244140625,177.33999633789062,179.97000122070312,1242560.0
2024-11-21 10:30:00-05:00,179.98500061035156,180.7550048828125,179.3800048828125,180.3699951171875,287307.0
2024-11-21 11:30:00-05:00,180.41000366210938,180.6667938232422,180.0500030517578,180.22000122070312,486191.0
2024-11-21 12:30:00-05:00,180.22999572753906,180.5,179.74000549316406,180.2050018310547,239583.0
2024-11-21 13:30:00-05:00,180.2050018310547,180.25,179.25999450683594,179.9499969482422,199921.0
2024-11-21 14:30:00-05:00,179.95860290527344,180.07000732421875,179.46099853515625,179.9600067138672,249726.0
2024-11-21 15:30:00-05:00,180.0,180.10000610351562,178.6199951171875,178.77999877929688,517555.0
2024-11-21 16:00:00-05:00,178.7,180.4,178.5,178.6,0.0
2024-11-21 17:00:00-05:00,178.5337,178.99,178.5,178.7,0.0
2024-11-21 18:00:00-05:00,178.57,178.99,178.5,178.97,0.0
2024-11-22 04:00:00-05:00,178.57,178.71,177.61,178.67,0.0
2024-11-22 05:00:00-05:00,178.67,178.7,178.09,178.09,0.0
2024-11-22 06:00:00-05:00,178.43,178.43,178.31,178.31,0.0
2024-11-22 07:00:00-05:00,178.31,178.7,178.31,178.68,0.0
2024-11-22 08:00:00-05:00,178.68,179.3952,177.6345,179.19,0.0
2024-11-22 09:00:00-05:00,179.2,179.94,178.11,179.0,0.0
2024-11-22 09:30:00-05:00,179.3000030517578,179.94000244140625,178.77999877929688,179.07000732421875,453326.0
2024-11-22 10:30:00-05:00,179.13999938964844,180.26499938964844,179.13999938964844,180.24000549316406,351012.0
2024-11-22 11:30:00-05:00,180.2100067138672,181.74000549316406,180.00999450683594,181.61720275878906,217210.0
2024-11-22 12:30:00-05:00,181.58999633789062,181.63999938964844,180.88999938964844,180.89999389648438,266881.0
2024-11-22 13:30:00-05:00,180.91000366210938,181.16000366210938,179.99000549316406,180.0,242289.0
2024-11-22 14:30:00-05:00,180.01499938964844,180.4499969482422,179.9600067138672,180.42999267578125,228917.0
2024-11-22 15:30:00-05:00,180.38999938964844,181.3699951171875,180.38999938964844,181.14999389648438,375088.0
2024-11-22 16:00:00-05:00,181.11,181.51,180.64,181.38,0.0
2024-11-22 17:00:00-05:00,181.38,181.38,169.146,181.0,0.0
2024-11-22 18:00:00-05:00,181.0,181.38,181.0,181.3799,0.0
2024-11-25 04:00:00-05:00,181.8,182.55,181.76,182.0,0.0
2024-11-25 05:00:00-05:00,181.95,182.82,181.95,182.5,0.0
2024-11-25 06:00:00-05:00,182.5,182.82,182.5,182.51,0.0
2024-11-25 07:00:00-05:00,182.51,182.77,182.0,182.19,0.0
2024-11-25 08:00:00-05:00,182.19,182.9939,181.6861,182.16,0.0
2024-11-25 09:00:00-05:00,182.5,182.68,181.15,182.64,0.0
2024-11-25 09:30:00-05:00,182.24000549316406,183.6999969482422,181.63999938964844,181.9149932861328,938493.0
2024-11-25 10:30:00-05:00,181.9149932861328,182.0,179.84500122070312,181.10499572753906,414303.0
2024-11-25 11:30:00-05:00,181.11000061035156,181.6300048828125,180.36500549316406,180.72000122070312,258585.0
2024-11-25 12:30:00-05:00,180.77000427246094,181.0,180.14999389648438,180.3300018310547,252965.0
2024-11-25 13:30:00-05:00,180.33999633789062,180.56300354003906,179.88999938964844,180.02000427246094,355252.0
2024-11-25 14:30:00-05:00,180.01849365234375,180.13999938964844,179.5500030517578,179.85000610351562,434855.0
2024-11-25 15:30:00-05:00,179.86000061035156,180.25999450683594,179.72999572753906,180.17999267578125,595823.0
2024-11-25 16:00:00-05:00,180.21,180.51,178.8,180.22,0.0
2024-11-25 17:00:00-05:00,180.21,180.51,180.12,180.51,0.0
2024-11-25 18:00:00-05:00,180.51,180.51,178.35,180.47,0.0
2024-11-26 04:00:00-05:00,180.67,180.67,180.23,180.49,0.0
2024-11-26 05:00:00-05:00,180.48,180.48,180.2,180.2,0.0
2024-11-26 06:00:00-05:00,180.2,180.2,180.1,180.1,0.0
2024-11-26 07:00:00-05:00,180.1,180.49,180.1,180.34,0.0
2024-11-26 08:00:00-05:00,180.34,180.87,179.7853,180.81,0.0
2024-11-26 09:00:00-05:00,180.41,180.87,180.0,180.24,0.0
2024-11-26 09:30:00-05:00,180.8699951171875,183.4499969482422,180.4199981689453,183.27999877929688,580954.0
2024-11-26 10:30:00-05:00,183.25,184.36000061035156,182.86500549316406,184.36000061035156,353025.0
2024-11-26 11:30:00-05:00,184.3699951171875,184.4199981689453,183.30499267578125,183.49209594726562,287219.0
2024-11-26 12:30:00-05:00,183.5,184.0800018310547,183.5,184.01499938964844,230451.0
2024-11-26 13:30:00-05:00,184.07000732421875,184.33999633789062,183.61000061035156,184.30499267578125,232949.0
2024-11-26 14:30:00-05:00,184.30999755859375,184.92999267578125,184.2899932861328,184.64500427246094,400922.0
2024-11-26 15:30:00-05:00,184.65499877929688,184.8697967529297,184.42999267578125,184.58999633789062,471489.0
2024-11-26 16:00:00-05:00,184.615,184.98,182.78,184.6,0.0
2024-11-26 17:00:00-05:00,184.75,192.4611,184.31,184.75,0.0
2024-11-26 18:00:00-05:00,184.75,185.0,184.6,184.88,0.0
2024-11-27 04:00:00-05:00,184.74,184.98,184.64,184.98,0.0
2024-11-27 05:00:00-05:00,184.98,184.98,184.56,184.57,0.0
2024-11-27 06:00:00-05:00,184.7,184.98,184.61,184.98,0.0
2024-11-27 07:00:00-05:00,184.66,185.18,184.62,185.18,0.0
2024-11-27 08:00:00-05:00,185.18,185.5,184.6,185.41,0.0
2024-11-27 09:00:00-05:00,185.22,185.5,174.05,185.12,0.0
2024-11-27 09:30:00-05:00,184.26499938964844,184.26499938964844,181.47999572753906,181.6649932861328,534353.0
2024-11-27 10:30:00-05:00,181.6699981689453,181.72999572753906,180.75,181.16000366210938,359466.0
2024-11-27 11:30:00-05:00,181.17999267578125,181.4499969482422,180.8800048828125,181.41000366210938,194294.0
2024-11-27 12:30:00-05:00,181.38999938964844,181.76109313964844,180.9499969482422,181.66000366210938,151916.0
2024-11-27 13:30:00-05:00,181.5850067138672,181.79299926757812,181.27000427246094,181.30499267578125,197250.0
2024-11-27 14:30:00-05:00,181.31500244140625,181.3699951171875,180.6999969482422,181.02999877929688,229117.0
2024-11-27 15:30:00-05:00,181.00999450683594,181.16000366210938,180.44009399414062,180.60000610351562,427906.0
2024-11-27 16:00:00-05:00,180.6,181.26,180.13,180.69,0.0
2024-11-27 17:00:00-05:00,180.55,180.69,180.5,180.68,0.0
2024-11-27 18:00:00-05:00,180.68,180.69,180.5,180.5,0.0
2024-11-29 04:00:00-05:00,181.17,181.32,180.62,180.83,0.0
2024-11-29 05:00:00-05:00,180.83,181.32,180.83,181.32,0.0
2024-11-29 06:00:00-05:00,181.32,181.32,181.14,181.32,0.0
2024-11-29 07:00:00-05:00,181.32,181.62,181.16,181.32,0.0
2024-11-29 08:00:00-05:00,181.4,181.65,180.6,181.17,0.0
2024-11-29 09:00:00-05:00,181.68,181.68,181.0,181.11,0.0
2024-11-29 09:30:00-05:00,181.4499969482422,182.59500122070312,181.1300048828125,182.15499877929688,471462.0
2024-11-29 10:30:00-05:00,182.14500427246094,182.5500030517578,181.7523956298828,182.40499877929688,238211.0
2024-11-29 11:30:00-05:00,182.4149932861328,182.97000122070312,182.24000549316406,182.5399932861328,290781.0
2024-11-29 13:00:00-05:00,182.50999450683594,182.74000549316406,181.50999450683594,182.0010986328125,0.0
2024-11-29 14:00:00-05:00,182.075,182.15,181.5,182.0,0.0
2024-11-29 15:00:00-05:00,182.01,182.2,181.55,181.55,0.0
2024-11-29 16:00:00-05:00,182.12,182.2,181.55,181.6,0.0
2024-12-02 04:00:00-05:00,182.16,182.16,181.42,182.0,0.0
2024-12-02 05:00:00-05:00,181.42,181.8,181.33,181.43,0.0
2024-12-02 06:00:00-05:00,181.43,181.89,181.43,181.62,0.0
2024-12-02 07:00:00-05:00,181.79,182.0,181.6,181.97,0.0
2024-12-02 08:00:00-05:00,181.97,183.05,181.32,182.49,0.0
2024-12-02 09:00:00-05:00,182.0,182.43,179.619,182.09,0.0
2024-12-02 09:30:00-05:00,180.8000030517578,181.63999938964844,179.4199981689453,180.18499755859375,605639.0
2024-12-02 10:30:00-05:00,180.10000610351562,180.6300048828125,179.47999572753906,180.59410095214844,221870.0
2024-12-02 11:30:00-05:00,180.6199951171875,180.73500061035156,179.75,179.9550018310547,244005.0
2024-12-02 12:30:00-05:00,179.9600067138672,180.4600067138672,179.83999633789062,180.3699951171875,176464.0
2024-12-02 13:30:00-05:00,180.3625946044922,180.72500610351562,180.3000030517578,180.6300048828125,187556.0
2024-12-02 14:30:00-05:00,180.61000061035156,181.07000732421875,180.38999938964844,180.99000549316406,201195.0
2024-12-02 15:30:00-05:00,180.97999572753906,180.97999572753906,180.25,180.38999938964844,346984.0
2024-12-02 16:00:00-05:00,180.38,181.67,180.0,180.51,0.0
2024-12-02 17:00:00-05:00,180.5,181.52,177.1356,181.0,0.0
2024-12-02 18:00:00-05:00,181.0,181.0,180.0,180.01,0.0
2024-12-03 04:00:00-05:00,180.5,181.56,180.5,181.38,0.0
2024-12-03 05:00:00-05:00,181.38,181.47,180.6,180.6,0.0
2024-12-03 06:00:00-05:00,180.6,181.38,180.6,180.73,0.0
2024-12-03 07:00:00-05:00,180.73,180.99,180.61,180.61,0.0
2024-12-03 08:00:00-05:00,180.69,181.25,180.0655,180.95,0.0
2024-12-03 09:00:00-05:00,180.88,181.0,180.36,180.4,0.0
2024-12-03 09:30:00-05:00,181.0,182.23500061035156,180.74000549316406,181.11000061035156,438629.0
2024-12-03 10:30:00-05:00,181.13999938964844,181.1699981689453,180.22000122070312,180.5449981689453,244061.0
2024-12-03 11:30:00-05:00,180.5449981689453,180.5449981689453,179.90699768066406,180.0399932861328,245141.0
2024-12-03 12:30:00-05:00,180.0509033203125,180.5500030517578,180.0509033203125,180.30499267578125,202981.0
2024-12-03 13:30:00-05:00,180.27999877929688,180.38999938964844,180.01499938964844,180.15499877929688,161290.0
2024-12-03 14:30:00-05:00,180.15499877929688,180.66000366210938,180.15499877929688,180.32000732421875,269172.0
2024-12-03 15:30:00-05:00,180.32000732421875,181.0399932861328,180.2100067138672,180.72999572753906,303817.0
2024-12-03 16:00:00-05:00,180.72,181.49,180.1,180.3207,0.0
2024-12-03 17:00:00-05:00,180.3,181.0,180.1,181.0,0.0
2024-12-03 18:00:00-05:00,180.47,180.89,180.1,180.89,0.0
2024-12-04 04:00:00-05:00,180.74,181.03,180.68,180.68,0.0
2024-12-04 05:00:00-05:00,180.68,180.99,180.4,180.4,0.0
2024-12-04 06:00:00-05:00,180.61,180.74,180.47,180.72,0.0
2024-12-04 07:00:00-05:00,180.72,180.74,180.48,180.6,0.0
2024-12-04 08:00:00-05:00,180.59,181.29,180.0,180.65,0.0
2024-12-04 09:00:00-05:00,180.97,181.0,180.49,180.49,0.0
2024-12-04 09:30:00-05:00,180.5,182.1199951171875,178.0,181.4499969482422,756738.0
2024-12-04 10:30:00-05:00,181.4499969482422,182.05999755859375,181.00999450683594,181.1199951171875,342695.0
2024-12-04 11:30:00-05:00,181.1300048828125,181.35000610351562,180.72000122070312,180.84500122070312,336557.0
2024-12-04 12:30:00-05:00,180.84500122070312,181.14999389648438,180.7100067138672,181.0,212156.0
2024-12-04 13:30:00-05:00,180.99000549316406,182.0500030517578,180.5,182.00999450683594,254216.0
2024-12-04 14:30:00-05:00,181.99000549316406,182.74000549316406,181.97999572753906,182.60499572753906,253819.0
2024-12-04 15:30:00-05:00,182.58999633789062,182.89999389648438,182.42999267578125,182.61000061035156,457949.0
2024-12-04 16:00:00-05:00,182.65,183.0,180.0,181.14,0.0
2024-12-04 17:00:00-05:00,182.65,182.65,180.5,182.5,0.0
2024-12-04 18:00:00-05:00,182.4,182.65,182.02,182.5,0.0
2024-12-05 04:00:00-05:00,182.68,182.68,180.01,182.26,0.0
2024-12-05 05:00:00-05:00,182.26,182.64,181.99,182.28,0.0
2024-12-05 06:00:00-05:00,182.28,182.61,182.28,182.49,0.0
2024-12-05 07:00:00-05:00,182.49,182.49,182.28,182.44,0.0
2024-12-05 08:00:00-05:00,182.44,182.56,180.09,181.55,0.0
2024-12-05 09:00:00-05:00,181.54,182.1,180.67,180.85,0.0
2024-12-05 09:30:00-05:00,180.3300018310547,180.76499938964844,176.02999877929688,176.27999877929688,1477653.0
2024-12-05 10:30:00-05:00,176.22500610351562,176.32000732421875,174.25010681152344,174.55999755859375,1099238.0
2024-12-05 11:30:00-05:00,174.5500030517578,175.86000061035156,173.89999389648438,175.01199340820312,771134.0
2024-12-05 12:30:00-05:00,175.11000061035156,175.1999969482422,174.09039306640625,174.2646942138672,488203.0
2024-12-05 13:30:00-05:00,174.22000122070312,175.0399932861328,173.89999389648438,173.9600067138672,537076.0
2024-12-05 14:30:00-05:00,173.9949951171875,174.2899932861328,173.27999877929688,173.2899932861328,777615.0
2024-12-05 15:30:00-05:00,173.28500366210938,173.8699951171875,172.7100067138672,173.02000427246094,1287628.0
2024-12-05 16:00:00-05:00,172.91,174.03,172.88,173.16,0.0
2024-12-05 17:00:00-05:00,173.06,173.29,172.91,173.25,0.0
2024-12-05 18:00:00-05:00,173.28,173.28,172.91,173.28,0.0
2024-12-06 04:00:00-05:00,173.01,173.39,173.01,173.17,0.0
2024-12-06 05:00:00-05:00,173.4,173.51,173.16,173.36,0.0
2024-12-06 06:00:00-05:00,173.36,173.45,173.31,173.39,0.0
2024-12-06 07:00:00-05:00,173.39,173.41,173.29,173.29,0.0
2024-12-06 08:00:00-05:00,173.37,173.73,172.91,173.29,0.0
2024-12-06 09:00:00-05:00,173.1,180.5823,173.0786,173.99,0.0
2024-12-06 09:30:00-05:00,173.3000030517578,175.1699981689453,172.82000732421875,173.88999938964844,1093986.0
2024-12-06 10:30:00-05:00,173.88999938964844,174.0500030517578,172.44000244140625,172.77999877929688,571376.0
2024-12-06 11:30:00-05:00,172.7899932861328,173.82000732421875,172.72520446777344,173.38999938964844,599743.0
2024-12-06 12:30:00-05:00,173.38999938964844,173.85000610351562,172.98500061035156,173.27999877929688,411507.0
2024-12-06 13:30:00-05:00,173.27999877929688,173.97999572753906,172.9600067138672,173.8300018310547,612971.0
2024-12-06 14:30:00-05:00,173.8249969482422,175.07000732421875,173.6199951171875,174.66000366210938,726272.0
2024-12-06 15:30:00-05:00,174.64999389648438,175.8300018310547,174.61000061035156,175.57000732421875,1163447.0
2024-12-06 16:00:00-05:00,175.58,176.0,174.5,175.5,0.0
2024-12-06 17:00:00-05:00,175.5,175.6,169.146,175.02,0.0
2024-12-06 18:00:00-05:00,175.03,175.49,175.03,175.05,0.0
2024-12-09 04:00:00-05:00,175.22,175.22,174.65,174.65,0.0
2024-12-09 05:00:00-05:00,174.84,175.49,174.84,175.28,0.0
2024-12-09 06:00:00-05:00,175.45,175.57,175.26,175.39,0.0
2024-12-09 07:00:00-05:00,175.26,175.42,175.1,175.29,0.0
2024-12-09 08:00:00-05:00,175.31,175.58,174.255,175.0,0.0
2024-12-09 09:00:00-05:00,175.2145,175.35,175.0,175.13,0.0
2024-12-09 09:30:00-05:00,175.0,176.3699951171875,173.75,173.94000244140625,827149.0
2024-12-09 10:30:00-05:00,173.9499969482422,174.32000732421875,172.86000061035156,173.2899932861328,770835.0
2024-12-09 11:30:00-05:00,173.24000549316406,173.36000061035156,172.22000122070312,172.4185028076172,527990.0
2024-12-09 12:30:00-05:00,172.3300018310547,172.47000122070312,171.34010314941406,171.7899932861328,765615.0
2024-12-09 13:30:00-05:00,171.7899932861328,172.1844940185547,171.49009704589844,171.7274932861328,507332.0
2024-12-09 14:30:00-05:00,171.74000549316406,171.8000030517578,170.77099609375,171.19000244140625,718464.0
2024-12-09 15:30:00-05:00,171.22000122070312,171.5800018310547,171.05999755859375,171.33999633789062,724347.0
2024-12-09 16:00:00-05:00,173.1,181.15,170.88,171.5299,0.0
2024-12-09 17:00:00-05:00,171.35,171.53,171.0,171.31,0.0
2024-12-09 18:00:00-05:00,171.53,171.53,171.25,171.31,0.0
2024-12-10 04:00:00-05:00,171.76,171.76,171.31,171.38,0.0
2024-12-10 05:00:00-05:00,171.64,172.44,171.38,172.44,0.0
2024-12-10 06:00:00-05:00,172.44,172.55,172.02,172.16,0.0
2024-12-10 07:00:00-05:00,172.21,172.21,171.81,171.9,0.0
2024-12-10 08:00:00-05:00,171.9,172.29,171.0,171.68,0.0
2024-12-10 09:00:00-05:00,171.65,172.1,171.5,171.76,0.0
2024-12-10 09:30:00-05:00,171.00999450683594,173.15499877929688,170.61000061035156,171.26499938964844,843105.0
2024-12-10 10:30:00-05:00,171.27000427246094,172.22999572753906,171.2100067138672,171.3699951171875,592594.0
2024-12-10 11:30:00-05:00,171.3300018310547,171.47000122070312,170.6999969482422,171.16000366210938,404426.0
2024-12-10 12:30:00-05:00,171.1678924560547,172.07000732421875,170.9199981689453,171.3800048828125,477058.0
2024-12-10 13:30:00-05:00,171.33999633789062,172.11000061035156,171.02499389648438,171.30999755859375,382100.0
2024-12-10 14:30:00-05:00,171.2899932861328,171.89419555664062,171.13999938964844,171.5,433304.0
2024-12-10 15:30:00-05:00,171.52000427246094,171.63999938964844,171.0399932861328,171.30999755859375,651550.0
2024-12-10 16:00:00-05:00,171.28,172.97,171.0,171.8,0.0
2024-12-10 17:00:00-05:00,171.5,171.81,171.0,171.81,0.0
2024-12-10 18:00:00-05:00,171.32,172.49,171.27,171.31,0.0
2024-12-11 04:00:00-05:00,171.02,172.14,171.02,171.17,0.0
2024-12-11 05:00:00-05:00,171.17,171.23,171.17,171.22,0.0
2024-12-11 06:00:00-05:00,171.22,171.68,171.19,171.68,0.0
2024-12-11 07:00:00-05:00,171.5,172.05,171.33,171.5,0.0
2024-12-11 08:00:00-05:00,171.5,172.35,171.09,171.48,0.0
2024-12-11 09:00:00-05:00,171.5,172.8,171.49,172.0,0.0
2024-12-11 09:30:00-05:00,171.7550048828125,172.0,168.33999633789062,169.49000549316406,1188820.0
2024-12-11 10:30:00-05:00,169.5706024169922,169.8809051513672,169.00999450683594,169.78500366210938,600187.0
2024-12-11 11:30:00-05:00,169.77000427246094,170.07000732421875,168.80999755859375,169.22000122070312,534960.0
2024-12-11 12:30:00-05:00,169.24000549316406,170.8800048828125,169.1999969482422,170.18499755859375,646453.0
2024-12-11 13:30:00-05:00,170.19000244140625,170.22000122070312,169.14999389648438,169.28500366210938,470291.0
2024-12-11 14:30:00-05:00,169.2899932861328,169.77999877929688,168.00999450683594,168.1199951171875,768092.0
2024-12-11 15:30:00-05:00,168.10000610351562,168.8249969482422,167.92999267578125,168.6300048828125,1272060.0
2024-12-11 16:00:00-05:00,168.61,169.44435,167.52,168.64,0.0
2024-12-11 17:00:00-05:00,168.6242,168.64,168.01,168.5,0.0
2024-12-11 18:00:00-05:00,168.5,168.5,168.25,168.25,0.0
2024-12-12 04:00:00-05:00,169.5,169.5,168.58,168.58,0.0
2024-12-12 05:00:00-05:00,168.59,168.66,168.57,168.57,0.0
2024-12-12 06:00:00-05:00,168.5,168.63,168.12,168.58,0.0
2024-12-12 07:00:00-05:00,168.58,169.23,168.49,169.0,0.0
2024-12-12 08:00:00-05:00,169.0,169.96,168.12,168.64,0.0
2024-12-12 09:00:00-05:00,168.64,169.02,168.0,168.0329,0.0
2024-12-12 09:30:00-05:00,168.63999938964844,169.28399658203125,167.52999877929688,167.57000732421875,750327.0
2024-12-12 10:30:00-05:00,167.60000610351562,167.6300048828125,166.72999572753906,167.1331024169922,627309.0
2024-12-12 11:30:00-05:00,167.11000061035156,167.50999450683594,166.72250366210938,166.89999389648438,564093.0
2024-12-12 12:30:00-05:00,166.92999267578125,167.0,166.50999450683594,166.8000030517578,542762.0
2024-12-12 13:30:00-05:00,166.86000061035156,167.0399932861328,165.94000244140625,166.25999450683594,726395.0
2024-12-12 14:30:00-05:00,166.24000549316406,166.42999267578125,165.19000244140625,165.38999938964844,1061631.0
2024-12-12 15:30:00-05:00,165.3800048828125,165.6999969482422,164.4499969482422,164.85000610351562,1721860.0
2024-12-12 16:00:00-05:00,164.84,165.86,164.75,165.1993,0.0
2024-12-12 17:00:00-05:00,164.83,165.22,159.0656,164.99,0.0
2024-12-12 18:00:00-05:00,164.9896,165.15,164.83,165.15,0.0
2024-12-13 04:00:00-05:00,165.6,165.62,164.84,165.45,0.0
2024-12-13 05:00:00-05:00,165.45,165.53,165.44,165.44,0.0
2024-12-13 06:00:00-05:00,165.3,165.59,165.3,165.33,0.0
2024-12-13 07:00:00-05:00,165.56,165.56,165.07,165.44,0.0
2024-12-13 08:00:00-05:00,165.44,165.6,165.0,165.5,0.0
2024-12-13 09:00:00-05:00,165.55,165.6,164.83,165.14,0.0
2024-12-13 09:30:00-05:00,165.64999389648438,167.8699951171875,165.63999938964844,166.52499389648438,900806.0
2024-12-13 10:30:00-05:00,166.49000549316406,166.89999389648438,165.8800048828125,166.08999633789062,584667.0
2024-12-13 11:30:00-05:00,166.08999633789062,166.2899932861328,165.60000610351562,166.0,432096.0
2024-12-13 12:30:00-05:00,165.97999572753906,166.22000122070312,165.75,166.0449981689453,284263.0
2024-12-13 13:30:00-05:00,166.0399932861328,166.1999969482422,165.5399932861328,165.6300048828125,367604.0
2024-12-13 14:30:00-05:00,165.63999938964844,166.17999267578125,165.6300048828125,165.8000030517578,361165.0
2024-12-13 15:30:00-05:00,165.77000427246094,166.17999267578125,165.72000122070312,165.99000549316406,610934.0
2024-12-13 16:00:00-05:00,166.01,166.5,165.6,166.4,0.0
2024-12-13 17:00:00-05:00,166.4,166.5,165.6,165.95,0.0
2024-12-13 18:00:00-05:00,166.3,166.45,165.6,165.75,0.0
2024-12-16 04:00:00-05:00,166.0,166.62,165.9,166.3,0.0
2024-12-16 05:00:00-05:00,166.3,166.33,166.29,166.33,0.0
2024-12-16 06:00:00-05:00,166.52,166.53,166.16,166.28,0.0
2024-12-16 07:00:00-05:00,166.3,166.45,166.21,166.44,0.0
2024-12-16 08:00:00-05:00,166.46,167.0,166.0,166.33,0.0
2024-12-16 09:00:00-05:00,166.38,166.5,166.22,166.5,0.0
2024-12-16 09:30:00-05:00,166.52000427246094,169.1999969482422,165.4499969482422,167.89999389648438,1084163.0
2024-12-16 10:30:00-05:00,167.84500122070312,168.3000030517578,167.22999572753906,167.49249267578125,479472.0
2024-12-16 11:30:00-05:00,167.49000549316406,167.60000610351562,166.49000549316406,167.22000122070312,565388.0
2024-12-16 12:30:00-05:00,167.19000244140625,167.25999450683594,166.49000549316406,166.61000061035156,305856.0
2024-12-16 13:30:00-05:00,166.63999938964844,166.9600067138672,166.3300018310547,166.6999969482422,363705.0
2024-12-16 14:30:00-05:00,166.69000244140625,166.77000427246094,166.02000427246094,166.36000061035156,479152.0
2024-12-16 15:30:00-05:00,166.36000061035156,166.40020751953125,165.55999755859375,165.81500244140625,882941.0
2024-12-16 16:00:00-05:00,165.79,166.92,165.45,165.85,0.0
2024-12-16 17:00:00-05:00,165.85,177.1356,157.7217,165.75,0.0
2024-12-16 18:00:00-05:00,165.79,166.92,165.7,166.1,0.0
2024-12-17 04:00:00-05:00,165.77,165.77,165.31,165.31,0.0
2024-12-17 05:00:00-05:00,165.5,165.5,165.01,165.1,0.0
2024-12-17 06:00:00-05:00,165.2,165.44,165.1,165.34,0.0
2024-12-17 07:00:00-05:00,165.44,165.74,165.44,165.57,0.0
2024-12-17 08:00:00-05:00,165.56,166.0,165.06,165.3,0.0
2024-12-17 09:00:00-05:00,165.3,165.79,165.0,165.1,0.0
2024-12-17 09:30:00-05:00,165.8000030517578,166.4499969482422,163.52999877929688,163.9149932861328,736851.0
2024-12-17 10:30:00-05:00,163.97000122070312,165.3699951171875,163.67999267578125,165.1699981689453,426237.0
2024-12-17 11:30:00-05:00,165.16000366210938,165.88499450683594,165.07000732421875,165.52000427246094,355270.0
2024-12-17 12:30:00-05:00,165.50779724121094,166.50999450683594,165.49000549316406,165.9499969482422,336098.0
2024-12-17 13:30:00-05:00,165.9385986328125,166.22999572753906,165.39999389648438,165.5050048828125,490745.0
2024-12-17 14:30:00-05:00,165.52999877929688,166.0500030517578,165.47500610351562,165.93099975585938,448635.0
2024-12-17 15:30:00-05:00,165.9550018310547,166.0800018310547,165.6699981689453,165.7899932861328,546490.0
2024-12-17 16:00:00-05:00,165.8,167.0,164.16,166.43,0.0
2024-12-17 17:00:00-05:00,165.81,166.3,165.34,165.99,0.0
2024-12-17 18:00:00-05:00,166.0,166.0,165.0,166.0,0.0
2024-12-18 04:00:00-05:00,165.81,165.81,165.81,165.81,0.0
2024-12-18 05:00:00-05:00,165.8,166.32,165.74,165.81,0.0
2024-12-18 06:00:00-05:00,165.81,166.19,165.76,165.88,0.0
2024-12-18 07:00:00-05:00,166.09,166.1,165.8,166.1,0.0
2024-12-18 08:00:00-05:00,166.1,166.35,165.89,166.27,0.0
2024-12-18 09:00:00-05:00,166.27,166.35,165.8,166.2,0.0
2024-12-18 09:30:00-05:00,166.0,166.6300048828125,165.50999450683594,165.98500061035156,1355872.0
2024-12-18 10:30:00-05:00,165.98500061035156,166.1999969482422,165.4499969482422,165.58999633789062,492920.0
2024-12-18 11:30:00-05:00,165.58999633789062,165.77000427246094,164.89999389648438,165.60000610351562,435437.0
2024-12-18 12:30:00-05:00,165.5500030517578,166.16000366210938,165.3699951171875,165.83999633789062,250549.0
2024-12-18 13:30:00-05:00,165.86000061035156,166.03250122070312,163.8699951171875,164.05999755859375,506622.0
2024-12-18 14:30:00-05:00,164.0500030517578,164.36000061035156,162.16009521484375,162.25750732421875,676282.0
2024-12-18 15:30:00-05:00,162.33999633789062,162.49000549316406,159.60000610351562,159.91000366210938,1694003.0
2024-12-18 16:00:00-05:00,159.86,164.87,159.02,160.41,0.0
2024-12-18 17:00:00-05:00,160.41,160.5,156.7441,160.26,0.0
2024-12-18 18:00:00-05:00,159.95,161.07,159.95,160.47,0.0
2024-12-19 04:00:00-05:00,161.19,161.28,159.98,160.7,0.0
2024-12-19 05:00:00-05:00,160.0,161.27,160.0,161.27,0.0
2024-12-19 06:00:00-05:00,161.27,161.29,160.34,160.66,0.0
2024-12-19 07:00:00-05:00,160.36,161.21,160.19,161.0,0.0
2024-12-19 08:00:00-05:00,161.0,164.19,159.35,161.01,0.0
2024-12-19 09:00:00-05:00,161.03,161.91,160.56,161.5,0.0
2024-12-19 09:30:00-05:00,163.02999877929688,164.3699951171875,162.17999267578125,162.5050048828125,794190.0
2024-12-19 10:30:00-05:00,162.5500030517578,164.3000030517578,162.25819396972656,164.25999450683594,629686.0
2024-12-19 11:30:00-05:00,164.25999450683594,165.13999938964844,164.07000732421875,164.1300048828125,590810.0
2024-12-19 12:30:00-05:00,164.19000244140625,165.18910217285156,163.89999389648438,164.8000030517578,423172.0
2024-12-19 13:30:00-05:00,164.75,165.77000427246094,164.64999389648438,165.22999572753906,500114.0
2024-12-19 14:30:00-05:00,165.22500610351562,165.4499969482422,164.72500610351562,165.08999633789062,540539.0
2024-12-19 15:30:00-05:00,165.11000061035156,165.38999938964844,164.47999572753906,164.78500366210938,962821.0
2024-12-19 16:00:00-05:00,164.78,165.5,162.75,164.8,0.0
2024-12-19 17:00:00-05:00,164.4,177.52,164.4,164.84,0.0
2024-12-19 18:00:00-05:00,165.5,165.5,164.5,164.91,0.0
2024-12-20 04:00:00-05:00,164.62,164.62,163.5,163.55,0.0
2024-12-20 05:00:00-05:00,163.55,164.14,163.42,163.54,0.0
2024-12-20 06:00:00-05:00,163.54,164.14,163.43,163.44,0.0
2024-12-20 07:00:00-05:00,164.02,164.02,162.55,162.8,0.0
2024-12-20 08:00:00-05:00,162.62,165.53,162.09,163.0,0.0
2024-12-20 09:00:00-05:00,163.55,164.3,162.84,163.95,0.0
2024-12-20 09:30:00-05:00,163.97000122070312,166.13499450683594,163.16000366210938,165.8300018310547,1518095.0
2024-12-20 10:30:00-05:00,165.82000732421875,168.25999450683594,165.8000030517578,168.25999450683594,566380.0
2024-12-20 11:30:00-05:00,168.22999572753906,169.0500030517578,168.22500610351562,168.90499877929688,392834.0
2024-12-20 12:30:00-05:00,168.94000244140625,169.0800018310547,167.7899932861328,167.80059814453125,386645.0
2024-12-20 13:30:00-05:00,167.8300018310547,168.58999633789062,167.58999633789062,168.5800018310547,361644.0
2024-12-20 14:30:00-05:00,168.5800018310547,168.8300018310547,167.88999938964844,168.33999633789062,427751.0
2024-12-20 15:30:00-05:00,168.32000732421875,168.9600067138672,167.66000366210938,168.4199981689453,1008252.0
2024-12-20 16:00:00-05:00,168.37,169.2,103.866,103.866,0.0
2024-12-20 17:00:00-05:00,168.48,169.2,136.6853,169.06,0.0
2024-12-20 18:00:00-05:00,169.2,169.21,168.37,169.2,0.0
2024-12-23 04:00:00-05:00,168.5,169.44,168.5,169.31,0.0
2024-12-23 05:00:00-05:00,169.16,169.43,169.1,169.1,0.0
2024-12-23 06:00:00-05:00,169.1,169.43,168.76,168.76,0.0
2024-12-23 07:00:00-05:00,168.8,168.8,167.76,167.76,0.0
2024-12-23 08:00:00-05:00,167.76,170.0,167.58,168.25,0.0
2024-12-23 09:00:00-05:00,168.25,168.6951,163.795,168.0,0.0
2024-12-23 09:30:00-05:00,168.1199951171875,168.28500366210938,166.5500030517578,167.32179260253906,569523.0
2024-12-23 10:30:00-05:00,167.39500427246094,167.79849243164062,166.88999938964844,167.74000549316406,305675.0
2024-12-23 11:30:00-05:00,167.76499938964844,168.85000610351562,167.49000549316406,168.80999755859375,415322.0
2024-12-23 12:30:00-05:00,168.7899932861328,168.85000610351562,168.31500244140625,168.6750030517578,368876.0
2024-12-23 13:30:00-05:00,168.6750030517578,168.8249969482422,168.26010131835938,168.4199981689453,386794.0
2024-12-23 14:30:00-05:00,168.4499969482422,168.58999633789062,168.0,168.48500061035156,388026.0
2024-12-23 15:30:00-05:00,168.47300720214844,169.3300018310547,168.43099975585938,168.91000366210938,593809.0
2024-12-23 16:00:00-05:00,169.02,171.27,168.5,169.03,0.0
2024-12-23 17:00:00-05:00,169.04,169.35,168.5,168.99,0.0
2024-12-23 18:00:00-05:00,168.99,169.45,168.5,169.0,0.0
2024-12-24 04:00:00-05:00,169.06,169.25,169.06,169.25,0.0
2024-12-24 05:00:00-05:00,,,,,
2024-12-24 06:00:00-05:00,169.06,169.06,169.06,169.06,0.0
2024-12-24 07:00:00-05:00,169.06,169.22,169.02,169.02,0.0
2024-12-24 08:00:00-05:00,169.02,169.45,168.5,169.13,0.0
2024-12-24 09:00:00-05:00,169.0,169.14,168.8,169.0001,0.0
2024-12-24 09:30:00-05:00,169.24000549316406,170.39999389648438,168.85000610351562,170.1300048828125,486585.0
2024-12-24 10:30:00-05:00,170.2100067138672,170.89999389648438,170.16000366210938,170.35000610351562,430889.0
2024-12-24 11:30:00-05:00,170.3300018310547,170.64500427246094,169.9508056640625,170.1699981689453,368337.0
2024-12-24 13:00:00-05:00,170.15499877929688,171.49000549316406,169.99000549316406,171.22000122070312,0.0
2024-12-24 14:00:00-05:00,171.21,171.49,168.5,171.4899,0.0
2024-12-24 15:00:00-05:00,171.4895,171.49,171.23,171.49,0.0
2024-12-24 16:00:00-05:00,171.23,171.49,171.23,171.49,0.0
2024-12-26 04:00:00-05:00,171.86,172.0,170.8,171.35,0.0
2024-12-26 05:00:00-05:00,170.81,171.34,170.01,171.29,0.0
2024-12-26 06:00:00-05:00,171.29,171.29,171.23,171.23,0.0
2024-12-26 07:00:00-05:00,170.5,171.23,170.5,170.94,0.0
2024-12-26 08:00:00-05:00,170.88,172.0,169.8138,170.9,0.0
2024-12-26 09:00:00-05:00,170.67,170.93,170.55,170.74,0.0
2024-12-26 09:30:00-05:00,171.02000427246094,171.9199981689453,170.1300048828125,171.25,375207.0
2024-12-26 10:30:00-05:00,171.30999755859375,171.71499633789062,170.83999633789062,171.6999969482422,411136.0
2024-12-26 11:30:00-05:00,171.67999267578125,172.6699981689453,171.67999267578125,172.4199981689453,352787.0
2024-12-26 12:30:00-05:00,172.44000244140625,172.47000122070312,171.52999877929688,171.68499755859375,351850.0
2024-12-26 13:30:00-05:00,171.68499755859375,171.72000122070312,171.44000244140625,171.52000427246094,319539.0
2024-12-26 14:30:00-05:00,171.5399932861328,172.19000244140625,171.5399932861328,172.00999450683594,317504.0
2024-12-26 15:30:00-05:00,172.0,172.3800048828125,171.8800048828125,172.14999389648438,462822.0
2024-12-26 16:00:00-05:00,172.15,172.65,170.02,172.0,0.0
2024-12-26 17:00:00-05:00,172.15,181.15,164.8,171.67,0.0
2024-12-26 18:00:00-05:00,172.27,172.3,171.67,172.03,0.0
2024-12-27 04:00:00-05:00,171.79,171.79,171.17,171.69,0.0
2024-12-27 05:00:00-05:00,171.69,171.69,171.14,171.58,0.0
2024-12-27 06:00:00-05:00,171.58,171.58,171.15,171.15,0.0
2024-12-27 07:00:00-05:00,171.58,171.8,171.51,171.75,0.0
2024-12-27 08:00:00-05:00,171.59,172.44,171.147,172.0,0.0
2024-12-27 09:00:00-05:00,171.68,171.69,170.28,170.95,0.0
2024-12-27 09:30:00-05:00,170.8800048828125,171.46499633789062,169.74000549316406,170.0,521102.0
2024-12-27 10:30:00-05:00,170.00250244140625,170.8800048828125,169.75,170.3300018310547,512193.0
2024-12-27 11:30:00-05:00,170.38499450683594,170.47500610351562,169.14999389648438,169.3249969482422,332188.0
2024-12-27 12:30:00-05:00,169.3249969482422,169.49989318847656,168.97999572753906,169.2899932861328,298519.0
2024-12-27 13:30:00-05:00,169.27999877929688,170.08999633789062,169.25999450683594,169.88999938964844,181660.0
2024-12-27 14:30:00-05:00,169.91000366210938,170.31500244140625,169.68499755859375,169.88999938964844,225215.0
2024-12-27 15:30:00-05:00,169.7899932861328,170.33999633789062,169.35000610351562,170.1300048828125,466339.0
2024-12-27 16:00:00-05:00,170.13,171.0,169.0,170.08,0.0
2024-12-27 17:00:00-05:00,170.08,170.78,169.85,169.97,0.0
2024-12-27 18:00:00-05:00,169.97,171.0,169.39,170.0,0.0
2024-12-30 04:00:00-05:00,169.92,170.0,169.1,169.3,0.0
2024-12-30 05:00:00-05:00,169.31,169.32,169.31,169.31,0.0
2024-12-30 06:00:00-05:00,169.39,169.39,169.32,169.32,0.0
2024-12-30 07:00:00-05:00,169.36,169.83,169.32,169.72,0.0
2024-12-30 08:00:00-05:00,169.45,170.45,168.3613,168.99,0.0
2024-12-30 09:00:00-05:00,168.43,169.04,167.6,168.27,0.0
2024-12-30 09:30:00-05:00,167.1999969482422,168.07000732421875,166.01170349121094,166.3249969482422,400221.0
2024-12-30 10:30:00-05:00,166.27000427246094,167.91000366210938,166.11000061035156,167.88999938964844,250991.0
2024-12-30 11:30:00-05:00,167.88999938964844,168.75,167.8000030517578,168.5800018310547,209152.0
2024-12-30 12:30:00-05:00,168.49000549316406,169.22999572753906,168.1699981689453,168.50999450683594,204386.0
2024-12-30 13:30:00-05:00,168.47000122070312,169.02999877929688,168.25,168.66000366210938,200280.0
2024-12-30 14:30:00-05:00,168.6199951171875,168.9149932861328,168.27999877929688,168.35130310058594,237067.0
2024-12-30 15:30:00-05:00,168.3800048828125,168.6699981689453,167.9499969482422,168.02000427246094,470790.0
2024-12-30 16:00:00-05:00,168.05,177.1356,141.2938,167.7401,0.0
2024-12-30 17:00:00-05:00,167.74,168.1,145.0556,167.75,0.0
2024-12-30 18:00:00-05:00,167.75,168.1,167.75,167.76,0.0
2024-12-31 04:00:00-05:00,167.82,168.33,167.09,168.33,0.0
2024-12-31 05:00:00-05:00,167.82,167.82,167.82,167.82,0.0
2024-12-31 06:00:00-05:00,168.1,168.76,168.08,168.49,0.0
2024-12-31 07:00:00-05:00,168.9,168.9,168.4,168.9,0.0
2024-12-31 08:00:00-05:00,168.9,169.25,166.0,168.54,0.0
2024-12-31 09:00:00-05:00,168.56,169.0,168.1,168.85,0.0
2024-12-31 09:30:00-05:00,168.5,168.5469970703125,167.02999877929688,167.64999389648438,322987.0
2024-12-31 10:30:00-05:00,167.66000366210938,167.72000122070312,166.6999969482422,166.74000549316406,272373.0
2024-12-31 11:30:00-05:00,166.7449951171875,167.01499938964844,166.49000549316406,166.49000549316406,208298.0
2024-12-31 12:30:00-05:00,166.49000549316406,167.02999877929688,166.14999389648438,166.34500122070312,218209.0
2024-12-31 13:30:00-05:00,166.3000030517578,167.0,166.25999450683594,166.4199981689453,208117.0
2024-12-31 14:30:00-05:00,166.375,167.0399932861328,166.27000427246094,166.97999572753906,281946.0
2024-12-31 15:30:00-05:00,166.97999572753906,167.0399932861328,166.33999633789062,166.82000732421875,524245.0
2024-12-31 16:00:00-05:00,166.81,169.0,166.06,166.79,0.0
2024-12-31 17:00:00-05:00,167.079,167.78,166.34,167.1,0.0
2024-12-31 18:00:00-05:00,167.1,167.1,166.06,166.77,0.0
2025-01-02 04:00:00-05:00,167.78,167.78,167.2,167.2,0.0
2025-01-02 05:00:00-05:00,167.2,167.8,167.2,167.79,0.0
2025-01-02 06:00:00-05:00,167.79,167.83,167.2,167.53,0.0
2025-01-02 07:00:00-05:00,167.53,168.35,167.34,168.35,0.0
2025-01-02 08:00:00-05:00,168.35,168.74,166.79,168.02,0.0
2025-01-02 09:00:00-05:00,168.01,168.3,168.0,168.05,0.0
2025-01-02 09:30:00-05:00,167.9199981689453,170.6999969482422,167.22000122070312,169.8699951171875,781596.0
2025-01-02 10:30:00-05:00,169.76499938964844,170.3300018310547,169.49000549316406,170.14999389648438,480675.0
2025-01-02 11:30:00-05:00,170.11500549316406,170.67999267578125,169.11000061035156,169.19500732421875,313763.0
2025-01-02 12:30:00-05:00,169.1199951171875,169.1699981689453,167.42999267578125,168.0850067138672,250407.0
2025-01-02 13:30:00-05:00,168.0800018310547,168.50999450683594,167.5800018310547,168.41000366210938,302963.0
2025-01-02 14:30:00-05:00,168.35000610351562,168.8800048828125,168.0800018310547,168.72999572753906,306335.0
2025-01-02 15:30:00-05:00,168.77999877929688,169.02000427246094,168.2899932861328,168.61000061035156,512009.0
2025-01-02 16:00:00-05:00,168.62,170.0,167.075,168.5,0.0
2025-01-02 17:00:00-05:00,169.99,169.99,156.7441,168.62,0.0
2025-01-02 18:00:00-05:00,168.61,169.99,167.13,167.25,0.0
2025-01-03 04:00:00-05:00,168.8,169.7,168.8,169.7,0.0
2025-01-03 05:00:00-05:00,169.1,169.7,169.01,169.01,0.0
2025-01-03 06:00:00-05:00,169.01,169.69,169.01,169.69,0.0
2025-01-03 07:00:00-05:00,169.31,169.7,168.81,169.23,0.0
2025-01-03 08:00:00-05:00,168.81,170.01,168.6313,168.9,0.0
2025-01-03 09:00:00-05:00,168.9,170.01,168.9,169.2,0.0
2025-01-03 09:30:00-05:00,169.22000122070312,171.7899932861328,169.0,171.36500549316406,534861.0
2025-01-03 10:30:00-05:00,171.39500427246094,172.05999755859375,171.06080627441406,171.25999450683594,386298.0
2025-01-03 11:30:00-05:00,171.2899932861328,172.13999938964844,171.25999450683594,171.88999938964844,320951.0
2025-01-03 12:30:00-05:00,171.875,172.53500366210938,171.875,172.44000244140625,266613.0
2025-01-03 13:30:00-05:00,172.47999572753906,172.6300048828125,171.9927978515625,172.35000610351562,316174.0
2025-01-03 14:30:00-05:00,172.36680603027344,172.44000244140625,171.91749572753906,172.27999877929688,312255.0
2025-01-03 15:30:00-05:00,172.25999450683594,172.25999450683594,171.8300018310547,171.97000122070312,600705.0
2025-01-03 16:00:00-05:00,171.98,172.39,169.146,169.146,0.0
2025-01-03 17:00:00-05:00,171.7,172.29,171.7,171.7338,0.0
2025-01-03 18:00:00-05:00,172.0,172.29,171.7,172.2757,0.0
2025-01-06 04:00:00-05:00,173.5,173.51,172.29,172.29,0.0
2025-01-06 05:00:00-05:00,172.71,172.96,172.67,172.8,0.0
2025-01-06 06:00:00-05:00,172.8,172.98,172.11,172.98,0.0
2025-01-06 07:00:00-05:00,173.0,173.33,172.99,173.27,0.0
2025-01-06 08:00:00-05:00,173.24,173.69,171.73,172.93,0.0
2025-01-06 09:00:00-05:00,172.56,173.2,171.96,173.18,0.0
2025-01-06 09:30:00-05:00,173.14999389648438,173.67999267578125,171.17999267578125,173.67999267578125,948946.0
2025-01-06 10:30:00-05:00,173.6199951171875,173.67999267578125,172.27999877929688,172.48500061035156,628431.0
2025-01-06 11:30:00-05:00,172.4499969482422,173.19000244140625,172.3800048828125,172.77000427246094,452475.0
2025-01-06 12:30:00-05:00,172.75,173.0,172.0800018310547,172.9600067138672,319051.0
2025-01-06 13:30:00-05:00,172.9600067138672,173.0500030517578,172.27000427246094,172.4499969482422,352283.0
2025-01-06 14:30:00-05:00,172.3800048828125,172.6699981689453,172.19000244140625,172.5850067138672,482149.0
2025-01-06 15:30:00-05:00,172.55999755859375,172.63499450683594,172.10000610351562,172.49000549316406,813399.0
2025-01-06 16:00:00-05:00,172.53,173.66,171.0,171.7,0.0
2025-01-06 17:00:00-05:00,171.7,172.95,171.7,172.79,0.0
2025-01-06 18:00:00-05:00,172.21,172.95,172.21,172.35,0.0
2025-01-07 04:00:00-05:00,172.77,172.9,172.45,172.57,0.0
2025-01-07 05:00:00-05:00,172.94,172.94,172.51,172.92,0.0
2025-01-07 06:00:00-05:00,172.62,172.97,172.62,172.9,0.0
2025-01-07 07:00:00-05:00,172.92,172.92,172.51,172.76,0.0
2025-01-07 08:00:00-05:00,172.68,172.94,172.0525,172.51,0.0
2025-01-07 09:00:00-05:00,172.55,173.09,172.51,172.84,0.0
2025-01-07 09:30:00-05:00,172.22000122070312,172.63999938964844,170.77999877929688,171.72500610351562,961440.0
2025-01-07 10:30:00-05:00,171.71749877929688,172.77499389648438,171.27000427246094,172.55999755859375,483690.0
2025-01-07 11:30:00-05:00,172.55999755859375,173.35000610351562,172.31199645996094,173.0800018310547,503007.0
2025-01-07 12:30:00-05:00,173.0800018310547,173.66000366210938,172.6300048828125,173.55999755859375,600812.0
2025-01-07 13:30:00-05:00,173.52999877929688,173.6199951171875,172.6800994873047,173.6199951171875,555746.0
2025-01-07 14:30:00-05:00,173.58999633789062,173.6999969482422,172.30999755859375,172.5800018310547,614776.0
2025-01-07 15:30:00-05:00,172.60000610351562,172.69000244140625,172.02999877929688,172.33999633789062,1679172.0
2025-01-07 16:00:00-05:00,172.31,173.2,172.0,172.6,0.0
2025-01-07 17:00:00-05:00,172.0,173.2,172.0,172.42,0.0
2025-01-07 18:00:00-05:00,172.42,173.1,172.0,172.31,0.0
2025-01-08 04:00:00-05:00,172.31,172.82,172.23,172.5,0.0
2025-01-08 05:00:00-05:00,172.09,172.09,172.09,172.09,0.0
2025-01-08 06:00:00-05:00,172.09,172.09,172.09,172.09,0.0
2025-01-08 07:00:00-05:00,172.13,172.13,171.56,172.06,0.0
2025-01-08 08:00:00-05:00,172.09,172.78,170.9085,171.62,0.0
2025-01-08 09:00:00-05:00,171.97,172.1,170.73,171.16,0.0
2025-01-08 09:30:00-05:00,172.0,173.0399932861328,170.7100067138672,171.53500366210938,543822.0
2025-01-08 10:30:00-05:00,171.52999877929688,172.57000732421875,171.52999877929688,172.4600067138672,472631.0
2025-01-08 11:30:00-05:00,172.5,173.02999877929688,172.1300048828125,172.14999389648438,263541.0
2025-01-08 12:30:00-05:00,172.1300048828125,173.11000061035156,171.9499969482422,172.9149932861328,308164.0
2025-01-08 13:30:00-05:00,172.91000366210938,173.5800018310547,172.4499969482422,173.4949951171875,338376.0
2025-01-08 14:30:00-05:00,173.47999572753906,173.4949951171875,172.77000427246094,173.03500366210938,562973.0
2025-01-08 15:30:00-05:00,173.02999877929688,173.49000549316406,172.7100067138672,172.8800048828125,756430.0
2025-01-08 16:00:00-05:00,172.89,173.49,170.18,173.1,0.0
2025-01-08 17:00:00-05:00,173.5,173.5,171.0,172.91,0.0
2025-01-08 18:00:00-05:00,172.895,173.0,172.29,172.8,0.0
2025-01-10 04:00:00-05:00,173.2,173.5,172.13,172.3,0.0
2025-01-10 05:00:00-05:00,172.67,172.72,172.31,172.31,0.0
2025-01-10 06:00:00-05:00,172.31,172.5,172.31,172.5,0.0
2025-01-10 07:00:00-05:00,172.5,172.98,172.5,172.56,0.0
2025-01-10 08:00:00-05:00,172.67,172.89,172.0,172.59,0.0
2025-01-10 09:00:00-05:00,172.59,172.6,170.19,170.37,0.0
2025-01-10 09:30:00-05:00,171.9499969482422,172.44000244140625,170.74000549316406,172.3800048828125,889472.0
2025-01-10 10:30:00-05:00,172.36000061035156,172.6199951171875,171.5800018310547,171.92999267578125,656297.0
2025-01-10 11:30:00-05:00,171.91000366210938,172.60000610351562,171.61500549316406,172.58999633789062,494834.0
2025-01-10 12:30:00-05:00,172.5800018310547,173.1699981689453,172.10000610351562,172.97000122070312,514076.0
2025-01-10 13:30:00-05:00,173.02999877929688,173.4600067138672,172.26499938964844,172.6199951171875,434126.0
2025-01-10 14:30:00-05:00,172.6199951171875,172.72000122070312,171.8300018310547,171.8800048828125,444369.0
2025-01-10 15:30:00-05:00,171.8800048828125,171.97000122070312,171.30999755859375,171.75,705950.0
2025-01-10 16:00:00-05:00,171.69,172.8,171.0,171.6,0.0
2025-01-10 17:00:00-05:00,171.69,172.5,171.0,171.05,0.0
2025-01-10 18:00:00-05:00,171.64,172.5,171.12,171.855,0.0
2025-01-13 04:00:00-05:00,172.0,172.0,170.56,170.62,0.0
2025-01-13 05:00:00-05:00,170.5,170.53,170.22,170.3,0.0
2025-01-13 06:00:00-05:00,170.07,170.24,169.99,170.18,0.0
2025-01-13 07:00:00-05:00,170.18,170.61,170.01,170.51,0.0
2025-01-13 08:00:00-05:00,170.51,171.88,169.8017,170.51,0.0
2025-01-13 09:00:00-05:00,170.6,171.28,170.35,170.9058,0.0
2025-01-13 09:30:00-05:00,169.50999450683594,172.52000427246094,169.0,170.9199981689453,918433.0
2025-01-13 10:30:00-05:00,170.9199981689453,171.38999938964844,169.42999267578125,170.30999755859375,686775.0
2025-01-13 11:30:00-05:00,170.30999755859375,171.0299072265625,169.99000549316406,170.8679962158203,409447.0
2025-01-13 12:30:00-05:00,170.8300018310547,171.0800018310547,170.19000244140625,171.01499938964844,399156.0
2025-01-13 13:30:00-05:00,171.02999877929688,171.64999389648438,170.8000030517578,171.6199951171875,557703.0
2025-01-13 14:30:00-05:00,171.61000061035156,172.42999267578125,171.2899932861328,171.59500122070312,719684.0
2025-01-13 15:30:00-05:00,171.60000610351562,171.8699951171875,171.2899932861328,171.57000732421875,911605.0
2025-01-13 16:00:00-05:00,171.57,172.95,169.07,171.59,0.0
2025-01-13 17:00:00-05:00,171.59,177.1356,169.9,171.62,0.0
2025-01-13 18:00:00-05:00,170.19,172.06,170.19,171.89,0.0
2025-01-14 04:00:00-05:00,171.63,172.38,171.63,172.35,0.0
2025-01-14 05:00:00-05:00,172.35,172.44,171.96,172.41,0.0
2025-01-14 06:00:00-05:00,172.36,172.52,172.36,172.5,0.0
2025-01-14 07:00:00-05:00,172.5,172.5,171.99,171.99,0.0
2025-01-14 08:00:00-05:00,171.99,173.32,171.45,171.57,0.0
2025-01-14 09:00:00-05:00,171.9,173.4,171.46,172.8,0.0
2025-01-14 09:30:00-05:00,173.11000061035156,175.22000122070312,172.39500427246094,174.9199981689453,1132457.0
2025-01-14 10:30:00-05:00,174.9199981689453,176.14999389648438,174.1300048828125,175.0,757541.0
2025-01-14 11:30:00-05:00,175.02999877929688,175.25,173.52999877929688,174.00999450683594,591894.0
2025-01-14 12:30:00-05:00,174.0084991455078,175.94000244140625,173.68499755859375,175.88999938964844,427654.0
2025-01-14 13:30:00-05:00,175.91000366210938,177.72000122070312,175.697998046875,177.19000244140625,633696.0
2025-01-14 14:30:00-05:00,177.22000122070312,177.89999389648438,176.02999877929688,176.41000366210938,1147998.0
2025-01-14 15:30:00-05:00,176.4149932861328,177.0,175.43499755859375,176.85000610351562,983013.0
2025-01-14 16:00:00-05:00,176.86,177.2,175.55,176.88,0.0
2025-01-14 17:00:00-05:00,176.92,177.0,176.55,176.95,0.0
2025-01-14 18:00:00-05:00,176.95,177.0,176.86,176.95,0.0
2025-01-15 04:00:00-05:00,177.0,177.0,176.77,176.77,0.0
2025-01-15 05:00:00-05:00,176.75,176.87,176.74,176.87,0.0
2025-01-15 06:00:00-05:00,176.88,177.0,176.87,177.0,0.0
2025-01-15 07:00:00-05:00,177.0,177.15,177.0,177.14,0.0
2025-01-15 08:00:00-05:00,177.1,178.0,176.58,177.0,0.0
2025-01-15 09:00:00-05:00,177.5,179.96,177.03,179.88,0.0
2025-01-15 09:30:00-05:00,179.07000732421875,180.875,178.8800048828125,180.10000610351562,1420443.0
2025-01-15 10:30:00-05:00,180.1300048828125,180.27000427246094,179.50999450683594,179.9600067138672,798091.0
2025-01-15 11:30:00-05:00,179.96499633789062,180.3350067138672,179.47000122070312,180.02000427246094,518110.0
2025-01-15 12:30:00-05:00,179.97999572753906,180.0500030517578,178.96499633789062,179.6999969482422,893940.0
2025-01-15 13:30:00-05:00,179.69000244140625,180.0800018310547,179.45249938964844,179.96499633789062,794277.0
2025-01-15 14:30:00-05:00,179.97000122070312,180.2100067138672,179.80999755859375,180.08999633789062,677037.0
2025-01-15 15:30:00-05:00,180.08999633789062,180.47000122070312,180.02000427246094,180.27000427246094,863545.0
2025-01-15 16:00:00-05:00,180.29,180.5,178.21,178.5,0.0
2025-01-15 17:00:00-05:00,180.41,180.5,178.55,180.45,0.0
2025-01-15 18:00:00-05:00,180.45,180.6355,180.0,180.6355,0.0
2025-01-16 04:00:00-05:00,180.51,181.0,180.51,180.76,0.0
2025-01-16 05:00:00-05:00,180.76,181.0,180.76,180.77,0.0
2025-01-16 06:00:00-05:00,180.78,180.98,180.75,180.79,0.0
2025-01-16 07:00:00-05:00,180.79,180.9,180.53,180.53,0.0
2025-01-16 08:00:00-05:00,180.62,181.2567,179.8203,180.82,0.0
2025-01-16 09:00:00-05:00,181.0,181.02,180.01,181.0,0.0
2025-01-16 09:30:00-05:00,181.67999267578125,182.8800048828125,179.85000610351562,180.36000061035156,568583.0
2025-01-16 10:30:00-05:00,180.3699951171875,181.35000610351562,179.8574981689453,180.69500732421875,1081875.0
2025-01-16 11:30:00-05:00,180.69500732421875,180.6999969482422,180.0500030517578,180.435302734375,327812.0
2025-01-16 12:30:00-05:00,180.38999938964844,180.85000610351562,180.00999450683594,180.49000549316406,820672.0
2025-01-16 13:30:00-05:00,180.44000244140625,180.4499969482422,179.36000061035156,179.51499938964844,834843.0
2025-01-16 14:30:00-05:00,179.5399932861328,179.55999755859375,178.61610412597656,178.875,941269.0
2025-01-16 15:30:00-05:00,178.89999389648438,180.3990020751953,178.77000427246094,179.74000549316406,663362.0
2025-01-16 16:00:00-05:00,179.74,180.53,178.21,179.74,0.0
2025-01-16 17:00:00-05:00,179.74,179.74,179.25,179.6,0.0
2025-01-16 18:00:00-05:00,179.71,179.74,179.28,179.74,0.0
2025-01-17 04:00:00-05:00,180.77,180.77,179.72,180.16,0.0
2025-01-17 05:00:00-05:00,180.16,180.21,180.16,180.21,0.0
2025-01-17 06:00:00-05:00,180.21,180.21,180.17,180.17,0.0
2025-01-17 07:00:00-05:00,180.17,180.48,179.98,180.28,0.0
2025-01-17 08:00:00-05:00,180.28,180.5,179.74,180.5,0.0
2025-01-17 09:00:00-05:00,180.31,181.35,180.19,180.98,0.0
2025-01-17 09:30:00-05:00,180.77999877929688,182.30999755859375,179.9600067138672,182.0449981689453,1384910.0
2025-01-17 10:30:00-05:00,182.0500030517578,182.8699951171875,181.9199981689453,182.5399932861328,533226.0
2025-01-17 11:30:00-05:00,182.58999633789062,182.86000061035156,182.10000610351562,182.6300048828125,957936.0
2025-01-17 12:30:00-05:00,182.50999450683594,182.8699951171875,182.27000427246094,182.75,297523.0
2025-01-17 13:30:00-05:00,182.74000549316406,182.85000610351562,182.10000610351562,182.14059448242188,507832.0
2025-01-17 14:30:00-05:00,182.1999969482422,182.72999572753906,182.1403045654297,182.60000610351562,509299.0
2025-01-17 15:30:00-05:00,182.5861053466797,183.19000244140625,182.5399932861328,182.80999755859375,624698.0
2025-01-17 16:00:00-05:00,182.85,183.17,172.925,183.0,0.0
2025-01-17 17:00:00-05:00,182.35,183.0,169.146,181.8365,0.0
2025-01-17 18:00:00-05:00,182.86,182.87,181.81,182.34,0.0
2025-01-21 04:00:00-05:00,183.68,183.68,182.85,183.52,0.0
2025-01-21 05:00:00-05:00,183.56,184.0,183.53,183.97,0.0
2025-01-21 06:00:00-05:00,183.97,183.99,183.5,183.52,0.0
2025-01-21 07:00:00-05:00,183.51,184.22,183.34,184.22,0.0
2025-01-21 08:00:00-05:00,184.1,184.59,182.85,183.75,0.0
2025-01-21 09:00:00-05:00,183.72,184.97,180.595,184.86,0.0
2025-01-21 09:30:00-05:00,184.89999389648438,186.57000732421875,184.50999450683594,186.4149932861328,946360.0
2025-01-21 10:30:00-05:00,186.33999633789062,187.49000549316406,186.27499389648438,186.67999267578125,669844.0
2025-01-21 11:30:00-05:00,186.67999267578125,187.6699981689453,186.35000610351562,187.4550018310547,534544.0
2025-01-21 12:30:00-05:00,187.49000549316406,189.32000732421875,187.08999633789062,188.60000610351562,1331149.0
2025-01-21 13:30:00-05:00,188.60000610351562,189.1300048828125,188.1699981689453,188.19000244140625,827547.0
2025-01-21 14:30:00-05:00,188.14999389648438,188.47000122070312,187.57000732421875,188.14999389648438,1078971.0
2025-01-21 15:30:00-05:00,188.125,188.16000366210938,187.25,187.59500122070312,923968.0
2025-01-21 16:00:00-05:00,187.59,188.1,187.0,187.5,0.0
2025-01-21 17:00:00-05:00,187.5,192.4611,187.5,187.5,0.0
2025-01-21 18:00:00-05:00,187.65,188.0,187.2,187.6,0.0
2025-01-22 04:00:00-05:00,187.91,188.2,187.89,188.2,0.0
2025-01-22 05:00:00-05:00,188.07,188.21,187.55,187.66,0.0
2025-01-22 06:00:00-05:00,187.66,187.8,187.61,187.8,0.0
2025-01-22 07:00:00-05:00,187.66,188.24,187.66,188.01,0.0
2025-01-22 08:00:00-05:00,188.23,189.07,187.5,188.25,0.0
2025-01-22 09:00:00-05:00,188.25,188.45,187.81,188.4425,0.0
2025-01-22 09:30:00-05:00,188.0800018310547,188.4600067138672,186.61000061035156,187.52499389648438,1536874.0
2025-01-22 10:30:00-05:00,187.58999633789062,187.75999450683594,186.77000427246094,187.44500732421875,866653.0
2025-01-22 11:30:00-05:00,187.5,187.9600067138672,187.22000122070312,187.72500610351562,564207.0
2025-01-22 12:30:00-05:00,187.73049926757812,187.83999633789062,186.99000549316406,187.52349853515625,1033286.0
2025-01-22 13:30:00-05:00,187.58999633789062,187.8300018310547,187.25,187.60330200195312,577898.0
2025-01-22 14:30:00-05:00,187.5675048828125,189.1699981689453,187.5675048828125,188.81500244140625,775512.0
2025-01-22 15:30:00-05:00,188.77999877929688,189.24000549316406,188.13999938964844,188.3000030517578,1123220.0
2025-01-22 16:00:00-05:00,188.36,189.0,187.6,188.36,0.0
2025-01-22 17:00:00-05:00,188.89,188.93,188.55,188.8,0.0
2025-01-22 18:00:00-05:00,188.7,188.78,188.17,188.25,0.0
2025-01-23 04:00:00-05:00,188.0,188.0,185.51,186.5,0.0
2025-01-23 05:00:00-05:00,186.01,186.51,185.03,186.22,0.0
2025-01-23 06:00:00-05:00,186.2,198.6,185.96,197.83,0.0
2025-01-23 07:00:00-05:00,197.99,203.57,197.78,199.72,0.0
2025-01-23 08:00:00-05:00,199.7,206.49,185.2744,203.3913,0.0
2025-01-23 09:00:00-05:00,203.06,203.55,201.2,201.4,0.0
2025-01-23 09:30:00-05:00,201.39999389648438,207.64999389648438,198.10000610351562,199.72000122070312,6663412.0
2025-01-23 10:30:00-05:00,199.57000732421875,202.60000610351562,199.50999450683594,201.38999938964844,1669291.0
2025-01-23 11:30:00-05:00,201.36500549316406,202.4324951171875,200.02999877929688,200.4499969482422,1038481.0
2025-01-23 12:30:00-05:00,200.49000549316406,201.91000366210938,200.49000549316406,201.00999450683594,751878.0
2025-01-23 13:30:00-05:00,201.10499572753906,201.2899932861328,199.82000732421875,200.50999450683594,847327.0
2025-01-23 14:30:00-05:00,200.5,201.47000122070312,200.0,200.38999938964844,929972.0
2025-01-23 15:30:00-05:00,200.47500610351562,201.23500061035156,200.32000732421875,200.77000427246094,1292215.0
2025-01-23 16:00:00-05:00,200.75,201.4758,200.2,200.28,0.0
2025-01-23 17:00:00-05:00,200.38,201.0,200.2,200.7875,0.0
2025-01-23 18:00:00-05:00,200.8,200.8,200.3,200.5,0.0
2025-01-24 04:00:00-05:00,200.61,201.45,200.61,201.23,0.0
2025-01-24 05:00:00-05:00,201.29,201.32,200.5,201.01,0.0
2025-01-24 06:00:00-05:00,200.97,201.06,200.54,201.06,0.0
2025-01-24 07:00:00-05:00,201.49,201.99,201.01,201.31,0.0
2025-01-24 08:00:00-05:00,201.35,201.84,200.0727,201.48,0.0
2025-01-24 09:00:00-05:00,201.48,201.9,201.16,201.46,0.0
2025-01-24 09:30:00-05:00,202.5,203.0,195.52000427246094,197.61000061035156,1851236.0
2025-01-24 10:30:00-05:00,197.61000061035156,198.33999633789062,196.52999877929688,196.84500122070312,712699.0
2025-01-24 11:30:00-05:00,196.90919494628906,197.8917999267578,196.58999633789062,197.24000549316406,1076797.0
2025-01-24 12:30:00-05:00,197.13999938964844,198.0,196.82000732421875,197.11500549316406,512279.0
2025-01-24 13:30:00-05:00,197.1199951171875,197.1999969482422,196.110107421875,196.1699981689453,659891.0
2025-01-24 14:30:00-05:00,196.25999450683594,196.77999877929688,195.91000366210938,196.34500122070312,816448.0
2025-01-24 15:30:00-05:00,196.36000061035156,196.97000122070312,195.92999267578125,196.75999450683594,1037063.0
2025-01-24 16:00:00-05:00,196.82,202.99,195.77,196.92,0.0
2025-01-24 17:00:00-05:00,197.0,197.0,196.49,196.8,0.0
2025-01-24 18:00:00-05:00,196.49,197.0,196.49,197.0,0.0
2025-01-27 04:00:00-05:00,195.21,195.45,192.02,193.12,0.0
2025-01-27 05:00:00-05:00,193.11,194.5,193.01,194.38,0.0
2025-01-27 06:00:00-05:00,194.34,194.34,193.12,193.56,0.0
2025-01-27 07:00:00-05:00,193.3,195.44,193.03,194.64,0.0
2025-01-27 08:00:00-05:00,194.6,195.39,190.01,194.34,0.0
2025-01-27 09:00:00-05:00,194.71,195.5,193.33,193.5217,0.0
2025-01-27 09:30:00-05:00,194.33999633789062,196.62989807128906,193.07000732421875,195.0726318359375,1345022.0
2025-01-27 10:30:00-05:00,194.97000122070312,195.9199981689453,193.63999938964844,193.72000122070312,901471.0
2025-01-27 11:30:00-05:00,193.6999969482422,194.97000122070312,193.44000244140625,194.77999877929688,563214.0
2025-01-27 12:30:00-05:00,194.77999877929688,195.03500366210938,192.74000549316406,192.85499572753906,667592.0
2025-01-27 13:30:00-05:00,192.80999755859375,194.36599731445312,192.80999755859375,194.3300018310547,451136.0
2025-01-27 14:30:00-05:00,194.3000030517578,194.33999633789062,193.05999755859375,194.00999450683594,555848.0
2025-01-27 15:30:00-05:00,194.07000732421875,194.55999755859375,193.61000061035156,194.4499969482422,1043559.0
2025-01-27 16:00:00-05:00,194.51,195.864,194.46,194.99,0.0
2025-01-27 17:00:00-05:00,194.98,194.98,194.46,194.94,0.0
2025-01-27 18:00:00-05:00,194.94,195.04,193.0,194.8,0.0
2025-01-28 04:00:00-05:00,194.99,196.0,194.9,195.33,0.0
2025-01-28 05:00:00-05:00,196.24,196.24,195.35,195.35,0.0
2025-01-28 06:00:00-05:00,195.35,195.61,193.96,193.96,0.0
2025-01-28 07:00:00-05:00,194.49,194.62,193.56,194.45,0.0
2025-01-28 08:00:00-05:00,194.45,195.99,193.59,194.5477,0.0
2025-01-28 09:00:00-05:00,194.9,194.9,194.5,194.9,0.0
2025-01-28 09:30:00-05:00,195.9499969482422,196.5500030517578,192.97500610351562,194.3000030517578,783153.0
2025-01-28 10:30:00-05:00,194.27999877929688,194.47500610351562,191.88999938964844,192.0500946044922,504164.0
2025-01-28 11:30:00-05:00,192.16000366210938,192.9499969482422,191.7899932861328,192.4499969482422,507284.0
2025-01-28 12:30:00-05:00,192.50999450683594,193.47999572753906,192.33999633789062,193.2100067138672,358111.0
2025-01-28 13:30:00-05:00,193.2550048828125,194.19000244140625,193.2550048828125,193.83999633789062,366375.0
2025-01-28 14:30:00-05:00,193.8350067138672,194.42999267578125,193.57000732421875,193.64999389648438,425127.0
2025-01-28 15:30:00-05:00,193.6300048828125,194.5399932861328,193.5,194.4199981689453,781614.0
2025-01-28 16:00:00-05:00,194.42,196.6433,192.34,194.4,0.0
2025-01-28 17:00:00-05:00,194.4,194.4,194.0,194.01,0.0
2025-01-28 18:00:00-05:00,194.15,194.4,194.01,194.25,0.0
2025-01-29 04:00:00-05:00,195.01,195.01,193.71,194.4,0.0
2025-01-29 05:00:00-05:00,194.98,194.99,194.98,194.99,0.0
2025-01-29 06:00:00-05:00,194.41,195.49,194.41,194.5,0.0
2025-01-29 07:00:00-05:00,194.5,194.75,194.1,194.75,0.0
2025-01-29 08:00:00-05:00,194.44,195.9,193.0,194.235,0.0
2025-01-29 09:00:00-05:00,194.88,195.57,171.2495,195.57,0.0
2025-01-29 09:30:00-05:00,194.92999267578125,199.94000244140625,194.9250030517578,198.94430541992188,1022974.0
2025-01-29 10:30:00-05:00,198.99000549316406,199.94000244140625,198.64999389648438,198.97999572753906,542313.0
2025-01-29 11:30:00-05:00,198.94000244140625,199.74000549316406,198.6699981689453,199.14999389648438,475323.0
2025-01-29 12:30:00-05:00,199.1999969482422,199.49000549316406,198.1199951171875,199.39999389648438,321213.0
2025-01-29 13:30:00-05:00,199.39999389648438,199.75770568847656,197.66000366210938,197.7949981689453,434589.0
2025-01-29 14:30:00-05:00,197.72999572753906,199.38650512695312,197.66000366210938,199.22999572753906,668253.0
2025-01-29 15:30:00-05:00,199.25999450683594,199.49949645996094,198.0399932861328,199.08999633789062,1121664.0
2025-01-29 16:00:00-05:00,199.1,199.49,196.0,199.0,0.0
2025-01-29 17:00:00-05:00,199.11,199.55,198.75,198.8,0.0
2025-01-29 18:00:00-05:00,198.8,199.5,198.07,199.475,0.0
2025-01-30 04:00:00-05:00,199.56,199.8,199.47,199.78,0.0
2025-01-30 05:00:00-05:00,199.74,199.95,199.72,199.72,0.0
2025-01-30 06:00:00-05:00,199.72,199.97,199.72,199.9,0.0
2025-01-30 07:00:00-05:00,199.77,199.92,199.45,199.72,0.0
2025-01-30 08:00:00-05:00,199.71,200.79,199.1,200.18,0.0
2025-01-30 09:00:00-05:00,199.86,200.6,199.54,200.16,0.0
2025-01-30 09:30:00-05:00,199.80999755859375,202.5699005126953,199.47999572753906,201.64999389648438,750839.0
2025-01-30 10:30:00-05:00,201.66000366210938,203.22000122070312,201.4499969482422,203.02000427246094,514972.0
2025-01-30 11:30:00-05:00,203.0500030517578,203.72000122070312,202.69000244140625,202.95579528808594,540944.0
2025-01-30 12:30:00-05:00,203.0,204.5,202.85000610351562,204.3800048828125,715835.0
2025-01-30 13:30:00-05:00,204.39999389648438,204.9499969482422,204.19000244140625,204.67999267578125,665871.0
2025-01-30 14:30:00-05:00,204.67999267578125,205.7050018310547,204.32000732421875,205.22000122070312,688448.0
2025-01-30 15:30:00-05:00,205.17999267578125,205.92999267578125,203.83099365234375,205.52999877929688,1403470.0
2025-01-30 16:00:00-05:00,205.57,206.0,203.0,205.75,0.0
2025-01-30 17:00:00-05:00,205.67,205.99,205.57,205.71,0.0
2025-01-30 18:00:00-05:00,205.74,205.99,205.65,205.7001,0.0
2025-01-31 04:00:00-05:00,205.57,206.0,205.57,205.99,0.0
2025-01-31 05:00:00-05:00,205.59,206.0,205.59,205.66,0.0
2025-01-31 06:00:00-05:00,205.66,205.8,205.62,205.8,0.0
2025-01-31 07:00:00-05:00,205.8,205.99,205.72,205.82,0.0
2025-01-31 08:00:00-05:00,205.84,206.91,205.45,205.99,0.0
2025-01-31 09:00:00-05:00,205.85,206.0,204.81,205.33,0.0
2025-01-31 09:30:00-05:00,205.83999633789062,205.83999633789062,203.50999450683594,204.10000610351562,590830.0
2025-01-31 10:30:00-05:00,204.18499755859375,205.8699951171875,203.85000610351562,205.38999938964844,504234.0
2025-01-31 11:30:00-05:00,205.36000061035156,205.75999450683594,205.0,205.47000122070312,328936.0
2025-01-31 12:30:00-05:00,205.4586944580078,205.6699981689453,204.41000366210938,204.4550018310547,325813.0
2025-01-31 13:30:00-05:00,204.4199981689453,204.9199981689453,203.86000061035156,204.24000549316406,593403.0
2025-01-31 14:30:00-05:00,204.25999450683594,204.55999755859375,203.07000732421875,203.48500061035156,540225.0
2025-01-31 15:30:00-05:00,203.5050048828125,204.38999938964844,203.4199981689453,203.67999267578125,822256.0
2025-01-31 16:00:00-05:00,203.57,204.85,203.0,203.8,0.0
2025-01-31 17:00:00-05:00,203.33,204.85,203.0445,203.5,0.0
2025-01-31 18:00:00-05:00,203.59,203.74,203.02,203.05,0.0
2025-02-03 04:00:00-05:00,198.41,200.37,197.91,198.0,0.0
2025-02-03 05:00:00-05:00,198.21,198.54,195.78,197.08,0.0
2025-02-03 06:00:00-05:00,197.08,197.93,197.08,197.56,0.0
2025-02-03 07:00:00-05:00,197.61,198.5,197.3,198.44,0.0
2025-02-03 08:00:00-05:00,198.47,203.57,195.68,198.74,0.0
2025-02-03 09:00:00-05:00,198.98,199.25,197.8,199.25,0.0
2025-02-03 09:30:00-05:00,200.0,202.22000122070312,198.97000122070312,202.13999938964844,841365.0
2025-02-03 10:30:00-05:00,202.08999633789062,204.1699981689453,201.80999755859375,203.67999267578125,494972.0
2025-02-03 11:30:00-05:00,203.67999267578125,204.22999572753906,203.0500030517578,203.2100067138672,312398.0
2025-02-03 12:30:00-05:00,203.11000061035156,203.86000061035156,202.7100067138672,203.48500061035156,284990.0
2025-02-03 13:30:00-05:00,203.52999877929688,204.24000549316406,203.14999389648438,204.1999969482422,375760.0
2025-02-03 14:30:00-05:00,204.22000122070312,204.72999572753906,203.6739959716797,203.69000244140625,422324.0
2025-02-03 15:30:00-05:00,203.7100067138672,204.44000244140625,203.4600067138672,204.1300048828125,626317.0
2025-02-03 16:00:00-05:00,204.15,205.5,202.0,205.0,0.0
2025-02-03 17:00:00-05:00,204.81,205.5,204.81,205.29,0.0
2025-02-03 18:00:00-05:00,205.29,206.0,204.93,205.4,0.0
2025-02-04 04:00:00-05:00,204.19,204.47,203.05,204.07,0.0
2025-02-04 05:00:00-05:00,204.07,204.07,203.69,203.69,0.0
2025-02-04 06:00:00-05:00,203.69,203.76,203.69,203.76,0.0
2025-02-04 07:00:00-05:00,203.76,204.02,203.51,204.0,0.0
2025-02-04 08:00:00-05:00,203.72,205.66,202.8537,204.25,0.0
2025-02-04 09:00:00-05:00,204.47,204.75,203.23,204.0,0.0
2025-02-04 09:30:00-05:00,202.92999267578125,204.5399932861328,201.8300018310547,202.52000427246094,848569.0
2025-02-04 10:30:00-05:00,202.25999450683594,202.30499267578125,200.82000732421875,201.10000610351562,447499.0
2025-02-04 11:30:00-05:00,201.09500122070312,201.7899932861328,200.42999267578125,200.92999267578125,679197.0
2025-02-04 12:30:00-05:00,200.94000244140625,202.1999969482422,200.75,201.9199981689453,459342.0
2025-02-04 13:30:00-05:00,201.91000366210938,202.3314971923828,201.27999877929688,202.25999450683594,437369.0
2025-02-04 14:30:00-05:00,202.3000030517578,202.78500366210938,201.3000030517578,201.57969665527344,623052.0
2025-02-04 15:30:00-05:00,201.5500030517578,202.36000061035156,201.36000061035156,202.17999267578125,824936.0
2025-02-04 16:00:00-05:00,202.13,203.3,200.5,201.52,0.0
2025-02-04 17:00:00-05:00,201.82,202.49,192.4611,202.49,0.0
2025-02-04 18:00:00-05:00,200.75,202.49,200.75,201.53,0.0
2025-02-05 04:00:00-05:00,202.18,202.36,201.11,201.11,0.0
2025-02-05 05:00:00-05:00,201.52,201.52,201.11,201.47,0.0
2025-02-05 06:00:00-05:00,201.47,201.48,201.3,201.48,0.0
2025-02-05 07:00:00-05:00,201.56,201.94,201.23,201.76,0.0
2025-02-05 08:00:00-05:00,201.77,203.2,201.07,202.72,0.0
2025-02-05 09:00:00-05:00,202.72,203.2,202.1,203.2,0.0
2025-02-05 09:30:00-05:00,203.8800048828125,205.27999877929688,201.97999572753906,202.25999450683594,659766.0
2025-02-05 10:30:00-05:00,202.25999450683594,203.91000366210938,201.7899932861328,203.4949951171875,375836.0
2025-02-05 11:30:00-05:00,203.49749755859375,204.4600067138672,203.38999938964844,204.0500030517578,265728.0
2025-02-05 12:30:00-05:00,204.05499267578125,204.5399932861328,204.00999450683594,204.30499267578125,241709.0
2025-02-05 13:30:00-05:00,204.30499267578125,204.8800048828125,204.07020568847656,204.52000427246094,331924.0
2025-02-05 14:30:00-05:00,204.49000549316406,204.8800048828125,204.20010375976562,204.6042938232422,332991.0
2025-02-05 15:30:00-05:00,204.63999938964844,204.8341064453125,204.3800048828125,204.6300048828125,415530.0
2025-02-05 16:00:00-05:00,204.58,204.88,204.5,204.58,0.0
2025-02-05 17:00:00-05:00,204.6,204.87,204.58,204.67,0.0
2025-02-05 18:00:00-05:00,204.58,204.78,204.58,204.59,0.0
2025-02-06 04:00:00-05:00,204.83,205.01,204.6,205.01,0.0
2025-02-06 05:00:00-05:00,205.01,205.01,204.6,204.75,0.0
2025-02-06 06:00:00-05:00,204.99,205.48,204.8,205.14,0.0
2025-02-06 07:00:00-05:00,205.14,205.45,204.86,204.93,0.0
2025-02-06 08:00:00-05:00,204.92,205.5,204.0,205.19,0.0
2025-02-06 09:00:00-05:00,205.27,205.27,204.79,204.81,0.0
2025-02-06 09:30:00-05:00,205.0,206.10000610351562,204.3000030517578,205.25999450683594,467259.0
2025-02-06 10:30:00-05:00,205.27999877929688,205.9600067138672,205.1699981689453,205.75999450683594,410744.0
2025-02-06 11:30:00-05:00,205.75999450683594,206.05999755859375,205.22999572753906,205.61000061035156,352824.0
2025-02-06 12:30:00-05:00,205.64999389648438,205.86500549316406,205.01280212402344,205.16000366210938,278227.0
2025-02-06 13:30:00-05:00,205.2899932861328,205.30999755859375,204.61000061035156,204.74000549316406,240862.0
2025-02-06 14:30:00-05:00,204.6300048828125,205.39999389648438,204.05999755859375,205.3249969482422,319807.0
2025-02-06 15:30:00-05:00,205.35000610351562,206.10000610351562,205.22999572753906,206.05999755859375,441737.0
2025-02-06 16:00:00-05:00,206.02,206.15,204.58,206.06,0.0
2025-02-06 17:00:00-05:00,205.82,206.1,205.53,205.53,0.0
2025-02-06 18:00:00-05:00,206.1,206.1,205.53,206.03,0.0
2025-02-07 04:00:00-05:00,206.35,206.35,206.16,206.16,0.0
2025-02-07 05:00:00-05:00,206.16,206.63,206.16,206.63,0.0
2025-02-07 06:00:00-05:00,206.6,206.6,206.35,206.44,0.0
2025-02-07 07:00:00-05:00,206.49,206.5,205.66,206.06,0.0
2025-02-07 08:00:00-05:00,206.07,206.4772,205.12,206.16,0.0
2025-02-07 09:00:00-05:00,206.34,206.48,205.0467,206.46,0.0
2025-02-07 09:30:00-05:00,206.47999572753906,207.83999633789062,205.61549377441406,206.63999938964844,705238.0
2025-02-07 10:30:00-05:00,206.5500030517578,206.80999755859375,205.1699981689453,205.8699951171875,333913.0
2025-02-07 11:30:00-05:00,205.88999938964844,206.33999633789062,205.25,205.52000427246094,259864.0
2025-02-07 12:30:00-05:00,205.52000427246094,205.94000244140625,205.36000061035156,205.7949981689453,203727.0
2025-02-07 13:30:00-05:00,205.75,205.86000061035156,204.88999938964844,205.0500030517578,268210.0
2025-02-07 14:30:00-05:00,205.02999877929688,205.4600067138672,204.5,204.67999267578125,400040.0
2025-02-07 15:30:00-05:00,204.67999267578125,205.5,204.6199951171875,205.2899932861328,776450.0
2025-02-07 16:00:00-05:00,205.28,205.6,203.96,204.794,0.0
2025-02-07 17:00:00-05:00,205.6,205.6,204.25,205.5,0.0
2025-02-07 18:00:00-05:00,205.59,205.6,204.64,205.6,0.0
2025-02-10 04:00:00-05:00,204.77,205.49,204.04,205.49,0.0
2025-02-10 05:00:00-05:00,205.53,205.53,205.01,205.5,0.0
2025-02-10 06:00:00-05:00,205.5,205.75,205.41,205.54,0.0
2025-02-10 07:00:00-05:00,205.54,205.82,205.19,205.65,0.0
2025-02-10 08:00:00-05:00,205.47,206.05,204.0,205.31,0.0
2025-02-10 09:00:00-05:00,206.0,206.82,205.3101,206.03,0.0
2025-02-10 09:30:00-05:00,206.13999938964844,206.66000366210938,204.5800018310547,204.67999267578125,491097.0
2025-02-10 10:30:00-05:00,204.67999267578125,205.1300048828125,203.39999389648438,204.08999633789062,374379.0
2025-02-10 11:30:00-05:00,204.09300231933594,204.28689575195312,203.70770263671875,204.05999755859375,253236.0
2025-02-10 12:30:00-05:00,204.0500030517578,204.9600067138672,204.0500030517578,204.6699981689453,214747.0
2025-02-10 13:30:00-05:00,204.72000122070312,204.9698944091797,204.39999389648438,204.6750030517578,292477.0
2025-02-10 14:30:00-05:00,204.63999938964844,204.97999572753906,204.5,204.7100067138672,287798.0
2025-02-10 15:30:00-05:00,204.7154998779297,205.5050048828125,204.57000732421875,205.27000427246094,950289.0
2025-02-10 16:00:00-05:00,205.28,205.51,196.0937,205.1,0.0
2025-02-10 17:00:00-05:00,205.0,205.4,203.6,205.01,0.0
2025-02-10 18:00:00-05:00,205.01,205.39,203.6,205.1625,0.0
2025-02-11 04:00:00-05:00,204.66,204.66,204.66,204.66,0.0
2025-02-11 05:00:00-05:00,204.51,204.86,204.39,204.86,0.0
2025-02-11 06:00:00-05:00,204.86,204.99,204.0,204.99,0.0
2025-02-11 07:00:00-05:00,204.99,205.05,204.11,204.2,0.0
2025-02-11 08:00:00-05:00,204.2,205.22,203.7542,204.28,0.0
2025-02-11 09:00:00-05:00,204.28,204.5,198.7443,204.2,0.0
2025-02-11 09:30:00-05:00,205.0,205.5,204.44000244140625,205.27499389648438,390961.0
2025-02-11 10:30:00-05:00,205.2100067138672,207.6300048828125,205.1199951171875,206.9199981689453,552532.0
2025-02-11 11:30:00-05:00,206.97000122070312,207.67999267578125,206.46249389648438,207.49000549316406,420048.0
2025-02-11 12:30:00-05:00,207.4600067138672,207.75,206.88499450683594,207.74000549316406,363851.0
2025-02-11 13:30:00-05:00,207.6699981689453,208.83999633789062,207.63999938964844,208.7449951171875,725300.0
2025-02-11 14:30:00-05:00,208.7449951171875,209.14990234375,208.4499969482422,208.72999572753906,450416.0
2025-02-11 15:30:00-05:00,208.7050018310547,209.1199951171875,208.1199951171875,208.8800048828125,569741.0
2025-02-11 16:00:00-05:00,208.87,209.5,205.405,209.0,0.0
2025-02-11 17:00:00-05:00,209.0,209.31,208.82,209.23,0.0
2025-02-11 18:00:00-05:00,209.0,209.25,209.0,209.0989,0.0
2025-02-12 04:00:00-05:00,207.81,209.0,207.81,209.0,0.0
2025-02-12 05:00:00-05:00,208.97,209.78,208.97,209.31,0.0
2025-02-12 06:00:00-05:00,209.58,209.59,209.11,209.54,0.0
2025-02-12 07:00:00-05:00,209.19,209.54,209.07,209.32,0.0
2025-02-12 08:00:00-05:00,209.09,209.6,208.5,209.4,0.0
2025-02-12 09:00:00-05:00,209.18,209.19,206.7,207.04,0.0
2025-02-12 09:30:00-05:00,206.6999969482422,211.02000427246094,206.13999938964844,209.57000732421875,1054541.0
2025-02-12 10:30:00-05:00,209.58999633789062,210.2100067138672,209.09500122070312,209.7100067138672,529498.0
2025-02-12 11:30:00-05:00,209.71499633789062,210.98989868164062,209.3800048828125,210.81399536132812,431367.0
2025-02-12 12:30:00-05:00,210.74000549316406,211.4199981689453,210.25,210.25,405525.0
2025-02-12 13:30:00-05:00,210.25,210.45249938964844,209.59500122070312,209.91000366210938,381270.0
2025-02-12 14:30:00-05:00,209.9149932861328,210.27000427246094,209.60000610351562,209.75999450683594,408647.0
2025-02-12 15:30:00-05:00,209.74000549316406,209.8300018310547,208.8000030517578,209.58999633789062,710871.0
2025-02-12 16:00:00-05:00,209.57,211.99,208.5,208.5,0.0
2025-02-12 17:00:00-05:00,208.5,210.0,208.5,209.64,0.0
2025-02-12 18:00:00-05:00,210.0,210.5,208.75,210.5,0.0
2025-02-13 04:00:00-05:00,209.59,210.26,208.98,209.25,0.0
2025-02-13 05:00:00-05:00,209.25,209.75,209.25,209.54,0.0
2025-02-13 06:00:00-05:00,209.53,209.53,209.12,209.12,0.0
2025-02-13 07:00:00-05:00,209.12,209.44,208.87,209.41,0.0
2025-02-13 08:00:00-05:00,209.54,210.0,208.1557,210.0,0.0
2025-02-13 09:00:00-05:00,209.92,210.87,207.04,210.82,0.0
2025-02-13 09:30:00-05:00,211.1199951171875,211.3000030517578,207.52659606933594,208.0399932861328,534252.0
2025-02-13 10:30:00-05:00,208.02000427246094,208.88999938964844,206.50999450683594,206.50999450683594,447704.0
2025-02-13 11:30:00-05:00,206.5222930908203,207.6300048828125,206.49000549316406,207.39999389648438,312676.0
2025-02-13 12:30:00-05:00,207.42999267578125,207.74000549316406,206.3000030517578,207.03050231933594,255296.0
2025-02-13 13:30:00-05:00,207.0399932861328,208.0800018310547,206.2666015625,206.72999572753906,352696.0
2025-02-13 14:30:00-05:00,206.75,208.47000122070312,206.66000366210938,208.4499969482422,332955.0
2025-02-13 15:30:00-05:00,208.39999389648438,208.47000122070312,207.79080200195312,208.39999389648438,436044.0
2025-02-13 16:00:00-05:00,208.36,208.36,206.21,208.02,0.0
2025-02-13 17:00:00-05:00,208.299,208.35,206.31,208.01,0.0
2025-02-13 18:00:00-05:00,208.05,208.34,206.31,208.27,0.0
2025-02-14 04:00:00-05:00,209.09,209.1,208.0,208.77,0.0
2025-02-14 05:00:00-05:00,208.77,209.1,208.54,208.65,0.0
2025-02-14 06:00:00-05:00,208.99,208.99,208.29,208.36,0.0
2025-02-14 07:00:00-05:00,208.36,208.82,208.25,208.82,0.0
2025-02-14 08:00:00-05:00,208.82,209.9,207.54,208.9,0.0
2025-02-14 09:00:00-05:00,208.9,209.07,207.91,208.69,0.0
2025-02-14 09:30:00-05:00,208.66000366210938,209.16000366210938,204.97000122070312,206.75999450683594,893823.0
2025-02-14 10:30:00-05:00,206.7550048828125,207.75999450683594,206.0500030517578,206.98500061035156,459360.0
2025-02-14 11:30:00-05:00,206.97000122070312,207.57000732421875,206.64999389648438,207.1999969482422,306200.0
2025-02-14 12:30:00-05:00,207.19000244140625,207.94000244140625,207.10000610351562,207.91000366210938,293832.0
2025-02-14 13:30:00-05:00,207.8800048828125,208.39999389648438,207.85369873046875,208.05999755859375,252202.0
2025-02-14 14:30:00-05:00,208.05999755859375,208.66000366210938,207.9250030517578,208.14500427246094,499680.0
2025-02-14 15:30:00-05:00,208.08999633789062,208.75999450683594,207.64999389648438,208.3000030517578,586410.0
2025-02-14 16:00:00-05:00,208.27,208.95,206.5701,208.4,0.0
2025-02-14 17:00:00-05:00,208.4,208.8,207.44,208.65,0.0
2025-02-14 18:00:00-05:00,207.89,208.75,207.44,208.54,0.0
2025-02-18 04:00:00-05:00,208.3,208.8,208.3,208.71,0.0
2025-02-18 05:00:00-05:00,208.71,209.64,208.71,209.64,0.0
2025-02-18 06:00:00-05:00,209.0,209.42,209.0,209.42,0.0
2025-02-18 07:00:00-05:00,209.42,209.42,209.0,209.2,0.0
2025-02-18 08:00:00-05:00,209.23,209.7,208.27,209.2073,0.0
2025-02-18 09:00:00-05:00,209.7,210.7415,208.61,210.44,0.0
2025-02-18 09:30:00-05:00,209.8699951171875,212.19290161132812,209.8699951171875,211.8699951171875,651255.0
2025-02-18 10:30:00-05:00,211.7899932861328,211.83999633789062,210.5626983642578,211.20199584960938,297749.0
2025-02-18 11:30:00-05:00,211.16000366210938,211.39999389648438,210.02000427246094,210.02000427246094,314622.0
2025-02-18 12:30:00-05:00,210.0399932861328,210.9199981689453,210.0399932861328,210.33749389648438,488435.0
2025-02-18 13:30:00-05:00,210.3885955810547,210.5399932861328,209.5500030517578,209.77999877929688,427459.0
2025-02-18 14:30:00-05:00,209.84500122070312,210.75999450683594,209.8000030517578,210.00999450683594,387416.0
2025-02-18 15:30:00-05:00,210.02999877929688,210.11000061035156,209.32000732421875,210.05999755859375,808628.0
2025-02-18 16:00:00-05:00,210.05,211.0,209.1,209.14,0.0
2025-02-18 17:00:00-05:00,210.08,210.88,209.29,210.88,0.0
2025-02-18 18:00:00-05:00,210.05,210.88,209.0,209.82,0.0
2025-02-19 04:00:00-05:00,210.61,210.87,209.85,210.08,0.0
2025-02-19 05:00:00-05:00,210.61,210.61,210.0,210.52,0.0
2025-02-19 06:00:00-05:00,210.01,210.5,210.01,210.01,0.0
2025-02-19 07:00:00-05:00,210.01,210.5,210.0,210.18,0.0
2025-02-19 08:00:00-05:00,210.18,212.0,202.18,210.2,0.0
2025-02-19 09:00:00-05:00,210.2,210.2,208.84,209.7,0.0
2025-02-19 09:30:00-05:00,209.0399932861328,210.51499938964844,208.88999938964844,209.77999877929688,417785.0
2025-02-19 10:30:00-05:00,209.6999969482422,210.1649932861328,208.8800048828125,209.76499938964844,217450.0
2025-02-19 11:30:00-05:00,209.77000427246094,210.6999969482422,209.75999450683594,210.25999450683594,252648.0
2025-02-19 12:30:00-05:00,210.25999450683594,211.08999633789062,210.05999755859375,210.82000732421875,209472.0
2025-02-19 13:30:00-05:00,210.8699951171875,211.7808074951172,210.8699951171875,211.50010681152344,231502.0
2025-02-19 14:30:00-05:00,211.50999450683594,211.74989318847656,210.15499877929688,210.3000030517578,233162.0
2025-02-19 15:30:00-05:00,210.32000732421875,211.08889770507812,210.0,210.52000427246094,578118.0
2025-02-19 16:00:00-05:00,210.42,210.53,209.75,210.48,0.0
2025-02-19 17:00:00-05:00,210.48,210.5,210.0,210.0289,0.0
2025-02-19 18:00:00-05:00,210.05,210.39,210.0,210.38,0.0
2025-02-20 04:00:00-05:00,210.46,210.46,209.64,210.1,0.0
2025-02-20 05:00:00-05:00,210.32,210.39,209.8,210.27,0.0
2025-02-20 06:00:00-05:00,210.28,210.28,209.54,209.54,0.0
2025-02-20 07:00:00-05:00,209.54,210.26,209.43,209.95,0.0
2025-02-20 08:00:00-05:00,209.81,210.73,209.01,210.26,0.0
2025-02-20 09:00:00-05:00,210.04,210.4,209.02,209.77,0.0
2025-02-20 09:30:00-05:00,209.72999572753906,210.27499389648438,207.14999389648438,209.10000610351562,585507.0
2025-02-20 10:30:00-05:00,209.1699981689453,209.4600067138672,207.25999450683594,208.0749969482422,365763.0
2025-02-20 11:30:00-05:00,208.0800018310547,208.81480407714844,207.3800048828125,208.4600067138672,300645.0
2025-02-20 12:30:00-05:00,208.4199981689453,208.69000244140625,207.27999877929688,207.75,184252.0
2025-02-20 13:30:00-05:00,207.75,208.25,207.63999938964844,208.0449981689453,208361.0
2025-02-20 14:30:00-05:00,208.0052947998047,208.72999572753906,207.86000061035156,208.6313018798828,215986.0
2025-02-20 15:30:00-05:00,208.6649932861328,209.03500366210938,208.4600067138672,208.75999450683594,407229.0
2025-02-20 16:00:00-05:00,208.79,209.95,200.41492,209.95,0.0
2025-02-20 17:00:00-05:00,209.38,209.95,208.12,209.36,0.0
2025-02-20 18:00:00-05:00,208.9,209.53,208.32,209.52,0.0
2025-02-21 04:00:00-05:00,208.74,208.74,207.55,208.45,0.0
2025-02-21 05:00:00-05:00,208.45,208.45,207.9,207.9,0.0
2025-02-21 06:00:00-05:00,207.94,208.39,207.92,208.39,0.0
2025-02-21 07:00:00-05:00,208.34,208.65,208.08,208.65,0.0
2025-02-21 08:00:00-05:00,208.89,209.99,207.51,209.0,0.0
2025-02-21 09:00:00-05:00,208.5,209.15,207.82,208.437,0.0
2025-02-21 09:30:00-05:00,208.36000061035156,209.1199951171875,204.5,204.75999450683594,618096.0
2025-02-21 10:30:00-05:00,204.8000030517578,205.2480926513672,204.05999755859375,204.88999938964844,325757.0
2025-02-21 11:30:00-05:00,204.81219482421875,205.4199981689453,204.39500427246094,204.39500427246094,273480.0
2025-02-21 12:30:00-05:00,204.4499969482422,204.47999572753906,201.4499969482422,201.4801025390625,432455.0
2025-02-21 13:30:00-05:00,201.53500366210938,201.61000061035156,199.02000427246094,199.0800018310547,662780.0
2025-02-21 14:30:00-05:00,199.08009338378906,200.83999633789062,198.44000244140625,200.4949951171875,678898.0
2025-02-21 15:30:00-05:00,200.4949951171875,200.77000427246094,199.6649932861328,199.8699951171875,846459.0
2025-02-21 16:00:00-05:00,199.87,202.47,199.4,199.8999,0.0
2025-02-21 17:00:00-05:00,199.8983,203.57,199.75,199.9993,0.0
2025-02-21 18:00:00-05:00,199.9997,200.0,199.82,199.91,0.0
2025-02-24 04:00:00-05:00,199.67,200.8,199.67,200.8,0.0
2025-02-24 05:00:00-05:00,200.79,202.02,200.79,201.66,0.0
2025-02-24 06:00:00-05:00,201.66,202.55,201.6,202.14,0.0
2025-02-24 07:00:00-05:00,201.64,202.52,201.51,201.75,0.0
2025-02-24 08:00:00-05:00,201.75,202.5,200.0,202.2143,0.0
2025-02-24 09:00:00-05:00,201.68,202.2143,201.0,201.18,0.0
2025-02-24 09:30:00-05:00,202.6300048828125,203.25,197.5200958251953,198.55999755859375,1023121.0
2025-02-24 10:30:00-05:00,198.4199981689453,200.16000366210938,197.42999267578125,199.92999267578125,478816.0
2025-02-24 11:30:00-05:00,199.9949951171875,200.26669311523438,199.2100067138672,199.8249969482422,376110.0
2025-02-24 12:30:00-05:00,199.75,200.29840087890625,199.41000366210938,200.0800018310547,222209.0
2025-02-24 13:30:00-05:00,200.07000732421875,200.35000610351562,199.36000061035156,199.72999572753906,356585.0
2025-02-24 14:30:00-05:00,199.74000549316406,199.94000244140625,198.65499877929688,198.97500610351562,625863.0
2025-02-24 15:30:00-05:00,198.97500610351562,199.77000427246094,198.57000732421875,198.7899932861328,509941.0
2025-02-24 16:00:00-05:00,198.78,199.99,197.7688,198.51,0.0
2025-02-24 17:00:00-05:00,198.8175,199.5,198.8,198.97,0.0
2025-02-24 18:00:00-05:00,198.81,199.0,198.5,198.69,0.0
2025-02-25 04:00:00-05:00,198.79,198.79,197.81,198.7,0.0
2025-02-25 05:00:00-05:00,198.71,198.71,197.59,197.66,0.0
2025-02-25 06:00:00-05:00,197.6,197.94,197.31,197.93,0.0
2025-02-25 07:00:00-05:00,197.93,198.29,197.71,198.06,0.0
2025-02-25 08:00:00-05:00,198.06,200.07,197.0716,200.07,0.0
2025-02-25 09:00:00-05:00,199.44,199.55,198.4,199.02,0.0
2025-02-25 09:30:00-05:00,198.97999572753906,199.33999633789062,194.83999633789062,194.89999389648438,653217.0
2025-02-25 10:30:00-05:00,194.87229919433594,197.7698974609375,194.87229919433594,196.9499969482422,596881.0
2025-02-25 11:30:00-05:00,197.02000427246094,197.9600067138672,196.39999389648438,197.2449951171875,330593.0
2025-02-25 12:30:00-05:00,197.22999572753906,199.08999633789062,197.22999572753906,198.39999389648438,382967.0
2025-02-25 13:30:00-05:00,198.3800048828125,199.02999877929688,198.0,198.01499938964844,304003.0
2025-02-25 14:30:00-05:00,198.01499938964844,200.0800018310547,198.0,199.92999267578125,402106.0
2025-02-25 15:30:00-05:00,199.8699951171875,199.90499877929688,198.64999389648438,199.27999877929688,568729.0
2025-02-25 16:00:00-05:00,199.27,200.01,196.5,199.7,0.0
2025-02-25 17:00:00-05:00,200.01,200.01,199.27,200.01,0.0
2025-02-25 18:00:00-05:00,199.27,200.01,199.27,199.4,0.0
2025-02-26 04:00:00-05:00,200.63,200.63,200.0,200.0,0.0
2025-02-26 05:00:00-05:00,200.53,200.54,200.0,200.5,0.0
2025-02-26 06:00:00-05:00,200.5,201.12,200.5,201.04,0.0
2025-02-26 07:00:00-05:00,201.04,201.04,200.15,200.57,0.0
2025-02-26 08:00:00-05:00,200.57,202.0,199.1525,200.57,0.0
2025-02-26 09:00:00-05:00,200.67,201.96,200.55,201.78,0.0
2025-02-26 09:30:00-05:00,201.75999450683594,203.5800018310547,199.99000549316406,202.67320251464844,499643.0
2025-02-26 10:30:00-05:00,202.59500122070312,204.60000610351562,202.5500030517578,203.7899932861328,306120.0
2025-02-26 11:30:00-05:00,203.84500122070312,204.0500030517578,202.9199981689453,203.52999877929688,249029.0
2025-02-26 12:30:00-05:00,203.52999877929688,203.7198944091797,201.41000366210938,201.41000366210938,720795.0
2025-02-26 13:30:00-05:00,201.44000244140625,201.92999267578125,200.60000610351562,201.90499877929688,333607.0
2025-02-26 14:30:00-05:00,201.82000732421875,202.52999877929688,201.52999877929688,201.83999633789062,299607.0
2025-02-26 15:30:00-05:00,201.8300018310547,202.1699981689453,201.3699951171875,201.67999267578125,391559.0
2025-02-26 16:00:00-05:00,201.69,204.25,200.0,204.11,0.0
2025-02-26 17:00:00-05:00,204.11,204.11,200.0,202.5,0.0
2025-02-26 18:00:00-05:00,202.0,203.71,174.05,201.62,0.0
2025-02-27 04:00:00-05:00,202.06,202.98,202.06,202.98,0.0
2025-02-27 05:00:00-05:00,202.98,203.31,201.75,203.31,0.0
2025-02-27 06:00:00-05:00,203.41,203.83,203.35,203.35,0.0
2025-02-27 07:00:00-05:00,203.35,204.03,203.31,203.75,0.0
2025-02-27 08:00:00-05:00,203.79,204.25,201.61,204.25,0.0
2025-02-27 09:00:00-05:00,204.0,204.16,202.66,203.0,0.0
2025-02-27 09:30:00-05:00,204.4199981689453,205.47000122070312,201.26930236816406,204.93499755859375,520276.0
2025-02-27 10:30:00-05:00,204.9499969482422,205.10000610351562,203.25,204.06500244140625,311495.0
2025-02-27 11:30:00-05:00,204.05499267578125,204.4268035888672,202.8000030517578,204.27999877929688,273112.0
2025-02-27 12:30:00-05:00,204.27000427246094,204.44000244140625,203.1300048828125,204.23500061035156,352069.0
2025-02-27 13:30:00-05:00,204.1699981689453,204.375,202.50999450683594,202.50999450683594,235901.0
2025-02-27 14:30:00-05:00,202.50999450683594,202.55999755859375,201.10000610351562,201.22000122070312,465319.0
2025-02-27 15:30:00-05:00,201.2899932861328,202.08999633789062,201.13999938964844,201.5500030517578,671129.0
2025-02-27 16:00:00-05:00,201.55,204.63,200.0,201.69,0.0
2025-02-27 17:00:00-05:00,201.745,201.99,200.51,201.88,0.0
2025-02-27 18:00:00-05:00,201.88,201.99,200.85,201.89,0.0
2025-02-28 04:00:00-05:00,201.35,201.8,201.35,201.8,0.0
2025-02-28 05:00:00-05:00,201.5,201.8,201.5,201.68,0.0
2025-02-28 06:00:00-05:00,201.77,201.77,201.26,201.26,0.0
2025-02-28 07:00:00-05:00,201.26,202.5,201.26,202.27,0.0
2025-02-28 08:00:00-05:00,202.21,202.94,200.25,202.55,0.0
2025-02-28 09:00:00-05:00,202.67,203.12,201.43,202.0,0.0
2025-02-28 09:30:00-05:00,201.9499969482422,204.7899932861328,201.02999877929688,204.64999389648438,1101264.0
2025-02-28 10:30:00-05:00,204.6199951171875,205.08999633789062,203.75,203.89999389648438,425784.0
2025-02-28 11:30:00-05:00,203.8300018310547,205.23898315429688,203.66000366210938,204.26060485839844,305787.0
2025-02-28 12:30:00-05:00,204.35000610351562,204.38999938964844,202.5800018310547,203.8300018310547,318751.0
2025-02-28 13:30:00-05:00,203.6999969482422,204.50999450683594,203.16000366210938,204.49000549316406,425661.0
2025-02-28 14:30:00-05:00,204.5,206.00999450683594,204.33509826660156,205.97999572753906,482026.0
2025-02-28 15:30:00-05:00,205.97000122070312,207.32000732421875,205.17999267578125,207.00999450683594,918617.0
2025-02-28 16:00:00-05:00,207.02,207.42,204.255,206.8,0.0
2025-02-28 17:00:00-05:00,206.89,206.98,205.75,206.6657,0.0
2025-02-28 18:00:00-05:00,206.98,207.25,206.65,207.25,0.0
2025-03-03 04:00:00-05:00,205.91,207.26,205.91,207.19,0.0
2025-03-03 05:00:00-05:00,206.47,207.56,206.47,207.03,0.0
2025-03-03 06:00:00-05:00,207.0,207.05,206.63,206.83,0.0
2025-03-03 07:00:00-05:00,206.89,207.74,206.89,207.4,0.0
2025-03-03 08:00:00-05:00,207.32,207.8,205.7249,207.55,0.0
2025-03-03 09:00:00-05:00,207.38,207.57,207.04,207.1503,0.0
2025-03-03 09:30:00-05:00,207.08999633789062,208.47999572753906,203.64500427246094,205.75999450683594,748761.0
2025-03-03 10:30:00-05:00,205.77000427246094,206.3699951171875,205.0500030517578,205.70750427246094,431536.0
2025-03-03 11:30:00-05:00,205.8000030517578,206.17779541015625,204.7700958251953,205.7899932861328,364303.0
2025-03-03 12:30:00-05:00,205.80999755859375,205.91000366210938,203.19000244140625,203.28500366210938,327266.0
2025-03-03 13:30:00-05:00,203.27499389648438,204.32000732421875,202.8800048828125,203.6750030517578,450126.0
2025-03-03 14:30:00-05:00,203.64500427246094,204.6300048828125,201.4499969482422,201.47000122070312,643079.0
2025-03-03 15:30:00-05:00,201.4600067138672,202.1649932861328,200.81089782714844,201.99000549316406,935364.0
2025-03-03 16:00:00-05:00,202.0,203.86,201.0,201.96,0.0
2025-03-03 17:00:00-05:00,202.15,202.9,201.0,202.03,0.0
2025-03-03 18:00:00-05:00,202.0,203.0,201.0,202.03,0.0
2025-03-04 04:00:00-05:00,201.48,201.96,200.96,200.96,0.0
2025-03-04 05:00:00-05:00,201.0,201.78,200.96,201.78,0.0
2025-03-04 06:00:00-05:00,201.22,201.78,201.22,201.78,0.0
2025-03-04 07:00:00-05:00,201.43,201.43,200.06,200.06,0.0
2025-03-04 08:00:00-05:00,200.06,202.65,198.66,199.73,0.0
2025-03-04 09:00:00-05:00,199.75,199.89,198.66,198.75,0.0
2025-03-04 09:30:00-05:00,198.0,198.66000366210938,193.25999450683594,194.80499267578125,1246626.0
2025-03-04 10:30:00-05:00,194.6699981689453,195.6811981201172,193.66000366210938,193.94000244140625,855415.0
2025-03-04 11:30:00-05:00,194.0500030517578,198.86500549316406,193.80999755859375,198.55999755859375,729047.0
2025-03-04 12:30:00-05:00,198.55999755859375,199.5500030517578,197.5601043701172,199.02999877929688,396470.0
2025-03-04 13:30:00-05:00,198.9199981689453,202.14120483398438,198.8350067138672,201.64999389648438,380754.0
2025-03-04 14:30:00-05:00,201.64999389648438,203.03500366210938,201.28790283203125,202.38999938964844,523633.0
2025-03-04 15:30:00-05:00,202.4600067138672,202.4600067138672,198.1999969482422,198.7899932861328,720429.0
2025-03-04 16:00:00-05:00,198.79,200.5,195.0,200.38,0.0
2025-03-04 17:00:00-05:00,200.485,200.5,192.4611,200.39,0.0
2025-03-04 18:00:00-05:00,200.4,204.35,199.95,199.95,0.0
2025-03-05 04:00:00-05:00,198.79,200.25,198.79,200.1,0.0
2025-03-05 05:00:00-05:00,199.82,200.54,199.76,200.4,0.0
2025-03-05 06:00:00-05:00,200.4,200.4,200.01,200.29,0.0
2025-03-05 07:00:00-05:00,200.29,200.29,198.39,198.5,0.0
2025-03-05 08:00:00-05:00,199.53,200.4,197.19,198.0,0.0
2025-03-05 09:00:00-05:00,197.38,198.8,197.19,198.4,0.0
2025-03-05 09:30:00-05:00,198.8699951171875,203.46499633789062,198.69000244140625,202.17999267578125,579151.0
2025-03-05 10:30:00-05:00,202.3000030517578,203.34609985351562,201.47999572753906,202.38999938964844,362454.0
2025-03-05 11:30:00-05:00,202.25,203.66000366210938,201.53599548339844,203.32000732421875,382975.0
2025-03-05 12:30:00-05:00,203.3000030517578,204.468505859375,202.3699951171875,202.57000732421875,851358.0
2025-03-05 13:30:00-05:00,202.57000732421875,203.89999389648438,201.9199981689453,203.3249969482422,868988.0
2025-03-05 14:30:00-05:00,203.3300018310547,203.5800018310547,202.27000427246094,203.1999969482422,1096146.0
2025-03-05 15:30:00-05:00,203.1300048828125,203.25779724121094,201.99000549316406,202.44000244140625,1037032.0
2025-03-05 16:00:00-05:00,202.44,205.0,199.0,202.05,0.0
2025-03-05 17:00:00-05:00,202.0125,202.5,202.0,202.5,0.0
2025-03-05 18:00:00-05:00,202.5,204.88,202.0,202.01,0.0
2025-03-06 04:00:00-05:00,202.51,202.51,200.1,200.28,0.0
2025-03-06 05:00:00-05:00,200.33,200.76,200.18,200.76,0.0
2025-03-06 06:00:00-05:00,200.76,200.76,200.19,200.21,0.0
2025-03-06 07:00:00-05:00,200.21,200.88,200.0,200.5,0.0
2025-03-06 08:00:00-05:00,200.03,204.63,199.0,200.05,0.0
2025-03-06 09:00:00-05:00,200.87,201.25,199.5001,199.7,0.0
2025-03-06 09:30:00-05:00,199.0,199.44000244140625,195.27999877929688,199.38999938964844,950682.0
2025-03-06 10:30:00-05:00,199.3643035888672,200.22000122070312,198.39999389648438,199.02999877929688,351253.0
2025-03-06 11:30:00-05:00,199.22999572753906,199.52999877929688,195.92999267578125,196.14999389648438,496433.0
2025-03-06 12:30:00-05:00,196.08250427246094,197.5,195.5,196.97000122070312,480704.0
2025-03-06 13:30:00-05:00,196.97000122070312,197.0489959716797,195.66000366210938,195.82000732421875,422297.0
2025-03-06 14:30:00-05:00,195.7899932861328,197.8000030517578,195.39999389648438,196.78160095214844,922547.0
2025-03-06 15:30:00-05:00,196.91000366210938,197.02499389648438,195.80999755859375,196.0500030517578,965917.0
2025-03-06 16:00:00-05:00,196.05,200.87,195.367,196.53,0.0
2025-03-06 17:00:00-05:00,196.62,198.0,196.0987,196.75,0.0
2025-03-06 18:00:00-05:00,198.0,198.0,196.34,196.55,0.0
2025-03-07 04:00:00-05:00,195.23,198.33,195.23,196.0,0.0
2025-03-07 05:00:00-05:00,196.64,196.69,195.56,195.97,0.0
2025-03-07 06:00:00-05:00,196.69,196.69,195.83,195.99,0.0
2025-03-07 07:00:00-05:00,196.0,196.31,195.87,196.21,0.0
2025-03-07 08:00:00-05:00,196.19,197.0,195.35,195.36,0.0
2025-03-07 09:00:00-05:00,195.44,200.0,194.82,194.828,0.0
2025-03-07 09:30:00-05:00,195.63999938964844,195.75,191.19000244140625,191.7949981689453,909024.0
2025-03-07 10:30:00-05:00,191.7949981689453,191.8347930908203,189.39999389648438,189.77999877929688,1180889.0
2025-03-07 11:30:00-05:00,189.7949981689453,190.35000610351562,187.6802978515625,189.19000244140625,1003582.0
2025-03-07 12:30:00-05:00,189.11000061035156,191.99000549316406,188.94000244140625,191.06500244140625,655509.0
2025-03-07 13:30:00-05:00,191.11000061035156,193.99000549316406,190.94000244140625,193.08999633789062,702914.0
2025-03-07 14:30:00-05:00,193.08999633789062,193.8300018310547,192.58999633789062,193.52000427246094,614954.0
2025-03-07 15:30:00-05:00,193.52999877929688,194.5399932861328,192.24000549316406,193.82000732421875,1150989.0
2025-03-07 16:00:00-05:00,193.83,194.57,191.25,191.45,0.0
2025-03-07 17:00:00-05:00,193.0,193.85,178.0628,193.7,0.0
2025-03-07 18:00:00-05:00,193.4,193.7,193.03,193.65,0.0
2025-03-10 05:00:00-04:00,189.77,191.89,189.12,191.89,0.0
2025-03-10 06:00:00-04:00,191.89,191.89,190.05,190.14,0.0
2025-03-10 07:00:00-04:00,190.14,191.2,190.14,190.57,0.0
2025-03-10 08:00:00-04:00,190.57,196.63,189.269,189.269,0.0
2025-03-10 09:00:00-04:00,189.18,190.5,189.18,189.595,0.0
2025-03-10 09:30:00-04:00,189.1999969482422,190.7550048828125,187.91000366210938,190.47999572753906,681960.0
2025-03-10 10:30:00-04:00,190.3249969482422,191.99000549316406,189.52000427246094,190.9199981689453,565963.0
2025-03-10 11:30:00-04:00,190.88999938964844,191.7899932861328,189.7100067138672,190.32000732421875,416790.0
2025-03-10 12:30:00-04:00,190.22999572753906,191.11000061035156,189.19000244140625,190.1999969482422,640192.0
2025-03-10 13:30:00-04:00,190.22999572753906,190.4499969482422,189.33999633789062,189.4550018310547,603885.0
2025-03-10 14:30:00-04:00,189.55999755859375,191.14999389648438,188.27000427246094,190.5800018310547,656952.0
2025-03-10 15:30:00-04:00,190.5500030517578,192.2100067138672,190.1199951171875,192.1300048828125,1412514.0
2025-03-10 16:00:00-04:00,192.12,192.48,177.1356,189.5,0.0
2025-03-10 17:00:00-04:00,191.0,192.0,189.5,190.99,0.0
2025-03-10 18:00:00-04:00,190.99,191.8,189.55,191.01,0.0
2025-03-10 19:00:00-04:00,191.39,191.69,189.12,189.52,0.0
2025-03-11 04:00:00-04:00,190.88,192.0,190.6,191.21,0.0
2025-03-11 05:00:00-04:00,191.83,192.12,191.21,191.9,0.0
2025-03-11 06:00:00-04:00,192.19,192.19,190.94,191.0,0.0
2025-03-11 07:00:00-04:00,190.71,191.16,190.14,191.16,0.0
2025-03-11 08:00:00-04:00,190.72,192.0,189.5,191.6,0.0
2025-03-11 09:00:00-04:00,190.6,192.0,190.6,191.06,0.0
2025-03-11 09:30:00-04:00,189.92999267578125,193.4600067138672,189.00030517578125,189.64500427246094,914395.0
2025-03-11 10:30:00-04:00,189.64500427246094,191.3300018310547,188.32000732421875,190.51499938964844,730608.0
2025-03-11 11:30:00-04:00,190.5175018310547,192.65980529785156,190.4199981689453,191.1300048828125,324232.0
2025-03-11 12:30:00-04:00,191.18499755859375,191.33999633789062,189.3800048828125,189.4199981689453,402540.0
2025-03-11 13:30:00-04:00,189.4199981689453,192.4499969482422,189.3000030517578,192.02499389648438,420493.0
2025-03-11 14:30:00-04:00,192.02499389648438,193.67999267578125,191.35000610351562,192.4499969482422,474234.0
2025-03-11 15:30:00-04:00,192.49459838867188,192.9499969482422,191.42999267578125,191.69000244140625,614185.0
2025-03-11 16:00:00-04:00,191.72,192.95,191.72,192.24,0.0
2025-03-11 17:00:00-04:00,191.85,192.5,188.33,191.75,0.0
2025-03-11 18:00:00-04:00,191.75,192.5,191.72,191.89,0.0
2025-03-11 19:00:00-04:00,192.5,192.5,191.85,191.88,0.0
2025-03-12 04:00:00-04:00,192.0,192.0,190.57,191.44,0.0
2025-03-12 05:00:00-04:00,191.44,192.0,191.44,191.86,0.0
2025-03-12 06:00:00-04:00,192.1,192.65,191.74,192.62,0.0
2025-03-12 07:00:00-04:00,192.61,192.64,192.01,192.63,0.0
2025-03-12 08:00:00-04:00,192.63,194.0,191.43,192.48,0.0
2025-03-12 09:00:00-04:00,192.89,194.8,192.0,194.28,0.0
2025-03-12 09:30:00-04:00,194.9199981689453,196.1199951171875,192.6999969482422,194.25999450683594,841377.0
2025-03-12 10:30:00-04:00,194.22999572753906,194.4499969482422,192.42999267578125,194.14999389648438,464752.0
2025-03-12 11:30:00-04:00,194.19000244140625,196.92999267578125,194.0500030517578,196.72500610351562,556513.0
2025-03-12 12:30:00-04:00,196.72500610351562,197.25,195.77000427246094,197.0050048828125,498491.0
2025-03-12 13:30:00-04:00,196.97500610351562,197.1300048828125,195.25,196.02000427246094,422955.0
2025-03-12 14:30:00-04:00,196.1300048828125,196.92999267578125,195.47000122070312,195.64999389648438,448747.0
2025-03-12 15:30:00-04:00,195.63999938964844,195.9199981689453,194.9600067138672,195.0,745468.0
2025-03-12 16:00:00-04:00,195.0,196.0,194.0,194.14,0.0
2025-03-12 17:00:00-04:00,194.14,195.0,194.0,195.0,0.0
2025-03-12 18:00:00-04:00,195.25,196.0,195.0,195.0,0.0
2025-03-12 19:00:00-04:00,196.0,196.0,195.0,195.75,0.0
2025-03-13 04:00:00-04:00,192.51,194.18,192.51,194.18,0.0
2025-03-13 05:00:00-04:00,193.51,194.45,193.14,194.45,0.0
2025-03-13 06:00:00-04:00,195.72,195.72,195.46,195.72,0.0
2025-03-13 07:00:00-04:00,195.72,195.72,195.0,195.0,0.0
2025-03-13 08:00:00-04:00,195.0,196.28,194.0,194.56,0.0
2025-03-13 09:00:00-04:00,194.99,195.3,194.55,195.12,0.0
2025-03-13 09:30:00-04:00,194.5500030517578,195.62330627441406,191.6699981689453,194.0800018310547,712330.0
2025-03-13 10:30:00-04:00,194.1699981689453,194.67999267578125,193.13999938964844,193.39999389648438,348357.0
2025-03-13 11:30:00-04:00,193.27999877929688,193.9600067138672,192.5762939453125,192.7100067138672,387296.0
2025-03-13 12:30:00-04:00,192.71749877929688,193.24000549316406,192.0601043701172,192.3000030517578,450039.0
2025-03-13 13:30:00-04:00,192.25999450683594,193.0500030517578,191.6699981689453,192.75169372558594,527363.0
2025-03-13 14:30:00-04:00,192.8000030517578,194.07000732421875,192.0800018310547,192.19000244140625,387689.0
2025-03-13 15:30:00-04:00,192.19000244140625,192.6300048828125,191.85000610351562,192.49000549316406,446736.0
2025-03-13 16:00:00-04:00,192.42,194.78,190.0,194.78,0.0
2025-03-13 17:00:00-04:00,193.3,194.0,192.42,192.51,0.0
2025-03-13 18:00:00-04:00,192.9,193.3,192.5,193.08,0.0
2025-03-13 19:00:00-04:00,193.0,193.3,192.42,193.3,0.0
2025-03-14 04:00:00-04:00,193.06,194.14,192.55,194.14,0.0
2025-03-14 05:00:00-04:00,194.14,194.18,193.66,194.18,0.0
2025-03-14 06:00:00-04:00,194.18,194.18,193.49,193.91,0.0
2025-03-14 07:00:00-04:00,193.91,194.75,193.91,194.7,0.0
2025-03-14 08:00:00-04:00,194.7,195.8,192.55,195.58,0.0
2025-03-14 09:00:00-04:00,195.49,195.6,194.26,195.05,0.0
2025-03-14 09:30:00-04:00,195.3699951171875,195.9600067138672,193.60000610351562,194.77000427246094,493061.0
2025-03-14 10:30:00-04:00,194.7949981689453,196.77999877929688,194.67999267578125,196.39999389648438,503660.0
2025-03-14 11:30:00-04:00,196.52000427246094,197.47999572753906,196.35800170898438,196.63999938964844,280051.0
2025-03-14 12:30:00-04:00,196.5749969482422,197.50999450683594,196.5749969482422,196.8000030517578,255811.0
2025-03-14 13:30:00-04:00,196.77000427246094,197.00999450683594,196.3699951171875,196.72000122070312,285849.0
2025-03-14 14:30:00-04:00,196.72000122070312,197.28750610351562,196.50999450683594,196.80419921875,357576.0
2025-03-14 15:30:00-04:00,196.8350067138672,197.6999969482422,196.4199981689453,197.05999755859375,535748.0
2025-03-14 16:00:00-04:00,197.08,198.0,196.0,196.94,0.0
2025-03-14 17:00:00-04:00,196.94,197.11,196.67,197.11,0.0
2025-03-14 18:00:00-04:00,197.1,197.5,196.71,197.36,0.0
2025-03-14 19:00:00-04:00,197.39,197.4,196.97,197.3,0.0
2025-03-17 04:00:00-04:00,197.46,197.46,196.06,196.06,0.0
2025-03-17 05:00:00-04:00,196.06,196.41,196.06,196.22,0.0
2025-03-17 06:00:00-04:00,196.44,196.45,196.1,196.45,0.0
2025-03-17 07:00:00-04:00,196.44,196.95,196.44,196.76,0.0
2025-03-17 08:00:00-04:00,196.76,197.46,195.0,196.0,0.0
2025-03-17 09:00:00-04:00,195.75,196.92,195.0,196.92,0.0
2025-03-17 09:30:00-04:00,197.0,200.91000366210938,196.3300018310547,200.04319763183594,581756.0
2025-03-17 10:30:00-04:00,200.0399932861328,201.0699005126953,199.52000427246094,200.7899932861328,368941.0
2025-03-17 11:30:00-04:00,200.64300537109375,201.5800018310547,200.09860229492188,200.68499755859375,373779.0
2025-03-17 12:30:00-04:00,200.64999389648438,201.77349853515625,200.47720336914062,201.55999755859375,307742.0
2025-03-17 13:30:00-04:00,201.58999633789062,202.6199951171875,201.52169799804688,202.25,334805.0
2025-03-17 14:30:00-04:00,202.14999389648438,203.39999389648438,202.14999389648438,203.35000610351562,436974.0
2025-03-17 15:30:00-04:00,203.35000610351562,203.60000610351562,202.0399932861328,202.08999633789062,624012.0
2025-03-17 16:00:00-04:00,202.09,204.0,199.7,202.4,0.0
2025-03-17 17:00:00-04:00,202.4,204.0,201.0,202.34,0.0
2025-03-17 18:00:00-04:00,202.04,202.4517,201.0,202.41,0.0
2025-03-17 19:00:00-04:00,202.04,204.0,202.04,202.11,0.0
2025-03-18 04:00:00-04:00,202.9,203.21,201.23,202.4,0.0
2025-03-18 05:00:00-04:00,202.4,202.67,201.88,201.95,0.0
2025-03-18 06:00:00-04:00,202.3,202.37,200.76,201.33,0.0
2025-03-18 07:00:00-04:00,201.33,201.68,201.21,201.28,0.0
2025-03-18 08:00:00-04:00,201.58,203.0,200.44,201.23,0.0
2025-03-18 09:00:00-04:00,201.1,201.78,200.01,201.69,0.0
2025-03-18 09:30:00-04:00,201.8000030517578,201.8000030517578,199.8834991455078,201.3699951171875,561042.0
2025-03-18 10:30:00-04:00,201.39999389648438,201.7899932861328,199.53500366210938,199.72000122070312,440096.0
2025-03-18 11:30:00-04:00,199.72999572753906,201.75999450683594,199.52000427246094,201.75999450683594,422101.0
2025-03-18 12:30:00-04:00,201.77999877929688,201.97999572753906,200.56500244140625,201.42999267578125,335251.0
2025-03-18 13:30:00-04:00,201.42999267578125,201.42999267578125,200.1761932373047,200.55499267578125,275715.0
2025-03-18 14:30:00-04:00,200.55499267578125,201.25,200.27999877929688,200.93499755859375,354632.0
2025-03-18 15:30:00-04:00,200.9499969482422,201.22900390625,200.44500732421875,200.82000732421875,404372.0
2025-03-18 16:00:00-04:00,200.83,202.06,192.4611,200.61,0.0
2025-03-18 17:00:00-04:00,200.61,201.4,200.49,200.61,0.0
2025-03-18 18:00:00-04:00,200.51,201.48,200.49,201.48,0.0
2025-03-18 19:00:00-04:00,200.49,202.06,200.49,200.6,0.0
2025-03-19 04:00:00-04:00,200.6,201.02,200.31,200.31,0.0
2025-03-19 05:00:00-04:00,200.64,200.69,200.27,200.51,0.0
2025-03-19 06:00:00-04:00,200.68,201.06,200.68,200.79,0.0
2025-03-19 07:00:00-04:00,200.79,201.25,200.79,201.25,0.0
2025-03-19 08:00:00-04:00,201.25,202.0,200.31,201.33,0.0
2025-03-19 09:00:00-04:00,201.33,202.0,200.97,202.0,0.0
2025-03-19 09:30:00-04:00,201.32000732421875,204.73599243164062,201.32000732421875,203.9600067138672,471585.0
2025-03-19 10:30:00-04:00,204.03500366210938,204.39999389648438,203.23500061035156,203.6199951171875,297004.0
2025-03-19 11:30:00-04:00,203.7050018310547,204.75,203.61000061035156,204.39999389648438,244719.0
2025-03-19 12:30:00-04:00,204.39999389648438,204.47999572753906,203.4300994873047,203.7100067138672,161776.0
2025-03-19 13:30:00-04:00,203.67999267578125,205.0399932861328,203.10000610351562,204.5500030517578,364449.0
2025-03-19 14:30:00-04:00,204.55499267578125,206.82000732421875,204.4687957763672,205.44000244140625,423857.0
2025-03-19 15:30:00-04:00,205.35000610351562,206.80999755859375,205.35000610351562,205.55999755859375,635185.0
2025-03-19 16:00:00-04:00,205.57,206.9,195.73,206.0,0.0
2025-03-19 17:00:00-04:00,205.69,206.9,205.2222,205.57,0.0
2025-03-19 18:00:00-04:00,205.63,206.9,205.58,206.48,0.0
2025-03-19 19:00:00-04:00,206.0,206.8775,206.0,206.56,0.0
2025-03-20 04:00:00-04:00,206.07,206.82,206.07,206.82,0.0
2025-03-20 05:00:00-04:00,206.82,206.85,206.52,206.52,0.0
2025-03-20 06:00:00-04:00,206.52,206.62,204.13,204.27,0.0
2025-03-20 07:00:00-04:00,204.3,205.75,203.92,205.69,0.0
2025-03-20 08:00:00-04:00,205.35,207.08,204.25,205.22,0.0
2025-03-20 09:00:00-04:00,205.57,205.57,204.98,205.0,0.0
2025-03-20 09:30:00-04:00,205.0,205.86000061035156,203.44009399414062,205.4199981689453,478275.0
2025-03-20 10:30:00-04:00,205.32000732421875,206.1699981689453,205.3000030517578,206.0500030517578,210112.0
2025-03-20 11:30:00-04:00,206.11000061035156,206.11000061035156,204.97000122070312,205.02000427246094,295308.0
2025-03-20 12:30:00-04:00,205.0399932861328,205.88999938964844,204.41119384765625,204.4199981689453,277247.0
2025-03-20 13:30:00-04:00,204.42999267578125,204.80999755859375,203.39999389648438,203.41000366210938,561862.0
2025-03-20 14:30:00-04:00,203.44500732421875,204.4499969482422,203.10499572753906,203.64999389648438,513639.0
2025-03-20 15:30:00-04:00,203.64500427246094,204.8000030517578,203.64500427246094,203.97999572753906,693275.0
2025-03-20 16:00:00-04:00,203.93,206.0,203.56,203.95,0.0
2025-03-20 17:00:00-04:00,203.56,204.75,203.56,204.3,0.0
2025-03-20 18:00:00-04:00,204.3,204.3,203.94,204.0,0.0
2025-03-20 19:00:00-04:00,204.0,204.0,203.56,203.8,0.0
2025-03-21 04:00:00-04:00,204.32,204.32,203.0,203.0,0.0
2025-03-21 05:00:00-04:00,203.0,203.37,202.64,203.0,0.0
2025-03-21 06:00:00-04:00,203.0,203.43,203.0,203.11,0.0
2025-03-21 07:00:00-04:00,203.11,203.43,202.64,203.28,0.0
2025-03-21 08:00:00-04:00,203.28,204.32,202.0835,203.26,0.0
2025-03-21 09:00:00-04:00,203.93,203.93,202.0735,202.9,0.0
2025-03-21 09:30:00-04:00,202.60000610351562,203.17970275878906,200.82000732421875,201.9199981689453,1173676.0
2025-03-21 10:30:00-04:00,201.8699951171875,203.2899932861328,201.5050048828125,202.67999267578125,497684.0
2025-03-21 11:30:00-04:00,202.6699981689453,203.13999938964844,201.83999633789062,203.00999450683594,369605.0
2025-03-21 12:30:00-04:00,203.07589721679688,203.6699981689453,202.60000610351562,203.5,453311.0
2025-03-21 13:30:00-04:00,203.5399932861328,204.19000244140625,202.92999267578125,203.1999969482422,425446.0
2025-03-21 14:30:00-04:00,203.1916961669922,203.55499267578125,202.6999969482422,202.99000549316406,359736.0
2025-03-21 15:30:00-04:00,202.97999572753906,204.30999755859375,202.7550048828125,204.02999877929688,716753.0
2025-03-21 16:00:00-04:00,204.13,204.88,201.0,202.0,0.0
2025-03-21 17:00:00-04:00,202.0,205.01,202.0,204.1,0.0
2025-03-21 18:00:00-04:00,203.55,204.4,203.55,204.4,0.0
2025-03-21 19:00:00-04:00,204.4,204.4,203.55,204.14,0.0
2025-03-24 04:00:00-04:00,205.01,206.77,205.01,206.73,0.0
2025-03-24 05:00:00-04:00,206.73,206.73,206.68,206.68,0.0
2025-03-24 06:00:00-04:00,206.09,206.49,206.02,206.4,0.0
2025-03-24 07:00:00-04:00,206.39,206.88,206.17,206.88,0.0
2025-03-24 08:00:00-04:00,206.63,207.95,204.13,206.8,0.0
2025-03-24 09:00:00-04:00,206.85,207.99,204.13,207.44,0.0
2025-03-24 09:30:00-04:00,206.9199981689453,208.67999267578125,205.59710693359375,208.0800018310547,632542.0
2025-03-24 10:30:00-04:00,208.23680114746094,209.44000244140625,208.09750366210938,209.11758422851562,311256.0
2025-03-24 11:30:00-04:00,209.19000244140625,209.77999877929688,209.02000427246094,209.38999938964844,297169.0
2025-03-24 12:30:00-04:00,209.36500549316406,209.77000427246094,208.8800048828125,209.44000244140625,438064.0
2025-03-24 13:30:00-04:00,209.44000244140625,209.58999633789062,208.80999755859375,209.0050048828125,324419.0
2025-03-24 14:30:00-04:00,209.0050048828125,210.3000030517578,208.8885955810547,209.82000732421875,577912.0
2025-03-24 15:30:00-04:00,209.82749938964844,210.8800048828125,209.66000366210938,210.22000122070312,641451.0
2025-03-24 16:00:00-04:00,210.22,211.0,177.1356,210.5,0.0
2025-03-24 17:00:00-04:00,211.0,211.0,209.0,210.26,0.0
2025-03-24 18:00:00-04:00,210.26,210.79,210.21,210.48,0.0
2025-03-24 19:00:00-04:00,210.166,210.79,210.166,210.45,0.0
2025-03-25 04:00:00-04:00,209.05,210.24,208.5,210.0,0.0
2025-03-25 05:00:00-04:00,209.8,210.22,209.21,210.14,0.0
2025-03-25 06:00:00-04:00,210.17,210.25,209.54,210.0,0.0
2025-03-25 07:00:00-04:00,210.28,210.5,209.55,210.5,0.0
2025-03-25 08:00:00-04:00,210.29,210.96,209.16,210.4,0.0
2025-03-25 09:00:00-04:00,210.89,210.9,210.21,210.8,0.0
2025-03-25 09:30:00-04:00,210.77000427246094,212.10000610351562,210.25010681152344,211.97140502929688,604640.0
2025-03-25 10:30:00-04:00,212.0399932861328,212.75999450683594,211.69000244140625,211.97000122070312,562237.0
2025-03-25 11:30:00-04:00,211.90499877929688,211.9600067138672,211.2100067138672,211.49000549316406,459633.0
2025-03-25 12:30:00-04:00,211.52000427246094,212.2100067138672,211.2100067138672,211.7899932861328,342836.0
2025-03-25 13:30:00-04:00,211.7899932861328,212.05499267578125,211.28500366210938,212.01499938964844,428116.0
2025-03-25 14:30:00-04:00,212.0050048828125,212.4550018310547,211.52000427246094,212.3000030517578,427681.0
2025-03-25 15:30:00-04:00,212.30999755859375,212.64999389648438,211.6300048828125,212.1699981689453,801177.0
2025-03-25 16:00:00-04:00,212.13,212.3,211.52,212.25,0.0
2025-03-25 17:00:00-04:00,212.24,212.25,211.52,212.1037,0.0
2025-03-25 18:00:00-04:00,212.1,212.25,212.1,212.2498,0.0
2025-03-25 19:00:00-04:00,212.13,212.25,212.1,212.25,0.0
2025-03-26 04:00:00-04:00,212.23,212.7,212.1,212.19,0.0
2025-03-26 05:00:00-04:00,212.2,212.4,212.1,212.18,0.0
2025-03-26 06:00:00-04:00,212.1,212.21,212.05,212.1,0.0
2025-03-26 07:00:00-04:00,212.0,212.2,211.89,212.15,0.0
2025-03-26 08:00:00-04:00,212.08,212.81,211.652,212.75,0.0
2025-03-26 09:00:00-04:00,212.4,212.81,201.4574,212.07,0.0
2025-03-26 09:30:00-04:00,212.2899932861328,214.2100067138672,212.1300048828125,213.02000427246094,647040.0
2025-03-26 10:30:00-04:00,213.1300048828125,213.42999267578125,211.28860473632812,211.52000427246094,358669.0
2025-03-26 11:30:00-04:00,211.485107421875,212.12600708007812,210.10000610351562,210.5050048828125,295130.0
2025-03-26 12:30:00-04:00,210.5050048828125,210.64999389648438,207.91000366210938,208.25999450683594,401809.0
2025-03-26 13:30:00-04:00,208.19000244140625,208.73500061035156,207.4499969482422,208.5749969482422,325341.0
2025-03-26 14:30:00-04:00,208.55499267578125,208.6699981689453,206.72000122070312,207.17999267578125,1157901.0
2025-03-26 15:30:00-04:00,207.22999572753906,207.5800018310547,206.69000244140625,207.30999755859375,674476.0
2025-03-26 16:00:00-04:00,207.32,207.37,206.08,207.0,0.0
2025-03-26 17:00:00-04:00,207.25,207.25,206.08,206.95,0.0
2025-03-26 18:00:00-04:00,206.57,206.94,206.08,206.64,0.0
2025-03-26 19:00:00-04:00,206.08,206.94,206.0,206.0,0.0
2025-03-27 04:00:00-04:00,207.0,207.28,207.0,207.07,0.0
2025-03-27 05:00:00-04:00,207.09,207.25,206.5,206.63,0.0
2025-03-27 06:00:00-04:00,206.88,206.9,206.26,206.89,0.0
2025-03-27 07:00:00-04:00,206.89,206.95,206.5,206.82,0.0
2025-03-27 08:00:00-04:00,206.86,208.87,206.0,206.95,0.0
2025-03-27 09:00:00-04:00,206.91,208.08,206.76,207.0,0.0
2025-03-27 09:30:00-04:00,206.36000061035156,206.7100067138672,202.8000030517578,206.67689514160156,668904.0
2025-03-27 10:30:00-04:00,206.69000244140625,207.69000244140625,206.5,206.8000030517578,397084.0
2025-03-27 11:30:00-04:00,206.64999389648438,207.0800018310547,205.47999572753906,206.5800018310547,247286.0
2025-03-27 12:30:00-04:00,206.58999633789062,206.86000061035156,205.0399932861328,205.55999755859375,324624.0
2025-03-27 13:30:00-04:00,205.55479431152344,206.6649932861328,205.27000427246094,206.4949951171875,276090.0
2025-03-27 14:30:00-04:00,206.4949951171875,207.4600067138672,206.22000122070312,207.2899932861328,306823.0
2025-03-27 15:30:00-04:00,207.30999755859375,207.30999755859375,205.8000030517578,205.80999755859375,431871.0
2025-03-27 16:00:00-04:00,205.82,205.88,203.6277,205.5,0.0
2025-03-27 17:00:00-04:00,205.5,205.88,205.5,205.73,0.0
2025-03-27 18:00:00-04:00,205.5,206.3003,205.5,205.711,0.0
2025-03-27 19:00:00-04:00,205.88,205.97,204.63,205.86,0.0
2025-03-28 04:00:00-04:00,203.01,205.5,203.01,205.5,0.0
2025-03-28 05:00:00-04:00,205.5,205.5,205.17,205.17,0.0
2025-03-28 06:00:00-04:00,204.98,205.16,204.93,205.13,0.0
2025-03-28 07:00:00-04:00,205.23,205.69,205.23,205.65,0.0
2025-03-28 08:00:00-04:00,205.69,206.72,204.84,206.72,0.0
2025-03-28 09:00:00-04:00,205.6,206.46,205.01,205.13,0.0
2025-03-28 09:30:00-04:00,205.60000610351562,206.86000061035156,202.1168975830078,202.3000030517578,457117.0
2025-03-28 10:30:00-04:00,202.4199981689453,202.86000061035156,201.1699981689453,201.94000244140625,507387.0
2025-03-28 11:30:00-04:00,201.8300018310547,202.40989685058594,201.07000732421875,201.43499755859375,328830.0
2025-03-28 12:30:00-04:00,201.43499755859375,201.91000366210938,200.35000610351562,200.47000122070312,437637.0
2025-03-28 13:30:00-04:00,200.4199981689453,200.5800018310547,199.8699951171875,200.0399932861328,517386.0
2025-03-28 14:30:00-04:00,200.07000732421875,200.3699951171875,199.66000366210938,199.69000244140625,774420.0
2025-03-28 15:30:00-04:00,199.72000122070312,200.4199981689453,199.58999633789062,199.85000610351562,1037405.0
2025-03-28 16:00:00-04:00,199.88,201.0,199.47,199.77,0.0
2025-03-28 17:00:00-04:00,199.54,199.85,199.5,199.5,0.0
2025-03-28 18:00:00-04:00,199.5,199.87,199.47,199.7,0.0
2025-03-28 19:00:00-04:00,199.7,199.88,199.47,199.47,0.0
2025-03-31 04:00:00-04:00,197.06,198.4,197.04,197.16,0.0
2025-03-31 05:00:00-04:00,197.99,198.14,197.16,197.17,0.0
2025-03-31 06:00:00-04:00,197.2,197.62,197.06,197.06,0.0
2025-03-31 07:00:00-04:00,197.18,197.89,197.06,197.2,0.0
2025-03-31 08:00:00-04:00,197.2,198.234,197.0,197.25,0.0
2025-03-31 09:00:00-04:00,197.25,198.35,197.01,198.0,0.0
2025-03-31 09:30:00-04:00,197.52999877929688,198.8300018310547,194.45010375976562,196.77999877929688,1111515.0
2025-03-31 10:30:00-04:00,196.85000610351562,198.47999572753906,196.75999450683594,197.8800048828125,695782.0
2025-03-31 11:30:00-04:00,197.85000610351562,199.22000122070312,197.6199951171875,199.08999633789062,542015.0
2025-03-31 12:30:00-04:00,199.08999633789062,199.82000732421875,198.2100067138672,198.52999877929688,554862.0
2025-03-31 13:30:00-04:00,198.47999572753906,200.2100067138672,198.3699951171875,199.8300018310547,550481.0
2025-03-31 14:30:00-04:00,199.8300018310547,201.0,199.3699951171875,199.99000549316406,530693.0
2025-03-31 15:30:00-04:00,199.94000244140625,201.57000732421875,199.63999938964844,200.2100067138672,996472.0
2025-03-31 16:00:00-04:00,200.25,200.4,195.06,199.76,0.0
2025-03-31 17:00:00-04:00,200.0,200.1,199.75,199.75,0.0
2025-03-31 18:00:00-04:00,199.75,200.15,196.18,199.5,0.0
2025-03-31 19:00:00-04:00,199.04,200.14,199.04,199.51,0.0
2025-04-01 04:00:00-04:00,198.68,199.94,198.15,199.94,0.0
2025-04-01 05:00:00-04:00,199.94,199.94,198.78,199.58,0.0
2025-04-01 06:00:00-04:00,199.58,199.97,199.0,199.38,0.0
2025-04-01 07:00:00-04:00,199.0,199.94,198.5,199.31,0.0
2025-04-01 08:00:00-04:00,199.31,200.15,198.2621,199.2,0.0
2025-04-01 09:00:00-04:00,199.2,200.15,198.5906,200.0,0.0
2025-04-01 09:30:00-04:00,199.55999755859375,202.2899932861328,198.47000122070312,200.0500030517578,753303.0
2025-04-01 10:30:00-04:00,200.00999450683594,204.19000244140625,199.7899932861328,203.3699951171875,421574.0
2025-04-01 11:30:00-04:00,203.32000732421875,204.44000244140625,202.80999755859375,203.57000732421875,307546.0
2025-04-01 12:30:00-04:00,203.56500244140625,203.75,202.77000427246094,203.16729736328125,272021.0
2025-04-01 13:30:00-04:00,203.3300018310547,203.8699951171875,201.99000549316406,202.1999969482422,402742.0
2025-04-01 14:30:00-04:00,202.1999969482422,203.96929931640625,202.0500946044922,203.63999938964844,371152.0
2025-04-01 15:30:00-04:00,203.63999938964844,204.5,203.49879455566406,203.8000030517578,638115.0
2025-04-01 16:00:00-04:00,203.79,204.79,192.4611,192.4611,0.0
2025-04-01 17:00:00-04:00,204.0,204.66,201.75,204.0,0.0
2025-04-01 18:00:00-04:00,204.0,204.49,203.12,203.95,0.0
2025-04-01 19:00:00-04:00,204.02,204.49,203.79,203.79,0.0
2025-04-02 04:00:00-04:00,202.83,203.39,202.82,202.82,0.0
2025-04-02 05:00:00-04:00,202.82,202.82,202.82,202.82,0.0
2025-04-02 06:00:00-04:00,202.82,202.98,202.0,202.98,0.0
2025-04-02 07:00:00-04:00,202.72,203.03,201.69,201.93,0.0
2025-04-02 08:00:00-04:00,201.93,204.79,200.34,200.94,0.0
2025-04-02 09:00:00-04:00,200.34,201.88,200.34,201.15,0.0
2025-04-02 09:30:00-04:00,199.47999572753906,201.85000610351562,198.92999267578125,201.5399932861328,832390.0
2025-04-02 10:30:00-04:00,201.63999938964844,202.19000244140625,200.02000427246094,201.3699951171875,602777.0
2025-04-02 11:30:00-04:00,201.4105987548828,201.86500549316406,200.1649932861328,201.2158966064453,566033.0
2025-04-02 12:30:00-04:00,201.07000732421875,202.0800018310547,200.52000427246094,201.1999969482422,608394.0
2025-04-02 13:30:00-04:00,201.1999969482422,201.24000549316406,198.57000732421875,198.58999633789062,665374.0
2025-04-02 14:30:00-04:00,198.55999755859375,199.96949768066406,198.4250030517578,199.55999755859375,694020.0
2025-04-02 15:30:00-04:00,199.47000122070312,200.52000427246094,199.32000732421875,199.69500732421875,1198387.0
2025-04-02 16:00:00-04:00,199.7,201.5,183.1925,195.7,0.0
2025-04-02 17:00:00-04:00,198.0,198.0,194.0,194.0,0.0
2025-04-02 18:00:00-04:00,194.0,199.77,191.67,193.06,0.0
2025-04-02 19:00:00-04:00,193.61,193.62,191.88,192.41,0.0
2025-04-03 04:00:00-04:00,192.1,194.07,192.1,193.0,0.0
2025-04-03 05:00:00-04:00,193.0,194.11,193.0,193.12,0.0
2025-04-03 06:00:00-04:00,193.12,194.61,193.1,194.0,0.0
2025-04-03 07:00:00-04:00,194.0,194.0,192.53,192.69,0.0
2025-04-03 08:00:00-04:00,192.66,199.77,191.25,191.25,0.0
2025-04-03 09:00:00-04:00,191.25,192.0,190.48,191.5,0.0
2025-04-03 09:30:00-04:00,189.83999633789062,194.14999389648438,189.1999969482422,190.3800048828125,1706438.0
2025-04-03 10:30:00-04:00,190.33999633789062,190.6649932861328,186.72000122070312,187.69000244140625,2977669.0
2025-04-03 11:30:00-04:00,187.69000244140625,191.5399932861328,187.57000732421875,191.07000732421875,2102944.0
2025-04-03 12:30:00-04:00,191.10499572753906,192.67999267578125,190.72000122070312,191.47000122070312,1301274.0
2025-04-03 13:30:00-04:00,191.52499389648438,191.61000061035156,189.02999877929688,189.72999572753906,894595.0
2025-04-03 14:30:00-04:00,189.7550048828125,191.36000061035156,188.5,188.6199951171875,1120676.0
2025-04-03 15:30:00-04:00,188.64999389648438,188.8300018310547,186.7899932861328,187.57000732421875,1722729.0
2025-04-03 16:00:00-04:00,187.56,190.0,186.0,187.63,0.0
2025-04-03 17:00:00-04:00,188.0,189.0,187.01,187.92,0.0
2025-04-03 18:00:00-04:00,187.21,187.99,187.02,187.9,0.0
2025-04-03 19:00:00-04:00,187.49,187.99,187.02,187.85,0.0
2025-04-04 04:00:00-04:00,186.74,188.19,184.91,185.95,0.0
2025-04-04 05:00:00-04:00,185.94,185.94,184.35,184.7,0.0
2025-04-04 06:00:00-04:00,184.74,184.78,180.35,180.49,0.0
2025-04-04 07:00:00-04:00,180.44,186.5,177.57,179.0,0.0
2025-04-04 08:00:00-04:00,178.64,188.0,177.21,180.0,0.0
2025-04-04 09:00:00-04:00,179.5,181.0,178.2,179.85,0.0
2025-04-04 09:30:00-04:00,179.67999267578125,183.16000366210938,174.02999877929688,174.15989685058594,2777669.0
2025-04-04 10:30:00-04:00,174.08999633789062,176.47999572753906,170.72999572753906,173.47999572753906,2551712.0
2025-04-04 11:30:00-04:00,173.47999572753906,174.0800018310547,170.60000610351562,170.68499755859375,1580796.0
2025-04-04 12:30:00-04:00,170.7100067138672,173.32000732421875,170.6699981689453,172.5500030517578,1295295.0
2025-04-04 13:30:00-04:00,172.50999450683594,173.47000122070312,169.52000427246094,169.8000030517578,1965573.0
2025-04-04 14:30:00-04:00,169.7899932861328,170.14999389648438,166.6199951171875,167.1999969482422,3636928.0
2025-04-04 15:30:00-04:00,167.17999267578125,168.5,165.4199981689453,166.80999755859375,3051597.0
2025-04-04 16:00:00-04:00,166.72,178.0628,166.1,178.0628,0.0
2025-04-04 17:00:00-04:00,167.99,178.0628,166.57,167.0,0.0
2025-04-04 18:00:00-04:00,166.81,167.99,166.59,167.8,0.0
2025-04-04 19:00:00-04:00,167.8,167.81,167.8,167.8,0.0
2025-04-07 04:00:00-04:00,156.24,159.99,153.2,159.88,0.0
2025-04-07 05:00:00-04:00,159.86,161.46,157.4,157.91,0.0
2025-04-07 06:00:00-04:00,158.94,163.8,158.93,162.56,0.0
2025-04-07 07:00:00-04:00,162.69,165.0,162.52,164.75,0.0
2025-04-07 08:00:00-04:00,164.52,165.0,148.3,164.97,0.0
2025-04-07 09:00:00-04:00,164.02,165.69,161.37,161.4032,0.0
2025-04-07 09:30:00-04:00,163.2100067138672,175.33999633789062,159.36000061035156,165.5449981689453,4730097.0
2025-04-07 10:30:00-04:00,165.66000366210938,170.33999633789062,162.8173065185547,164.17999267578125,3803810.0
2025-04-07 11:30:00-04:00,164.19000244140625,167.58999633789062,163.77999877929688,165.27999877929688,1246749.0
2025-04-07 12:30:00-04:00,165.10000610351562,166.5399932861328,163.22999572753906,166.3699951171875,1572453.0
2025-04-07 13:30:00-04:00,166.3699951171875,169.48989868164062,165.4600067138672,167.6199951171875,2321388.0
2025-04-07 14:30:00-04:00,167.72000122070312,168.82000732421875,165.9550018310547,165.97999572753906,1205946.0
2025-04-07 15:30:00-04:00,165.99000549316406,168.7550048828125,165.77999877929688,167.47000122070312,1953144.0
2025-04-07 16:00:00-04:00,167.7,179.255,165.0,168.42,0.0
2025-04-07 17:00:00-04:00,168.51,200.79,167.7,168.39,0.0
2025-04-07 18:00:00-04:00,168.01,169.5,168.01,169.48,0.0
2025-04-07 19:00:00-04:00,169.49,174.79,168.31,169.89,0.0
2025-04-08 04:00:00-04:00,172.22,172.22,170.5,171.0,0.0
2025-04-08 05:00:00-04:00,171.34,171.7,171.0,171.0,0.0
2025-04-08 06:00:00-04:00,171.12,173.28,171.07,172.6,0.0
2025-04-08 07:00:00-04:00,172.5,172.8,171.9,172.47,0.0
2025-04-08 08:00:00-04:00,172.47,174.86,167.7,174.47,0.0
2025-04-08 09:00:00-04:00,174.0,174.9,165.91,174.9,0.0
2025-04-08 09:30:00-04:00,176.0,178.35000610351562,175.4199981689453,176.3300018310547,3261864.0
2025-04-08 10:30:00-04:00,176.3300018310547,176.6934051513672,172.25,173.41000366210938,1100902.0
2025-04-08 11:30:00-04:00,173.40499877929688,175.41000366210938,172.9600067138672,173.4676055908203,704386.0
2025-04-08 12:30:00-04:00,173.55999755859375,173.85400390625,169.1199951171875,169.16000366210938,1080017.0
2025-04-08 13:30:00-04:00,169.1199951171875,171.8800048828125,169.0800018310547,170.0500030517578,1101532.0
2025-04-08 14:30:00-04:00,170.22999572753906,172.14999389648438,167.63009643554688,169.4600067138672,1265816.0
2025-04-08 15:30:00-04:00,169.40499877929688,169.67999267578125,166.36000061035156,169.38999938964844,1670341.0
2025-04-08 16:00:00-04:00,169.46,173.07,165.5,169.56,0.0
2025-04-08 17:00:00-04:00,172.0,172.0,166.0,168.31,0.0
2025-04-08 18:00:00-04:00,168.36,169.37,166.92,168.2,0.0
2025-04-08 19:00:00-04:00,168.0,168.0,166.92,167.75,0.0
2025-04-09 04:00:00-04:00,168.0,170.01,167.44,167.92,0.0
2025-04-09 05:00:00-04:00,168.0,169.68,167.48,168.95,0.0
2025-04-09 06:00:00-04:00,169.1,169.1,167.19,167.19,0.0
2025-04-09 07:00:00-04:00,168.18,169.52,165.0,167.44,0.0
2025-04-09 08:00:00-04:00,166.77,170.57,165.0,166.02,0.0
2025-04-09 09:00:00-04:00,165.1,169.02,165.0,167.0,0.0
2025-04-09 09:30:00-04:00,165.80999755859375,173.47999572753906,165.6999969482422,170.9600067138672,1607783.0
2025-04-09 10:30:00-04:00,170.78500366210938,171.9199981689453,167.47000122070312,170.5,966905.0
2025-04-09 11:30:00-04:00,170.50160217285156,171.1699981689453,168.87750244140625,170.82000732421875,835744.0
2025-04-09 12:30:00-04:00,170.80999755859375,183.75,168.7628936767578,179.5659942626953,1978667.0
2025-04-09 13:30:00-04:00,179.99000549316406,187.89999389648438,179.52999877929688,186.25999450683594,2556532.0
2025-04-09 14:30:00-04:00,186.25999450683594,188.08999633789062,183.4600067138672,187.19500732421875,1300059.0
2025-04-09 15:30:00-04:00,187.19000244140625,189.11000061035156,186.4600067138672,187.1699981689453,2031725.0
2025-04-09 16:00:00-04:00,187.18,189.0,186.32,188.74,0.0
2025-04-09 17:00:00-04:00,188.5,188.87,186.32,186.32,0.0
2025-04-09 18:00:00-04:00,187.99,188.87,186.0,187.29,0.0
2025-04-09 19:00:00-04:00,188.02,188.87,187.5,188.85,0.0
2025-04-10 04:00:00-04:00,185.08,185.77,181.6,182.95,0.0
2025-04-10 05:00:00-04:00,182.25,182.86,181.71,181.71,0.0
2025-04-10 06:00:00-04:00,181.92,183.5,181.92,183.05,0.0
2025-04-10 07:00:00-04:00,183.41,184.94,182.2,183.5,0.0
2025-04-10 08:00:00-04:00,183.51,189.02,181.58,183.52,0.0
2025-04-10 09:00:00-04:00,183.52,185.23,182.1,182.83,0.0
2025-04-10 09:30:00-04:00,181.89999389648438,184.00999450683594,180.54440307617188,182.66000366210938,1442842.0
2025-04-10 10:30:00-04:00,182.6999969482422,185.41000366210938,181.60000610351562,181.6199951171875,761196.0
2025-04-10 11:30:00-04:00,181.6300048828125,182.1999969482422,175.9600067138672,176.75999450683594,940728.0
2025-04-10 12:30:00-04:00,176.773193359375,180.6999969482422,176.52999877929688,179.0500030517578,975142.0
2025-04-10 13:30:00-04:00,179.0399932861328,183.1999969482422,178.61000061035156,183.05999755859375,914650.0
2025-04-10 14:30:00-04:00,183.19000244140625,183.58999633789062,181.17999267578125,181.3300018310547,848200.0
2025-04-10 15:30:00-04:00,181.2100067138672,182.3699951171875,179.10389709472656,181.52000427246094,1207522.0
2025-04-10 16:00:00-04:00,181.52,187.0,168.31,181.62,0.0
2025-04-10 17:00:00-04:00,186.0,186.0,181.0,182.49,0.0
2025-04-10 18:00:00-04:00,186.0,195.07,179.76,181.88,0.0
2025-04-10 19:00:00-04:00,181.88,185.4025,179.6,181.48,0.0
2025-04-11 04:00:00-04:00,181.63,181.94,180.42,180.42,0.0
2025-04-11 05:00:00-04:00,180.56,180.92,180.25,180.92,0.0
2025-04-11 06:00:00-04:00,180.93,183.03,180.93,183.03,0.0
2025-04-11 07:00:00-04:00,182.8,183.63,182.06,182.08,0.0
2025-04-11 08:00:00-04:00,182.08,184.14,180.34,181.84,0.0
2025-04-11 09:00:00-04:00,182.41,184.23,180.25,180.51,0.0
2025-04-11 09:30:00-04:00,179.00999450683594,180.1300048828125,175.0500030517578,177.81500244140625,1236886.0
2025-04-11 10:30:00-04:00,177.86000061035156,179.82000732421875,177.44500732421875,178.27999877929688,728514.0
2025-04-11 11:30:00-04:00,178.13999938964844,179.77999877929688,178.0500030517578,179.44000244140625,724057.0
2025-04-11 12:30:00-04:00,179.4499969482422,182.4593963623047,179.36000061035156,181.55999755859375,585807.0
2025-04-11 13:30:00-04:00,181.5800018310547,184.25,181.18499755859375,182.5449981689453,773144.0
2025-04-11 14:30:00-04:00,182.5449981689453,183.08990478515625,181.9199981689453,182.53500366210938,488337.0
2025-04-11 15:30:00-04:00,182.47999572753906,182.74000549316406,181.42999267578125,181.6199951171875,891403.0
2025-04-11 16:00:00-04:00,181.61,182.03,181.0,181.62,0.0
2025-04-11 17:00:00-04:00,182.0,182.0,181.32,182.0,0.0
2025-04-11 18:00:00-04:00,181.32,181.98,181.32,181.65,0.0
2025-04-11 19:00:00-04:00,181.3365,181.98,181.32,181.44,0.0
2025-04-14 04:00:00-04:00,184.0,184.29,183.5,184.0,0.0
2025-04-14 05:00:00-04:00,184.32,184.53,184.0,184.1,0.0
2025-04-14 06:00:00-04:00,184.11,184.11,182.93,183.37,0.0
2025-04-14 07:00:00-04:00,183.68,184.0,183.0,184.0,0.0
2025-04-14 08:00:00-04:00,184.07,185.13,182.0,185.04,0.0
2025-04-14 09:00:00-04:00,184.8073,185.5,183.5,184.95,0.0
2025-04-14 09:30:00-04:00,185.35000610351562,186.6699981689453,183.8300018310547,185.5500030517578,1084317.0
2025-04-14 10:30:00-04:00,185.5800018310547,186.83999633789062,185.17010498046875,185.4281005859375,820162.0
2025-04-14 11:30:00-04:00,185.36000061035156,186.49000549316406,183.85000610351562,184.32989501953125,581851.0
2025-04-14 12:30:00-04:00,184.30999755859375,185.59500122070312,184.00999450683594,185.1300048828125,414532.0
2025-04-14 13:30:00-04:00,185.1300048828125,186.27999877929688,184.62010192871094,186.11000061035156,359146.0
2025-04-14 14:30:00-04:00,186.0749969482422,187.60690307617188,186.02999877929688,186.8699951171875,463584.0
2025-04-14 15:30:00-04:00,186.86000061035156,187.2100067138672,185.82000732421875,186.0500030517578,667484.0
2025-04-14 16:00:00-04:00,186.0,189.0,184.671,185.1,0.0
2025-04-14 17:00:00-04:00,184.7,188.41,184.7,184.77,0.0
2025-04-14 18:00:00-04:00,185.2,189.0,184.34,185.12,0.0
2025-04-14 19:00:00-04:00,185.12,185.96,184.53,185.16,0.0
2025-04-15 04:00:00-04:00,187.54,187.54,184.72,185.8,0.0
2025-04-15 05:00:00-04:00,185.06,185.68,184.9,185.68,0.0
2025-04-15 06:00:00-04:00,185.69,185.69,184.87,185.5,0.0
2025-04-15 07:00:00-04:00,185.29,185.49,184.98,185.37,0.0
2025-04-15 08:00:00-04:00,185.26,187.27,184.14,184.8,0.0
2025-04-15 09:00:00-04:00,184.81,185.06,183.88,184.46,0.0
2025-04-15 09:30:00-04:00,183.42999267578125,187.8800048828125,182.2899932861328,186.55999755859375,912871.0
2025-04-15 10:30:00-04:00,186.6199951171875,188.33999633789062,186.50750732421875,187.1300048828125,502430.0
2025-04-15 11:30:00-04:00,187.27999877929688,188.32000732421875,187.2100067138672,188.16000366210938,339617.0
2025-04-15 12:30:00-04:00,188.19000244140625,188.44000244140625,186.73500061035156,186.93800354003906,433008.0
2025-04-15 13:30:00-04:00,186.92999267578125,187.26980590820312,186.27999877929688,186.67999267578125,326472.0
2025-04-15 14:30:00-04:00,186.6300048828125,187.19000244140625,186.1199951171875,186.33999633789062,380845.0
2025-04-15 15:30:00-04:00,186.36000061035156,186.60000610351562,185.50999450683594,185.64999389648438,796314.0
2025-04-15 16:00:00-04:00,185.67,192.4611,182.6048,186.87,0.0
2025-04-15 17:00:00-04:00,185.83,192.4611,183.88,185.74,0.0
2025-04-15 18:00:00-04:00,185.67,187.4,183.0,184.36,0.0
2025-04-15 19:00:00-04:00,184.5,185.0,184.11,184.36,0.0
2025-04-16 04:00:00-04:00,184.0,184.74,183.0,184.74,0.0
2025-04-16 05:00:00-04:00,184.74,184.95,184.1,184.5,0.0
2025-04-16 06:00:00-04:00,184.5,184.6,184.5,184.6,0.0
2025-04-16 07:00:00-04:00,184.6,185.02,184.58,185.02,0.0
2025-04-16 08:00:00-04:00,185.02,185.67,183.6912,185.0,0.0
2025-04-16 09:00:00-04:00,185.0,185.4,183.33,183.33,0.0
2025-04-16 09:30:00-04:00,184.07000732421875,185.8800048828125,182.65139770507812,184.6699981689453,626041.0
2025-04-16 10:30:00-04:00,184.67999267578125,185.24000549316406,184.16000366210938,185.125,406924.0
2025-04-16 11:30:00-04:00,185.16000366210938,185.50999450683594,183.83999633789062,184.3699951171875,312944.0
2025-04-16 12:30:00-04:00,184.4199981689453,184.82000732421875,183.82000732421875,184.75,306365.0
2025-04-16 13:30:00-04:00,184.75,184.75,182.10000610351562,183.19000244140625,449277.0
2025-04-16 14:30:00-04:00,183.1649932861328,183.2100067138672,181.27999877929688,181.69419860839844,517941.0
2025-04-16 15:30:00-04:00,181.72000122070312,183.35000610351562,181.69000244140625,182.4600067138672,923866.0
2025-04-16 16:00:00-04:00,182.45,185.98,180.0,182.0,0.0
2025-04-16 17:00:00-04:00,182.0,183.68,180.0,181.4,0.0
2025-04-16 18:00:00-04:00,182.45,183.97,181.4,182.9,0.0
2025-04-16 19:00:00-04:00,182.25,183.97,181.4,181.84,0.0
2025-04-17 04:00:00-04:00,181.84,183.85,181.84,183.82,0.0
2025-04-17 05:00:00-04:00,183.95,184.0,183.8,184.0,0.0
2025-04-17 06:00:00-04:00,184.16,185.16,183.41,183.41,0.0
2025-04-17 07:00:00-04:00,183.86,183.95,183.31,183.56,0.0
2025-04-17 08:00:00-04:00,183.56,184.84,183.01,184.1,0.0
2025-04-17 09:00:00-04:00,184.28,184.5,183.27,183.41,0.0
2025-04-17 09:30:00-04:00,182.97000122070312,183.6699981689453,181.58999633789062,181.875,848754.0
2025-04-17 10:30:00-04:00,181.92999267578125,184.19000244140625,181.71800231933594,183.17999267578125,873479.0
2025-04-17 11:30:00-04:00,183.1699981689453,184.1147003173828,182.9600067138672,183.9499969482422,515893.0
2025-04-17 12:30:00-04:00,183.86000061035156,184.24000549316406,183.1999969482422,183.22000122070312,398467.0
2025-04-17 13:30:00-04:00,183.27000427246094,183.9600067138672,182.9550018310547,183.35000610351562,289680.0
2025-04-17 14:30:00-04:00,183.38999938964844,183.61000061035156,182.05999755859375,182.4149932861328,485189.0
2025-04-17 15:30:00-04:00,182.4199981689453,183.01499938964844,181.72000122070312,181.80999755859375,740480.0
2025-04-17 16:00:00-04:00,181.9,182.42,181.78,181.81,0.0
2025-04-17 17:00:00-04:00,181.75,182.41,180.0,181.82,0.0
2025-04-17 18:00:00-04:00,181.82,182.19,181.82,181.99,0.0
2025-04-17 19:00:00-04:00,181.99,182.3758,181.79,181.82,0.0
2025-04-21 04:00:00-04:00,180.74,181.23,180.32,180.9,0.0
2025-04-21 05:00:00-04:00,180.9,180.9,180.34,180.34,0.0
2025-04-21 06:00:00-04:00,180.34,180.34,180.13,180.13,0.0
2025-04-21 07:00:00-04:00,180.32,181.03,179.78,179.82,0.0
2025-04-21 08:00:00-04:00,179.82,182.535,179.43,180.17,0.0
2025-04-21 09:00:00-04:00,180.16,180.28,179.0,179.72,0.0
2025-04-21 09:30:00-04:00,179.2899932861328,180.7899932861328,178.57969665527344,179.22999572753906,1143962.0
2025-04-21 10:30:00-04:00,179.1999969482422,179.33999633789062,177.3800048828125,177.4499969482422,767849.0
2025-04-21 11:30:00-04:00,177.41000366210938,177.66000366210938,176.44000244140625,177.49000549316406,595586.0
2025-04-21 12:30:00-04:00,177.4949951171875,178.0399932861328,176.83999633789062,176.97999572753906,571536.0
2025-04-21 13:30:00-04:00,176.94949340820312,177.16000366210938,176.02000427246094,176.99000549316406,874416.0
2025-04-21 14:30:00-04:00,176.99000549316406,177.17999267578125,176.26010131835938,176.64999389648438,1339580.0
2025-04-21 15:30:00-04:00,176.66000366210938,178.63999938964844,176.6300048828125,178.22999572753906,1961646.0
2025-04-21 16:00:00-04:00,178.16,190.06,176.75,178.1826,0.0
2025-04-21 17:00:00-04:00,177.5,178.34,177.0,177.9,0.0
2025-04-21 18:00:00-04:00,177.9,178.35,177.5,177.92,0.0
2025-04-21 19:00:00-04:00,177.51,178.5,177.5,178.0,0.0
2025-04-22 04:00:00-04:00,179.19,180.16,179.19,179.25,0.0
2025-04-22 05:00:00-04:00,179.5,179.5,178.09,178.21,0.0
2025-04-22 06:00:00-04:00,178.21,181.03,174.0,181.03,0.0
2025-04-22 07:00:00-04:00,181.6,184.0,178.4,182.69,0.0
2025-04-22 08:00:00-04:00,182.69,186.81,178.35,186.5792,0.0
2025-04-22 09:00:00-04:00,186.23,187.68,185.47,186.52,0.0
2025-04-22 09:30:00-04:00,186.5,188.0,182.10000610351562,185.91000366210938,2581655.0
2025-04-22 10:30:00-04:00,185.9199981689453,186.25,184.7100067138672,185.44937133789062,1398763.0
2025-04-22 11:30:00-04:00,185.4600067138672,187.27000427246094,184.75,186.976806640625,1324756.0
2025-04-22 12:30:00-04:00,186.97999572753906,187.85000610351562,185.372802734375,185.74000549316406,1123952.0
2025-04-22 13:30:00-04:00,185.6300048828125,187.83999633789062,185.47999572753906,187.61000061035156,790623.0
2025-04-22 14:30:00-04:00,187.60000610351562,188.4398956298828,187.33999633789062,187.99000549316406,1448978.0
2025-04-22 15:30:00-04:00,187.99000549316406,190.0,187.11099243164062,189.36000061035156,2764474.0
2025-04-22 16:00:00-04:00,189.18,190.0,177.405,189.33,0.0
2025-04-22 17:00:00-04:00,189.15,192.0,188.88,191.898,0.0
2025-04-22 18:00:00-04:00,191.7,193.03,189.18,192.74,0.0
2025-04-22 19:00:00-04:00,192.74,193.03,192.6,193.03,0.0
2025-04-23 04:00:00-04:00,193.41,193.97,192.8,193.97,0.0
2025-04-23 05:00:00-04:00,193.75,193.82,193.46,193.78,0.0
2025-04-23 06:00:00-04:00,193.53,193.79,193.12,193.78,0.0
2025-04-23 07:00:00-04:00,193.82,195.37,193.58,194.62,0.0
2025-04-23 08:00:00-04:00,194.95,195.57,192.5,194.99,0.0
2025-04-23 09:00:00-04:00,195.0,195.7,194.25,195.44,0.0
2025-04-23 09:30:00-04:00,195.94000244140625,196.11000061035156,192.6699981689453,195.0,1819580.0
2025-04-23 10:30:00-04:00,194.92999267578125,197.0341033935547,193.75999450683594,194.30999755859375,1020722.0
2025-04-23 11:30:00-04:00,194.30999755859375,195.2100067138672,192.94000244140625,193.9949951171875,833334.0
2025-04-23 12:30:00-04:00,193.9949951171875,195.4499969482422,193.89999389648438,194.60000610351562,550963.0
2025-04-23 13:30:00-04:00,194.52430725097656,195.1699981689453,193.91000366210938,194.07000732421875,448131.0
2025-04-23 14:30:00-04:00,194.0749969482422,194.5500030517578,192.57000732421875,192.9600067138672,703111.0
2025-04-23 15:30:00-04:00,192.97000122070312,194.1300048828125,192.61090087890625,193.6699981689453,1136511.0
2025-04-23 16:00:00-04:00,193.55,197.0,182.45,194.25,0.0
2025-04-23 17:00:00-04:00,194.28,197.0,194.07,194.07,0.0
2025-04-23 18:00:00-04:00,194.08,194.18,192.78,193.79,0.0
2025-04-23 19:00:00-04:00,193.88,195.97,193.7125,194.2,0.0
2025-04-24 04:00:00-04:00,193.47,193.47,193.0,193.01,0.0
2025-04-24 05:00:00-04:00,193.01,193.25,192.5,193.11,0.0
2025-04-24 06:00:00-04:00,193.18,194.34,193.18,194.0,0.0
2025-04-24 07:00:00-04:00,194.35,194.39,193.62,193.62,0.0
2025-04-24 08:00:00-04:00,193.5,195.3,193.0,194.0,0.0
2025-04-24 09:00:00-04:00,194.05,194.72,194.01,194.68,0.0
2025-04-24 09:30:00-04:00,194.3300018310547,197.30499267578125,194.0500030517578,195.89999389648438,1379671.0
2025-04-24 10:30:00-04:00,195.85000610351562,196.61000061035156,195.02000427246094,195.22000122070312,603961.0
2025-04-24 11:30:00-04:00,195.22000122070312,196.10000610351562,194.8699951171875,195.9199981689453,456026.0
2025-04-24 12:30:00-04:00,195.90499877929688,197.11549377441406,195.85000610351562,196.94000244140625,497737.0
2025-04-24 13:30:00-04:00,196.93499755859375,197.1300048828125,196.20010375976562,196.55499267578125,578728.0
2025-04-24 14:30:00-04:00,196.55499267578125,197.19000244140625,196.5,196.80999755859375,470916.0
2025-04-24 15:30:00-04:00,196.82000732421875,197.70339965820312,196.2100067138672,197.41000366210938,1045627.0
2025-04-24 16:00:00-04:00,197.37,198.75,197.04,197.91,0.0
2025-04-24 17:00:00-04:00,197.91,198.0,171.32,197.54,0.0
2025-04-24 18:00:00-04:00,197.53,197.9,197.41,197.4998,0.0
2025-04-24 19:00:00-04:00,197.5,197.7,197.43,197.4367,0.0
2025-04-25 04:00:00-04:00,197.12,198.66,197.12,198.12,0.0
2025-04-25 05:00:00-04:00,197.9,198.0,197.33,197.78,0.0
2025-04-25 06:00:00-04:00,197.6,198.93,197.17,197.17,0.0
2025-04-25 07:00:00-04:00,197.47,197.47,195.71,196.78,0.0
2025-04-25 08:00:00-04:00,196.5,199.0,195.7,196.11,0.0
2025-04-25 09:00:00-04:00,196.11,198.27,196.033,198.27,0.0
2025-04-25 09:30:00-04:00,198.6999969482422,199.99000549316406,197.25999450683594,198.08999633789062,824419.0
2025-04-25 10:30:00-04:00,198.10000610351562,198.86000061035156,197.61000061035156,198.2375030517578,413134.0
2025-04-25 11:30:00-04:00,198.30999755859375,198.94000244140625,197.85000610351562,198.67999267578125,291989.0
2025-04-25 12:30:00-04:00,198.67999267578125,199.33999633789062,198.5749969482422,198.98179626464844,327150.0
2025-04-25 13:30:00-04:00,199.05999755859375,199.21609497070312,197.3300018310547,198.5749969482422,372230.0
2025-04-25 14:30:00-04:00,198.5800018310547,198.77000427246094,197.97999572753906,198.11000061035156,378806.0
2025-04-25 15:30:00-04:00,198.0625,198.6199951171875,197.61000061035156,198.42999267578125,779092.0
2025-04-25 16:00:00-04:00,198.43,198.81,189.18,198.46,0.0
2025-04-25 17:00:00-04:00,198.5,198.65,198.26,198.46,0.0
2025-04-25 18:00:00-04:00,198.5,198.645,198.45,198.5,0.0
2025-04-25 19:00:00-04:00,198.5,198.65,198.45,198.64,0.0
2025-04-28 04:00:00-04:00,198.55,198.55,198.0,198.0,0.0
2025-04-28 05:00:00-04:00,198.0,198.41,198.0,198.01,0.0
2025-04-28 06:00:00-04:00,198.0,198.66,198.0,198.66,0.0
2025-04-28 07:00:00-04:00,198.66,198.73,197.52,198.42,0.0
2025-04-28 08:00:00-04:00,198.25,199.82,197.19,198.39,0.0
2025-04-28 09:00:00-04:00,198.39,199.8,198.0,199.19,0.0
2025-04-28 09:30:00-04:00,199.5,201.4799041748047,198.89999389648438,200.92999267578125,594513.0
2025-04-28 10:30:00-04:00,201.07000732421875,201.08999633789062,198.8000030517578,198.86500549316406,428972.0
2025-04-28 11:30:00-04:00,198.86000061035156,199.3800048828125,198.60000610351562,199.0800018310547,309737.0
2025-04-28 12:30:00-04:00,199.10000610351562,199.5399932861328,198.8699951171875,198.9499969482422,249867.0
2025-04-28 13:30:00-04:00,198.9499969482422,200.29229736328125,198.77999877929688,200.1999969482422,264621.0
2025-04-28 14:30:00-04:00,200.1999969482422,200.58290100097656,199.9499969482422,200.55999755859375,307915.0
2025-04-28 15:30:00-04:00,200.57000732421875,201.2949981689453,200.19000244140625,200.83999633789062,564058.0
2025-04-28 16:00:00-04:00,200.78,201.48,200.25,200.41,0.0
2025-04-28 17:00:00-04:00,200.8,200.85,200.32,200.82,0.0
2025-04-28 18:00:00-04:00,200.63,200.85,200.42,200.82,0.0
2025-04-28 19:00:00-04:00,200.86,201.23,200.5,201.23,0.0
2025-04-29 04:00:00-04:00,201.1,201.25,201.0,201.0,0.0
2025-04-29 05:00:00-04:00,201.0,201.24,200.02,201.24,0.0
2025-04-29 06:00:00-04:00,201.18,201.18,200.03,200.03,0.0
2025-04-29 07:00:00-04:00,200.03,201.12,200.03,201.09,0.0
2025-04-29 08:00:00-04:00,201.18,201.5,200.0,201.34,0.0
2025-04-29 09:00:00-04:00,201.48,201.48,199.08,200.9,0.0
2025-04-29 09:30:00-04:00,200.49000549316406,202.4281005859375,200.0399932861328,200.32000732421875,640145.0
2025-04-29 10:30:00-04:00,200.1300048828125,201.47000122070312,199.92999267578125,201.06500244140625,403743.0
2025-04-29 11:30:00-04:00,201.10499572753906,201.19000244140625,200.27999877929688,200.69679260253906,253348.0
2025-04-29 12:30:00-04:00,200.64500427246094,200.8300018310547,199.64999389648438,200.2949981689453,343113.0
2025-04-29 13:30:00-04:00,200.30999755859375,201.1300048828125,200.13450622558594,200.64199829101562,344064.0
2025-04-29 14:30:00-04:00,200.6300048828125,200.8300018310547,200.36000061035156,200.36000061035156,358773.0
2025-04-29 15:30:00-04:00,200.4149932861328,201.11000061035156,200.22999572753906,200.4600067138672,507599.0
2025-04-29 16:00:00-04:00,200.56,201.5,192.4611,192.4611,0.0
2025-04-29 17:00:00-04:00,200.5,200.89,192.4611,200.5,0.0
2025-04-29 18:00:00-04:00,200.8553,200.89,199.5,200.6,0.0
2025-04-29 19:00:00-04:00,200.89,200.89,199.5,200.29,0.0
2025-04-30 04:00:00-04:00,200.78,200.78,199.54,200.36,0.0
2025-04-30 05:00:00-04:00,200.36,200.41,200.07,200.41,0.0
2025-04-30 06:00:00-04:00,200.41,200.41,199.24,200.08,0.0
2025-04-30 07:00:00-04:00,199.27,200.33,199.23,200.33,0.0
2025-04-30 08:00:00-04:00,200.31,201.51,199.11,199.12,0.0
2025-04-30 09:00:00-04:00,199.49,199.5,197.1,197.93,0.0
2025-04-30 09:30:00-04:00,198.60000610351562,199.33999633789062,196.86000061035156,199.14999389648438,532739.0
2025-04-30 10:30:00-04:00,199.16000366210938,199.8300018310547,198.8000030517578,199.6199951171875,285983.0
2025-04-30 11:30:00-04:00,199.60000610351562,200.47999572753906,199.44000244140625,199.6199951171875,291217.0
2025-04-30 12:30:00-04:00,199.55999755859375,199.9600067138672,199.0800018310547,199.83999633789062,194997.0
2025-04-30 13:30:00-04:00,199.83999633789062,201.0,199.7624969482422,200.0399932861328,334942.0
2025-04-30 14:30:00-04:00,200.0800018310547,200.3300018310547,199.52999877929688,199.6699981689453,386573.0
2025-04-30 15:30:00-04:00,199.6699981689453,202.02999877929688,199.4600067138672,201.4499969482422,845822.0
2025-04-30 16:00:00-04:00,201.38,201.9,200.77,201.14,0.0
2025-04-30 17:00:00-04:00,201.36,201.9,200.77,201.21,0.0
2025-04-30 18:00:00-04:00,201.21,201.9,200.77,201.0,0.0
2025-04-30 19:00:00-04:00,200.7977,201.88,200.77,201.34,0.0
2025-05-01 04:00:00-04:00,201.34,201.76,201.0,201.76,0.0
2025-05-01 05:00:00-04:00,201.26,202.29,201.26,202.29,0.0
2025-05-01 06:00:00-04:00,201.22,202.04,201.22,202.04,0.0
2025-05-01 07:00:00-04:00,202.04,202.75,201.87,202.43,0.0
2025-05-01 08:00:00-04:00,202.34,203.25,201.54,202.45,0.0
2025-05-01 09:00:00-04:00,202.3,203.0,178.35,202.31,0.0
2025-05-01 09:30:00-04:00,202.25,204.8800048828125,200.86000061035156,203.97999572753906,850876.0
2025-05-01 10:30:00-04:00,204.05999755859375,204.94000244140625,203.6699981689453,204.52000427246094,506676.0
2025-05-01 11:30:00-04:00,204.52000427246094,205.24000549316406,203.32000732421875,203.85499572753906,419199.0
2025-05-01 12:30:00-04:00,203.89990234375,204.6699981689453,203.45010375976562,203.7899932861328,255368.0
2025-05-01 13:30:00-04:00,203.88999938964844,204.5469970703125,203.49000549316406,204.50999450683594,318915.0
2025-05-01 14:30:00-04:00,204.50999450683594,205.0800018310547,204.22000122070312,204.7899932861328,408238.0
2025-05-01 15:30:00-04:00,204.80999755859375,204.92999267578125,203.44000244140625,203.6699981689453,663295.0
2025-05-01 16:00:00-04:00,203.71,216.9928,202.88,203.99,0.0
2025-05-01 17:00:00-04:00,203.99,205.69,203.3,203.89,0.0
2025-05-01 18:00:00-04:00,203.89,204.0025,203.4,203.97,0.0
2025-05-01 19:00:00-04:00,203.63,205.25,203.61,204.598,0.0
2025-05-02 04:00:00-04:00,204.598,207.32,204.598,205.86,0.0
2025-05-02 05:00:00-04:00,205.03,205.68,205.0,205.66,0.0
2025-05-02 06:00:00-04:00,205.66,205.66,205.39,205.4,0.0
2025-05-02 07:00:00-04:00,205.36,205.42,205.02,205.23,0.0
2025-05-02 08:00:00-04:00,205.14,206.2054,203.58,205.3,0.0
2025-05-02 09:00:00-04:00,205.35,206.75,203.61,206.7,0.0
2025-05-02 09:30:00-04:00,206.32000732421875,207.6699981689453,205.55999755859375,207.60499572753906,527818.0
2025-05-02 10:30:00-04:00,207.5800018310547,207.66000366210938,205.88999938964844,206.0850067138672,372624.0
2025-05-02 11:30:00-04:00,206.08999633789062,207.75,206.07000732421875,207.36500549316406,372886.0
2025-05-02 12:30:00-04:00,207.42999267578125,208.3000030517578,207.37010192871094,208.17999267578125,378491.0
2025-05-02 13:30:00-04:00,208.14500427246094,208.72000122070312,207.89999389648438,208.33999633789062,291111.0
2025-05-02 14:30:00-04:00,208.34500122070312,208.5800018310547,207.72000122070312,208.27499389648438,487549.0
2025-05-02 15:30:00-04:00,208.22999572753906,208.44000244140625,207.6199951171875,207.66000366210938,573966.0
2025-05-02 16:00:00-04:00,207.66,208.75,205.82,207.66,0.0
2025-05-02 17:00:00-04:00,207.53,208.2,206.98,207.6,0.0
2025-05-02 18:00:00-04:00,207.53,208.14,207.02,207.31,0.0
2025-05-02 19:00:00-04:00,207.3,207.5,206.5932,207.48,0.0
2025-05-05 04:00:00-04:00,206.7,206.88,206.07,206.07,0.0
2025-05-05 05:00:00-04:00,206.0,206.0,205.02,205.02,0.0
2025-05-05 06:00:00-04:00,205.2,205.55,205.01,205.08,0.0
2025-05-05 07:00:00-04:00,205.08,206.4,205.08,205.85,0.0
2025-05-05 08:00:00-04:00,205.75,208.0,204.03,205.37,0.0
2025-05-05 09:00:00-04:00,205.37,206.45,205.37,205.91,0.0
2025-05-05 09:30:00-04:00,206.30999755859375,208.9499969482422,205.6490020751953,208.5449981689453,502325.0
2025-05-05 10:30:00-04:00,208.58999633789062,209.49839782714844,208.05499267578125,209.0399932861328,368755.0
2025-05-05 11:30:00-04:00,209.05999755859375,209.66000366210938,208.8249969482422,209.47000122070312,370029.0
2025-05-05 12:30:00-04:00,209.5,210.22000122070312,209.3000030517578,209.9550018310547,505724.0
2025-05-05 13:30:00-04:00,209.9550018310547,210.47000122070312,209.85000610351562,210.3800048828125,365360.0
2025-05-05 14:30:00-04:00,210.3699951171875,210.52000427246094,209.8699951171875,209.96229553222656,424227.0
2025-05-05 15:30:00-04:00,209.9600067138672,210.1699981689453,208.83999633789062,209.11000061035156,531271.0
2025-05-05 16:00:00-04:00,209.13,210.8,208.0,209.01,0.0
2025-05-05 17:00:00-04:00,209.94,210.8,208.84,210.5,0.0
2025-05-05 18:00:00-04:00,209.01,209.7,209.01,209.02,0.0
2025-05-05 19:00:00-04:00,209.4,209.4,208.84,208.84,0.0
2025-05-06 04:00:00-04:00,208.0,208.05,207.85,208.0,0.0
2025-05-06 05:00:00-04:00,207.48,207.48,206.71,206.71,0.0
2025-05-06 06:00:00-04:00,206.71,207.76,206.11,207.0,0.0
2025-05-06 07:00:00-04:00,207.4,208.12,207.02,207.65,0.0
2025-05-06 08:00:00-04:00,207.65,209.0,205.92,206.55,0.0
2025-05-06 09:00:00-04:00,206.55,207.54,206.25,206.65,0.0
2025-05-06 09:30:00-04:00,206.02000427246094,209.60000610351562,205.9199981689453,209.23500061035156,524916.0
2025-05-06 10:30:00-04:00,209.23500061035156,209.8300018310547,208.89999389648438,209.5050048828125,229482.0
2025-05-06 11:30:00-04:00,209.45399475097656,209.57000732421875,207.9499969482422,208.64500427246094,317715.0
2025-05-06 12:30:00-04:00,208.63290405273438,209.14999389648438,208.17979431152344,208.77000427246094,366714.0
2025-05-06 13:30:00-04:00,208.77000427246094,209.1999969482422,208.08999633789062,209.1999969482422,328945.0
2025-05-06 14:30:00-04:00,209.2100067138672,209.63999938964844,208.9600067138672,209.27000427246094,295231.0
2025-05-06 15:30:00-04:00,209.25,209.6699981689453,208.52000427246094,208.52999877929688,511780.0
2025-05-06 16:00:00-04:00,208.56,210.0,207.54,207.83,0.0
2025-05-06 17:00:00-04:00,207.83,208.6,207.57,207.82,0.0
2025-05-06 18:00:00-04:00,208.3,210.94,207.6105,209.17,0.0
2025-05-06 19:00:00-04:00,209.2,210.9,209.15,210.35,0.0
2025-05-07 04:00:00-04:00,210.5,210.5,209.56,209.94,0.0
2025-05-07 05:00:00-04:00,209.88,210.19,209.6,210.19,0.0
2025-05-07 06:00:00-04:00,209.98,210.24,209.53,210.1,0.0
2025-05-07 07:00:00-04:00,210.1,210.41,209.91,210.25,0.0
2025-05-07 08:00:00-04:00,210.38,212.4,208.6,210.94,0.0
2025-05-07 09:00:00-04:00,210.96,210.96,208.6,209.5,0.0
2025-05-07 09:30:00-04:00,208.89999389648438,209.83999633789062,208.21499633789062,209.39500427246094,916527.0
2025-05-07 10:30:00-04:00,209.49000549316406,209.49000549316406,208.4149932861328,208.9499969482422,392771.0
2025-05-07 11:30:00-04:00,208.85580444335938,209.83999633789062,208.85000610351562,209.52439880371094,248949.0
2025-05-07 12:30:00-04:00,209.50999450683594,210.40570068359375,209.4676055908203,210.26499938964844,244598.0
2025-05-07 13:30:00-04:00,210.3000030517578,210.38999938964844,208.55999755859375,208.97999572753906,298801.0
2025-05-07 14:30:00-04:00,209.0500030517578,210.00999450683594,208.5800018310547,208.9250030517578,351361.0
2025-05-07 15:30:00-04:00,208.91000366210938,210.6300048828125,208.65499877929688,209.80999755859375,611289.0
2025-05-07 16:00:00-04:00,209.85,210.6,208.0,209.5,0.0
2025-05-07 17:00:00-04:00,209.85,210.6,209.5,209.5,0.0
2025-05-07 18:00:00-04:00,185.67,210.5,185.67,209.0,0.0
2025-05-07 19:00:00-04:00,209.83,210.5,208.0,209.75,0.0
2025-05-08 04:00:00-04:00,211.56,211.86,210.66,211.86,0.0
2025-05-08 05:00:00-04:00,211.17,212.02,211.17,212.0,0.0
2025-05-08 06:00:00-04:00,212.0,213.85,211.95,213.15,0.0
2025-05-08 07:00:00-04:00,211.59,212.98,211.59,212.4,0.0
2025-05-08 08:00:00-04:00,212.43,214.0,210.0907,212.27,0.0
2025-05-08 09:00:00-04:00,212.25,212.6853,211.21,211.96,0.0
2025-05-08 09:30:00-04:00,211.0,213.8800048828125,210.50999450683594,213.19000244140625,770310.0
2025-05-08 10:30:00-04:00,213.17999267578125,215.36000061035156,212.61000061035156,215.0,691529.0
2025-05-08 11:30:00-04:00,215.0,216.8000030517578,214.67999267578125,216.1699981689453,765350.0
2025-05-08 12:30:00-04:00,216.1649932861328,216.4199981689453,215.45179748535156,215.7899932861328,441363.0
2025-05-08 13:30:00-04:00,215.8175048828125,215.99159240722656,215.22999572753906,215.51499938964844,654869.0
2025-05-08 14:30:00-04:00,215.51499938964844,216.64999389648438,215.43499755859375,216.55999755859375,532606.0
2025-05-08 15:30:00-04:00,216.66000366210938,216.69000244140625,214.3699951171875,214.5500030517578,918604.0
2025-05-08 16:00:00-04:00,214.53,218.2649,214.25,214.78,0.0
2025-05-08 17:00:00-04:00,214.66,215.0,214.0,214.0001,0.0
2025-05-08 18:00:00-04:00,214.62,214.9825,214.0,214.73,0.0
2025-05-08 19:00:00-04:00,214.71,215.0,214.29,214.3,0.0
2025-05-09 04:00:00-04:00,214.3,215.23,214.3,215.02,0.0
2025-05-09 05:00:00-04:00,215.02,215.23,214.54,214.54,0.0
2025-05-09 06:00:00-04:00,214.54,215.04,214.54,215.04,0.0
2025-05-09 07:00:00-04:00,215.04,215.9,214.51,215.03,0.0
2025-05-09 08:00:00-04:00,215.03,216.88,214.49,215.48,0.0
2025-05-09 09:00:00-04:00,215.48,216.59,215.0,215.95,0.0
2025-05-09 09:30:00-04:00,215.2100067138672,216.1199951171875,213.2238006591797,213.52999877929688,514275.0
2025-05-09 10:30:00-04:00,213.53500366210938,214.25990295410156,212.72500610351562,213.5399932861328,478178.0
2025-05-09 11:30:00-04:00,213.52000427246094,214.38999938964844,213.3000030517578,213.72000122070312,295282.0
2025-05-09 12:30:00-04:00,213.7100067138672,214.77999877929688,213.6699981689453,214.66250610351562,258854.0
2025-05-09 13:30:00-04:00,214.64999389648438,215.3424072265625,214.25,214.4499969482422,443697.0
2025-05-09 14:30:00-04:00,214.4499969482422,215.36000061035156,214.3699951171875,214.64999389648438,290426.0
2025-05-09 15:30:00-04:00,214.64999389648438,215.1300048828125,214.4199981689453,214.94000244140625,586335.0
2025-05-09 16:00:00-04:00,214.96,219.39,213.72,214.16,0.0
2025-05-09 17:00:00-04:00,214.75,215.0,212.53,214.96,0.0
2025-05-09 18:00:00-04:00,214.96,215.9,214.75,214.75,0.0
2025-05-09 19:00:00-04:00,214.81,215.0,214.81,214.92,0.0
2025-05-12 04:00:00-04:00,220.0,221.58,216.5,220.67,0.0
2025-05-12 05:00:00-04:00,220.67,221.24,219.99,220.98,0.0
2025-05-12 06:00:00-04:00,220.44,221.5,220.44,221.39,0.0
2025-05-12 07:00:00-04:00,221.26,221.73,220.49,221.73,0.0
2025-05-12 08:00:00-04:00,221.75,223.02,217.88,221.5,0.0
2025-05-12 09:00:00-04:00,221.85,222.0,220.1433,221.321,0.0
2025-05-12 09:30:00-04:00,219.33999633789062,219.98159790039062,211.14999389648438,216.75,1459310.0
2025-05-12 10:30:00-04:00,216.8699951171875,218.05999755859375,216.2100067138672,216.96859741210938,492265.0
2025-05-12 11:30:00-04:00,217.00999450683594,217.64999389648438,216.5500030517578,217.22000122070312,511094.0
2025-05-12 12:30:00-04:00,217.27000427246094,218.6999969482422,217.0,217.94500732421875,424144.0
2025-05-12 13:30:00-04:00,217.99000549316406,218.52999877929688,217.64999389648438,218.4499969482422,468304.0
2025-05-12 14:30:00-04:00,218.47000122070312,218.90499877929688,218.14109802246094,218.75,520673.0
2025-05-12 15:30:00-04:00,218.77999877929688,219.14999389648438,218.4499969482422,218.9600067138672,767298.0
2025-05-12 16:00:00-04:00,218.95,219.2,216.47,219.0,0.0
2025-05-12 17:00:00-04:00,218.8,219.2,218.75,218.99,0.0
2025-05-12 18:00:00-04:00,219.0,219.18,218.75,219.18,0.0
2025-05-12 19:00:00-04:00,219.2,219.2,218.53,218.6,0.0
2025-05-13 04:00:00-04:00,219.26,219.26,217.58,218.32,0.0
2025-05-13 05:00:00-04:00,218.09,218.09,217.51,217.79,0.0
2025-05-13 06:00:00-04:00,217.79,218.09,217.57,218.09,0.0
2025-05-13 07:00:00-04:00,218.1,218.8,218.0,218.66,0.0
2025-05-13 08:00:00-04:00,218.66,219.5,217.61,218.56,0.0
2025-05-13 09:00:00-04:00,219.21,220.0,218.56,219.8,0.0
2025-05-13 09:30:00-04:00,220.0,223.52999877929688,219.3000030517578,222.5800018310547,1576292.0
2025-05-13 10:30:00-04:00,222.5800018310547,222.78990173339844,220.75,222.36000061035156,666789.0
2025-05-13 11:30:00-04:00,222.35000610351562,223.0,221.2050018310547,221.61000061035156,660360.0
2025-05-13 12:30:00-04:00,221.55999755859375,222.0,221.33999633789062,221.6699981689453,457952.0
2025-05-13 13:30:00-04:00,221.7050018310547,221.92990112304688,220.91000366210938,221.8699951171875,442828.0
2025-05-13 14:30:00-04:00,221.83999633789062,222.11500549316406,221.4499969482422,222.02999877929688,513166.0
2025-05-13 15:30:00-04:00,222.0399932861328,222.3000030517578,221.1199951171875,221.50999450683594,1061757.0
2025-05-13 16:00:00-04:00,221.52,222.94,220.08,221.1,0.0
2025-05-13 17:00:00-04:00,221.4,221.9775,221.03,221.9775,0.0
2025-05-13 18:00:00-04:00,221.9775,222.0,221.1,222.0,0.0
2025-05-13 19:00:00-04:00,221.85,222.0,221.51,222.0,0.0
2025-05-14 04:00:00-04:00,222.5,222.5,221.51,221.58,0.0
2025-05-14 05:00:00-04:00,221.6,222.5,221.6,222.0,0.0
2025-05-14 06:00:00-04:00,222.02,222.23,221.02,221.11,0.0
2025-05-14 07:00:00-04:00,221.11,222.26,221.11,222.26,0.0
2025-05-14 08:00:00-04:00,222.26,223.57,221.3005,221.98,0.0
2025-05-14 09:00:00-04:00,221.96,222.2,221.6,221.61,0.0
2025-05-14 09:30:00-04:00,222.94000244140625,223.0,220.4499969482422,221.9949951171875,600772.0
2025-05-14 10:30:00-04:00,222.02999877929688,222.32000732421875,221.0,221.90499877929688,328934.0
2025-05-14 11:30:00-04:00,221.86000061035156,222.69000244140625,221.7100067138672,222.1300048828125,400402.0
2025-05-14 12:30:00-04:00,222.14999389648438,222.3300018310547,221.45249938964844,222.0,272122.0
2025-05-14 13:30:00-04:00,222.00999450683594,222.27999877929688,221.66000366210938,221.81149291992188,251194.0
2025-05-14 14:30:00-04:00,221.8300018310547,222.69000244140625,221.82000732421875,222.59500122070312,341918.0
2025-05-14 15:30:00-04:00,222.57000732421875,223.35000610351562,222.35009765625,223.1999969482422,922205.0
2025-05-14 16:00:00-04:00,223.2,223.51,222.0,223.44,0.0
2025-05-14 17:00:00-04:00,223.43,224.01,223.24,223.66,0.0
2025-05-14 18:00:00-04:00,223.72,224.02,223.5,224.0,0.0
2025-05-14 19:00:00-04:00,224.0,224.49,223.32,223.66,0.0
2025-05-15 04:00:00-04:00,222.3,223.97,221.5,223.4,0.0
2025-05-15 05:00:00-04:00,222.64,223.6,222.25,223.03,0.0
2025-05-15 06:00:00-04:00,223.03,223.5,222.76,223.5,0.0
2025-05-15 07:00:00-04:00,223.53,223.95,223.3,223.7,0.0
2025-05-15 08:00:00-04:00,223.74,224.19,221.52,223.99,0.0
2025-05-15 09:00:00-04:00,224.28,225.0,223.5,224.19,0.0
2025-05-15 09:30:00-04:00,223.4499969482422,227.4499053955078,223.4499969482422,226.75999450683594,1213956.0
2025-05-15 10:30:00-04:00,226.75999450683594,227.6199951171875,225.88999938964844,227.4499969482422,633728.0
2025-05-15 11:30:00-04:00,227.49000549316406,229.3699951171875,227.44000244140625,228.89999389648438,901216.0
2025-05-15 12:30:00-04:00,228.89999389648438,229.88999938964844,228.8800048828125,229.4154052734375,621010.0
2025-05-15 13:30:00-04:00,229.4499969482422,229.99000549316406,228.1699981689453,228.6699981689453,732954.0
2025-05-15 14:30:00-04:00,228.71499633789062,229.7299041748047,228.6300048828125,229.47999572753906,687037.0
2025-05-15 15:30:00-04:00,229.47000122070312,230.0850067138672,228.99000549316406,229.38999938964844,1056756.0
2025-05-15 16:00:00-04:00,229.38,230.7008,216.9928,229.93,0.0
2025-05-15 17:00:00-04:00,229.93,229.99,229.51,229.7,0.0
2025-05-15 18:00:00-04:00,229.7,229.99,229.38,229.9899,0.0
2025-05-15 19:00:00-04:00,229.57,229.99,229.25,229.7,0.0
2025-05-16 04:00:00-04:00,230.21,230.93,230.21,230.9,0.0
2025-05-16 05:00:00-04:00,230.9,230.93,230.21,230.87,0.0
2025-05-16 06:00:00-04:00,230.71,230.85,230.0,230.47,0.0
2025-05-16 07:00:00-04:00,230.87,230.87,230.25,230.45,0.0
2025-05-16 08:00:00-04:00,230.45,231.77,229.9,231.0,0.0
2025-05-16 09:00:00-04:00,230.93,231.0,230.02,230.41,0.0
2025-05-16 09:30:00-04:00,229.07000732421875,229.66990661621094,227.58999633789062,229.3699951171875,1017542.0
2025-05-16 10:30:00-04:00,229.1999969482422,229.7100067138672,228.5,229.58999633789062,576313.0
2025-05-16 11:30:00-04:00,229.63999938964844,230.47500610351562,229.5399932861328,230.17999267578125,287971.0
2025-05-16 12:30:00-04:00,230.185302734375,231.6699981689453,229.9550018310547,231.6699981689453,473123.0
2025-05-16 13:30:00-04:00,231.6699981689453,231.8800048828125,231.41000366210938,231.83999633789062,366828.0
2025-05-16 14:30:00-04:00,231.83999633789062,232.32000732421875,231.71290588378906,231.9600067138672,488615.0
2025-05-16 15:30:00-04:00,231.9199981689453,232.1199951171875,231.59500122070312,231.77000427246094,661381.0
2025-05-16 16:00:00-04:00,231.78,232.77,230.0,230.17,0.0
2025-05-16 17:00:00-04:00,230.61,232.0,230.1907,230.58,0.0
2025-05-16 18:00:00-04:00,231.2,231.49,229.0,229.0,0.0
2025-05-16 19:00:00-04:00,229.07,230.0,229.0,229.51,0.0
2025-05-19 04:00:00-04:00,230.0,231.21,228.58,229.41,0.0
2025-05-19 05:00:00-04:00,229.41,229.84,228.79,229.16,0.0
2025-05-19 06:00:00-04:00,229.27,229.31,227.08,228.12,0.0
2025-05-19 07:00:00-04:00,228.4,229.34,228.06,228.66,0.0
2025-05-19 08:00:00-04:00,228.74,231.0,228.0,229.06,0.0
2025-05-19 09:00:00-04:00,229.1,229.4,228.65,228.96,0.0
2025-05-19 09:30:00-04:00,230.25,233.6699981689453,228.9219970703125,233.26499938964844,884350.0
2025-05-19 10:30:00-04:00,233.1999969482422,233.66000366210938,232.94000244140625,233.19000244140625,357686.0
2025-05-19 11:30:00-04:00,233.1199951171875,234.30990600585938,233.07000732421875,234.25999450683594,301519.0
2025-05-19 12:30:00-04:00,234.24000549316406,235.33900451660156,233.97000122070312,235.08999633789062,462724.0
2025-05-19 13:30:00-04:00,235.05999755859375,235.41000366210938,234.7899932861328,235.19000244140625,464874.0
2025-05-19 14:30:00-04:00,235.21499633789062,235.8699951171875,234.55999755859375,234.6300048828125,475084.0
2025-05-19 15:30:00-04:00,234.63499450683594,235.3800048828125,234.42999267578125,235.27000427246094,624024.0
2025-05-19 16:00:00-04:00,235.29,235.38,234.01,235.25,0.0
2025-05-19 17:00:00-04:00,235.0,235.45,235.0,235.34,0.0
2025-05-19 18:00:00-04:00,235.12,235.35,235.01,235.27,0.0
2025-05-19 19:00:00-04:00,235.27,235.88,235.0,235.5,0.0
2025-05-20 04:00:00-04:00,235.44,235.54,235.0,235.02,0.0
2025-05-20 05:00:00-04:00,235.02,235.38,234.44,234.97,0.0
2025-05-20 06:00:00-04:00,234.97,234.97,234.46,234.66,0.0
2025-05-20 07:00:00-04:00,234.58,235.57,234.58,235.02,0.0
2025-05-20 08:00:00-04:00,235.02,236.99,229.8499,235.15,0.0
2025-05-20 09:00:00-04:00,235.2,235.59,234.95,235.15,0.0
2025-05-20 09:30:00-04:00,234.36000061035156,236.0500030517578,234.16000366210938,235.52789306640625,753224.0
2025-05-20 10:30:00-04:00,235.35000610351562,236.0749969482422,234.93080139160156,235.22000122070312,411143.0
2025-05-20 11:30:00-04:00,235.27999877929688,235.47000122070312,234.5399932861328,234.57000732421875,424066.0
2025-05-20 12:30:00-04:00,234.53900146484375,235.36000061035156,234.44000244140625,235.2292938232422,304330.0
2025-05-20 13:30:00-04:00,235.19500732421875,235.36000061035156,234.0399932861328,234.0800018310547,366973.0
2025-05-20 14:30:00-04:00,234.0800018310547,234.5800018310547,233.8000030517578,234.18499755859375,526829.0
2025-05-20 15:30:00-04:00,234.2050018310547,235.3300018310547,234.1999969482422,235.25,661246.0
2025-05-20 16:00:00-04:00,235.21,236.0,221.9,234.51,0.0
2025-05-20 17:00:00-04:00,234.82,235.2,233.4,235.005,0.0
2025-05-20 18:00:00-04:00,235.0,235.19,233.95,234.94,0.0
2025-05-20 19:00:00-04:00,234.94,235.26,234.94,235.25,0.0
2025-05-21 04:00:00-04:00,234.7,234.7,233.98,234.22,0.0
2025-05-21 05:00:00-04:00,234.0,234.42,233.21,233.37,0.0
2025-05-21 06:00:00-04:00,233.79,233.87,232.75,232.75,0.0
2025-05-21 07:00:00-04:00,232.95,233.77,232.47,233.77,0.0
2025-05-21 08:00:00-04:00,233.74,235.2062,231.98,233.89,0.0
2025-05-21 09:00:00-04:00,233.99,234.0,233.3318,233.6,0.0
2025-05-21 09:30:00-04:00,234.86000061035156,236.89999389648438,234.0,235.83250427246094,687517.0
2025-05-21 10:30:00-04:00,235.90499877929688,236.6999969482422,235.30999755859375,236.49000549316406,418385.0
2025-05-21 11:30:00-04:00,236.48089599609375,237.02999877929688,236.4499969482422,236.9199981689453,334970.0
2025-05-21 12:30:00-04:00,236.91000366210938,237.3000030517578,233.86000061035156,234.10000610351562,426917.0
2025-05-21 13:30:00-04:00,233.97999572753906,235.24000549316406,233.74000549316406,234.27499389648438,558891.0
2025-05-21 14:30:00-04:00,234.19000244140625,234.32000732421875,232.66000366210938,233.01499938964844,598203.0
2025-05-21 15:30:00-04:00,233.11000061035156,233.9600067138672,232.9600067138672,233.5399932861328,585557.0
2025-05-21 16:00:00-04:00,233.54,236.0,232.4,233.25,0.0
2025-05-21 17:00:00-04:00,233.03,233.49,221.62,233.04,0.0
2025-05-21 18:00:00-04:00,233.36,234.5,232.5,233.01,0.0
2025-05-21 19:00:00-04:00,233.39,235.94,233.01,233.25,0.0
2025-05-22 04:00:00-04:00,235.48,235.64,232.88,234.2,0.0
2025-05-22 05:00:00-04:00,234.2,234.68,233.99,234.24,0.0
2025-05-22 06:00:00-04:00,234.24,234.33,233.94,234.0,0.0
2025-05-22 07:00:00-04:00,234.0,234.0,233.5,233.62,0.0
2025-05-22 08:00:00-04:00,233.53,234.63,231.8,232.5,0.0
2025-05-22 09:00:00-04:00,232.01,233.94,231.61,233.27,0.0
2025-05-22 09:30:00-04:00,231.19000244140625,232.4499053955078,230.5,231.91000366210938,1060948.0
2025-05-22 10:30:00-04:00,231.92999267578125,232.02000427246094,230.11000061035156,230.16000366210938,1011902.0
2025-05-22 11:30:00-04:00,230.11000061035156,231.33999633789062,229.92999267578125,230.3000030517578,704566.0
2025-05-22 12:30:00-04:00,230.32200622558594,230.36000061035156,229.4199981689453,230.0500030517578,545971.0
2025-05-22 13:30:00-04:00,230.0749969482422,231.19000244140625,229.75,230.3800048828125,589742.0
2025-05-22 14:30:00-04:00,230.41000366210938,231.50750732421875,230.3699951171875,231.3699951171875,939728.0
2025-05-22 15:30:00-04:00,231.3699951171875,231.6199951171875,229.9499969482422,230.2899932861328,1174062.0
2025-05-22 16:00:00-04:00,230.24,230.4,218.2649,230.24,0.0
2025-05-22 17:00:00-04:00,230.4,230.61,230.29,230.3,0.0
2025-05-22 18:00:00-04:00,230.3001,232.0,229.68,230.3,0.0
2025-05-22 19:00:00-04:00,230.36,232.0,229.8773,230.2682,0.0
2025-05-23 04:00:00-04:00,231.44,231.44,230.04,230.76,0.0
2025-05-23 05:00:00-04:00,230.74,230.89,229.92,229.92,0.0
2025-05-23 06:00:00-04:00,229.92,230.64,229.6,230.04,0.0
2025-05-23 07:00:00-04:00,229.55,229.89,229.07,229.1,0.0
2025-05-23 08:00:00-04:00,229.85,230.9167,225.79,227.16,0.0
2025-05-23 09:00:00-04:00,227.5,227.5,226.45,226.62,0.0
2025-05-23 09:30:00-04:00,228.83999633789062,231.7100067138672,228.0063018798828,231.0449981689453,1079522.0
2025-05-23 10:30:00-04:00,231.1199951171875,231.9499969482422,230.33999633789062,231.63999938964844,430691.0
2025-05-23 11:30:00-04:00,231.61000061035156,232.41000366210938,231.5,232.17999267578125,314730.0
2025-05-23 12:30:00-04:00,232.1820068359375,233.38499450683594,232.0500030517578,233.38499450683594,327387.0
2025-05-23 13:30:00-04:00,233.33999633789062,233.69189453125,232.57000732421875,232.86000061035156,344797.0
2025-05-23 14:30:00-04:00,232.92999267578125,233.48500061035156,232.60000610351562,232.6999969482422,381464.0
2025-05-23 15:30:00-04:00,232.67999267578125,233.41000366210938,232.4499969482422,232.8699951171875,663306.0
2025-05-23 16:00:00-04:00,232.89,233.28,232.0,232.5,0.0
2025-05-23 17:00:00-04:00,232.75,232.79,232.3,232.7778,0.0
2025-05-23 18:00:00-04:00,232.77,232.77,232.3,232.6517,0.0
2025-05-23 19:00:00-04:00,232.3,235.1,232.3,235.1,0.0
2025-05-27 04:00:00-04:00,235.02,236.23,234.05,235.62,0.0
2025-05-27 05:00:00-04:00,235.5,236.12,235.5,235.88,0.0
2025-05-27 06:00:00-04:00,235.89,236.7,235.75,236.7,0.0
2025-05-27 07:00:00-04:00,236.42,236.7,235.35,235.87,0.0
2025-05-27 08:00:00-04:00,235.87,236.94,233.3725,236.2,0.0
2025-05-27 09:00:00-04:00,236.19,236.2,228.75,236.19,0.0
2025-05-27 09:30:00-04:00,235.4199981689453,239.5500030517578,235.10000610351562,239.25999450683594,974062.0
2025-05-27 10:30:00-04:00,239.3000030517578,240.63999938964844,238.9949951171875,240.5749969482422,611034.0
2025-05-27 11:30:00-04:00,240.5800018310547,241.44000244140625,240.32000732421875,241.09500122070312,1030799.0
2025-05-27 12:30:00-04:00,241.05499267578125,241.5800018310547,240.8300018310547,241.35000610351562,414959.0
2025-05-27 13:30:00-04:00,241.375,242.27999877929688,241.22999572753906,242.125,684619.0
2025-05-27 14:30:00-04:00,242.0800018310547,242.24000549316406,241.13400268554688,242.13999938964844,1048104.0
2025-05-27 15:30:00-04:00,242.13999938964844,242.24000549316406,241.16009521484375,241.8000030517578,1260167.0
2025-05-27 16:00:00-04:00,241.78,241.9,240.5,241.57,0.0
2025-05-27 17:00:00-04:00,241.72,241.88,241.51,241.8,0.0
2025-05-27 18:00:00-04:00,241.87,242.19,241.6,241.82,0.0
2025-05-27 19:00:00-04:00,241.8,243.34,241.6,242.0,0.0
2025-05-28 04:00:00-04:00,242.76,242.76,241.06,241.06,0.0
2025-05-28 05:00:00-04:00,241.36,241.5,241.1,241.1,0.0
2025-05-28 06:00:00-04:00,241.07,241.44,241.06,241.07,0.0
2025-05-28 07:00:00-04:00,241.44,241.5,241.43,241.45,0.0
2025-05-28 08:00:00-04:00,241.5,243.16,191.72,241.5,0.0
2025-05-28 09:00:00-04:00,241.49,242.55,240.92,241.5,0.0
2025-05-28 09:30:00-04:00,241.77999877929688,245.3699951171875,241.60000610351562,244.2899932861328,1309621.0
2025-05-28 10:30:00-04:00,244.2899932861328,244.73849487304688,243.5399932861328,244.3800048828125,691465.0
2025-05-28 11:30:00-04:00,244.35000610351562,244.94000244140625,243.9499969482422,244.1199951171875,735205.0
2025-05-28 12:30:00-04:00,244.08999633789062,244.30999755859375,243.66000366210938,244.27999877929688,560853.0
2025-05-28 13:30:00-04:00,244.2550048828125,244.50999450683594,243.75999450683594,244.11000061035156,572038.0
2025-05-28 14:30:00-04:00,244.11000061035156,245.99899291992188,244.02000427246094,244.5050048828125,1336165.0
2025-05-28 15:30:00-04:00,244.5050048828125,244.55999755859375,243.11000061035156,243.7100067138672,1075249.0
2025-05-28 16:00:00-04:00,243.7,246.0,243.67,244.86,0.0
2025-05-28 17:00:00-04:00,245.0,245.0,242.36,243.65,0.0
2025-05-28 18:00:00-04:00,242.6177,245.67,242.6177,243.6701,0.0
2025-05-28 19:00:00-04:00,243.67,247.04,243.67,246.5,0.0
2025-05-29 04:00:00-04:00,247.0,247.47,247.0,247.18,0.0
2025-05-29 05:00:00-04:00,247.2,247.28,246.8,247.19,0.0
2025-05-29 06:00:00-04:00,247.28,247.28,245.73,245.73,0.0
2025-05-29 07:00:00-04:00,245.21,245.97,245.21,245.76,0.0
2025-05-29 08:00:00-04:00,245.56,248.99,243.99,244.95,0.0
2025-05-29 09:00:00-04:00,245.99,246.0,245.0,245.76,0.0
2025-05-29 09:30:00-04:00,244.52999877929688,244.94410705566406,241.49229431152344,241.67999267578125,1360947.0
2025-05-29 10:30:00-04:00,241.7510986328125,244.4199981689453,241.55999755859375,244.3800048828125,948871.0
2025-05-29 11:30:00-04:00,244.31500244140625,244.8300018310547,243.1199951171875,244.4250030517578,527991.0
2025-05-29 12:30:00-04:00,244.4199981689453,244.60000610351562,243.38999938964844,243.50999450683594,339659.0
2025-05-29 13:30:00-04:00,243.5,244.02000427246094,243.3249969482422,243.625,279081.0
2025-05-29 14:30:00-04:00,243.625,244.30999755859375,243.5500030517578,243.80999755859375,331871.0
2025-05-29 15:30:00-04:00,243.80999755859375,244.60000610351562,243.77000427246094,244.1699981689453,467036.0
2025-05-29 16:00:00-04:00,244.21,245.0,214.49,243.84,0.0
2025-05-29 17:00:00-04:00,243.83,244.4,243.44,243.91,0.0
2025-05-29 18:00:00-04:00,244.1,244.37,243.0,243.67,0.0
2025-05-29 19:00:00-04:00,243.81,244.16,243.02,243.02,0.0
2025-05-30 04:00:00-04:00,243.44,243.94,243.26,243.43,0.0
2025-05-30 05:00:00-04:00,243.42,243.95,243.42,243.65,0.0
2025-05-30 06:00:00-04:00,243.69,243.82,243.66,243.82,0.0
2025-05-30 07:00:00-04:00,243.7,244.04,243.7,244.0,0.0
2025-05-30 08:00:00-04:00,244.0,244.62,241.38,242.82,0.0
2025-05-30 09:00:00-04:00,242.71,244.34,242.35,244.07,0.0
2025-05-30 09:30:00-04:00,243.38999938964844,244.8800048828125,242.3000946044922,244.85000610351562,707648.0
2025-05-30 10:30:00-04:00,244.8800048828125,245.40499877929688,243.77609252929688,244.02000427246094,444420.0
2025-05-30 11:30:00-04:00,244.0,244.52000427246094,243.17999267578125,243.2657928466797,520106.0
2025-05-30 12:30:00-04:00,243.33999633789062,244.8800048828125,242.5800018310547,244.7899932861328,498686.0
2025-05-30 13:30:00-04:00,244.8699951171875,246.0500030517578,244.60000610351562,245.85000610351562,441158.0
2025-05-30 14:30:00-04:00,245.85000610351562,246.86000061035156,245.64999389648438,246.60000610351562,667701.0
2025-05-30 15:30:00-04:00,246.55999755859375,246.77000427246094,245.17999267578125,245.86500549316406,1113151.0
2025-05-30 16:00:00-04:00,245.83,247.0,244.8,245.9,0.0
2025-05-30 17:00:00-04:00,245.8,245.9,229.32,245.58,0.0
2025-05-30 18:00:00-04:00,245.58,245.91,245.51,245.5261,0.0
2025-05-30 19:00:00-04:00,245.61,245.88,245.0,245.47,0.0
2025-06-02 04:00:00-04:00,244.99,245.36,244.01,244.16,0.0
2025-06-02 05:00:00-04:00,244.75,244.79,244.18,244.36,0.0
2025-06-02 06:00:00-04:00,244.36,245.64,244.36,245.25,0.0
2025-06-02 07:00:00-04:00,245.25,245.8,245.25,245.8,0.0
2025-06-02 08:00:00-04:00,245.82,246.59,244.0,245.49,0.0
2025-06-02 09:00:00-04:00,245.9,245.91,245.1,245.9,0.0
2025-06-02 09:30:00-04:00,245.85000610351562,247.35000610351562,244.50999450683594,247.35000610351562,864925.0
2025-06-02 10:30:00-04:00,247.27499389648438,248.10000610351562,247.13999938964844,247.35000610351562,621486.0
2025-06-02 11:30:00-04:00,247.42999267578125,248.10000610351562,246.75750732421875,246.90499877929688,967064.0
2025-06-02 12:30:00-04:00,246.90499877929688,247.24000549316406,246.50010681152344,246.72500610351562,535401.0
2025-06-02 13:30:00-04:00,246.72500610351562,247.18389892578125,246.3800048828125,246.97999572753906,468231.0
2025-06-02 14:30:00-04:00,246.9709930419922,247.55499267578125,246.85000610351562,247.44000244140625,396908.0
2025-06-02 15:30:00-04:00,247.44000244140625,247.63999938964844,246.97999572753906,247.50999450683594,751327.0
2025-06-02 16:00:00-04:00,247.48,248.11,234.9375,247.48,0.0
2025-06-02 17:00:00-04:00,247.52,248.1099,247.42,247.87,0.0
2025-06-02 18:00:00-04:00,247.8705,247.88,247.25,247.66,0.0
2025-06-02 19:00:00-04:00,247.25,247.66,247.25,247.25,0.0
2025-06-03 04:00:00-04:00,246.24,246.5,245.88,246.38,0.0
2025-06-03 05:00:00-04:00,246.42,246.89,246.15,246.44,0.0
2025-06-03 06:00:00-04:00,246.44,246.99,246.3,246.31,0.0
2025-06-03 07:00:00-04:00,246.41,247.27,246.14,247.1,0.0
2025-06-03 08:00:00-04:00,247.1,248.1,246.11,247.23,0.0
2025-06-03 09:00:00-04:00,246.49,247.7805,246.49,247.32,0.0
2025-06-03 09:30:00-04:00,247.5,250.5,247.11000061035156,248.9550018310547,1001435.0
2025-06-03 10:30:00-04:00,248.9550018310547,249.3459930419922,244.17999267578125,247.02000427246094,1214698.0
2025-06-03 11:30:00-04:00,247.02000427246094,247.8699951171875,246.61000061035156,247.4246063232422,369628.0
2025-06-03 12:30:00-04:00,247.3800048828125,247.91000366210938,246.80999755859375,247.0399932861328,309729.0
2025-06-03 13:30:00-04:00,246.97999572753906,247.625,246.3800048828125,247.60000610351562,405123.0
2025-06-03 14:30:00-04:00,247.55999755859375,248.25999450683594,247.4600067138672,248.2550048828125,500566.0
2025-06-03 15:30:00-04:00,248.22999572753906,248.97000122070312,247.9405059814453,248.8300018310547,779331.0
2025-06-03 16:00:00-04:00,248.87,249.0,248.02,248.55,0.0
2025-06-03 17:00:00-04:00,248.2,249.0,248.2,248.99,0.0
2025-06-03 18:00:00-04:00,249.0,250.0,248.21,249.95,0.0
2025-06-03 19:00:00-04:00,249.95,249.95,248.0682,248.0682,0.0
2025-06-04 04:00:00-04:00,250.51,250.51,249.96,250.47,0.0
2025-06-04 05:00:00-04:00,250.25,250.25,249.35,249.45,0.0
2025-06-04 06:00:00-04:00,249.45,249.99,249.11,249.95,0.0
2025-06-04 07:00:00-04:00,249.82,249.83,249.23,249.69,0.0
2025-06-04 08:00:00-04:00,249.47,249.9,248.87,249.9,0.0
2025-06-04 09:00:00-04:00,249.55,249.9,249.04,249.8209,0.0
2025-06-04 09:30:00-04:00,250.05499267578125,252.65989685058594,249.72000122070312,251.1999969482422,1098655.0
2025-06-04 10:30:00-04:00,251.33799743652344,252.25,250.6699981689453,251.6300048828125,791468.0
2025-06-04 11:30:00-04:00,251.67999267578125,252.47999572753906,251.52000427246094,252.22999572753906,775444.0
2025-06-04 12:30:00-04:00,252.17709350585938,252.66000366210938,252.0850067138672,252.52499389648438,340265.0
2025-06-04 13:30:00-04:00,252.52499389648438,253.06350708007812,252.16000366210938,252.1699981689453,694534.0
2025-06-04 14:30:00-04:00,252.18499755859375,252.5399932861328,251.17999267578125,251.53500366210938,640798.0
2025-06-04 15:30:00-04:00,251.53500366210938,251.6999969482422,250.75,250.80999755859375,612214.0
2025-06-04 16:00:00-04:00,250.79,253.1,250.5,250.76,0.0
2025-06-04 17:00:00-04:00,250.89,251.05,250.25,250.79,0.0
2025-06-04 18:00:00-04:00,250.79,251.06,250.55,251.06,0.0
2025-06-04 19:00:00-04:00,251.05,251.06,250.28,250.28,0.0
2025-06-05 04:00:00-04:00,252.11,252.11,251.26,251.89,0.0
2025-06-05 05:00:00-04:00,251.78,251.89,250.94,251.13,0.0
2025-06-05 06:00:00-04:00,251.77,251.77,250.88,250.96,0.0
2025-06-05 07:00:00-04:00,250.88,251.41,250.63,250.71,0.0
2025-06-05 08:00:00-04:00,250.73,252.68,250.26,251.5,0.0
2025-06-05 09:00:00-04:00,251.16,252.5,250.7,251.77,0.0
2025-06-05 09:30:00-04:00,252.47999572753906,252.5,250.11000061035156,251.0,487925.0
2025-06-05 10:30:00-04:00,250.98500061035156,252.4499969482422,250.22999572753906,252.36819458007812,589417.0
2025-06-05 11:30:00-04:00,252.38999938964844,253.0,252.10000610351562,252.75,466862.0
2025-06-05 12:30:00-04:00,252.75,253.00999450683594,251.47999572753906,252.5500030517578,274843.0
2025-06-05 13:30:00-04:00,252.4949951171875,252.60000610351562,250.7100067138672,251.42999267578125,332597.0
2025-06-05 14:30:00-04:00,251.41000366210938,251.72999572753906,250.20750427246094,250.8300018310547,413294.0
2025-06-05 15:30:00-04:00,250.86500549316406,252.42999267578125,250.8000030517578,251.97999572753906,646767.0
2025-06-05 16:00:00-04:00,251.92,252.8,181.79,252.14,0.0
2025-06-05 17:00:00-04:00,252.14,252.78,251.0,251.63,0.0
2025-06-05 18:00:00-04:00,251.63,251.92,251.0,251.88,0.0
2025-06-05 19:00:00-04:00,251.88,252.75,251.01,251.8,0.0
2025-06-06 04:00:00-04:00,253.44,253.64,251.25,252.0,0.0
2025-06-06 05:00:00-04:00,252.0,253.83,252.0,252.96,0.0
2025-06-06 06:00:00-04:00,252.96,253.57,252.76,253.0,0.0
2025-06-06 07:00:00-04:00,253.0,253.41,250.8,251.02,0.0
2025-06-06 08:00:00-04:00,251.0,253.7099,250.29,251.86,0.0
2025-06-06 09:00:00-04:00,252.43,253.5,252.01,253.33,0.0
2025-06-06 09:30:00-04:00,252.8000030517578,257.4700012207031,252.7899932861328,256.0400085449219,1216143.0
2025-06-06 10:30:00-04:00,256.0350036621094,257.2099914550781,255.50999450683594,255.63999938964844,768528.0
2025-06-06 11:30:00-04:00,255.62750244140625,256.6300048828125,254.9600067138672,256.364990234375,580935.0
2025-06-06 12:30:00-04:00,256.3500061035156,256.44000244140625,255.47999572753906,255.75999450683594,488999.0
2025-06-06 13:30:00-04:00,255.75999450683594,256.3450012207031,255.29110717773438,255.32000732421875,471997.0
2025-06-06 14:30:00-04:00,255.38999938964844,255.90499877929688,254.82000732421875,255.10499572753906,521778.0
2025-06-06 15:30:00-04:00,255.05499267578125,255.8699951171875,254.7899932861328,255.5800018310547,736799.0
2025-06-06 16:00:00-04:00,255.58,256.5,254.82,255.63,0.0
2025-06-06 17:00:00-04:00,255.63,255.7,255.0,255.7,0.0
2025-06-06 18:00:00-04:00,255.6999,256.3818,255.3,255.99,0.0
2025-06-06 19:00:00-04:00,256.0,256.46,255.75,255.8,0.0
2025-06-09 04:00:00-04:00,255.8,256.46,255.8,256.0,0.0
2025-06-09 05:00:00-04:00,255.8,256.46,255.8,256.2,0.0
2025-06-09 06:00:00-04:00,256.45,256.45,255.87,256.32,0.0
2025-06-09 07:00:00-04:00,256.32,256.46,255.78,256.15,0.0
2025-06-09 08:00:00-04:00,256.13,257.0,254.9,256.12,0.0
2025-06-09 09:00:00-04:00,256.1299,256.25,255.13,255.95,0.0
2025-06-09 09:30:00-04:00,254.02000427246094,255.3199005126953,251.13999938964844,253.9199981689453,1130781.0
2025-06-09 10:30:00-04:00,253.9199981689453,254.3249969482422,252.1999969482422,252.27000427246094,498775.0
2025-06-09 11:30:00-04:00,252.27999877929688,253.05999755859375,252.0500030517578,252.9149932861328,565701.0
2025-06-09 12:30:00-04:00,252.89999389648438,253.1300048828125,252.0749969482422,253.0399932861328,703975.0
2025-06-09 13:30:00-04:00,253.08999633789062,253.3509979248047,252.5500030517578,253.13999938964844,486307.0
2025-06-09 14:30:00-04:00,253.1199951171875,253.3800048828125,252.1699981689453,252.3699951171875,470251.0
2025-06-09 15:30:00-04:00,252.34039306640625,252.5,251.22999572753906,251.35000610351562,883467.0
2025-06-09 16:00:00-04:00,251.36,255.0,251.0,251.45,0.0
2025-06-09 17:00:00-04:00,251.42,251.82,251.02,251.6,0.0
2025-06-09 18:00:00-04:00,251.6,251.82,251.3,251.3,0.0
2025-06-09 19:00:00-04:00,251.6,251.6,251.02,251.595,0.0
2025-06-10 04:00:00-04:00,251.39,251.42,251.19,251.24,0.0
2025-06-10 05:00:00-04:00,251.22,251.37,251.16,251.32,0.0
2025-06-10 06:00:00-04:00,251.35,251.57,251.02,251.11,0.0
2025-06-10 07:00:00-04:00,251.11,251.25,251.0,251.21,0.0
2025-06-10 08:00:00-04:00,251.25,253.0,250.41,251.0,0.0
2025-06-10 09:00:00-04:00,250.99,251.25,250.45,250.66,0.0
2025-06-10 09:30:00-04:00,250.77999877929688,251.25,243.8699951171875,244.14999389648438,2150070.0
2025-06-10 10:30:00-04:00,244.11500549316406,244.86000061035156,241.19000244140625,242.10000610351562,1695727.0
2025-06-10 11:30:00-04:00,242.09500122070312,243.1699981689453,241.30999755859375,242.86000061035156,1284581.0
2025-06-10 12:30:00-04:00,242.91000366210938,242.92750549316406,240.0500030517578,240.65989685058594,1225980.0
2025-06-10 13:30:00-04:00,240.58999633789062,241.3800048828125,239.75,240.88499450683594,1068598.0
2025-06-10 14:30:00-04:00,240.88999938964844,242.16000366210938,240.8300018310547,242.11990356445312,791124.0
2025-06-10 15:30:00-04:00,242.02999877929688,242.1999969482422,241.4600067138672,242.00999450683594,1111309.0
2025-06-10 16:00:00-04:00,242.0,242.25,241.5,242.25,0.0
2025-06-10 17:00:00-04:00,241.85,242.25,241.6,241.98,0.0
2025-06-10 18:00:00-04:00,241.6,242.0,241.6,241.9,0.0
2025-06-10 19:00:00-04:00,241.9,242.0,241.42,241.9543,0.0
2025-06-11 04:00:00-04:00,242.57,243.25,239.77,240.93,0.0
2025-06-11 05:00:00-04:00,240.97,241.82,240.93,241.3,0.0
2025-06-11 06:00:00-04:00,241.3,241.45,240.98,241.04,0.0
2025-06-11 07:00:00-04:00,241.28,241.68,240.8,240.89,0.0
2025-06-11 08:00:00-04:00,240.95,242.89,240.0,240.82,0.0
2025-06-11 09:00:00-04:00,241.38,243.44,241.15,242.69,0.0
2025-06-11 09:30:00-04:00,242.63999938964844,246.1999969482422,238.50999450683594,245.97500610351562,1629828.0
2025-06-11 10:30:00-04:00,245.9499969482422,246.2899932861328,245.16000366210938,245.63999938964844,680140.0
2025-06-11 11:30:00-04:00,245.63999938964844,246.5800018310547,245.5800018310547,246.50999450683594,763912.0
2025-06-11 12:30:00-04:00,246.55999755859375,246.9600067138672,246.0012969970703,246.61000061035156,636057.0
2025-06-11 13:30:00-04:00,246.63999938964844,246.75999450683594,244.69000244140625,245.1999969482422,805148.0
2025-06-11 14:30:00-04:00,245.1699981689453,245.5800018310547,244.6300048828125,245.2100067138672,657750.0
2025-06-11 15:30:00-04:00,245.19000244140625,245.7100067138672,244.8300018310547,245.50999450683594,815898.0
2025-06-11 16:00:00-04:00,245.52,246.5,242.61,245.52,0.0
2025-06-11 17:00:00-04:00,245.6,245.7,242.61,244.96,0.0
2025-06-11 18:00:00-04:00,245.16,245.51,242.5,242.5,0.0
2025-06-11 19:00:00-04:00,245.5,245.52,242.5,245.1,0.0
2025-06-12 04:00:00-04:00,245.0,245.69,243.83,244.11,0.0
2025-06-12 05:00:00-04:00,244.0,244.25,242.0,242.74,0.0
2025-06-12 06:00:00-04:00,242.7,242.84,235.91,237.09,0.0
2025-06-12 07:00:00-04:00,237.72,239.07,225.21,231.7,0.0
2025-06-12 08:00:00-04:00,231.68,245.54,225.0,234.99,0.0
2025-06-12 09:00:00-04:00,235.0,240.61,234.6,240.02,0.0
2025-06-12 09:30:00-04:00,240.0,243.42999267578125,238.6800994873047,240.52999877929688,3062753.0
2025-06-12 10:30:00-04:00,240.52999877929688,242.5800018310547,240.50999450683594,241.94000244140625,857665.0
2025-06-12 11:30:00-04:00,241.94000244140625,242.60000610351562,241.2100067138672,241.91000366210938,768738.0
2025-06-12 12:30:00-04:00,241.80999755859375,242.0,240.37010192871094,240.8011932373047,629437.0
2025-06-12 13:30:00-04:00,241.0399932861328,241.21499633789062,239.86000061035156,239.94000244140625,628623.0
2025-06-12 14:30:00-04:00,239.91000366210938,240.3800048828125,239.22999572753906,239.60499572753906,964856.0
2025-06-12 15:30:00-04:00,239.52999877929688,239.91000366210938,239.02000427246094,239.86000061035156,880766.0
2025-06-12 16:00:00-04:00,239.99,241.4,239.45,240.0,0.0
2025-06-12 17:00:00-04:00,239.8,240.0,235.0,235.99,0.0
2025-06-12 18:00:00-04:00,236.0,236.0,235.0,236.0,0.0
2025-06-12 19:00:00-04:00,235.99,239.99,235.4192,235.96,0.0
2025-06-13 04:00:00-04:00,231.98,234.85,231.68,234.12,0.0
2025-06-13 05:00:00-04:00,234.25,235.9,233.71,234.77,0.0
2025-06-13 06:00:00-04:00,234.78,235.64,234.56,235.2,0.0
2025-06-13 07:00:00-04:00,235.11,235.94,235.04,235.79,0.0
2025-06-13 08:00:00-04:00,235.6,239.99,232.05,235.96,0.0
2025-06-13 09:00:00-04:00,235.87,239.99,235.0,235.244,0.0
2025-06-13 09:30:00-04:00,235.0,236.80999755859375,233.6999969482422,234.00999450683594,1853142.0
2025-06-13 10:30:00-04:00,234.02999877929688,237.5,233.75999450683594,237.1199951171875,1044750.0
2025-06-13 11:30:00-04:00,237.1699981689453,238.0,236.77000427246094,237.36000061035156,753964.0
2025-06-13 12:30:00-04:00,237.35499572753906,237.88499450683594,236.17999267578125,236.47000122070312,476747.0
2025-06-13 13:30:00-04:00,236.4499969482422,237.21749877929688,236.20010375976562,236.3249969482422,446785.0
2025-06-13 14:30:00-04:00,236.32000732421875,236.63999938964844,235.49000549316406,235.49000549316406,521287.0
2025-06-13 15:30:00-04:00,235.53500366210938,236.5399932861328,235.44000244140625,236.50999450683594,773623.0
2025-06-13 16:00:00-04:00,236.51,238.41,201.54,236.6,0.0
2025-06-13 17:00:00-04:00,236.68,299.1669,235.0,236.93,0.0
2025-06-13 18:00:00-04:00,235.05,237.0,235.05,236.91,0.0
2025-06-13 19:00:00-04:00,236.5,237.0,235.05,236.3,0.0
2025-06-16 04:00:00-04:00,236.72,237.24,236.66,237.1,0.0
2025-06-16 05:00:00-04:00,237.27,237.79,237.15,237.4,0.0
2025-06-16 06:00:00-04:00,237.4,237.73,236.76,237.39,0.0
2025-06-16 07:00:00-04:00,237.0,237.54,236.87,236.91,0.0
2025-06-16 08:00:00-04:00,237.0,238.0,235.54,237.6,0.0
2025-06-16 09:00:00-04:00,237.6,237.6,236.62,237.23,0.0
2025-06-16 09:30:00-04:00,237.60000610351562,239.94000244140625,237.27999877929688,239.49000549316406,898038.0
2025-06-16 10:30:00-04:00,239.5399932861328,239.77999877929688,238.0800018310547,238.94500732421875,725957.0
2025-06-16 11:30:00-04:00,238.94500732421875,239.08999633789062,238.2899932861328,238.5449981689453,331732.0
2025-06-16 12:30:00-04:00,238.60049438476562,238.60499572753906,237.5,237.9499969482422,344750.0
2025-06-16 13:30:00-04:00,237.98240661621094,238.05709838867188,236.77000427246094,237.05780029296875,360376.0
2025-06-16 14:30:00-04:00,237.07000732421875,237.2100067138672,236.5800018310547,236.58999633789062,389656.0
2025-06-16 15:30:00-04:00,236.61749267578125,236.74000549316406,236.07000732421875,236.5399932861328,638261.0
2025-06-16 16:00:00-04:00,236.54,237.3,235.0,236.55,0.0
2025-06-16 17:00:00-04:00,236.73,237.3,236.55,237.29,0.0
2025-06-16 18:00:00-04:00,236.84,237.29,235.0,235.0,0.0
2025-06-16 19:00:00-04:00,236.49,236.49,235.0,235.73,0.0
2025-06-17 04:00:00-04:00,236.0,236.54,235.02,235.59,0.0
2025-06-17 05:00:00-04:00,235.59,235.64,235.25,235.6,0.0
2025-06-17 06:00:00-04:00,235.63,235.72,234.9,234.9,0.0
2025-06-17 07:00:00-04:00,234.88,235.21,234.04,235.06,0.0
2025-06-17 08:00:00-04:00,235.03,236.96,234.17,235.38,0.0
2025-06-17 09:00:00-04:00,235.38,235.9,234.5,235.544,0.0
2025-06-17 09:30:00-04:00,236.77999877929688,237.6699981689453,235.4199981689453,235.47999572753906,1083208.0
2025-06-17 10:30:00-04:00,235.47999572753906,238.97000122070312,234.88999938964844,237.4792022705078,1245394.0
2025-06-17 11:30:00-04:00,237.42999267578125,238.44000244140625,236.60000610351562,237.75,670844.0
2025-06-17 12:30:00-04:00,237.75,237.80999755859375,236.47999572753906,236.52999877929688,270342.0
2025-06-17 13:30:00-04:00,236.49000549316406,236.72500610351562,235.35000610351562,235.61000061035156,325530.0
2025-06-17 14:30:00-04:00,235.67999267578125,236.41000366210938,235.3350067138672,236.16000366210938,465755.0
2025-06-17 15:30:00-04:00,236.19000244140625,236.22999572753906,235.4199981689453,235.6699981689453,801691.0
2025-06-17 16:00:00-04:00,235.75,236.75,234.9375,235.76,0.0
2025-06-17 17:00:00-04:00,235.92,251.3918,235.31,235.7,0.0
2025-06-17 18:00:00-04:00,235.7,236.54,234.64,235.06,0.0
2025-06-17 19:00:00-04:00,234.64,235.75,234.64,235.7188,0.0
2025-06-18 04:00:00-04:00,235.61,236.45,235.21,235.84,0.0
2025-06-18 05:00:00-04:00,235.84,235.92,235.52,235.92,0.0
2025-06-18 06:00:00-04:00,235.92,235.92,235.25,235.25,0.0
2025-06-18 07:00:00-04:00,235.5,235.5,235.09,235.25,0.0
2025-06-18 08:00:00-04:00,235.35,236.9645,234.6251,235.39,0.0
2025-06-18 09:00:00-04:00,235.43,235.75,235.17,235.59,0.0
2025-06-18 09:30:00-04:00,235.9600067138672,239.52000427246094,234.8820037841797,238.61500549316406,948061.0
2025-06-18 10:30:00-04:00,238.67999267578125,238.9600067138672,236.85000610351562,237.0449981689453,391012.0
2025-06-18 11:30:00-04:00,236.97999572753906,237.49000549316406,236.38999938964844,237.17999267578125,416325.0
2025-06-18 12:30:00-04:00,237.17999267578125,237.86000061035156,236.8300018310547,237.33990478515625,303282.0
2025-06-18 13:30:00-04:00,237.28500366210938,237.57000732421875,236.39999389648438,236.77999877929688,303319.0
2025-06-18 14:30:00-04:00,236.83999633789062,237.64999389648438,232.24000549316406,235.47000122070312,1618505.0
2025-06-18 15:30:00-04:00,235.44500732421875,236.4199981689453,235.34500122070312,235.89999389648438,1037509.0
2025-06-18 16:00:00-04:00,235.89,236.73,234.1,236.73,0.0
2025-06-18 17:00:00-04:00,236.03,236.73,235.69,235.99,0.0
2025-06-18 18:00:00-04:00,235.99,237.0,234.1,235.43,0.0
2025-06-18 19:00:00-04:00,235.65,237.0,234.32,235.01,0.0
2025-06-20 04:00:00-04:00,236.04,236.3,235.03,235.83,0.0
2025-06-20 05:00:00-04:00,235.84,235.84,234.71,235.01,0.0
2025-06-20 06:00:00-04:00,235.01,235.35,234.74,235.05,0.0
2025-06-20 07:00:00-04:00,235.05,235.42,235.05,235.27,0.0
2025-06-20 08:00:00-04:00,235.25,236.92,234.68,235.5,0.0
2025-06-20 09:00:00-04:00,235.5855,237.46,235.5,237.45,0.0
2025-06-20 09:30:00-04:00,239.72000122070312,240.8000030517578,236.50999450683594,238.63250732421875,2269331.0
2025-06-20 10:30:00-04:00,238.64500427246094,239.47999572753906,238.24000549316406,238.90499877929688,556541.0
2025-06-20 11:30:00-04:00,239.08999633789062,239.25,237.94000244140625,238.4600067138672,390296.0
2025-06-20 12:30:00-04:00,238.52000427246094,239.07000732421875,237.70689392089844,237.71499633789062,305476.0
2025-06-20 13:30:00-04:00,237.69500732421875,238.79750061035156,237.5399932861328,238.58999633789062,317977.0
2025-06-20 14:30:00-04:00,238.63999938964844,238.97000122070312,237.99000549316406,238.1699981689453,445829.0
2025-06-20 15:30:00-04:00,238.2100067138672,239.35000610351562,237.9600067138672,239.27999877929688,1177555.0
2025-06-20 16:00:00-04:00,239.37,239.83,236.24,239.11,0.0
2025-06-20 17:00:00-04:00,239.11,239.59,238.5,239.37,0.0
2025-06-20 18:00:00-04:00,239.37,239.59,238.75,239.42,0.0
2025-06-20 19:00:00-04:00,239.42,239.819,239.37,239.59,0.0
2025-06-23 04:00:00-04:00,238.63,239.47,238.56,239.41,0.0
2025-06-23 05:00:00-04:00,239.41,239.47,238.51,238.83,0.0
2025-06-23 06:00:00-04:00,238.83,239.36,238.71,239.22,0.0
2025-06-23 07:00:00-04:00,239.22,239.22,238.37,238.49,0.0
2025-06-23 08:00:00-04:00,238.49,239.86,237.0,238.92,0.0
2025-06-23 09:00:00-04:00,238.92,239.0,238.25,238.7,0.0
2025-06-23 09:30:00-04:00,239.24000549316406,244.97000122070312,238.6199951171875,244.10000610351562,1416475.0
2025-06-23 10:30:00-04:00,244.19000244140625,245.14999389648438,243.93499755859375,243.93499755859375,811234.0
2025-06-23 11:30:00-04:00,243.6999969482422,244.0,242.32000732421875,242.6208953857422,602587.0
2025-06-23 12:30:00-04:00,242.6649932861328,245.77000427246094,242.0904998779297,245.4499969482422,732426.0
2025-06-23 13:30:00-04:00,245.52999877929688,246.77499389648438,245.47000122070312,246.4149932861328,707185.0
2025-06-23 14:30:00-04:00,246.44000244140625,247.30999755859375,246.1123046875,246.9199981689453,638250.0
2025-06-23 15:30:00-04:00,246.88999938964844,248.4600067138672,246.86000061035156,247.8699951171875,1228389.0
2025-06-23 16:00:00-04:00,247.81,249.51,246.0,248.0,0.0
2025-06-23 17:00:00-04:00,248.5,248.5,247.31,247.55,0.0
2025-06-23 18:00:00-04:00,247.55,248.5,247.55,248.5,0.0
2025-06-23 19:00:00-04:00,248.51,249.0,248.3,248.99,0.0
2025-06-24 04:00:00-04:00,248.99,249.63,248.19,249.63,0.0
2025-06-24 05:00:00-04:00,249.63,249.89,248.98,249.46,0.0
2025-06-24 06:00:00-04:00,249.46,249.87,248.79,249.21,0.0
2025-06-24 07:00:00-04:00,249.44,249.57,249.01,249.1,0.0
2025-06-24 08:00:00-04:00,249.15,250.0,247.236,249.5,0.0
2025-06-24 09:00:00-04:00,249.41,249.75,249.17,249.24,0.0
2025-06-24 09:30:00-04:00,248.3800048828125,249.00750732421875,245.57000732421875,246.47000122070312,896311.0
2025-06-24 10:30:00-04:00,246.52000427246094,247.55999755859375,245.99000549316406,247.55999755859375,635307.0
2025-06-24 11:30:00-04:00,247.52999877929688,249.22000122070312,247.39999389648438,248.6199951171875,495856.0
2025-06-24 12:30:00-04:00,248.71229553222656,248.8800048828125,247.5,247.5,390973.0
2025-06-24 13:30:00-04:00,247.51499938964844,248.66000366210938,247.3188018798828,248.36000061035156,501077.0
2025-06-24 14:30:00-04:00,248.38499450683594,248.89999389648438,248.25,248.8699951171875,428142.0
2025-06-24 15:30:00-04:00,248.8800048828125,249.38999938964844,248.67999267578125,248.8300018310547,786484.0
2025-06-24 16:00:00-04:00,248.83,250.0,242.735,246.01,0.0
2025-06-24 17:00:00-04:00,248.42,248.8213,246.8,248.8108,0.0
2025-06-24 18:00:00-04:00,248.81,248.87,246.5,246.6,0.0
2025-06-24 19:00:00-04:00,246.6567,249.0,246.6,248.86,0.0
2025-06-25 04:00:00-04:00,248.75,249.35,248.19,248.87,0.0
2025-06-25 05:00:00-04:00,249.0,249.48,248.78,249.24,0.0
2025-06-25 06:00:00-04:00,249.32,249.32,249.0,249.0,0.0
2025-06-25 07:00:00-04:00,249.0,249.17,248.46,248.66,0.0
2025-06-25 08:00:00-04:00,248.67,249.8775,247.68,249.0,0.0
2025-06-25 09:00:00-04:00,249.05,250.0,249.0,250.0,0.0
2025-06-25 09:30:00-04:00,250.0800018310547,250.9940948486328,248.58030700683594,248.89999389648438,687298.0
2025-06-25 10:30:00-04:00,248.92999267578125,249.77000427246094,248.5500030517578,249.27000427246094,765210.0
2025-06-25 11:30:00-04:00,249.1199951171875,249.99000549316406,248.8000030517578,249.6199951171875,631192.0
2025-06-25 12:30:00-04:00,249.6199951171875,249.9199981689453,248.91000366210938,249.64999389648438,282856.0
2025-06-25 13:30:00-04:00,249.60000610351562,250.05999755859375,249.16000366210938,249.86000061035156,690388.0
2025-06-25 14:30:00-04:00,249.80999755859375,249.86000061035156,249.38499450683594,249.63499450683594,578204.0
2025-06-25 15:30:00-04:00,249.63499450683594,249.97000122070312,249.25,249.88999938964844,814034.0
2025-06-25 16:00:00-04:00,249.9,250.216,249.0,249.7,0.0
2025-06-25 17:00:00-04:00,249.7,250.0,249.649,249.8,0.0
2025-06-25 18:00:00-04:00,249.9,250.0,249.8001,249.8127,0.0
2025-06-25 19:00:00-04:00,250.0,250.31,249.8,249.8125,0.0
2025-06-26 04:00:00-04:00,250.28,250.31,249.97,250.31,0.0
2025-06-26 05:00:00-04:00,250.4,250.46,250.3,250.32,0.0
2025-06-26 06:00:00-04:00,250.38,250.69,250.1,250.37,0.0
2025-06-26 07:00:00-04:00,250.45,250.64,250.31,250.48,0.0
2025-06-26 08:00:00-04:00,250.5,250.9,249.865,250.26,0.0
2025-06-26 09:00:00-04:00,250.15,250.9,250.15,250.4,0.0
2025-06-26 09:30:00-04:00,251.17999267578125,254.27999877929688,250.0,254.16000366210938,897745.0
2025-06-26 10:30:00-04:00,254.1999969482422,255.47999572753906,253.8000030517578,254.49000549316406,746870.0
2025-06-26 11:30:00-04:00,254.3300018310547,254.35000610351562,252.25379943847656,252.5,433026.0
2025-06-26 12:30:00-04:00,252.5399932861328,253.3699951171875,252.22999572753906,253.22999572753906,401900.0
2025-06-26 13:30:00-04:00,253.17999267578125,253.5800018310547,252.97000122070312,253.23500061035156,515046.0
2025-06-26 14:30:00-04:00,253.23500061035156,253.36000061035156,251.88999938964844,251.9199981689453,613124.0
2025-06-26 15:30:00-04:00,251.9550018310547,251.99000549316406,250.91000366210938,251.0,1574594.0
2025-06-26 16:00:00-04:00,251.0,253.45,250.0,251.18,0.0
2025-06-26 17:00:00-04:00,251.62,251.91,251.0,251.28,0.0
2025-06-26 18:00:00-04:00,251.23,252.0,250.95,251.6,0.0
2025-06-26 19:00:00-04:00,251.47,251.91,251.05,251.26,0.0
2025-06-27 04:00:00-04:00,251.74,252.3,251.45,251.45,0.0
2025-06-27 05:00:00-04:00,251.38,251.56,251.38,251.45,0.0
2025-06-27 06:00:00-04:00,251.5,251.59,251.4,251.59,0.0
2025-06-27 07:00:00-04:00,251.41,252.25,251.41,251.94,0.0
2025-06-27 08:00:00-04:00,251.94,253.16,251.25,253.0,0.0
2025-06-27 09:00:00-04:00,251.97,252.4,251.5,252.4,0.0
2025-06-27 09:30:00-04:00,251.85000610351562,256.5,251.7801055908203,255.72999572753906,1255132.0
2025-06-27 10:30:00-04:00,255.72999572753906,258.239990234375,254.90469360351562,257.4599914550781,1754537.0
2025-06-27 11:30:00-04:00,257.4700012207031,260.54998779296875,257.1000061035156,259.4649963378906,1359017.0
2025-06-27 12:30:00-04:00,259.5299987792969,260.05999755859375,258.3299865722656,259.260009765625,826314.0
2025-06-27 13:30:00-04:00,259.260009765625,259.7099914550781,257.0,257.1499938964844,1169836.0
2025-06-27 14:30:00-04:00,257.1000061035156,257.2799987792969,255.1374969482422,256.2349853515625,1043386.0
2025-06-27 15:30:00-04:00,256.260009765625,256.8500061035156,254.22000122070312,254.5,2894396.0
2025-06-27 16:00:00-04:00,254.56,268.47,254.0,254.97,0.0
2025-06-27 17:00:00-04:00,254.8,255.11,254.2,254.51,0.0
2025-06-27 18:00:00-04:00,254.51,255.11,254.2,254.5,0.0
2025-06-27 19:00:00-04:00,254.51,254.51,254.21,254.51,0.0
2025-06-30 04:00:00-04:00,254.8,257.47,254.51,256.0,0.0
2025-06-30 05:00:00-04:00,256.54,256.54,256.0,256.17,0.0
2025-06-30 06:00:00-04:00,256.17,256.91,255.5,255.5,0.0
2025-06-30 07:00:00-04:00,255.5,257.24,255.5,257.05,0.0
2025-06-30 08:00:00-04:00,257.22,258.39,253.4805,257.27,0.0
2025-06-30 09:00:00-04:00,256.96,257.5,256.0,256.15,0.0
2025-06-30 09:30:00-04:00,256.30499267578125,256.739990234375,253.92100524902344,255.72000122070312,2255704.0
2025-06-30 10:30:00-04:00,255.77000427246094,256.7200012207031,253.8699951171875,256.7099914550781,641119.0
2025-06-30 11:30:00-04:00,256.7200012207031,257.8900146484375,256.32489013671875,257.44000244140625,580544.0
2025-06-30 12:30:00-04:00,257.3999938964844,257.7799987792969,256.6300048828125,256.8500061035156,322554.0
2025-06-30 13:30:00-04:00,256.8179931640625,257.7300109863281,256.409912109375,257.1099853515625,420516.0
2025-06-30 14:30:00-04:00,257.1099853515625,257.8699951171875,256.7799987792969,257.62750244140625,509575.0
2025-06-30 15:30:00-04:00,257.6099853515625,257.7200012207031,256.69000244140625,257.3800048828125,967057.0
2025-06-30 16:00:00-04:00,257.39,258.28,256.5,256.85,0.0
2025-06-30 17:00:00-04:00,256.85,257.9,256.81,257.29,0.0
2025-06-30 18:00:00-04:00,257.2,257.9,256.85,257.5,0.0
2025-06-30 19:00:00-04:00,257.58,257.63,256.81,257.36,0.0
2025-07-01 04:00:00-04:00,257.0,257.4,257.0,257.35,0.0
2025-07-01 05:00:00-04:00,257.49,257.49,257.18,257.39,0.0
2025-07-01 06:00:00-04:00,257.39,257.74,257.2,257.74,0.0
2025-07-01 07:00:00-04:00,257.74,257.74,255.93,256.31,0.0
2025-07-01 08:00:00-04:00,256.31,258.32,254.61,254.7,0.0
2025-07-01 09:00:00-04:00,255.78,257.4,254.65,256.01,0.0
2025-07-01 09:30:00-04:00,255.75,255.75,251.0399932861328,251.10000610351562,873030.0
2025-07-01 10:30:00-04:00,251.1699981689453,251.44000244140625,247.11000061035156,248.02999877929688,1261916.0
2025-07-01 11:30:00-04:00,248.02999877929688,250.16000366210938,247.62350463867188,250.1199951171875,827123.0
2025-07-01 12:30:00-04:00,250.0800018310547,251.57000732421875,249.44000244140625,250.625,514963.0
2025-07-01 13:30:00-04:00,250.625,251.5800018310547,249.8800048828125,249.88999938964844,416675.0
2025-07-01 14:30:00-04:00,249.8800048828125,250.389892578125,249.1999969482422,249.5,677175.0
2025-07-01 15:30:00-04:00,249.50999450683594,249.56500244140625,248.56500244140625,249.0399932861328,1017363.0
2025-07-01 16:00:00-04:00,249.02,250.14,248.0,249.03,0.0
2025-07-01 17:00:00-04:00,249.5,251.19,249.02,249.02,0.0
2025-07-01 18:00:00-04:00,249.71,249.71,249.34,249.6,0.0
2025-07-01 19:00:00-04:00,249.25,249.71,248.0,248.64,0.0
2025-07-02 04:00:00-04:00,250.0,250.0,249.1,249.39,0.0
2025-07-02 05:00:00-04:00,249.64,249.7,249.22,249.56,0.0
2025-07-02 06:00:00-04:00,249.56,249.64,249.25,249.64,0.0
2025-07-02 07:00:00-04:00,249.64,249.8,249.23,249.71,0.0
2025-07-02 08:00:00-04:00,249.66,250.79,248.31,249.25,0.0
2025-07-02 09:00:00-04:00,249.38,250.14,248.0,249.0,0.0
2025-07-02 09:30:00-04:00,248.0,249.06500244140625,245.8800048828125,247.63999938964844,1046243.0
2025-07-02 10:30:00-04:00,247.75999450683594,249.12669372558594,245.52999877929688,246.09500122070312,640613.0
2025-07-02 11:30:00-04:00,246.09500122070312,246.9499969482422,245.61000061035156,246.4600067138672,665282.0
2025-07-02 12:30:00-04:00,246.50999450683594,246.8000030517578,245.85000610351562,246.11500549316406,627677.0
2025-07-02 13:30:00-04:00,246.08999633789062,246.25999450683594,244.38999938964844,244.72500610351562,408064.0
2025-07-02 14:30:00-04:00,244.77999877929688,245.00999450683594,243.66000366210938,244.7050018310547,692711.0
2025-07-02 15:30:00-04:00,244.6999969482422,245.24000549316406,244.44000244140625,244.49000549316406,1307555.0
2025-07-02 16:00:00-04:00,244.75,245.2,244.25,244.75,0.0
2025-07-02 17:00:00-04:00,244.85,245.1,244.25,244.4,0.0
2025-07-02 18:00:00-04:00,244.71,245.1,244.4,244.9,0.0
2025-07-02 19:00:00-04:00,244.9,245.2,244.77,245.0,0.0
2025-07-03 04:00:00-04:00,244.75,245.7,244.75,245.4,0.0
2025-07-03 05:00:00-04:00,245.52,245.86,245.48,245.48,0.0
2025-07-03 06:00:00-04:00,245.48,245.55,245.11,245.55,0.0
2025-07-03 07:00:00-04:00,245.35,245.68,245.17,245.68,0.0
2025-07-03 08:00:00-04:00,245.64,247.724,244.75,245.19,0.0
2025-07-03 09:00:00-04:00,245.58,245.69,245.18,245.62,0.0
2025-07-03 09:30:00-04:00,245.5500030517578,247.90499877929688,245.0,247.36000061035156,882204.0
2025-07-03 10:30:00-04:00,247.3800048828125,248.64999389648438,247.21409606933594,248.64999389648438,539254.0
2025-07-03 11:30:00-04:00,248.52000427246094,248.6999969482422,247.41000366210938,247.47999572753906,417802.0
2025-07-03 13:00:00-04:00,247.4949951171875,247.8000030517578,246.0,246.88999938964844,0.0
2025-07-03 14:00:00-04:00,246.88,247.2,246.55,246.82,0.0
2025-07-03 15:00:00-04:00,246.99,247.0,246.55,246.82,0.0
2025-07-03 16:00:00-04:00,246.55,248.55,246.55,246.85,0.0
2025-07-07 04:00:00-04:00,246.0,248.0,245.6,245.61,0.0
2025-07-07 05:00:00-04:00,245.61,246.55,245.61,246.23,0.0
2025-07-07 06:00:00-04:00,246.23,246.35,245.8,246.13,0.0
2025-07-07 07:00:00-04:00,246.32,247.53,246.09,246.58,0.0
2025-07-07 08:00:00-04:00,246.48,247.1896,244.43,246.85,0.0
2025-07-07 09:00:00-04:00,246.8425,246.85,245.8092,246.11,0.0
2025-07-07 09:30:00-04:00,247.52000427246094,249.44000244140625,247.32000732421875,248.47000122070312,837940.0
2025-07-07 10:30:00-04:00,248.45150756835938,249.25999450683594,247.6699981689453,248.37359619140625,600443.0
2025-07-07 11:30:00-04:00,248.3800048828125,248.39999389648438,246.63999938964844,247.27000427246094,515562.0
2025-07-07 12:30:00-04:00,247.2550048828125,247.69000244140625,246.6300048828125,247.35499572753906,256372.0
2025-07-07 13:30:00-04:00,247.3350067138672,248.09890747070312,246.49029541015625,246.64500427246094,744052.0
2025-07-07 14:30:00-04:00,246.63999938964844,247.75999450683594,246.47999572753906,247.6699981689453,465681.0
2025-07-07 15:30:00-04:00,247.6649932861328,249.02999877929688,247.5500030517578,248.61000061035156,950458.0
2025-07-07 16:00:00-04:00,248.65,249.0,246.0,247.0,0.0
2025-07-07 17:00:00-04:00,247.0,248.65,247.0,248.2,0.0
2025-07-07 18:00:00-04:00,248.5,248.6,248.0,248.5,0.0
2025-07-07 19:00:00-04:00,248.45,248.6,248.13,248.595,0.0
2025-07-08 04:00:00-04:00,248.71,248.91,248.53,248.65,0.0
2025-07-08 05:00:00-04:00,248.74,248.93,248.32,248.32,0.0
2025-07-08 06:00:00-04:00,248.4,248.82,248.4,248.82,0.0
2025-07-08 07:00:00-04:00,248.8,248.98,248.8,248.97,0.0
2025-07-08 08:00:00-04:00,248.94,249.88,248.4,249.01,0.0
2025-07-08 09:00:00-04:00,249.18,249.7,248.46,249.13,0.0
2025-07-08 09:30:00-04:00,248.0,249.4600067138672,244.75999450683594,245.33599853515625,933277.0
2025-07-08 10:30:00-04:00,245.4499969482422,245.85000610351562,243.33999633789062,245.24000549316406,735911.0
2025-07-08 11:30:00-04:00,245.2899932861328,246.85000610351562,245.1300048828125,246.77000427246094,458488.0
2025-07-08 12:30:00-04:00,246.77999877929688,248.11000061035156,246.38999938964844,247.80999755859375,406904.0
2025-07-08 13:30:00-04:00,247.80999755859375,248.11000061035156,246.10009765625,246.9199981689453,382603.0
2025-07-08 14:30:00-04:00,246.9199981689453,247.52000427246094,246.83999633789062,247.11000061035156,404146.0
2025-07-08 15:30:00-04:00,247.10000610351562,247.50999450683594,246.6782989501953,247.0399932861328,818272.0
2025-07-08 16:00:00-04:00,247.05,248.88,246.8571,247.05,0.0
2025-07-08 17:00:00-04:00,247.05,247.57,247.05,247.33,0.0
2025-07-08 18:00:00-04:00,247.35,247.35,247.05,247.33,0.0
2025-07-08 19:00:00-04:00,247.21,247.35,247.05,247.05,0.0
2025-07-09 04:00:00-04:00,246.92,248.0,246.64,247.82,0.0
2025-07-09 05:00:00-04:00,247.68,248.42,247.67,248.4,0.0
2025-07-09 06:00:00-04:00,248.29,248.7,248.06,248.38,0.0
2025-07-09 07:00:00-04:00,248.38,249.03,248.27,249.0,0.0
2025-07-09 08:00:00-04:00,249.03,250.5,246.34,250.225,0.0
2025-07-09 09:00:00-04:00,250.14,251.15,247.05,250.46,0.0
2025-07-09 09:30:00-04:00,248.99000549316406,251.52999877929688,247.13009643554688,247.4600067138672,1295118.0
2025-07-09 10:30:00-04:00,247.4199981689453,250.2899932861328,246.81739807128906,250.26499938964844,539009.0
2025-07-09 11:30:00-04:00,250.2100067138672,251.14500427246094,249.6699981689453,250.94000244140625,436164.0
2025-07-09 12:30:00-04:00,251.06500244140625,251.39999389648438,250.75,251.3415985107422,416889.0
2025-07-09 13:30:00-04:00,251.35499572753906,251.72000122070312,249.5500030517578,249.9199981689453,437514.0
2025-07-09 14:30:00-04:00,249.8800048828125,250.22999572753906,248.75999450683594,250.10000610351562,660127.0
2025-07-09 15:30:00-04:00,250.11000061035156,250.27000427246094,249.5800018310547,250.17999267578125,1003102.0
2025-07-09 16:00:00-04:00,250.33,251.0,247.0,251.0,0.0
2025-07-09 17:00:00-04:00,250.05,251.0,248.4,248.4,0.0
2025-07-09 18:00:00-04:00,248.4,251.0,248.4,250.05,0.0
2025-07-09 19:00:00-04:00,250.0,251.0,248.4,250.33,0.0
2025-07-10 04:00:00-04:00,250.17,250.72,250.04,250.32,0.0
2025-07-10 05:00:00-04:00,250.59,250.59,250.12,250.45,0.0
2025-07-10 06:00:00-04:00,250.12,250.56,249.52,250.56,0.0
2025-07-10 07:00:00-04:00,249.96,250.52,249.48,249.94,0.0
2025-07-10 08:00:00-04:00,249.56,251.0,249.4,249.5,0.0
2025-07-10 09:00:00-04:00,249.98,250.33,249.45,250.0,0.0
2025-07-10 09:30:00-04:00,250.61000061035156,251.8800048828125,246.8699951171875,247.68800354003906,753828.0
2025-07-10 10:30:00-04:00,247.63999938964844,249.11000061035156,246.75,248.49989318847656,644604.0
2025-07-10 11:30:00-04:00,248.32000732421875,250.1750030517578,248.2100067138672,249.50999450683594,482211.0
2025-07-10 12:30:00-04:00,249.58999633789062,250.30999755859375,249.27999877929688,249.52000427246094,226445.0
2025-07-10 13:30:00-04:00,249.48500061035156,251.44000244140625,249.35499572753906,251.3300018310547,337114.0
2025-07-10 14:30:00-04:00,251.3249969482422,252.1199951171875,251.16000366210938,251.9499969482422,468684.0
2025-07-10 15:30:00-04:00,251.9499969482422,252.67999267578125,251.6300048828125,252.5800018310547,903006.0
2025-07-10 16:00:00-04:00,252.57,253.5,246.5,252.48,0.0
2025-07-10 17:00:00-04:00,252.3,253.5,251.93,252.55,0.0
2025-07-10 18:00:00-04:00,252.31,253.1,251.0,252.61,0.0
2025-07-10 19:00:00-04:00,252.5,253.5,252.5,252.52,0.0
2025-07-11 04:00:00-04:00,249.0,251.28,249.0,250.85,0.0
2025-07-11 05:00:00-04:00,250.42,250.8,250.01,250.26,0.0
2025-07-11 06:00:00-04:00,250.26,250.7,249.64,250.2,0.0
2025-07-11 07:00:00-04:00,250.28,251.24,249.12,251.0,0.0
2025-07-11 08:00:00-04:00,251.02,252.57,249.25,251.5,0.0
2025-07-11 09:00:00-04:00,251.5,251.5,249.94,251.0,0.0
2025-07-11 09:30:00-04:00,251.5,256.5299987792969,251.39999389648438,255.89500427246094,2271048.0
2025-07-11 10:30:00-04:00,255.89500427246094,256.45001220703125,254.5050048828125,255.90499877929688,1054598.0
2025-07-11 11:30:00-04:00,255.8300018310547,256.3800048828125,254.42999267578125,256.07000732421875,419626.0
2025-07-11 12:30:00-04:00,256.1600036621094,256.8800048828125,255.9199981689453,256.20001220703125,324483.0
2025-07-11 13:30:00-04:00,256.19000244140625,256.32000732421875,255.02000427246094,255.8350067138672,360331.0
2025-07-11 14:30:00-04:00,255.8350067138672,256.30499267578125,255.19000244140625,256.135009765625,731762.0
2025-07-11 15:30:00-04:00,256.17498779296875,256.17999267578125,254.39999389648438,255.3800048828125,1132979.0
2025-07-11 16:00:00-04:00,255.42,268.47,239.37,255.93,0.0
2025-07-11 17:00:00-04:00,255.04,268.47,255.04,255.41,0.0
2025-07-11 18:00:00-04:00,255.06,255.95,255.06,255.1859,0.0
2025-07-11 19:00:00-04:00,255.69,255.95,255.43,255.95,0.0
2025-07-14 04:00:00-04:00,255.95,256.1,254.17,255.0,0.0
2025-07-14 05:00:00-04:00,255.5,255.86,254.65,255.18,0.0
2025-07-14 06:00:00-04:00,255.18,255.82,255.13,255.55,0.0
2025-07-14 07:00:00-04:00,255.53,255.7,255.01,255.27,0.0
2025-07-14 08:00:00-04:00,255.43,256.01,253.85,256.0,0.0
2025-07-14 09:00:00-04:00,256.0,256.38,255.25,255.63,0.0
2025-07-14 09:30:00-04:00,256.19000244140625,259.8999938964844,256.0,259.864990234375,1049064.0
2025-07-14 10:30:00-04:00,259.8599853515625,260.6099853515625,257.8743896484375,260.32000732421875,1091464.0
2025-07-14 11:30:00-04:00,260.4200134277344,260.739990234375,259.52288818359375,259.989990234375,631081.0
2025-07-14 12:30:00-04:00,260.07000732421875,260.8399963378906,259.69000244140625,260.70001220703125,676974.0
2025-07-14 13:30:00-04:00,260.7300109863281,261.09991455078125,260.0199890136719,260.95001220703125,463215.0
2025-07-14 14:30:00-04:00,260.9100036621094,261.260009765625,260.4599914550781,261.17999267578125,611831.0
2025-07-14 15:30:00-04:00,261.1549987792969,262.4599914550781,260.9800109863281,262.2799987792969,1214011.0
2025-07-14 16:00:00-04:00,262.34,263.0,260.70865,262.6,0.0
2025-07-14 17:00:00-04:00,262.48,262.99,262.34,262.77,0.0
2025-07-14 18:00:00-04:00,262.794,262.99,262.34,262.5,0.0
2025-07-14 19:00:00-04:00,262.5,262.99,262.4,262.736,0.0
2025-07-15 04:00:00-04:00,262.15,262.77,262.02,262.63,0.0
2025-07-15 05:00:00-04:00,262.32,262.79,262.17,262.47,0.0
2025-07-15 06:00:00-04:00,262.76,263.12,262.76,262.93,0.0
2025-07-15 07:00:00-04:00,262.95,263.27,262.8,263.2,0.0
2025-07-15 08:00:00-04:00,263.27,264.42,261.33,263.86,0.0
2025-07-15 09:00:00-04:00,263.0,264.0,256.19,263.5,0.0
2025-07-15 09:30:00-04:00,263.9150085449219,264.989990234375,262.0,263.20269775390625,1675966.0
2025-07-15 10:30:00-04:00,263.2300109863281,265.05999755859375,261.7349853515625,262.80999755859375,1230940.0
2025-07-15 11:30:00-04:00,262.82000732421875,263.79998779296875,262.489990234375,263.45001220703125,547683.0
2025-07-15 12:30:00-04:00,263.3800048828125,264.4100036621094,261.8599853515625,262.760009765625,1266526.0
2025-07-15 13:30:00-04:00,262.8900146484375,265.0,262.8299865722656,264.8900146484375,422620.0
2025-07-15 14:30:00-04:00,264.8999938964844,264.989990234375,263.1099853515625,263.8399963378906,1009862.0
2025-07-15 15:30:00-04:00,263.8599853515625,265.0,263.55999755859375,264.4549865722656,1172269.0
2025-07-15 16:00:00-04:00,264.42,264.85,264.3,264.55,0.0
2025-07-15 17:00:00-04:00,264.7,265.06,264.55,265.0,0.0
2025-07-15 18:00:00-04:00,265.0,265.0,264.3,264.98,0.0
2025-07-15 19:00:00-04:00,264.8,264.98,264.3,264.5,0.0
2025-07-16 04:00:00-04:00,264.6,264.63,264.28,264.36,0.0
2025-07-16 05:00:00-04:00,264.36,264.6,264.2,264.34,0.0
2025-07-16 06:00:00-04:00,264.51,264.75,264.46,264.75,0.0
2025-07-16 07:00:00-04:00,264.75,265.23,264.49,264.79,0.0
2025-07-16 08:00:00-04:00,264.69,265.7212,263.9161,264.9,0.0
2025-07-16 09:00:00-04:00,265.163,267.0,264.67,265.41,0.0
2025-07-16 09:30:00-04:00,264.0,265.1499938964844,262.0342102050781,264.1673889160156,1643970.0
2025-07-16 10:30:00-04:00,264.2300109863281,265.260009765625,263.43499755859375,263.95001220703125,1204824.0
2025-07-16 11:30:00-04:00,263.95001220703125,265.19000244140625,262.6700134277344,264.9599914550781,1293109.0
2025-07-16 12:30:00-04:00,264.9849853515625,266.010009765625,264.8599853515625,265.0899963378906,888603.0
2025-07-16 13:30:00-04:00,265.05999755859375,265.4949951171875,264.6366882324219,265.32000732421875,1010670.0
2025-07-16 14:30:00-04:00,265.3450012207031,266.3599853515625,264.989990234375,266.2200012207031,2017753.0
2025-07-16 15:30:00-04:00,266.32000732421875,266.8599853515625,266.0,266.19000244140625,1253031.0
2025-07-16 16:00:00-04:00,266.18,267.0,265.5,266.18,0.0
2025-07-16 17:00:00-04:00,266.0,266.75,264.28,265.75,0.0
2025-07-16 18:00:00-04:00,266.05,266.9313,265.6,266.8684,0.0
2025-07-16 19:00:00-04:00,266.63,266.95,266.4,266.91,0.0
2025-07-17 04:00:00-04:00,268.0,270.77,267.0,268.85,0.0
2025-07-17 05:00:00-04:00,269.17,270.42,269.05,269.53,0.0
2025-07-17 06:00:00-04:00,269.56,271.68,269.3,270.63,0.0
2025-07-17 07:00:00-04:00,271.38,280.27,266.0,268.5,0.0
2025-07-17 08:00:00-04:00,268.5,279.6389,266.1,270.0,0.0
2025-07-17 09:00:00-04:00,269.99,272.49,268.0,271.5,0.0
2025-07-17 09:30:00-04:00,269.79998779296875,272.79998779296875,260.0799865722656,264.1050109863281,5855996.0
2025-07-17 10:30:00-04:00,264.1600036621094,266.3399963378906,259.54998779296875,265.3999938964844,3151253.0
2025-07-17 11:30:00-04:00,265.5,265.69000244140625,259.92999267578125,260.1499938964844,1475523.0
2025-07-17 12:30:00-04:00,260.2099914550781,263.52288818359375,258.1600036621094,262.32000732421875,1436325.0
2025-07-17 13:30:00-04:00,262.20001220703125,263.3999938964844,260.7699890136719,261.9100036621094,721495.0
2025-07-17 14:30:00-04:00,261.9700012207031,262.7699890136719,260.3699951171875,260.4800109863281,943406.0
2025-07-17 15:30:00-04:00,260.3800048828125,261.05999755859375,259.69000244140625,260.5199890136719,1521703.0
2025-07-17 16:00:00-04:00,260.28,261.5,259.8,260.96,0.0
2025-07-17 17:00:00-04:00,260.28,262.05,260.28,262.05,0.0
2025-07-17 18:00:00-04:00,261.94,262.52,261.27,261.27,0.0
2025-07-17 19:00:00-04:00,261.27,262.45,261.27,262.0,0.0
2025-07-18 04:00:00-04:00,262.0,263.32,262.0,262.18,0.0
2025-07-18 05:00:00-04:00,262.18,262.75,262.07,262.75,0.0
2025-07-18 06:00:00-04:00,262.26,262.88,262.25,262.6,0.0
2025-07-18 07:00:00-04:00,262.6,262.6,262.0,262.35,0.0
2025-07-18 08:00:00-04:00,262.4,263.58,260.28,262.25,0.0
2025-07-18 09:00:00-04:00,262.49,264.0,260.28,263.19,0.0
2025-07-18 09:30:00-04:00,265.3999938964844,269.6958923339844,263.8699951171875,266.3299865722656,2626750.0
2025-07-18 10:30:00-04:00,266.32501220703125,267.4800109863281,265.67498779296875,266.6600036621094,850289.0
2025-07-18 11:30:00-04:00,266.6099853515625,268.2900085449219,266.0,266.94500732421875,678879.0
2025-07-18 12:30:00-04:00,266.8999938964844,266.96990966796875,263.385009765625,263.6499938964844,628222.0
2025-07-18 13:30:00-04:00,263.7229919433594,263.989990234375,262.55499267578125,263.385009765625,508973.0
2025-07-18 14:30:00-04:00,263.32000732421875,263.9599914550781,262.94000244140625,263.9599914550781,631875.0
2025-07-18 15:30:00-04:00,263.9599914550781,264.6629943847656,262.8599853515625,263.42999267578125,1402214.0
2025-07-18 16:00:00-04:00,263.42,266.0,262.96,263.75,0.0
2025-07-18 17:00:00-04:00,263.31,265.95,263.27,263.7589,0.0
2025-07-18 18:00:00-04:00,264.0,264.0,263.27,263.5,0.0
2025-07-18 19:00:00-04:00,263.7,263.7756,263.0,263.6,0.0
2025-07-21 04:00:00-04:00,263.27,264.2,263.25,264.2,0.0
2025-07-21 05:00:00-04:00,264.2,265.21,264.0,264.9,0.0
2025-07-21 06:00:00-04:00,264.9,265.53,264.23,264.66,0.0
2025-07-21 07:00:00-04:00,264.6,264.97,264.0,264.33,0.0
2025-07-21 08:00:00-04:00,264.62,266.0,262.0,265.0,0.0
2025-07-21 09:00:00-04:00,265.0,265.91,263.27,263.27,0.0
2025-07-21 09:30:00-04:00,263.69000244140625,263.69000244140625,259.5799865722656,261.5299987792969,1164956.0
2025-07-21 10:30:00-04:00,261.3999938964844,263.3900146484375,261.3299865722656,262.7749938964844,547272.0
2025-07-21 11:30:00-04:00,262.8399963378906,264.2799987792969,262.7749938964844,264.17999267578125,534229.0
2025-07-21 12:30:00-04:00,264.07000732421875,266.25,264.07000732421875,264.9584045410156,674193.0
2025-07-21 13:30:00-04:00,264.9599914550781,265.7300109863281,264.30108642578125,264.6600036621094,468107.0
2025-07-21 14:30:00-04:00,264.59130859375,264.75,263.3299865722656,263.80999755859375,437010.0
2025-07-21 15:30:00-04:00,263.82000732421875,263.8999938964844,262.6099853515625,262.8699951171875,544357.0
2025-07-21 16:00:00-04:00,262.86,264.25,261.8,263.1,0.0
2025-07-21 17:00:00-04:00,263.1,263.21,262.22,262.22,0.0
2025-07-21 18:00:00-04:00,262.97,263.21,262.1,262.73,0.0
2025-07-21 19:00:00-04:00,263.21,263.21,262.2,262.9,0.0
2025-07-22 04:00:00-04:00,263.38,263.38,261.69,262.0,0.0
2025-07-22 05:00:00-04:00,262.0,262.56,262.0,262.35,0.0
2025-07-22 06:00:00-04:00,262.21,262.77,262.14,262.63,0.0
2025-07-22 07:00:00-04:00,262.63,262.93,262.37,262.73,0.0
2025-07-22 08:00:00-04:00,262.56,264.1,261.5551,262.8,0.0
2025-07-22 09:00:00-04:00,262.9991,263.0,262.5,262.8,0.0
2025-07-22 09:30:00-04:00,260.7300109863281,261.5,254.66000366210938,256.3999938964844,1603450.0
2025-07-22 10:30:00-04:00,256.3699951171875,259.8599853515625,256.36138916015625,258.80999755859375,712224.0
2025-07-22 11:30:00-04:00,258.8599853515625,259.489990234375,258.1720886230469,259.1600036621094,333951.0
2025-07-22 12:30:00-04:00,259.04998779296875,260.19000244140625,258.8800048828125,260.1449890136719,331286.0
2025-07-22 13:30:00-04:00,260.19000244140625,260.3699951171875,259.4200134277344,260.0,293467.0
2025-07-22 14:30:00-04:00,259.8299865722656,260.3389892578125,259.6300048828125,260.197509765625,354339.0
2025-07-22 15:30:00-04:00,260.2099914550781,260.22198486328125,259.0,259.010009765625,524860.0
2025-07-22 16:00:00-04:00,259.0,259.5,258.98,259.1097,0.0
2025-07-22 17:00:00-04:00,259.21,259.49,258.98,259.0246,0.0
2025-07-22 18:00:00-04:00,259.12,259.5,258.98,259.2667,0.0
2025-07-22 19:00:00-04:00,259.26,260.5,258.98,259.2,0.0
2025-07-23 04:00:00-04:00,259.2,260.67,259.0,259.64,0.0
2025-07-23 05:00:00-04:00,259.64,260.37,259.62,260.36,0.0
2025-07-23 06:00:00-04:00,260.47,260.9,260.36,260.9,0.0
2025-07-23 07:00:00-04:00,260.85,261.0,260.41,260.51,0.0
2025-07-23 08:00:00-04:00,260.51,261.98,259.0327,261.0141,0.0
2025-07-23 09:00:00-04:00,261.0141,261.5,259.0,260.83,0.0
2025-07-23 09:30:00-04:00,259.9700012207031,262.8599853515625,259.9700012207031,260.864990234375,739644.0
2025-07-23 10:30:00-04:00,260.8599853515625,262.0,260.1600036621094,261.8399963378906,438287.0
2025-07-23 11:30:00-04:00,261.82501220703125,263.09588623046875,261.25,261.9200134277344,456475.0
2025-07-23 12:30:00-04:00,261.9200134277344,263.0,261.4599914550781,262.8399963378906,500114.0
2025-07-23 13:30:00-04:00,262.8147888183594,263.4100036621094,261.610107421875,263.1199951171875,438039.0
2025-07-23 14:30:00-04:00,263.135009765625,263.7300109863281,262.9599914550781,263.6000061035156,416212.0
2025-07-23 15:30:00-04:00,263.614990234375,263.7099914550781,262.45001220703125,263.1600036621094,919993.0
2025-07-23 16:00:00-04:00,263.17,263.88,262.1,263.42,0.0
2025-07-23 17:00:00-04:00,263.19,263.88,262.1,263.41,0.0
2025-07-23 18:00:00-04:00,263.5,263.88,262.6,263.58,0.0
2025-07-23 19:00:00-04:00,262.6,263.88,262.6,263.79,0.0
2025-07-24 04:00:00-04:00,262.02,263.09,262.02,263.07,0.0
2025-07-24 05:00:00-04:00,262.9,262.9,262.02,262.81,0.0
2025-07-24 06:00:00-04:00,262.8,262.84,262.12,262.7,0.0
2025-07-24 07:00:00-04:00,262.7,263.14,262.55,262.97,0.0
2025-07-24 08:00:00-04:00,262.91,263.88,261.9507,263.8183,0.0
2025-07-24 09:00:00-04:00,262.5832,263.88,262.55,262.63,0.0
2025-07-24 09:30:00-04:00,263.55999755859375,267.80999755859375,263.17999267578125,267.5249938964844,888128.0
2025-07-24 10:30:00-04:00,267.5400085449219,269.8399963378906,267.3800048828125,269.4700012207031,816241.0
2025-07-24 11:30:00-04:00,269.42999267578125,269.7300109863281,268.1199951171875,268.80999755859375,516461.0
2025-07-24 12:30:00-04:00,268.7799987792969,269.3407897949219,268.6199951171875,269.2200012207031,297107.0
2025-07-24 13:30:00-04:00,269.25,269.489990234375,268.7799987792969,269.1300048828125,302244.0
2025-07-24 14:30:00-04:00,269.1199951171875,269.4024963378906,268.53009033203125,268.6300048828125,528420.0
2025-07-24 15:30:00-04:00,268.625,268.82000732421875,267.260009765625,267.989990234375,775300.0
2025-07-24 16:00:00-04:00,267.98,268.7711,266.2,268.61,0.0
2025-07-24 17:00:00-04:00,268.61,268.92,268.5,268.63,0.0
2025-07-24 18:00:00-04:00,268.5,268.89,268.01,268.53,0.0
2025-07-24 19:00:00-04:00,268.51,268.88,268.5,268.51,0.0
2025-07-25 04:00:00-04:00,269.1,269.17,268.01,268.27,0.0
2025-07-25 05:00:00-04:00,268.27,268.88,268.27,268.36,0.0
2025-07-25 06:00:00-04:00,268.24,268.82,268.22,268.22,0.0
2025-07-25 07:00:00-04:00,268.62,268.97,267.97,268.72,0.0
2025-07-25 08:00:00-04:00,268.34,269.6327,267.21,268.65,0.0
2025-07-25 09:00:00-04:00,268.67,269.48,263.5285,268.97,0.0
2025-07-25 09:30:00-04:00,268.8299865722656,272.6199951171875,268.2550048828125,272.489990234375,819394.0
2025-07-25 10:30:00-04:00,272.4599914550781,272.5799865722656,270.6549987792969,271.7799987792969,487643.0
2025-07-25 11:30:00-04:00,271.7799987792969,272.5400085449219,271.510009765625,272.4784851074219,312565.0
2025-07-25 12:30:00-04:00,272.4649963378906,272.7699890136719,272.114990234375,272.20001220703125,287445.0
2025-07-25 13:30:00-04:00,272.20001220703125,272.8299865722656,271.3299865722656,271.4100036621094,322190.0
2025-07-25 14:30:00-04:00,271.4599914550781,271.8800048828125,271.135009765625,271.7900085449219,359443.0
2025-07-25 15:30:00-04:00,271.80999755859375,272.1700134277344,271.2300109863281,271.45001220703125,771271.0
2025-07-25 16:00:00-04:00,271.595,272.71,270.7,271.9,0.0
2025-07-25 17:00:00-04:00,271.89,271.96,268.47,271.6,0.0
2025-07-25 18:00:00-04:00,271.61,272.01,271.538,271.8,0.0
2025-07-25 19:00:00-04:00,271.8,272.01,271.25,271.9,0.0
2025-07-28 04:00:00-04:00,272.0,273.73,272.0,273.27,0.0
2025-07-28 05:00:00-04:00,273.71,274.0,273.21,273.21,0.0
2025-07-28 06:00:00-04:00,273.59,273.61,273.22,273.45,0.0
2025-07-28 07:00:00-04:00,273.45,273.99,273.45,273.46,0.0
2025-07-28 08:00:00-04:00,273.46,274.42,271.59,273.76,0.0
2025-07-28 09:00:00-04:00,273.75,274.0,263.27,272.96,0.0
2025-07-28 09:30:00-04:00,273.3550109863281,273.4399108886719,270.8299865722656,270.9649963378906,743450.0
2025-07-28 10:30:00-04:00,270.9100036621094,271.2250061035156,269.1099853515625,269.4599914550781,890362.0
2025-07-28 11:30:00-04:00,269.4800109863281,270.2449951171875,268.7699890136719,269.3699951171875,527834.0
2025-07-28 12:30:00-04:00,269.3458557128906,269.3458557128906,267.6600036621094,267.7250061035156,420598.0
2025-07-28 13:30:00-04:00,267.7200012207031,268.4700012207031,267.44000244140625,268.385009765625,437128.0
2025-07-28 14:30:00-04:00,268.375,270.1099853515625,268.30999755859375,270.0849914550781,408326.0
2025-07-28 15:30:00-04:00,270.0911865234375,270.6400146484375,269.6499938964844,270.5799865722656,627765.0
2025-07-28 16:00:00-04:00,270.51,271.1,268.64,270.72,0.0
2025-07-28 17:00:00-04:00,270.72,270.85,268.45,268.837,0.0
2025-07-28 18:00:00-04:00,268.64,270.85,268.64,270.62,0.0
2025-07-28 19:00:00-04:00,270.62,270.85,270.32,270.79,0.0
2025-07-29 04:00:00-04:00,270.79,270.79,270.01,270.6,0.0
2025-07-29 05:00:00-04:00,270.6,270.94,270.48,270.52,0.0
2025-07-29 06:00:00-04:00,270.52,270.83,270.3,270.61,0.0
2025-07-29 07:00:00-04:00,270.7,271.76,270.61,271.69,0.0
2025-07-29 08:00:00-04:00,270.71,272.15,270.0,271.5,0.0
2025-07-29 09:00:00-04:00,271.5,271.88,271.5,271.53,0.0
2025-07-29 09:30:00-04:00,272.7300109863281,273.79998779296875,271.32000732421875,271.8999938964844,890640.0
2025-07-29 10:30:00-04:00,271.9700012207031,272.1300048828125,269.8800048828125,270.1499938964844,413427.0
2025-07-29 11:30:00-04:00,270.0799865722656,270.5,269.114990234375,270.1300048828125,486593.0
2025-07-29 12:30:00-04:00,270.1099853515625,271.2049865722656,269.8255920410156,270.989990234375,260284.0
2025-07-29 13:30:00-04:00,271.0249938964844,271.1000061035156,270.0899963378906,270.635009765625,247330.0
2025-07-29 14:30:00-04:00,270.6700134277344,270.8500061035156,270.0199890136719,270.3299865722656,340160.0
2025-07-29 15:30:00-04:00,270.3599853515625,270.3699951171875,269.3399963378906,270.260009765625,630068.0
2025-07-29 16:00:00-04:00,270.22,271.31,269.0,270.5,629432.0
