Date,open,high,low,close,volume
2023-08-29 17:00:00-04:00,29.56,29.74,29.5,29.5,0.0
2023-08-29 18:00:00-04:00,29.54,29.54,29.15,29.35,0.0
2023-08-29 19:00:00-04:00,29.34,29.35,28.0,28.0,0.0
2023-08-30 04:00:00-04:00,28.59,28.89,28.23,28.69,0.0
2023-08-30 05:00:00-04:00,28.69,28.7,28.5,28.7,0.0
2023-08-30 06:00:00-04:00,28.71,28.89,28.55,28.82,0.0
2023-08-30 07:00:00-04:00,28.8,28.98,28.67,28.8,0.0
2023-08-30 08:00:00-04:00,28.8,29.94,28.44,28.77,0.0
2023-08-30 09:00:00-04:00,28.75,29.2,28.6,29.01,0.0
2023-08-30 09:30:00-04:00,29.020000457763672,29.049999237060547,27.850000381469727,28.80500030517578,7780223.0
2023-08-30 10:30:00-04:00,28.795000076293945,28.93000030517578,28.639999389648438,28.78499984741211,2673472.0
2023-08-30 11:30:00-04:00,28.780000686645508,29.1299991607666,28.770099639892578,29.020000457763672,2075957.0
2023-08-30 12:30:00-04:00,29.010000228881836,29.219999313354492,28.950000762939453,29.155000686645508,1863419.0
2023-08-30 13:30:00-04:00,29.155000686645508,29.295000076293945,29.030099868774414,29.045000076293945,1614432.0
2023-08-30 14:30:00-04:00,29.045000076293945,29.2450008392334,29.03499984741211,29.084999084472656,1621161.0
2023-08-30 15:30:00-04:00,29.079999923706055,29.360000610351562,29.06999969482422,29.290000915527344,3509511.0
2023-08-30 16:00:00-04:00,29.29,29.29,29.1315,29.28,0.0
2023-08-30 17:00:00-04:00,29.2304,29.28,29.22,29.25,0.0
2023-08-30 18:00:00-04:00,29.25,29.29,29.24,29.29,0.0
2023-08-30 19:00:00-04:00,29.29,29.29,29.24,29.29,0.0
2023-08-31 04:00:00-04:00,29.31,29.31,29.2,29.26,0.0
2023-08-31 05:00:00-04:00,,,,,
2023-08-31 06:00:00-04:00,29.26,29.26,29.23,29.25,0.0
2023-08-31 07:00:00-04:00,29.26,29.31,29.23,29.26,0.0
2023-08-31 08:00:00-04:00,29.27,29.3685,29.21,29.28,0.0
2023-08-31 09:00:00-04:00,29.29,29.4571,29.27,29.3122,0.0
2023-08-31 09:30:00-04:00,29.299999237060547,29.584999084472656,29.16900062561035,29.485000610351562,1792244.0
2023-08-31 10:30:00-04:00,29.485000610351562,29.75,29.475000381469727,29.7450008392334,898372.0
2023-08-31 11:30:00-04:00,29.739999771118164,29.81999969482422,29.514999389648438,29.594999313354492,762894.0
2023-08-31 12:30:00-04:00,29.594999313354492,29.649999618530273,29.510000228881836,29.649999618530273,705135.0
2023-08-31 13:30:00-04:00,29.645000457763672,29.700000762939453,29.56999969482422,29.674999237060547,764722.0
2023-08-31 14:30:00-04:00,29.68000030517578,29.690000534057617,29.559999465942383,29.674999237060547,847796.0
2023-08-31 15:30:00-04:00,29.674999237060547,29.75,29.67490005493164,29.709999084472656,1936078.0
2023-08-31 16:00:00-04:00,29.71,29.9,29.41,29.82,0.0
2023-08-31 17:00:00-04:00,29.75,29.76,29.7,29.7,0.0
2023-08-31 18:00:00-04:00,29.75,29.79,29.7,29.79,0.0
2023-08-31 19:00:00-04:00,29.75,29.8,29.7,29.8,0.0
2023-09-01 04:00:00-04:00,29.73,29.73,29.71,29.71,0.0
2023-09-01 05:00:00-04:00,29.74,29.87,29.74,29.78,0.0
2023-09-01 06:00:00-04:00,,,,,
2023-09-01 07:00:00-04:00,29.88,29.9,29.88,29.88,0.0
2023-09-01 08:00:00-04:00,29.78,29.9,29.61,29.89,0.0
2023-09-01 09:00:00-04:00,29.88,29.99,29.285,29.94,0.0
2023-09-01 09:30:00-04:00,29.950000762939453,30.420000076293945,29.84000015258789,30.28499984741211,2195010.0
2023-09-01 10:30:00-04:00,30.28499984741211,30.3799991607666,30.18000030517578,30.219999313354492,801869.0
2023-09-01 11:30:00-04:00,30.229999542236328,30.299999237060547,30.1200008392334,30.290000915527344,660556.0
2023-09-01 12:30:00-04:00,30.28499984741211,30.350000381469727,30.190000534057617,30.204999923706055,597075.0
2023-09-01 13:30:00-04:00,30.204999923706055,30.290000915527344,30.190000534057617,30.260000228881836,493475.0
2023-09-01 14:30:00-04:00,30.260000228881836,30.665000915527344,30.239999771118164,30.639999389648438,1350579.0
2023-09-01 15:30:00-04:00,30.639999389648438,30.665000915527344,30.309999465942383,30.360000610351562,1886144.0
2023-09-01 16:00:00-04:00,30.35,30.4,30.34,30.39,0.0
2023-09-01 17:00:00-04:00,30.37,30.4,30.34,30.4,0.0
2023-09-01 18:00:00-04:00,30.33,30.39,30.33,30.34,0.0
2023-09-01 19:00:00-04:00,30.35,30.35,30.23,30.33,0.0
2023-09-05 04:00:00-04:00,30.44,30.44,30.08,30.08,0.0
2023-09-05 05:00:00-04:00,30.14,30.22,30.14,30.21,0.0
2023-09-05 06:00:00-04:00,30.21,30.26,30.21,30.21,0.0
2023-09-05 07:00:00-04:00,30.23,30.27,30.16,30.16,0.0
2023-09-05 08:00:00-04:00,30.18,30.37,29.9815,30.22,0.0
2023-09-05 09:00:00-04:00,30.18,30.26,30.16,30.16,0.0
2023-09-05 09:30:00-04:00,30.170000076293945,30.260000228881836,29.875,30.094999313354492,1579708.0
2023-09-05 10:30:00-04:00,30.094999313354492,30.309999465942383,30.0,30.28499984741211,759599.0
2023-09-05 11:30:00-04:00,30.28499984741211,30.3799991607666,30.24250030517578,30.2450008392334,610792.0
2023-09-05 12:30:00-04:00,30.25,30.299999237060547,30.094999313354492,30.1200008392334,453062.0
2023-09-05 13:30:00-04:00,30.1200008392334,30.145000457763672,30.0,30.024999618530273,457045.0
2023-09-05 14:30:00-04:00,30.020000457763672,30.264999389648438,30.010000228881836,30.165000915527344,925962.0
2023-09-05 15:30:00-04:00,30.15999984741211,30.290000915527344,30.1299991607666,30.145000457763672,1520660.0
2023-09-05 16:00:00-04:00,30.14,30.36,29.78,30.14,0.0
2023-09-05 17:00:00-04:00,30.34,30.34,30.34,30.34,0.0
2023-09-05 18:00:00-04:00,30.02,30.4557,30.02,30.08,0.0
2023-09-05 19:00:00-04:00,,,,,
2023-09-06 04:00:00-04:00,30.33,30.33,30.1,30.1,0.0
2023-09-06 05:00:00-04:00,,,,,
2023-09-06 06:00:00-04:00,,,,,
2023-09-06 07:00:00-04:00,30.19,30.19,30.08,30.08,0.0
2023-09-06 08:00:00-04:00,30.13,30.14,29.9615,30.13,0.0
2023-09-06 09:00:00-04:00,30.01,30.08,30.0,30.01,0.0
2023-09-06 09:30:00-04:00,29.959999084472656,30.200000762939453,29.90999984741211,30.0,581961.0
2023-09-06 10:30:00-04:00,29.989999771118164,30.024999618530273,29.90999984741211,29.985000610351562,427440.0
2023-09-06 11:30:00-04:00,29.985000610351562,30.0,29.860000610351562,29.860000610351562,409172.0
2023-09-06 12:30:00-04:00,29.8700008392334,30.020000457763672,29.84000015258789,30.0049991607666,567566.0
2023-09-06 13:30:00-04:00,29.9950008392334,30.309999465942383,29.9950008392334,30.2549991607666,868880.0
2023-09-06 14:30:00-04:00,30.2549991607666,30.2549991607666,30.110000610351562,30.149999618530273,979714.0
2023-09-06 15:30:00-04:00,30.149999618530273,30.165000915527344,30.100000381469727,30.1299991607666,1436007.0
2023-09-06 16:00:00-04:00,30.12,30.1315,30.12,30.13,0.0
2023-09-06 17:00:00-04:00,30.12,30.13,30.12,30.12,0.0
2023-09-06 18:00:00-04:00,30.13,30.2,30.12,30.12,0.0
2023-09-06 19:00:00-04:00,30.12,30.12,30.12,30.12,0.0
2023-09-07 04:00:00-04:00,29.98,30.03,29.98,29.99,0.0
2023-09-07 05:00:00-04:00,30.13,30.3,30.13,30.3,0.0
2023-09-07 06:00:00-04:00,,,,,
2023-09-07 07:00:00-04:00,30.16,30.17,30.0,30.0,0.0
2023-09-07 08:00:00-04:00,30.0,30.13,29.903,29.94,0.0
2023-09-07 09:00:00-04:00,29.99,30.13,29.76,29.9,0.0
2023-09-07 09:30:00-04:00,29.790000915527344,30.020000457763672,29.700000762939453,29.735000610351562,950158.0
2023-09-07 10:30:00-04:00,29.690000534057617,29.71500015258789,29.479999542236328,29.4950008392334,997222.0
2023-09-07 11:30:00-04:00,29.5,29.579999923706055,29.350000381469727,29.479999542236328,681996.0
2023-09-07 12:30:00-04:00,29.479999542236328,29.530000686645508,29.40999984741211,29.529699325561523,402838.0
2023-09-07 13:30:00-04:00,29.524999618530273,29.548999786376953,29.375,29.385000228881836,463799.0
2023-09-07 14:30:00-04:00,29.3799991607666,29.389999389648438,29.25,29.334999084472656,653723.0
2023-09-07 15:30:00-04:00,29.334999084472656,29.44499969482422,29.309999465942383,29.31999969482422,1689806.0
2023-09-07 16:00:00-04:00,29.35,29.38,29.32,29.32,0.0
2023-09-07 17:00:00-04:00,29.78,29.78,29.3,29.78,0.0
2023-09-07 18:00:00-04:00,29.68,29.68,29.51,29.51,0.0
2023-09-07 19:00:00-04:00,29.75,29.77,29.69,29.77,0.0
2023-09-08 04:00:00-04:00,,,,,
2023-09-08 05:00:00-04:00,29.39,29.39,29.33,29.33,0.0
2023-09-08 06:00:00-04:00,,,,,
2023-09-08 07:00:00-04:00,29.32,29.44,29.31,29.31,0.0
2023-09-08 08:00:00-04:00,29.31,29.4,29.1815,29.32,0.0
2023-09-08 09:00:00-04:00,29.45,29.46,29.33,29.33,0.0
2023-09-08 09:30:00-04:00,29.399999618530273,29.770000457763672,29.329999923706055,29.7450008392334,855376.0
2023-09-08 10:30:00-04:00,29.75,29.770000457763672,29.635000228881836,29.655000686645508,575471.0
2023-09-08 11:30:00-04:00,29.65999984741211,29.665000915527344,29.524999618530273,29.545000076293945,486125.0
2023-09-08 12:30:00-04:00,29.540000915527344,29.59000015258789,29.479999542236328,29.5049991607666,506567.0
2023-09-08 13:30:00-04:00,29.510000228881836,29.530000686645508,29.459999084472656,29.46500015258789,476912.0
2023-09-08 14:30:00-04:00,29.459999084472656,29.475000381469727,29.389999389648438,29.399999618530273,675786.0
2023-09-08 15:30:00-04:00,29.395000457763672,29.459999084472656,29.389999389648438,29.440000534057617,1362208.0
2023-09-08 16:00:00-04:00,29.0015,29.69,29.0015,29.65,0.0
2023-09-08 17:00:00-04:00,29.69,29.69,29.46,29.6602,0.0
2023-09-08 18:00:00-04:00,29.61,29.61,29.61,29.61,0.0
2023-09-08 19:00:00-04:00,29.6,29.6,29.6,29.6,0.0
2023-09-11 04:00:00-04:00,29.64,29.64,29.64,29.64,0.0
2023-09-11 05:00:00-04:00,29.67,29.67,29.62,29.62,0.0
2023-09-11 06:00:00-04:00,29.67,29.67,29.67,29.67,0.0
2023-09-11 07:00:00-04:00,29.65,29.65,29.65,29.65,0.0
2023-09-11 08:00:00-04:00,29.59,29.69,29.55,29.63,0.0
2023-09-11 09:00:00-04:00,29.64,29.69,29.63,29.68,0.0
2023-09-11 09:30:00-04:00,29.700000762939453,29.90999984741211,29.579999923706055,29.78499984741211,959560.0
2023-09-11 10:30:00-04:00,29.780000686645508,29.860000610351562,29.69499969482422,29.774999618530273,666492.0
2023-09-11 11:30:00-04:00,29.780000686645508,29.78499984741211,29.604999542236328,29.625,455613.0
2023-09-11 12:30:00-04:00,29.6299991607666,29.709999084472656,29.610000610351562,29.665000915527344,435854.0
2023-09-11 13:30:00-04:00,29.670000076293945,29.700000762939453,29.6299991607666,29.645000457763672,1025705.0
2023-09-11 14:30:00-04:00,29.649999618530273,29.690000534057617,29.612499237060547,29.670000076293945,732669.0
2023-09-11 15:30:00-04:00,29.65999984741211,29.670000076293945,29.530000686645508,29.559999465942383,1583740.0
2023-09-11 16:00:00-04:00,29.56,29.59,29.51,29.58,0.0
2023-09-11 17:00:00-04:00,29.58,29.58,29.39,29.51,0.0
2023-09-11 18:00:00-04:00,29.56,29.57,29.51,29.56,0.0
2023-09-11 19:00:00-04:00,29.56,29.57,29.56,29.56,0.0
2023-09-12 04:00:00-04:00,29.44,29.44,29.09,29.09,0.0
2023-09-12 05:00:00-04:00,29.13,29.15,29.13,29.15,0.0
2023-09-12 06:00:00-04:00,29.22,29.22,29.15,29.15,0.0
2023-09-12 07:00:00-04:00,29.15,29.2,29.09,29.2,0.0
2023-09-12 08:00:00-04:00,29.18,29.27,29.13,29.13,0.0
2023-09-12 09:00:00-04:00,29.2,29.27,29.15,29.2,0.0
2023-09-12 09:30:00-04:00,29.1299991607666,29.454999923706055,29.100000381469727,29.295000076293945,697040.0
2023-09-12 10:30:00-04:00,29.290000915527344,29.295000076293945,29.145000457763672,29.21500015258789,711488.0
2023-09-12 11:30:00-04:00,29.219999313354492,29.375,29.219999313354492,29.280000686645508,701623.0
2023-09-12 12:30:00-04:00,29.280000686645508,29.375,29.229999542236328,29.354999542236328,489580.0
2023-09-12 13:30:00-04:00,29.360000610351562,29.375,29.024999618530273,29.065000534057617,1738074.0
2023-09-12 14:30:00-04:00,29.06999969482422,29.075000762939453,28.915000915527344,29.014999389648438,849513.0
2023-09-12 15:30:00-04:00,29.014999389648438,29.040000915527344,28.920000076293945,28.950000762939453,1758460.0
2023-09-12 16:00:00-04:00,28.94,29.05,28.94,28.99,0.0
2023-09-12 17:00:00-04:00,28.9515,28.98,28.9515,28.98,0.0
2023-09-12 18:00:00-04:00,28.98,29.07,28.98,28.98,0.0
2023-09-12 19:00:00-04:00,28.98,29.16,28.96,28.96,0.0
2023-09-13 04:00:00-04:00,29.06,29.13,29.06,29.13,0.0
2023-09-13 05:00:00-04:00,,,,,
2023-09-13 06:00:00-04:00,29.01,29.01,28.9,28.9,0.0
2023-09-13 07:00:00-04:00,,,,,
2023-09-13 08:00:00-04:00,28.95,29.0971,28.95,28.95,0.0
2023-09-13 09:00:00-04:00,28.95,29.14,28.73,28.94,0.0
2023-09-13 09:30:00-04:00,28.920000076293945,29.079999923706055,28.584999084472656,28.684999465942383,915753.0
2023-09-13 10:30:00-04:00,28.684999465942383,28.764999389648438,28.635000228881836,28.65999984741211,737040.0
2023-09-13 11:30:00-04:00,28.665000915527344,28.665000915527344,28.434999465942383,28.475000381469727,718839.0
2023-09-13 12:30:00-04:00,28.469999313354492,28.524999618530273,28.450000762939453,28.485000610351562,368601.0
2023-09-13 13:30:00-04:00,28.479999542236328,28.5049991607666,28.375,28.3799991607666,598078.0
2023-09-13 14:30:00-04:00,28.385000228881836,28.450000762939453,28.34000015258789,28.44499969482422,714155.0
2023-09-13 15:30:00-04:00,28.450000762939453,28.524999618530273,28.31999969482422,28.329999923706055,2478902.0
2023-09-13 16:00:00-04:00,28.33,28.49,28.32,28.41,0.0
2023-09-13 17:00:00-04:00,28.41,28.42,28.41,28.42,0.0
2023-09-13 18:00:00-04:00,28.4,28.42,28.34,28.41,0.0
2023-09-13 19:00:00-04:00,28.41,28.41,28.04,28.05,0.0
2023-09-14 04:00:00-04:00,28.0,28.23,27.95,27.98,0.0
2023-09-14 05:00:00-04:00,27.98,27.98,27.9,27.98,0.0
2023-09-14 06:00:00-04:00,28.0,28.0,27.72,27.73,0.0
2023-09-14 07:00:00-04:00,27.91,27.92,27.65,27.7,0.0
2023-09-14 08:00:00-04:00,27.72,28.17,27.6028,27.61,0.0
2023-09-14 09:00:00-04:00,27.61,28.33,26.96,27.08,0.0
2023-09-14 09:30:00-04:00,26.875,27.5049991607666,26.800100326538086,27.485000610351562,4231865.0
2023-09-14 10:30:00-04:00,27.485000610351562,27.729999542236328,27.469999313354492,27.700000762939453,1312705.0
2023-09-14 11:30:00-04:00,27.700000762939453,27.790000915527344,27.65999984741211,27.774999618530273,957887.0
2023-09-14 12:30:00-04:00,27.774999618530273,27.875,27.645000457763672,27.665000915527344,1399319.0
2023-09-14 13:30:00-04:00,27.670000076293945,27.684999465942383,27.520000457763672,27.635000228881836,1147428.0
2023-09-14 14:30:00-04:00,27.635000228881836,27.825000762939453,27.610000610351562,27.704999923706055,1022804.0
2023-09-14 15:30:00-04:00,27.709999084472656,27.8799991607666,27.69499969482422,27.825000762939453,2005820.0
2023-09-14 16:00:00-04:00,27.83,27.84,27.4815,27.8,0.0
2023-09-14 17:00:00-04:00,27.81,27.89,27.8,27.84,0.0
2023-09-14 18:00:00-04:00,27.82,27.85,27.77,27.81,0.0
2023-09-14 19:00:00-04:00,27.81,27.89,27.75,27.8,0.0
2023-09-15 04:00:00-04:00,27.8,27.9,27.8,27.82,0.0
2023-09-15 05:00:00-04:00,27.82,27.82,27.8,27.8,0.0
2023-09-15 06:00:00-04:00,,,,,
2023-09-15 07:00:00-04:00,27.82,27.88,27.82,27.82,0.0
2023-09-15 08:00:00-04:00,27.79,28.76,27.7628,27.77,0.0
2023-09-15 09:00:00-04:00,27.81,27.81,27.72,27.76,0.0
2023-09-15 09:30:00-04:00,27.8799991607666,27.8799991607666,27.375,27.40999984741211,1648500.0
2023-09-15 10:30:00-04:00,27.40999984741211,27.420000076293945,27.239999771118164,27.30500030517578,965296.0
2023-09-15 11:30:00-04:00,27.299999237060547,27.334999084472656,27.139999389648438,27.155000686645508,748670.0
2023-09-15 12:30:00-04:00,27.155000686645508,27.200000762939453,27.1200008392334,27.135000228881836,472928.0
2023-09-15 13:30:00-04:00,27.1299991607666,27.274999618530273,27.100000381469727,27.161300659179688,671904.0
2023-09-15 14:30:00-04:00,27.15999984741211,27.325000762939453,27.155000686645508,27.290000915527344,690851.0
2023-09-15 15:30:00-04:00,27.28499984741211,27.3700008392334,27.280000686645508,27.334999084472656,1611947.0
2023-09-15 16:00:00-04:00,27.34,27.39,27.31,27.34,0.0
2023-09-15 17:00:00-04:00,27.34,27.37,27.34,27.34,0.0
2023-09-15 18:00:00-04:00,27.34,27.35,27.16,27.16,0.0
2023-09-15 19:00:00-04:00,27.34,27.35,27.15,27.15,0.0
2023-09-18 04:00:00-04:00,27.32,27.33,27.3,27.33,0.0
2023-09-18 05:00:00-04:00,27.28,27.28,27.28,27.28,0.0
2023-09-18 06:00:00-04:00,,,,,
2023-09-18 07:00:00-04:00,27.26,27.33,27.26,27.33,0.0
2023-09-18 08:00:00-04:00,27.32,27.34,27.26,27.27,0.0
2023-09-18 09:00:00-04:00,27.27,27.33,27.23,27.24,0.0
2023-09-18 09:30:00-04:00,27.260000228881836,27.44499969482422,27.15999984741211,27.204999923706055,812867.0
2023-09-18 10:30:00-04:00,27.209999084472656,27.2450008392334,27.1200008392334,27.235000610351562,667508.0
2023-09-18 11:30:00-04:00,27.239900588989258,27.415000915527344,27.239900588989258,27.354999542236328,684833.0
2023-09-18 12:30:00-04:00,27.354999542236328,27.40999984741211,27.342500686645508,27.3799991607666,385691.0
2023-09-18 13:30:00-04:00,27.38909912109375,27.479999542236328,27.31999969482422,27.373300552368164,610590.0
2023-09-18 14:30:00-04:00,27.3700008392334,27.449100494384766,27.309999465942383,27.31999969482422,551486.0
2023-09-18 15:30:00-04:00,27.329999923706055,27.34000015258789,27.25,27.329999923706055,1182332.0
2023-09-18 16:00:00-04:00,27.32,27.47,27.32,27.34,0.0
2023-09-18 17:00:00-04:00,27.34,27.34,27.1,27.11,0.0
2023-09-18 18:00:00-04:00,27.32,27.32,27.1482,27.25,0.0
2023-09-18 19:00:00-04:00,27.38,27.38,27.3,27.3,0.0
2023-09-19 04:00:00-04:00,27.24,27.48,27.24,27.42,0.0
2023-09-19 05:00:00-04:00,27.3,27.3,27.3,27.3,0.0
2023-09-19 06:00:00-04:00,,,,,
2023-09-19 07:00:00-04:00,,,,,
2023-09-19 08:00:00-04:00,27.46,27.57,27.28,27.28,0.0
2023-09-19 09:00:00-04:00,27.4,27.45,27.26,27.26,0.0
2023-09-19 09:30:00-04:00,27.344999313354492,27.559999465942383,27.290000915527344,27.4950008392334,774191.0
2023-09-19 10:30:00-04:00,27.4950008392334,27.520000457763672,27.420000076293945,27.4950008392334,874103.0
2023-09-19 11:30:00-04:00,27.4950008392334,27.604999542236328,27.485000610351562,27.508800506591797,480986.0
2023-09-19 12:30:00-04:00,27.5049991607666,27.56999969482422,27.415000915527344,27.4950008392334,406668.0
2023-09-19 13:30:00-04:00,27.5,27.579999923706055,27.459999084472656,27.559999465942383,373058.0
2023-09-19 14:30:00-04:00,27.565000534057617,27.655000686645508,27.55500030517578,27.600000381469727,578550.0
2023-09-19 15:30:00-04:00,27.604999542236328,27.655000686645508,27.549999237060547,27.579999923706055,1345018.0
2023-09-19 16:00:00-04:00,27.41,27.6,27.41,27.57,0.0
2023-09-19 17:00:00-04:00,27.57,27.57,27.57,27.57,0.0
2023-09-19 18:00:00-04:00,27.83,27.83,27.83,27.83,0.0
2023-09-19 19:00:00-04:00,27.83,27.83,27.52,27.52,0.0
2023-09-20 04:00:00-04:00,27.79,27.79,27.68,27.73,0.0
2023-09-20 05:00:00-04:00,27.66,27.66,27.51,27.51,0.0
2023-09-20 06:00:00-04:00,,,,,
2023-09-20 07:00:00-04:00,27.63,27.64,27.63,27.63,0.0
2023-09-20 08:00:00-04:00,27.66,27.7372,27.5,27.72,0.0
2023-09-20 09:00:00-04:00,27.72,27.7772,27.55,27.55,0.0
2023-09-20 09:30:00-04:00,27.700000762939453,27.739999771118164,27.520000457763672,27.639999389648438,1305798.0
2023-09-20 10:30:00-04:00,27.639999389648438,27.649999618530273,27.469999313354492,27.489999771118164,414448.0
2023-09-20 11:30:00-04:00,27.479999542236328,27.537500381469727,27.420000076293945,27.489999771118164,341305.0
2023-09-20 12:30:00-04:00,27.489999771118164,27.5,27.389999389648438,27.399999618530273,354779.0
2023-09-20 13:30:00-04:00,27.40019989013672,27.5,27.34000015258789,27.344999313354492,523105.0
2023-09-20 14:30:00-04:00,27.344999313354492,27.43000030517578,27.190000534057617,27.2450008392334,740097.0
2023-09-20 15:30:00-04:00,27.2450008392334,27.2549991607666,27.049999237060547,27.059999465942383,2251203.0
2023-09-20 16:00:00-04:00,27.06,27.15,27.06,27.08,0.0
2023-09-20 17:00:00-04:00,27.08,27.09,27.0301,27.07,0.0
2023-09-20 18:00:00-04:00,27.05,27.09,27.05,27.09,0.0
2023-09-20 19:00:00-04:00,27.09,27.09,27.05,27.05,0.0
2023-09-21 04:00:00-04:00,27.0,27.0,26.99,26.99,0.0
2023-09-21 05:00:00-04:00,,,,,
2023-09-21 06:00:00-04:00,26.96,26.96,26.92,26.92,0.0
2023-09-21 07:00:00-04:00,26.92,26.96,26.86,26.86,0.0
2023-09-21 08:00:00-04:00,26.86,26.97,26.78,26.9,0.0
2023-09-21 09:00:00-04:00,26.81,27.04,26.79,26.99,0.0
2023-09-21 09:30:00-04:00,27.059999465942383,27.239999771118164,26.924999237060547,27.0,995879.0
2023-09-21 10:30:00-04:00,27.0049991607666,27.030000686645508,26.889999389648438,26.950000762939453,500944.0
2023-09-21 11:30:00-04:00,26.94499969482422,27.010000228881836,26.90999984741211,26.940000534057617,433895.0
2023-09-21 12:30:00-04:00,26.94499969482422,27.079999923706055,26.90999984741211,27.045000076293945,464451.0
2023-09-21 13:30:00-04:00,27.040000915527344,27.079999923706055,26.940000534057617,26.947500228881836,828470.0
2023-09-21 14:30:00-04:00,26.94499969482422,27.017499923706055,26.920000076293945,26.924999237060547,733407.0
2023-09-21 15:30:00-04:00,26.920000076293945,26.947500228881836,26.780000686645508,26.799999237060547,1810212.0
2023-09-21 16:00:00-04:00,26.8,26.99,26.78,26.99,0.0
2023-09-21 17:00:00-04:00,26.8,26.88,26.8,26.88,0.0
2023-09-21 18:00:00-04:00,26.89,26.9,26.8,26.9,0.0
2023-09-21 19:00:00-04:00,26.8,26.9,26.8,26.85,0.0
2023-09-22 04:00:00-04:00,26.87,26.87,26.81,26.81,0.0
2023-09-22 05:00:00-04:00,,,,,
2023-09-22 06:00:00-04:00,26.82,26.87,26.82,26.82,0.0
2023-09-22 07:00:00-04:00,26.85,26.9,26.85,26.9,0.0
2023-09-22 08:00:00-04:00,26.82,28.8,26.82,26.99,0.0
2023-09-22 09:00:00-04:00,26.91,27.07,26.9,26.98,0.0
2023-09-22 09:30:00-04:00,26.920000076293945,27.059999465942383,26.760000228881836,26.860000610351562,973077.0
2023-09-22 10:30:00-04:00,26.860000610351562,26.895000457763672,26.780000686645508,26.885000228881836,451981.0
2023-09-22 11:30:00-04:00,26.885000228881836,26.93000030517578,26.84000015258789,26.899999618530273,417551.0
2023-09-22 12:30:00-04:00,26.905000686645508,27.010000228881836,26.8799991607666,26.905000686645508,362346.0
2023-09-22 13:30:00-04:00,26.905000686645508,26.905000686645508,26.7549991607666,26.770000457763672,481331.0
2023-09-22 14:30:00-04:00,26.770000457763672,26.8799991607666,26.75,26.825000762939453,741941.0
2023-09-22 15:30:00-04:00,26.825000762939453,26.827999114990234,26.7450008392334,26.770000457763672,2030887.0
2023-09-22 16:00:00-04:00,26.77,26.9,26.76,26.77,0.0
2023-09-22 17:00:00-04:00,,,,,
2023-09-22 18:00:00-04:00,26.9,26.9,26.9,26.9,0.0
2023-09-22 19:00:00-04:00,26.75,26.75,26.75,26.75,0.0
2023-09-25 04:00:00-04:00,26.73,26.73,26.2,26.2,0.0
2023-09-25 05:00:00-04:00,26.2,26.2,26.1,26.1,0.0
2023-09-25 06:00:00-04:00,26.1,26.13,26.04,26.12,0.0
2023-09-25 07:00:00-04:00,26.17,26.19,25.77,25.89,0.0
2023-09-25 08:00:00-04:00,25.83,26.1974,25.75,26.0,0.0
2023-09-25 09:00:00-04:00,26.01,26.25,25.99,26.2,0.0
2023-09-25 09:30:00-04:00,26.18000030517578,26.920000076293945,26.100000381469727,26.665000915527344,2174308.0
2023-09-25 10:30:00-04:00,26.665000915527344,26.690000534057617,26.43000030517578,26.545000076293945,987724.0
2023-09-25 11:30:00-04:00,26.549999237060547,26.56999969482422,26.405000686645508,26.44499969482422,883896.0
2023-09-25 12:30:00-04:00,26.44499969482422,26.450000762939453,26.309999465942383,26.354999542236328,924577.0
2023-09-25 13:30:00-04:00,26.360000610351562,26.459999084472656,26.34000015258789,26.375,730520.0
2023-09-25 14:30:00-04:00,26.375,26.420000076293945,26.225000381469727,26.309999465942383,921926.0
2023-09-25 15:30:00-04:00,26.309999465942383,26.350000381469727,26.2549991607666,26.299999237060547,1579428.0
2023-09-25 16:00:00-04:00,26.3,26.5,26.3,26.5,0.0
2023-09-25 17:00:00-04:00,26.49,26.49,26.35,26.45,0.0
2023-09-25 18:00:00-04:00,26.35,26.4,26.35,26.35,0.0
2023-09-25 19:00:00-04:00,26.35,26.35,26.31,26.31,0.0
2023-09-26 04:00:00-04:00,26.3,26.3,26.13,26.13,0.0
2023-09-26 05:00:00-04:00,26.22,26.23,26.13,26.13,0.0
2023-09-26 06:00:00-04:00,26.21,26.22,26.21,26.22,0.0
2023-09-26 07:00:00-04:00,26.2,26.2,26.12,26.15,0.0
2023-09-26 08:00:00-04:00,26.15,28.52,26.13,26.23,0.0
2023-09-26 09:00:00-04:00,26.15,26.3,26.09,26.11,0.0
2023-09-26 09:30:00-04:00,26.1200008392334,26.209999084472656,25.924999237060547,25.959999084472656,1156833.0
2023-09-26 10:30:00-04:00,25.959999084472656,26.020000457763672,25.860000610351562,25.860000610351562,632935.0
2023-09-26 11:30:00-04:00,25.864999771118164,25.93000030517578,25.850000381469727,25.871000289916992,619591.0
2023-09-26 12:30:00-04:00,25.875,25.950000762939453,25.81999969482422,25.81999969482422,597284.0
2023-09-26 13:30:00-04:00,25.81999969482422,25.864999771118164,25.735000610351562,25.795000076293945,749742.0
2023-09-26 14:30:00-04:00,25.799999237060547,25.845399856567383,25.764999389648438,25.780000686645508,945861.0
2023-09-26 15:30:00-04:00,25.78499984741211,25.825000762939453,25.700000762939453,25.700000762939453,1963230.0
2023-09-26 16:00:00-04:00,25.7,25.75,25.68,25.75,0.0
2023-09-26 17:00:00-04:00,25.75,25.75,25.73,25.7492,0.0
2023-09-26 18:00:00-04:00,25.75,25.75,25.72,25.75,0.0
2023-09-26 19:00:00-04:00,25.72,25.75,25.72,25.75,0.0
2023-09-27 04:00:00-04:00,25.75,25.88,25.73,25.77,0.0
2023-09-27 05:00:00-04:00,25.86,25.86,25.86,25.86,0.0
2023-09-27 06:00:00-04:00,,,,,
2023-09-27 07:00:00-04:00,25.8,25.8,25.8,25.8,0.0
2023-09-27 08:00:00-04:00,25.81,26.62,25.81,25.95,0.0
2023-09-27 09:00:00-04:00,25.95,25.95,25.69,25.69,0.0
2023-09-27 09:30:00-04:00,25.850000381469727,25.979999542236328,25.7549991607666,25.860000610351562,660732.0
2023-09-27 10:30:00-04:00,25.860000610351562,25.920000076293945,25.790000915527344,25.825000762939453,680151.0
2023-09-27 11:30:00-04:00,25.829200744628906,25.860000610351562,25.690000534057617,25.719999313354492,408414.0
2023-09-27 12:30:00-04:00,25.719999313354492,25.795000076293945,25.614599227905273,25.614999771118164,336283.0
2023-09-27 13:30:00-04:00,25.6200008392334,25.719999313354492,25.59000015258789,25.700000762939453,531413.0
2023-09-27 14:30:00-04:00,25.700000762939453,25.78499984741211,25.65999984741211,25.674999237060547,907268.0
2023-09-27 15:30:00-04:00,25.674999237060547,25.68000030517578,25.56999969482422,25.645000457763672,1492070.0
2023-09-27 16:00:00-04:00,25.64,25.94,25.57,25.57,0.0
2023-09-27 17:00:00-04:00,25.64,25.65,25.63,25.64,0.0
2023-09-27 18:00:00-04:00,25.58,25.64,25.09,25.3,0.0
2023-09-27 19:00:00-04:00,25.3,25.4,25.19,25.25,0.0
2023-09-28 04:00:00-04:00,25.39,25.39,25.15,25.31,0.0
2023-09-28 05:00:00-04:00,,,,,
2023-09-28 06:00:00-04:00,25.27,25.35,25.24,25.32,0.0
2023-09-28 07:00:00-04:00,25.35,25.38,25.23,25.27,0.0
2023-09-28 08:00:00-04:00,25.27,25.3,25.13,25.2,0.0
2023-09-28 09:00:00-04:00,25.2,25.2,25.05,25.1,0.0
2023-09-28 09:30:00-04:00,25.299999237060547,25.825000762939453,25.219999313354492,25.709999084472656,1389849.0
2023-09-28 10:30:00-04:00,25.704999923706055,25.709999084472656,25.55500030517578,25.659000396728516,924990.0
2023-09-28 11:30:00-04:00,25.65999984741211,25.7450008392334,25.6299991607666,25.739999771118164,777792.0
2023-09-28 12:30:00-04:00,25.735000610351562,25.7549991607666,25.594999313354492,25.604999542236328,639222.0
2023-09-28 13:30:00-04:00,25.600000381469727,25.684999465942383,25.559999465942383,25.635000228881836,657671.0
2023-09-28 14:30:00-04:00,25.635000228881836,25.68000030517578,25.55500030517578,25.655000686645508,890388.0
2023-09-28 15:30:00-04:00,25.649999618530273,25.665000915527344,25.520000457763672,25.575000762939453,1849026.0
2023-09-28 16:00:00-04:00,25.575,25.58,25.12,25.57,0.0
2023-09-28 17:00:00-04:00,25.64,25.73,25.57,25.73,0.0
2023-09-28 18:00:00-04:00,25.62,25.73,25.62,25.73,0.0
2023-09-28 19:00:00-04:00,25.73,25.75,25.73,25.75,0.0
2023-09-29 04:00:00-04:00,25.98,25.98,25.98,25.98,0.0
2023-09-29 05:00:00-04:00,25.75,25.86,25.75,25.75,0.0
2023-09-29 06:00:00-04:00,,,,,
2023-09-29 07:00:00-04:00,25.74,25.75,25.71,25.74,0.0
2023-09-29 08:00:00-04:00,25.74,25.82,25.62,25.8,0.0
2023-09-29 09:00:00-04:00,25.8,25.94,25.75,25.75,0.0
2023-09-29 09:30:00-04:00,25.739999771118164,26.024999618530273,25.700000762939453,25.989999771118164,1199847.0
2023-09-29 10:30:00-04:00,25.985000610351562,26.165000915527344,25.975000381469727,26.0,1184988.0
2023-09-29 11:30:00-04:00,25.9950008392334,26.010000228881836,25.815000534057617,25.905000686645508,647316.0
2023-09-29 12:30:00-04:00,25.905000686645508,25.920000076293945,25.7450008392334,25.825000762939453,697524.0
2023-09-29 13:30:00-04:00,25.825000762939453,25.864999771118164,25.739999771118164,25.739999771118164,756797.0
2023-09-29 14:30:00-04:00,25.7450008392334,25.905000686645508,25.739999771118164,25.825000762939453,947152.0
2023-09-29 15:30:00-04:00,25.825000762939453,25.850000381469727,25.670000076293945,25.700000762939453,3041824.0
2023-09-29 16:00:00-04:00,25.7,25.92,25.69,25.7,0.0
2023-09-29 17:00:00-04:00,25.7,25.91,25.7,25.91,0.0
2023-09-29 18:00:00-04:00,25.7,25.83,25.7,25.83,0.0
2023-09-29 19:00:00-04:00,25.83,25.83,25.82,25.82,0.0
2023-10-02 04:00:00-04:00,25.91,25.91,25.91,25.91,0.0
2023-10-02 05:00:00-04:00,25.84,25.85,25.83,25.84,0.0
2023-10-02 06:00:00-04:00,25.85,25.85,25.76,25.82,0.0
2023-10-02 07:00:00-04:00,25.79,25.8,25.75,25.8,0.0
2023-10-02 08:00:00-04:00,25.76,25.79,25.62,25.71,0.0
2023-10-02 09:00:00-04:00,25.68,25.71,25.6,25.6,0.0
2023-10-02 09:30:00-04:00,25.639999389648438,26.03499984741211,25.6200008392334,25.815000534057617,1514047.0
2023-10-02 10:30:00-04:00,25.809999465942383,25.854999542236328,25.670000076293945,25.7450008392334,940198.0
2023-10-02 11:30:00-04:00,25.75,25.81999969482422,25.604999542236328,25.645000457763672,1092398.0
2023-10-02 12:30:00-04:00,25.639999389648438,25.704999923706055,25.559999465942383,25.68000030517578,548578.0
2023-10-02 13:30:00-04:00,25.690000534057617,25.7450008392334,25.614999771118164,25.614999771118164,534205.0
2023-10-02 14:30:00-04:00,25.614999771118164,25.65999984741211,25.579999923706055,25.645000457763672,739858.0
2023-10-02 15:30:00-04:00,25.645000457763672,25.704999923706055,25.6200008392334,25.670000076293945,1637209.0
2023-10-02 16:00:00-04:00,25.69,25.82,25.59,25.67,0.0
2023-10-02 17:00:00-04:00,27.63,27.63,25.59,25.67,0.0
2023-10-02 18:00:00-04:00,25.67,25.68,25.59,25.67,0.0
2023-10-02 19:00:00-04:00,25.83,25.83,25.83,25.83,0.0
2023-10-03 04:00:00-04:00,25.68,25.68,25.68,25.68,0.0
2023-10-03 05:00:00-04:00,25.75,25.84,25.37,25.38,0.0
2023-10-03 06:00:00-04:00,25.38,26.45,25.38,26.39,0.0
2023-10-03 07:00:00-04:00,26.44,26.48,26.32,26.33,0.0
2023-10-03 08:00:00-04:00,26.33,26.48,26.2,26.28,0.0
2023-10-03 09:00:00-04:00,26.28,26.33,25.67,26.32,0.0
2023-10-03 09:30:00-04:00,26.139999389648438,26.610000610351562,26.06999969482422,26.219999313354492,4126328.0
2023-10-03 10:30:00-04:00,26.225000381469727,26.34000015258789,26.024999618530273,26.174999237060547,1503439.0
2023-10-03 11:30:00-04:00,26.174999237060547,26.280000686645508,26.100000381469727,26.239999771118164,1304722.0
2023-10-03 12:30:00-04:00,26.2450008392334,26.329999923706055,26.209999084472656,26.315000534057617,803493.0
2023-10-03 13:30:00-04:00,26.315000534057617,26.329999923706055,26.079999923706055,26.104999542236328,932098.0
2023-10-03 14:30:00-04:00,26.100000381469727,26.174999237060547,26.084999084472656,26.155000686645508,1055313.0
2023-10-03 15:30:00-04:00,26.155000686645508,26.227500915527344,26.110000610351562,26.1299991607666,2631984.0
2023-10-03 16:00:00-04:00,26.13,26.22,26.02,26.15,0.0
2023-10-03 17:00:00-04:00,26.16,26.16,26.1195,26.14,0.0
2023-10-03 18:00:00-04:00,26.1,26.14,26.1,26.14,0.0
2023-10-03 19:00:00-04:00,26.11,26.14,26.05,26.14,0.0
2023-10-04 04:00:00-04:00,26.09,26.15,26.09,26.15,0.0
2023-10-04 05:00:00-04:00,,,,,
2023-10-04 06:00:00-04:00,,,,,
2023-10-04 07:00:00-04:00,26.17,26.2,26.14,26.2,0.0
2023-10-04 08:00:00-04:00,26.2,26.25,26.02,26.13,0.0
2023-10-04 09:00:00-04:00,26.34,26.34,26.21,26.2126,0.0
2023-10-04 09:30:00-04:00,26.21500015258789,26.21500015258789,25.834999084472656,25.834999084472656,1582715.0
2023-10-04 10:30:00-04:00,25.829999923706055,26.020000457763672,25.825000762939453,26.014999389648438,815624.0
2023-10-04 11:30:00-04:00,26.013999938964844,26.024999618530273,25.93000030517578,26.0049991607666,721250.0
2023-10-04 12:30:00-04:00,26.0049991607666,26.020000457763672,25.895000457763672,25.895000457763672,844800.0
2023-10-04 13:30:00-04:00,25.895000457763672,25.975000381469727,25.875,25.959999084472656,574799.0
2023-10-04 14:30:00-04:00,25.959999084472656,26.049999237060547,25.93000030517578,26.014999389648438,789280.0
2023-10-04 15:30:00-04:00,26.014999389648438,26.114999771118164,26.0,26.040000915527344,1696873.0
2023-10-04 16:00:00-04:00,26.035,26.05,26.02,26.02,0.0
2023-10-04 17:00:00-04:00,26.02,26.04,26.0,26.0,0.0
2023-10-04 18:00:00-04:00,26.17,26.17,26.01,26.01,0.0
2023-10-04 19:00:00-04:00,,,,,
2023-10-05 04:00:00-04:00,26.01,26.01,26.01,26.01,0.0
2023-10-05 05:00:00-04:00,25.99,25.99,25.9,25.93,0.0
2023-10-05 06:00:00-04:00,,,,,
2023-10-05 07:00:00-04:00,25.94,26.0,25.94,26.0,0.0
2023-10-05 08:00:00-04:00,26.01,26.17,25.99,26.1,0.0
2023-10-05 09:00:00-04:00,25.98,26.05,25.78,26.02,0.0
2023-10-05 09:30:00-04:00,25.860000610351562,26.200000762939453,25.860000610351562,26.165000915527344,1518978.0
2023-10-05 10:30:00-04:00,26.170000076293945,26.18000030517578,25.96500015258789,26.010000228881836,1600159.0
2023-10-05 11:30:00-04:00,26.010000228881836,26.145000457763672,25.9950008392334,26.11079978942871,1069907.0
2023-10-05 12:30:00-04:00,26.114999771118164,26.170000076293945,26.084999084472656,26.1200008392334,597945.0
2023-10-05 13:30:00-04:00,26.128999710083008,26.329999923706055,26.09000015258789,26.299999237060547,1084141.0
2023-10-05 14:30:00-04:00,26.299999237060547,26.360000610351562,26.260000228881836,26.354999542236328,1057617.0
2023-10-05 15:30:00-04:00,26.360000610351562,26.3799991607666,26.209999084472656,26.229999542236328,2631489.0
2023-10-05 16:00:00-04:00,26.23,26.38,26.16,26.38,0.0
2023-10-05 17:00:00-04:00,26.22,26.22,26.1613,26.22,0.0
2023-10-05 18:00:00-04:00,26.25,26.25,26.0,26.08,0.0
2023-10-05 19:00:00-04:00,26.13,26.13,26.0,26.11,0.0
2023-10-06 04:00:00-04:00,26.14,26.18,26.14,26.18,0.0
2023-10-06 05:00:00-04:00,26.18,26.18,26.18,26.18,0.0
2023-10-06 06:00:00-04:00,,,,,
2023-10-06 07:00:00-04:00,26.18,26.18,26.08,26.08,0.0
2023-10-06 08:00:00-04:00,26.08,26.34,26.08,26.14,0.0
2023-10-06 09:00:00-04:00,26.08,26.11,25.88,25.91,0.0
2023-10-06 09:30:00-04:00,26.09000015258789,26.174999237060547,25.739999771118164,25.850000381469727,983842.0
2023-10-06 10:30:00-04:00,25.844999313354492,26.014999389648438,25.829999923706055,26.014999389648438,660777.0
2023-10-06 11:30:00-04:00,26.014999389648438,26.110000610351562,25.941299438476562,25.94499969482422,952994.0
2023-10-06 12:30:00-04:00,25.940000534057617,25.959999084472656,25.80500030517578,25.8700008392334,551661.0
2023-10-06 13:30:00-04:00,25.8700008392334,26.0049991607666,25.84000015258789,26.0,633334.0
2023-10-06 14:30:00-04:00,26.0,26.030000686645508,25.8799991607666,25.94499969482422,833001.0
2023-10-06 15:30:00-04:00,25.94499969482422,25.967500686645508,25.81999969482422,25.90999984741211,2137046.0
2023-10-06 16:00:00-04:00,25.91,26.03,25.88,26.03,0.0
2023-10-06 17:00:00-04:00,25.9,26.03,25.9,25.91,0.0
2023-10-06 18:00:00-04:00,26.0,26.0,25.99,25.99,0.0
2023-10-06 19:00:00-04:00,25.99,26.0,25.99,25.99,0.0
2023-10-09 04:00:00-04:00,25.59,25.6,25.48,25.48,0.0
2023-10-09 05:00:00-04:00,25.5,25.69,25.5,25.69,0.0
2023-10-09 06:00:00-04:00,25.64,25.65,25.5,25.65,0.0
2023-10-09 07:00:00-04:00,25.53,25.63,25.53,25.63,0.0
2023-10-09 08:00:00-04:00,25.64,25.82,25.6,25.82,0.0
2023-10-09 09:00:00-04:00,,,,,
2023-10-09 09:30:00-04:00,25.860000610351562,25.860000610351562,25.59000015258789,25.69499969482422,627519.0
2023-10-09 10:30:00-04:00,25.700000762939453,25.885000228881836,25.6299991607666,25.875,490877.0
2023-10-09 11:30:00-04:00,25.875,26.059999465942383,25.864999771118164,25.9950008392334,831467.0
2023-10-09 12:30:00-04:00,25.9950008392334,26.079999923706055,25.950000762939453,26.079999923706055,595046.0
2023-10-09 13:30:00-04:00,26.075000762939453,26.229999542236328,26.075000762939453,26.190000534057617,823280.0
2023-10-09 14:30:00-04:00,26.19499969482422,26.21500015258789,26.100000381469727,26.155000686645508,877075.0
2023-10-09 15:30:00-04:00,26.155000686645508,26.156299591064453,26.059999465942383,26.079999923706055,1885646.0
2023-10-09 16:00:00-04:00,26.08,26.15,26.08,26.1102,0.0
2023-10-09 17:00:00-04:00,26.04,26.14,26.0,26.14,0.0
2023-10-09 18:00:00-04:00,26.0,26.13,26.0,26.13,0.0
2023-10-09 19:00:00-04:00,26.1,26.14,26.1,26.13,0.0
2023-10-10 04:00:00-04:00,26.14,26.15,26.14,26.15,0.0
2023-10-10 05:00:00-04:00,26.14,26.14,26.07,26.09,0.0
2023-10-10 06:00:00-04:00,,,,,
2023-10-10 07:00:00-04:00,,,,,
2023-10-10 08:00:00-04:00,26.1,26.15,26.05,26.05,0.0
2023-10-10 09:00:00-04:00,26.14,26.19,26.08,26.16,0.0
2023-10-10 09:30:00-04:00,26.280000686645508,26.600000381469727,26.209999084472656,26.510000228881836,1420668.0
2023-10-10 10:30:00-04:00,26.514999389648438,26.549999237060547,26.325000762939453,26.43000030517578,775940.0
2023-10-10 11:30:00-04:00,26.434999465942383,26.485000610351562,26.389999389648438,26.440000534057617,459418.0
2023-10-10 12:30:00-04:00,26.440000534057617,26.514999389648438,26.290000915527344,26.334999084472656,1308137.0
2023-10-10 13:30:00-04:00,26.34000015258789,26.389999389648438,26.264999389648438,26.28499984741211,920257.0
2023-10-10 14:30:00-04:00,26.28499984741211,26.399999618530273,26.264999389648438,26.385000228881836,1455099.0
2023-10-10 15:30:00-04:00,26.385000228881836,26.459999084472656,26.3799991607666,26.43000030517578,1864643.0
2023-10-10 16:00:00-04:00,26.42,26.44,26.34,26.44,0.0
2023-10-10 17:00:00-04:00,26.2,26.79,26.2,26.79,0.0
2023-10-10 18:00:00-04:00,26.61,27.36,26.5,26.8,0.0
2023-10-10 19:00:00-04:00,26.84,26.87,26.68,26.68,0.0
2023-10-11 04:00:00-04:00,26.79,26.79,26.77,26.77,0.0
2023-10-11 05:00:00-04:00,26.66,26.89,26.66,26.89,0.0
2023-10-11 06:00:00-04:00,26.68,26.84,26.67,26.67,0.0
2023-10-11 07:00:00-04:00,26.67,26.75,26.67,26.75,0.0
2023-10-11 08:00:00-04:00,26.77,26.88,26.43,26.73,0.0
2023-10-11 09:00:00-04:00,26.71,26.73,26.58,26.61,0.0
2023-10-11 09:30:00-04:00,26.600000381469727,27.045000076293945,26.549999237060547,26.850000381469727,2386088.0
2023-10-11 10:30:00-04:00,26.854999542236328,26.889999389648438,26.645000457763672,26.68000030517578,1115714.0
2023-10-11 11:30:00-04:00,26.684999465942383,26.75,26.46500015258789,26.485000610351562,982247.0
2023-10-11 12:30:00-04:00,26.485000610351562,26.575000762939453,26.485000610351562,26.56290054321289,781431.0
2023-10-11 13:30:00-04:00,26.565000534057617,26.704999923706055,26.5,26.655000686645508,718062.0
2023-10-11 14:30:00-04:00,26.655000686645508,26.799999237060547,26.655000686645508,26.790000915527344,1085304.0
2023-10-11 15:30:00-04:00,26.795000076293945,26.8700008392334,26.774999618530273,26.809999465942383,2303779.0
2023-10-11 16:00:00-04:00,26.81,26.86,26.73,26.75,0.0
2023-10-11 17:00:00-04:00,26.77,26.87,26.76,26.87,0.0
2023-10-11 18:00:00-04:00,26.7833,26.7833,26.7833,26.7833,0.0
2023-10-11 19:00:00-04:00,26.78,26.87,26.76,26.85,0.0
2023-10-12 04:00:00-04:00,26.87,26.88,26.87,26.88,0.0
2023-10-12 05:00:00-04:00,,,,,
2023-10-12 06:00:00-04:00,26.92,26.94,26.92,26.94,0.0
2023-10-12 07:00:00-04:00,26.93,26.93,26.92,26.93,0.0
2023-10-12 08:00:00-04:00,26.97,26.99,26.8643,26.92,0.0
2023-10-12 09:00:00-04:00,,,,,
2023-10-12 09:30:00-04:00,26.829999923706055,26.8799991607666,26.660900115966797,26.684999465942383,1009152.0
2023-10-12 10:30:00-04:00,26.684999465942383,26.850000381469727,26.684999465942383,26.815000534057617,842348.0
2023-10-12 11:30:00-04:00,26.809999465942383,26.8799991607666,26.709999084472656,26.844999313354492,579867.0
2023-10-12 12:30:00-04:00,26.844999313354492,26.8799991607666,26.6299991607666,26.635000228881836,653961.0
2023-10-12 13:30:00-04:00,26.6299991607666,26.71500015258789,26.579999923706055,26.704999923706055,682884.0
2023-10-12 14:30:00-04:00,26.709999084472656,26.790000915527344,26.674999237060547,26.774999618530273,780472.0
2023-10-12 15:30:00-04:00,26.774999618530273,26.834999084472656,26.75,26.7549991607666,1592340.0
2023-10-12 16:00:00-04:00,26.75,26.78,26.75,26.78,0.0
2023-10-12 17:00:00-04:00,,,,,
2023-10-12 18:00:00-04:00,26.84,26.84,26.7,26.7,0.0
2023-10-12 19:00:00-04:00,26.79,26.79,26.79,26.79,0.0
2023-10-13 04:00:00-04:00,26.8,26.8,26.8,26.8,0.0
2023-10-13 05:00:00-04:00,,,,,
2023-10-13 06:00:00-04:00,26.74,26.74,26.57,26.6,0.0
2023-10-13 07:00:00-04:00,,,,,
2023-10-13 08:00:00-04:00,26.65,26.68,26.0,26.65,0.0
2023-10-13 09:00:00-04:00,26.68,26.84,26.66,26.74,0.0
2023-10-13 09:30:00-04:00,26.719999313354492,26.790000915527344,26.594999313354492,26.68000030517578,697163.0
2023-10-13 10:30:00-04:00,26.690000534057617,26.719999313354492,26.58009910583496,26.639999389648438,450481.0
2023-10-13 11:30:00-04:00,26.649999618530273,26.674999237060547,26.5,26.649999618530273,463826.0
2023-10-13 12:30:00-04:00,26.649999618530273,26.674999237060547,26.450000762939453,26.459999084472656,399116.0
2023-10-13 13:30:00-04:00,26.450000762939453,26.5575008392334,26.399999618530273,26.469999313354492,470228.0
2023-10-13 14:30:00-04:00,26.477500915527344,26.579999923706055,26.451499938964844,26.479999542236328,732770.0
2023-10-13 15:30:00-04:00,26.479999542236328,26.540000915527344,26.459999084472656,26.5,1306559.0
2023-10-13 16:00:00-04:00,26.5,26.5,26.42,26.49,0.0
2023-10-13 17:00:00-04:00,,,,,
2023-10-13 18:00:00-04:00,26.51,26.51,26.38,26.38,0.0
2023-10-13 19:00:00-04:00,26.4,26.49,26.38,26.4,0.0
2023-10-16 04:00:00-04:00,26.49,26.61,26.45,26.61,0.0
2023-10-16 05:00:00-04:00,,,,,
2023-10-16 06:00:00-04:00,26.61,26.61,26.61,26.61,0.0
2023-10-16 07:00:00-04:00,26.52,26.52,26.49,26.5,0.0
2023-10-16 08:00:00-04:00,26.49,26.66,25.88,26.6,0.0
2023-10-16 09:00:00-04:00,26.57,26.61,26.53,26.59,0.0
2023-10-16 09:30:00-04:00,26.700000762939453,26.989999771118164,26.649999618530273,26.93000030517578,1286711.0
2023-10-16 10:30:00-04:00,26.93000030517578,27.0,26.8700008392334,26.885000228881836,637879.0
2023-10-16 11:30:00-04:00,26.885000228881836,26.895000457763672,26.764999389648438,26.795000076293945,462518.0
2023-10-16 12:30:00-04:00,26.795000076293945,26.815000534057617,26.68000030517578,26.764999389648438,441678.0
2023-10-16 13:30:00-04:00,26.764999389648438,26.860000610351562,26.7549991607666,26.834999084472656,461620.0
2023-10-16 14:30:00-04:00,26.829999923706055,26.93000030517578,26.795000076293945,26.924999237060547,656779.0
2023-10-16 15:30:00-04:00,26.924999237060547,26.950000762939453,26.860000610351562,26.875,1475008.0
2023-10-16 16:00:00-04:00,26.875,26.94,26.68,26.8,0.0
2023-10-16 17:00:00-04:00,26.92,26.94,26.8,26.8,0.0
2023-10-16 18:00:00-04:00,,,,,
2023-10-16 19:00:00-04:00,26.89,26.89,26.79,26.79,0.0
2023-10-17 04:00:00-04:00,26.88,26.88,26.88,26.88,0.0
2023-10-17 05:00:00-04:00,26.89,26.89,26.76,26.76,0.0
2023-10-17 06:00:00-04:00,26.76,26.76,26.72,26.72,0.0
2023-10-17 07:00:00-04:00,,,,,
2023-10-17 08:00:00-04:00,26.87,26.9,26.73,26.88,0.0
2023-10-17 09:00:00-04:00,26.68,26.76,26.68,26.69,0.0
2023-10-17 09:30:00-04:00,26.709999084472656,26.850000381469727,26.670000076293945,26.780000686645508,654441.0
2023-10-17 10:30:00-04:00,26.780000686645508,26.975000381469727,26.735000610351562,26.954999923706055,420775.0
2023-10-17 11:30:00-04:00,26.954999923706055,27.239999771118164,26.94499969482422,27.229999542236328,838755.0
2023-10-17 12:30:00-04:00,27.225000381469727,27.229999542236328,27.079999923706055,27.104999542236328,522470.0
2023-10-17 13:30:00-04:00,27.100000381469727,27.110000610351562,27.020000457763672,27.09000015258789,418309.0
2023-10-17 14:30:00-04:00,27.09000015258789,27.135000228881836,26.9950008392334,27.09000015258789,643095.0
2023-10-17 15:30:00-04:00,27.09000015258789,27.1200008392334,27.030000686645508,27.110000610351562,1444384.0
2023-10-17 16:00:00-04:00,27.1,27.19,27.04,27.17,0.0
2023-10-17 17:00:00-04:00,27.18,27.18,27.09,27.09,0.0
2023-10-17 18:00:00-04:00,27.1,27.17,27.1,27.17,0.0
2023-10-17 19:00:00-04:00,27.19,27.19,27.0,27.0,0.0
2023-10-18 04:00:00-04:00,27.07,27.07,27.07,27.07,0.0
2023-10-18 05:00:00-04:00,,,,,
2023-10-18 06:00:00-04:00,27.06,27.06,27.06,27.06,0.0
2023-10-18 07:00:00-04:00,,,,,
2023-10-18 08:00:00-04:00,27.16,27.2,27.0,27.0,0.0
2023-10-18 09:00:00-04:00,26.95,26.95,26.88,26.95,0.0
2023-10-18 09:30:00-04:00,26.8799991607666,27.139999389648438,26.81999969482422,26.9950008392334,773095.0
2023-10-18 10:30:00-04:00,26.9950008392334,27.135000228881836,26.94499969482422,27.104999542236328,710848.0
2023-10-18 11:30:00-04:00,27.10140037536621,27.19499969482422,27.049999237060547,27.1299991607666,550027.0
2023-10-18 12:30:00-04:00,27.135000228881836,27.239999771118164,27.03499984741211,27.135000228881836,765694.0
2023-10-18 13:30:00-04:00,27.135000228881836,27.184999465942383,27.0,27.15999984741211,672524.0
2023-10-18 14:30:00-04:00,27.15999984741211,27.184999465942383,27.049999237060547,27.114999771118164,969785.0
2023-10-18 15:30:00-04:00,27.114999771118164,27.15999984741211,27.010000228881836,27.020000457763672,2094708.0
2023-10-18 16:00:00-04:00,27.02,27.23,26.88,27.23,0.0
2023-10-18 17:00:00-04:00,27.2,27.2,27.19,27.19,0.0
2023-10-18 18:00:00-04:00,27.2,27.2,26.88,26.88,0.0
2023-10-18 19:00:00-04:00,26.88,26.89,26.88,26.88,0.0
2023-10-19 04:00:00-04:00,,,,,
2023-10-19 05:00:00-04:00,,,,,
2023-10-19 06:00:00-04:00,26.93,26.93,26.93,26.93,0.0
2023-10-19 07:00:00-04:00,27.04,27.25,27.04,27.1,0.0
2023-10-19 08:00:00-04:00,26.93,27.12,26.89,27.12,0.0
2023-10-19 09:00:00-04:00,27.07,27.08,27.07,27.08,0.0
2023-10-19 09:30:00-04:00,27.0,27.100000381469727,26.799999237060547,26.825000762939453,832629.0
2023-10-19 10:30:00-04:00,26.825000762939453,26.844999313354492,26.614999771118164,26.704999923706055,734026.0
2023-10-19 11:30:00-04:00,26.704999923706055,26.799999237060547,26.59000015258789,26.614999771118164,602258.0
2023-10-19 12:30:00-04:00,26.6200008392334,26.84000015258789,26.510000228881836,26.829999923706055,747852.0
2023-10-19 13:30:00-04:00,26.825000762939453,26.829999923706055,26.604999542236328,26.639999389648438,596590.0
2023-10-19 14:30:00-04:00,26.6299991607666,26.6299991607666,26.364999771118164,26.389999389648438,655350.0
2023-10-19 15:30:00-04:00,26.395000457763672,26.459999084472656,26.350000381469727,26.450000762939453,1447706.0
2023-10-19 16:00:00-04:00,26.45,26.45,26.34,26.35,0.0
2023-10-19 17:00:00-04:00,26.34,26.41,26.33,26.41,0.0
2023-10-19 18:00:00-04:00,26.42,26.42,26.3358,26.34,0.0
2023-10-19 19:00:00-04:00,26.42,26.42,26.34,26.34,0.0
2023-10-20 04:00:00-04:00,26.38,26.48,26.38,26.48,0.0
2023-10-20 05:00:00-04:00,,,,,
2023-10-20 06:00:00-04:00,26.31,26.31,26.26,26.26,0.0
2023-10-20 07:00:00-04:00,26.33,26.39,26.3,26.3,0.0
2023-10-20 08:00:00-04:00,26.31,26.89,26.29,26.29,0.0
2023-10-20 09:00:00-04:00,26.29,26.39,26.29,26.38,0.0
2023-10-20 09:30:00-04:00,26.459999084472656,26.545000076293945,26.131900787353516,26.219999313354492,817439.0
2023-10-20 10:30:00-04:00,26.219999313354492,26.280000686645508,26.104999542236328,26.1299991607666,514530.0
2023-10-20 11:30:00-04:00,26.1299991607666,26.329999923706055,26.100000381469727,26.21500015258789,584833.0
2023-10-20 12:30:00-04:00,26.21500015258789,26.344999313354492,26.19499969482422,26.315000534057617,374665.0
2023-10-20 13:30:00-04:00,26.31999969482422,26.31999969482422,26.155000686645508,26.165000915527344,359384.0
2023-10-20 14:30:00-04:00,26.15999984741211,26.229999542236328,26.065000534057617,26.125,550105.0
2023-10-20 15:30:00-04:00,26.125,26.135000228881836,26.0,26.010000228881836,1111584.0
2023-10-20 16:00:00-04:00,26.01,26.04,25.99,26.01,0.0
2023-10-20 17:00:00-04:00,26.01,26.01,25.99,26.0,0.0
2023-10-20 18:00:00-04:00,,,,,
2023-10-20 19:00:00-04:00,26.14,26.14,25.98,26.13,0.0
2023-10-23 04:00:00-04:00,25.88,25.88,25.86,25.86,0.0
2023-10-23 05:00:00-04:00,,,,,
2023-10-23 06:00:00-04:00,25.81,25.84,25.71,25.76,0.0
2023-10-23 07:00:00-04:00,25.77,25.88,25.77,25.8,0.0
2023-10-23 08:00:00-04:00,25.87,26.02,25.29,26.01,0.0
2023-10-23 09:00:00-04:00,,,,,
2023-10-23 09:30:00-04:00,25.940000534057617,26.155000686645508,25.690000534057617,26.079999923706055,741754.0
2023-10-23 10:30:00-04:00,26.079999923706055,26.15999984741211,25.985000610351562,26.1200008392334,410212.0
2023-10-23 11:30:00-04:00,26.1200008392334,26.149999618530273,26.059999465942383,26.135000228881836,247047.0
2023-10-23 12:30:00-04:00,26.135000228881836,26.209999084472656,26.068700790405273,26.094999313354492,322434.0
2023-10-23 13:30:00-04:00,26.09000015258789,26.1299991607666,26.010000228881836,26.08799934387207,406226.0
2023-10-23 14:30:00-04:00,26.084999084472656,26.15999984741211,25.979999542236328,25.989999771118164,620939.0
2023-10-23 15:30:00-04:00,25.989999771118164,25.989999771118164,25.8700008392334,25.8700008392334,1017094.0
2023-10-23 16:00:00-04:00,25.88,26.07,25.87,25.89,0.0
2023-10-23 17:00:00-04:00,26.08,26.08,25.99,25.99,0.0
2023-10-23 18:00:00-04:00,25.87,25.87,25.87,25.87,0.0
2023-10-23 19:00:00-04:00,25.87,26.0,25.87,25.99,0.0
2023-10-24 04:00:00-04:00,,,,,
2023-10-24 05:00:00-04:00,,,,,
2023-10-24 06:00:00-04:00,25.93,26.0,25.93,26.0,0.0
2023-10-24 07:00:00-04:00,,,,,
2023-10-24 08:00:00-04:00,26.1,26.1,25.97,26.1,0.0
2023-10-24 09:00:00-04:00,26.09,26.1,26.05,26.05,0.0
2023-10-24 09:30:00-04:00,26.06999969482422,26.190000534057617,25.969999313354492,26.174999237060547,646513.0
2023-10-24 10:30:00-04:00,26.174999237060547,26.190000534057617,26.06999969482422,26.06999969482422,519919.0
2023-10-24 11:30:00-04:00,26.06999969482422,26.094999313354492,25.944599151611328,25.975000381469727,392165.0
2023-10-24 12:30:00-04:00,25.975000381469727,26.049999237060547,25.924999237060547,26.045000076293945,285185.0
2023-10-24 13:30:00-04:00,26.045000076293945,26.06999969482422,25.950000762939453,26.024999618530273,342309.0
2023-10-24 14:30:00-04:00,26.030000686645508,26.25,26.030000686645508,26.19499969482422,965794.0
2023-10-24 15:30:00-04:00,26.19499969482422,26.209999084472656,26.104999542236328,26.1299991607666,1933870.0
2023-10-24 16:00:00-04:00,26.16,26.16,26.01,26.14,0.0
2023-10-24 17:00:00-04:00,26.02,26.02,26.02,26.02,0.0
2023-10-24 18:00:00-04:00,26.12,26.12,26.12,26.12,0.0
2023-10-24 19:00:00-04:00,26.1,26.1,26.1,26.1,0.0
2023-10-25 04:00:00-04:00,26.17,26.4,26.09,26.09,0.0
2023-10-25 05:00:00-04:00,,,,,
2023-10-25 06:00:00-04:00,,,,,
2023-10-25 07:00:00-04:00,,,,,
2023-10-25 08:00:00-04:00,26.13,26.18,26.07,26.07,0.0
2023-10-25 09:00:00-04:00,26.07,26.13,26.05,26.1083,0.0
2023-10-25 09:30:00-04:00,26.0,26.239999771118164,26.0,26.075000762939453,533806.0
2023-10-25 10:30:00-04:00,26.06999969482422,26.260000228881836,26.040000915527344,26.155000686645508,555946.0
2023-10-25 11:30:00-04:00,26.149999618530273,26.149999618530273,25.985000610351562,26.030000686645508,339329.0
2023-10-25 12:30:00-04:00,26.040000915527344,26.079999923706055,25.969999313354492,25.985000610351562,319799.0
2023-10-25 13:30:00-04:00,25.985000610351562,26.030000686645508,25.899999618530273,26.010000228881836,276548.0
2023-10-25 14:30:00-04:00,26.014999389648438,26.049999237060547,25.959999084472656,26.045000076293945,436967.0
2023-10-25 15:30:00-04:00,26.049999237060547,26.09000015258789,26.010000228881836,26.045000076293945,845104.0
2023-10-25 16:00:00-04:00,26.04,26.21,26.01,26.01,0.0
2023-10-25 17:00:00-04:00,25.94,26.22,25.94,26.22,0.0
2023-10-25 18:00:00-04:00,26.0,26.0,25.89,25.99,0.0
2023-10-25 19:00:00-04:00,26.05,26.05,25.88,25.88,0.0
2023-10-26 04:00:00-04:00,25.83,25.83,25.83,25.83,0.0
2023-10-26 05:00:00-04:00,,,,,
2023-10-26 06:00:00-04:00,,,,,
2023-10-26 07:00:00-04:00,25.86,25.86,25.83,25.83,0.0
2023-10-26 08:00:00-04:00,25.8,25.9,25.52,25.8,0.0
2023-10-26 09:00:00-04:00,26.03,26.05,26.0181,26.0181,0.0
2023-10-26 09:30:00-04:00,26.0,26.219999313354492,25.975000381469727,26.05500030517578,918902.0
2023-10-26 10:30:00-04:00,26.059999465942383,26.11750030517578,25.975000381469727,26.00749969482422,800436.0
2023-10-26 11:30:00-04:00,26.0,26.03499984741211,25.8700008392334,25.93000030517578,475236.0
2023-10-26 12:30:00-04:00,25.934999465942383,26.040000915527344,25.90570068359375,25.975000381469727,705669.0
2023-10-26 13:30:00-04:00,25.969999313354492,26.15999984741211,25.93000030517578,26.155000686645508,1235684.0
2023-10-26 14:30:00-04:00,26.155000686645508,26.350000381469727,26.114999771118164,26.2450008392334,1648978.0
2023-10-26 15:30:00-04:00,26.239999771118164,26.280000686645508,26.145000457763672,26.15999984741211,2335000.0
2023-10-26 16:00:00-04:00,26.16,26.17,26.02,26.1,0.0
2023-10-26 17:00:00-04:00,26.0,26.2975,26.0,26.0,0.0
2023-10-26 18:00:00-04:00,26.14,26.37,26.14,26.37,0.0
2023-10-26 19:00:00-04:00,,,,,
2023-10-27 04:00:00-04:00,26.34,26.35,26.33,26.35,0.0
2023-10-27 05:00:00-04:00,26.35,26.39,26.3,26.38,0.0
2023-10-27 06:00:00-04:00,26.31,26.31,26.27,26.27,0.0
2023-10-27 07:00:00-04:00,,,,,
2023-10-27 08:00:00-04:00,26.27,26.3738,26.04,26.17,0.0
2023-10-27 09:00:00-04:00,26.2,26.38,25.98,26.25,0.0
2023-10-27 09:30:00-04:00,26.260000228881836,26.290000915527344,25.920000076293945,25.924999237060547,581459.0
2023-10-27 10:30:00-04:00,25.93000030517578,26.094999313354492,25.920000076293945,26.03499984741211,475963.0
2023-10-27 11:30:00-04:00,26.030000686645508,26.05500030517578,25.94499969482422,25.96500015258789,430395.0
2023-10-27 12:30:00-04:00,25.969999313354492,26.020000457763672,25.829999923706055,25.895000457763672,370668.0
2023-10-27 13:30:00-04:00,25.899999618530273,25.954999923706055,25.7810001373291,25.844999313354492,524364.0
2023-10-27 14:30:00-04:00,25.850000381469727,25.93000030517578,25.690000534057617,25.760000228881836,837616.0
2023-10-27 15:30:00-04:00,25.75,25.84000015258789,25.670000076293945,25.84000015258789,1331496.0
2023-10-27 16:00:00-04:00,25.84,25.97,25.67,25.9689,0.0
2023-10-27 17:00:00-04:00,25.98,25.98,25.98,25.98,0.0
2023-10-27 18:00:00-04:00,25.98,25.98,25.84,25.97,0.0
2023-10-27 19:00:00-04:00,25.94,25.94,25.94,25.94,0.0
2023-10-30 04:00:00-04:00,,,,,
2023-10-30 05:00:00-04:00,,,,,
2023-10-30 06:00:00-04:00,,,,,
2023-10-30 07:00:00-04:00,26.0,26.0,26.0,26.0,0.0
2023-10-30 08:00:00-04:00,26.03,26.04,25.85,25.99,0.0
2023-10-30 09:00:00-04:00,26.04,26.04,25.96,25.97,0.0
2023-10-30 09:30:00-04:00,26.0,26.059999465942383,25.899999618530273,25.954999923706055,638881.0
2023-10-30 10:30:00-04:00,25.950000762939453,26.079999923706055,25.934999465942383,26.030000686645508,481841.0
2023-10-30 11:30:00-04:00,26.03499984741211,26.1299991607666,26.024999618530273,26.084999084472656,358580.0
2023-10-30 12:30:00-04:00,26.09000015258789,26.19499969482422,26.020000457763672,26.184999465942383,423241.0
2023-10-30 13:30:00-04:00,26.189899444580078,26.239999771118164,26.15999984741211,26.204999923706055,477267.0
2023-10-30 14:30:00-04:00,26.204999923706055,26.325000762939453,26.200000762939453,26.295000076293945,644043.0
2023-10-30 15:30:00-04:00,26.299999237060547,26.299999237060547,26.149999618530273,26.149999618530273,993090.0
2023-10-30 16:00:00-04:00,26.36,26.36,26.02,26.02,0.0
2023-10-30 17:00:00-04:00,26.35,26.35,26.35,26.35,0.0
2023-10-30 18:00:00-04:00,26.04,26.04,26.03,26.03,0.0
2023-10-30 19:00:00-04:00,26.17,26.17,26.17,26.17,0.0
2023-10-31 04:00:00-04:00,26.1,26.1,26.1,26.1,0.0
2023-10-31 05:00:00-04:00,,,,,
2023-10-31 06:00:00-04:00,26.27,26.27,26.27,26.27,0.0
2023-10-31 07:00:00-04:00,,,,,
2023-10-31 08:00:00-04:00,26.12,26.12,26.12,26.12,0.0
2023-10-31 09:00:00-04:00,26.36,26.37,26.36,26.37,0.0
2023-10-31 09:30:00-04:00,26.010000228881836,26.165000915527344,25.954999923706055,26.135000228881836,638456.0
2023-10-31 10:30:00-04:00,26.135000228881836,26.30500030517578,26.065000534057617,26.264999389648438,972852.0
2023-10-31 11:30:00-04:00,26.270000457763672,26.359899520874023,26.239999771118164,26.318899154663086,844090.0
2023-10-31 12:30:00-04:00,26.315000534057617,26.344999313354492,26.239999771118164,26.274999618530273,691296.0
2023-10-31 13:30:00-04:00,26.280000686645508,26.329999923706055,26.25,26.264999389648438,537934.0
2023-10-31 14:30:00-04:00,26.264999389648438,26.395000457763672,26.260000228881836,26.385000228881836,950551.0
2023-10-31 15:30:00-04:00,26.385000228881836,26.399999618530273,26.280000686645508,26.329999923706055,1704568.0
2023-10-31 16:00:00-04:00,26.33,26.34,26.21,26.25,0.0
2023-10-31 17:00:00-04:00,26.2,26.21,26.2,26.21,0.0
2023-10-31 18:00:00-04:00,,,,,
2023-10-31 19:00:00-04:00,26.21,26.33,26.21,26.33,0.0
2023-11-01 04:00:00-04:00,26.33,26.33,26.33,26.33,0.0
2023-11-01 05:00:00-04:00,,,,,
2023-11-01 06:00:00-04:00,26.27,26.27,26.27,26.27,0.0
2023-11-01 07:00:00-04:00,26.26,26.26,26.25,26.26,0.0
2023-11-01 08:00:00-04:00,26.26,27.09,26.08,26.29,0.0
2023-11-01 09:00:00-04:00,,,,,
2023-11-01 09:30:00-04:00,26.40999984741211,26.475000381469727,26.219999313354492,26.475000381469727,723215.0
2023-11-01 10:30:00-04:00,26.479999542236328,26.559999465942383,26.395000457763672,26.43000030517578,419103.0
2023-11-01 11:30:00-04:00,26.434999465942383,26.5,26.3799991607666,26.389999389648438,709141.0
2023-11-01 12:30:00-04:00,26.389999389648438,26.40999984741211,26.290000915527344,26.354999542236328,490174.0
2023-11-01 13:30:00-04:00,26.350000381469727,26.40999984741211,26.30500030517578,26.360000610351562,425456.0
2023-11-01 14:30:00-04:00,26.364999771118164,26.59000015258789,26.30500030517578,26.540000915527344,692142.0
2023-11-01 15:30:00-04:00,26.540000915527344,26.56999969482422,26.43000030517578,26.479999542236328,1408767.0
2023-11-01 16:00:00-04:00,26.475,26.61,26.41,26.42,0.0
2023-11-01 17:00:00-04:00,26.6,26.6,26.6,26.6,0.0
2023-11-01 18:00:00-04:00,26.61,26.61,26.61,26.61,0.0
2023-11-01 19:00:00-04:00,26.6,26.78,26.6,26.71,0.0
2023-11-02 04:00:00-04:00,26.6,26.6,26.6,26.6,0.0
2023-11-02 05:00:00-04:00,26.79,26.8,26.75,26.75,0.0
2023-11-02 06:00:00-04:00,26.75,26.78,26.75,26.78,0.0
2023-11-02 07:00:00-04:00,26.75,26.84,26.75,26.75,0.0
2023-11-02 08:00:00-04:00,26.74,26.8,26.49,26.74,0.0
2023-11-02 09:00:00-04:00,26.79,26.81,26.69,26.71,0.0
2023-11-02 09:30:00-04:00,26.84000015258789,27.0,26.679000854492188,26.864999771118164,737147.0
2023-11-02 10:30:00-04:00,26.8700008392334,26.940000534057617,26.770000457763672,26.78499984741211,543429.0
2023-11-02 11:30:00-04:00,26.782499313354492,26.81999969482422,26.670000076293945,26.770099639892578,566873.0
2023-11-02 12:30:00-04:00,26.780000686645508,26.854999542236328,26.780000686645508,26.799999237060547,411919.0
2023-11-02 13:30:00-04:00,26.799999237060547,26.864999771118164,26.799999237060547,26.850000381469727,414344.0
2023-11-02 14:30:00-04:00,26.854999542236328,26.924999237060547,26.84000015258789,26.875,489223.0
2023-11-02 15:30:00-04:00,26.872100830078125,26.920000076293945,26.829999923706055,26.84000015258789,1104490.0
2023-11-02 16:00:00-04:00,26.84,26.92,26.75,26.9,0.0
2023-11-02 17:00:00-04:00,26.9,26.9,26.9,26.9,0.0
2023-11-02 18:00:00-04:00,26.93,26.93,26.61,26.61,0.0
2023-11-02 19:00:00-04:00,26.61,26.9,26.61,26.9,0.0
2023-11-03 04:00:00-04:00,26.6,26.6,26.6,26.6,0.0
2023-11-03 05:00:00-04:00,26.76,26.83,26.76,26.83,0.0
2023-11-03 06:00:00-04:00,,,,,
2023-11-03 07:00:00-04:00,26.83,26.84,26.8,26.84,0.0
2023-11-03 08:00:00-04:00,26.93,27.0,26.6,26.9,0.0
2023-11-03 09:00:00-04:00,26.93,27.0,26.93,27.0,0.0
2023-11-03 09:30:00-04:00,26.989999771118164,27.420000076293945,26.959999084472656,27.389999389648438,632724.0
2023-11-03 10:30:00-04:00,27.398799896240234,27.479999542236328,27.364999771118164,27.415000915527344,517064.0
2023-11-03 11:30:00-04:00,27.415000915527344,27.5,27.40999984741211,27.485000610351562,335728.0
2023-11-03 12:30:00-04:00,27.479999542236328,27.53499984741211,27.40999984741211,27.434999465942383,367396.0
2023-11-03 13:30:00-04:00,27.43000030517578,27.479999542236328,27.399999618530273,27.440000534057617,300193.0
2023-11-03 14:30:00-04:00,27.43000030517578,27.520000457763672,27.43000030517578,27.469999313354492,589539.0
2023-11-03 15:30:00-04:00,27.469999313354492,27.469999313354492,27.3799991607666,27.40999984741211,962899.0
2023-11-03 16:00:00-04:00,27.42,27.49,27.31,27.35,0.0
2023-11-03 17:00:00-04:00,,,,,
2023-11-03 18:00:00-04:00,27.19,27.5,27.19,27.5,0.0
2023-11-03 19:00:00-04:00,27.5,27.55,27.4501,27.5,0.0
2023-11-06 04:00:00-05:00,27.76,27.76,27.35,27.35,0.0
2023-11-06 05:00:00-05:00,,,,,
2023-11-06 06:00:00-05:00,27.52,27.52,27.52,27.52,0.0
2023-11-06 07:00:00-05:00,27.54,27.55,27.52,27.52,0.0
2023-11-06 08:00:00-05:00,27.5,27.6,27.42,27.5,0.0
2023-11-06 09:00:00-05:00,27.56,27.6,27.51,27.6,0.0
2023-11-06 09:30:00-05:00,27.5,27.56999969482422,27.270000457763672,27.389999389648438,825196.0
2023-11-06 10:30:00-05:00,27.395000457763672,27.399999618530273,27.290000915527344,27.329999923706055,883103.0
2023-11-06 11:30:00-05:00,27.329999923706055,27.40999984741211,27.290000915527344,27.360000610351562,592715.0
2023-11-06 12:30:00-05:00,27.360000610351562,27.415000915527344,27.25,27.309999465942383,403833.0
2023-11-06 13:30:00-05:00,27.30500030517578,27.329999923706055,27.25,27.28499984741211,392771.0
2023-11-06 14:30:00-05:00,27.28499984741211,27.398300170898438,27.282499313354492,27.364999771118164,616649.0
2023-11-06 15:30:00-05:00,27.364999771118164,27.379899978637695,27.299999237060547,27.329999923706055,1122880.0
2023-11-06 16:00:00-05:00,27.33,27.33,27.2616,27.32,0.0
2023-11-06 17:00:00-05:00,27.32,27.32,27.18,27.32,0.0
2023-11-06 18:00:00-05:00,27.31,27.31,27.27,27.27,0.0
2023-11-07 04:00:00-05:00,27.33,27.33,27.33,27.33,0.0
2023-11-07 05:00:00-05:00,27.48,27.48,27.33,27.44,0.0
2023-11-07 06:00:00-05:00,27.58,27.58,27.58,27.58,0.0
2023-11-07 07:00:00-05:00,27.58,27.59,27.41,27.55,0.0
2023-11-07 08:00:00-05:00,27.57,27.6,27.4,27.6,0.0
2023-11-07 09:00:00-05:00,27.65,27.65,27.53,27.53,0.0
2023-11-07 09:30:00-05:00,27.43000030517578,27.639999389648438,27.225000381469727,27.614999771118164,1081379.0
2023-11-07 10:30:00-05:00,27.614999771118164,27.68000030517578,27.389999389648438,27.415000915527344,564058.0
2023-11-07 11:30:00-05:00,27.415000915527344,27.459999084472656,27.309999465942383,27.309999465942383,442548.0
2023-11-07 12:30:00-05:00,27.315000534057617,27.375,27.280000686645508,27.329999923706055,449819.0
2023-11-07 13:30:00-05:00,27.329999923706055,27.389999389648438,27.322500228881836,27.3700008392334,550122.0
2023-11-07 14:30:00-05:00,27.375,27.44499969482422,27.360000610351562,27.405000686645508,598808.0
2023-11-07 15:30:00-05:00,27.40999984741211,27.40999984741211,27.290000915527344,27.334999084472656,1306323.0
2023-11-07 16:00:00-05:00,27.33,27.5,27.28,27.29,0.0
2023-11-07 17:00:00-05:00,27.5,27.51,27.34,27.51,0.0
2023-11-07 18:00:00-05:00,27.36,27.36,27.35,27.35,0.0
2023-11-08 04:00:00-05:00,,,,,
2023-11-08 05:00:00-05:00,27.24,27.24,27.24,27.24,0.0
2023-11-08 06:00:00-05:00,27.25,27.25,27.25,27.25,0.0
2023-11-08 07:00:00-05:00,,,,,
2023-11-08 08:00:00-05:00,27.34,27.4,27.34,27.3999,0.0
2023-11-08 09:00:00-05:00,,,,,
2023-11-08 09:30:00-05:00,27.3700008392334,27.469999313354492,27.229999542236328,27.46500015258789,904042.0
2023-11-08 10:30:00-05:00,27.46500015258789,27.479999542236328,27.200000762939453,27.2450008392334,560164.0
2023-11-08 11:30:00-05:00,27.239999771118164,27.28499984741211,27.094999313354492,27.145000457763672,501895.0
2023-11-08 12:30:00-05:00,27.139999389648438,27.190000534057617,27.09480094909668,27.174999237060547,353939.0
2023-11-08 13:30:00-05:00,27.178600311279297,27.239999771118164,27.170000076293945,27.209999084472656,397116.0
2023-11-08 14:30:00-05:00,27.204999923706055,27.229999542236328,27.155000686645508,27.184999465942383,454424.0
2023-11-08 15:30:00-05:00,27.18000030517578,27.260000228881836,27.15999984741211,27.18000030517578,1323008.0
2023-11-08 16:00:00-05:00,27.18,27.21,27.12,27.12,0.0
2023-11-08 17:00:00-05:00,27.21,27.38,27.16,27.38,0.0
2023-11-08 18:00:00-05:00,27.22,27.38,27.22,27.38,0.0
2023-11-09 04:00:00-05:00,27.21,27.21,27.2,27.2,0.0
2023-11-09 05:00:00-05:00,27.21,27.21,27.2,27.21,0.0
2023-11-09 06:00:00-05:00,27.22,27.38,27.2,27.2,0.0
2023-11-09 07:00:00-05:00,,,,,
2023-11-09 08:00:00-05:00,27.34,27.34,27.12,27.3,0.0
2023-11-09 09:00:00-05:00,,,,,
2023-11-09 09:30:00-05:00,27.309999465942383,27.3700008392334,27.15999984741211,27.325000762939453,534949.0
2023-11-09 10:30:00-05:00,27.329999923706055,27.360000610351562,27.2549991607666,27.270000457763672,290531.0
2023-11-09 11:30:00-05:00,27.260000228881836,27.350000381469727,27.229999542236328,27.25,328606.0
2023-11-09 12:30:00-05:00,27.25,27.30500030517578,27.139999389648438,27.225000381469727,305685.0
2023-11-09 13:30:00-05:00,27.219999313354492,27.239999771118164,27.045000076293945,27.084999084472656,290210.0
2023-11-09 14:30:00-05:00,27.09000015258789,27.1200008392334,27.010000228881836,27.014999389648438,374750.0
2023-11-09 15:30:00-05:00,27.014999389648438,27.06999969482422,27.010000228881836,27.020000457763672,915006.0
2023-11-09 16:00:00-05:00,27.03,27.27,27.01,27.27,0.0
2023-11-09 17:00:00-05:00,27.02,27.28,27.02,27.02,0.0
2023-11-09 18:00:00-05:00,,,,,
2023-11-10 04:00:00-05:00,27.01,27.08,27.0,27.08,0.0
2023-11-10 05:00:00-05:00,,,,,
2023-11-10 06:00:00-05:00,27.07,27.08,27.0,27.07,0.0
2023-11-10 07:00:00-05:00,27.0,27.09,27.0,27.09,0.0
2023-11-10 08:00:00-05:00,27.05,29.0,27.0,29.0,0.0
2023-11-10 09:00:00-05:00,27.425,27.425,27.26,27.27,0.0
2023-11-10 09:30:00-05:00,27.170000076293945,27.259000778198242,27.024999618530273,27.165000915527344,3742611.0
2023-11-10 10:30:00-05:00,27.15999984741211,27.34000015258789,27.155000686645508,27.325000762939453,380549.0
2023-11-10 11:30:00-05:00,27.325000762939453,27.3700008392334,27.274999618530273,27.350000381469727,297447.0
2023-11-10 12:30:00-05:00,27.354999542236328,27.489999771118164,27.354999542236328,27.43000030517578,417745.0
2023-11-10 13:30:00-05:00,27.434999465942383,27.594999313354492,27.43000030517578,27.530000686645508,303881.0
2023-11-10 14:30:00-05:00,27.524999618530273,27.559999465942383,27.469999313354492,27.55500030517578,591757.0
2023-11-10 15:30:00-05:00,27.55500030517578,27.6200008392334,27.540000915527344,27.610000610351562,1148523.0
2023-11-10 16:00:00-05:00,27.62,27.65,27.53,27.53,0.0
2023-11-10 17:00:00-05:00,27.54,27.62,27.31,27.31,0.0
2023-11-10 18:00:00-05:00,27.62,27.66,27.62,27.66,0.0
2023-11-13 04:00:00-05:00,27.3,27.66,27.3,27.66,0.0
2023-11-13 05:00:00-05:00,27.65,28.12,27.61,27.98,0.0
2023-11-13 06:00:00-05:00,27.98,28.1,27.98,28.04,0.0
2023-11-13 07:00:00-05:00,28.04,28.11,28.02,28.08,0.0
2023-11-13 08:00:00-05:00,28.11,28.2,28.05,28.13,0.0
2023-11-13 09:00:00-05:00,28.15,28.15,28.02,28.0208,0.0
2023-11-13 09:30:00-05:00,27.760000228881836,27.985000610351562,27.6200008392334,27.920000076293945,1675667.0
2023-11-13 10:30:00-05:00,27.920000076293945,27.920000076293945,27.65999984741211,27.7549991607666,616532.0
2023-11-13 11:30:00-05:00,27.7549991607666,27.81999969482422,27.670000076293945,27.792499542236328,799321.0
2023-11-13 12:30:00-05:00,27.790000915527344,27.809999465942383,27.7549991607666,27.760000228881836,625705.0
2023-11-13 13:30:00-05:00,27.760000228881836,27.8799991607666,27.704999923706055,27.739999771118164,1671950.0
2023-11-13 14:30:00-05:00,27.739999771118164,27.829999923706055,27.719999313354492,27.790000915527344,585198.0
2023-11-13 15:30:00-05:00,27.780000686645508,27.809999465942383,27.739999771118164,27.760000228881836,1216672.0
2023-11-13 16:00:00-05:00,27.78,27.88,27.73,27.76,0.0
2023-11-13 17:00:00-05:00,27.7608,27.9,27.7608,27.8984,0.0
2023-11-13 18:00:00-05:00,27.9,27.91,27.76,27.76,0.0
2023-11-14 04:00:00-05:00,27.6,27.77,27.6,27.77,0.0
2023-11-14 05:00:00-05:00,27.77,27.9,27.77,27.9,0.0
2023-11-14 06:00:00-05:00,27.86,27.86,27.85,27.85,0.0
2023-11-14 07:00:00-05:00,27.83,27.9,27.83,27.9,0.0
2023-11-14 08:00:00-05:00,27.89,28.04,27.77,27.98,0.0
2023-11-14 09:00:00-05:00,27.9,28.288,27.9,28.19,0.0
2023-11-14 09:30:00-05:00,28.239999771118164,28.520000457763672,28.15999984741211,28.450000762939453,1056757.0
2023-11-14 10:30:00-05:00,28.44499969482422,28.519899368286133,28.364999771118164,28.454999923706055,621317.0
2023-11-14 11:30:00-05:00,28.45870018005371,28.469999313354492,28.270000457763672,28.315000534057617,471533.0
2023-11-14 12:30:00-05:00,28.315000534057617,28.375,28.309999465942383,28.329999923706055,373609.0
2023-11-14 13:30:00-05:00,28.34000015258789,28.399999618530273,28.260000228881836,28.329999923706055,841672.0
2023-11-14 14:30:00-05:00,28.329999923706055,28.420000076293945,28.329999923706055,28.354999542236328,815030.0
2023-11-14 15:30:00-05:00,28.35689926147461,28.389999389648438,28.239999771118164,28.270000457763672,1656534.0
2023-11-14 16:00:00-05:00,28.28,28.48,28.18,28.19,0.0
2023-11-14 17:00:00-05:00,28.3,28.42,28.18,28.29,0.0
2023-11-14 18:00:00-05:00,28.43,28.75,28.18,28.18,0.0
2023-11-15 04:00:00-05:00,28.6,28.75,28.29,28.29,0.0
2023-11-15 05:00:00-05:00,28.28,28.42,28.19,28.42,0.0
2023-11-15 06:00:00-05:00,28.29,28.33,28.28,28.3,0.0
2023-11-15 07:00:00-05:00,28.32,28.5,28.29,28.49,0.0
2023-11-15 08:00:00-05:00,28.58,28.64,28.15,28.39,0.0
2023-11-15 09:00:00-05:00,28.4987,28.4987,28.25,28.25,0.0
2023-11-15 09:30:00-05:00,28.290000915527344,28.854999542236328,28.2549991607666,28.774999618530273,1426354.0
2023-11-15 10:30:00-05:00,28.774999618530273,28.81999969482422,28.635000228881836,28.719999313354492,1277769.0
2023-11-15 11:30:00-05:00,28.725000381469727,28.725000381469727,28.56999969482422,28.625,496103.0
2023-11-15 12:30:00-05:00,28.625099182128906,28.65880012512207,28.479999542236328,28.530000686645508,610006.0
2023-11-15 13:30:00-05:00,28.530000686645508,28.614999771118164,28.514999389648438,28.58989906311035,508470.0
2023-11-15 14:30:00-05:00,28.584999084472656,28.6299991607666,28.530000686645508,28.575000762939453,950631.0
2023-11-15 15:30:00-05:00,28.575000762939453,28.584999084472656,28.44499969482422,28.469999313354492,1307434.0
2023-11-15 16:00:00-05:00,28.47,28.7,28.29,28.3,0.0
2023-11-15 17:00:00-05:00,28.68,28.68,28.3,28.5,0.0
2023-11-15 18:00:00-05:00,28.53,28.53,28.28,28.28,0.0
2023-11-16 04:00:00-05:00,28.17,28.2,27.94,28.1,0.0
2023-11-16 05:00:00-05:00,,,,,
2023-11-16 06:00:00-05:00,28.13,28.15,28.13,28.14,0.0
2023-11-16 07:00:00-05:00,28.15,28.15,28.03,28.15,0.0
2023-11-16 08:00:00-05:00,28.14,28.48,28.04,28.47,0.0
2023-11-16 09:00:00-05:00,28.46,28.54,28.32,28.47,0.0
2023-11-16 09:30:00-05:00,28.510000228881836,28.584999084472656,28.341800689697266,28.420000076293945,1133617.0
2023-11-16 10:30:00-05:00,28.43000030517578,28.43000030517578,28.139999389648438,28.15999984741211,1109069.0
2023-11-16 11:30:00-05:00,28.165000915527344,28.165000915527344,27.93000030517578,28.0049991607666,891264.0
2023-11-16 12:30:00-05:00,28.010000228881836,28.15999984741211,28.0049991607666,28.135000228881836,543724.0
2023-11-16 13:30:00-05:00,28.135000228881836,28.219999313354492,28.100000381469727,28.155000686645508,493549.0
2023-11-16 14:30:00-05:00,28.15999984741211,28.229999542236328,28.06999969482422,28.09000015258789,916237.0
2023-11-16 15:30:00-05:00,28.084999084472656,28.209999084472656,28.084999084472656,28.204999923706055,2124283.0
2023-11-16 16:00:00-05:00,28.21,28.25,27.98,28.25,0.0
2023-11-16 17:00:00-05:00,28.2,28.39,28.2,28.39,0.0
2023-11-16 18:00:00-05:00,28.3,28.3,28.25,28.25,0.0
2023-11-17 04:00:00-05:00,28.39,28.39,28.22,28.39,0.0
2023-11-17 05:00:00-05:00,28.28,28.28,28.27,28.28,0.0
2023-11-17 06:00:00-05:00,28.28,28.29,28.28,28.28,0.0
2023-11-17 07:00:00-05:00,,,,,
2023-11-17 08:00:00-05:00,28.29,28.39,28.22,28.39,0.0
2023-11-17 09:00:00-05:00,28.39,28.39,28.27,28.39,0.0
2023-11-17 09:30:00-05:00,28.350000381469727,28.389999389648438,28.2549991607666,28.30500030517578,647862.0
2023-11-17 10:30:00-05:00,28.30500030517578,28.309999465942383,28.114999771118164,28.1200008392334,626493.0
2023-11-17 11:30:00-05:00,28.1200008392334,28.18000030517578,28.100000381469727,28.114999771118164,408867.0
2023-11-17 12:30:00-05:00,28.114999771118164,28.225000381469727,28.114999771118164,28.200000762939453,714534.0
2023-11-17 13:30:00-05:00,28.209999084472656,28.264999389648438,28.170000076293945,28.174999237060547,514770.0
2023-11-17 14:30:00-05:00,28.174999237060547,28.329999923706055,28.149999618530273,28.274999618530273,1693354.0
2023-11-17 15:30:00-05:00,28.274999618530273,28.31999969482422,28.204999923706055,28.309999465942383,1868330.0
2023-11-17 16:00:00-05:00,28.305,28.39,28.2,28.3,0.0
2023-11-17 17:00:00-05:00,28.44,28.44,28.15,28.3876,0.0
2023-11-17 18:00:00-05:00,28.2904,28.38,28.2904,28.38,0.0
2023-11-20 04:00:00-05:00,28.02,28.28,27.98,27.98,0.0
2023-11-20 05:00:00-05:00,28.2,28.22,28.05,28.17,0.0
2023-11-20 06:00:00-05:00,28.05,28.11,28.0,28.11,0.0
2023-11-20 07:00:00-05:00,28.11,28.25,28.09,28.1,0.0
2023-11-20 08:00:00-05:00,28.1,28.56,28.02,28.23,0.0
2023-11-20 09:00:00-05:00,28.22,28.26,28.2,28.21,0.0
2023-11-20 09:30:00-05:00,28.079999923706055,28.25,27.959999084472656,28.030000686645508,1123607.0
2023-11-20 10:30:00-05:00,28.030000686645508,28.10890007019043,27.93000030517578,27.93000030517578,825306.0
2023-11-20 11:30:00-05:00,27.934999465942383,27.985000610351562,27.88249969482422,27.899999618530273,835636.0
2023-11-20 12:30:00-05:00,27.905000686645508,28.049999237060547,27.854999542236328,28.024999618530273,673644.0
2023-11-20 13:30:00-05:00,28.024999618530273,28.110000610351562,28.010000228881836,28.030000686645508,498681.0
2023-11-20 14:30:00-05:00,28.020000457763672,28.079999923706055,27.969999313354492,28.014999389648438,941838.0
2023-11-20 15:30:00-05:00,28.010000228881836,28.014999389648438,27.90999984741211,27.979999542236328,2245595.0
2023-11-20 16:00:00-05:00,27.99,28.0091,27.92,28.0,0.0
2023-11-20 17:00:00-05:00,27.98,28.0,26.08,27.97,0.0
2023-11-20 18:00:00-05:00,27.97,28.0,27.9,28.0,0.0
2023-11-21 04:00:00-05:00,28.0,28.01,27.95,27.95,0.0
2023-11-21 05:00:00-05:00,27.95,28.01,27.95,28.01,0.0
2023-11-21 06:00:00-05:00,28.01,28.01,27.87,27.94,0.0
2023-11-21 07:00:00-05:00,27.94,28.01,27.94,27.94,0.0
2023-11-21 08:00:00-05:00,27.93,28.02,27.87,27.87,0.0
2023-11-21 09:00:00-05:00,27.93,27.93,27.87,27.87,0.0
2023-11-21 09:30:00-05:00,28.059999465942383,28.110000610351562,27.739999771118164,27.8700008392334,1700264.0
2023-11-21 10:30:00-05:00,27.864999771118164,27.8700008392334,27.780000686645508,27.795000076293945,924148.0
2023-11-21 11:30:00-05:00,27.795000076293945,27.795000076293945,27.65999984741211,27.7549991607666,852972.0
2023-11-21 12:30:00-05:00,27.7549991607666,27.815000534057617,27.690000534057617,27.774999618530273,1248307.0
2023-11-21 13:30:00-05:00,27.774999618530273,27.850000381469727,27.75,27.825000762939453,1040793.0
2023-11-21 14:30:00-05:00,27.825000762939453,27.854999542236328,27.690000534057617,27.71500015258789,2393772.0
2023-11-21 15:30:00-05:00,27.71500015258789,27.8799991607666,27.68000030517578,27.850000381469727,2840089.0
2023-11-21 16:00:00-05:00,27.87,27.92,26.51,26.93,0.0
2023-11-21 17:00:00-05:00,26.95,27.0,26.85,27.0,0.0
2023-11-21 18:00:00-05:00,27.0,27.0,26.88,27.0,0.0
2023-11-22 04:00:00-05:00,27.03,27.05,27.0,27.05,0.0
2023-11-22 05:00:00-05:00,27.05,27.41,27.04,27.16,0.0
2023-11-22 06:00:00-05:00,27.16,27.25,27.12,27.24,0.0
2023-11-22 07:00:00-05:00,27.24,27.39,27.24,27.31,0.0
2023-11-22 08:00:00-05:00,27.31,27.48,27.04,27.35,0.0
2023-11-22 09:00:00-05:00,27.4,27.9,27.4,27.7042,0.0
2023-11-22 09:30:00-05:00,28.459999084472656,29.292200088500977,27.889999389648438,29.229999542236328,5228011.0
2023-11-22 10:30:00-05:00,29.229999542236328,29.274999618530273,28.575000762939453,28.610000610351562,2441768.0
2023-11-22 11:30:00-05:00,28.614999771118164,28.75909996032715,28.540000915527344,28.709999084472656,999495.0
2023-11-22 12:30:00-05:00,28.709999084472656,28.709999084472656,28.530000686645508,28.670000076293945,825984.0
2023-11-22 13:30:00-05:00,28.665000915527344,28.719999313354492,28.545000076293945,28.594999313354492,1013461.0
2023-11-22 14:30:00-05:00,28.594999313354492,28.6299991607666,28.460100173950195,28.614999771118164,1138771.0
2023-11-22 15:30:00-05:00,28.6200008392334,28.719999313354492,28.584999084472656,28.639999389648438,2562633.0
2023-11-22 16:00:00-05:00,28.66,28.74,28.62,28.67,0.0
2023-11-22 17:00:00-05:00,28.67,28.68,28.63,28.68,0.0
2023-11-22 18:00:00-05:00,28.68,28.68,28.66,28.66,0.0
2023-11-24 04:00:00-05:00,28.76,28.76,28.63,28.63,0.0
2023-11-24 05:00:00-05:00,28.98,28.98,28.66,28.66,0.0
2023-11-24 06:00:00-05:00,28.66,28.9,28.66,28.77,0.0
2023-11-24 07:00:00-05:00,28.77,28.83,28.6,28.76,0.0
2023-11-24 08:00:00-05:00,28.74,28.77,28.49,28.5,0.0
2023-11-24 09:00:00-05:00,28.55,28.63,28.55,28.63,0.0
2023-11-24 09:30:00-05:00,28.540000915527344,28.825000762939453,28.440000534057617,28.614999771118164,1164801.0
2023-11-24 10:30:00-05:00,28.614999771118164,28.700000762939453,28.5049991607666,28.635000228881836,852846.0
2023-11-24 11:30:00-05:00,28.635000228881836,28.65999984741211,28.575000762939453,28.587499618530273,1199802.0
2023-11-24 13:00:00-05:00,28.579999923706055,28.700000762939453,28.56999969482422,28.639999389648438,0.0
2023-11-24 14:00:00-05:00,28.78,28.78,28.5,28.59,0.0
2023-11-24 15:00:00-05:00,28.59,28.685,28.59,28.68,0.0
2023-11-24 16:00:00-05:00,28.69,28.69,28.59,28.59,0.0
2023-11-27 04:00:00-05:00,28.58,28.64,28.39,28.64,0.0
2023-11-27 05:00:00-05:00,28.64,28.64,28.39,28.46,0.0
2023-11-27 06:00:00-05:00,28.46,28.61,28.46,28.61,0.0
2023-11-27 07:00:00-05:00,28.61,28.61,28.58,28.58,0.0
2023-11-27 08:00:00-05:00,28.5,28.61,28.4916,28.6,0.0
2023-11-27 09:00:00-05:00,28.6,28.6,28.45,28.48,0.0
2023-11-27 09:30:00-05:00,28.40999984741211,28.514999389648438,28.2549991607666,28.469999313354492,1021824.0
2023-11-27 10:30:00-05:00,28.479999542236328,28.610000610351562,28.450000762939453,28.604999542236328,644842.0
2023-11-27 11:30:00-05:00,28.604999542236328,28.6299991607666,28.459999084472656,28.5,688644.0
2023-11-27 12:30:00-05:00,28.4950008392334,28.56999969482422,28.485000610351562,28.53499984741211,500775.0
2023-11-27 13:30:00-05:00,28.53499984741211,28.6299991607666,28.532499313354492,28.614999771118164,572430.0
2023-11-27 14:30:00-05:00,28.610000610351562,28.6200008392334,28.5,28.614999771118164,721155.0
2023-11-27 15:30:00-05:00,28.6200008392334,28.665000915527344,28.5049991607666,28.510000228881836,1902270.0
2023-11-27 16:00:00-05:00,28.52,28.65,28.45,28.49,0.0
2023-11-27 17:00:00-05:00,28.49,28.55,28.4516,28.55,0.0
2023-11-27 18:00:00-05:00,28.55,28.68,28.55,28.64,0.0
2023-11-28 04:00:00-05:00,28.5,28.5,28.5,28.5,0.0
2023-11-28 05:00:00-05:00,28.5,28.5,28.5,28.5,0.0
2023-11-28 06:00:00-05:00,28.5,28.5,28.5,28.5,0.0
2023-11-28 07:00:00-05:00,28.5,28.5,28.49,28.49,0.0
2023-11-28 08:00:00-05:00,28.49,28.5178,28.4,28.5,0.0
2023-11-28 09:00:00-05:00,28.44,28.52,28.44,28.52,0.0
2023-11-28 09:30:00-05:00,28.440000534057617,28.485000610351562,28.31999969482422,28.454999923706055,543349.0
2023-11-28 10:30:00-05:00,28.450000762939453,28.565000534057617,28.43000030517578,28.514999389648438,525715.0
2023-11-28 11:30:00-05:00,28.514999389648438,28.610000610351562,28.469999313354492,28.485000610351562,400833.0
2023-11-28 12:30:00-05:00,28.479999542236328,28.559999465942383,28.450000762939453,28.545000076293945,592453.0
2023-11-28 13:30:00-05:00,28.545000076293945,28.610000610351562,28.520000457763672,28.540000915527344,518361.0
2023-11-28 14:30:00-05:00,28.53499984741211,28.65999984741211,28.514999389648438,28.655000686645508,711960.0
2023-11-28 15:30:00-05:00,28.649999618530273,28.674999237060547,28.5625,28.6200008392334,1417178.0
2023-11-28 16:00:00-05:00,28.64,28.68,28.51,28.64,0.0
2023-11-28 17:00:00-05:00,28.64,28.64,28.64,28.64,0.0
2023-11-28 18:00:00-05:00,28.64,28.68,28.49,28.68,0.0
2023-11-29 04:00:00-05:00,28.68,28.68,28.68,28.68,0.0
2023-11-29 05:00:00-05:00,28.68,28.68,28.44,28.55,0.0
2023-11-29 06:00:00-05:00,28.62,28.62,28.62,28.62,0.0
2023-11-29 07:00:00-05:00,28.62,28.69,28.62,28.69,0.0
2023-11-29 08:00:00-05:00,28.69,28.78,28.69,28.78,0.0
2023-11-29 09:00:00-05:00,28.78,28.84,28.78,28.79,0.0
2023-11-29 09:30:00-05:00,28.899999618530273,29.18000030517578,28.860000610351562,29.125,1294718.0
2023-11-29 10:30:00-05:00,29.125,29.30500030517578,29.06999969482422,29.170000076293945,836113.0
2023-11-29 11:30:00-05:00,29.165000915527344,29.270000457763672,29.094999313354492,29.225000381469727,807106.0
2023-11-29 12:30:00-05:00,29.225000381469727,29.2450008392334,29.110000610351562,29.155000686645508,501154.0
2023-11-29 13:30:00-05:00,29.155000686645508,29.184999465942383,29.084999084472656,29.084999084472656,502479.0
2023-11-29 14:30:00-05:00,29.084999084472656,29.084999084472656,29.024999618530273,29.030000686645508,622204.0
2023-11-29 15:30:00-05:00,29.03499984741211,29.110000610351562,28.9950008392334,29.059999465942383,1472666.0
2023-11-29 16:00:00-05:00,29.07,29.1694,29.07,29.12,0.0
2023-11-29 17:00:00-05:00,29.12,29.17,29.12,29.12,0.0
2023-11-29 18:00:00-05:00,29.12,29.12,28.79,28.97,0.0
2023-11-30 04:00:00-05:00,29.07,29.21,29.07,29.18,0.0
2023-11-30 05:00:00-05:00,29.19,29.19,29.08,29.08,0.0
2023-11-30 06:00:00-05:00,29.08,29.08,29.08,29.08,0.0
2023-11-30 07:00:00-05:00,29.08,29.08,29.08,29.08,0.0
2023-11-30 08:00:00-05:00,29.08,29.18,29.07,29.18,0.0
2023-11-30 09:00:00-05:00,29.28,29.28,29.14,29.1875,0.0
2023-11-30 09:30:00-05:00,29.31999969482422,29.3799991607666,29.1299991607666,29.295000076293945,1130116.0
2023-11-30 10:30:00-05:00,29.299999237060547,29.350000381469727,29.18000030517578,29.264999389648438,1163540.0
2023-11-30 11:30:00-05:00,29.264999389648438,29.264999389648438,29.139999389648438,29.174999237060547,627764.0
2023-11-30 12:30:00-05:00,29.170000076293945,29.190000534057617,29.040000915527344,29.049999237060547,466256.0
2023-11-30 13:30:00-05:00,29.049800872802734,29.145000457763672,29.020000457763672,29.094999313354492,566286.0
2023-11-30 14:30:00-05:00,29.100000381469727,29.15999984741211,29.059999465942383,29.065000534057617,727018.0
2023-11-30 15:30:00-05:00,29.059999465942383,29.360000610351562,29.059999465942383,29.34000015258789,2206262.0
2023-11-30 16:00:00-05:00,29.34,29.354,29.16,29.34,0.0
2023-11-30 17:00:00-05:00,29.25,29.3589,29.0252,29.0252,0.0
2023-11-30 18:00:00-05:00,29.24,29.37,29.1,29.24,0.0
2023-12-01 04:00:00-05:00,29.34,29.34,29.3,29.3,0.0
2023-12-01 05:00:00-05:00,29.3,29.34,29.3,29.34,0.0
2023-12-01 06:00:00-05:00,29.3,29.31,29.3,29.31,0.0
2023-12-01 07:00:00-05:00,29.26,29.26,29.17,29.24,0.0
2023-12-01 08:00:00-05:00,29.24,29.34,28.92,29.24,0.0
2023-12-01 09:00:00-05:00,29.25,29.34,29.0,29.08,0.0
2023-12-01 09:30:00-05:00,29.110000610351562,29.135000228881836,28.549999237060547,28.80500030517578,1832843.0
2023-12-01 10:30:00-05:00,28.809999465942383,29.231199264526367,28.799999237060547,29.225000381469727,1176771.0
2023-12-01 11:30:00-05:00,29.22920036315918,29.399999618530273,29.15999984741211,29.399999618530273,871546.0
2023-12-01 12:30:00-05:00,29.395000457763672,29.43000030517578,29.354999542236328,29.3799991607666,747190.0
2023-12-01 13:30:00-05:00,29.385000228881836,29.469999313354492,29.350000381469727,29.46500015258789,812391.0
2023-12-01 14:30:00-05:00,29.46500015258789,29.579999923706055,29.459999084472656,29.549999237060547,989749.0
2023-12-01 15:30:00-05:00,29.559999465942383,29.559999465942383,29.469999313354492,29.489999771118164,1916282.0
2023-12-01 16:00:00-05:00,29.51,29.58,29.4,29.5,0.0
2023-12-01 17:00:00-05:00,29.5,29.51,29.5,29.51,0.0
2023-12-01 18:00:00-05:00,29.51,29.51,29.25,29.5,0.0
2023-12-04 04:00:00-05:00,29.34,29.34,29.34,29.34,0.0
2023-12-04 05:00:00-05:00,29.34,29.48,29.27,29.27,0.0
2023-12-04 06:00:00-05:00,29.27,29.42,29.27,29.42,0.0
2023-12-04 07:00:00-05:00,29.42,29.55,29.33,29.5,0.0
2023-12-04 08:00:00-05:00,29.5,29.58,27.41,29.38,0.0
2023-12-04 09:00:00-05:00,29.38,29.38,29.29,29.29,0.0
2023-12-04 09:30:00-05:00,29.209999084472656,29.466699600219727,29.19499969482422,29.329999923706055,739664.0
2023-12-04 10:30:00-05:00,29.325000762939453,29.360000610351562,29.204999923706055,29.225000381469727,541044.0
2023-12-04 11:30:00-05:00,29.225000381469727,29.280000686645508,29.170000076293945,29.21500015258789,467481.0
2023-12-04 12:30:00-05:00,29.209999084472656,29.235000610351562,29.014999389648438,29.020000457763672,624762.0
2023-12-04 13:30:00-05:00,29.020000457763672,29.040000915527344,28.940000534057617,28.97249984741211,525771.0
2023-12-04 14:30:00-05:00,28.979999542236328,29.058500289916992,28.950000762939453,28.979999542236328,640063.0
2023-12-04 15:30:00-05:00,28.979999542236328,29.079999923706055,28.951499938964844,29.040000915527344,838059.0
2023-12-04 16:00:00-05:00,29.04,29.04,29.0103,29.0103,0.0
2023-12-04 17:00:00-05:00,29.04,29.06,28.97,29.04,0.0
2023-12-04 18:00:00-05:00,29.04,29.05,29.03,29.03,0.0
2023-12-05 04:00:00-05:00,29.28,29.28,29.1,29.1,0.0
2023-12-05 05:00:00-05:00,29.1,29.1,29.1,29.1,0.0
2023-12-05 06:00:00-05:00,29.1,29.1,28.94,28.94,0.0
2023-12-05 07:00:00-05:00,28.94,28.94,28.86,28.94,0.0
2023-12-05 08:00:00-05:00,28.94,29.05,28.88,28.88,0.0
2023-12-05 09:00:00-05:00,28.88,28.93,28.85,28.92,0.0
2023-12-05 09:30:00-05:00,28.920000076293945,29.094999313354492,28.829999923706055,29.040000915527344,6276758.0
2023-12-05 10:30:00-05:00,29.040000915527344,29.075000762939453,28.975000381469727,29.065000534057617,873213.0
2023-12-05 11:30:00-05:00,29.065000534057617,29.1560001373291,28.93000030517578,28.934999465942383,531210.0
2023-12-05 12:30:00-05:00,28.940000534057617,28.9685001373291,28.799999237060547,28.864999771118164,891281.0
2023-12-05 13:30:00-05:00,28.8700008392334,28.950000762939453,28.799999237060547,28.950000762939453,524193.0
2023-12-05 14:30:00-05:00,28.950000762939453,28.959999084472656,28.8700008392334,28.90999984741211,830556.0
2023-12-05 15:30:00-05:00,28.905000686645508,28.940000534057617,28.850000381469727,28.860000610351562,1658550.0
2023-12-05 16:00:00-05:00,28.86,29.0,28.8,28.86,0.0
2023-12-05 17:00:00-05:00,28.95,28.99,28.95,28.99,0.0
2023-12-05 18:00:00-05:00,28.99,29.0,28.99,29.0,0.0
2023-12-06 04:00:00-05:00,28.85,28.88,28.85,28.88,0.0
2023-12-06 05:00:00-05:00,28.88,28.9,28.88,28.9,0.0
2023-12-06 06:00:00-05:00,28.9,28.9,28.9,28.9,0.0
2023-12-06 07:00:00-05:00,28.9,28.9,28.82,28.9,0.0
2023-12-06 08:00:00-05:00,28.9,29.0,28.88,28.9,0.0
2023-12-06 09:00:00-05:00,28.94,29.18,28.9,29.18,0.0
2023-12-06 09:30:00-05:00,29.09000015258789,29.139999389648438,28.704999923706055,28.71500015258789,578923.0
2023-12-06 10:30:00-05:00,28.71500015258789,28.75,28.520000457763672,28.59000015258789,892054.0
2023-12-06 11:30:00-05:00,28.59000015258789,28.649999618530273,28.520000457763672,28.59000015258789,467086.0
2023-12-06 12:30:00-05:00,28.59000015258789,28.594999313354492,28.469999313354492,28.594999313354492,424187.0
2023-12-06 13:30:00-05:00,28.594999313354492,28.614999771118164,28.550899505615234,28.575000762939453,387007.0
2023-12-06 14:30:00-05:00,28.579999923706055,28.6299991607666,28.450000762939453,28.475000381469727,561084.0
2023-12-06 15:30:00-05:00,28.475000381469727,28.530000686645508,28.459999084472656,28.4950008392334,1036236.0
2023-12-06 16:00:00-05:00,28.49,28.55,28.49,28.51,0.0
2023-12-06 17:00:00-05:00,28.51,28.68,28.49,28.5967,0.0
2023-12-06 18:00:00-05:00,28.4,28.68,28.37,28.68,0.0
2023-12-07 04:00:00-05:00,28.49,28.49,28.43,28.45,0.0
2023-12-07 05:00:00-05:00,28.45,28.45,28.45,28.45,0.0
2023-12-07 06:00:00-05:00,28.45,28.45,28.45,28.45,0.0
2023-12-07 07:00:00-05:00,28.45,28.56,28.45,28.56,0.0
2023-12-07 08:00:00-05:00,28.56,28.64,28.49,28.49,0.0
2023-12-07 09:00:00-05:00,28.4917,28.67,28.4917,28.64,0.0
2023-12-07 09:30:00-05:00,28.709999084472656,29.454999923706055,28.709999084472656,29.428699493408203,2794142.0
2023-12-07 10:30:00-05:00,29.420000076293945,29.520000457763672,29.229999542236328,29.280000686645508,1772166.0
2023-12-07 11:30:00-05:00,29.280000686645508,29.3700008392334,29.2450008392334,29.270000457763672,668473.0
2023-12-07 12:30:00-05:00,29.274999618530273,29.399999618530273,29.25,29.354999542236328,605634.0
2023-12-07 13:30:00-05:00,29.354999542236328,29.489999771118164,29.34000015258789,29.475000381469727,1261928.0
2023-12-07 14:30:00-05:00,29.475000381469727,29.48900032043457,29.395000457763672,29.405000686645508,1035608.0
2023-12-07 15:30:00-05:00,29.399999618530273,29.439300537109375,29.299999237060547,29.40999984741211,3504329.0
2023-12-07 16:00:00-05:00,29.4,29.41,29.37,29.37,0.0
2023-12-07 17:00:00-05:00,29.35,29.46,29.35,29.46,0.0
2023-12-07 18:00:00-05:00,29.36,29.47,29.36,29.47,0.0
2023-12-08 04:00:00-05:00,29.41,29.47,29.34,29.47,0.0
2023-12-08 05:00:00-05:00,29.41,29.41,29.38,29.39,0.0
2023-12-08 06:00:00-05:00,29.39,29.55,29.39,29.55,0.0
2023-12-08 07:00:00-05:00,29.55,29.55,29.38,29.41,0.0
2023-12-08 08:00:00-05:00,29.41,29.47,29.34,29.45,0.0
2023-12-08 09:00:00-05:00,29.38,29.4,29.19,29.32,0.0
2023-12-08 09:30:00-05:00,29.399999618530273,29.545000076293945,29.309999465942383,29.46500015258789,1263793.0
2023-12-08 10:30:00-05:00,29.459999084472656,29.5,29.399999618530273,29.479999542236328,918166.0
2023-12-08 11:30:00-05:00,29.489999771118164,29.559999465942383,29.440000534057617,29.46500015258789,615484.0
2023-12-08 12:30:00-05:00,29.46500015258789,29.59000015258789,29.454999923706055,29.565000534057617,496009.0
2023-12-08 13:30:00-05:00,29.565000534057617,29.565000534057617,29.5,29.524999618530273,549367.0
2023-12-08 14:30:00-05:00,29.530000686645508,29.56999969482422,29.4950008392334,29.510000228881836,729399.0
2023-12-08 15:30:00-05:00,29.510000228881836,29.55500030517578,29.420000076293945,29.450000762939453,1667406.0
2023-12-08 16:00:00-05:00,29.46,29.55,29.31,29.45,0.0
2023-12-08 17:00:00-05:00,29.4,29.5,29.3,29.5,0.0
2023-12-08 18:00:00-05:00,29.5,29.5,29.44,29.5,0.0
2023-12-11 04:00:00-05:00,29.58,29.96,29.58,29.81,0.0
2023-12-11 05:00:00-05:00,29.9,29.94,29.9,29.94,0.0
2023-12-11 06:00:00-05:00,29.97,30.1,29.92,30.1,0.0
2023-12-11 07:00:00-05:00,30.09,30.12,30.0,30.07,0.0
2023-12-11 08:00:00-05:00,30.05,30.18,29.8,29.83,0.0
2023-12-11 09:00:00-05:00,29.86,29.93,29.75,29.86,0.0
2023-12-11 09:30:00-05:00,29.899999618530273,30.209999084472656,29.799999237060547,30.145000457763672,3110078.0
2023-12-11 10:30:00-05:00,30.145000457763672,30.3799991607666,30.135000228881836,30.344999313354492,1553940.0
2023-12-11 11:30:00-05:00,30.344999313354492,30.559999465942383,30.290000915527344,30.4950008392334,1482666.0
2023-12-11 12:30:00-05:00,30.4950008392334,30.530000686645508,30.360000610351562,30.459999084472656,1134498.0
2023-12-11 13:30:00-05:00,30.459299087524414,30.5,30.389999389648438,30.475000381469727,1103881.0
2023-12-11 14:30:00-05:00,30.475000381469727,30.485000610351562,30.360000610351562,30.424999237060547,1331053.0
2023-12-11 15:30:00-05:00,30.424999237060547,30.459999084472656,30.350000381469727,30.360000610351562,2245500.0
2023-12-11 16:00:00-05:00,30.37,30.43,29.78,29.9791,0.0
2023-12-11 17:00:00-05:00,29.98,30.04,29.93,30.04,0.0
2023-12-11 18:00:00-05:00,30.04,30.09,30.04,30.05,0.0
2023-12-12 04:00:00-05:00,30.35,30.45,30.14,30.14,0.0
2023-12-12 05:00:00-05:00,30.16,30.4,30.15,30.37,0.0
2023-12-12 06:00:00-05:00,30.37,30.37,30.26,30.26,0.0
2023-12-12 07:00:00-05:00,30.26,30.34,30.22,30.27,0.0
2023-12-12 08:00:00-05:00,30.27,30.37,29.0,30.3,0.0
2023-12-12 09:00:00-05:00,30.25,30.39,30.1,30.12,0.0
2023-12-12 09:30:00-05:00,30.219999313354492,30.475000381469727,30.149999618530273,30.315000534057617,2343565.0
2023-12-12 10:30:00-05:00,30.315000534057617,30.3700008392334,30.235000610351562,30.270000457763672,1333457.0
2023-12-12 11:30:00-05:00,30.264999389648438,30.360000610351562,30.2450008392334,30.34000015258789,648794.0
2023-12-12 12:30:00-05:00,30.34000015258789,30.3799991607666,30.25,30.315000534057617,501200.0
2023-12-12 13:30:00-05:00,30.315000534057617,30.350000381469727,30.264999389648438,30.329999923706055,548013.0
2023-12-12 14:30:00-05:00,30.325000762939453,30.350000381469727,30.280000686645508,30.334999084472656,670761.0
2023-12-12 15:30:00-05:00,30.334999084472656,30.34000015258789,30.18000030517578,30.229999542236328,1689792.0
2023-12-12 16:00:00-05:00,30.23,30.34,30.09,30.23,0.0
2023-12-12 17:00:00-05:00,30.24,30.3,30.23,30.23,0.0
2023-12-12 18:00:00-05:00,30.24,30.24,30.23,30.23,0.0
2023-12-13 04:00:00-05:00,30.35,30.35,30.34,30.34,0.0
2023-12-13 05:00:00-05:00,30.34,30.34,30.34,30.34,0.0
2023-12-13 06:00:00-05:00,30.34,30.37,30.34,30.36,0.0
2023-12-13 07:00:00-05:00,30.37,30.37,30.3,30.3,0.0
2023-12-13 08:00:00-05:00,30.3,30.46,30.23,30.3699,0.0
2023-12-13 09:00:00-05:00,30.3699,30.3699,30.23,30.3,0.0
2023-12-13 09:30:00-05:00,30.229999542236328,30.229999542236328,30.065000534057617,30.100000381469727,1358240.0
2023-12-13 10:30:00-05:00,30.094999313354492,30.155000686645508,29.915000915527344,29.975000381469727,1158536.0
2023-12-13 11:30:00-05:00,29.975000381469727,29.989999771118164,29.780000686645508,29.860000610351562,1445844.0
2023-12-13 12:30:00-05:00,29.864999771118164,29.93000030517578,29.84000015258789,29.920000076293945,711191.0
2023-12-13 13:30:00-05:00,29.9153995513916,30.149999618530273,29.90999984741211,30.110000610351562,1027350.0
2023-12-13 14:30:00-05:00,30.114999771118164,30.334999084472656,30.094999313354492,30.14539909362793,1373777.0
2023-12-13 15:30:00-05:00,30.139999389648438,30.200000762939453,30.110000610351562,30.149999618530273,1540431.0
2023-12-13 16:00:00-05:00,30.15,30.38,30.15,30.2497,0.0
2023-12-13 17:00:00-05:00,30.27,30.27,30.0,30.2,0.0
2023-12-13 18:00:00-05:00,30.05,30.38,30.05,30.05,0.0
2023-12-14 04:00:00-05:00,30.33,30.33,30.26,30.27,0.0
2023-12-14 05:00:00-05:00,30.17,30.23,30.14,30.23,0.0
2023-12-14 06:00:00-05:00,30.23,30.23,30.23,30.23,0.0
2023-12-14 07:00:00-05:00,30.23,30.3,30.15,30.15,0.0
2023-12-14 08:00:00-05:00,30.2,30.37,30.14,30.21,0.0
2023-12-14 09:00:00-05:00,30.22,30.4,30.22,30.3,0.0
2023-12-14 09:30:00-05:00,30.59000015258789,31.1299991607666,30.575000762939453,31.075000762939453,2065077.0
2023-12-14 10:30:00-05:00,31.079999923706055,31.149999618530273,30.892499923706055,30.934999465942383,1450426.0
2023-12-14 11:30:00-05:00,30.940000534057617,31.170000076293945,30.934999465942383,31.094999313354492,1691170.0
2023-12-14 12:30:00-05:00,31.094999313354492,31.100000381469727,30.920000076293945,30.950000762939453,1174418.0
2023-12-14 13:30:00-05:00,30.940000534057617,31.040000915527344,30.93000030517578,30.979999542236328,910035.0
2023-12-14 14:30:00-05:00,30.989999771118164,31.040000915527344,30.93090057373047,30.989999771118164,1271074.0
2023-12-14 15:30:00-05:00,30.989999771118164,31.020000457763672,30.93000030517578,30.93000030517578,1978728.0
2023-12-14 16:00:00-05:00,30.93,31.0825,30.77,30.89,0.0
2023-12-14 17:00:00-05:00,30.89,30.89,30.69,30.69,0.0
2023-12-14 18:00:00-05:00,30.69,30.86,30.69,30.86,0.0
2023-12-15 04:00:00-05:00,30.58,31.03,30.58,30.95,0.0
2023-12-15 05:00:00-05:00,30.95,31.18,30.95,31.18,0.0
2023-12-15 06:00:00-05:00,31.18,31.18,31.18,31.18,0.0
2023-12-15 07:00:00-05:00,31.18,31.18,31.18,31.18,0.0
2023-12-15 08:00:00-05:00,31.18,31.24,30.84,30.91,0.0
2023-12-15 09:00:00-05:00,30.91,30.93,30.69,30.84,0.0
2023-12-15 09:30:00-05:00,30.93000030517578,30.950000762939453,30.440000534057617,30.489999771118164,2201041.0
2023-12-15 10:30:00-05:00,30.4950008392334,30.594999313354492,30.334999084472656,30.585399627685547,1363792.0
2023-12-15 11:30:00-05:00,30.579999923706055,30.635000228881836,30.454999923706055,30.540000915527344,1263384.0
2023-12-15 12:30:00-05:00,30.53499984741211,30.540000915527344,30.450000762939453,30.510000228881836,607917.0
2023-12-15 13:30:00-05:00,30.5,30.68000030517578,30.485000610351562,30.625,873485.0
2023-12-15 14:30:00-05:00,30.6200008392334,30.75,30.6200008392334,30.704999923706055,1308113.0
2023-12-15 15:30:00-05:00,30.70490074157715,30.920000076293945,30.690000534057617,30.719999313354492,5203902.0
2023-12-15 16:00:00-05:00,30.4684,30.94,30.4684,30.66,0.0
2023-12-15 17:00:00-05:00,30.7,30.94,30.7,30.94,0.0
2023-12-15 18:00:00-05:00,30.65,30.94,30.65,30.65,0.0
2023-12-18 04:00:00-05:00,30.94,30.98,30.7,30.8,0.0
2023-12-18 05:00:00-05:00,30.8,30.8,30.64,30.64,0.0
2023-12-18 06:00:00-05:00,30.64,30.88,30.64,30.88,0.0
2023-12-18 07:00:00-05:00,30.88,30.88,30.72,30.78,0.0
2023-12-18 08:00:00-05:00,30.7,30.98,30.3,30.95,0.0
2023-12-18 09:00:00-05:00,30.95,30.95,30.88,30.9,0.0
2023-12-18 09:30:00-05:00,30.68000030517578,30.809999465942383,30.424999237060547,30.489999771118164,948676.0
2023-12-18 10:30:00-05:00,30.485000610351562,30.514999389648438,30.3700008392334,30.469999313354492,979876.0
2023-12-18 11:30:00-05:00,30.469999313354492,30.5,30.389999389648438,30.44499969482422,1355634.0
2023-12-18 12:30:00-05:00,30.44499969482422,30.469999313354492,30.389999389648438,30.405000686645508,992789.0
2023-12-18 13:30:00-05:00,30.40999984741211,30.450000762939453,30.3799991607666,30.40999984741211,685083.0
2023-12-18 14:30:00-05:00,30.405000686645508,30.43000030517578,30.34000015258789,30.354999542236328,969783.0
2023-12-18 15:30:00-05:00,30.354999542236328,30.389999389648438,30.270000457763672,30.280000686645508,3027958.0
2023-12-18 16:00:00-05:00,30.26,30.44,30.25,30.44,0.0
2023-12-18 17:00:00-05:00,30.44,30.63,30.27,30.28,0.0
2023-12-18 18:00:00-05:00,30.25,30.48,30.25,30.48,0.0
2023-12-19 04:00:00-05:00,30.36,30.36,30.26,30.26,0.0
2023-12-19 05:00:00-05:00,30.4,30.4,30.29,30.29,0.0
2023-12-19 06:00:00-05:00,30.26,30.26,30.26,30.26,0.0
2023-12-19 07:00:00-05:00,30.26,30.37,30.26,30.37,0.0
2023-12-19 08:00:00-05:00,30.35,30.58,30.28,30.58,0.0
2023-12-19 09:00:00-05:00,30.5,30.5,30.3,30.31,0.0
2023-12-19 09:30:00-05:00,30.459999084472656,30.68000030517578,30.219999313354492,30.299999237060547,1195560.0
2023-12-19 10:30:00-05:00,30.290000915527344,30.420000076293945,30.2450008392334,30.385000228881836,890886.0
2023-12-19 11:30:00-05:00,30.389999389648438,30.389999389648438,30.260000228881836,30.360000610351562,675113.0
2023-12-19 12:30:00-05:00,30.360000610351562,30.399999618530273,30.31999969482422,30.360000610351562,558627.0
2023-12-19 13:30:00-05:00,30.360000610351562,30.389999389648438,30.329999923706055,30.385000228881836,576509.0
2023-12-19 14:30:00-05:00,30.385000228881836,30.40999984741211,30.299999237060547,30.364999771118164,1033956.0
2023-12-19 15:30:00-05:00,30.364999771118164,30.389999389648438,30.260000228881836,30.280000686645508,1438734.0
2023-12-19 16:00:00-05:00,30.28,30.31,30.24,30.28,0.0
2023-12-19 17:00:00-05:00,30.28,30.28,30.24,30.26,0.0
2023-12-19 18:00:00-05:00,30.26,30.3,30.26,30.3,0.0
2023-12-20 04:00:00-05:00,30.48,30.48,30.48,30.48,0.0
2023-12-20 05:00:00-05:00,30.48,30.48,30.27,30.27,0.0
2023-12-20 06:00:00-05:00,30.27,30.27,30.27,30.27,0.0
2023-12-20 07:00:00-05:00,30.27,30.42,30.23,30.41,0.0
2023-12-20 08:00:00-05:00,30.41,30.41,30.28,30.32,0.0
2023-12-20 09:00:00-05:00,30.32,30.3636,30.18,30.22,0.0
2023-12-20 09:30:00-05:00,30.104999542236328,30.329999923706055,30.084999084472656,30.239999771118164,992054.0
2023-12-20 10:30:00-05:00,30.239999771118164,30.3700008392334,30.229999542236328,30.30500030517578,676051.0
2023-12-20 11:30:00-05:00,30.30500030517578,30.34000015258789,30.264999389648438,30.334999084472656,433177.0
2023-12-20 12:30:00-05:00,30.334999084472656,30.34000015258789,30.270000457763672,30.28499984741211,446635.0
2023-12-20 13:30:00-05:00,30.290000915527344,30.31999969482422,30.170000076293945,30.25,637553.0
2023-12-20 14:30:00-05:00,30.239999771118164,30.25,29.8799991607666,29.905000686645508,1218176.0
2023-12-20 15:30:00-05:00,29.899999618530273,29.959999084472656,29.790000915527344,29.790000915527344,1767193.0
2023-12-20 16:00:00-05:00,29.79,29.89,29.71,29.71,0.0
2023-12-20 17:00:00-05:00,29.7118,29.78,29.71,29.77,0.0
2023-12-20 18:00:00-05:00,29.77,29.9,29.77,29.9,0.0
2023-12-21 04:00:00-05:00,30.01,30.01,29.95,29.95,0.0
2023-12-21 05:00:00-05:00,,,,,
2023-12-21 06:00:00-05:00,29.95,29.95,29.95,29.95,0.0
2023-12-21 07:00:00-05:00,29.95,30.0,29.95,30.0,0.0
2023-12-21 08:00:00-05:00,30.0,30.02,29.79,30.02,0.0
2023-12-21 09:00:00-05:00,29.91,30.14,29.87,30.1,0.0
2023-12-21 09:30:00-05:00,30.079999923706055,30.200000762939453,29.959999084472656,30.1200008392334,754481.0
2023-12-21 10:30:00-05:00,30.125,30.22100067138672,30.075000762939453,30.149999618530273,698595.0
2023-12-21 11:30:00-05:00,30.149999618530273,30.155000686645508,29.934999465942383,29.94499969482422,526486.0
2023-12-21 12:30:00-05:00,29.94499969482422,30.020000457763672,29.90999984741211,29.985000610351562,434100.0
2023-12-21 13:30:00-05:00,29.989999771118164,30.110000610351562,29.969999313354492,30.075000762939453,585298.0
2023-12-21 14:30:00-05:00,30.075000762939453,30.139999389648438,30.0,30.135000228881836,643334.0
2023-12-21 15:30:00-05:00,30.135000228881836,30.190000534057617,30.1200008392334,30.1299991607666,1172999.0
2023-12-21 16:00:00-05:00,30.135,30.19,30.01,30.15,0.0
2023-12-21 17:00:00-05:00,30.19,30.2,30.12,30.14,0.0
2023-12-21 18:00:00-05:00,30.28,30.28,30.21,30.22,0.0
2023-12-22 04:00:00-05:00,30.18,30.18,30.14,30.14,0.0
2023-12-22 05:00:00-05:00,30.14,30.14,30.14,30.14,0.0
2023-12-22 06:00:00-05:00,30.14,30.14,30.14,30.14,0.0
2023-12-22 07:00:00-05:00,30.13,30.13,30.13,30.13,0.0
2023-12-22 08:00:00-05:00,30.13,30.2,30.0,30.2,0.0
2023-12-22 09:00:00-05:00,30.13,30.24,30.13,30.2,0.0
2023-12-22 09:30:00-05:00,30.219999313354492,30.415000915527344,30.149999618530273,30.401199340820312,606046.0
2023-12-22 10:30:00-05:00,30.40999984741211,30.475000381469727,30.290000915527344,30.3700008392334,597702.0
2023-12-22 11:30:00-05:00,30.3799991607666,30.405000686645508,30.270000457763672,30.329999923706055,361525.0
2023-12-22 12:30:00-05:00,30.329999923706055,30.375,30.299999237060547,30.329999923706055,315058.0
2023-12-22 13:30:00-05:00,30.329999923706055,30.34000015258789,30.100000381469727,30.1200008392334,453045.0
2023-12-22 14:30:00-05:00,30.110000610351562,30.260000228881836,30.075000762939453,30.2450008392334,559048.0
2023-12-22 15:30:00-05:00,30.25,30.25,30.139999389648438,30.170000076293945,843032.0
2023-12-22 16:00:00-05:00,30.18,30.28,30.01,30.18,0.0
2023-12-22 17:00:00-05:00,30.01,30.17,30.01,30.17,0.0
2023-12-22 18:00:00-05:00,30.17,30.29,30.12,30.29,0.0
2023-12-26 04:00:00-05:00,30.22,30.22,30.22,30.22,0.0
2023-12-26 05:00:00-05:00,30.22,30.22,30.22,30.22,0.0
2023-12-26 06:00:00-05:00,,,,,
2023-12-26 07:00:00-05:00,30.22,30.22,30.18,30.22,0.0
2023-12-26 08:00:00-05:00,30.19,30.22,30.19,30.2,0.0
2023-12-26 09:00:00-05:00,30.2,30.29,30.18,30.19,0.0
2023-12-26 09:30:00-05:00,30.139999389648438,30.415000915527344,30.059999465942383,30.399999618530273,836128.0
2023-12-26 10:30:00-05:00,30.399999618530273,30.459999084472656,30.360000610351562,30.389999389648438,485254.0
2023-12-26 11:30:00-05:00,30.395000457763672,30.459999084472656,30.3700008392334,30.395299911499023,445234.0
2023-12-26 12:30:00-05:00,30.399999618530273,30.549999237060547,30.3799991607666,30.545000076293945,471800.0
2023-12-26 13:30:00-05:00,30.548500061035156,30.549999237060547,30.469999313354492,30.485000610351562,401440.0
2023-12-26 14:30:00-05:00,30.485000610351562,30.499399185180664,30.40999984741211,30.475000381469727,555186.0
2023-12-26 15:30:00-05:00,30.475000381469727,30.489999771118164,30.3799991607666,30.40999984741211,874592.0
2023-12-26 16:00:00-05:00,30.413,30.49,30.19,30.41,0.0
2023-12-26 17:00:00-05:00,30.4997,30.5,30.4997,30.5,0.0
2023-12-26 18:00:00-05:00,30.5,30.5,30.49,30.49,0.0
2023-12-27 04:00:00-05:00,30.68,30.68,30.45,30.45,0.0
2023-12-27 05:00:00-05:00,30.45,30.68,30.45,30.66,0.0
2023-12-27 06:00:00-05:00,30.6,30.68,30.5,30.5,0.0
2023-12-27 07:00:00-05:00,30.52,30.52,30.42,30.47,0.0
2023-12-27 08:00:00-05:00,30.47,30.57,30.4015,30.45,0.0
2023-12-27 09:00:00-05:00,30.45,30.58,30.45,30.57,0.0
2023-12-27 09:30:00-05:00,30.399999618530273,30.514999389648438,30.315000534057617,30.40999984741211,612183.0
2023-12-27 10:30:00-05:00,30.399999618530273,30.420000076293945,30.280000686645508,30.315000534057617,449700.0
2023-12-27 11:30:00-05:00,30.310100555419922,30.360000610351562,30.290000915527344,30.334999084472656,452517.0
2023-12-27 12:30:00-05:00,30.34000015258789,30.389999389648438,30.290000915527344,30.329999923706055,399263.0
2023-12-27 13:30:00-05:00,30.329999923706055,30.360000610351562,30.209999084472656,30.280000686645508,496060.0
2023-12-27 14:30:00-05:00,30.280000686645508,30.31999969482422,30.21500015258789,30.2549991607666,605997.0
2023-12-27 15:30:00-05:00,30.2549991607666,30.280000686645508,30.204999923706055,30.239999771118164,1045336.0
2023-12-27 16:00:00-05:00,30.2425,30.26,30.24,30.24,0.0
2023-12-27 17:00:00-05:00,30.24,30.36,30.24,30.34,0.0
2023-12-27 18:00:00-05:00,30.33,30.33,30.24,30.25,0.0
2023-12-28 04:00:00-05:00,30.48,30.48,30.25,30.25,0.0
2023-12-28 05:00:00-05:00,30.25,30.25,30.25,30.25,0.0
2023-12-28 06:00:00-05:00,30.25,30.25,30.25,30.25,0.0
2023-12-28 07:00:00-05:00,30.25,30.42,30.25,30.42,0.0
2023-12-28 08:00:00-05:00,30.43,30.48,30.25,30.44,0.0
2023-12-28 09:00:00-05:00,30.25,30.31,30.13,30.2,0.0
2023-12-28 09:30:00-05:00,30.149999618530273,30.239999771118164,30.049999237060547,30.104999542236328,719832.0
2023-12-28 10:30:00-05:00,30.110000610351562,30.110000610351562,29.950000762939453,29.969999313354492,585790.0
2023-12-28 11:30:00-05:00,29.977500915527344,30.079999923706055,29.969999313354492,30.049999237060547,544499.0
2023-12-28 12:30:00-05:00,30.049999237060547,30.079999923706055,29.979999542236328,30.075000762939453,384266.0
2023-12-28 13:30:00-05:00,30.075000762939453,30.1299991607666,30.06999969482422,30.094999313354492,403520.0
2023-12-28 14:30:00-05:00,30.094999313354492,30.1200008392334,30.049999237060547,30.100000381469727,527695.0
2023-12-28 15:30:00-05:00,30.092500686645508,30.200000762939453,30.09000015258789,30.18000030517578,1615922.0
2023-12-28 16:00:00-05:00,30.18,30.23,30.09,30.1789,0.0
2023-12-28 17:00:00-05:00,30.11,30.12,30.11,30.12,0.0
2023-12-28 18:00:00-05:00,30.1,30.18,30.1,30.18,0.0
2023-12-29 04:00:00-05:00,30.18,30.18,30.18,30.18,0.0
2023-12-29 05:00:00-05:00,30.42,30.42,30.42,30.42,0.0
2023-12-29 06:00:00-05:00,30.42,30.42,30.2,30.28,0.0
2023-12-29 07:00:00-05:00,30.28,30.28,30.17,30.2,0.0
2023-12-29 08:00:00-05:00,30.12,30.2,30.05,30.08,0.0
2023-12-29 09:00:00-05:00,30.18,30.18,30.17,30.17,0.0
2023-12-29 09:30:00-05:00,30.170000076293945,30.329999923706055,30.09000015258789,30.148799896240234,606793.0
2023-12-29 10:30:00-05:00,30.139999389648438,30.1875,30.09000015258789,30.09000015258789,618271.0
2023-12-29 11:30:00-05:00,30.094999313354492,30.110000610351562,30.020000457763672,30.05500030517578,612017.0
2023-12-29 12:30:00-05:00,30.059999465942383,30.110000610351562,30.045000076293945,30.065000534057617,333027.0
2023-12-29 13:30:00-05:00,30.059999465942383,30.113100051879883,30.049999237060547,30.09000015258789,303045.0
2023-12-29 14:30:00-05:00,30.084999084472656,30.149999618530273,30.079999923706055,30.135000228881836,492287.0
2023-12-29 15:30:00-05:00,30.135000228881836,30.149999618530273,30.030000686645508,30.100000381469727,944019.0
2023-12-29 16:00:00-05:00,30.09,30.091,28.46,28.46,0.0
2023-12-29 17:00:00-05:00,28.46,30.09,28.46,30.09,0.0
2023-12-29 18:00:00-05:00,30.01,30.09,30.01,30.01,0.0
2024-01-02 04:00:00-05:00,30.12,30.12,30.12,30.12,0.0
2024-01-02 05:00:00-05:00,30.12,30.12,30.08,30.1,0.0
2024-01-02 06:00:00-05:00,30.1,30.1,29.95,29.97,0.0
2024-01-02 07:00:00-05:00,29.97,30.0,29.78,29.9,0.0
2024-01-02 08:00:00-05:00,29.88,30.13,29.78,29.94,0.0
2024-01-02 09:00:00-05:00,29.94,30.09,29.85,29.89,0.0
2024-01-02 09:30:00-05:00,29.729999542236328,30.014999389648438,29.65760040283203,29.889999389648438,1205470.0
2024-01-02 10:30:00-05:00,29.895000457763672,29.950000762939453,29.81999969482422,29.854999542236328,903635.0
2024-01-02 11:30:00-05:00,29.850000381469727,29.985000610351562,29.825000762939453,29.969999313354492,641657.0
2024-01-02 12:30:00-05:00,29.969999313354492,30.040000915527344,29.934999465942383,30.030000686645508,538987.0
2024-01-02 13:30:00-05:00,30.024999618530273,30.065000534057617,29.90999984741211,29.934999465942383,895372.0
2024-01-02 14:30:00-05:00,29.93000030517578,29.950000762939453,29.770000457763672,29.790000915527344,780561.0
2024-01-02 15:30:00-05:00,29.795000076293945,29.8799991607666,29.760000228881836,29.829999923706055,1914184.0
2024-01-02 16:00:00-05:00,29.83,29.89,29.77,29.83,0.0
2024-01-02 17:00:00-05:00,29.83,29.86,29.81,29.81,0.0
2024-01-02 18:00:00-05:00,29.81,30.0,29.81,30.0,0.0
2024-01-03 04:00:00-05:00,29.85,29.85,29.81,29.84,0.0
2024-01-03 05:00:00-05:00,29.84,29.84,29.76,29.84,0.0
2024-01-03 06:00:00-05:00,29.84,29.84,29.84,29.84,0.0
2024-01-03 07:00:00-05:00,29.84,29.84,29.68,29.75,0.0
2024-01-03 08:00:00-05:00,29.75,29.86,29.75,29.8,0.0
2024-01-03 09:00:00-05:00,29.8,29.98,29.79,29.86,0.0
2024-01-03 09:30:00-05:00,29.68000030517578,29.75,29.479999542236328,29.69499969482422,1076183.0
2024-01-03 10:30:00-05:00,29.700000762939453,29.829999923706055,29.604999542236328,29.809999465942383,907317.0
2024-01-03 11:30:00-05:00,29.809999465942383,29.84000015258789,29.729999542236328,29.80500030517578,931457.0
2024-01-03 12:30:00-05:00,29.809999465942383,30.06999969482422,29.790000915527344,30.059999465942383,1374954.0
2024-01-03 13:30:00-05:00,30.065000534057617,30.094999313354492,29.924999237060547,30.059999465942383,719355.0
2024-01-03 14:30:00-05:00,30.06999969482422,30.100000381469727,29.899999618530273,29.934999465942383,720668.0
2024-01-03 15:30:00-05:00,29.93000030517578,29.969999313354492,29.850000381469727,29.889999389648438,1067351.0
2024-01-03 16:00:00-05:00,29.9,29.98,29.82,29.98,0.0
2024-01-03 17:00:00-05:00,29.98,29.98,29.88,29.89,0.0
2024-01-03 18:00:00-05:00,29.91,29.91,29.91,29.91,0.0
2024-01-04 04:00:00-05:00,,,,,
2024-01-04 05:00:00-05:00,29.96,29.96,29.96,29.96,0.0
2024-01-04 06:00:00-05:00,29.96,29.96,29.96,29.96,0.0
2024-01-04 07:00:00-05:00,29.96,29.96,29.96,29.96,0.0
2024-01-04 08:00:00-05:00,29.96,30.12,29.7905,29.9,0.0
2024-01-04 09:00:00-05:00,29.9,29.9,29.81,29.81,0.0
2024-01-04 09:30:00-05:00,29.81999969482422,30.125,29.709999084472656,30.104999542236328,1383308.0
2024-01-04 10:30:00-05:00,30.110000610351562,30.125,29.875,29.954999923706055,1230695.0
2024-01-04 11:30:00-05:00,29.954999923706055,29.96500015258789,29.795000076293945,29.81999969482422,626763.0
2024-01-04 12:30:00-05:00,29.815000534057617,29.860000610351562,29.739999771118164,29.7450008392334,427632.0
2024-01-04 13:30:00-05:00,29.7450008392334,29.75,29.649999618530273,29.68000030517578,483479.0
2024-01-04 14:30:00-05:00,29.68000030517578,29.844999313354492,29.670000076293945,29.84000015258789,806180.0
2024-01-04 15:30:00-05:00,29.84000015258789,29.8700008392334,29.670000076293945,29.684999465942383,1492263.0
2024-01-04 16:00:00-05:00,29.68,29.75,29.68,29.7,0.0
2024-01-04 17:00:00-05:00,29.7,29.7,29.68,29.69,0.0
2024-01-04 18:00:00-05:00,29.69,29.69,29.69,29.69,0.0
2024-01-05 04:00:00-05:00,29.96,29.96,29.72,29.72,0.0
2024-01-05 05:00:00-05:00,29.72,29.72,29.72,29.72,0.0
2024-01-05 06:00:00-05:00,29.72,29.72,29.51,29.51,0.0
2024-01-05 07:00:00-05:00,29.51,29.7,29.51,29.68,0.0
2024-01-05 08:00:00-05:00,29.68,30.1,29.61,29.7,0.0
2024-01-05 09:00:00-05:00,29.6,29.84,29.5,29.84,0.0
2024-01-05 09:30:00-05:00,29.600000381469727,30.040000915527344,29.540000915527344,30.024999618530273,684657.0
2024-01-05 10:30:00-05:00,30.024999618530273,30.209999084472656,29.989999771118164,30.200000762939453,916180.0
2024-01-05 11:30:00-05:00,30.200000762939453,30.219999313354492,29.985000610351562,30.0,639317.0
2024-01-05 12:30:00-05:00,30.0,30.030000686645508,29.912500381469727,29.989999771118164,394781.0
2024-01-05 13:30:00-05:00,29.989999771118164,30.104999542236328,29.962499618530273,29.979999542236328,683487.0
2024-01-05 14:30:00-05:00,29.979999542236328,30.010000228881836,29.850000381469727,29.969999313354492,675085.0
2024-01-05 15:30:00-05:00,29.975000381469727,29.975000381469727,29.8700008392334,29.940000534057617,1325477.0
2024-01-05 16:00:00-05:00,29.95,29.97,29.82,29.83,0.0
2024-01-05 17:00:00-05:00,29.95,29.98,29.95,29.98,0.0
2024-01-05 18:00:00-05:00,30.18,30.18,30.18,30.18,0.0
2024-01-08 04:00:00-05:00,30.01,30.01,29.95,29.95,0.0
2024-01-08 05:00:00-05:00,29.73,29.73,29.72,29.72,0.0
2024-01-08 06:00:00-05:00,29.72,29.75,29.68,29.72,0.0
2024-01-08 07:00:00-05:00,29.72,30.0,29.72,30.0,0.0
2024-01-08 08:00:00-05:00,29.8,30.28,29.8,29.96,0.0
2024-01-08 09:00:00-05:00,29.96,30.14,29.7801,29.7801,0.0
2024-01-08 09:30:00-05:00,30.139999389648438,30.940000534057617,30.079999923706055,30.8799991607666,1926676.0
2024-01-08 10:30:00-05:00,30.889999389648438,31.09000015258789,30.84000015258789,30.9950008392334,1500302.0
2024-01-08 11:30:00-05:00,31.0,31.049999237060547,30.90999984741211,30.98110008239746,812542.0
2024-01-08 12:30:00-05:00,30.989999771118164,31.030000686645508,30.929899215698242,30.929899215698242,549954.0
2024-01-08 13:30:00-05:00,30.93000030517578,31.0,30.84000015258789,30.969999313354492,1089859.0
2024-01-08 14:30:00-05:00,30.979999542236328,31.049999237060547,30.90999984741211,31.020000457763672,1337414.0
2024-01-08 15:30:00-05:00,31.020000457763672,31.065000534057617,30.90999984741211,30.989999771118164,2122958.0
2024-01-08 16:00:00-05:00,30.99,31.04,30.78,31.03,0.0
2024-01-08 17:00:00-05:00,31.03,31.03,30.91,30.91,0.0
2024-01-08 18:00:00-05:00,30.91,30.91,30.9,30.9,0.0
2024-01-09 04:00:00-05:00,30.8,30.8,30.8,30.8,0.0
2024-01-09 05:00:00-05:00,30.98,30.98,30.96,30.98,0.0
2024-01-09 06:00:00-05:00,30.98,30.98,30.9,30.97,0.0
2024-01-09 07:00:00-05:00,30.97,30.97,30.89,30.89,0.0
2024-01-09 08:00:00-05:00,30.86,30.9,30.78,30.88,0.0
2024-01-09 09:00:00-05:00,30.84,30.9,30.75,30.75,0.0
2024-01-09 09:30:00-05:00,30.700000762939453,30.815000534057617,30.25,30.332500457763672,1486511.0
2024-01-09 10:30:00-05:00,30.34000015258789,30.3799991607666,30.2450008392334,30.329999923706055,938473.0
2024-01-09 11:30:00-05:00,30.329999923706055,30.420000076293945,30.325000762939453,30.405000686645508,698123.0
2024-01-09 12:30:00-05:00,30.405000686645508,30.437999725341797,30.329999923706055,30.34000015258789,530021.0
2024-01-09 13:30:00-05:00,30.34000015258789,30.44809913635254,30.25,30.270000457763672,707984.0
2024-01-09 14:30:00-05:00,30.264999389648438,30.350000381469727,30.190000534057617,30.274999618530273,925574.0
2024-01-09 15:30:00-05:00,30.274999618530273,30.280000686645508,30.139999389648438,30.15999984741211,1566158.0
2024-01-09 16:00:00-05:00,30.16,30.21,30.16,30.18,0.0
2024-01-09 17:00:00-05:00,30.19,30.48,30.17,30.28,0.0
2024-01-09 18:00:00-05:00,30.18,30.4608,30.13,30.13,0.0
2024-01-10 04:00:00-05:00,30.13,30.13,30.13,30.13,0.0
2024-01-10 05:00:00-05:00,30.13,30.31,30.13,30.31,0.0
2024-01-10 06:00:00-05:00,30.31,30.31,30.2,30.2,0.0
2024-01-10 07:00:00-05:00,30.2,30.25,30.14,30.15,0.0
2024-01-10 08:00:00-05:00,30.15,30.9,30.09,30.2,0.0
2024-01-10 09:00:00-05:00,30.2,30.2,30.2,30.2,0.0
2024-01-10 09:30:00-05:00,30.15999984741211,30.325599670410156,30.100000381469727,30.295000076293945,1348284.0
2024-01-10 10:30:00-05:00,30.295000076293945,30.329999923706055,30.149999618530273,30.2549991607666,1582896.0
2024-01-10 11:30:00-05:00,30.2549991607666,30.274999618530273,30.149999618530273,30.170000076293945,867733.0
2024-01-10 12:30:00-05:00,30.170000076293945,30.2549991607666,30.15999984741211,30.19499969482422,611751.0
2024-01-10 13:30:00-05:00,30.19499969482422,30.334999084472656,30.170000076293945,30.315000534057617,709703.0
2024-01-10 14:30:00-05:00,30.317699432373047,30.40999984741211,30.295000076293945,30.334999084472656,986906.0
2024-01-10 15:30:00-05:00,30.334999084472656,30.3700008392334,30.260000228881836,30.329999923706055,1390437.0
2024-01-10 16:00:00-05:00,30.33,30.42,30.3,30.3,0.0
2024-01-10 17:00:00-05:00,30.3,30.39,30.16,30.39,0.0
2024-01-10 18:00:00-05:00,30.39,30.39,30.35,30.39,0.0
2024-01-11 04:00:00-05:00,30.46,30.46,30.46,30.46,0.0
2024-01-11 05:00:00-05:00,30.44,30.45,30.35,30.45,0.0
2024-01-11 06:00:00-05:00,30.45,30.49,30.4,30.49,0.0
2024-01-11 07:00:00-05:00,30.49,30.49,30.37,30.45,0.0
2024-01-11 08:00:00-05:00,30.45,30.52,30.37,30.5,0.0
2024-01-11 09:00:00-05:00,30.48,30.54,30.34,30.34,0.0
2024-01-11 09:30:00-05:00,30.459999084472656,30.600000381469727,30.125,30.260000228881836,1546036.0
2024-01-11 10:30:00-05:00,30.260000228881836,30.270000457763672,30.0,30.059999465942383,1136193.0
2024-01-11 11:30:00-05:00,30.065000534057617,30.06999969482422,29.81999969482422,29.84000015258789,1162833.0
2024-01-11 12:30:00-05:00,29.844999313354492,29.989999771118164,29.844999313354492,29.924999237060547,640149.0
2024-01-11 13:30:00-05:00,29.93000030517578,30.059999465942383,29.920000076293945,30.049999237060547,601296.0
2024-01-11 14:30:00-05:00,30.045000076293945,30.06999969482422,29.924999237060547,29.959999084472656,935273.0
2024-01-11 15:30:00-05:00,29.959999084472656,30.010000228881836,29.93000030517578,29.979999542236328,1441379.0
2024-01-11 16:00:00-05:00,30.0,30.02,29.8,30.01,0.0
2024-01-11 17:00:00-05:00,30.01,30.01,29.8,29.8,0.0
2024-01-11 18:00:00-05:00,30.0,30.0,29.97,29.97,0.0
2024-01-12 04:00:00-05:00,30.0,30.0,30.0,30.0,0.0
2024-01-12 05:00:00-05:00,30.01,30.01,30.01,30.01,0.0
2024-01-12 06:00:00-05:00,30.01,30.01,30.01,30.01,0.0
2024-01-12 07:00:00-05:00,30.01,30.02,29.92,29.92,0.0
2024-01-12 08:00:00-05:00,29.92,30.12,29.76,29.84,0.0
2024-01-12 09:00:00-05:00,29.8,30.1,29.8,30.1,0.0
2024-01-12 09:30:00-05:00,30.040000915527344,30.174999237060547,29.895000457763672,29.950000762939453,1067997.0
2024-01-12 10:30:00-05:00,29.96500015258789,29.975000381469727,29.75,29.895000457763672,690290.0
2024-01-12 11:30:00-05:00,29.889999389648438,29.90999984741211,29.802499771118164,29.834999084472656,427031.0
2024-01-12 12:30:00-05:00,29.834999084472656,29.8799991607666,29.815000534057617,29.844999313354492,389843.0
2024-01-12 13:30:00-05:00,29.844999313354492,29.8700008392334,29.81999969482422,29.825000762939453,445089.0
2024-01-12 14:30:00-05:00,29.81999969482422,29.825000762939453,29.709999084472656,29.80500030517578,1032611.0
2024-01-12 15:30:00-05:00,29.80500030517578,29.920000076293945,29.790000915527344,29.799999237060547,1753370.0
2024-01-12 16:00:00-05:00,29.81,29.89,29.81,29.81,0.0
2024-01-12 17:00:00-05:00,29.85,29.98,29.77,29.81,0.0
2024-01-12 18:00:00-05:00,29.81,29.81,29.81,29.81,0.0
2024-01-16 04:00:00-05:00,29.72,29.73,29.7,29.73,0.0
2024-01-16 05:00:00-05:00,29.73,29.73,29.73,29.73,0.0
2024-01-16 06:00:00-05:00,29.73,29.73,29.73,29.73,0.0
2024-01-16 07:00:00-05:00,29.73,29.88,29.69,29.73,0.0
2024-01-16 08:00:00-05:00,29.73,29.88,29.68,29.68,0.0
2024-01-16 09:00:00-05:00,29.68,29.73,29.62,29.65,0.0
2024-01-16 09:30:00-05:00,29.5,29.55500030517578,29.09000015258789,29.3700008392334,998586.0
2024-01-16 10:30:00-05:00,29.3799991607666,29.450000762939453,29.295000076293945,29.3700008392334,676257.0
2024-01-16 11:30:00-05:00,29.375,29.420000076293945,29.229999542236328,29.25,676773.0
2024-01-16 12:30:00-05:00,29.25749969482422,29.270000457763672,29.139999389648438,29.225000381469727,652913.0
2024-01-16 13:30:00-05:00,29.229999542236328,29.239999771118164,29.024999618530273,29.045000076293945,517986.0
2024-01-16 14:30:00-05:00,29.049999237060547,29.155000686645508,29.010000228881836,29.114999771118164,657078.0
2024-01-16 15:30:00-05:00,29.114999771118164,29.145000457763672,29.06999969482422,29.079999923706055,1440382.0
2024-01-16 16:00:00-05:00,29.09,29.32,29.05,29.32,0.0
2024-01-16 17:00:00-05:00,29.09,29.23,29.09,29.092,0.0
2024-01-16 18:00:00-05:00,29.09,29.33,29.08,29.33,0.0
2024-01-17 04:00:00-05:00,29.0,29.14,28.97,29.0,0.0
2024-01-17 05:00:00-05:00,29.0,29.0,29.0,29.0,0.0
2024-01-17 06:00:00-05:00,29.0,29.0,28.85,28.85,0.0
2024-01-17 07:00:00-05:00,28.83,29.09,28.77,29.0,0.0
2024-01-17 08:00:00-05:00,29.0,29.09,28.89,28.99,0.0
2024-01-17 09:00:00-05:00,28.9,28.97,28.84,28.84,0.0
2024-01-17 09:30:00-05:00,28.809999465942383,28.920000076293945,28.68000030517578,28.72010040283203,1451333.0
2024-01-17 10:30:00-05:00,28.719999313354492,28.7549991607666,28.559999465942383,28.609899520874023,1249491.0
2024-01-17 11:30:00-05:00,28.610000610351562,28.645000457763672,28.530000686645508,28.565000534057617,660603.0
2024-01-17 12:30:00-05:00,28.565000534057617,28.59000015258789,28.459999084472656,28.4950008392334,658603.0
2024-01-17 13:30:00-05:00,28.4950008392334,28.65999984741211,28.450000762939453,28.655000686645508,576239.0
2024-01-17 14:30:00-05:00,28.655000686645508,28.674999237060547,28.559999465942383,28.628400802612305,604210.0
2024-01-17 15:30:00-05:00,28.625,28.700000762939453,28.610000610351562,28.639999389648438,1215476.0
2024-01-17 16:00:00-05:00,28.65,28.77,28.5,28.76,0.0
2024-01-17 17:00:00-05:00,28.76,28.76,28.76,28.76,0.0
2024-01-17 18:00:00-05:00,28.6,28.7,28.52,28.7,0.0
2024-01-18 04:00:00-05:00,28.81,28.81,28.52,28.79,0.0
2024-01-18 05:00:00-05:00,28.79,28.79,28.65,28.65,0.0
2024-01-18 06:00:00-05:00,28.65,28.7,28.61,28.7,0.0
2024-01-18 07:00:00-05:00,28.7,28.8,28.7,28.8,0.0
2024-01-18 08:00:00-05:00,28.81,28.88,28.65,28.81,0.0
2024-01-18 09:00:00-05:00,28.87,28.88,28.8,28.84,0.0
2024-01-18 09:30:00-05:00,28.90999984741211,28.90999984741211,28.540000915527344,28.545000076293945,1065878.0
2024-01-18 10:30:00-05:00,28.545000076293945,28.729999542236328,28.510000228881836,28.670000076293945,1162510.0
2024-01-18 11:30:00-05:00,28.68000030517578,28.75,28.6200008392334,28.645000457763672,776292.0
2024-01-18 12:30:00-05:00,28.649999618530273,28.649999618530273,28.459999084472656,28.46500015258789,721591.0
2024-01-18 13:30:00-05:00,28.459999084472656,28.600000381469727,28.450000762939453,28.59000015258789,788514.0
2024-01-18 14:30:00-05:00,28.59000015258789,28.639999389648438,28.5,28.639999389648438,880012.0
2024-01-18 15:30:00-05:00,28.639999389648438,28.65999984741211,28.579999923706055,28.639999389648438,1336556.0
2024-01-18 16:00:00-05:00,28.65,28.76,28.59,28.66,0.0
2024-01-18 17:00:00-05:00,28.66,28.66,28.6,28.6015,0.0
2024-01-18 18:00:00-05:00,28.6015,28.66,28.6,28.62,0.0
2024-01-19 04:00:00-05:00,28.65,28.8,28.65,28.8,0.0
2024-01-19 05:00:00-05:00,28.8,28.8,28.66,28.68,0.0
2024-01-19 06:00:00-05:00,28.84,28.85,28.84,28.84,0.0
2024-01-19 07:00:00-05:00,28.84,28.99,28.79,28.79,0.0
2024-01-19 08:00:00-05:00,28.79,29.0,28.7544,28.97,0.0
2024-01-19 09:00:00-05:00,28.97,28.98,28.84,28.98,0.0
2024-01-19 09:30:00-05:00,28.739999771118164,28.989999771118164,28.399999618530273,28.96500015258789,2077709.0
2024-01-19 10:30:00-05:00,28.959999084472656,29.059900283813477,28.799999237060547,28.895000457763672,1274976.0
2024-01-19 11:30:00-05:00,28.899999618530273,29.024999618530273,28.860000610351562,28.975000381469727,928985.0
2024-01-19 12:30:00-05:00,28.975000381469727,29.184999465942383,28.969999313354492,29.18000030517578,811889.0
2024-01-19 13:30:00-05:00,29.18000030517578,29.31999969482422,29.174999237060547,29.290000915527344,895233.0
2024-01-19 14:30:00-05:00,29.295000076293945,29.309999465942383,29.149999618530273,29.170000076293945,1006955.0
2024-01-19 15:30:00-05:00,29.170000076293945,29.170000076293945,29.06999969482422,29.110000610351562,1538248.0
2024-01-19 16:00:00-05:00,29.12,29.329,28.99,29.12,0.0
2024-01-19 17:00:00-05:00,29.11,29.18,28.98,28.98,0.0
2024-01-19 18:00:00-05:00,29.0,29.3,29.0,29.2,0.0
2024-01-22 04:00:00-05:00,29.29,29.29,29.29,29.29,0.0
2024-01-22 05:00:00-05:00,29.29,29.29,29.06,29.06,0.0
2024-01-22 06:00:00-05:00,29.05,29.11,29.05,29.06,0.0
2024-01-22 07:00:00-05:00,29.06,29.32,29.06,29.3,0.0
2024-01-22 08:00:00-05:00,29.3,29.38,29.17,29.37,0.0
2024-01-22 09:00:00-05:00,29.37,29.37,29.21,29.33,0.0
2024-01-22 09:30:00-05:00,29.299999237060547,29.55500030517578,29.229999542236328,29.350000381469727,1342838.0
2024-01-22 10:30:00-05:00,29.350000381469727,29.360000610351562,29.190000534057617,29.270000457763672,1012533.0
2024-01-22 11:30:00-05:00,29.274999618530273,29.350000381469727,29.209999084472656,29.334999084472656,935970.0
2024-01-22 12:30:00-05:00,29.334999084472656,29.360000610351562,29.239999771118164,29.260000228881836,614397.0
2024-01-22 13:30:00-05:00,29.2549991607666,29.290000915527344,29.139999389648438,29.21500015258789,737107.0
2024-01-22 14:30:00-05:00,29.219999313354492,29.25,29.139999389648438,29.2450008392334,1228066.0
2024-01-22 15:30:00-05:00,29.2450008392334,29.260000228881836,29.15999984741211,29.18000030517578,1159644.0
2024-01-22 16:00:00-05:00,29.18,29.31,29.17,29.24,0.0
2024-01-22 17:00:00-05:00,29.24,29.24,29.24,29.24,0.0
2024-01-22 18:00:00-05:00,29.24,29.44,29.24,29.44,0.0
2024-01-23 04:00:00-05:00,29.36,29.36,29.36,29.36,0.0
2024-01-23 05:00:00-05:00,29.3,29.37,29.18,29.33,0.0
2024-01-23 06:00:00-05:00,29.32,29.32,29.19,29.19,0.0
2024-01-23 07:00:00-05:00,29.19,29.19,29.19,29.19,0.0
2024-01-23 08:00:00-05:00,29.19,29.38,29.19,29.25,0.0
2024-01-23 09:00:00-05:00,29.31,29.31,29.19,29.19,0.0
2024-01-23 09:30:00-05:00,29.170000076293945,29.479999542236328,29.114999771118164,29.329999923706055,1242553.0
2024-01-23 10:30:00-05:00,29.334999084472656,29.40999984741211,29.315000534057617,29.34000015258789,887468.0
2024-01-23 11:30:00-05:00,29.334999084472656,29.415000915527344,29.239999771118164,29.389999389648438,642189.0
2024-01-23 12:30:00-05:00,29.395000457763672,29.549999237060547,29.3700008392334,29.514999389648438,642267.0
2024-01-23 13:30:00-05:00,29.514999389648438,29.645000457763672,29.4950008392334,29.639999389648438,822101.0
2024-01-23 14:30:00-05:00,29.63960075378418,29.65999984741211,29.55500030517578,29.59000015258789,864168.0
2024-01-23 15:30:00-05:00,29.59000015258789,29.59000015258789,29.5,29.549999237060547,1309027.0
2024-01-23 16:00:00-05:00,29.57,29.68,29.54,29.5685,0.0
2024-01-23 17:00:00-05:00,29.57,29.6,29.45,29.45,0.0
2024-01-23 18:00:00-05:00,29.55,29.65,29.53,29.59,0.0
2024-01-24 04:00:00-05:00,29.52,29.76,29.52,29.75,0.0
2024-01-24 05:00:00-05:00,29.75,29.75,29.72,29.74,0.0
2024-01-24 06:00:00-05:00,29.73,29.75,29.65,29.75,0.0
2024-01-24 07:00:00-05:00,29.75,29.79,29.73,29.73,0.0
2024-01-24 08:00:00-05:00,29.73,29.83,29.52,29.83,0.0
2024-01-24 09:00:00-05:00,29.83,29.84,29.72,29.8,0.0
2024-01-24 09:30:00-05:00,29.770000457763672,29.895000457763672,29.600000381469727,29.71500015258789,1043436.0
2024-01-24 10:30:00-05:00,29.71500015258789,29.860000610351562,29.670000076293945,29.790000915527344,893729.0
2024-01-24 11:30:00-05:00,29.799999237060547,29.915000915527344,29.75,29.80500030517578,756987.0
2024-01-24 12:30:00-05:00,29.809999465942383,29.834999084472656,29.719999313354492,29.729999542236328,500792.0
2024-01-24 13:30:00-05:00,29.739999771118164,29.739999771118164,29.600000381469727,29.600000381469727,567137.0
2024-01-24 14:30:00-05:00,29.604999542236328,29.68000030517578,29.559999465942383,29.56999969482422,858143.0
2024-01-24 15:30:00-05:00,29.579999923706055,29.6200008392334,29.541900634765625,29.559999465942383,870448.0
2024-01-24 16:00:00-05:00,29.56,29.88,29.5,29.55,0.0
2024-01-24 17:00:00-05:00,29.55,29.6,29.5,29.6,0.0
2024-01-24 18:00:00-05:00,,,,,
2024-01-25 04:00:00-05:00,29.48,29.61,29.4,29.6,0.0
2024-01-25 05:00:00-05:00,29.56,29.58,29.56,29.58,0.0
2024-01-25 06:00:00-05:00,29.58,29.59,29.58,29.59,0.0
2024-01-25 07:00:00-05:00,29.59,29.6,29.59,29.6,0.0
2024-01-25 08:00:00-05:00,29.6,29.6,29.5,29.5,0.0
2024-01-25 09:00:00-05:00,29.5,29.88,29.5,29.88,0.0
2024-01-25 09:30:00-05:00,29.649999618530273,29.959999084472656,29.5,29.950000762939453,1365571.0
2024-01-25 10:30:00-05:00,29.950000762939453,29.989999771118164,29.834999084472656,29.944499969482422,878505.0
2024-01-25 11:30:00-05:00,29.950000762939453,30.010000228881836,29.854999542236328,29.924999237060547,941180.0
2024-01-25 12:30:00-05:00,29.924999237060547,29.950000762939453,29.84000015258789,29.861000061035156,668123.0
2024-01-25 13:30:00-05:00,29.860000610351562,29.889999389648438,29.709999084472656,29.75,574238.0
2024-01-25 14:30:00-05:00,29.75,29.790000915527344,29.709999084472656,29.7549991607666,736930.0
2024-01-25 15:30:00-05:00,29.760000228881836,29.780000686645508,29.68000030517578,29.700000762939453,1597145.0
2024-01-25 16:00:00-05:00,29.71,29.78,29.69,29.69,0.0
2024-01-25 17:00:00-05:00,29.7,29.75,29.66,29.69,0.0
2024-01-25 18:00:00-05:00,29.69,29.7,29.64,29.64,0.0
2024-01-26 04:00:00-05:00,29.64,29.64,29.63,29.63,0.0
2024-01-26 05:00:00-05:00,29.63,29.63,29.43,29.6,0.0
2024-01-26 06:00:00-05:00,29.6,29.61,29.48,29.61,0.0
2024-01-26 07:00:00-05:00,29.62,29.64,29.51,29.58,0.0
2024-01-26 08:00:00-05:00,29.58,29.64,29.4909,29.6,0.0
2024-01-26 09:00:00-05:00,29.56,29.68,29.49,29.67,0.0
2024-01-26 09:30:00-05:00,29.639999389648438,30.06999969482422,29.639999389648438,30.065000534057617,1549784.0
2024-01-26 10:30:00-05:00,30.06999969482422,30.15999984741211,30.0,30.045000076293945,977016.0
2024-01-26 11:30:00-05:00,30.045000076293945,30.100000381469727,30.0,30.045000076293945,888544.0
2024-01-26 12:30:00-05:00,30.045000076293945,30.049999237060547,29.899999618530273,29.924999237060547,1055455.0
2024-01-26 13:30:00-05:00,29.93000030517578,29.934999465942383,29.790000915527344,29.8700008392334,644131.0
2024-01-26 14:30:00-05:00,29.8700008392334,29.989999771118164,29.84000015258789,29.94499969482422,979548.0
2024-01-26 15:30:00-05:00,29.94499969482422,30.010000228881836,29.940000534057617,29.9950008392334,2096341.0
2024-01-26 16:00:00-05:00,30.0,30.0,29.94,29.94,0.0
2024-01-26 17:00:00-05:00,29.94,29.94,29.86,29.86,0.0
2024-01-26 18:00:00-05:00,,,,,
2024-01-29 04:00:00-05:00,30.02,30.22,30.02,30.22,0.0
2024-01-29 05:00:00-05:00,30.22,30.22,30.03,30.03,0.0
2024-01-29 06:00:00-05:00,30.03,30.03,30.0,30.0,0.0
2024-01-29 07:00:00-05:00,30.0,30.04,29.94,30.04,0.0
2024-01-29 08:00:00-05:00,30.04,30.17,29.87,30.0,0.0
2024-01-29 09:00:00-05:00,30.07,30.12,29.95,30.0,0.0
2024-01-29 09:30:00-05:00,30.0,30.010000228881836,29.565000534057617,29.684999465942383,915133.0
2024-01-29 10:30:00-05:00,29.68000030517578,29.69499969482422,29.510000228881836,29.51849937438965,710446.0
2024-01-29 11:30:00-05:00,29.510000228881836,29.520000457763672,29.360000610351562,29.399999618530273,853193.0
2024-01-29 12:30:00-05:00,29.405000686645508,29.440000534057617,29.309999465942383,29.329999923706055,724510.0
2024-01-29 13:30:00-05:00,29.329999923706055,29.389999389648438,29.209999084472656,29.219999313354492,694541.0
2024-01-29 14:30:00-05:00,29.219999313354492,29.389999389648438,29.139999389648438,29.315000534057617,1243704.0
2024-01-29 15:30:00-05:00,29.315000534057617,29.339000701904297,29.219999313354492,29.229999542236328,1306402.0
2024-01-29 16:00:00-05:00,29.24,29.28,28.788,29.23,0.0
2024-01-29 17:00:00-05:00,29.33,29.33,29.2,29.25,0.0
2024-01-29 18:00:00-05:00,29.3,29.47,29.249,29.249,0.0
2024-01-30 04:00:00-05:00,29.26,29.3,29.26,29.3,0.0
2024-01-30 05:00:00-05:00,29.3,29.33,29.15,29.21,0.0
2024-01-30 06:00:00-05:00,29.27,29.27,29.27,29.27,0.0
2024-01-30 07:00:00-05:00,29.27,29.27,29.14,29.27,0.0
2024-01-30 08:00:00-05:00,29.27,29.33,29.0543,29.18,0.0
2024-01-30 09:00:00-05:00,29.18,30.005,29.18,29.22,0.0
2024-01-30 09:30:00-05:00,29.200000762939453,29.350000381469727,29.09000015258789,29.184999465942383,1278090.0
2024-01-30 10:30:00-05:00,29.19499969482422,29.209999084472656,29.100000381469727,29.174999237060547,845886.0
2024-01-30 11:30:00-05:00,29.177499771118164,29.325000762939453,29.165000915527344,29.2549991607666,783598.0
2024-01-30 12:30:00-05:00,29.25,29.25,29.149999618530273,29.239999771118164,535671.0
2024-01-30 13:30:00-05:00,29.239999771118164,29.239999771118164,29.110000610351562,29.135000228881836,591542.0
2024-01-30 14:30:00-05:00,29.135000228881836,29.190000534057617,29.1299991607666,29.174999237060547,600808.0
2024-01-30 15:30:00-05:00,29.174999237060547,29.209999084472656,29.139999389648438,29.139999389648438,1060033.0
2024-01-30 16:00:00-05:00,29.15,29.3,29.09,29.11,0.0
2024-01-30 17:00:00-05:00,29.11,29.1846,29.0,29.14,0.0
2024-01-30 18:00:00-05:00,29.0,29.07,29.0,29.0009,0.0
2024-01-31 04:00:00-05:00,29.35,29.36,28.89,29.11,0.0
2024-01-31 05:00:00-05:00,29.11,29.11,29.09,29.09,0.0
2024-01-31 06:00:00-05:00,29.09,29.11,28.97,29.09,0.0
2024-01-31 07:00:00-05:00,29.09,29.1,29.09,29.1,0.0
2024-01-31 08:00:00-05:00,29.1,29.1,29.0,29.09,0.0
2024-01-31 09:00:00-05:00,29.09,29.27,28.99,29.0,0.0
2024-01-31 09:30:00-05:00,28.940000534057617,29.024999618530273,28.684999465942383,29.020000457763672,1573429.0
2024-01-31 10:30:00-05:00,29.020000457763672,29.155000686645508,28.969999313354492,29.087900161743164,651723.0
2024-01-31 11:30:00-05:00,29.084999084472656,29.114999771118164,28.979999542236328,29.020000457763672,435359.0
2024-01-31 12:30:00-05:00,29.010000228881836,29.030000686645508,28.905000686645508,28.959999084472656,455943.0
2024-01-31 13:30:00-05:00,28.959999084472656,29.030000686645508,28.834999084472656,28.885000228881836,551833.0
2024-01-31 14:30:00-05:00,28.885000228881836,29.09000015258789,28.69499969482422,28.774999618530273,871915.0
2024-01-31 15:30:00-05:00,28.770000457763672,28.790000915527344,28.700000762939453,28.700000762939453,1467101.0
2024-01-31 16:00:00-05:00,28.71,28.71,28.63,28.68,0.0
2024-01-31 17:00:00-05:00,28.71,28.71,28.68,28.71,0.0
2024-01-31 18:00:00-05:00,28.71,28.8,28.71,28.8,0.0
2024-02-01 04:00:00-05:00,28.75,28.81,28.75,28.81,0.0
2024-02-01 05:00:00-05:00,28.89,28.93,28.82,28.85,0.0
2024-02-01 06:00:00-05:00,28.85,28.92,28.85,28.9,0.0
2024-02-01 07:00:00-05:00,28.9,28.98,28.88,28.88,0.0
2024-02-01 08:00:00-05:00,28.95,28.96,28.7,28.8,0.0
2024-02-01 09:00:00-05:00,28.8,28.95,28.76,28.79,0.0
2024-02-01 09:30:00-05:00,28.719999313354492,28.729999542236328,28.530000686645508,28.665000915527344,892968.0
2024-02-01 10:30:00-05:00,28.665000915527344,28.665000915527344,28.3799991607666,28.5049991607666,974510.0
2024-02-01 11:30:00-05:00,28.510000228881836,28.729999542236328,28.500900268554688,28.649999618530273,618057.0
2024-02-01 12:30:00-05:00,28.645000457763672,28.72760009765625,28.600000381469727,28.684999465942383,572611.0
2024-02-01 13:30:00-05:00,28.684999465942383,28.774999618530273,28.65999984741211,28.739999771118164,686601.0
2024-02-01 14:30:00-05:00,28.75,28.815000534057617,28.709999084472656,28.78499984741211,864242.0
2024-02-01 15:30:00-05:00,28.78499984741211,28.93000030517578,28.780000686645508,28.924999237060547,1828572.0
2024-02-01 16:00:00-05:00,28.94,28.97,28.6,28.97,0.0
2024-02-01 17:00:00-05:00,28.97,28.97,28.58,28.94,0.0
2024-02-01 18:00:00-05:00,28.94,28.98,28.58,28.98,0.0
2024-02-02 04:00:00-05:00,28.94,28.94,28.89,28.89,0.0
2024-02-02 05:00:00-05:00,28.89,28.99,28.89,28.99,0.0
2024-02-02 06:00:00-05:00,28.92,29.04,28.85,28.85,0.0
2024-02-02 07:00:00-05:00,28.85,29.16,28.85,28.97,0.0
2024-02-02 08:00:00-05:00,28.97,29.89,28.8566,29.06,0.0
2024-02-02 09:00:00-05:00,28.94,29.06,28.75,28.8,0.0
2024-02-02 09:30:00-05:00,28.770000457763672,28.81999969482422,28.489999771118164,28.5049991607666,985162.0
2024-02-02 10:30:00-05:00,28.510000228881836,28.610000610351562,28.44499969482422,28.604999542236328,640326.0
2024-02-02 11:30:00-05:00,28.610000610351562,28.735000610351562,28.594999313354492,28.729700088500977,653130.0
2024-02-02 12:30:00-05:00,28.719999313354492,28.7450008392334,28.559999465942383,28.642499923706055,610999.0
2024-02-02 13:30:00-05:00,28.645000457763672,28.764999389648438,28.6299991607666,28.729999542236328,511122.0
2024-02-02 14:30:00-05:00,28.725000381469727,28.81999969482422,28.709999084472656,28.815000534057617,586836.0
2024-02-02 15:30:00-05:00,28.81999969482422,28.81999969482422,28.670000076293945,28.674999237060547,961002.0
2024-02-02 16:00:00-05:00,28.68,28.84,28.49,28.67,0.0
2024-02-02 17:00:00-05:00,28.5,28.85,28.5,28.85,0.0
2024-02-02 18:00:00-05:00,28.85,28.85,28.6,28.6,0.0
2024-02-05 04:00:00-05:00,28.66,28.66,28.66,28.66,0.0
2024-02-05 05:00:00-05:00,28.66,28.66,28.66,28.66,0.0
2024-02-05 06:00:00-05:00,28.66,28.66,28.45,28.45,0.0
2024-02-05 07:00:00-05:00,28.45,28.6,28.42,28.6,0.0
2024-02-05 08:00:00-05:00,28.6,28.66,28.43,28.6,0.0
2024-02-05 09:00:00-05:00,28.6,28.64,28.51,28.64,0.0
2024-02-05 09:30:00-05:00,28.524999618530273,28.584999084472656,28.165000915527344,28.204999923706055,2350077.0
2024-02-05 10:30:00-05:00,28.204999923706055,28.354999542236328,28.170000076293945,28.290000915527344,739917.0
2024-02-05 11:30:00-05:00,28.290000915527344,28.309999465942383,28.190000534057617,28.280000686645508,491196.0
2024-02-05 12:30:00-05:00,28.274999618530273,28.3799991607666,28.270000457763672,28.290000915527344,482577.0
2024-02-05 13:30:00-05:00,28.295000076293945,28.344999313354492,28.270000457763672,28.280000686645508,510759.0
2024-02-05 14:30:00-05:00,28.28499984741211,28.364999771118164,28.280000686645508,28.344999313354492,646268.0
2024-02-05 15:30:00-05:00,28.350000381469727,28.3700008392334,28.280000686645508,28.329999923706055,1218678.0
2024-02-05 16:00:00-05:00,28.32,28.48,28.2,28.263,0.0
2024-02-05 17:00:00-05:00,28.263,28.29,28.26,28.26,0.0
2024-02-05 18:00:00-05:00,28.26,28.48,28.25,28.25,0.0
2024-02-06 04:00:00-05:00,28.25,28.26,28.25,28.26,0.0
2024-02-06 05:00:00-05:00,28.48,28.48,28.3,28.3,0.0
2024-02-06 06:00:00-05:00,28.3,28.3,28.3,28.3,0.0
2024-02-06 07:00:00-05:00,28.3,28.36,28.3,28.36,0.0
2024-02-06 08:00:00-05:00,28.36,28.42,28.27,28.42,0.0
2024-02-06 09:00:00-05:00,28.42,28.46,28.35,28.4,0.0
2024-02-06 09:30:00-05:00,28.350000381469727,28.549999237060547,28.145000457763672,28.30500030517578,1309395.0
2024-02-06 10:30:00-05:00,28.309999465942383,28.454999923706055,28.299999237060547,28.375,952035.0
2024-02-06 11:30:00-05:00,28.3700008392334,28.459999084472656,28.350000381469727,28.395000457763672,652802.0
2024-02-06 12:30:00-05:00,28.399900436401367,28.40999984741211,28.309999465942383,28.354999542236328,451320.0
2024-02-06 13:30:00-05:00,28.354999542236328,28.375,28.200000762939453,28.204999923706055,731831.0
2024-02-06 14:30:00-05:00,28.209999084472656,28.290000915527344,28.170000076293945,28.22879981994629,809000.0
2024-02-06 15:30:00-05:00,28.225000381469727,28.299999237060547,28.190000534057617,28.290000915527344,1349301.0
2024-02-06 16:00:00-05:00,28.29,28.34,28.26,28.28,0.0
2024-02-06 17:00:00-05:00,28.28,28.28,28.25,28.28,0.0
2024-02-06 18:00:00-05:00,28.28,28.28,28.27,28.27,0.0
2024-02-07 04:00:00-05:00,28.04,28.15,27.98,28.13,0.0
2024-02-07 05:00:00-05:00,28.14,28.15,28.14,28.15,0.0
2024-02-07 06:00:00-05:00,28.23,28.23,28.15,28.15,0.0
2024-02-07 07:00:00-05:00,28.15,28.19,28.1,28.16,0.0
2024-02-07 08:00:00-05:00,28.18,28.32,28.04,28.26,0.0
2024-02-07 09:00:00-05:00,28.28,28.29,28.21,28.29,0.0
2024-02-07 09:30:00-05:00,28.25,28.25,27.90999984741211,28.184999465942383,1297770.0
2024-02-07 10:30:00-05:00,28.184999465942383,28.204999923706055,28.012500762939453,28.024999618530273,614547.0
2024-02-07 11:30:00-05:00,28.020099639892578,28.045000076293945,27.940000534057617,27.940000534057617,627489.0
2024-02-07 12:30:00-05:00,27.94499969482422,27.985000610351562,27.881399154663086,27.924999237060547,731215.0
2024-02-07 13:30:00-05:00,27.924999237060547,27.93000030517578,27.860000610351562,27.905000686645508,668127.0
2024-02-07 14:30:00-05:00,27.90999984741211,28.0049991607666,27.90999984741211,28.0049991607666,624861.0
2024-02-07 15:30:00-05:00,28.010000228881836,28.020000457763672,27.940000534057617,27.940000534057617,1408215.0
2024-02-07 16:00:00-05:00,27.95,28.0,27.91,27.99,0.0
2024-02-07 17:00:00-05:00,27.99,28.0,27.96,27.99,0.0
2024-02-07 18:00:00-05:00,27.99,27.9988,27.99,27.99,0.0
2024-02-08 04:00:00-05:00,27.95,27.95,27.9,27.9,0.0
2024-02-08 05:00:00-05:00,27.9,27.9,27.9,27.9,0.0
2024-02-08 06:00:00-05:00,27.95,27.95,27.91,27.91,0.0
2024-02-08 07:00:00-05:00,27.95,27.95,27.92,27.92,0.0
2024-02-08 08:00:00-05:00,27.92,28.1,27.92,27.99,0.0
2024-02-08 09:00:00-05:00,27.99,28.178,27.99,28.04,0.0
2024-02-08 09:30:00-05:00,28.0,28.09000015258789,27.93000030517578,28.06999969482422,532544.0
2024-02-08 10:30:00-05:00,28.075000762939453,28.239999771118164,28.06999969482422,28.145000457763672,634790.0
2024-02-08 11:30:00-05:00,28.145000457763672,28.200000762939453,28.104999542236328,28.18899917602539,408264.0
2024-02-08 12:30:00-05:00,28.184999465942383,28.299999237060547,28.15999984741211,28.209999084472656,414758.0
2024-02-08 13:30:00-05:00,28.209999084472656,28.2549991607666,28.18000030517578,28.184999465942383,351356.0
2024-02-08 14:30:00-05:00,28.18000030517578,28.219999313354492,28.139999389648438,28.170000076293945,394978.0
2024-02-08 15:30:00-05:00,28.174999237060547,28.299999237060547,28.135000228881836,28.290000915527344,1034952.0
2024-02-08 16:00:00-05:00,28.28,28.29,28.03,28.29,0.0
2024-02-08 17:00:00-05:00,28.03,28.38,28.03,28.2,0.0
2024-02-08 18:00:00-05:00,28.2,28.2,28.2,28.2,0.0
2024-02-09 04:00:00-05:00,28.3,28.3,28.2,28.2,0.0
2024-02-09 05:00:00-05:00,28.31,28.31,28.28,28.31,0.0
2024-02-09 06:00:00-05:00,28.31,28.31,28.28,28.28,0.0
2024-02-09 07:00:00-05:00,28.31,28.35,28.31,28.35,0.0
2024-02-09 08:00:00-05:00,28.35,28.38,28.31,28.37,0.0
2024-02-09 09:00:00-05:00,28.38,28.4,28.31,28.31,0.0
2024-02-09 09:30:00-05:00,28.280000686645508,28.459999084472656,28.190000534057617,28.459999084472656,760005.0
2024-02-09 10:30:00-05:00,28.459999084472656,28.520000457763672,28.405000686645508,28.440000534057617,688130.0
2024-02-09 11:30:00-05:00,28.434999465942383,28.44499969482422,28.264999389648438,28.270000457763672,441012.0
2024-02-09 12:30:00-05:00,28.260000228881836,28.43000030517578,28.22089958190918,28.424999237060547,410439.0
2024-02-09 13:30:00-05:00,28.424999237060547,28.459999084472656,28.40999984741211,28.44499969482422,415324.0
2024-02-09 14:30:00-05:00,28.446500778198242,28.489999771118164,28.40999984741211,28.424999237060547,511875.0
2024-02-09 15:30:00-05:00,28.424999237060547,28.43000030517578,28.350000381469727,28.420000076293945,881907.0
2024-02-09 16:00:00-05:00,28.42,28.42,28.27,28.42,0.0
2024-02-09 17:00:00-05:00,28.42,28.42,28.34,28.42,0.0
2024-02-09 18:00:00-05:00,,,,,
2024-02-12 04:00:00-05:00,28.42,28.42,28.37,28.37,0.0
2024-02-12 05:00:00-05:00,28.49,28.52,28.43,28.43,0.0
2024-02-12 06:00:00-05:00,28.5,28.51,28.5,28.51,0.0
2024-02-12 07:00:00-05:00,28.51,28.51,28.43,28.43,0.0
2024-02-12 08:00:00-05:00,28.43,28.45,28.24,28.42,0.0
2024-02-12 09:00:00-05:00,28.43,28.51,28.35,28.485,0.0
2024-02-12 09:30:00-05:00,28.420000076293945,28.709999084472656,28.389999389648438,28.655000686645508,628689.0
2024-02-12 10:30:00-05:00,28.655000686645508,28.689899444580078,28.610000610351562,28.614999771118164,481514.0
2024-02-12 11:30:00-05:00,28.610000610351562,28.709999084472656,28.604999542236328,28.704999923706055,388014.0
2024-02-12 12:30:00-05:00,28.704999923706055,28.799999237060547,28.690000534057617,28.7450008392334,377515.0
2024-02-12 13:30:00-05:00,28.739999771118164,28.75,28.600000381469727,28.65999984741211,469001.0
2024-02-12 14:30:00-05:00,28.656999588012695,28.700000762939453,28.621299743652344,28.65999984741211,492443.0
2024-02-12 15:30:00-05:00,28.670000076293945,28.739999771118164,28.65999984741211,28.700000762939453,1093457.0
2024-02-12 16:00:00-05:00,28.69,28.73,28.69,28.69,0.0
2024-02-12 17:00:00-05:00,28.69,28.69,28.64,28.69,0.0
2024-02-12 18:00:00-05:00,28.69,28.69,28.69,28.69,0.0
2024-02-13 04:00:00-05:00,28.68,28.69,28.68,28.69,0.0
2024-02-13 05:00:00-05:00,28.69,28.74,28.53,28.53,0.0
2024-02-13 06:00:00-05:00,28.53,28.7,28.53,28.7,0.0
2024-02-13 07:00:00-05:00,28.7,28.7,28.57,28.65,0.0
2024-02-13 08:00:00-05:00,28.65,28.69,28.64,28.64,0.0
2024-02-13 09:00:00-05:00,28.57,28.63,28.06,28.2,0.0
2024-02-13 09:30:00-05:00,28.31999969482422,28.399999618530273,28.045000076293945,28.05500030517578,1038966.0
2024-02-13 10:30:00-05:00,28.05500030517578,28.079999923706055,27.90999984741211,27.93000030517578,923451.0
2024-02-13 11:30:00-05:00,27.937999725341797,28.010000228881836,27.895000457763672,27.979999542236328,539915.0
2024-02-13 12:30:00-05:00,27.975000381469727,28.219999313354492,27.969999313354492,28.21500015258789,707108.0
2024-02-13 13:30:00-05:00,28.21500015258789,28.290000915527344,27.9950008392334,28.0049991607666,712604.0
2024-02-13 14:30:00-05:00,28.000999450683594,28.040000915527344,27.889999389648438,27.954999923706055,675649.0
2024-02-13 15:30:00-05:00,27.954999923706055,28.15999984741211,27.94499969482422,28.15999984741211,879684.0
2024-02-13 16:00:00-05:00,28.14,28.25,28.14,28.2,0.0
2024-02-13 17:00:00-05:00,28.26,28.26,28.26,28.26,0.0
2024-02-13 18:00:00-05:00,28.25,28.26,28.11,28.26,0.0
2024-02-14 04:00:00-05:00,28.37,28.47,28.37,28.47,0.0
2024-02-14 05:00:00-05:00,28.45,28.57,28.43,28.56,0.0
2024-02-14 06:00:00-05:00,28.56,28.62,28.42,28.62,0.0
2024-02-14 07:00:00-05:00,28.62,28.68,28.62,28.68,0.0
2024-02-14 08:00:00-05:00,28.68,28.75,28.49,28.73,0.0
2024-02-14 09:00:00-05:00,28.73,28.88,28.7,28.85,0.0
2024-02-14 09:30:00-05:00,29.010000228881836,29.079999923706055,28.610000610351562,28.670000076293945,1000285.0
2024-02-14 10:30:00-05:00,28.665000915527344,28.799999237060547,28.565000534057617,28.684999465942383,903975.0
2024-02-14 11:30:00-05:00,28.684999465942383,28.729999542236328,28.440000534057617,28.460100173950195,691536.0
2024-02-14 12:30:00-05:00,28.469900131225586,28.5,28.3700008392334,28.385000228881836,482325.0
2024-02-14 13:30:00-05:00,28.385000228881836,28.510000228881836,28.334999084472656,28.459800720214844,702406.0
2024-02-14 14:30:00-05:00,28.454999923706055,28.530000686645508,28.40999984741211,28.510000228881836,577751.0
2024-02-14 15:30:00-05:00,28.510000228881836,28.579999923706055,28.469999313354492,28.579999923706055,1068779.0
2024-02-14 16:00:00-05:00,28.57,28.58,28.232,28.33,0.0
2024-02-14 17:00:00-05:00,28.33,28.5,28.23,28.31,0.0
2024-02-14 18:00:00-05:00,28.31,28.5,28.3,28.5,0.0
2024-02-15 04:00:00-05:00,28.51,28.51,28.51,28.51,0.0
2024-02-15 05:00:00-05:00,28.51,28.6,28.5,28.5,0.0
2024-02-15 06:00:00-05:00,28.5,28.5,28.49,28.49,0.0
2024-02-15 07:00:00-05:00,28.49,28.5,28.49,28.5,0.0
2024-02-15 08:00:00-05:00,28.46,28.71,28.41,28.41,0.0
2024-02-15 09:00:00-05:00,28.49,28.58,28.41,28.41,0.0
2024-02-15 09:30:00-05:00,28.579999923706055,29.09000015258789,28.579999923706055,28.790000915527344,972815.0
2024-02-15 10:30:00-05:00,28.799999237060547,28.979999542236328,28.764999389648438,28.864999771118164,1367218.0
2024-02-15 11:30:00-05:00,28.864999771118164,28.969999313354492,28.825000762939453,28.934999465942383,1036634.0
2024-02-15 12:30:00-05:00,28.940000534057617,28.969999313354492,28.885000228881836,28.969999313354492,450454.0
2024-02-15 13:30:00-05:00,28.969999313354492,28.969999313354492,28.842500686645508,28.8799991607666,464127.0
2024-02-15 14:30:00-05:00,28.875,28.90999984741211,28.809999465942383,28.850000381469727,517631.0
2024-02-15 15:30:00-05:00,28.844999313354492,29.040000915527344,28.825000762939453,29.040000915527344,1362042.0
2024-02-15 16:00:00-05:00,29.03,29.03,28.86,29.03,0.0
2024-02-15 17:00:00-05:00,29.03,29.03,28.99,29.03,0.0
2024-02-15 18:00:00-05:00,29.0,29.01,29.0,29.01,0.0
2024-02-16 04:00:00-05:00,29.16,29.16,29.01,29.01,0.0
2024-02-16 05:00:00-05:00,29.01,29.08,28.97,29.0,0.0
2024-02-16 06:00:00-05:00,29.0,29.0,28.99,29.0,0.0
2024-02-16 07:00:00-05:00,29.01,29.01,29.0,29.0,0.0
2024-02-16 08:00:00-05:00,29.0,29.1,28.4,29.0,0.0
2024-02-16 09:00:00-05:00,29.0,29.03,28.75,28.99,0.0
2024-02-16 09:30:00-05:00,28.989999771118164,29.094999313354492,28.770000457763672,28.834999084472656,849820.0
2024-02-16 10:30:00-05:00,28.84000015258789,28.84000015258789,28.65999984741211,28.690000534057617,602706.0
2024-02-16 11:30:00-05:00,28.684999465942383,28.764999389648438,28.655000686645508,28.7549991607666,479043.0
2024-02-16 12:30:00-05:00,28.7549991607666,28.84000015258789,28.729999542236328,28.80500030517578,495489.0
2024-02-16 13:30:00-05:00,28.809999465942383,28.845300674438477,28.780000686645508,28.780000686645508,433608.0
2024-02-16 14:30:00-05:00,28.790000915527344,28.795799255371094,28.59000015258789,28.655000686645508,611737.0
2024-02-16 15:30:00-05:00,28.655000686645508,28.665000915527344,28.524999618530273,28.59000015258789,1090548.0
2024-02-16 16:00:00-05:00,28.58,28.67,28.51,28.51,0.0
2024-02-16 17:00:00-05:00,28.51,28.6,28.51,28.6,0.0
2024-02-16 18:00:00-05:00,28.6,28.6,28.48,28.48,0.0
2024-02-20 04:00:00-05:00,28.49,28.49,28.48,28.49,0.0
2024-02-20 05:00:00-05:00,28.64,28.64,28.56,28.59,0.0
2024-02-20 06:00:00-05:00,28.64,28.65,28.56,28.56,0.0
2024-02-20 07:00:00-05:00,28.56,28.58,28.48,28.58,0.0
2024-02-20 08:00:00-05:00,28.58,28.58,28.47,28.58,0.0
2024-02-20 09:00:00-05:00,28.58,28.58,28.49,28.53,0.0
2024-02-20 09:30:00-05:00,28.3799991607666,28.670000076293945,28.34000015258789,28.600000381469727,999505.0
2024-02-20 10:30:00-05:00,28.59000015258789,28.75,28.530000686645508,28.642499923706055,724119.0
2024-02-20 11:30:00-05:00,28.649999618530273,28.649999618530273,28.575000762939453,28.584999084472656,450176.0
2024-02-20 12:30:00-05:00,28.584999084472656,28.594999313354492,28.520000457763672,28.53499984741211,394664.0
2024-02-20 13:30:00-05:00,28.530000686645508,28.6200008392334,28.514999389648438,28.600000381469727,403844.0
2024-02-20 14:30:00-05:00,28.600000381469727,28.665000915527344,28.56999969482422,28.594999313354492,527542.0
2024-02-20 15:30:00-05:00,28.600000381469727,28.639999389648438,28.520000457763672,28.639999389648438,1220292.0
2024-02-20 16:00:00-05:00,28.63,28.74,28.63,28.74,0.0
2024-02-20 17:00:00-05:00,28.74,28.75,28.38,28.75,0.0
2024-02-20 18:00:00-05:00,28.75,28.75,28.63,28.63,0.0
2024-02-21 04:00:00-05:00,28.63,28.64,28.6,28.61,0.0
2024-02-21 05:00:00-05:00,28.74,28.74,28.6,28.6,0.0
2024-02-21 06:00:00-05:00,28.6,28.65,28.6,28.65,0.0
2024-02-21 07:00:00-05:00,28.68,28.68,28.6,28.63,0.0
2024-02-21 08:00:00-05:00,28.63,28.7,28.47,28.64,0.0
2024-02-21 09:00:00-05:00,28.64,28.64,28.49,28.63,0.0
2024-02-21 09:30:00-05:00,28.540000915527344,28.649999618530273,28.420000076293945,28.56999969482422,723008.0
2024-02-21 10:30:00-05:00,28.579999923706055,28.639999389648438,28.53499984741211,28.53499984741211,485401.0
2024-02-21 11:30:00-05:00,28.539499282836914,28.540000915527344,28.399999618530273,28.405000686645508,541278.0
2024-02-21 12:30:00-05:00,28.40999984741211,28.40999984741211,28.329999923706055,28.364999771118164,452409.0
2024-02-21 13:30:00-05:00,28.3700008392334,28.424999237060547,28.290000915527344,28.324899673461914,622571.0
2024-02-21 14:30:00-05:00,28.325000762939453,28.334999084472656,28.262500762939453,28.274999618530273,710171.0
2024-02-21 15:30:00-05:00,28.274999618530273,28.479999542236328,28.270000457763672,28.440000534057617,1546930.0
2024-02-21 16:00:00-05:00,28.43,28.68,28.3,28.68,0.0
2024-02-21 17:00:00-05:00,28.58,28.62,28.35,28.6002,0.0
2024-02-21 18:00:00-05:00,28.6,28.68,28.6,28.68,0.0
2024-02-22 04:00:00-05:00,28.7,28.75,28.7,28.75,0.0
2024-02-22 05:00:00-05:00,28.49,28.88,28.49,28.88,0.0
2024-02-22 06:00:00-05:00,28.69,28.87,28.63,28.84,0.0
2024-02-22 07:00:00-05:00,28.75,28.85,28.63,28.63,0.0
2024-02-22 08:00:00-05:00,28.64,28.79,28.5104,28.75,0.0
2024-02-22 09:00:00-05:00,28.75,28.78,28.68,28.6811,0.0
2024-02-22 09:30:00-05:00,28.489999771118164,28.969999313354492,28.489999771118164,28.81999969482422,1157758.0
2024-02-22 10:30:00-05:00,28.825000762939453,28.920000076293945,28.75,28.915000915527344,669603.0
2024-02-22 11:30:00-05:00,28.915000915527344,28.93000030517578,28.844999313354492,28.895000457763672,438316.0
2024-02-22 12:30:00-05:00,28.899999618530273,28.969999313354492,28.885000228881836,28.895000457763672,423458.0
2024-02-22 13:30:00-05:00,28.899999618530273,29.100000381469727,28.889999389648438,29.094999313354492,467981.0
2024-02-22 14:30:00-05:00,29.094999313354492,29.100000381469727,28.975000381469727,29.045000076293945,594066.0
2024-02-22 15:30:00-05:00,29.045000076293945,29.049999237060547,28.920000076293945,28.950000762939453,1228908.0
2024-02-22 16:00:00-05:00,28.95,29.0,28.9,29.0,0.0
2024-02-22 17:00:00-05:00,29.0,29.09,29.0,29.05,0.0
2024-02-22 18:00:00-05:00,29.0992,29.1,28.94,28.94,0.0
2024-02-23 04:00:00-05:00,28.91,29.0,28.91,29.0,0.0
2024-02-23 05:00:00-05:00,28.95,28.95,28.86,28.87,0.0
2024-02-23 06:00:00-05:00,28.95,29.31,28.87,29.16,0.0
2024-02-23 07:00:00-05:00,29.19,29.36,29.11,29.24,0.0
2024-02-23 08:00:00-05:00,29.24,29.39,29.0,29.11,0.0
2024-02-23 09:00:00-05:00,29.13,29.21,29.1101,29.21,0.0
2024-02-23 09:30:00-05:00,29.1299991607666,29.174999237060547,28.985000610351562,29.114999771118164,980888.0
2024-02-23 10:30:00-05:00,29.119699478149414,29.190000534057617,29.020000457763672,29.09000015258789,488328.0
2024-02-23 11:30:00-05:00,29.079999923706055,29.190000534057617,29.06999969482422,29.09910011291504,420251.0
2024-02-23 12:30:00-05:00,29.09000015258789,29.200000762939453,29.072500228881836,29.180999755859375,315809.0
2024-02-23 13:30:00-05:00,29.18000030517578,29.309999465942383,29.170000076293945,29.280000686645508,824128.0
2024-02-23 14:30:00-05:00,29.274999618530273,29.329999923706055,29.25,29.2549991607666,619480.0
2024-02-23 15:30:00-05:00,29.260000228881836,29.280000686645508,29.219999313354492,29.260000228881836,963293.0
2024-02-23 16:00:00-05:00,29.26,29.27,29.18,29.27,0.0
2024-02-23 17:00:00-05:00,29.26,29.27,29.2,29.2,0.0
2024-02-23 18:00:00-05:00,29.26,29.27,29.26,29.2687,0.0
2024-02-26 04:00:00-05:00,29.3,29.34,29.27,29.27,0.0
2024-02-26 05:00:00-05:00,29.29,29.29,29.28,29.29,0.0
2024-02-26 06:00:00-05:00,29.29,29.35,29.29,29.35,0.0
2024-02-26 07:00:00-05:00,29.35,29.35,29.28,29.28,0.0
2024-02-26 08:00:00-05:00,29.28,30.01,29.27,29.28,0.0
2024-02-26 09:00:00-05:00,29.28,29.38,29.28,29.38,0.0
2024-02-26 09:30:00-05:00,29.309999465942383,29.489999771118164,29.049999237060547,29.075000762939453,1308739.0
2024-02-26 10:30:00-05:00,29.079999923706055,29.149999618530273,28.93000030517578,29.020000457763672,1065806.0
2024-02-26 11:30:00-05:00,29.020000457763672,29.030000686645508,28.84000015258789,28.975000381469727,893297.0
2024-02-26 12:30:00-05:00,28.979999542236328,29.069799423217773,28.950000762939453,28.96500015258789,641047.0
2024-02-26 13:30:00-05:00,28.959999084472656,29.03499984741211,28.90999984741211,28.979999542236328,664135.0
2024-02-26 14:30:00-05:00,28.975000381469727,29.010000228881836,28.8799991607666,28.940000534057617,1391812.0
2024-02-26 15:30:00-05:00,28.934999465942383,28.969999313354492,28.780000686645508,28.78499984741211,2279209.0
2024-02-26 16:00:00-05:00,28.8,28.8,28.79,28.79,0.0
2024-02-26 17:00:00-05:00,28.79,29.08,28.79,28.8,0.0
2024-02-26 18:00:00-05:00,28.8,28.8,28.72,28.7993,0.0
2024-02-27 04:00:00-05:00,28.79,28.8,28.79,28.8,0.0
2024-02-27 05:00:00-05:00,28.8,28.89,28.76,28.8,0.0
2024-02-27 06:00:00-05:00,28.8,28.8,28.8,28.8,0.0
2024-02-27 07:00:00-05:00,28.8,28.85,28.76,28.85,0.0
2024-02-27 08:00:00-05:00,28.86,29.98,28.75,28.82,0.0
2024-02-27 09:00:00-05:00,28.82,29.0,28.82,28.99,0.0
2024-02-27 09:30:00-05:00,28.959999084472656,28.979900360107422,28.725000381469727,28.84000015258789,942885.0
2024-02-27 10:30:00-05:00,28.84000015258789,28.93000030517578,28.825000762939453,28.864999771118164,623932.0
2024-02-27 11:30:00-05:00,28.864999771118164,28.905000686645508,28.799999237060547,28.844999313354492,628440.0
2024-02-27 12:30:00-05:00,28.844999313354492,28.90999984741211,28.809999465942383,28.829999923706055,573914.0
2024-02-27 13:30:00-05:00,28.81999969482422,28.829999923706055,28.735000610351562,28.739999771118164,541377.0
2024-02-27 14:30:00-05:00,28.7450008392334,28.770000457763672,28.65999984741211,28.770000457763672,672146.0
2024-02-27 15:30:00-05:00,28.764999389648438,28.850000381469727,28.739999771118164,28.81999969482422,1288390.0
2024-02-27 16:00:00-05:00,28.83,28.96,28.69,28.83,0.0
2024-02-27 17:00:00-05:00,28.83,28.95,28.83,28.85,0.0
2024-02-27 18:00:00-05:00,28.85,28.95,28.85,28.91,0.0
2024-02-28 04:00:00-05:00,28.87,28.87,28.77,28.77,0.0
2024-02-28 05:00:00-05:00,28.85,28.89,28.63,28.63,0.0
2024-02-28 06:00:00-05:00,28.63,28.69,28.63,28.68,0.0
2024-02-28 07:00:00-05:00,28.68,28.79,28.68,28.71,0.0
2024-02-28 08:00:00-05:00,28.68,29.52,28.68,28.76,0.0
2024-02-28 09:00:00-05:00,28.73,28.85,28.73,28.85,0.0
2024-02-28 09:30:00-05:00,28.719999313354492,29.075000762939453,28.68000030517578,28.975000381469727,1993406.0
2024-02-28 10:30:00-05:00,28.975000381469727,29.09000015258789,28.950000762939453,28.969999313354492,1079260.0
2024-02-28 11:30:00-05:00,28.96500015258789,28.979999542236328,28.854999542236328,28.885000228881836,763152.0
2024-02-28 12:30:00-05:00,28.889999389648438,28.969999313354492,28.875,28.924999237060547,795638.0
2024-02-28 13:30:00-05:00,28.93000030517578,28.975000381469727,28.764999389648438,28.80139923095703,976782.0
2024-02-28 14:30:00-05:00,28.80500030517578,28.864999771118164,28.774999618530273,28.860000610351562,937266.0
2024-02-28 15:30:00-05:00,28.854999542236328,28.8700008392334,28.690000534057617,28.709999084472656,2702978.0
2024-02-28 16:00:00-05:00,28.72,28.97,26.4996,27.7,0.0
2024-02-28 17:00:00-05:00,27.7,27.75,27.5,27.54,0.0
2024-02-28 18:00:00-05:00,27.59,27.73,27.59,27.6,0.0
2024-02-29 04:00:00-05:00,27.7,28.17,27.06,28.0,0.0
2024-02-29 05:00:00-05:00,28.0,28.0,27.58,27.58,0.0
2024-02-29 06:00:00-05:00,27.74,27.78,27.62,27.77,0.0
2024-02-29 07:00:00-05:00,27.66,28.07,27.65,28.01,0.0
2024-02-29 08:00:00-05:00,28.01,28.25,27.1902,28.15,0.0
2024-02-29 09:00:00-05:00,28.05,28.35,28.05,28.1,0.0
2024-02-29 09:30:00-05:00,27.860000610351562,29.06999969482422,27.658199310302734,28.2450008392334,3791417.0
2024-02-29 10:30:00-05:00,28.239999771118164,28.600000381469727,28.18000030517578,28.5,2045047.0
2024-02-29 11:30:00-05:00,28.5,28.5049991607666,28.264999389648438,28.3700008392334,1519540.0
2024-02-29 12:30:00-05:00,28.375,28.40999984741211,28.295000076293945,28.33009910583496,1062701.0
2024-02-29 13:30:00-05:00,28.34000015258789,28.40999984741211,28.225000381469727,28.274999618530273,1239844.0
2024-02-29 14:30:00-05:00,28.274999618530273,28.30500030517578,28.15999984741211,28.21500015258789,1251649.0
2024-02-29 15:30:00-05:00,28.21500015258789,28.34000015258789,28.079999923706055,28.329999923706055,3528284.0
2024-02-29 16:00:00-05:00,28.33,28.6104,28.09,28.6104,0.0
2024-02-29 17:00:00-05:00,28.68,28.68,28.33,28.68,0.0
2024-02-29 18:00:00-05:00,28.68,28.68,28.58,28.6,0.0
2024-03-01 04:00:00-05:00,28.65,28.8,28.62,28.8,0.0
2024-03-01 05:00:00-05:00,28.8,28.98,28.63,28.63,0.0
2024-03-01 06:00:00-05:00,28.63,28.8,28.63,28.63,0.0
2024-03-01 07:00:00-05:00,28.63,28.75,28.56,28.71,0.0
2024-03-01 08:00:00-05:00,28.71,29.05,28.6,28.76,0.0
2024-03-01 09:00:00-05:00,28.71,28.94,28.65,28.86,0.0
2024-03-01 09:30:00-05:00,29.0,29.549999237060547,28.889999389648438,29.299999237060547,2770969.0
2024-03-01 10:30:00-05:00,29.30500030517578,29.6200008392334,29.190000534057617,29.43079948425293,1826360.0
2024-03-01 11:30:00-05:00,29.434999465942383,29.579999923706055,29.329999923706055,29.520000457763672,1257018.0
2024-03-01 12:30:00-05:00,29.520000457763672,29.530000686645508,29.3799991607666,29.395000457763672,960743.0
2024-03-01 13:30:00-05:00,29.389999389648438,29.548799514770508,29.3799991607666,29.514999389648438,1033735.0
2024-03-01 14:30:00-05:00,29.520000457763672,29.6299991607666,29.459999084472656,29.549999237060547,1303169.0
2024-03-01 15:30:00-05:00,29.545000076293945,29.549999237060547,29.364999771118164,29.40999984741211,2411035.0
2024-03-01 16:00:00-05:00,29.41,29.65,29.29,29.41,0.0
2024-03-01 17:00:00-05:00,29.41,29.41,29.28,29.41,0.0
2024-03-01 18:00:00-05:00,29.4,29.64,29.35,29.48,0.0
2024-03-04 04:00:00-05:00,29.56,29.64,29.46,29.58,0.0
2024-03-04 05:00:00-05:00,29.57,29.63,29.46,29.55,0.0
2024-03-04 06:00:00-05:00,29.5,29.57,29.41,29.57,0.0
2024-03-04 07:00:00-05:00,29.6,29.68,29.56,29.63,0.0
2024-03-04 08:00:00-05:00,29.64,29.76,29.28,29.59,0.0
2024-03-04 09:00:00-05:00,29.5999,29.67,29.5,29.5115,0.0
2024-03-04 09:30:00-05:00,29.350000381469727,29.530000686645508,28.989999771118164,29.5,2438997.0
2024-03-04 10:30:00-05:00,29.4950008392334,29.594999313354492,29.405000686645508,29.479999542236328,1624421.0
2024-03-04 11:30:00-05:00,29.479999542236328,29.520000457763672,29.309999465942383,29.364999771118164,904119.0
2024-03-04 12:30:00-05:00,29.364999771118164,29.399999618530273,29.15999984741211,29.170000076293945,603235.0
2024-03-04 13:30:00-05:00,29.15999984741211,29.34000015258789,29.13010025024414,29.135000228881836,695810.0
2024-03-04 14:30:00-05:00,29.135000228881836,29.274999618530273,29.121299743652344,29.2450008392334,1132064.0
2024-03-04 15:30:00-05:00,29.25,29.2549991607666,29.040000915527344,29.06999969482422,1642368.0
2024-03-04 16:00:00-05:00,29.06,29.38,28.98,29.1008,0.0
2024-03-04 17:00:00-05:00,29.1017,29.17,29.1,29.17,0.0
2024-03-04 18:00:00-05:00,29.17,29.17,29.17,29.17,0.0
2024-03-05 04:00:00-05:00,29.05,29.1,28.95,29.03,0.0
2024-03-05 05:00:00-05:00,29.02,29.02,28.85,28.95,0.0
2024-03-05 06:00:00-05:00,28.95,28.95,28.86,28.95,0.0
2024-03-05 07:00:00-05:00,28.95,29.02,28.86,29.02,0.0
2024-03-05 08:00:00-05:00,29.02,29.03,28.8148,28.9,0.0
2024-03-05 09:00:00-05:00,28.91,29.06,28.91,28.97,0.0
2024-03-05 09:30:00-05:00,28.979999542236328,29.309999465942383,28.8700008392334,29.249500274658203,3189459.0
2024-03-05 10:30:00-05:00,29.2450008392334,29.450000762939453,29.170000076293945,29.21500015258789,1174406.0
2024-03-05 11:30:00-05:00,29.219999313354492,29.239999771118164,29.0,29.114999771118164,569846.0
2024-03-05 12:30:00-05:00,29.1200008392334,29.25,29.09000015258789,29.170000076293945,610218.0
2024-03-05 13:30:00-05:00,29.15999984741211,29.190000534057617,29.09000015258789,29.149999618530273,556892.0
2024-03-05 14:30:00-05:00,29.149999618530273,29.149999618530273,28.969999313354492,28.985000610351562,615148.0
2024-03-05 15:30:00-05:00,28.985000610351562,29.200000762939453,28.975000381469727,29.1299991607666,1445559.0
2024-03-05 16:00:00-05:00,29.13,29.17,28.88,29.13,0.0
2024-03-05 17:00:00-05:00,29.14,29.2,29.14,29.1999,0.0
2024-03-05 18:00:00-05:00,29.16,29.16,29.13,29.13,0.0
2024-03-06 04:00:00-05:00,29.13,29.19,29.13,29.19,0.0
2024-03-06 05:00:00-05:00,29.14,29.2,29.14,29.2,0.0
2024-03-06 06:00:00-05:00,29.23,29.33,29.16,29.2,0.0
2024-03-06 07:00:00-05:00,29.2,29.36,29.16,29.19,0.0
2024-03-06 08:00:00-05:00,29.21,29.37,28.95,29.31,0.0
2024-03-06 09:00:00-05:00,29.29,29.38,29.22,29.22,0.0
2024-03-06 09:30:00-05:00,29.479999542236328,29.790000915527344,29.40999984741211,29.770000457763672,1453940.0
2024-03-06 10:30:00-05:00,29.774999618530273,30.1299991607666,29.65999984741211,30.114999771118164,1760401.0
2024-03-06 11:30:00-05:00,30.114999771118164,30.399999618530273,30.010000228881836,30.354999542236328,1329824.0
2024-03-06 12:30:00-05:00,30.350000381469727,30.5,30.329999923706055,30.434999465942383,1644325.0
2024-03-06 13:30:00-05:00,30.434999465942383,30.440000534057617,30.125,30.175600051879883,1071309.0
2024-03-06 14:30:00-05:00,30.18000030517578,30.200000762939453,30.049999237060547,30.145000457763672,898579.0
2024-03-06 15:30:00-05:00,30.145000457763672,30.239999771118164,30.100000381469727,30.239999771118164,2085327.0
2024-03-06 16:00:00-05:00,30.23,30.28,29.6352,30.27,0.0
2024-03-06 17:00:00-05:00,30.24,30.38,30.22,30.26,0.0
2024-03-06 18:00:00-05:00,30.26,30.38,30.22,30.22,0.0
2024-03-07 04:00:00-05:00,30.17,30.18,30.12,30.12,0.0
2024-03-07 05:00:00-05:00,30.23,30.3,30.09,30.3,0.0
2024-03-07 06:00:00-05:00,30.3,30.3,30.26,30.26,0.0
2024-03-07 07:00:00-05:00,30.26,30.33,30.23,30.33,0.0
2024-03-07 08:00:00-05:00,30.33,30.37,30.1,30.34,0.0
2024-03-07 09:00:00-05:00,30.34,30.38,30.23,30.38,0.0
2024-03-07 09:30:00-05:00,30.360000610351562,30.440000534057617,30.14550018310547,30.334999084472656,1115559.0
2024-03-07 10:30:00-05:00,30.34000015258789,30.399999618530273,30.239999771118164,30.290000915527344,806481.0
2024-03-07 11:30:00-05:00,30.290000915527344,30.950000762939453,30.239999771118164,30.5,4300522.0
2024-03-07 12:30:00-05:00,30.5049991607666,30.520000457763672,30.290000915527344,30.469999313354492,842441.0
2024-03-07 13:30:00-05:00,30.469999313354492,30.579999923706055,30.43000030517578,30.558900833129883,758855.0
2024-03-07 14:30:00-05:00,30.55500030517578,30.610000610351562,30.3799991607666,30.420000076293945,1190288.0
2024-03-07 15:30:00-05:00,30.429800033569336,30.56999969482422,30.375,30.549999237060547,2308227.0
2024-03-07 16:00:00-05:00,30.56,30.57,30.2845,30.46,0.0
2024-03-07 17:00:00-05:00,30.46,30.6,30.46,30.6,0.0
2024-03-07 18:00:00-05:00,30.6,30.6,30.28,30.31,0.0
2024-03-08 04:00:00-05:00,30.54,30.54,30.54,30.54,0.0
2024-03-08 05:00:00-05:00,30.46,30.59,30.45,30.59,0.0
2024-03-08 06:00:00-05:00,30.55,30.58,30.52,30.58,0.0
2024-03-08 07:00:00-05:00,30.58,30.58,30.43,30.44,0.0
2024-03-08 08:00:00-05:00,30.55,30.6,29.33,30.56,0.0
2024-03-08 09:00:00-05:00,30.45,30.7228,30.385,30.72,0.0
2024-03-08 09:30:00-05:00,30.739999771118164,30.84000015258789,30.549999237060547,30.78499984741211,2583976.0
2024-03-08 10:30:00-05:00,30.78499984741211,31.049999237060547,30.704999923706055,30.704999923706055,1728534.0
2024-03-08 11:30:00-05:00,30.709999084472656,30.760000228881836,30.584999084472656,30.725000381469727,814287.0
2024-03-08 12:30:00-05:00,30.729999542236328,30.795000076293945,30.690000534057617,30.739999771118164,623510.0
2024-03-08 13:30:00-05:00,30.735000610351562,30.90999984741211,30.690000534057617,30.905000686645508,616877.0
2024-03-08 14:30:00-05:00,30.905000686645508,30.96500015258789,30.84000015258789,30.899999618530273,982351.0
2024-03-08 15:30:00-05:00,30.895000457763672,30.924999237060547,30.739999771118164,30.739999771118164,1849400.0
2024-03-08 16:00:00-05:00,30.74,30.884,30.74,30.884,0.0
2024-03-08 17:00:00-05:00,30.884,30.95,30.74,30.94,0.0
2024-03-08 18:00:00-05:00,30.94,30.94,30.72,30.9283,0.0
2024-03-11 04:00:00-04:00,30.79,30.99,30.74,30.74,0.0
2024-03-11 05:00:00-04:00,30.74,30.76,30.69,30.69,0.0
2024-03-11 06:00:00-04:00,30.69,30.69,30.69,30.69,0.0
2024-03-11 07:00:00-04:00,30.79,30.88,30.74,30.75,0.0
2024-03-11 08:00:00-04:00,30.75,30.9188,30.5475,30.59,0.0
2024-03-11 09:00:00-04:00,30.59,30.59,30.52,30.5309,0.0
2024-03-11 09:30:00-04:00,30.610000610351562,30.729999542236328,30.385000228881836,30.524999618530273,1295577.0
2024-03-11 10:30:00-04:00,30.530000686645508,30.600000381469727,30.459999084472656,30.489999771118164,678072.0
2024-03-11 11:30:00-04:00,30.4950008392334,30.68000030517578,30.475000381469727,30.674999237060547,605381.0
2024-03-11 12:30:00-04:00,30.674999237060547,30.81999969482422,30.649999618530273,30.790000915527344,614666.0
2024-03-11 13:30:00-04:00,30.799999237060547,30.829999923706055,30.739999771118164,30.774999618530273,483137.0
2024-03-11 14:30:00-04:00,30.770000457763672,30.829999923706055,30.7450008392334,30.815000534057617,628284.0
2024-03-11 15:30:00-04:00,30.815000534057617,30.93000030517578,30.790000915527344,30.850000381469727,1663745.0
2024-03-11 16:00:00-04:00,30.85,30.94,30.74,30.81,0.0
2024-03-11 17:00:00-04:00,30.84,30.92,30.75,30.83,0.0
2024-03-11 18:00:00-04:00,30.89,30.94,30.83,30.89,0.0
2024-03-11 19:00:00-04:00,30.8317,30.9,30.8317,30.86,0.0
2024-03-12 04:00:00-04:00,30.76,30.76,30.6,30.75,0.0
2024-03-12 05:00:00-04:00,30.75,30.75,30.6,30.6,0.0
2024-03-12 06:00:00-04:00,30.6,30.7,30.6,30.61,0.0
2024-03-12 07:00:00-04:00,30.61,30.69,30.6,30.6,0.0
2024-03-12 08:00:00-04:00,30.6,30.71,30.58,30.58,0.0
2024-03-12 09:00:00-04:00,30.58,30.7,30.48,30.52,0.0
2024-03-12 09:30:00-04:00,30.610000610351562,30.770000457763672,30.190000534057617,30.690000534057617,1315553.0
2024-03-12 10:30:00-04:00,30.700000762939453,30.790000915527344,30.65999984741211,30.665000915527344,884926.0
2024-03-12 11:30:00-04:00,30.65999984741211,30.69499969482422,30.520000457763672,30.55500030517578,796318.0
2024-03-12 12:30:00-04:00,30.549999237060547,30.559999465942383,30.31999969482422,30.380199432373047,797831.0
2024-03-12 13:30:00-04:00,30.385000228881836,30.479999542236328,30.375,30.454999923706055,613455.0
2024-03-12 14:30:00-04:00,30.454999923706055,30.530000686645508,30.40999984741211,30.514999389648438,736682.0
2024-03-12 15:30:00-04:00,30.510000228881836,30.649999618530273,30.469999313354492,30.5049991607666,3131954.0
2024-03-12 16:00:00-04:00,30.5,30.61,30.5,30.51,0.0
2024-03-12 17:00:00-04:00,30.51,30.6,30.3,30.41,0.0
2024-03-12 18:00:00-04:00,30.58,30.68,30.41,30.67,0.0
2024-03-12 19:00:00-04:00,30.407,30.41,30.407,30.41,0.0
2024-03-13 04:00:00-04:00,30.41,30.41,30.41,30.41,0.0
2024-03-13 05:00:00-04:00,30.41,30.48,30.41,30.48,0.0
2024-03-13 06:00:00-04:00,30.36,30.41,30.35,30.35,0.0
2024-03-13 07:00:00-04:00,30.35,30.35,30.35,30.35,0.0
2024-03-13 08:00:00-04:00,30.35,30.5321,30.35,30.4,0.0
2024-03-13 09:00:00-04:00,30.4,30.48,30.38,30.43,0.0
2024-03-13 09:30:00-04:00,30.5,30.889999389648438,30.299999237060547,30.8799991607666,865233.0
2024-03-13 10:30:00-04:00,30.8799991607666,30.94499969482422,30.752500534057617,30.764999389648438,837367.0
2024-03-13 11:30:00-04:00,30.760000228881836,30.786500930786133,30.540000915527344,30.55139923095703,564690.0
2024-03-13 12:30:00-04:00,30.549999237060547,30.6200008392334,30.489999771118164,30.545000076293945,513799.0
2024-03-13 13:30:00-04:00,30.549999237060547,30.614999771118164,30.450000762939453,30.584999084472656,445087.0
2024-03-13 14:30:00-04:00,30.584999084472656,30.670000076293945,30.579999923706055,30.625,668393.0
2024-03-13 15:30:00-04:00,30.6200008392334,30.809999465942383,30.61400032043457,30.739999771118164,1730288.0
2024-03-13 16:00:00-04:00,30.75,30.82,30.56,30.56,0.0
2024-03-13 17:00:00-04:00,30.6,30.83,30.5665,30.83,0.0
2024-03-13 18:00:00-04:00,30.8,30.8,30.52,30.52,0.0
2024-03-13 19:00:00-04:00,30.5,30.76,30.49,30.76,0.0
2024-03-14 04:00:00-04:00,30.76,30.79,30.76,30.79,0.0
2024-03-14 05:00:00-04:00,30.79,30.79,30.75,30.75,0.0
2024-03-14 06:00:00-04:00,,,,,
2024-03-14 07:00:00-04:00,30.84,30.85,30.7,30.82,0.0
2024-03-14 08:00:00-04:00,30.82,31.15,30.56,30.84,0.0
2024-03-14 09:00:00-04:00,30.82,30.82,30.7,30.72,0.0
2024-03-14 09:30:00-04:00,30.799999237060547,30.920000076293945,30.459999084472656,30.489999771118164,751633.0
2024-03-14 10:30:00-04:00,30.4950008392334,30.524999618530273,30.3700008392334,30.375,900993.0
2024-03-14 11:30:00-04:00,30.375,30.59000015258789,30.354999542236328,30.572500228881836,855380.0
2024-03-14 12:30:00-04:00,30.575000762939453,30.649999618530273,30.530000686645508,30.579999923706055,859212.0
2024-03-14 13:30:00-04:00,30.575000762939453,30.760000228881836,30.549999237060547,30.684999465942383,862395.0
2024-03-14 14:30:00-04:00,30.690000534057617,30.71660041809082,30.5,30.545000076293945,988603.0
2024-03-14 15:30:00-04:00,30.549999237060547,30.670000076293945,30.469999313354492,30.6299991607666,2286522.0
2024-03-14 16:00:00-04:00,30.64,30.7,30.49,30.6991,0.0
2024-03-14 17:00:00-04:00,30.61,30.77,30.6,30.77,0.0
2024-03-14 18:00:00-04:00,30.77,30.78,30.77,30.78,0.0
2024-03-14 19:00:00-04:00,30.6,30.77,30.4,30.4,0.0
2024-03-15 04:00:00-04:00,30.4,30.4,30.4,30.4,0.0
2024-03-15 05:00:00-04:00,30.4,30.61,30.4,30.61,0.0
2024-03-15 06:00:00-04:00,30.61,30.74,30.61,30.74,0.0
2024-03-15 07:00:00-04:00,30.74,30.74,30.66,30.66,0.0
2024-03-15 08:00:00-04:00,30.66,30.71,30.51,30.61,0.0
2024-03-15 09:00:00-04:00,30.7189,30.7189,30.5301,30.7,0.0
2024-03-15 09:30:00-04:00,30.450000762939453,30.955900192260742,30.450000762939453,30.78499984741211,1490623.0
2024-03-15 10:30:00-04:00,30.78499984741211,30.81999969482422,30.625,30.670000076293945,572174.0
2024-03-15 11:30:00-04:00,30.670000076293945,30.670000076293945,30.53499984741211,30.639999389648438,593433.0
2024-03-15 12:30:00-04:00,30.635000228881836,30.684999465942383,30.56999969482422,30.645000457763672,572203.0
2024-03-15 13:30:00-04:00,30.649999618530273,30.674999237060547,30.53499984741211,30.56559944152832,595285.0
2024-03-15 14:30:00-04:00,30.56999969482422,30.649999618530273,30.5,30.559999465942383,643496.0
2024-03-15 15:30:00-04:00,30.559999465942383,30.579999923706055,30.399999618530273,30.440000534057617,1699308.0
2024-03-15 16:00:00-04:00,30.42,30.58,30.38,30.4,0.0
2024-03-15 17:00:00-04:00,30.41,30.4794,30.3801,30.3802,0.0
2024-03-15 18:00:00-04:00,30.48,30.48,30.38,30.38,0.0
2024-03-15 19:00:00-04:00,30.4,30.4,30.39,30.39,0.0
2024-03-18 04:00:00-04:00,30.39,30.48,30.39,30.48,0.0
2024-03-18 05:00:00-04:00,30.48,30.48,30.48,30.48,0.0
2024-03-18 06:00:00-04:00,30.48,30.55,30.42,30.47,0.0
2024-03-18 07:00:00-04:00,30.47,30.66,30.47,30.65,0.0
2024-03-18 08:00:00-04:00,30.67,30.68,30.4,30.67,0.0
2024-03-18 09:00:00-04:00,30.7,30.7,30.5,30.59,0.0
2024-03-18 09:30:00-04:00,30.389999389648438,30.469999313354492,29.690000534057617,29.770000457763672,1856514.0
2024-03-18 10:30:00-04:00,29.760000228881836,29.895000457763672,29.610000610351562,29.635000228881836,1053453.0
2024-03-18 11:30:00-04:00,29.635000228881836,29.905000686645508,29.620500564575195,29.8799991607666,802058.0
2024-03-18 12:30:00-04:00,29.8799991607666,30.139999389648438,29.8799991607666,30.114999771118164,745246.0
2024-03-18 13:30:00-04:00,30.1200008392334,30.139999389648438,30.040000915527344,30.075000762939453,458517.0
2024-03-18 14:30:00-04:00,30.075000762939453,30.100000381469727,30.0,30.010099411010742,603488.0
2024-03-18 15:30:00-04:00,30.014999389648438,30.094999313354492,29.93000030517578,29.93000030517578,1585733.0
2024-03-18 16:00:00-04:00,29.94,30.0642,29.84,30.05,0.0
2024-03-18 17:00:00-04:00,30.03,30.07,30.03,30.07,0.0
2024-03-18 18:00:00-04:00,30.05,30.05,30.0,30.0,0.0
2024-03-18 19:00:00-04:00,30.07,30.07,29.79,30.0,0.0
2024-03-19 04:00:00-04:00,29.98,29.99,29.92,29.92,0.0
2024-03-19 05:00:00-04:00,29.92,29.93,29.92,29.92,0.0
2024-03-19 06:00:00-04:00,,,,,
2024-03-19 07:00:00-04:00,29.92,29.94,29.84,29.84,0.0
2024-03-19 08:00:00-04:00,29.84,30.99,29.78,29.78,0.0
2024-03-19 09:00:00-04:00,29.76,30.42,29.71,29.75,0.0
2024-03-19 09:30:00-04:00,29.809999465942383,29.81999969482422,29.5,29.530000686645508,752298.0
2024-03-19 10:30:00-04:00,29.530000686645508,29.670000076293945,29.520000457763672,29.649999618530273,420492.0
2024-03-19 11:30:00-04:00,29.65999984741211,29.770000457763672,29.639999389648438,29.71500015258789,414872.0
2024-03-19 12:30:00-04:00,29.71500015258789,29.780000686645508,29.690000534057617,29.71500015258789,396005.0
2024-03-19 13:30:00-04:00,29.719999313354492,29.739999771118164,29.674999237060547,29.684999465942383,438199.0
2024-03-19 14:30:00-04:00,29.684999465942383,29.729999542236328,29.649999618530273,29.729999542236328,560571.0
2024-03-19 15:30:00-04:00,29.729999542236328,29.889999389648438,29.719999313354492,29.829999923706055,1249643.0
2024-03-19 16:00:00-04:00,29.82,29.82,29.63,29.75,0.0
2024-03-19 17:00:00-04:00,29.75,29.78,29.7,29.78,0.0
2024-03-19 18:00:00-04:00,,,,,
2024-03-19 19:00:00-04:00,29.512,29.75,29.5,29.66,0.0
2024-03-20 04:00:00-04:00,29.66,29.79,29.66,29.79,0.0
2024-03-20 05:00:00-04:00,29.79,29.82,29.79,29.82,0.0
2024-03-20 06:00:00-04:00,29.82,29.82,29.69,29.74,0.0
2024-03-20 07:00:00-04:00,29.75,29.82,29.75,29.82,0.0
2024-03-20 08:00:00-04:00,29.82,29.89,29.6542,29.81,0.0
2024-03-20 09:00:00-04:00,29.89,29.89,29.7035,29.82,0.0
2024-03-20 09:30:00-04:00,29.700000762939453,29.770000457763672,29.575000762939453,29.645000457763672,567522.0
2024-03-20 10:30:00-04:00,29.639999389648438,29.665000915527344,29.530000686645508,29.55500030517578,488173.0
2024-03-20 11:30:00-04:00,29.55500030517578,29.59000015258789,29.520000457763672,29.524999618530273,448378.0
2024-03-20 12:30:00-04:00,29.520000457763672,29.524999618530273,29.40999984741211,29.46500015258789,381981.0
2024-03-20 13:30:00-04:00,29.46500015258789,29.584999084472656,29.3700008392334,29.40999984741211,459788.0
2024-03-20 14:30:00-04:00,29.415000915527344,29.665000915527344,29.329999923706055,29.655000686645508,897465.0
2024-03-20 15:30:00-04:00,29.655000686645508,29.704999923706055,29.610000610351562,29.68000030517578,943837.0
2024-03-20 16:00:00-04:00,29.68,29.88,29.67,29.88,0.0
2024-03-20 17:00:00-04:00,29.88,29.88,29.74,29.75,0.0
2024-03-20 18:00:00-04:00,29.75,29.79,29.6,29.75,0.0
2024-03-20 19:00:00-04:00,29.8145,29.82,29.68,29.82,0.0
2024-03-21 04:00:00-04:00,29.82,29.82,29.82,29.82,0.0
2024-03-21 05:00:00-04:00,29.82,29.82,29.78,29.78,0.0
2024-03-21 06:00:00-04:00,29.78,29.84,29.78,29.84,0.0
2024-03-21 07:00:00-04:00,29.84,29.84,29.84,29.84,0.0
2024-03-21 08:00:00-04:00,29.88,30.0,29.8,29.8,0.0
2024-03-21 09:00:00-04:00,29.8,29.87,29.75,29.86,0.0
2024-03-21 09:30:00-04:00,29.850000381469727,30.200000762939453,29.700000762939453,30.135000228881836,971730.0
2024-03-21 10:30:00-04:00,30.139999389648438,30.260000228881836,30.09000015258789,30.204999923706055,1020197.0
2024-03-21 11:30:00-04:00,30.204999923706055,30.385000228881836,30.200000762939453,30.332500457763672,479460.0
2024-03-21 12:30:00-04:00,30.34000015258789,30.34000015258789,30.149999618530273,30.18899917602539,496206.0
2024-03-21 13:30:00-04:00,30.18000030517578,30.18000030517578,30.03499984741211,30.049999237060547,389811.0
2024-03-21 14:30:00-04:00,30.05500030517578,30.139999389648438,29.979999542236328,30.114999771118164,636419.0
2024-03-21 15:30:00-04:00,30.110000610351562,30.200000762939453,30.05500030517578,30.075000762939453,1333523.0
2024-03-21 16:00:00-04:00,30.08,30.1182,30.02,30.05,0.0
2024-03-21 17:00:00-04:00,30.05,30.1172,30.01,30.1172,0.0
2024-03-21 18:00:00-04:00,30.09,30.12,30.0803,30.12,0.0
2024-03-21 19:00:00-04:00,30.01,30.12,29.89,30.09,0.0
2024-03-22 04:00:00-04:00,30.09,30.2,30.09,30.2,0.0
2024-03-22 05:00:00-04:00,30.2,30.2,30.2,30.2,0.0
2024-03-22 06:00:00-04:00,30.2,30.2,30.11,30.11,0.0
2024-03-22 07:00:00-04:00,30.11,30.11,30.11,30.11,0.0
2024-03-22 08:00:00-04:00,30.11,30.25,30.03,30.18,0.0
2024-03-22 09:00:00-04:00,30.03,30.08,30.0107,30.08,0.0
2024-03-22 09:30:00-04:00,30.110000610351562,30.239999771118164,30.020000457763672,30.100000381469727,691985.0
2024-03-22 10:30:00-04:00,30.110000610351562,30.149999618530273,30.075000762939453,30.114999771118164,422155.0
2024-03-22 11:30:00-04:00,30.1200008392334,30.15999984741211,30.030000686645508,30.06599998474121,397382.0
2024-03-22 12:30:00-04:00,30.06999969482422,30.079999923706055,30.0,30.0049991607666,347692.0
2024-03-22 13:30:00-04:00,30.0,30.014999389648438,29.959999084472656,29.998899459838867,311470.0
2024-03-22 14:30:00-04:00,29.989999771118164,30.030000686645508,29.950000762939453,30.014999389648438,472674.0
2024-03-22 15:30:00-04:00,30.014999389648438,30.1200008392334,29.989999771118164,30.049999237060547,1086278.0
2024-03-22 16:00:00-04:00,30.05,30.24,30.01,30.01,0.0
2024-03-22 17:00:00-04:00,30.01,30.21,30.01,30.21,0.0
2024-03-22 18:00:00-04:00,30.21,30.21,29.883,30.0,0.0
2024-03-22 19:00:00-04:00,30.01,30.28,30.01,30.28,0.0
2024-03-25 04:00:00-04:00,30.28,30.28,30.28,30.28,0.0
2024-03-25 05:00:00-04:00,30.1,30.1,29.89,30.05,0.0
2024-03-25 06:00:00-04:00,30.05,30.05,30.0,30.0,0.0
2024-03-25 07:00:00-04:00,30.0,30.05,29.95,29.95,0.0
2024-03-25 08:00:00-04:00,29.95,30.12,29.9,30.0,0.0
2024-03-25 09:00:00-04:00,30.0,30.0,29.91,29.99,0.0
2024-03-25 09:30:00-04:00,29.889999389648438,30.059999465942383,29.829999923706055,29.959999084472656,1227547.0
2024-03-25 10:30:00-04:00,29.959999084472656,30.030000686645508,29.860000610351562,29.975000381469727,931645.0
2024-03-25 11:30:00-04:00,29.969999313354492,30.030000686645508,29.950000762939453,30.011699676513672,454161.0
2024-03-25 12:30:00-04:00,30.014999389648438,30.020000457763672,29.899999618530273,29.899999618530273,478745.0
2024-03-25 13:30:00-04:00,29.90999984741211,29.969999313354492,29.8799991607666,29.96500015258789,753842.0
2024-03-25 14:30:00-04:00,29.959999084472656,29.969999313354492,29.809999465942383,29.900100708007812,814400.0
2024-03-25 15:30:00-04:00,29.90999984741211,29.950000762939453,29.850000381469727,29.8799991607666,1165065.0
2024-03-25 16:00:00-04:00,29.88,29.9,29.85,29.9,0.0
2024-03-25 17:00:00-04:00,29.9,29.929,29.8947,29.8947,0.0
2024-03-25 18:00:00-04:00,29.93,30.0,29.89,30.0,0.0
2024-03-25 19:00:00-04:00,29.89,29.89,29.89,29.89,0.0
2024-03-26 04:00:00-04:00,29.89,29.89,29.89,29.89,0.0
2024-03-26 05:00:00-04:00,29.94,30.0,29.89,29.99,0.0
2024-03-26 06:00:00-04:00,29.99,30.0,29.99,30.0,0.0
2024-03-26 07:00:00-04:00,30.0,30.0,29.9,29.94,0.0
2024-03-26 08:00:00-04:00,29.94,30.0557,29.89,30.0,0.0
2024-03-26 09:00:00-04:00,30.0,30.0691,30.0,30.0691,0.0
2024-03-26 09:30:00-04:00,30.049999237060547,30.139999389648438,29.989999771118164,30.084999084472656,589913.0
2024-03-26 10:30:00-04:00,30.084999084472656,30.139999389648438,30.045000076293945,30.09000015258789,571813.0
2024-03-26 11:30:00-04:00,30.09000015258789,30.139999389648438,30.049999237060547,30.06999969482422,485599.0
2024-03-26 12:30:00-04:00,30.06999969482422,30.06999969482422,30.010000228881836,30.045000076293945,337040.0
2024-03-26 13:30:00-04:00,30.045000076293945,30.084999084472656,29.979999542236328,30.075000762939453,478123.0
2024-03-26 14:30:00-04:00,30.075000762939453,30.079999923706055,30.020000457763672,30.03499984741211,573963.0
2024-03-26 15:30:00-04:00,30.03499984741211,30.06999969482422,30.0,30.010000228881836,1393262.0
2024-03-26 16:00:00-04:00,30.0,30.1,29.99,30.04,0.0
2024-03-26 17:00:00-04:00,30.0413,30.0887,30.0413,30.0415,0.0
2024-03-26 18:00:00-04:00,30.04,30.1,30.04,30.1,0.0
2024-03-26 19:00:00-04:00,29.9537,29.96,29.9537,29.96,0.0
2024-03-27 04:00:00-04:00,29.96,30.1,29.96,30.0,0.0
2024-03-27 05:00:00-04:00,30.0,30.0,30.0,30.0,0.0
2024-03-27 06:00:00-04:00,30.0,30.09,30.0,30.09,0.0
2024-03-27 07:00:00-04:00,30.15,30.18,30.07,30.18,0.0
2024-03-27 08:00:00-04:00,30.18,30.18,29.91,30.044,0.0
2024-03-27 09:00:00-04:00,30.17,30.18,30.07,30.08,0.0
2024-03-27 09:30:00-04:00,30.190000534057617,30.200000762939453,29.920000076293945,30.049999237060547,979310.0
2024-03-27 10:30:00-04:00,30.049999237060547,30.135000228881836,29.950000762939453,29.9950008392334,778336.0
2024-03-27 11:30:00-04:00,29.989999771118164,30.020000457763672,29.81999969482422,29.844999313354492,509829.0
2024-03-27 12:30:00-04:00,29.850000381469727,29.8700008392334,29.75,29.790000915527344,436855.0
2024-03-27 13:30:00-04:00,29.795000076293945,29.889999389648438,29.725000381469727,29.889999389648438,704461.0
2024-03-27 14:30:00-04:00,29.885000228881836,30.0,29.850000381469727,29.9950008392334,748639.0
2024-03-27 15:30:00-04:00,30.0,30.149999618530273,29.979999542236328,30.139999389648438,1338838.0
2024-03-27 16:00:00-04:00,30.12,30.17,29.9501,29.9501,0.0
2024-03-27 17:00:00-04:00,30.17,30.18,29.79,29.79,0.0
2024-03-27 18:00:00-04:00,29.79,30.18,29.79,30.1797,0.0
2024-03-27 19:00:00-04:00,30.18,30.18,29.79,29.79,0.0
2024-03-28 04:00:00-04:00,29.79,30.18,29.79,30.18,0.0
2024-03-28 05:00:00-04:00,30.18,30.18,30.18,30.18,0.0
2024-03-28 06:00:00-04:00,30.18,30.18,30.18,30.18,0.0
2024-03-28 07:00:00-04:00,30.18,30.18,30.1,30.14,0.0
2024-03-28 08:00:00-04:00,30.12,30.1772,30.07,30.12,0.0
2024-03-28 09:00:00-04:00,30.15,30.18,30.0206,30.0225,0.0
2024-03-28 09:30:00-04:00,30.1200008392334,30.360000610351562,30.024999618530273,30.045000076293945,751451.0
2024-03-28 10:30:00-04:00,30.049999237060547,30.190000534057617,30.024999618530273,30.190000534057617,514024.0
2024-03-28 11:30:00-04:00,30.184999465942383,30.280000686645508,30.15999984741211,30.280000686645508,529324.0
2024-03-28 12:30:00-04:00,30.27989959716797,30.290000915527344,30.204999923706055,30.239999771118164,311660.0
2024-03-28 13:30:00-04:00,30.235000610351562,30.329999923706055,30.219999313354492,30.28499984741211,450369.0
2024-03-28 14:30:00-04:00,30.28499984741211,30.350000381469727,30.25,30.34000015258789,402458.0
2024-03-28 15:30:00-04:00,30.34000015258789,30.364999771118164,30.174999237060547,30.219999313354492,1180009.0
2024-03-28 16:00:00-04:00,30.22,30.22,28.785,30.2,0.0
2024-03-28 17:00:00-04:00,30.2,30.2,28.35,28.35,0.0
2024-03-28 18:00:00-04:00,30.7,30.7,30.2,30.2198,0.0
2024-03-28 19:00:00-04:00,30.2,30.2,30.1,30.2,0.0
2024-04-01 04:00:00-04:00,30.3,30.32,30.05,30.32,0.0
2024-04-01 05:00:00-04:00,30.38,30.45,30.38,30.45,0.0
2024-04-01 06:00:00-04:00,30.45,30.45,30.45,30.45,0.0
2024-04-01 07:00:00-04:00,30.45,30.45,30.19,30.22,0.0
2024-04-01 08:00:00-04:00,30.22,30.31,30.11,30.3,0.0
2024-04-01 09:00:00-04:00,30.3,30.3,30.1632,30.18,0.0
2024-04-01 09:30:00-04:00,30.25,30.559999465942383,30.219999313354492,30.524999618530273,718788.0
2024-04-01 10:30:00-04:00,30.524999618530273,30.530000686645508,30.325000762939453,30.354999542236328,399988.0
2024-04-01 11:30:00-04:00,30.350000381469727,30.40999984741211,30.309999465942383,30.40999984741211,267797.0
2024-04-01 12:30:00-04:00,30.405000686645508,30.440000534057617,30.364999771118164,30.389999389648438,293143.0
2024-04-01 13:30:00-04:00,30.385000228881836,30.40999984741211,30.350000381469727,30.354999542236328,313349.0
2024-04-01 14:30:00-04:00,30.358999252319336,30.399999618530273,30.31999969482422,30.354999542236328,384407.0
2024-04-01 15:30:00-04:00,30.354999542236328,30.40999984741211,30.25,30.360000610351562,1599644.0
2024-04-01 16:00:00-04:00,30.38,30.38,30.18,30.33,0.0
2024-04-01 17:00:00-04:00,30.34,30.3562,30.23,30.23,0.0
2024-04-01 18:00:00-04:00,30.23,30.23,30.1845,30.23,0.0
2024-04-01 19:00:00-04:00,30.36,30.36,30.36,30.36,0.0
2024-04-02 04:00:00-04:00,30.36,30.36,30.21,30.21,0.0
2024-04-02 05:00:00-04:00,30.21,30.21,30.21,30.21,0.0
2024-04-02 06:00:00-04:00,30.37,30.37,30.37,30.37,0.0
2024-04-02 07:00:00-04:00,30.38,30.38,30.36,30.36,0.0
2024-04-02 08:00:00-04:00,30.36,30.369,30.21,30.21,0.0
2024-04-02 09:00:00-04:00,30.21,30.38,30.13,30.13,0.0
2024-04-02 09:30:00-04:00,30.15999984741211,30.350000381469727,29.915000915527344,30.010000228881836,573583.0
2024-04-02 10:30:00-04:00,30.010000228881836,30.110000610351562,29.829999923706055,29.860000610351562,539923.0
2024-04-02 11:30:00-04:00,29.860000610351562,29.90999984741211,29.7450008392334,29.760000228881836,432727.0
2024-04-02 12:30:00-04:00,29.7549991607666,29.760000228881836,29.635000228881836,29.674999237060547,437302.0
2024-04-02 13:30:00-04:00,29.670000076293945,29.704999923706055,29.610000610351562,29.704999923706055,458260.0
2024-04-02 14:30:00-04:00,29.704999923706055,29.729900360107422,29.549999237060547,29.58340072631836,922484.0
2024-04-02 15:30:00-04:00,29.59000015258789,29.65999984741211,29.53499984741211,29.559999465942383,1378848.0
2024-04-02 16:00:00-04:00,29.5,29.7,29.5,29.56,0.0
2024-04-02 17:00:00-04:00,29.56,29.81,29.56,29.81,0.0
2024-04-02 18:00:00-04:00,29.75,29.75,29.5,29.54,0.0
2024-04-02 19:00:00-04:00,29.7,29.8,29.54,29.79,0.0
2024-04-03 04:00:00-04:00,29.79,29.79,29.54,29.56,0.0
2024-04-03 05:00:00-04:00,29.56,29.63,29.49,29.56,0.0
2024-04-03 06:00:00-04:00,29.56,29.56,29.47,29.47,0.0
2024-04-03 07:00:00-04:00,29.47,29.59,29.38,29.56,0.0
2024-04-03 08:00:00-04:00,29.56,29.6,29.48,29.48,0.0
2024-04-03 09:00:00-04:00,29.48,29.64,29.44,29.55,0.0
2024-04-03 09:30:00-04:00,29.469999313354492,29.770000457763672,29.420000076293945,29.764999389648438,834702.0
2024-04-03 10:30:00-04:00,29.770000457763672,29.899999618530273,29.739999771118164,29.864999771118164,521781.0
2024-04-03 11:30:00-04:00,29.860000610351562,30.09000015258789,29.850000381469727,29.954999923706055,880516.0
2024-04-03 12:30:00-04:00,29.954999923706055,30.020000457763672,29.889999389648438,29.959999084472656,376543.0
2024-04-03 13:30:00-04:00,29.959999084472656,30.0049991607666,29.901399612426758,29.905000686645508,460143.0
2024-04-03 14:30:00-04:00,29.899999618530273,29.905000686645508,29.635000228881836,29.704999923706055,461061.0
2024-04-03 15:30:00-04:00,29.704999923706055,29.770000457763672,29.649999618530273,29.670000076293945,1119600.0
2024-04-03 16:00:00-04:00,29.66,29.69,29.63,29.6891,0.0
2024-04-03 17:00:00-04:00,29.6891,29.69,29.6891,29.6892,0.0
2024-04-03 18:00:00-04:00,29.66,29.69,29.66,29.69,0.0
2024-04-03 19:00:00-04:00,29.7,29.9427,29.66,29.69,0.0
2024-04-04 04:00:00-04:00,29.92,29.92,29.57,29.71,0.0
2024-04-04 05:00:00-04:00,29.71,29.71,29.71,29.71,0.0
2024-04-04 06:00:00-04:00,29.8,29.82,29.8,29.82,0.0
2024-04-04 07:00:00-04:00,29.72,29.88,29.72,29.88,0.0
2024-04-04 08:00:00-04:00,29.88,29.92,29.686,29.686,0.0
2024-04-04 09:00:00-04:00,29.686,29.97,29.68,29.97,0.0
2024-04-04 09:30:00-04:00,30.049999237060547,30.399999618530273,30.049999237060547,30.280000686645508,964364.0
2024-04-04 10:30:00-04:00,30.290000915527344,30.329999923706055,30.09000015258789,30.145000457763672,435060.0
2024-04-04 11:30:00-04:00,30.139999389648438,30.225000381469727,30.114999771118164,30.184999465942383,414364.0
2024-04-04 12:30:00-04:00,30.18000030517578,30.209999084472656,30.1299991607666,30.19499969482422,301426.0
2024-04-04 13:30:00-04:00,30.19499969482422,30.200000762939453,29.8700008392334,29.8700008392334,428494.0
2024-04-04 14:30:00-04:00,29.864999771118164,29.864999771118164,29.59000015258789,29.594999313354492,697832.0
2024-04-04 15:30:00-04:00,29.600000381469727,29.719999313354492,29.599000930786133,29.639999389648438,1159612.0
2024-04-04 16:00:00-04:00,29.64,29.66,29.6,29.64,0.0
2024-04-04 17:00:00-04:00,29.64,29.91,29.6,29.6,0.0
2024-04-04 18:00:00-04:00,29.6,29.93,29.6,29.61,0.0
2024-04-04 19:00:00-04:00,29.93,29.9315,29.6,29.9217,0.0
2024-04-05 04:00:00-04:00,29.9217,29.9217,29.9217,29.9217,0.0
2024-04-05 05:00:00-04:00,29.59,29.64,29.59,29.64,0.0
2024-04-05 06:00:00-04:00,29.64,29.64,29.64,29.64,0.0
2024-04-05 07:00:00-04:00,29.64,29.65,29.64,29.65,0.0
2024-04-05 08:00:00-04:00,29.7,29.76,29.65,29.65,0.0
2024-04-05 09:00:00-04:00,29.67,29.7,29.65,29.65,0.0
2024-04-05 09:30:00-04:00,29.530000686645508,29.600000381469727,29.045000076293945,29.139999389648438,674753.0
2024-04-05 10:30:00-04:00,29.145000457763672,29.360000610351562,29.135000228881836,29.299999237060547,581743.0
2024-04-05 11:30:00-04:00,29.295000076293945,29.399999618530273,29.239999771118164,29.270000457763672,527994.0
2024-04-05 12:30:00-04:00,29.264999389648438,29.298099517822266,29.149999618530273,29.18000030517578,342647.0
2024-04-05 13:30:00-04:00,29.184999465942383,29.209999084472656,29.05500030517578,29.1299991607666,418361.0
2024-04-05 14:30:00-04:00,29.1299991607666,29.199899673461914,29.079999923706055,29.094999313354492,446522.0
2024-04-05 15:30:00-04:00,29.09000015258789,29.190000534057617,29.059999465942383,29.110000610351562,1066366.0
2024-04-05 16:00:00-04:00,29.11,29.19,29.061,29.11,0.0
2024-04-05 17:00:00-04:00,29.1,29.11,29.06,29.0807,0.0
2024-04-05 18:00:00-04:00,29.09,29.15,29.08,29.15,0.0
2024-04-05 19:00:00-04:00,29.08,29.16,29.08,29.1,0.0
2024-04-08 04:00:00-04:00,29.06,29.11,29.06,29.11,0.0
2024-04-08 05:00:00-04:00,29.11,29.11,29.11,29.11,0.0
2024-04-08 06:00:00-04:00,29.11,29.11,29.11,29.11,0.0
2024-04-08 07:00:00-04:00,29.11,29.11,29.06,29.06,0.0
2024-04-08 08:00:00-04:00,29.08,29.38,29.0187,29.08,0.0
2024-04-08 09:00:00-04:00,29.25,29.36,29.1088,29.2,0.0
2024-04-08 09:30:00-04:00,29.280000686645508,29.43000030517578,29.1299991607666,29.334999084472656,665427.0
2024-04-08 10:30:00-04:00,29.329999923706055,29.3799991607666,29.170000076293945,29.18000030517578,481414.0
2024-04-08 11:30:00-04:00,29.170000076293945,29.229999542236328,29.114999771118164,29.21500015258789,403015.0
2024-04-08 12:30:00-04:00,29.209999084472656,29.25,29.193300247192383,29.2450008392334,307007.0
2024-04-08 13:30:00-04:00,29.25,29.295000076293945,29.204999923706055,29.28499984741211,303892.0
2024-04-08 14:30:00-04:00,29.28529930114746,29.40999984741211,29.28499984741211,29.385000228881836,597382.0
2024-04-08 15:30:00-04:00,29.3799991607666,29.43000030517578,29.309999465942383,29.329999923706055,1010500.0
2024-04-08 16:00:00-04:00,29.31,29.4752,29.3,29.3,0.0
2024-04-08 17:00:00-04:00,29.3,29.4267,29.3,29.4,0.0
2024-04-08 18:00:00-04:00,29.29,29.3,29.29,29.3,0.0
2024-04-08 19:00:00-04:00,29.48,29.48,29.25,29.29,0.0
2024-04-09 04:00:00-04:00,29.29,29.29,29.29,29.29,0.0
2024-04-09 05:00:00-04:00,29.29,29.31,29.29,29.31,0.0
2024-04-09 06:00:00-04:00,29.31,29.31,29.26,29.26,0.0
2024-04-09 07:00:00-04:00,29.26,29.26,29.26,29.26,0.0
2024-04-09 08:00:00-04:00,29.26,29.36,29.11,29.28,0.0
2024-04-09 09:00:00-04:00,29.31,29.48,29.31,29.48,0.0
2024-04-09 09:30:00-04:00,29.440000534057617,29.799999237060547,29.3700008392334,29.704999923706055,884186.0
2024-04-09 10:30:00-04:00,29.700000762939453,29.799999237060547,29.614999771118164,29.767000198364258,847007.0
2024-04-09 11:30:00-04:00,29.770000457763672,29.84000015258789,29.71500015258789,29.795000076293945,423816.0
2024-04-09 12:30:00-04:00,29.795000076293945,29.895000457763672,29.700000762939453,29.825000762939453,590267.0
2024-04-09 13:30:00-04:00,29.825000762939453,29.860000610351562,29.75,29.81999969482422,507481.0
2024-04-09 14:30:00-04:00,29.81999969482422,29.8799991607666,29.75,29.8700008392334,836642.0
2024-04-09 15:30:00-04:00,29.860000610351562,29.979999542236328,29.81999969482422,29.969999313354492,1363926.0
2024-04-09 16:00:00-04:00,29.97,29.98,29.97,29.98,0.0
2024-04-09 17:00:00-04:00,29.98,30.0,29.97,30.0,0.0
2024-04-09 18:00:00-04:00,30.0,30.0,29.98,30.0,0.0
2024-04-09 19:00:00-04:00,29.98,29.98,29.97,29.97,0.0
2024-04-10 04:00:00-04:00,29.99,29.99,29.89,29.89,0.0
2024-04-10 05:00:00-04:00,29.89,29.89,29.88,29.88,0.0
2024-04-10 06:00:00-04:00,29.88,29.88,29.88,29.88,0.0
2024-04-10 07:00:00-04:00,29.88,29.99,29.88,29.99,0.0
2024-04-10 08:00:00-04:00,29.91,30.1322,29.8508,30.04,0.0
2024-04-10 09:00:00-04:00,29.89,29.89,29.48,29.51,0.0
2024-04-10 09:30:00-04:00,29.5,29.850000381469727,29.434999465942383,29.655000686645508,817709.0
2024-04-10 10:30:00-04:00,29.645000457763672,29.68000030517578,29.280000686645508,29.325000762939453,406209.0
2024-04-10 11:30:00-04:00,29.334999084472656,29.34000015258789,29.114999771118164,29.135000228881836,696486.0
2024-04-10 12:30:00-04:00,29.1299991607666,29.21500015258789,29.010000228881836,29.094999313354492,604569.0
2024-04-10 13:30:00-04:00,29.094999313354492,29.21500015258789,28.989999771118164,29.024999618530273,489530.0
2024-04-10 14:30:00-04:00,29.024999618530273,29.079999923706055,28.934999465942383,28.950000762939453,631204.0
2024-04-10 15:30:00-04:00,28.950000762939453,29.100000381469727,28.920000076293945,28.940000534057617,1684190.0
2024-04-10 16:00:00-04:00,28.95,29.27,28.94,28.95,0.0
2024-04-10 17:00:00-04:00,28.95,28.96,28.92,28.96,0.0
2024-04-10 18:00:00-04:00,28.96,28.96,28.921,28.96,0.0
2024-04-10 19:00:00-04:00,28.94,28.96,28.94,28.96,0.0
2024-04-11 04:00:00-04:00,28.96,28.96,28.96,28.96,0.0
2024-04-11 05:00:00-04:00,28.96,29.04,28.96,29.04,0.0
2024-04-11 06:00:00-04:00,29.04,29.04,29.04,29.04,0.0
2024-04-11 07:00:00-04:00,29.04,29.04,28.91,28.91,0.0
2024-04-11 08:00:00-04:00,28.89,29.1822,28.8,28.95,0.0
2024-04-11 09:00:00-04:00,29.18,29.18,29.0,29.17,0.0
2024-04-11 09:30:00-04:00,29.059999465942383,29.06999969482422,28.81999969482422,28.854999542236328,606789.0
2024-04-11 10:30:00-04:00,28.854999542236328,28.8700008392334,28.681400299072266,28.7450008392334,622272.0
2024-04-11 11:30:00-04:00,28.739999771118164,28.889999389648438,28.739999771118164,28.84000015258789,385705.0
2024-04-11 12:30:00-04:00,28.844999313354492,29.209999084472656,28.825000762939453,29.149999618530273,617183.0
2024-04-11 13:30:00-04:00,29.149999618530273,29.1875,29.049999237060547,29.174999237060547,486358.0
2024-04-11 14:30:00-04:00,29.170000076293945,29.225000381469727,29.145000457763672,29.21500015258789,423838.0
2024-04-11 15:30:00-04:00,29.209999084472656,29.280000686645508,29.170000076293945,29.225000381469727,1224660.0
2024-04-11 16:00:00-04:00,29.23,29.27,28.96,28.9677,0.0
2024-04-11 17:00:00-04:00,28.9677,29.26,28.9677,29.26,0.0
2024-04-11 18:00:00-04:00,29.26,29.26,29.0162,29.0162,0.0
2024-04-11 19:00:00-04:00,29.26,29.26,29.26,29.26,0.0
2024-04-12 04:00:00-04:00,29.26,29.26,29.26,29.26,0.0
2024-04-12 05:00:00-04:00,29.26,29.26,29.23,29.23,0.0
2024-04-12 06:00:00-04:00,29.23,29.23,29.23,29.23,0.0
2024-04-12 07:00:00-04:00,29.23,29.23,29.17,29.2,0.0
2024-04-12 08:00:00-04:00,29.02,29.31,29.02,29.22,0.0
2024-04-12 09:00:00-04:00,29.03,29.04,28.91,28.99,0.0
2024-04-12 09:30:00-04:00,28.989999771118164,29.18000030517578,28.829500198364258,28.934999465942383,599219.0
2024-04-12 10:30:00-04:00,28.93000030517578,28.959999084472656,28.7450008392334,28.802499771118164,587756.0
2024-04-12 11:30:00-04:00,28.80900001525879,28.84000015258789,28.645000457763672,28.665000915527344,410057.0
2024-04-12 12:30:00-04:00,28.65999984741211,28.665000915527344,28.3799991607666,28.389999389648438,418144.0
2024-04-12 13:30:00-04:00,28.399999618530273,28.565000534057617,28.360000610351562,28.454999923706055,814194.0
2024-04-12 14:30:00-04:00,28.454999923706055,28.545000076293945,28.395000457763672,28.5049991607666,669809.0
2024-04-12 15:30:00-04:00,28.5049991607666,28.575000762939453,28.43000030517578,28.520000457763672,1490711.0
2024-04-12 16:00:00-04:00,28.53,28.67,28.41,28.53,0.0
2024-04-12 17:00:00-04:00,28.53,28.53,28.53,28.53,0.0
2024-04-12 18:00:00-04:00,28.53,28.53,28.4,28.4,0.0
2024-04-12 19:00:00-04:00,28.41,28.41,28.3501,28.38,0.0
2024-04-15 04:00:00-04:00,28.38,28.69,28.38,28.69,0.0
2024-04-15 05:00:00-04:00,28.69,28.69,28.69,28.69,0.0
2024-04-15 06:00:00-04:00,28.69,28.69,28.5,28.5,0.0
2024-04-15 07:00:00-04:00,28.5,28.71,28.5,28.68,0.0
2024-04-15 08:00:00-04:00,28.68,28.8281,28.53,28.53,0.0
2024-04-15 09:00:00-04:00,28.53,28.76,28.53,28.76,0.0
2024-04-15 09:30:00-04:00,28.770000457763672,28.899999618530273,28.3799991607666,28.385000228881836,735628.0
2024-04-15 10:30:00-04:00,28.389999389648438,28.459999084472656,28.274999618530273,28.454999923706055,685227.0
2024-04-15 11:30:00-04:00,28.459999084472656,28.469999313354492,28.280000686645508,28.334999084472656,514257.0
2024-04-15 12:30:00-04:00,28.334999084472656,28.364999771118164,28.239999771118164,28.239999771118164,455644.0
2024-04-15 13:30:00-04:00,28.239999771118164,28.309999465942383,28.010000228881836,28.030000686645508,527494.0
2024-04-15 14:30:00-04:00,28.020000457763672,28.1200008392334,27.90999984741211,27.949899673461914,562130.0
2024-04-15 15:30:00-04:00,27.950000762939453,28.020000457763672,27.905000686645508,27.959999084472656,1044389.0
2024-04-15 16:00:00-04:00,27.96,28.27,27.96,27.96,0.0
2024-04-15 17:00:00-04:00,27.96,28.28,27.94,28.15,0.0
2024-04-15 18:00:00-04:00,28.15,28.27,28.15,28.2602,0.0
2024-04-15 19:00:00-04:00,28.0,28.24,27.9,28.24,0.0
2024-04-16 04:00:00-04:00,28.24,28.24,27.92,27.92,0.0
2024-04-16 05:00:00-04:00,27.92,27.92,27.79,27.79,0.0
2024-04-16 06:00:00-04:00,27.79,27.89,27.7,27.89,0.0
2024-04-16 07:00:00-04:00,27.89,27.92,27.84,27.92,0.0
2024-04-16 08:00:00-04:00,27.95,28.05,27.6562,28.0497,0.0
2024-04-16 09:00:00-04:00,28.0497,28.1,28.0497,28.05,0.0
2024-04-16 09:30:00-04:00,27.979999542236328,28.040000915527344,27.700000762939453,27.704999923706055,723774.0
2024-04-16 10:30:00-04:00,27.704999923706055,27.815000534057617,27.6299991607666,27.815000534057617,931504.0
2024-04-16 11:30:00-04:00,27.809999465942383,27.850000381469727,27.67009925842285,27.71500015258789,801306.0
2024-04-16 12:30:00-04:00,27.709999084472656,27.739999771118164,27.56999969482422,27.65999984741211,698398.0
2024-04-16 13:30:00-04:00,27.65999984741211,27.844999313354492,27.549999237060547,27.674999237060547,541842.0
2024-04-16 14:30:00-04:00,27.670000076293945,27.84000015258789,27.670000076293945,27.790000915527344,643010.0
2024-04-16 15:30:00-04:00,27.795000076293945,27.877500534057617,27.719999313354492,27.78499984741211,1112360.0
2024-04-16 16:00:00-04:00,27.79,27.79,27.76,27.79,0.0
2024-04-16 17:00:00-04:00,27.79,27.877,27.79,27.877,0.0
2024-04-16 18:00:00-04:00,27.877,27.88,27.83,27.83,0.0
2024-04-16 19:00:00-04:00,27.88,27.88,27.87,27.88,0.0
2024-04-17 04:00:00-04:00,27.79,27.79,27.79,27.79,0.0
2024-04-17 05:00:00-04:00,27.79,27.88,27.76,27.76,0.0
2024-04-17 06:00:00-04:00,27.76,27.76,27.76,27.76,0.0
2024-04-17 07:00:00-04:00,27.76,28.01,27.76,27.88,0.0
2024-04-17 08:00:00-04:00,27.88,28.132,27.83,27.97,0.0
2024-04-17 09:00:00-04:00,27.88,27.98,27.7847,27.967,0.0
2024-04-17 09:30:00-04:00,27.950000762939453,28.204999923706055,27.8799991607666,27.940000534057617,745387.0
2024-04-17 10:30:00-04:00,27.94499969482422,27.959999084472656,27.770000457763672,27.825000762939453,547764.0
2024-04-17 11:30:00-04:00,27.825000762939453,27.899999618530273,27.704999923706055,27.725000381469727,496358.0
2024-04-17 12:30:00-04:00,27.725000381469727,27.849899291992188,27.670000076293945,27.81999969482422,372070.0
2024-04-17 13:30:00-04:00,27.825000762939453,27.850000381469727,27.75,27.815000534057617,498780.0
2024-04-17 14:30:00-04:00,27.815000534057617,27.920000076293945,27.625,27.700000762939453,867014.0
2024-04-17 15:30:00-04:00,27.709999084472656,27.80500030517578,27.655000686645508,27.68000030517578,1244162.0
2024-04-17 16:00:00-04:00,27.69,27.69,27.69,27.69,0.0
2024-04-17 17:00:00-04:00,27.69,27.962,27.69,27.962,0.0
2024-04-17 18:00:00-04:00,27.962,27.962,27.65,27.658,0.0
2024-04-17 19:00:00-04:00,,,,,
2024-04-18 04:00:00-04:00,27.65,27.65,27.65,27.65,0.0
2024-04-18 05:00:00-04:00,27.65,28.04,27.65,27.84,0.0
2024-04-18 06:00:00-04:00,27.84,27.84,27.77,27.84,0.0
2024-04-18 07:00:00-04:00,27.84,27.9,27.84,27.9,0.0
2024-04-18 08:00:00-04:00,27.9,27.98,27.61,27.84,0.0
2024-04-18 09:00:00-04:00,27.77,27.95,27.77,27.89,0.0
2024-04-18 09:30:00-04:00,27.690000534057617,27.84000015258789,27.65999984741211,27.809999465942383,608234.0
2024-04-18 10:30:00-04:00,27.799999237060547,28.020000457763672,27.760000228881836,27.889999389648438,618548.0
2024-04-18 11:30:00-04:00,27.889999389648438,27.905000686645508,27.68000030517578,27.69499969482422,714641.0
2024-04-18 12:30:00-04:00,27.69499969482422,27.71500015258789,27.594999313354492,27.684999465942383,350016.0
2024-04-18 13:30:00-04:00,27.684999465942383,27.684999465942383,27.540000915527344,27.549999237060547,378468.0
2024-04-18 14:30:00-04:00,27.545000076293945,27.649999618530273,27.510099411010742,27.6299991607666,498108.0
2024-04-18 15:30:00-04:00,27.635000228881836,27.684999465942383,27.604999542236328,27.610000610351562,682907.0
2024-04-18 16:00:00-04:00,27.62,27.88,27.55,27.62,0.0
2024-04-18 17:00:00-04:00,27.62,27.62,27.56,27.58,0.0
2024-04-18 18:00:00-04:00,27.58,27.87,27.58,27.87,0.0
2024-04-18 19:00:00-04:00,27.58,27.58,27.58,27.58,0.0
2024-04-19 04:00:00-04:00,27.58,27.58,27.5,27.5,0.0
2024-04-19 05:00:00-04:00,27.5,27.56,27.5,27.56,0.0
2024-04-19 06:00:00-04:00,27.56,27.56,27.49,27.49,0.0
2024-04-19 07:00:00-04:00,27.49,27.56,27.49,27.56,0.0
2024-04-19 08:00:00-04:00,27.56,27.8025,27.416,27.7,0.0
2024-04-19 09:00:00-04:00,27.7,27.87,27.5,27.5,0.0
2024-04-19 09:30:00-04:00,27.65999984741211,27.899999618530273,27.56999969482422,27.899999618530273,644061.0
2024-04-19 10:30:00-04:00,27.889999389648438,27.940000534057617,27.774999618530273,27.809999465942383,384552.0
2024-04-19 11:30:00-04:00,27.809999465942383,27.885000228881836,27.735000610351562,27.736099243164062,521330.0
2024-04-19 12:30:00-04:00,27.729999542236328,27.860000610351562,27.690000534057617,27.795000076293945,434671.0
2024-04-19 13:30:00-04:00,27.790000915527344,27.850000381469727,27.735000610351562,27.774999618530273,480712.0
2024-04-19 14:30:00-04:00,27.770000457763672,27.854999542236328,27.719999313354492,27.7549991607666,702941.0
2024-04-19 15:30:00-04:00,27.756500244140625,27.84000015258789,27.721099853515625,27.81999969482422,795844.0
2024-04-19 16:00:00-04:00,27.81,27.85,27.72,27.8119,0.0
2024-04-19 17:00:00-04:00,27.8119,27.973,27.8119,27.95,0.0
2024-04-19 18:00:00-04:00,27.95,27.98,27.81,27.81,0.0
2024-04-19 19:00:00-04:00,27.8,27.98,27.76,27.95,0.0
2024-04-22 04:00:00-04:00,27.95,27.95,27.95,27.95,0.0
2024-04-22 05:00:00-04:00,27.95,27.95,27.95,27.95,0.0
2024-04-22 06:00:00-04:00,27.95,27.95,27.9,27.9,0.0
2024-04-22 07:00:00-04:00,27.9,28.0,27.84,28.0,0.0
2024-04-22 08:00:00-04:00,28.0,28.07,27.82,27.95,0.0
2024-04-22 09:00:00-04:00,28.01,28.07,27.95,27.98,0.0
2024-04-22 09:30:00-04:00,28.0,28.100000381469727,27.75,27.795000076293945,459926.0
2024-04-22 10:30:00-04:00,27.799999237060547,27.899999618530273,27.600000381469727,27.6200008392334,426750.0
2024-04-22 11:30:00-04:00,27.614999771118164,27.739999771118164,27.5,27.68000030517578,487290.0
2024-04-22 12:30:00-04:00,27.690000534057617,27.795000076293945,27.649999618530273,27.795000076293945,326928.0
2024-04-22 13:30:00-04:00,27.799999237060547,27.950000762939453,27.774999618530273,27.860000610351562,726011.0
2024-04-22 14:30:00-04:00,27.864999771118164,27.90999984741211,27.799999237060547,27.834999084472656,511580.0
2024-04-22 15:30:00-04:00,27.825000762939453,27.834999084472656,27.649999618530273,27.700000762939453,1290953.0
2024-04-22 16:00:00-04:00,27.7,27.97,27.5896,27.83,0.0
2024-04-22 17:00:00-04:00,27.83,27.96,27.5895,27.69,0.0
2024-04-22 18:00:00-04:00,27.5895,27.98,27.5895,27.7,0.0
2024-04-22 19:00:00-04:00,27.58,27.9602,27.58,27.58,0.0
2024-04-23 04:00:00-04:00,27.58,27.58,27.58,27.58,0.0
2024-04-23 05:00:00-04:00,27.58,27.72,27.58,27.71,0.0
2024-04-23 06:00:00-04:00,27.71,27.71,27.71,27.71,0.0
2024-04-23 07:00:00-04:00,27.71,27.88,27.71,27.81,0.0
2024-04-23 08:00:00-04:00,27.81,27.95,27.67,27.67,0.0
2024-04-23 09:00:00-04:00,27.67,27.89,27.67,27.8,0.0
2024-04-23 09:30:00-04:00,27.690000534057617,27.850000381469727,27.579999923706055,27.7549991607666,451510.0
2024-04-23 10:30:00-04:00,27.75,27.81999969482422,27.684999465942383,27.71500015258789,489109.0
2024-04-23 11:30:00-04:00,27.709999084472656,27.78499984741211,27.69499969482422,27.764999389648438,374582.0
2024-04-23 12:30:00-04:00,27.770000457763672,27.81999969482422,27.700000762939453,27.760000228881836,475003.0
2024-04-23 13:30:00-04:00,27.760000228881836,27.799999237060547,27.729999542236328,27.795000076293945,364419.0
2024-04-23 14:30:00-04:00,27.790000915527344,27.850000381469727,27.760000228881836,27.764999389648438,585779.0
2024-04-23 15:30:00-04:00,27.760000228881836,27.780000686645508,27.639999389648438,27.670000076293945,1463173.0
2024-04-23 16:00:00-04:00,27.67,27.76,27.6615,27.76,0.0
2024-04-23 17:00:00-04:00,27.75,27.76,27.5065,27.61,0.0
2024-04-23 18:00:00-04:00,27.62,27.7555,27.56,27.7555,0.0
2024-04-23 19:00:00-04:00,27.76,27.76,27.72,27.72,0.0
2024-04-24 04:00:00-04:00,27.72,27.72,27.72,27.72,0.0
2024-04-24 05:00:00-04:00,27.72,27.72,27.71,27.71,0.0
2024-04-24 06:00:00-04:00,27.71,27.71,27.67,27.7,0.0
2024-04-24 07:00:00-04:00,27.7,27.71,27.6,27.7,0.0
2024-04-24 08:00:00-04:00,27.7,28.0,27.7,27.73,0.0
2024-04-24 09:00:00-04:00,27.82,27.8475,27.75,27.83,0.0
2024-04-24 09:30:00-04:00,27.809999465942383,27.915000915527344,27.520000457763672,27.594999313354492,1134049.0
2024-04-24 10:30:00-04:00,27.59000015258789,28.290000915527344,27.424999237060547,28.139999389648438,3491063.0
2024-04-24 11:30:00-04:00,28.135000228881836,28.59000015258789,28.110000610351562,28.375,3909613.0
2024-04-24 12:30:00-04:00,28.375,28.48900032043457,28.155000686645508,28.179000854492188,1496304.0
2024-04-24 13:30:00-04:00,28.17799949645996,28.200000762939453,28.030000686645508,28.059999465942383,668628.0
2024-04-24 14:30:00-04:00,28.05500030517578,28.069000244140625,27.969999313354492,28.0049991607666,804699.0
2024-04-24 15:30:00-04:00,28.0049991607666,28.128999710083008,28.0,28.110000610351562,1652747.0
2024-04-24 16:00:00-04:00,28.1,28.1,27.96,28.01,0.0
2024-04-24 17:00:00-04:00,27.97,28.01,27.95,28.01,0.0
2024-04-24 18:00:00-04:00,28.153,28.153,27.8852,27.895,0.0
2024-04-24 19:00:00-04:00,27.9993,28.0,27.89,27.89,0.0
2024-04-25 04:00:00-04:00,27.89,28.09,27.89,28.09,0.0
2024-04-25 05:00:00-04:00,28.09,28.09,28.05,28.09,0.0
2024-04-25 06:00:00-04:00,28.09,28.1,28.09,28.1,0.0
2024-04-25 07:00:00-04:00,28.1,28.11,28.01,28.03,0.0
2024-04-25 08:00:00-04:00,28.03,28.1452,27.56,28.1452,0.0
2024-04-25 09:00:00-04:00,27.95,28.0,27.9,27.9,0.0
2024-04-25 09:30:00-04:00,27.969999313354492,28.299999237060547,27.864999771118164,27.90999984741211,835523.0
2024-04-25 10:30:00-04:00,27.90999984741211,28.049999237060547,27.7549991607666,27.809999465942383,530691.0
2024-04-25 11:30:00-04:00,27.809999465942383,27.989999771118164,27.760000228881836,27.989999771118164,555883.0
2024-04-25 12:30:00-04:00,27.989999771118164,28.010000228881836,27.899999618530273,28.0049991607666,372053.0
2024-04-25 13:30:00-04:00,28.0049991607666,28.155000686645508,27.979999542236328,28.049999237060547,315936.0
2024-04-25 14:30:00-04:00,28.040000915527344,28.190000534057617,28.030000686645508,28.190000534057617,366129.0
2024-04-25 15:30:00-04:00,28.184999465942383,28.18899917602539,28.09000015258789,28.1299991607666,860454.0
2024-04-25 16:00:00-04:00,28.13,28.32,28.13,28.26,0.0
2024-04-25 17:00:00-04:00,28.26,28.38,28.26,28.36,0.0
2024-04-25 18:00:00-04:00,28.27,28.3582,28.13,28.26,0.0
2024-04-25 19:00:00-04:00,,,,,
2024-04-26 04:00:00-04:00,,,,,
2024-04-26 05:00:00-04:00,,,,,
2024-04-26 06:00:00-04:00,,,,,
2024-04-26 07:00:00-04:00,28.26,28.26,28.15,28.21,0.0
2024-04-26 08:00:00-04:00,28.21,28.21,28.13,28.16,0.0
2024-04-26 09:00:00-04:00,28.16,28.32,28.125,28.125,0.0
2024-04-26 09:30:00-04:00,28.1299991607666,28.389999389648438,28.049999237060547,28.28499984741211,528436.0
2024-04-26 10:30:00-04:00,28.299999237060547,28.299999237060547,28.139999389648438,28.165000915527344,443644.0
2024-04-26 11:30:00-04:00,28.165000915527344,28.299999237060547,28.145000457763672,28.270000457763672,459021.0
2024-04-26 12:30:00-04:00,28.270000457763672,28.309999465942383,28.145000457763672,28.18000030517578,478560.0
2024-04-26 13:30:00-04:00,28.18000030517578,28.204999923706055,28.020000457763672,28.05500030517578,401782.0
2024-04-26 14:30:00-04:00,28.05500030517578,28.1200008392334,28.023000717163086,28.059900283813477,429137.0
2024-04-26 15:30:00-04:00,28.059999465942383,28.059999465942383,27.959999084472656,27.989999771118164,817933.0
2024-04-26 16:00:00-04:00,28.0,28.18,27.88,28.18,0.0
2024-04-26 17:00:00-04:00,28.18,28.18,28.0,28.0,0.0
2024-04-26 18:00:00-04:00,27.97,28.18,27.97,28.18,0.0
2024-04-26 19:00:00-04:00,28.18,28.18,28.1784,28.1784,0.0
2024-04-29 04:00:00-04:00,28.13,28.2,28.12,28.12,0.0
2024-04-29 05:00:00-04:00,28.12,28.12,28.1,28.1,0.0
2024-04-29 06:00:00-04:00,28.1,28.12,28.06,28.06,0.0
2024-04-29 07:00:00-04:00,28.06,28.17,27.88,27.91,0.0
2024-04-29 08:00:00-04:00,27.91,28.18,27.8802,28.1,0.0
2024-04-29 09:00:00-04:00,28.183,28.183,27.91,28.1635,0.0
2024-04-29 09:30:00-04:00,28.209999084472656,28.434999465942383,28.174999237060547,28.389999389648438,711409.0
2024-04-29 10:30:00-04:00,28.389999389648438,28.450000762939453,28.239999771118164,28.264999389648438,474068.0
2024-04-29 11:30:00-04:00,28.260000228881836,28.309999465942383,28.21500015258789,28.274999618530273,328074.0
2024-04-29 12:30:00-04:00,28.280000686645508,28.295000076293945,28.19499969482422,28.2450008392334,255408.0
2024-04-29 13:30:00-04:00,28.2450008392334,28.350000381469727,28.239999771118164,28.34000015258789,285675.0
2024-04-29 14:30:00-04:00,28.34000015258789,28.34000015258789,28.190000534057617,28.229999542236328,434797.0
2024-04-29 15:30:00-04:00,28.225000381469727,28.28529930114746,28.18000030517578,28.280000686645508,936041.0
2024-04-29 16:00:00-04:00,28.27,28.27,28.08,28.27,0.0
2024-04-29 17:00:00-04:00,28.25,28.29,28.2,28.29,0.0
2024-04-29 18:00:00-04:00,28.295,28.3,28.1001,28.21,0.0
2024-04-29 19:00:00-04:00,28.3,28.3,28.28,28.3,0.0
2024-04-30 04:00:00-04:00,28.27,28.27,28.27,28.27,0.0
2024-04-30 05:00:00-04:00,28.27,28.27,28.26,28.26,0.0
2024-04-30 06:00:00-04:00,28.26,28.26,28.11,28.24,0.0
2024-04-30 07:00:00-04:00,28.24,28.24,28.11,28.24,0.0
2024-04-30 08:00:00-04:00,28.24,28.3342,28.23,28.27,0.0
2024-04-30 09:00:00-04:00,28.25,28.3437,28.1,28.3437,0.0
2024-04-30 09:30:00-04:00,28.049999237060547,28.3799991607666,28.030000686645508,28.299999237060547,553805.0
2024-04-30 10:30:00-04:00,28.299999237060547,28.434999465942383,28.15999984741211,28.204999923706055,469110.0
2024-04-30 11:30:00-04:00,28.200000762939453,28.239999771118164,28.149999618530273,28.18000030517578,221552.0
2024-04-30 12:30:00-04:00,28.170000076293945,28.18000030517578,28.094999313354492,28.145000457763672,328689.0
2024-04-30 13:30:00-04:00,28.139999389648438,28.21500015258789,28.09000015258789,28.139999389648438,376960.0
2024-04-30 14:30:00-04:00,28.145000457763672,28.168899536132812,28.049999237060547,28.149099349975586,383411.0
2024-04-30 15:30:00-04:00,28.140100479125977,28.25,28.09000015258789,28.09000015258789,1055395.0
2024-04-30 16:00:00-04:00,28.09,28.15,28.0,28.04,0.0
2024-04-30 17:00:00-04:00,28.156,28.38,28.0,28.01,0.0
2024-04-30 18:00:00-04:00,28.0,28.09,27.9801,27.9808,0.0
2024-04-30 19:00:00-04:00,27.99,28.38,27.99,28.09,0.0
2024-05-01 04:00:00-04:00,28.09,28.09,27.77,27.8,0.0
2024-05-01 05:00:00-04:00,,,,,
2024-05-01 06:00:00-04:00,27.8,28.02,27.8,28.02,0.0
2024-05-01 07:00:00-04:00,28.02,28.02,28.02,28.02,0.0
2024-05-01 08:00:00-04:00,28.02,28.59,27.55,28.05,0.0
2024-05-01 09:00:00-04:00,28.09,28.09,27.98,28.0,0.0
2024-05-01 09:30:00-04:00,28.0,28.06999969482422,27.690000534057617,27.825000762939453,825563.0
2024-05-01 10:30:00-04:00,27.84000015258789,27.8799991607666,27.6299991607666,27.69499969482422,944489.0
2024-05-01 11:30:00-04:00,27.69499969482422,27.770000457763672,27.665000915527344,27.739999771118164,472281.0
2024-05-01 12:30:00-04:00,27.739999771118164,27.770000457763672,27.604999542236328,27.65999984741211,471674.0
2024-05-01 13:30:00-04:00,27.665000915527344,27.774999618530273,27.614999771118164,27.770000457763672,525565.0
2024-05-01 14:30:00-04:00,27.770000457763672,28.075000762939453,27.649999618530273,28.0,717793.0
2024-05-01 15:30:00-04:00,27.989999771118164,27.989999771118164,27.725000381469727,27.7450008392334,874590.0
2024-05-01 16:00:00-04:00,27.75,27.8089,27.69,27.75,0.0
2024-05-01 17:00:00-04:00,27.7085,28.04,27.7085,28.04,0.0
2024-05-01 18:00:00-04:00,28.04,28.04,27.68,27.6875,0.0
2024-05-01 19:00:00-04:00,28.02,28.02,28.02,28.02,0.0
2024-05-02 04:00:00-04:00,28.02,28.02,27.85,27.85,0.0
2024-05-02 05:00:00-04:00,27.85,27.85,27.85,27.85,0.0
2024-05-02 06:00:00-04:00,27.85,27.9,27.85,27.85,0.0
2024-05-02 07:00:00-04:00,27.85,28.03,27.85,28.03,0.0
2024-05-02 08:00:00-04:00,28.03,28.05,27.7482,28.05,0.0
2024-05-02 09:00:00-04:00,27.75,28.06,27.75,27.93,0.0
2024-05-02 09:30:00-04:00,27.979999542236328,28.030000686645508,27.520000457763672,27.65850067138672,719311.0
2024-05-02 10:30:00-04:00,27.655000686645508,27.84000015258789,27.6200008392334,27.790000915527344,484458.0
2024-05-02 11:30:00-04:00,27.790000915527344,27.799999237060547,27.674999237060547,27.709999084472656,418333.0
2024-05-02 12:30:00-04:00,27.704999923706055,27.780000686645508,27.65999984741211,27.760000228881836,385545.0
2024-05-02 13:30:00-04:00,27.760000228881836,27.934999465942383,27.719999313354492,27.864999771118164,485087.0
2024-05-02 14:30:00-04:00,27.864999771118164,27.969999313354492,27.860000610351562,27.94499969482422,525748.0
2024-05-02 15:30:00-04:00,27.94499969482422,27.950000762939453,27.860000610351562,27.93000030517578,757536.0
2024-05-02 16:00:00-04:00,27.94,27.99,27.81,27.81,0.0
2024-05-02 17:00:00-04:00,27.94,27.9891,27.94,27.95,0.0
2024-05-02 18:00:00-04:00,27.97,28.0,27.95,27.95,0.0
2024-05-02 19:00:00-04:00,28.0182,28.08,27.95,28.0,0.0
2024-05-03 04:00:00-04:00,28.0,28.07,28.0,28.06,0.0
2024-05-03 05:00:00-04:00,28.06,28.06,28.06,28.06,0.0
2024-05-03 06:00:00-04:00,,,,,
2024-05-03 07:00:00-04:00,28.03,28.03,28.0,28.0,0.0
2024-05-03 08:00:00-04:00,27.99,28.06,27.8752,27.8752,0.0
2024-05-03 09:00:00-04:00,28.0,28.28,27.94,28.19,0.0
2024-05-03 09:30:00-04:00,28.280000686645508,28.5,28.149999618530273,28.299999237060547,755011.0
2024-05-03 10:30:00-04:00,28.299999237060547,28.3700008392334,28.084999084472656,28.139999389648438,774153.0
2024-05-03 11:30:00-04:00,28.139999389648438,28.229999542236328,28.010000228881836,28.184999465942383,319436.0
2024-05-03 12:30:00-04:00,28.19499969482422,28.209999084472656,28.104999542236328,28.149999618530273,327648.0
2024-05-03 13:30:00-04:00,28.155000686645508,28.219999313354492,28.1299991607666,28.204999923706055,346849.0
2024-05-03 14:30:00-04:00,28.204999923706055,28.280000686645508,28.200000762939453,28.2549991607666,438893.0
2024-05-03 15:30:00-04:00,28.25,28.25,28.09000015258789,28.174999237060547,893621.0
2024-05-03 16:00:00-04:00,28.18,28.36,27.98,28.3,0.0
2024-05-03 17:00:00-04:00,28.3,28.35,28.18,28.2,0.0
2024-05-03 18:00:00-04:00,28.2,28.2,28.2,28.2,0.0
2024-05-03 19:00:00-04:00,28.2037,28.2037,28.2,28.2,0.0
2024-05-06 04:00:00-04:00,28.29,28.29,28.12,28.15,0.0
2024-05-06 05:00:00-04:00,28.14,28.17,28.13,28.17,0.0
2024-05-06 06:00:00-04:00,28.17,28.17,28.17,28.17,0.0
2024-05-06 07:00:00-04:00,28.15,28.21,28.15,28.18,0.0
2024-05-06 08:00:00-04:00,28.18,28.24,28.1,28.22,0.0
2024-05-06 09:00:00-04:00,28.21,28.21,28.0,28.2,0.0
2024-05-06 09:30:00-04:00,28.329999923706055,28.3799991607666,28.219999313354492,28.325000762939453,426424.0
2024-05-06 10:30:00-04:00,28.325000762939453,28.354999542236328,28.240999221801758,28.28499984741211,335387.0
2024-05-06 11:30:00-04:00,28.280899047851562,28.350000381469727,28.260000228881836,28.329999923706055,250572.0
2024-05-06 12:30:00-04:00,28.325000762939453,28.389999389648438,28.280000686645508,28.385000228881836,230979.0
2024-05-06 13:30:00-04:00,28.3799991607666,28.399999618530273,28.325000762939453,28.357500076293945,350526.0
2024-05-06 14:30:00-04:00,28.354999542236328,28.375,28.295000076293945,28.329999923706055,463673.0
2024-05-06 15:30:00-04:00,28.334999084472656,28.440000534057617,28.309999465942383,28.420000076293945,1034234.0
2024-05-06 16:00:00-04:00,28.42,28.48,28.08,28.32,0.0
2024-05-06 17:00:00-04:00,28.41,28.48,28.26,28.48,0.0
2024-05-06 18:00:00-04:00,28.47,28.47,28.47,28.47,0.0
2024-05-06 19:00:00-04:00,28.36,28.36,28.36,28.36,0.0
2024-05-07 04:00:00-04:00,28.36,28.36,28.36,28.36,0.0
2024-05-07 05:00:00-04:00,28.36,28.36,28.36,28.36,0.0
2024-05-07 06:00:00-04:00,28.36,28.36,28.36,28.36,0.0
2024-05-07 07:00:00-04:00,28.36,28.42,28.36,28.42,0.0
2024-05-07 08:00:00-04:00,28.42,28.5,28.33,28.48,0.0
2024-05-07 09:00:00-04:00,28.08,28.33,28.08,28.33,0.0
2024-05-07 09:30:00-04:00,28.56999969482422,28.799999237060547,28.56999969482422,28.670000076293945,455840.0
2024-05-07 10:30:00-04:00,28.670000076293945,28.670000076293945,28.46500015258789,28.485000610351562,342173.0
2024-05-07 11:30:00-04:00,28.479999542236328,28.479999542236328,28.3700008392334,28.385000228881836,300236.0
2024-05-07 12:30:00-04:00,28.385000228881836,28.489200592041016,28.360000610351562,28.469999313354492,329426.0
2024-05-07 13:30:00-04:00,28.47800064086914,28.479999542236328,28.270000457763672,28.295000076293945,318486.0
2024-05-07 14:30:00-04:00,28.295000076293945,28.420000076293945,28.2450008392334,28.405000686645508,500157.0
2024-05-07 15:30:00-04:00,28.405000686645508,28.46500015258789,28.395000457763672,28.40999984741211,791384.0
2024-05-07 16:00:00-04:00,28.41,28.4527,28.4,28.4,0.0
2024-05-07 17:00:00-04:00,28.4,28.45,28.18,28.18,0.0
2024-05-07 18:00:00-04:00,28.18,28.18,28.18,28.18,0.0
2024-05-07 19:00:00-04:00,,,,,
2024-05-08 04:00:00-04:00,,,,,
2024-05-08 05:00:00-04:00,,,,,
2024-05-08 06:00:00-04:00,,,,,
2024-05-08 07:00:00-04:00,28.41,28.41,28.4,28.4,0.0
2024-05-08 08:00:00-04:00,28.4,28.7167,28.0112,28.35,0.0
2024-05-08 09:00:00-04:00,28.35,28.39,28.29,28.3,0.0
2024-05-08 09:30:00-04:00,28.3799991607666,28.850000381469727,28.3799991607666,28.799999237060547,567837.0
2024-05-08 10:30:00-04:00,28.809999465942383,28.920000076293945,28.795000076293945,28.905000686645508,441343.0
2024-05-08 11:30:00-04:00,28.90999984741211,29.200000762939453,28.899999618530273,29.200000762939453,1090080.0
2024-05-08 12:30:00-04:00,29.19499969482422,29.280000686645508,29.15999984741211,29.25,771992.0
2024-05-08 13:30:00-04:00,29.25,29.40999984741211,29.229999542236328,29.40999984741211,709667.0
2024-05-08 14:30:00-04:00,29.40999984741211,29.579999923706055,29.389999389648438,29.55500030517578,967484.0
2024-05-08 15:30:00-04:00,29.55500030517578,29.55500030517578,29.399999618530273,29.43000030517578,1982172.0
2024-05-08 16:00:00-04:00,29.44,29.57,29.13,29.13,0.0
2024-05-08 17:00:00-04:00,29.41,29.41,29.1272,29.41,0.0
2024-05-08 18:00:00-04:00,29.42,29.42,29.31,29.31,0.0
2024-05-08 19:00:00-04:00,29.31,29.42,29.31,29.4,0.0
2024-05-09 04:00:00-04:00,29.12,29.12,28.96,28.96,0.0
2024-05-09 05:00:00-04:00,28.96,29.27,28.96,29.25,0.0
2024-05-09 06:00:00-04:00,29.25,29.33,29.25,29.33,0.0
2024-05-09 07:00:00-04:00,29.33,29.33,29.33,29.33,0.0
2024-05-09 08:00:00-04:00,29.33,29.5,29.2807,29.5,0.0
2024-05-09 09:00:00-04:00,29.34,29.5,29.34,29.48,0.0
2024-05-09 09:30:00-04:00,29.389999389648438,29.65999984741211,29.329999923706055,29.524999618530273,768459.0
2024-05-09 10:30:00-04:00,29.530000686645508,29.594999313354492,29.459999084472656,29.469999313354492,498336.0
2024-05-09 11:30:00-04:00,29.469999313354492,29.610000610351562,29.440000534057617,29.575000762939453,538842.0
2024-05-09 12:30:00-04:00,29.575000762939453,29.600000381469727,29.3700008392334,29.40999984741211,580376.0
2024-05-09 13:30:00-04:00,29.415000915527344,29.530000686645508,29.3700008392334,29.450000762939453,617582.0
2024-05-09 14:30:00-04:00,29.44499969482422,29.600000381469727,29.424999237060547,29.594999313354492,629458.0
2024-05-09 15:30:00-04:00,29.595399856567383,29.68000030517578,29.56999969482422,29.649999618530273,1690161.0
2024-05-09 16:00:00-04:00,29.65,29.7,29.62,29.7,0.0
2024-05-09 17:00:00-04:00,29.69,29.71,29.68,29.68,0.0
2024-05-09 18:00:00-04:00,29.65,29.74,29.65,29.71,0.0
2024-05-09 19:00:00-04:00,29.74,29.74,29.71,29.72,0.0
2024-05-10 04:00:00-04:00,29.72,29.79,29.72,29.79,0.0
2024-05-10 05:00:00-04:00,29.66,29.84,29.66,29.83,0.0
2024-05-10 06:00:00-04:00,29.83,29.83,29.82,29.82,0.0
2024-05-10 07:00:00-04:00,29.82,29.89,29.74,29.8,0.0
2024-05-10 08:00:00-04:00,29.8,29.9,29.5677,29.78,0.0
2024-05-10 09:00:00-04:00,29.7772,29.85,29.6647,29.79,0.0
2024-05-10 09:30:00-04:00,29.84000015258789,29.8799991607666,29.6200008392334,29.774999618530273,691985.0
2024-05-10 10:30:00-04:00,29.770099639892578,29.854999542236328,29.709999084472656,29.719900131225586,514057.0
2024-05-10 11:30:00-04:00,29.71500015258789,29.75,29.655000686645508,29.670000076293945,435842.0
2024-05-10 12:30:00-04:00,29.68000030517578,29.75,29.670000076293945,29.725000381469727,452532.0
2024-05-10 13:30:00-04:00,29.72879981994629,29.739999771118164,29.65999984741211,29.69540023803711,484799.0
2024-05-10 14:30:00-04:00,29.69499969482422,29.770000457763672,29.670000076293945,29.709999084472656,521022.0
2024-05-10 15:30:00-04:00,29.709999084472656,29.780000686645508,29.690000534057617,29.719999313354492,830339.0
2024-05-10 16:00:00-04:00,29.72,29.79,29.7197,29.7197,0.0
2024-05-10 17:00:00-04:00,29.72,29.72,29.66,29.71,0.0
2024-05-10 18:00:00-04:00,29.71,29.72,29.5835,29.72,0.0
2024-05-10 19:00:00-04:00,29.71,29.72,29.71,29.72,0.0
2024-05-13 04:00:00-04:00,29.65,29.78,29.65,29.77,0.0
2024-05-13 05:00:00-04:00,29.77,29.77,29.77,29.77,0.0
2024-05-13 06:00:00-04:00,29.77,29.77,29.77,29.77,0.0
2024-05-13 07:00:00-04:00,29.77,29.77,29.75,29.77,0.0
2024-05-13 08:00:00-04:00,29.77,29.8465,29.6108,29.72,0.0
2024-05-13 09:00:00-04:00,29.8,29.89,29.8,29.87,0.0
2024-05-13 09:30:00-04:00,29.84000015258789,30.229999542236328,29.809999465942383,30.09000015258789,930800.0
2024-05-13 10:30:00-04:00,30.094999313354492,30.190000534057617,30.082500457763672,30.100000381469727,565655.0
2024-05-13 11:30:00-04:00,30.093700408935547,30.149999618530273,30.030000686645508,30.08930015563965,501357.0
2024-05-13 12:30:00-04:00,30.084999084472656,30.110000610351562,29.924999237060547,29.985000610351562,622014.0
2024-05-13 13:30:00-04:00,29.985000610351562,30.0049991607666,29.93000030517578,29.94499969482422,301898.0
2024-05-13 14:30:00-04:00,29.94499969482422,29.975000381469727,29.905000686645508,29.954999923706055,451345.0
2024-05-13 15:30:00-04:00,29.954999923706055,29.989999771118164,29.920000076293945,29.934999465942383,966736.0
2024-05-13 16:00:00-04:00,29.9325,29.99,29.9022,29.99,0.0
2024-05-13 17:00:00-04:00,29.99,30.1,29.88,30.1,0.0
2024-05-13 18:00:00-04:00,29.99,30.1,29.8855,29.8855,0.0
2024-05-13 19:00:00-04:00,30.0,30.0,29.8827,29.9,0.0
2024-05-14 04:00:00-04:00,29.9,29.9,29.9,29.9,0.0
2024-05-14 05:00:00-04:00,29.89,29.96,29.86,29.96,0.0
2024-05-14 06:00:00-04:00,29.96,29.96,29.96,29.96,0.0
2024-05-14 07:00:00-04:00,29.96,29.96,29.96,29.96,0.0
2024-05-14 08:00:00-04:00,29.96,30.1717,29.8906,29.8927,0.0
2024-05-14 09:00:00-04:00,29.88,29.91,29.8515,29.88,0.0
2024-05-14 09:30:00-04:00,30.139999389648438,30.3700008392334,30.020000457763672,30.329999923706055,635179.0
2024-05-14 10:30:00-04:00,30.329999923706055,30.774999618530273,30.299999237060547,30.735000610351562,1331960.0
2024-05-14 11:30:00-04:00,30.735000610351562,30.860000610351562,30.68000030517578,30.809999465942383,1094748.0
2024-05-14 12:30:00-04:00,30.80500030517578,30.899999618530273,30.719999313354492,30.774999618530273,782301.0
2024-05-14 13:30:00-04:00,30.780000686645508,30.834999084472656,30.7450008392334,30.771799087524414,547199.0
2024-05-14 14:30:00-04:00,30.770000457763672,30.915000915527344,30.761600494384766,30.829700469970703,747019.0
2024-05-14 15:30:00-04:00,30.825000762939453,30.850000381469727,30.739999771118164,30.739999771118164,1469340.0
2024-05-14 16:00:00-04:00,30.76,30.93,30.58,30.9,0.0
2024-05-14 17:00:00-04:00,30.83,30.85,30.75,30.8,0.0
2024-05-14 18:00:00-04:00,30.8,30.8,30.76,30.79,0.0
2024-05-14 19:00:00-04:00,30.78,30.8,30.75,30.75,0.0
2024-05-15 04:00:00-04:00,30.75,30.85,30.75,30.85,0.0
2024-05-15 05:00:00-04:00,30.85,30.85,30.85,30.85,0.0
2024-05-15 06:00:00-04:00,30.8,30.89,30.8,30.86,0.0
2024-05-15 07:00:00-04:00,30.86,30.86,30.8,30.8,0.0
2024-05-15 08:00:00-04:00,30.8,30.85,30.75,30.81,0.0
2024-05-15 09:00:00-04:00,30.85,31.0,30.77,30.92,0.0
2024-05-15 09:30:00-04:00,31.0,31.299999237060547,30.989999771118164,31.229999542236328,1024154.0
2024-05-15 10:30:00-04:00,31.226999282836914,31.325000762939453,31.125,31.2549991607666,766802.0
2024-05-15 11:30:00-04:00,31.25,31.280000686645508,31.1200008392334,31.225000381469727,489400.0
2024-05-15 12:30:00-04:00,31.225000381469727,31.395000457763672,31.219999313354492,31.295000076293945,469500.0
2024-05-15 13:30:00-04:00,31.295000076293945,31.299999237060547,31.149999618530273,31.18000030517578,474581.0
2024-05-15 14:30:00-04:00,31.184999465942383,31.290000915527344,31.1299991607666,31.290000915527344,535114.0
2024-05-15 15:30:00-04:00,31.280000686645508,31.3799991607666,31.2549991607666,31.360000610351562,1369366.0
2024-05-15 16:00:00-04:00,31.36,31.4,31.1,31.21,0.0
2024-05-15 17:00:00-04:00,31.21,31.36,31.1232,31.36,0.0
2024-05-15 18:00:00-04:00,31.2,31.3,31.1136,31.2952,0.0
2024-05-15 19:00:00-04:00,31.3,31.4,31.11,31.33,0.0
2024-05-16 04:00:00-04:00,31.33,31.33,31.33,31.33,0.0
2024-05-16 05:00:00-04:00,31.33,31.34,31.25,31.25,0.0
2024-05-16 06:00:00-04:00,31.25,31.29,31.24,31.24,0.0
2024-05-16 07:00:00-04:00,31.2,31.29,31.18,31.26,0.0
2024-05-16 08:00:00-04:00,31.25,31.49,31.22,31.34,0.0
2024-05-16 09:00:00-04:00,31.32,31.39,31.24,31.36,0.0
2024-05-16 09:30:00-04:00,31.260000228881836,31.34000015258789,31.110000610351562,31.170000076293945,848868.0
2024-05-16 10:30:00-04:00,31.170000076293945,31.344999313354492,31.1200008392334,31.338499069213867,508227.0
2024-05-16 11:30:00-04:00,31.334999084472656,31.34000015258789,31.25,31.290000915527344,401115.0
2024-05-16 12:30:00-04:00,31.295000076293945,31.298099517822266,31.149999618530273,31.184999465942383,424286.0
2024-05-16 13:30:00-04:00,31.18160057067871,31.204999923706055,31.1200008392334,31.145000457763672,405549.0
2024-05-16 14:30:00-04:00,31.139999389648438,31.170000076293945,31.040000915527344,31.049999237060547,610981.0
2024-05-16 15:30:00-04:00,31.05500030517578,31.094999313354492,31.0,31.06999969482422,1147053.0
2024-05-16 16:00:00-04:00,31.06,31.09,31.0,31.08,0.0
2024-05-16 17:00:00-04:00,31.09,31.15,30.98,31.15,0.0
2024-05-16 18:00:00-04:00,31.1,31.1,31.07,31.07,0.0
2024-05-16 19:00:00-04:00,31.14,31.14,31.07,31.07,0.0
2024-05-17 04:00:00-04:00,31.05,31.05,31.03,31.03,0.0
2024-05-17 05:00:00-04:00,31.01,31.01,30.9,30.95,0.0
2024-05-17 06:00:00-04:00,30.95,30.95,30.95,30.95,0.0
2024-05-17 07:00:00-04:00,30.95,31.1,30.95,31.07,0.0
2024-05-17 08:00:00-04:00,31.07,31.15,30.99,30.99,0.0
2024-05-17 09:00:00-04:00,31.07,31.1387,31.0,31.0,0.0
2024-05-17 09:30:00-04:00,31.229999542236328,31.280000686645508,31.010000228881836,31.1200008392334,633084.0
2024-05-17 10:30:00-04:00,31.125,31.18899917602539,31.079999923706055,31.155000686645508,398068.0
2024-05-17 11:30:00-04:00,31.155000686645508,31.200000762939453,31.040000915527344,31.075000762939453,340507.0
2024-05-17 12:30:00-04:00,31.075000762939453,31.18000030517578,31.06999969482422,31.155000686645508,339465.0
2024-05-17 13:30:00-04:00,31.155000686645508,31.155000686645508,31.030000686645508,31.05500030517578,358716.0
2024-05-17 14:30:00-04:00,31.059999465942383,31.1299991607666,31.040000915527344,31.125,433582.0
2024-05-17 15:30:00-04:00,31.1299991607666,31.25,31.075000762939453,31.200000762939453,1012686.0
2024-05-17 16:00:00-04:00,31.19,31.26,31.0,31.15,0.0
2024-05-17 17:00:00-04:00,31.0,31.29,31.0,31.29,0.0
2024-05-17 18:00:00-04:00,31.29,31.29,31.0,31.15,0.0
2024-05-17 19:00:00-04:00,31.0,31.28,31.0,31.28,0.0
2024-05-20 04:00:00-04:00,31.29,31.29,31.29,31.29,0.0
2024-05-20 05:00:00-04:00,31.29,31.29,31.27,31.27,0.0
2024-05-20 06:00:00-04:00,31.27,31.27,31.27,31.27,0.0
2024-05-20 07:00:00-04:00,31.27,31.28,31.11,31.19,0.0
2024-05-20 08:00:00-04:00,31.19,31.29,31.08,31.14,0.0
2024-05-20 09:00:00-04:00,31.11,31.2787,31.07,31.22,0.0
2024-05-20 09:30:00-04:00,31.3799991607666,31.729999542236328,31.260000228881836,31.719999313354492,819746.0
2024-05-20 10:30:00-04:00,31.719999313354492,31.899999618530273,31.68000030517578,31.895000457763672,777491.0
2024-05-20 11:30:00-04:00,31.89080047607422,31.899999618530273,31.739999771118164,31.792499542236328,425821.0
2024-05-20 12:30:00-04:00,31.790000915527344,31.929500579833984,31.790000915527344,31.850000381469727,535175.0
2024-05-20 13:30:00-04:00,31.840099334716797,31.844999313354492,31.7450008392334,31.774999618530273,492409.0
2024-05-20 14:30:00-04:00,31.77549934387207,31.8700008392334,31.764999389648438,31.790000915527344,496353.0
2024-05-20 15:30:00-04:00,31.795000076293945,31.854999542236328,31.774499893188477,31.81999969482422,1150890.0
2024-05-20 16:00:00-04:00,31.82,31.85,31.77,31.85,0.0
2024-05-20 17:00:00-04:00,31.82,31.92,31.76,31.7844,0.0
2024-05-20 18:00:00-04:00,31.7844,31.92,31.7844,31.92,0.0
2024-05-20 19:00:00-04:00,31.89,31.89,31.76,31.76,0.0
2024-05-21 04:00:00-04:00,32.04,32.1,31.95,32.0,0.0
2024-05-21 05:00:00-04:00,32.0,32.1,32.0,32.1,0.0
2024-05-21 06:00:00-04:00,32.1,32.1,31.96,32.02,0.0
2024-05-21 07:00:00-04:00,32.03,32.06,31.97,32.02,0.0
2024-05-21 08:00:00-04:00,32.02,32.22,31.81,32.05,0.0
2024-05-21 09:00:00-04:00,32.05,32.06,31.95,32.02,0.0
2024-05-21 09:30:00-04:00,31.950000762939453,32.189998626708984,31.889999389648438,32.17499923706055,1181860.0
2024-05-21 10:30:00-04:00,32.17499923706055,32.29999923706055,32.150001525878906,32.244998931884766,684053.0
2024-05-21 11:30:00-04:00,32.244998931884766,32.310001373291016,32.130001068115234,32.282501220703125,483129.0
2024-05-21 12:30:00-04:00,32.28499984741211,32.51499938964844,32.27000045776367,32.5099983215332,789629.0
2024-05-21 13:30:00-04:00,32.5099983215332,32.66999816894531,32.4900016784668,32.61000061035156,1005986.0
2024-05-21 14:30:00-04:00,32.61389923095703,32.77000045776367,32.560001373291016,32.75640106201172,905172.0
2024-05-21 15:30:00-04:00,32.75,32.849998474121094,32.65010070800781,32.70000076293945,1810116.0
2024-05-21 16:00:00-04:00,32.69,32.7524,32.56,32.7524,0.0
2024-05-21 17:00:00-04:00,32.61,32.69,32.57,32.66,0.0
2024-05-21 18:00:00-04:00,32.66,32.84,32.57,32.6884,0.0
2024-05-21 19:00:00-04:00,32.69,32.84,32.6896,32.7,0.0
2024-05-22 04:00:00-04:00,32.7,32.82,32.7,32.82,0.0
2024-05-22 05:00:00-04:00,32.82,32.82,32.7,32.73,0.0
2024-05-22 06:00:00-04:00,32.71,32.79,32.71,32.79,0.0
2024-05-22 07:00:00-04:00,32.78,32.78,32.7,32.7,0.0
2024-05-22 08:00:00-04:00,32.69,32.74,32.5,32.69,0.0
2024-05-22 09:00:00-04:00,32.63,32.71,32.63,32.71,0.0
2024-05-22 09:30:00-04:00,32.7599983215332,32.9900016784668,32.75,32.9900016784668,1085670.0
2024-05-22 10:30:00-04:00,32.98500061035156,33.27000045776367,32.97999954223633,33.130001068115234,1504055.0
2024-05-22 11:30:00-04:00,33.1349983215332,33.22999954223633,33.05500030517578,33.224998474121094,814505.0
2024-05-22 12:30:00-04:00,33.224998474121094,33.27000045776367,33.06999969482422,33.13999938964844,574674.0
2024-05-22 13:30:00-04:00,33.14500045776367,33.15999984741211,32.869998931884766,32.87260055541992,610918.0
2024-05-22 14:30:00-04:00,32.869998931884766,32.939998626708984,32.810001373291016,32.92499923706055,568017.0
2024-05-22 15:30:00-04:00,32.921199798583984,33.029998779296875,32.915000915527344,33.0099983215332,1313530.0
2024-05-22 16:00:00-04:00,33.01,33.24,32.76,33.09,0.0
2024-05-22 17:00:00-04:00,33.02,33.26,33.02,33.23,0.0
2024-05-22 18:00:00-04:00,33.15,33.23,33.12,33.15,0.0
2024-05-22 19:00:00-04:00,33.12,33.38,33.04,33.38,0.0
2024-05-23 04:00:00-04:00,33.19,33.21,33.02,33.02,0.0
2024-05-23 05:00:00-04:00,33.07,33.22,33.07,33.17,0.0
2024-05-23 06:00:00-04:00,33.2,33.25,33.17,33.17,0.0
2024-05-23 07:00:00-04:00,33.17,33.25,33.12,33.23,0.0
2024-05-23 08:00:00-04:00,33.17,33.2707,33.03,33.22,0.0
2024-05-23 09:00:00-04:00,33.2,33.36,33.2,33.24,0.0
2024-05-23 09:30:00-04:00,33.18000030517578,33.380001068115234,32.970001220703125,33.17499923706055,1146867.0
2024-05-23 10:30:00-04:00,33.17499923706055,33.20000076293945,32.900001525878906,33.189998626708984,682181.0
2024-05-23 11:30:00-04:00,33.19499969482422,33.20000076293945,33.0,33.099998474121094,348556.0
2024-05-23 12:30:00-04:00,33.099998474121094,33.154998779296875,32.93000030517578,32.98500061035156,326182.0
2024-05-23 13:30:00-04:00,32.97999954223633,32.98500061035156,32.65999984741211,32.67499923706055,494015.0
2024-05-23 14:30:00-04:00,32.66999816894531,32.7400016784668,32.584999084472656,32.69499969482422,773724.0
2024-05-23 15:30:00-04:00,32.69499969482422,32.70500183105469,32.595001220703125,32.650001525878906,1403380.0
2024-05-23 16:00:00-04:00,32.65,32.7,32.64,32.65,0.0
2024-05-23 17:00:00-04:00,32.67,33.06,32.67,33.06,0.0
2024-05-23 18:00:00-04:00,32.66,32.7,32.66,32.7,0.0
2024-05-23 19:00:00-04:00,32.69,32.98,32.69,32.98,0.0
2024-05-24 04:00:00-04:00,32.98,32.98,32.71,32.79,0.0
2024-05-24 05:00:00-04:00,32.79,32.79,32.79,32.79,0.0
2024-05-24 06:00:00-04:00,32.79,32.79,32.73,32.79,0.0
2024-05-24 07:00:00-04:00,32.8,32.87,32.75,32.87,0.0
2024-05-24 08:00:00-04:00,32.85,32.98,32.75,32.97,0.0
2024-05-24 09:00:00-04:00,32.98,32.98,32.76,32.76,0.0
2024-05-24 09:30:00-04:00,32.779998779296875,32.880001068115234,32.59000015258789,32.80500030517578,1038031.0
2024-05-24 10:30:00-04:00,32.80500030517578,32.91999816894531,32.65999984741211,32.845001220703125,629819.0
2024-05-24 11:30:00-04:00,32.845001220703125,32.88999938964844,32.68000030517578,32.709999084472656,602313.0
2024-05-24 12:30:00-04:00,32.70500183105469,32.70500183105469,32.540000915527344,32.540000915527344,634673.0
2024-05-24 13:30:00-04:00,32.540000915527344,32.77000045776367,32.529998779296875,32.744998931884766,851576.0
2024-05-24 14:30:00-04:00,32.744998931884766,32.790000915527344,32.665000915527344,32.69499969482422,697961.0
2024-05-24 15:30:00-04:00,32.69499969482422,32.75,32.61000061035156,32.75,1017792.0
2024-05-24 16:00:00-04:00,32.75,32.75,32.61,32.75,0.0
2024-05-24 17:00:00-04:00,32.61,32.85,32.6005,32.85,0.0
2024-05-24 18:00:00-04:00,32.84,32.85,32.76,32.76,0.0
2024-05-24 19:00:00-04:00,32.76,32.8282,32.76,32.82,0.0
2024-05-28 04:00:00-04:00,32.76,32.97,32.76,32.8,0.0
2024-05-28 05:00:00-04:00,32.8,32.97,32.8,32.85,0.0
2024-05-28 06:00:00-04:00,32.83,32.97,32.77,32.77,0.0
2024-05-28 07:00:00-04:00,32.77,32.82,32.76,32.78,0.0
2024-05-28 08:00:00-04:00,32.83,33.45,32.6682,32.76,0.0
2024-05-28 09:00:00-04:00,32.87,32.99,32.66,32.88,0.0
2024-05-28 09:30:00-04:00,32.88999938964844,33.34000015258789,32.849998474121094,33.209999084472656,1501962.0
2024-05-28 10:30:00-04:00,33.209999084472656,33.3849983215332,33.150001525878906,33.3849983215332,800504.0
2024-05-28 11:30:00-04:00,33.38999938964844,33.435001373291016,33.310001373291016,33.369998931884766,723354.0
2024-05-28 12:30:00-04:00,33.369998931884766,33.44990158081055,33.224998474121094,33.244998931884766,613045.0
2024-05-28 13:30:00-04:00,33.2400016784668,33.27000045776367,32.970001220703125,32.9900016784668,543463.0
2024-05-28 14:30:00-04:00,32.97999954223633,33.16999816894531,32.95000076293945,33.09000015258789,934260.0
2024-05-28 15:30:00-04:00,33.095001220703125,33.15999984741211,33.04999923706055,33.150001525878906,1432178.0
2024-05-28 16:00:00-04:00,33.14,33.15,31.03,33.15,0.0
2024-05-28 17:00:00-04:00,33.15,33.15,32.88,33.14,0.0
2024-05-28 18:00:00-04:00,33.14,33.14,33.05,33.05,0.0
2024-05-28 19:00:00-04:00,33.0,33.13,33.0,33.06,0.0
2024-05-29 04:00:00-04:00,32.97,32.97,32.92,32.92,0.0
2024-05-29 05:00:00-04:00,32.88,32.94,32.81,32.9,0.0
2024-05-29 06:00:00-04:00,32.85,32.92,32.7,32.92,0.0
2024-05-29 07:00:00-04:00,32.92,32.92,32.68,32.72,0.0
2024-05-29 08:00:00-04:00,32.74,33.03,32.7,32.89,0.0
2024-05-29 09:00:00-04:00,32.92,32.93,32.76,32.85,0.0
2024-05-29 09:30:00-04:00,32.779998779296875,33.27000045776367,32.75,33.25680160522461,1216660.0
2024-05-29 10:30:00-04:00,33.2599983215332,33.27000045776367,33.09000015258789,33.23500061035156,1091330.0
2024-05-29 11:30:00-04:00,33.23500061035156,33.31999969482422,33.130001068115234,33.29999923706055,751326.0
2024-05-29 12:30:00-04:00,33.29999923706055,33.33000183105469,33.18000030517578,33.29499816894531,794368.0
2024-05-29 13:30:00-04:00,33.293701171875,33.29499816894531,33.165000915527344,33.21500015258789,790820.0
2024-05-29 14:30:00-04:00,33.21500015258789,33.21500015258789,33.06999969482422,33.18000030517578,985775.0
2024-05-29 15:30:00-04:00,33.17499923706055,33.244998931884766,32.40999984741211,32.88999938964844,3879031.0
2024-05-29 16:00:00-04:00,32.81,35.98,31.6,32.7989,0.0
2024-05-29 17:00:00-04:00,32.79,34.19,32.63,33.597,0.0
2024-05-29 18:00:00-04:00,33.54,33.775,32.8,33.5,0.0
2024-05-29 19:00:00-04:00,33.3,33.76,33.3,33.5,0.0
2024-05-30 04:00:00-04:00,33.5,33.8,33.5,33.8,0.0
2024-05-30 05:00:00-04:00,33.55,34.79,33.55,34.79,0.0
2024-05-30 06:00:00-04:00,34.87,34.95,34.4,34.7,0.0
2024-05-30 07:00:00-04:00,34.7,34.7,34.21,34.39,0.0
2024-05-30 08:00:00-04:00,34.48,34.79,33.5,34.0,0.0
2024-05-30 09:00:00-04:00,34.06,34.5,32.8,34.36,0.0
2024-05-30 09:30:00-04:00,34.400001525878906,37.06999969482422,34.400001525878906,36.97999954223633,7636488.0
2024-05-30 10:30:00-04:00,36.97999954223633,38.23500061035156,36.95000076293945,38.16999816894531,4189160.0
2024-05-30 11:30:00-04:00,38.16999816894531,39.22999954223633,38.040000915527344,39.150001525878906,5110267.0
2024-05-30 12:30:00-04:00,39.154998779296875,39.52000045776367,38.79999923706055,39.13999938964844,5548301.0
2024-05-30 13:30:00-04:00,39.14039993286133,39.185001373291016,38.310001373291016,38.70800018310547,5289099.0
2024-05-30 14:30:00-04:00,38.70000076293945,38.90999984741211,38.314998626708984,38.3849983215332,3811151.0
2024-05-30 15:30:00-04:00,38.38999938964844,38.40999984741211,37.8650016784668,38.36009979248047,3799814.0
2024-05-30 16:00:00-04:00,38.36,38.44,37.8,38.05,0.0
2024-05-30 17:00:00-04:00,38.05,38.05,37.0,37.16,0.0
2024-05-30 18:00:00-04:00,37.15,38.36,37.15,37.72,0.0
2024-05-30 19:00:00-04:00,37.73,37.74,37.3,37.56,0.0
2024-05-31 04:00:00-04:00,37.61,37.97,37.03,37.65,0.0
2024-05-31 05:00:00-04:00,37.7,37.96,37.03,37.29,0.0
2024-05-31 06:00:00-04:00,37.27,37.42,37.2,37.21,0.0
2024-05-31 07:00:00-04:00,37.21,37.5,37.21,37.32,0.0
2024-05-31 08:00:00-04:00,37.32,38.19,37.0,37.53,0.0
2024-05-31 09:00:00-04:00,37.55,37.92,33.15,37.65,0.0
2024-05-31 09:30:00-04:00,37.59000015258789,37.619998931884766,35.244998931884766,35.41999816894531,6537753.0
2024-05-31 10:30:00-04:00,35.42499923706055,35.939998626708984,34.90999984741211,34.95000076293945,2965324.0
2024-05-31 11:30:00-04:00,34.95000076293945,35.56999969482422,34.935001373291016,35.269500732421875,1741816.0
2024-05-31 12:30:00-04:00,35.27000045776367,35.59000015258789,35.209999084472656,35.56999969482422,1193377.0
2024-05-31 13:30:00-04:00,35.56999969482422,35.900001525878906,35.459999084472656,35.81999969482422,1488596.0
2024-05-31 14:30:00-04:00,35.83000183105469,36.10749816894531,35.79999923706055,36.05500030517578,1981909.0
2024-05-31 15:30:00-04:00,36.05500030517578,36.599998474121094,36.04499816894531,36.47999954223633,4201115.0
2024-05-31 16:00:00-04:00,36.48,37.07,34.355,36.41,0.0
2024-05-31 17:00:00-04:00,36.5,36.5,36.42,36.49,0.0
2024-05-31 18:00:00-04:00,36.47,36.5,36.37,36.43,0.0
2024-05-31 19:00:00-04:00,36.44,36.47,36.2,36.2,0.0
2024-06-03 04:00:00-04:00,37.0,37.0,36.4,36.58,0.0
2024-06-03 05:00:00-04:00,36.62,36.71,36.32,36.33,0.0
2024-06-03 06:00:00-04:00,36.33,36.5,36.21,36.37,0.0
2024-06-03 07:00:00-04:00,36.37,36.69,36.37,36.55,0.0
2024-06-03 08:00:00-04:00,36.56,36.7618,36.37,36.415,0.0
2024-06-03 09:00:00-04:00,36.415,36.59,36.31,36.49,0.0
2024-06-03 09:30:00-04:00,36.5,36.75,35.029998779296875,35.1150016784668,3081335.0
2024-06-03 10:30:00-04:00,35.119998931884766,35.380001068115234,34.88010025024414,34.959999084472656,1771755.0
2024-06-03 11:30:00-04:00,34.970001220703125,35.52000045776367,34.84000015258789,35.42499923706055,1175053.0
2024-06-03 12:30:00-04:00,35.40999984741211,35.46500015258789,35.224998474121094,35.448001861572266,732595.0
2024-06-03 13:30:00-04:00,35.44499969482422,35.51499938964844,35.290000915527344,35.459999084472656,711923.0
2024-06-03 14:30:00-04:00,35.46500015258789,35.57500076293945,35.334999084472656,35.494998931884766,986959.0
2024-06-03 15:30:00-04:00,35.494998931884766,35.55500030517578,35.29999923706055,35.31999969482422,1900677.0
2024-06-03 16:00:00-04:00,35.34,35.55,35.32,35.38,0.0
2024-06-03 17:00:00-04:00,35.39,35.56,35.2,35.32,0.0
2024-06-03 18:00:00-04:00,35.32,35.56,35.32,35.42,0.0
2024-06-03 19:00:00-04:00,35.55,35.55,35.4,35.49,0.0
2024-06-04 04:00:00-04:00,35.4,35.44,35.21,35.25,0.0
2024-06-04 05:00:00-04:00,35.25,35.33,35.05,35.1,0.0
2024-06-04 06:00:00-04:00,35.1,35.1,35.01,35.1,0.0
2024-06-04 07:00:00-04:00,35.1,35.23,35.09,35.1,0.0
2024-06-04 08:00:00-04:00,35.1,35.64,35.0114,35.19,0.0
2024-06-04 09:00:00-04:00,35.1,35.2195,35.02,35.07,0.0
2024-06-04 09:30:00-04:00,35.209999084472656,35.790000915527344,35.15999984741211,35.68009948730469,1448791.0
2024-06-04 10:30:00-04:00,35.68000030517578,35.779998779296875,35.5099983215332,35.55500030517578,841344.0
2024-06-04 11:30:00-04:00,35.54999923706055,35.57500076293945,35.369998931884766,35.51499938964844,886617.0
2024-06-04 12:30:00-04:00,35.51499938964844,35.61000061035156,35.45500183105469,35.56999969482422,605551.0
2024-06-04 13:30:00-04:00,35.58000183105469,35.880001068115234,35.54999923706055,35.86000061035156,973074.0
2024-06-04 14:30:00-04:00,35.86000061035156,35.875,35.66999816894531,35.77000045776367,1093392.0
2024-06-04 15:30:00-04:00,35.7599983215332,35.775001525878906,35.349998474121094,35.349998474121094,2108815.0
2024-06-04 16:00:00-04:00,35.35,35.82,35.3,35.4,0.0
2024-06-04 17:00:00-04:00,35.4,35.81,34.98,35.5,0.0
2024-06-04 18:00:00-04:00,35.8,35.8,35.4,35.77,0.0
2024-06-04 19:00:00-04:00,35.57,35.76,35.57,35.6786,0.0
2024-06-05 04:00:00-04:00,35.9,35.91,35.54,35.85,0.0
2024-06-05 05:00:00-04:00,35.85,35.85,35.77,35.78,0.0
2024-06-05 06:00:00-04:00,35.78,35.78,35.72,35.72,0.0
2024-06-05 07:00:00-04:00,35.73,35.73,35.56,35.68,0.0
2024-06-05 08:00:00-04:00,35.68,35.8,35.39,35.72,0.0
2024-06-05 09:00:00-04:00,35.67,35.709,35.55,35.65,0.0
2024-06-05 09:30:00-04:00,35.7599983215332,36.029998779296875,35.2400016784668,35.36000061035156,1161564.0
2024-06-05 10:30:00-04:00,35.36009979248047,35.7599983215332,35.27000045776367,35.55500030517578,1074160.0
2024-06-05 11:30:00-04:00,35.55500030517578,35.904998779296875,35.52000045776367,35.720001220703125,1327794.0
2024-06-05 12:30:00-04:00,35.720001220703125,36.03499984741211,35.65999984741211,35.71900177001953,1058178.0
2024-06-05 13:30:00-04:00,35.71500015258789,35.77000045776367,35.619998931884766,35.720001220703125,534037.0
2024-06-05 14:30:00-04:00,35.709999084472656,35.83000183105469,35.63999938964844,35.81999969482422,686254.0
2024-06-05 15:30:00-04:00,35.81999969482422,35.849998474121094,35.625,35.630001068115234,1164294.0
2024-06-05 16:00:00-04:00,35.635,35.71,35.6,35.65,0.0
2024-06-05 17:00:00-04:00,35.7,35.7,35.61,35.62,0.0
2024-06-05 18:00:00-04:00,35.6999,35.7,35.65,35.6795,0.0
2024-06-05 19:00:00-04:00,35.68,35.68,35.5202,35.6006,0.0
2024-06-06 04:00:00-04:00,35.66,35.66,35.54,35.54,0.0
2024-06-06 05:00:00-04:00,35.54,35.55,35.0,35.3,0.0
2024-06-06 06:00:00-04:00,35.26,35.35,35.22,35.32,0.0
2024-06-06 07:00:00-04:00,35.32,35.49,35.32,35.42,0.0
2024-06-06 08:00:00-04:00,35.47,35.7,35.36,35.41,0.0
2024-06-06 09:00:00-04:00,35.45,35.63,35.35,35.46,0.0
2024-06-06 09:30:00-04:00,35.630001068115234,36.499900817871094,35.58000183105469,36.400001525878906,1708483.0
2024-06-06 10:30:00-04:00,36.400001525878906,36.459999084472656,36.189998626708984,36.35499954223633,998458.0
2024-06-06 11:30:00-04:00,36.349998474121094,36.439998626708984,36.150001525878906,36.279998779296875,881933.0
2024-06-06 12:30:00-04:00,36.290000915527344,36.38999938964844,36.165000915527344,36.34000015258789,719286.0
2024-06-06 13:30:00-04:00,36.31999969482422,36.31999969482422,35.959999084472656,36.125,834159.0
2024-06-06 14:30:00-04:00,36.125,36.23500061035156,36.029998779296875,36.23500061035156,950696.0
2024-06-06 15:30:00-04:00,36.2400016784668,36.290000915527344,36.07500076293945,36.189998626708984,1583295.0
2024-06-06 16:00:00-04:00,36.18,36.29,36.01,36.15,0.0
2024-06-06 17:00:00-04:00,36.15,36.28,36.1,36.28,0.0
2024-06-06 18:00:00-04:00,36.28,36.28,36.0,36.28,0.0
2024-06-06 19:00:00-04:00,36.18,36.21,36.14,36.21,0.0
2024-06-07 04:00:00-04:00,36.18,36.26,36.18,36.26,0.0
2024-06-07 05:00:00-04:00,36.14,36.26,36.09,36.26,0.0
2024-06-07 06:00:00-04:00,36.26,36.3,36.21,36.3,0.0
2024-06-07 07:00:00-04:00,36.37,36.47,36.26,36.26,0.0
2024-06-07 08:00:00-04:00,36.26,36.3869,36.17,36.3852,0.0
2024-06-07 09:00:00-04:00,36.21,36.33,35.75,35.81,0.0
2024-06-07 09:30:00-04:00,36.09000015258789,36.720001220703125,36.040000915527344,36.54999923706055,1327776.0
2024-06-07 10:30:00-04:00,36.54999923706055,36.790000915527344,36.290000915527344,36.439998626708984,1423851.0
2024-06-07 11:30:00-04:00,36.44499969482422,36.56999969482422,36.25,36.560001373291016,855309.0
2024-06-07 12:30:00-04:00,36.56999969482422,36.650001525878906,36.50600051879883,36.53499984741211,591452.0
2024-06-07 13:30:00-04:00,36.540000915527344,36.54999923706055,36.33000183105469,36.474998474121094,784550.0
2024-06-07 14:30:00-04:00,36.474998474121094,36.64500045776367,36.369998931884766,36.471900939941406,1070332.0
2024-06-07 15:30:00-04:00,36.459999084472656,36.48099899291992,36.33000183105469,36.459999084472656,1426967.0
2024-06-07 16:00:00-04:00,36.45,36.46,36.33,36.45,0.0
2024-06-07 17:00:00-04:00,36.45,36.46,36.45,36.46,0.0
2024-06-07 18:00:00-04:00,36.46,36.46,36.43,36.43,0.0
2024-06-07 19:00:00-04:00,36.43,36.46,36.43,36.46,0.0
2024-06-10 04:00:00-04:00,36.58,36.58,36.58,36.58,0.0
2024-06-10 05:00:00-04:00,36.4,36.47,36.0,36.44,0.0
2024-06-10 06:00:00-04:00,36.45,36.45,36.28,36.45,0.0
2024-06-10 07:00:00-04:00,36.4,36.46,36.31,36.46,0.0
2024-06-10 08:00:00-04:00,36.4,36.7,36.25,36.25,0.0
2024-06-10 09:00:00-04:00,36.32,36.35,36.2,36.21,0.0
2024-06-10 09:30:00-04:00,36.29999923706055,36.349998474121094,35.4900016784668,36.05950164794922,1590742.0
2024-06-10 10:30:00-04:00,36.040000915527344,36.119998931884766,35.630001068115234,35.709999084472656,1373330.0
2024-06-10 11:30:00-04:00,35.720001220703125,35.849998474121094,35.63159942626953,35.665000915527344,972927.0
2024-06-10 12:30:00-04:00,35.65999984741211,35.83000183105469,35.584999084472656,35.619998931884766,864714.0
2024-06-10 13:30:00-04:00,35.619998931884766,35.959999084472656,35.60499954223633,35.915000915527344,705197.0
2024-06-10 14:30:00-04:00,35.91999816894531,36.119998931884766,35.8650016784668,36.029998779296875,659122.0
2024-06-10 15:30:00-04:00,36.03499984741211,36.209999084472656,35.974998474121094,36.16999816894531,1433759.0
2024-06-10 16:00:00-04:00,36.18,36.25,36.04,36.19,0.0
2024-06-10 17:00:00-04:00,36.18,36.19,35.62,36.1,0.0
2024-06-10 18:00:00-04:00,36.2,36.38,35.63,36.25,0.0
2024-06-10 19:00:00-04:00,36.25,36.28,36.1418,36.18,0.0
2024-06-11 04:00:00-04:00,36.14,36.17,36.14,36.17,0.0
2024-06-11 05:00:00-04:00,36.01,36.3,36.01,36.01,0.0
2024-06-11 06:00:00-04:00,36.01,36.19,36.01,36.1,0.0
2024-06-11 07:00:00-04:00,36.0,36.38,36.0,36.01,0.0
2024-06-11 08:00:00-04:00,36.18,36.54,35.75,36.29,0.0
2024-06-11 09:00:00-04:00,36.17,36.17,35.89,35.9131,0.0
2024-06-11 09:30:00-04:00,36.150001525878906,36.26499938964844,35.880001068115234,36.02009963989258,820060.0
2024-06-11 10:30:00-04:00,36.029998779296875,36.22999954223633,35.939998626708984,36.150001525878906,910321.0
2024-06-11 11:30:00-04:00,36.14500045776367,36.244998931884766,36.08000183105469,36.23500061035156,680138.0
2024-06-11 12:30:00-04:00,36.23500061035156,36.470001220703125,36.23500061035156,36.279998779296875,955718.0
2024-06-11 13:30:00-04:00,36.28499984741211,36.375,36.255001068115234,36.32500076293945,563078.0
2024-06-11 14:30:00-04:00,36.32500076293945,36.369998931884766,36.22999954223633,36.239898681640625,867301.0
2024-06-11 15:30:00-04:00,36.22999954223633,36.349998474121094,36.17499923706055,36.334999084472656,1695616.0
2024-06-11 16:00:00-04:00,36.32,36.48,36.319275,36.33,0.0
2024-06-11 17:00:00-04:00,36.45,36.45,36.32,36.44,0.0
2024-06-11 18:00:00-04:00,36.44,36.45,36.32,36.35,0.0
2024-06-11 19:00:00-04:00,36.35,36.38,36.32,36.34,0.0
2024-06-12 04:00:00-04:00,36.0,36.05,36.0,36.05,0.0
2024-06-12 05:00:00-04:00,36.01,36.01,35.9,35.9,0.0
2024-06-12 06:00:00-04:00,35.93,36.05,35.85,36.04,0.0
2024-06-12 07:00:00-04:00,35.99,36.14,35.96,36.05,0.0
2024-06-12 08:00:00-04:00,36.03,36.15,35.97,36.15,0.0
2024-06-12 09:00:00-04:00,36.14,36.58,36.0444,36.5799,0.0
2024-06-12 09:30:00-04:00,36.79999923706055,36.974998474121094,36.6150016784668,36.709999084472656,1734777.0
2024-06-12 10:30:00-04:00,36.709999084472656,36.79499816894531,36.56999969482422,36.61000061035156,959988.0
2024-06-12 11:30:00-04:00,36.61000061035156,36.61000061035156,36.380001068115234,36.54499816894531,591256.0
2024-06-12 12:30:00-04:00,36.54999923706055,36.66999816894531,36.52000045776367,36.599998474121094,442443.0
2024-06-12 13:30:00-04:00,36.599998474121094,36.599998474121094,36.38999938964844,36.54999923706055,593438.0
2024-06-12 14:30:00-04:00,36.55970001220703,36.619998931884766,36.3849983215332,36.400001525878906,646485.0
2024-06-12 15:30:00-04:00,36.400001525878906,36.41999816894531,36.23500061035156,36.310001373291016,1282587.0
2024-06-12 16:00:00-04:00,36.3,36.41,36.22,36.36,0.0
2024-06-12 17:00:00-04:00,36.23,36.36,36.23,36.35,0.0
2024-06-12 18:00:00-04:00,36.31,36.5,36.1118,36.22,0.0
2024-06-12 19:00:00-04:00,36.5,36.5,36.11,36.5,0.0
2024-06-13 04:00:00-04:00,36.28,36.37,36.14,36.21,0.0
2024-06-13 05:00:00-04:00,36.21,36.39,36.21,36.39,0.0
2024-06-13 06:00:00-04:00,36.39,36.39,36.19,36.19,0.0
2024-06-13 07:00:00-04:00,36.35,36.35,36.23,36.23,0.0
2024-06-13 08:00:00-04:00,36.24,36.37,36.17,36.3,0.0
2024-06-13 09:00:00-04:00,36.3,36.38,36.21,36.24,0.0
2024-06-13 09:30:00-04:00,36.279998779296875,36.48210144042969,36.150001525878906,36.18000030517578,931892.0
2024-06-13 10:30:00-04:00,36.20000076293945,36.2400016784668,36.095001220703125,36.150001525878906,821320.0
2024-06-13 11:30:00-04:00,36.15999984741211,36.38999938964844,36.150001525878906,36.275001525878906,626596.0
2024-06-13 12:30:00-04:00,36.275001525878906,36.494998931884766,36.25,36.474998474121094,524860.0
2024-06-13 13:30:00-04:00,36.477699279785156,36.66999816894531,36.400001525878906,36.665000915527344,601770.0
2024-06-13 14:30:00-04:00,36.665000915527344,36.779998779296875,36.64500045776367,36.66999816894531,920303.0
2024-06-13 15:30:00-04:00,36.66999816894531,36.689998626708984,36.45000076293945,36.45000076293945,1175686.0
2024-06-13 16:00:00-04:00,36.45,36.52,36.26,36.3,0.0
2024-06-13 17:00:00-04:00,36.3,36.53,36.26,36.44,0.0
2024-06-13 18:00:00-04:00,36.31,36.53,36.25,36.25,0.0
2024-06-13 19:00:00-04:00,36.44,36.53,36.25,36.53,0.0
2024-06-14 04:00:00-04:00,36.41,36.41,35.81,36.23,0.0
2024-06-14 05:00:00-04:00,36.23,36.23,36.18,36.19,0.0
2024-06-14 06:00:00-04:00,36.19,36.44,36.1,36.44,0.0
2024-06-14 07:00:00-04:00,36.12,36.44,36.12,36.25,0.0
2024-06-14 08:00:00-04:00,36.25,36.5,35.86,36.5,0.0
2024-06-14 09:00:00-04:00,36.5,36.5,36.11,36.11,0.0
2024-06-14 09:30:00-04:00,36.220001220703125,36.290000915527344,35.7400016784668,35.814998626708984,1331991.0
2024-06-14 10:30:00-04:00,35.814998626708984,35.82500076293945,35.58000183105469,35.71500015258789,896977.0
2024-06-14 11:30:00-04:00,35.720001220703125,36.630001068115234,35.619998931884766,35.709999084472656,967075.0
2024-06-14 12:30:00-04:00,35.709999084472656,35.75,35.61000061035156,35.665000915527344,638178.0
2024-06-14 13:30:00-04:00,35.65999984741211,35.68000030517578,35.435001373291016,35.61000061035156,741220.0
2024-06-14 14:30:00-04:00,35.61000061035156,35.66999816894531,35.54999923706055,35.665000915527344,759740.0
2024-06-14 15:30:00-04:00,35.65999984741211,35.69499969482422,35.47999954223633,35.52000045776367,1706734.0
2024-06-14 16:00:00-04:00,35.51,35.6817,35.42,35.45,0.0
2024-06-14 17:00:00-04:00,35.45,35.75,35.44,35.75,0.0
2024-06-14 18:00:00-04:00,35.75,35.75,35.44,35.59,0.0
2024-06-14 19:00:00-04:00,35.58,35.65,35.44,35.5,0.0
2024-06-17 04:00:00-04:00,35.49,35.65,35.49,35.65,0.0
2024-06-17 05:00:00-04:00,35.65,35.65,35.27,35.38,0.0
2024-06-17 06:00:00-04:00,35.38,35.49,35.38,35.45,0.0
2024-06-17 07:00:00-04:00,35.45,35.56,35.45,35.51,0.0
2024-06-17 08:00:00-04:00,35.51,35.74,35.4,35.4,0.0
2024-06-17 09:00:00-04:00,35.41,35.74,35.39,35.68,0.0
2024-06-17 09:30:00-04:00,35.61000061035156,35.90999984741211,35.35499954223633,35.375,950793.0
2024-06-17 10:30:00-04:00,35.3650016784668,35.810001373291016,35.220001220703125,35.650001525878906,1080645.0
2024-06-17 11:30:00-04:00,35.650001525878906,35.935001373291016,35.61000061035156,35.77000045776367,986845.0
2024-06-17 12:30:00-04:00,35.779998779296875,35.82500076293945,35.70000076293945,35.82500076293945,399972.0
2024-06-17 13:30:00-04:00,35.82099914550781,35.94499969482422,35.79069900512695,35.90999984741211,545511.0
2024-06-17 14:30:00-04:00,35.90999984741211,36.05820083618164,35.86000061035156,36.047401428222656,700791.0
2024-06-17 15:30:00-04:00,36.04499816894531,36.09000015258789,35.91999816894531,35.939998626708984,1424613.0
2024-06-17 16:00:00-04:00,35.93,35.95,35.5,35.5,0.0
2024-06-17 17:00:00-04:00,35.5,35.94,35.5,35.94,0.0
2024-06-17 18:00:00-04:00,35.94,35.94,35.85,35.93,0.0
2024-06-17 19:00:00-04:00,35.93,35.94,35.9,35.9,0.0
2024-06-18 04:00:00-04:00,35.9,36.03,35.85,35.86,0.0
2024-06-18 05:00:00-04:00,35.92,36.0,35.88,35.96,0.0
2024-06-18 06:00:00-04:00,35.96,36.02,35.93,36.02,0.0
2024-06-18 07:00:00-04:00,36.02,36.08,35.98,36.0,0.0
2024-06-18 08:00:00-04:00,36.09,36.94,35.98,36.06,0.0
2024-06-18 09:00:00-04:00,36.09,36.6,35.63,35.98,0.0
2024-06-18 09:30:00-04:00,36.11000061035156,36.209999084472656,35.92499923706055,36.130001068115234,1289315.0
2024-06-18 10:30:00-04:00,36.130001068115234,36.27000045776367,35.935001373291016,36.255001068115234,914518.0
2024-06-18 11:30:00-04:00,36.25,36.47999954223633,36.150001525878906,36.38999938964844,788751.0
2024-06-18 12:30:00-04:00,36.38999938964844,36.564998626708984,36.290000915527344,36.525001525878906,782993.0
2024-06-18 13:30:00-04:00,36.525001525878906,36.66999816894531,36.45000076293945,36.63999938964844,930940.0
2024-06-18 14:30:00-04:00,36.64500045776367,36.66999816894531,36.505001068115234,36.529998779296875,981694.0
2024-06-18 15:30:00-04:00,36.53499984741211,36.79999923706055,36.494998931884766,36.775001525878906,2018860.0
2024-06-18 16:00:00-04:00,36.775,37.01,36.7487,36.9207,0.0
2024-06-18 17:00:00-04:00,36.9,37.44,36.81,37.0278,0.0
2024-06-18 18:00:00-04:00,37.0278,37.44,36.82,37.44,0.0
2024-06-18 19:00:00-04:00,36.82,37.4,36.8,36.9,0.0
2024-06-20 04:00:00-04:00,36.85,37.04,36.81,37.0,0.0
2024-06-20 05:00:00-04:00,37.01,37.26,37.0,37.21,0.0
2024-06-20 06:00:00-04:00,37.23,37.23,37.04,37.04,0.0
2024-06-20 07:00:00-04:00,37.04,37.12,37.01,37.07,0.0
2024-06-20 08:00:00-04:00,37.07,37.2365,36.51,37.09,0.0
2024-06-20 09:00:00-04:00,37.1,37.16,36.145,36.99,0.0
2024-06-20 09:30:00-04:00,36.86000061035156,37.18000030517578,36.11000061035156,36.334999084472656,2603852.0
2024-06-20 10:30:00-04:00,36.334999084472656,36.560001373291016,36.18000030517578,36.51499938964844,1098126.0
2024-06-20 11:30:00-04:00,36.5099983215332,36.55500030517578,36.29999923706055,36.32500076293945,727000.0
2024-06-20 12:30:00-04:00,36.31999969482422,36.48540115356445,36.192501068115234,36.22999954223633,516939.0
2024-06-20 13:30:00-04:00,36.224998474121094,36.314998626708984,36.125,36.26499938964844,557863.0
2024-06-20 14:30:00-04:00,36.26499938964844,36.29999923706055,36.10499954223633,36.22999954223633,849777.0
2024-06-20 15:30:00-04:00,36.22999954223633,36.310001373291016,36.14500045776367,36.2400016784668,1303385.0
2024-06-20 16:00:00-04:00,36.24,36.28,36.18,36.18,0.0
2024-06-20 17:00:00-04:00,36.12,36.2,36.0,36.2,0.0
2024-06-20 18:00:00-04:00,36.07,36.22,36.07,36.1,0.0
2024-06-20 19:00:00-04:00,36.15,36.29,36.15,36.29,0.0
2024-06-21 04:00:00-04:00,36.29,36.38,36.15,36.16,0.0
2024-06-21 05:00:00-04:00,36.16,36.16,36.01,36.15,0.0
2024-06-21 06:00:00-04:00,36.15,36.15,36.02,36.02,0.0
2024-06-21 07:00:00-04:00,36.29,36.42,36.08,36.19,0.0
2024-06-21 08:00:00-04:00,36.28,36.29,36.0,36.08,0.0
2024-06-21 09:00:00-04:00,36.24,36.745,36.0,36.06,0.0
2024-06-21 09:30:00-04:00,36.099998474121094,36.63999938964844,35.849998474121094,36.4900016784668,1901477.0
2024-06-21 10:30:00-04:00,36.47999954223633,36.494998931884766,36.220001220703125,36.26499938964844,579623.0
2024-06-21 11:30:00-04:00,36.2599983215332,36.5099983215332,36.22999954223633,36.494998931884766,400874.0
2024-06-21 12:30:00-04:00,36.5,36.54999923706055,36.349998474121094,36.439998626708984,634328.0
2024-06-21 13:30:00-04:00,36.44499969482422,36.470001220703125,36.290000915527344,36.431400299072266,471366.0
2024-06-21 14:30:00-04:00,36.439998626708984,36.470001220703125,36.34000015258789,36.41999816894531,596003.0
2024-06-21 15:30:00-04:00,36.41999816894531,36.45500183105469,36.29999923706055,36.369998931884766,1286957.0
2024-06-21 16:00:00-04:00,36.37,36.51,36.28,36.51,0.0
2024-06-21 17:00:00-04:00,36.51,36.55,36.35,36.55,0.0
2024-06-21 18:00:00-04:00,36.58,36.58,36.37,36.49,0.0
2024-06-21 19:00:00-04:00,36.58,36.58,36.58,36.58,0.0
2024-06-24 04:00:00-04:00,36.37,36.38,36.33,36.33,0.0
2024-06-24 05:00:00-04:00,36.33,36.33,36.33,36.33,0.0
2024-06-24 06:00:00-04:00,36.33,36.54,36.33,36.38,0.0
2024-06-24 07:00:00-04:00,36.38,36.49,36.38,36.48,0.0
2024-06-24 08:00:00-04:00,36.48,36.59,35.88,36.5,0.0
2024-06-24 09:00:00-04:00,36.11,36.5,36.105,36.4904,0.0
2024-06-24 09:30:00-04:00,36.349998474121094,36.900001525878906,36.34000015258789,36.529998779296875,932798.0
2024-06-24 10:30:00-04:00,36.529998779296875,36.56999969482422,36.3650016784668,36.43000030517578,507104.0
2024-06-24 11:30:00-04:00,36.43000030517578,36.43000030517578,36.2599983215332,36.290000915527344,312671.0
2024-06-24 12:30:00-04:00,36.29999923706055,36.310001373291016,36.150001525878906,36.185001373291016,341675.0
2024-06-24 13:30:00-04:00,36.185001373291016,36.35499954223633,36.165000915527344,36.349998474121094,473386.0
2024-06-24 14:30:00-04:00,36.345001220703125,36.43000030517578,36.30500030517578,36.41999816894531,451313.0
2024-06-24 15:30:00-04:00,36.415000915527344,36.43000030517578,36.27000045776367,36.279998779296875,890127.0
2024-06-24 16:00:00-04:00,36.3,36.5,36.25,36.3,0.0
2024-06-24 17:00:00-04:00,36.3,36.3,36.28,36.3,0.0
2024-06-24 18:00:00-04:00,36.29,36.3,36.112,36.1216,0.0
2024-06-24 19:00:00-04:00,36.2,36.45,36.16,36.22,0.0
2024-06-25 04:00:00-04:00,36.15,36.3,36.0,36.3,0.0
2024-06-25 05:00:00-04:00,36.3,36.3,36.28,36.3,0.0
2024-06-25 06:00:00-04:00,36.3,36.3,36.3,36.3,0.0
2024-06-25 07:00:00-04:00,36.23,36.29,36.2,36.29,0.0
2024-06-25 08:00:00-04:00,36.29,36.3,36.0,36.29,0.0
2024-06-25 09:00:00-04:00,36.21,36.3,36.2,36.2,0.0
2024-06-25 09:30:00-04:00,36.13999938964844,36.459999084472656,36.04999923706055,36.220001220703125,848714.0
2024-06-25 10:30:00-04:00,36.220001220703125,36.279998779296875,36.1150016784668,36.20000076293945,478065.0
2024-06-25 11:30:00-04:00,36.209999084472656,36.220001220703125,36.064998626708984,36.099998474121094,425422.0
2024-06-25 12:30:00-04:00,36.099998474121094,36.28499984741211,36.02000045776367,36.279998779296875,565853.0
2024-06-25 13:30:00-04:00,36.279998779296875,36.29999923706055,36.16999816894531,36.224998474121094,559055.0
2024-06-25 14:30:00-04:00,36.224998474121094,36.36000061035156,36.20000076293945,36.345001220703125,632011.0
2024-06-25 15:30:00-04:00,36.34000015258789,36.38029861450195,36.20000076293945,36.2599983215332,1056035.0
2024-06-25 16:00:00-04:00,36.26,36.41,36.15,36.2,0.0
2024-06-25 17:00:00-04:00,36.2,36.27,36.16,36.27,0.0
2024-06-25 18:00:00-04:00,36.2712,36.41,36.27,36.3,0.0
2024-06-25 19:00:00-04:00,36.28,36.41,36.27,36.41,0.0
2024-06-26 04:00:00-04:00,36.29,36.32,36.29,36.32,0.0
2024-06-26 05:00:00-04:00,36.32,36.35,36.1,36.24,0.0
2024-06-26 06:00:00-04:00,36.24,36.24,36.2,36.22,0.0
2024-06-26 07:00:00-04:00,36.22,36.27,36.22,36.27,0.0
2024-06-26 08:00:00-04:00,36.27,36.5,36.1,36.33,0.0
2024-06-26 09:00:00-04:00,36.24,36.34,36.1,36.1,0.0
2024-06-26 09:30:00-04:00,36.119998931884766,36.150001525878906,34.90999984741211,35.16999816894531,1914730.0
2024-06-26 10:30:00-04:00,35.17499923706055,35.27000045776367,34.80500030517578,34.86000061035156,1537312.0
2024-06-26 11:30:00-04:00,34.86000061035156,35.099998474121094,34.83000183105469,34.94499969482422,850023.0
2024-06-26 12:30:00-04:00,34.939998626708984,34.994998931884766,34.77000045776367,34.834999084472656,688795.0
2024-06-26 13:30:00-04:00,34.834999084472656,35.09000015258789,34.810001373291016,35.07500076293945,649998.0
2024-06-26 14:30:00-04:00,35.08000183105469,35.13999938964844,35.03499984741211,35.125,686481.0
2024-06-26 15:30:00-04:00,35.119998931884766,35.125,34.9900016784668,35.084999084472656,1478331.0
2024-06-26 16:00:00-04:00,35.09,35.48,34.76,35.27,0.0
2024-06-26 17:00:00-04:00,35.1,35.27,34.76,35.19,0.0
2024-06-26 18:00:00-04:00,35.19,35.19,35.11,35.19,0.0
2024-06-26 19:00:00-04:00,35.1,35.1,34.91,35.0,0.0
2024-06-27 04:00:00-04:00,34.9,35.09,34.86,35.09,0.0
2024-06-27 05:00:00-04:00,35.09,35.1,35.09,35.1,0.0
2024-06-27 06:00:00-04:00,35.1,35.2,35.1,35.2,0.0
2024-06-27 07:00:00-04:00,35.1,35.11,35.1,35.11,0.0
2024-06-27 08:00:00-04:00,35.11,35.36,35.02,35.25,0.0
2024-06-27 09:00:00-04:00,35.25,35.25,35.09,35.09,0.0
2024-06-27 09:30:00-04:00,35.189998626708984,35.29999923706055,34.959999084472656,35.060001373291016,690724.0
2024-06-27 10:30:00-04:00,35.064998626708984,35.09000015258789,34.76499938964844,34.81999969482422,597280.0
2024-06-27 11:30:00-04:00,34.82500076293945,34.83000183105469,34.68000030517578,34.69499969482422,491596.0
2024-06-27 12:30:00-04:00,34.69499969482422,34.814998626708984,34.66999816894531,34.779998779296875,371622.0
2024-06-27 13:30:00-04:00,34.775001525878906,34.790000915527344,34.650001525878906,34.650001525878906,427681.0
2024-06-27 14:30:00-04:00,34.654998779296875,34.89500045776367,34.64500045776367,34.81999969482422,567040.0
2024-06-27 15:30:00-04:00,34.82500076293945,34.849998474121094,34.685001373291016,34.72999954223633,1172027.0
2024-06-27 16:00:00-04:00,34.73,34.98,34.709,34.84,0.0
2024-06-27 17:00:00-04:00,34.83,34.84,34.48,34.48,0.0
2024-06-27 18:00:00-04:00,34.85,34.85,34.71,34.75,0.0
2024-06-27 19:00:00-04:00,34.7333,34.85,34.73,34.73,0.0
2024-06-28 04:00:00-04:00,34.77,34.77,34.77,34.77,0.0
2024-06-28 05:00:00-04:00,34.93,34.93,34.88,34.88,0.0
2024-06-28 06:00:00-04:00,34.88,34.88,34.77,34.77,0.0
2024-06-28 07:00:00-04:00,34.77,34.94,34.77,34.93,0.0
2024-06-28 08:00:00-04:00,34.93,34.98,34.71,34.71,0.0
2024-06-28 09:00:00-04:00,34.93,35.26,34.78,34.8,0.0
2024-06-28 09:30:00-04:00,34.900001525878906,35.20000076293945,34.83000183105469,35.165000915527344,1500613.0
2024-06-28 10:30:00-04:00,35.18000030517578,35.380001068115234,35.17499923706055,35.2599983215332,986391.0
2024-06-28 11:30:00-04:00,35.2599983215332,35.309898376464844,35.05500030517578,35.10499954223633,546881.0
2024-06-28 12:30:00-04:00,35.099998474121094,35.099998474121094,34.93000030517578,34.970001220703125,364141.0
2024-06-28 13:30:00-04:00,34.970001220703125,35.0,34.900001525878906,34.94499969482422,354531.0
2024-06-28 14:30:00-04:00,34.94499969482422,35.005001068115234,34.90999984741211,34.95000076293945,481771.0
2024-06-28 15:30:00-04:00,34.939998626708984,35.04499816894531,34.77000045776367,35.0099983215332,1477052.0
2024-06-28 16:00:00-04:00,35.02,35.15,35.01,35.02,0.0
2024-06-28 17:00:00-04:00,35.03,35.03,35.02,35.03,0.0
2024-06-28 18:00:00-04:00,35.03,35.2,35.02,35.03,0.0
2024-06-28 19:00:00-04:00,35.12,35.12,35.02,35.02,0.0
2024-07-01 04:00:00-04:00,35.02,35.13,35.02,35.13,0.0
2024-07-01 05:00:00-04:00,35.13,35.19,35.04,35.1,0.0
2024-07-01 06:00:00-04:00,35.1,35.48,35.1,35.26,0.0
2024-07-01 07:00:00-04:00,35.26,35.32,35.14,35.14,0.0
2024-07-01 08:00:00-04:00,35.14,35.16,35.02,35.02,0.0
2024-07-01 09:00:00-04:00,35.02,35.48,35.02,35.32,0.0
2024-07-01 09:30:00-04:00,35.20000076293945,35.22999954223633,34.86000061035156,34.974998474121094,672214.0
2024-07-01 10:30:00-04:00,34.97999954223633,34.9900016784668,34.84000015258789,34.915000915527344,514380.0
2024-07-01 11:30:00-04:00,34.91999816894531,34.95000076293945,34.75,34.845001220703125,446837.0
2024-07-01 12:30:00-04:00,34.845001220703125,34.8650016784668,34.709999084472656,34.83000183105469,488780.0
2024-07-01 13:30:00-04:00,34.81999969482422,34.8849983215332,34.779998779296875,34.834999084472656,321060.0
2024-07-01 14:30:00-04:00,34.83000183105469,34.904998779296875,34.78499984741211,34.869998931884766,460247.0
2024-07-01 15:30:00-04:00,34.8650016784668,34.9900016784668,34.849998474121094,34.959999084472656,785128.0
2024-07-01 16:00:00-04:00,34.97,34.97,34.8,34.8,0.0
2024-07-01 17:00:00-04:00,34.8,34.81,34.8,34.8,0.0
2024-07-01 18:00:00-04:00,34.8,34.97,34.71,34.97,0.0
2024-07-01 19:00:00-04:00,34.97,34.97,34.86,34.86,0.0
2024-07-02 04:00:00-04:00,34.86,34.86,34.86,34.86,0.0
2024-07-02 05:00:00-04:00,34.86,34.86,34.85,34.85,0.0
2024-07-02 06:00:00-04:00,34.85,34.96,34.85,34.96,0.0
2024-07-02 07:00:00-04:00,34.96,34.96,34.94,34.96,0.0
2024-07-02 08:00:00-04:00,34.96,34.98,34.63,34.77,0.0
2024-07-02 09:00:00-04:00,34.77,34.99,34.62,34.72,0.0
2024-07-02 09:30:00-04:00,34.75,35.130001068115234,34.70000076293945,34.72999954223633,638969.0
2024-07-02 10:30:00-04:00,34.73500061035156,34.75,34.54499816894531,34.610801696777344,593081.0
2024-07-02 11:30:00-04:00,34.61399841308594,34.6349983215332,34.400001525878906,34.41999816894531,643981.0
2024-07-02 12:30:00-04:00,34.42499923706055,34.51499938964844,34.40999984741211,34.45500183105469,475468.0
2024-07-02 13:30:00-04:00,34.45000076293945,34.67499923706055,34.44499969482422,34.60499954223633,496797.0
2024-07-02 14:30:00-04:00,34.60499954223633,34.689998626708984,34.57500076293945,34.67499923706055,531350.0
2024-07-02 15:30:00-04:00,34.67499923706055,34.82500076293945,34.65999984741211,34.810001373291016,976077.0
2024-07-02 16:00:00-04:00,34.8,34.85,34.22,34.8,0.0
2024-07-02 17:00:00-04:00,34.22,34.85,34.22,34.4489,0.0
2024-07-02 18:00:00-04:00,34.84,34.84,34.44,34.8,0.0
2024-07-02 19:00:00-04:00,34.8,34.8,34.51,34.51,0.0
2024-07-03 04:00:00-04:00,34.5,34.5,34.5,34.5,0.0
2024-07-03 05:00:00-04:00,34.5,34.5,34.5,34.5,0.0
2024-07-03 06:00:00-04:00,34.5,34.75,34.5,34.71,0.0
2024-07-03 07:00:00-04:00,34.71,34.77,34.71,34.77,0.0
2024-07-03 08:00:00-04:00,34.71,34.85,34.71,34.72,0.0
2024-07-03 09:00:00-04:00,34.72,34.78,34.72,34.78,0.0
2024-07-03 09:30:00-04:00,34.900001525878906,35.09000015258789,34.790000915527344,34.964698791503906,1142884.0
2024-07-03 10:30:00-04:00,34.959999084472656,34.9900016784668,34.720001220703125,34.834999084472656,748106.0
2024-07-03 11:30:00-04:00,34.84000015258789,34.970001220703125,34.71500015258789,34.935001373291016,650215.0
2024-07-03 13:00:00-04:00,34.93000030517578,35.220001220703125,34.810001373291016,35.209999084472656,0.0
2024-07-03 14:00:00-04:00,34.82,35.42,34.76,34.935,0.0
2024-07-03 15:00:00-04:00,34.935,34.985,34.75,34.88,0.0
2024-07-03 16:00:00-04:00,34.88,35.0,34.75,34.85,0.0
2024-07-05 04:00:00-04:00,34.85,35.18,34.81,34.81,0.0
2024-07-05 05:00:00-04:00,34.93,35.08,34.93,35.08,0.0
2024-07-05 06:00:00-04:00,34.86,35.11,34.86,35.11,0.0
2024-07-05 07:00:00-04:00,35.11,35.11,34.92,34.92,0.0
2024-07-05 08:00:00-04:00,34.92,35.21,34.8127,34.85,0.0
2024-07-05 09:00:00-04:00,34.98,34.99,34.905,34.93,0.0
2024-07-05 09:30:00-04:00,34.88999938964844,34.900001525878906,34.46099853515625,34.470001220703125,680913.0
2024-07-05 10:30:00-04:00,34.4900016784668,34.61000061035156,34.41999816894531,34.529998779296875,494332.0
2024-07-05 11:30:00-04:00,34.529998779296875,34.54999923706055,34.38999938964844,34.540000915527344,437827.0
2024-07-05 12:30:00-04:00,34.540000915527344,34.599998474121094,34.505001068115234,34.597999572753906,274287.0
2024-07-05 13:30:00-04:00,34.595001220703125,34.650001525878906,34.564998626708984,34.595001220703125,308448.0
2024-07-05 14:30:00-04:00,34.599998474121094,34.650001525878906,34.53499984741211,34.560001373291016,380833.0
2024-07-05 15:30:00-04:00,34.55500030517578,34.689998626708984,34.5099983215332,34.65999984741211,868133.0
2024-07-05 16:00:00-04:00,34.63,34.76,34.5,34.52,0.0
2024-07-05 17:00:00-04:00,34.52,34.5208,34.52,34.52,0.0
2024-07-05 18:00:00-04:00,34.55,34.6288,34.55,34.6288,0.0
2024-07-05 19:00:00-04:00,34.58,34.63,34.52,34.63,0.0
2024-07-08 04:00:00-04:00,34.54,34.54,34.54,34.54,0.0
2024-07-08 05:00:00-04:00,34.6,34.74,34.51,34.51,0.0
2024-07-08 06:00:00-04:00,34.51,34.64,34.49,34.64,0.0
2024-07-08 07:00:00-04:00,34.64,34.75,34.37,34.75,0.0
2024-07-08 08:00:00-04:00,34.74,34.77,34.41,34.65,0.0
2024-07-08 09:00:00-04:00,34.65,34.88,34.63,34.76,0.0
2024-07-08 09:30:00-04:00,34.849998474121094,35.21500015258789,34.79999923706055,35.070098876953125,634012.0
2024-07-08 10:30:00-04:00,35.06999969482422,35.25,34.96500015258789,35.165000915527344,610749.0
2024-07-08 11:30:00-04:00,35.165000915527344,35.20000076293945,35.06999969482422,35.07500076293945,416532.0
2024-07-08 12:30:00-04:00,35.06999969482422,35.40999984741211,35.060001373291016,35.40999984741211,503526.0
2024-07-08 13:30:00-04:00,35.400001525878906,35.44499969482422,35.314998626708984,35.44499969482422,507503.0
2024-07-08 14:30:00-04:00,35.435001373291016,35.5,35.3650016784668,35.439998626708984,917896.0
2024-07-08 15:30:00-04:00,35.435001373291016,35.46500015258789,35.290000915527344,35.31999969482422,1077207.0
2024-07-08 16:00:00-04:00,35.32,35.57,35.0016,35.53,0.0
2024-07-08 17:00:00-04:00,35.53,35.53,35.05,35.05,0.0
2024-07-08 18:00:00-04:00,35.08,35.578,35.05,35.0601,0.0
2024-07-08 19:00:00-04:00,35.58,35.58,35.11,35.49,0.0
2024-07-09 04:00:00-04:00,35.19,35.5,35.19,35.5,0.0
2024-07-09 05:00:00-04:00,35.5,35.5,35.25,35.27,0.0
2024-07-09 06:00:00-04:00,35.27,35.34,35.27,35.34,0.0
2024-07-09 07:00:00-04:00,35.34,35.5,35.34,35.38,0.0
2024-07-09 08:00:00-04:00,35.32,35.58,35.24,35.51,0.0
2024-07-09 09:00:00-04:00,35.51,35.54,34.86,35.3,0.0
2024-07-09 09:30:00-04:00,35.27000045776367,35.38999938964844,35.150001525878906,35.23500061035156,654356.0
2024-07-09 10:30:00-04:00,35.23500061035156,35.39500045776367,35.19499969482422,35.39500045776367,424401.0
2024-07-09 11:30:00-04:00,35.39500045776367,35.540000915527344,35.25,35.529998779296875,527141.0
2024-07-09 12:30:00-04:00,35.53499984741211,35.59000015258789,35.439998626708984,35.51499938964844,418033.0
2024-07-09 13:30:00-04:00,35.51499938964844,35.619998931884766,35.5,35.5099983215332,349375.0
2024-07-09 14:30:00-04:00,35.5099983215332,35.58000183105469,35.43000030517578,35.560001373291016,619860.0
2024-07-09 15:30:00-04:00,35.564998626708984,35.564998626708984,35.404998779296875,35.41999816894531,858420.0
2024-07-09 16:00:00-04:00,35.42,35.67,35.41,35.42,0.0
2024-07-09 17:00:00-04:00,35.42,35.62,35.41,35.62,0.0
2024-07-09 18:00:00-04:00,35.62,35.62,35.34,35.4,0.0
2024-07-09 19:00:00-04:00,35.43,35.6165,35.43,35.6165,0.0
2024-07-10 04:00:00-04:00,35.6165,35.6165,35.6165,35.6165,0.0
2024-07-10 05:00:00-04:00,35.6165,35.62,35.6165,35.62,0.0
2024-07-10 06:00:00-04:00,35.62,35.62,35.43,35.43,0.0
2024-07-10 07:00:00-04:00,35.42,35.58,35.42,35.58,0.0
2024-07-10 08:00:00-04:00,35.58,35.66,34.8,35.5,0.0
2024-07-10 09:00:00-04:00,35.5,35.66,35.5,35.5,0.0
2024-07-10 09:30:00-04:00,35.720001220703125,36.060001373291016,35.51499938964844,35.665000915527344,948332.0
2024-07-10 10:30:00-04:00,35.665000915527344,35.79499816894531,35.58000183105469,35.779998779296875,376912.0
2024-07-10 11:30:00-04:00,35.779998779296875,35.869998931884766,35.66999816894531,35.8650016784668,409678.0
2024-07-10 12:30:00-04:00,35.869998931884766,36.01499938964844,35.85499954223633,36.0099983215332,579909.0
2024-07-10 13:30:00-04:00,36.02000045776367,36.04999923706055,35.935001373291016,36.005001068115234,489831.0
2024-07-10 14:30:00-04:00,36.0099983215332,36.05500030517578,35.869998931884766,35.95500183105469,470789.0
2024-07-10 15:30:00-04:00,35.95500183105469,36.099998474121094,35.950599670410156,36.060001373291016,1097683.0
2024-07-10 16:00:00-04:00,36.06,36.16,35.89,36.06,0.0
2024-07-10 17:00:00-04:00,36.0,36.16,35.9168,36.0,0.0
2024-07-10 18:00:00-04:00,36.0,36.16,35.89,36.15,0.0
2024-07-10 19:00:00-04:00,36.07,36.07,35.89,35.89,0.0
2024-07-11 04:00:00-04:00,35.89,36.16,35.89,36.14,0.0
2024-07-11 05:00:00-04:00,36.01,36.15,36.01,36.15,0.0
2024-07-11 06:00:00-04:00,36.15,36.15,36.0,36.0,0.0
2024-07-11 07:00:00-04:00,36.0,36.01,36.0,36.0,0.0
2024-07-11 08:00:00-04:00,36.0,36.16,35.85,36.12,0.0
2024-07-11 09:00:00-04:00,36.12,36.3032,35.9244,36.21,0.0
2024-07-11 09:30:00-04:00,36.20000076293945,36.54999923706055,36.119998931884766,36.32500076293945,912997.0
2024-07-11 10:30:00-04:00,36.33000183105469,36.53499984741211,36.25,36.349998474121094,803957.0
2024-07-11 11:30:00-04:00,36.349998474121094,36.45500183105469,36.255001068115234,36.43000030517578,742518.0
2024-07-11 12:30:00-04:00,36.43000030517578,36.44499969482422,36.20500183105469,36.310001373291016,464603.0
2024-07-11 13:30:00-04:00,36.30500030517578,36.35499954223633,36.255001068115234,36.32500076293945,437242.0
2024-07-11 14:30:00-04:00,36.32500076293945,36.44499969482422,36.255001068115234,36.255001068115234,692328.0
2024-07-11 15:30:00-04:00,36.2599983215332,36.26499938964844,36.025001525878906,36.09000015258789,1630823.0
2024-07-11 16:00:00-04:00,36.1,36.35,36.02,36.09,0.0
2024-07-11 17:00:00-04:00,36.06,36.06,36.02,36.05,0.0
2024-07-11 18:00:00-04:00,36.05,36.05,36.05,36.05,0.0
2024-07-11 19:00:00-04:00,36.35,36.35,36.09,36.34,0.0
2024-07-12 04:00:00-04:00,36.34,36.34,36.34,36.34,0.0
2024-07-12 05:00:00-04:00,36.09,36.36,36.05,36.05,0.0
2024-07-12 06:00:00-04:00,36.3,36.3,36.2,36.2,0.0
2024-07-12 07:00:00-04:00,36.23,36.25,36.18,36.18,0.0
2024-07-12 08:00:00-04:00,36.18,36.3669,36.09,36.35,0.0
2024-07-12 09:00:00-04:00,36.12,36.28,36.1,36.28,0.0
2024-07-12 09:30:00-04:00,36.22999954223633,36.439998626708984,35.93000030517578,36.380001068115234,1219386.0
2024-07-12 10:30:00-04:00,36.3849983215332,36.59000015258789,36.3650016784668,36.52000045776367,597476.0
2024-07-12 11:30:00-04:00,36.51499938964844,36.68000030517578,36.48500061035156,36.66999816894531,452545.0
2024-07-12 12:30:00-04:00,36.6797981262207,36.685001373291016,36.58000183105469,36.63999938964844,400023.0
2024-07-12 13:30:00-04:00,36.63999938964844,36.8297004699707,36.630001068115234,36.82500076293945,498504.0
2024-07-12 14:30:00-04:00,36.81999969482422,36.90999984741211,36.810001373291016,36.88999938964844,690570.0
2024-07-12 15:30:00-04:00,36.88999938964844,36.89500045776367,36.689998626708984,36.7400016784668,1284652.0
2024-07-12 16:00:00-04:00,36.73,36.98,36.51,36.73,0.0
2024-07-12 17:00:00-04:00,36.73,36.73,36.51,36.52,0.0
2024-07-12 18:00:00-04:00,36.52,36.76,36.5,36.76,0.0
2024-07-12 19:00:00-04:00,36.76,36.76,36.76,36.76,0.0
2024-07-15 04:00:00-04:00,36.73,36.77,36.64,36.77,0.0
2024-07-15 05:00:00-04:00,36.71,36.84,36.71,36.84,0.0
2024-07-15 06:00:00-04:00,36.78,37.0,36.75,36.76,0.0
2024-07-15 07:00:00-04:00,36.76,36.95,36.76,36.95,0.0
2024-07-15 08:00:00-04:00,36.8,37.0,36.72,37.0,0.0
2024-07-15 09:00:00-04:00,36.93,37.0,36.85,36.85,0.0
2024-07-15 09:30:00-04:00,36.43000030517578,37.0,36.40999984741211,36.915000915527344,874797.0
2024-07-15 10:30:00-04:00,36.90999984741211,37.05500030517578,36.810001373291016,36.95000076293945,644456.0
2024-07-15 11:30:00-04:00,36.959999084472656,37.2400016784668,36.959999084472656,37.23500061035156,612878.0
2024-07-15 12:30:00-04:00,37.23500061035156,37.2400016784668,37.1150016784668,37.1150016784668,372363.0
2024-07-15 13:30:00-04:00,37.1150016784668,37.15999984741211,37.040000915527344,37.154998779296875,359757.0
2024-07-15 14:30:00-04:00,37.154998779296875,37.29999923706055,37.1349983215332,37.27870178222656,516795.0
2024-07-15 15:30:00-04:00,37.275001525878906,37.349998474121094,37.165000915527344,37.349998474121094,1387413.0
2024-07-15 16:00:00-04:00,37.34,37.37,37.01,37.35,0.0
2024-07-15 17:00:00-04:00,37.41,37.42,37.41,37.42,0.0
2024-07-15 18:00:00-04:00,37.4,37.4,37.34,37.39,0.0
2024-07-15 19:00:00-04:00,37.39,37.44,37.39,37.43,0.0
2024-07-16 04:00:00-04:00,37.43,37.43,37.43,37.43,0.0
2024-07-16 05:00:00-04:00,37.4,37.43,37.36,37.43,0.0
2024-07-16 06:00:00-04:00,37.43,37.43,37.34,37.34,0.0
2024-07-16 07:00:00-04:00,37.34,37.44,37.34,37.35,0.0
2024-07-16 08:00:00-04:00,37.35,37.44,37.24,37.32,0.0
2024-07-16 09:00:00-04:00,37.35,37.44,37.31,37.35,0.0
2024-07-16 09:30:00-04:00,37.720001220703125,37.84000015258789,37.4900016784668,37.62910079956055,1323106.0
2024-07-16 10:30:00-04:00,37.625,37.744998931884766,37.54999923706055,37.665000915527344,814074.0
2024-07-16 11:30:00-04:00,37.665000915527344,37.83000183105469,37.59000015258789,37.76499938964844,703209.0
2024-07-16 12:30:00-04:00,37.76499938964844,37.93000030517578,37.72999954223633,37.755001068115234,632746.0
2024-07-16 13:30:00-04:00,37.75,37.93000030517578,37.75,37.869998931884766,553012.0
2024-07-16 14:30:00-04:00,37.8650016784668,38.08000183105469,37.83000183105469,38.07500076293945,1065473.0
2024-07-16 15:30:00-04:00,38.07500076293945,38.130001068115234,37.97999954223633,38.0099983215332,2003643.0
2024-07-16 16:00:00-04:00,38.0,38.0,37.49,37.6,0.0
2024-07-16 17:00:00-04:00,37.6,37.99,37.6,37.99,0.0
2024-07-16 18:00:00-04:00,37.68,37.68,37.6,37.6,0.0
2024-07-16 19:00:00-04:00,38.0,38.0,37.8,37.98,0.0
2024-07-17 04:00:00-04:00,37.88,37.92,37.88,37.92,0.0
2024-07-17 05:00:00-04:00,37.42,37.69,37.42,37.48,0.0
2024-07-17 06:00:00-04:00,37.48,37.69,37.43,37.69,0.0
2024-07-17 07:00:00-04:00,37.69,37.69,37.59,37.69,0.0
2024-07-17 08:00:00-04:00,37.59,38.0,37.52,37.55,0.0
2024-07-17 09:00:00-04:00,37.65,37.897,37.59,37.68,0.0
2024-07-17 09:30:00-04:00,37.599998474121094,37.93000030517578,37.369998931884766,37.88999938964844,1149376.0
2024-07-17 10:30:00-04:00,37.880001068115234,38.04499816894531,37.810001373291016,38.0,672942.0
2024-07-17 11:30:00-04:00,37.9900016784668,38.41999816894531,37.939998626708984,38.255001068115234,1241565.0
2024-07-17 12:30:00-04:00,38.255001068115234,38.32500076293945,38.185001373291016,38.255001068115234,947983.0
2024-07-17 13:30:00-04:00,38.25,38.36000061035156,38.20000076293945,38.35499954223633,759608.0
2024-07-17 14:30:00-04:00,38.35350036621094,38.369998931884766,38.20000076293945,38.31999969482422,753451.0
2024-07-17 15:30:00-04:00,38.31999969482422,38.345001220703125,38.099998474121094,38.130001068115234,1552820.0
2024-07-17 16:00:00-04:00,38.11,38.1884,38.01,38.1884,0.0
2024-07-17 17:00:00-04:00,38.1884,38.1884,38.0,38.0,0.0
2024-07-17 18:00:00-04:00,38.19,38.35,38.0178,38.35,0.0
2024-07-17 19:00:00-04:00,38.0,38.35,38.0,38.35,0.0
2024-07-18 04:00:00-04:00,38.27,38.27,38.26,38.27,0.0
2024-07-18 05:00:00-04:00,38.27,38.27,38.04,38.09,0.0
2024-07-18 06:00:00-04:00,38.1,38.21,38.1,38.21,0.0
2024-07-18 07:00:00-04:00,38.21,38.21,38.01,38.01,0.0
2024-07-18 08:00:00-04:00,38.01,38.34,38.01,38.16,0.0
2024-07-18 09:00:00-04:00,38.16,38.26,38.16,38.26,0.0
2024-07-18 09:30:00-04:00,38.06999969482422,38.185001373291016,37.75,38.05500030517578,738075.0
2024-07-18 10:30:00-04:00,38.064998626708984,38.06999969482422,37.810001373291016,37.869998931884766,407071.0
2024-07-18 11:30:00-04:00,37.880001068115234,37.900001525878906,37.65999984741211,37.685001373291016,446653.0
2024-07-18 12:30:00-04:00,37.685001373291016,37.83000183105469,37.665000915527344,37.685001373291016,322852.0
2024-07-18 13:30:00-04:00,37.689998626708984,37.79499816894531,37.48500061035156,37.505001068115234,446456.0
2024-07-18 14:30:00-04:00,37.5,37.55500030517578,37.220001220703125,37.28499984741211,899830.0
2024-07-18 15:30:00-04:00,37.28499984741211,37.5099983215332,37.255001068115234,37.38999938964844,1260160.0
2024-07-18 16:00:00-04:00,37.39,37.5,37.3,37.5,0.0
2024-07-18 17:00:00-04:00,37.38,37.8,37.38,37.72,0.0
2024-07-18 18:00:00-04:00,37.39,37.4,37.38,37.39,0.0
2024-07-18 19:00:00-04:00,37.38,37.39,37.38,37.38,0.0
2024-07-19 04:00:00-04:00,37.38,37.38,37.11,37.11,0.0
2024-07-19 05:00:00-04:00,37.11,37.36,37.11,37.36,0.0
2024-07-19 06:00:00-04:00,37.29,37.36,37.09,37.36,0.0
2024-07-19 07:00:00-04:00,37.36,37.4,37.26,37.26,0.0
2024-07-19 08:00:00-04:00,37.26,37.64,37.11,37.46,0.0
2024-07-19 09:00:00-04:00,37.46,38.14,37.1738,37.1738,0.0
2024-07-19 09:30:00-04:00,37.40999984741211,37.439998626708984,37.040000915527344,37.18000030517578,552053.0
2024-07-19 10:30:00-04:00,37.189998626708984,37.279998779296875,36.98500061035156,36.994998931884766,526803.0
2024-07-19 11:30:00-04:00,37.0,37.119998931884766,36.875,37.04499816894531,428870.0
2024-07-19 12:30:00-04:00,37.04499816894531,37.09000015258789,36.994998931884766,37.04499816894531,317626.0
2024-07-19 13:30:00-04:00,37.04499816894531,37.14500045776367,37.02000045776367,37.099998474121094,395263.0
2024-07-19 14:30:00-04:00,37.10499954223633,37.2599983215332,37.08000183105469,37.17499923706055,457615.0
2024-07-19 15:30:00-04:00,37.17499923706055,37.17499923706055,37.06999969482422,37.150001525878906,898429.0
2024-07-19 16:00:00-04:00,37.15,37.25,37.12,37.25,0.0
2024-07-19 17:00:00-04:00,37.0,37.35,37.0,37.35,0.0
2024-07-19 18:00:00-04:00,37.35,37.35,37.0,37.0,0.0
2024-07-19 19:00:00-04:00,37.0,37.01,37.0,37.01,0.0
2024-07-22 04:00:00-04:00,37.01,37.14,37.01,37.11,0.0
2024-07-22 05:00:00-04:00,37.11,37.11,37.11,37.11,0.0
2024-07-22 06:00:00-04:00,37.11,37.11,37.11,37.11,0.0
2024-07-22 07:00:00-04:00,37.3,37.33,37.15,37.27,0.0
2024-07-22 08:00:00-04:00,37.27,37.4,37.14,37.4,0.0
2024-07-22 09:00:00-04:00,37.4,37.45,37.35,37.35,0.0
2024-07-22 09:30:00-04:00,37.619998931884766,37.779998779296875,37.42290115356445,37.654998779296875,523642.0
2024-07-22 10:30:00-04:00,37.65999984741211,37.755001068115234,37.61000061035156,37.70000076293945,389064.0
2024-07-22 11:30:00-04:00,37.69499969482422,37.81999969482422,37.58000183105469,37.79999923706055,503164.0
2024-07-22 12:30:00-04:00,37.79499816894531,37.97999954223633,37.72999954223633,37.97460174560547,339318.0
2024-07-22 13:30:00-04:00,37.970001220703125,37.9900016784668,37.84000015258789,37.84000015258789,374860.0
2024-07-22 14:30:00-04:00,37.849998474121094,37.95000076293945,37.79499816894531,37.94499969482422,434353.0
2024-07-22 15:30:00-04:00,37.939998626708984,38.040000915527344,37.90999984741211,38.025001525878906,1035154.0
2024-07-22 16:00:00-04:00,38.02,38.13,37.8858,38.0,0.0
2024-07-22 17:00:00-04:00,38.08,38.08,38.02,38.02,0.0
2024-07-22 18:00:00-04:00,38.02,38.1212,37.0,37.3877,0.0
2024-07-22 19:00:00-04:00,37.0,38.12,37.0,38.01,0.0
2024-07-23 04:00:00-04:00,38.01,38.01,37.96,37.96,0.0
2024-07-23 05:00:00-04:00,37.65,37.81,37.65,37.76,0.0
2024-07-23 06:00:00-04:00,37.8,38.0,37.75,38.0,0.0
2024-07-23 07:00:00-04:00,38.0,38.01,38.0,38.01,0.0
2024-07-23 08:00:00-04:00,37.8,38.1,37.5777,37.84,0.0
2024-07-23 09:00:00-04:00,37.84,37.88,37.57,37.6,0.0
2024-07-23 09:30:00-04:00,37.779998779296875,38.13999938964844,37.779998779296875,38.02000045776367,596815.0
2024-07-23 10:30:00-04:00,38.02000045776367,38.060001373291016,37.79999923706055,37.89500045776367,534405.0
2024-07-23 11:30:00-04:00,37.900001525878906,37.974998474121094,37.79999923706055,37.90999984741211,409503.0
2024-07-23 12:30:00-04:00,37.904998779296875,37.90999984741211,37.730098724365234,37.79999923706055,300084.0
2024-07-23 13:30:00-04:00,37.779998779296875,37.90999984741211,37.73500061035156,37.849998474121094,418746.0
2024-07-23 14:30:00-04:00,37.849998474121094,37.91999816894531,37.790000915527344,37.79999923706055,447250.0
2024-07-23 15:30:00-04:00,37.79499816894531,37.81999969482422,37.65010070800781,37.709999084472656,969600.0
2024-07-23 16:00:00-04:00,37.71,37.99,37.01,37.75,0.0
2024-07-23 17:00:00-04:00,37.75,37.75,37.0,37.0,0.0
2024-07-23 18:00:00-04:00,37.74,37.74,37.1,37.1,0.0
2024-07-23 19:00:00-04:00,37.1,37.29,37.1,37.11,0.0
2024-07-24 04:00:00-04:00,37.01,37.37,37.01,37.31,0.0
2024-07-24 05:00:00-04:00,37.31,37.31,37.17,37.17,0.0
2024-07-24 06:00:00-04:00,37.31,37.41,37.31,37.37,0.0
2024-07-24 07:00:00-04:00,37.34,37.34,37.32,37.34,0.0
2024-07-24 08:00:00-04:00,37.34,37.74,37.06,37.33,0.0
2024-07-24 09:00:00-04:00,37.33,37.5,37.25,37.49,0.0
2024-07-24 09:30:00-04:00,37.58000183105469,38.095001220703125,37.5,38.095001220703125,747524.0
2024-07-24 10:30:00-04:00,38.095001220703125,38.119998931884766,37.72999954223633,37.79499816894531,652547.0
2024-07-24 11:30:00-04:00,37.79999923706055,37.95000076293945,37.70000076293945,37.939998626708984,597855.0
2024-07-24 12:30:00-04:00,37.935001373291016,38.0099983215332,37.790000915527344,37.875,472001.0
2024-07-24 13:30:00-04:00,37.875,37.97999954223633,37.650001525878906,37.665000915527344,491171.0
2024-07-24 14:30:00-04:00,37.665000915527344,37.810001373291016,37.630001068115234,37.779998779296875,710863.0
2024-07-24 15:30:00-04:00,37.775001525878906,37.880001068115234,37.7400016784668,37.81999969482422,1423012.0
2024-07-24 16:00:00-04:00,37.82,37.99,37.58,37.87,0.0
2024-07-24 17:00:00-04:00,37.58,37.99,37.58,37.75,0.0
2024-07-24 18:00:00-04:00,37.0,37.85,37.0,37.85,0.0
2024-07-24 19:00:00-04:00,37.82,37.89,37.82,37.89,0.0
2024-07-25 04:00:00-04:00,37.89,37.89,37.34,37.34,0.0
2024-07-25 05:00:00-04:00,37.64,37.96,37.47,37.91,0.0
2024-07-25 06:00:00-04:00,37.87,37.88,37.1,37.25,0.0
2024-07-25 07:00:00-04:00,37.37,37.65,37.01,37.65,0.0
2024-07-25 08:00:00-04:00,37.64,37.87,37.0,37.0789,0.0
2024-07-25 09:00:00-04:00,37.5,37.65,37.2516,37.65,0.0
2024-07-25 09:30:00-04:00,37.61000061035156,37.790000915527344,37.09000015258789,37.18000030517578,1068803.0
2024-07-25 10:30:00-04:00,37.18000030517578,37.45000076293945,37.111000061035156,37.20500183105469,681817.0
2024-07-25 11:30:00-04:00,37.20500183105469,37.2599983215332,37.05500030517578,37.1150016784668,754474.0
2024-07-25 12:30:00-04:00,37.11000061035156,37.16999816894531,36.82500076293945,36.85499954223633,832874.0
2024-07-25 13:30:00-04:00,36.85499954223633,36.90999984741211,36.59000015258789,36.6150016784668,686648.0
2024-07-25 14:30:00-04:00,36.61000061035156,36.650001525878906,36.439998626708984,36.58000183105469,1094200.0
2024-07-25 15:30:00-04:00,36.584999084472656,36.63999938964844,36.20000076293945,36.22999954223633,2049249.0
2024-07-25 16:00:00-04:00,36.25,36.77,36.25,36.27,0.0
2024-07-25 17:00:00-04:00,36.27,36.88,36.25,36.88,0.0
2024-07-25 18:00:00-04:00,36.53,36.88,36.01,36.88,0.0
2024-07-25 19:00:00-04:00,36.01,36.45,36.01,36.38,0.0
2024-07-26 04:00:00-04:00,36.82,37.08,36.6,36.8,0.0
2024-07-26 05:00:00-04:00,36.8,36.8,36.8,36.8,0.0
2024-07-26 06:00:00-04:00,36.8,36.8,36.32,36.42,0.0
2024-07-26 07:00:00-04:00,36.42,36.85,36.42,36.85,0.0
2024-07-26 08:00:00-04:00,36.51,36.86,36.43,36.71,0.0
2024-07-26 09:00:00-04:00,36.69,36.8542,36.3,36.31,0.0
2024-07-26 09:30:00-04:00,36.72999954223633,36.72999954223633,36.290000915527344,36.40010070800781,868617.0
2024-07-26 10:30:00-04:00,36.400001525878906,36.400001525878906,36.19499969482422,36.32500076293945,837127.0
2024-07-26 11:30:00-04:00,36.33000183105469,36.54999923706055,36.25,36.459999084472656,1043557.0
2024-07-26 12:30:00-04:00,36.470001220703125,36.619998931884766,36.459999084472656,36.59640121459961,561440.0
2024-07-26 13:30:00-04:00,36.599998474121094,36.60499954223633,36.404998779296875,36.41999816894531,412266.0
2024-07-26 14:30:00-04:00,36.41999816894531,36.470001220703125,36.34000015258789,36.38999938964844,579627.0
2024-07-26 15:30:00-04:00,36.39500045776367,36.41999816894531,36.209999084472656,36.32500076293945,1604795.0
2024-07-26 16:00:00-04:00,36.33,36.34,36.1,36.33,0.0
2024-07-26 17:00:00-04:00,36.33,36.64,36.33,36.64,0.0
2024-07-26 18:00:00-04:00,36.33,36.33,36.13,36.14,0.0
2024-07-26 19:00:00-04:00,36.03,36.03,36.03,36.03,0.0
2024-07-29 04:00:00-04:00,36.03,36.41,36.03,36.41,0.0
2024-07-29 05:00:00-04:00,36.41,36.41,36.21,36.21,0.0
2024-07-29 06:00:00-04:00,36.21,36.31,36.01,36.01,0.0
2024-07-29 07:00:00-04:00,36.01,36.36,36.01,36.36,0.0
2024-07-29 08:00:00-04:00,36.36,36.68,36.25,36.34,0.0
2024-07-29 09:00:00-04:00,36.34,36.7,36.34,36.7,0.0
2024-07-29 09:30:00-04:00,36.400001525878906,36.42499923706055,35.9900016784668,36.025001525878906,661982.0
2024-07-29 10:30:00-04:00,36.02000045776367,36.09000015258789,35.790000915527344,35.81999969482422,631643.0
2024-07-29 11:30:00-04:00,35.81990051269531,35.98500061035156,35.75,35.97999954223633,497107.0
2024-07-29 12:30:00-04:00,35.974998474121094,36.02000045776367,35.8849983215332,35.904998779296875,436053.0
2024-07-29 13:30:00-04:00,35.900001525878906,36.11000061035156,35.8849983215332,36.10499954223633,421615.0
2024-07-29 14:30:00-04:00,36.10499954223633,36.189998626708984,36.064998626708984,36.1349983215332,488329.0
2024-07-29 15:30:00-04:00,36.130001068115234,36.16999816894531,36.06999969482422,36.119998931884766,980639.0
2024-07-29 16:00:00-04:00,36.13,36.2,35.88,36.13,0.0
2024-07-29 17:00:00-04:00,36.13,36.2,36.13,36.2,0.0
2024-07-29 18:00:00-04:00,36.19,36.2,36.13,36.13,0.0
2024-07-29 19:00:00-04:00,36.0,36.19,36.0,36.19,0.0
2024-07-30 04:00:00-04:00,36.19,36.25,36.17,36.24,0.0
2024-07-30 05:00:00-04:00,36.24,36.24,36.24,36.24,0.0
2024-07-30 06:00:00-04:00,,,,,
2024-07-30 07:00:00-04:00,36.0,36.13,36.0,36.12,0.0
2024-07-30 08:00:00-04:00,36.12,36.76,36.12,36.13,0.0
2024-07-30 09:00:00-04:00,36.24,36.24,36.24,36.24,0.0
2024-07-30 09:30:00-04:00,36.130001068115234,36.29999923706055,36.02000045776367,36.025001525878906,573781.0
2024-07-30 10:30:00-04:00,36.02000045776367,36.11000061035156,35.869998931884766,36.095001220703125,589046.0
2024-07-30 11:30:00-04:00,36.09000015258789,36.10499954223633,35.13999938964844,35.79999923706055,797240.0
2024-07-30 12:30:00-04:00,35.810001373291016,35.814998626708984,35.584999084472656,35.66059875488281,439846.0
2024-07-30 13:30:00-04:00,35.65999984741211,35.869998931884766,35.64500045776367,35.73500061035156,518720.0
2024-07-30 14:30:00-04:00,35.73500061035156,35.78049850463867,35.60499954223633,35.60499954223633,942187.0
2024-07-30 15:30:00-04:00,35.61000061035156,35.709999084472656,35.5099983215332,35.529998779296875,1557127.0
2024-07-30 16:00:00-04:00,35.52,35.77,35.4,35.52,0.0
2024-07-30 17:00:00-04:00,35.52,35.61,35.44,35.44,0.0
2024-07-30 18:00:00-04:00,35.45,35.53,35.41,35.52,0.0
2024-07-30 19:00:00-04:00,35.45,36.0,35.45,35.97,0.0
2024-07-31 04:00:00-04:00,35.97,35.97,35.95,35.95,0.0
2024-07-31 05:00:00-04:00,35.96,36.07,35.96,36.03,0.0
2024-07-31 06:00:00-04:00,36.05,36.05,36.05,36.05,0.0
2024-07-31 07:00:00-04:00,36.02,36.04,35.88,35.96,0.0
2024-07-31 08:00:00-04:00,35.96,38.235,35.18,36.0,0.0
2024-07-31 09:00:00-04:00,36.0,36.16,35.79,36.16,0.0
2024-07-31 09:30:00-04:00,35.970001220703125,36.36000061035156,35.869998931884766,35.935001373291016,852812.0
2024-07-31 10:30:00-04:00,35.93000030517578,36.16999816894531,35.875,36.01499938964844,541021.0
2024-07-31 11:30:00-04:00,36.01499938964844,36.09000015258789,35.95500183105469,36.040000915527344,365852.0
2024-07-31 12:30:00-04:00,36.03499984741211,36.060001373291016,35.98500061035156,35.9900016784668,308214.0
2024-07-31 13:30:00-04:00,35.9900016784668,36.029998779296875,35.7400016784668,35.974998474121094,825917.0
2024-07-31 14:30:00-04:00,35.97999954223633,36.189998626708984,35.94499969482422,35.98500061035156,569777.0
2024-07-31 15:30:00-04:00,35.98500061035156,36.154998779296875,35.970001220703125,36.09000015258789,1016554.0
2024-07-31 16:00:00-04:00,36.09,36.36,35.75,35.79,0.0
2024-07-31 17:00:00-04:00,35.79,36.27,35.7741,36.27,0.0
2024-07-31 18:00:00-04:00,36.27,36.27,35.75,36.0,0.0
2024-07-31 19:00:00-04:00,36.11,36.2,36.11,36.11,0.0
2024-08-01 04:00:00-04:00,36.36,36.36,36.2,36.2,0.0
2024-08-01 05:00:00-04:00,36.05,36.05,36.05,36.05,0.0
2024-08-01 06:00:00-04:00,36.05,36.05,35.95,35.98,0.0
2024-08-01 07:00:00-04:00,35.98,36.19,35.98,36.19,0.0
2024-08-01 08:00:00-04:00,36.12,36.2,35.683,36.1,0.0
2024-08-01 09:00:00-04:00,36.03,36.12,36.03,36.05,0.0
2024-08-01 09:30:00-04:00,35.974998474121094,36.290000915527344,35.869998931884766,35.93000030517578,486845.0
2024-08-01 10:30:00-04:00,35.91999816894531,35.974998474121094,35.72999954223633,35.76499938964844,490770.0
2024-08-01 11:30:00-04:00,35.76499938964844,35.849998474121094,35.4900016784668,35.525001525878906,538853.0
2024-08-01 12:30:00-04:00,35.529998779296875,35.54890060424805,35.275001525878906,35.29999923706055,342494.0
2024-08-01 13:30:00-04:00,35.29999923706055,35.345001220703125,35.0099983215332,35.1150016784668,688250.0
2024-08-01 14:30:00-04:00,35.119998931884766,35.13999938964844,35.029998779296875,35.040000915527344,512376.0
2024-08-01 15:30:00-04:00,35.04999923706055,35.29499816894531,34.9900016784668,35.150001525878906,1080911.0
2024-08-01 16:00:00-04:00,35.17,35.17,35.06,35.16,0.0
2024-08-01 17:00:00-04:00,35.07,35.5,35.02,35.17,0.0
2024-08-01 18:00:00-04:00,35.05,36.09,34.51,34.51,0.0
2024-08-01 19:00:00-04:00,35.03,35.03,34.67,35.01,0.0
2024-08-02 04:00:00-04:00,34.6,34.6,34.06,34.5,0.0
2024-08-02 05:00:00-04:00,34.54,34.6,34.35,34.35,0.0
2024-08-02 06:00:00-04:00,34.35,34.46,34.35,34.46,0.0
2024-08-02 07:00:00-04:00,34.46,34.49,34.33,34.45,0.0
2024-08-02 08:00:00-04:00,34.44,34.5,34.23,34.42,0.0
2024-08-02 09:00:00-04:00,34.34,34.5,34.1,34.41,0.0
2024-08-02 09:30:00-04:00,34.40999984741211,34.560001373291016,33.63999938964844,33.72999954223633,1259596.0
2024-08-02 10:30:00-04:00,33.720001220703125,33.79999923706055,33.55500030517578,33.724998474121094,750839.0
2024-08-02 11:30:00-04:00,33.724998474121094,33.959999084472656,33.650001525878906,33.915000915527344,596035.0
2024-08-02 12:30:00-04:00,33.915000915527344,33.970001220703125,33.71500015258789,33.724998474121094,391542.0
2024-08-02 13:30:00-04:00,33.724998474121094,33.779998779296875,33.584999084472656,33.77000045776367,418407.0
2024-08-02 14:30:00-04:00,33.76499938964844,33.83000183105469,33.63999938964844,33.724998474121094,519103.0
2024-08-02 15:30:00-04:00,33.7400016784668,33.810001373291016,33.60499954223633,33.720001220703125,1247942.0
2024-08-02 16:00:00-04:00,33.72,33.72,33.55,33.7099,0.0
2024-08-02 17:00:00-04:00,33.7099,33.72,33.61,33.69,0.0
2024-08-02 18:00:00-04:00,33.71,33.71,33.71,33.71,0.0
2024-08-02 19:00:00-04:00,33.66,33.71,33.66,33.69,0.0
2024-08-05 04:00:00-04:00,30.71,33.3,30.7,31.26,0.0
2024-08-05 05:00:00-04:00,31.9,32.44,31.01,31.9,0.0
2024-08-05 06:00:00-04:00,32.44,32.89,31.0,31.68,0.0
2024-08-05 07:00:00-04:00,31.68,32.4,31.15,32.0,0.0
2024-08-05 08:00:00-04:00,31.99,32.4,31.5,32.1,0.0
2024-08-05 09:00:00-04:00,31.72,32.9,31.3,32.82,0.0
2024-08-05 09:30:00-04:00,32.58000183105469,32.86000061035156,32.15999984741211,32.2400016784668,1610824.0
2024-08-05 10:30:00-04:00,32.2400016784668,32.779998779296875,32.2400016784668,32.72999954223633,646752.0
2024-08-05 11:30:00-04:00,32.724998474121094,32.97999954223633,32.720001220703125,32.94150161743164,610843.0
2024-08-05 12:30:00-04:00,32.94499969482422,32.94499969482422,32.709999084472656,32.82500076293945,518449.0
2024-08-05 13:30:00-04:00,32.83000183105469,32.91999816894531,32.71500015258789,32.80500030517578,472771.0
2024-08-05 14:30:00-04:00,32.79999923706055,32.82500076293945,32.529998779296875,32.650001525878906,646627.0
2024-08-05 15:30:00-04:00,32.64500045776367,32.7599983215332,32.46500015258789,32.75,1521301.0
2024-08-05 16:00:00-04:00,32.75,33.08,32.74,32.78,0.0
2024-08-05 17:00:00-04:00,32.78,33.28,32.75,33.28,0.0
2024-08-05 18:00:00-04:00,32.88,33.48,32.75,32.75,0.0
2024-08-05 19:00:00-04:00,32.76,32.98,32.76,32.9,0.0
2024-08-06 04:00:00-04:00,32.99,33.21,32.96,33.1,0.0
2024-08-06 05:00:00-04:00,33.19,33.22,33.19,33.21,0.0
2024-08-06 06:00:00-04:00,33.21,33.21,32.91,32.94,0.0
2024-08-06 07:00:00-04:00,32.94,33.11,32.92,32.92,0.0
2024-08-06 08:00:00-04:00,32.92,33.19,32.92,33.0,0.0
2024-08-06 09:00:00-04:00,33.0,33.18,33.0,33.08,0.0
2024-08-06 09:30:00-04:00,32.849998474121094,32.959999084472656,32.52000045776367,32.77000045776367,1019158.0
2024-08-06 10:30:00-04:00,32.755001068115234,33.064998626708984,32.68000030517578,32.709999084472656,586858.0
2024-08-06 11:30:00-04:00,32.709999084472656,33.02000045776367,32.709999084472656,32.92369842529297,397257.0
2024-08-06 12:30:00-04:00,32.93000030517578,33.10499954223633,32.810001373291016,33.08000183105469,1120379.0
2024-08-06 13:30:00-04:00,33.08000183105469,33.16999816894531,33.029998779296875,33.165000915527344,402636.0
2024-08-06 14:30:00-04:00,33.165000915527344,33.1952018737793,32.80500030517578,32.93149948120117,587489.0
2024-08-06 15:30:00-04:00,32.935001373291016,32.98500061035156,32.709999084472656,32.709999084472656,1023608.0
2024-08-06 16:00:00-04:00,32.72,33.18,32.4,32.42,0.0
2024-08-06 17:00:00-04:00,32.69,32.72,32.42,32.6,0.0
2024-08-06 18:00:00-04:00,32.44,32.45,32.41,32.41,0.0
2024-08-06 19:00:00-04:00,32.71,32.72,32.71,32.72,0.0
2024-08-07 04:00:00-04:00,32.84,32.95,32.8,32.95,0.0
2024-08-07 05:00:00-04:00,32.84,32.95,32.84,32.94,0.0
2024-08-07 06:00:00-04:00,32.94,32.99,32.94,32.99,0.0
2024-08-07 07:00:00-04:00,32.99,33.0,32.99,33.0,0.0
2024-08-07 08:00:00-04:00,33.0,33.17,32.85,33.17,0.0
2024-08-07 09:00:00-04:00,32.99,32.99,32.9,32.97,0.0
2024-08-07 09:30:00-04:00,32.90999984741211,33.08000183105469,32.720001220703125,32.790000915527344,1045059.0
2024-08-07 10:30:00-04:00,32.790000915527344,32.94499969482422,32.689998626708984,32.80500030517578,662122.0
2024-08-07 11:30:00-04:00,32.810001373291016,32.869998931884766,32.494998931884766,32.720001220703125,755410.0
2024-08-07 12:30:00-04:00,32.720001220703125,32.75,32.34000015258789,32.415000915527344,367942.0
2024-08-07 13:30:00-04:00,32.41999816894531,32.4900016784668,32.04999923706055,32.17499923706055,1013795.0
2024-08-07 14:30:00-04:00,32.16999816894531,32.22999954223633,32.03499984741211,32.110198974609375,803447.0
2024-08-07 15:30:00-04:00,32.11000061035156,32.2400016784668,31.951000213623047,32.029998779296875,1241418.0
2024-08-07 16:00:00-04:00,32.02,32.2,31.72,31.95,0.0
2024-08-07 17:00:00-04:00,32.19,32.19,31.88,31.88,0.0
2024-08-07 18:00:00-04:00,31.88,32.19,31.75,32.19,0.0
2024-08-07 19:00:00-04:00,32.0,32.0,31.75,31.79,0.0
2024-08-08 04:00:00-04:00,32.02,32.02,32.02,32.02,0.0
2024-08-08 05:00:00-04:00,31.9,32.02,31.9,31.93,0.0
2024-08-08 06:00:00-04:00,31.93,31.93,31.93,31.93,0.0
2024-08-08 07:00:00-04:00,31.93,32.06,31.89,32.03,0.0
2024-08-08 08:00:00-04:00,32.03,32.18,31.8716,32.0188,0.0
2024-08-08 09:00:00-04:00,31.85,32.23,31.85,32.22,0.0
2024-08-08 09:30:00-04:00,32.290000915527344,32.70000076293945,32.290000915527344,32.69499969482422,467327.0
2024-08-08 10:30:00-04:00,32.70000076293945,32.7400016784668,32.4900016784668,32.650001525878906,1076960.0
2024-08-08 11:30:00-04:00,32.654998779296875,32.84000015258789,32.630001068115234,32.724998474121094,414527.0
2024-08-08 12:30:00-04:00,32.720001220703125,32.790000915527344,32.599998474121094,32.77000045776367,727449.0
2024-08-08 13:30:00-04:00,32.775001525878906,32.95000076293945,32.755001068115234,32.880001068115234,498422.0
2024-08-08 14:30:00-04:00,32.880001068115234,33.04899978637695,32.83000183105469,33.005001068115234,629264.0
2024-08-08 15:30:00-04:00,33.0,33.09000015258789,32.86000061035156,33.02000045776367,1079953.0
2024-08-08 16:00:00-04:00,33.02,33.18,33.02,33.02,0.0
2024-08-08 17:00:00-04:00,33.02,33.17,32.61,33.15,0.0
2024-08-08 18:00:00-04:00,33.37,33.37,33.16,33.16,0.0
2024-08-08 19:00:00-04:00,33.07,33.07,33.07,33.07,0.0
2024-08-09 04:00:00-04:00,33.07,33.07,33.07,33.07,0.0
2024-08-09 05:00:00-04:00,33.07,33.07,33.07,33.07,0.0
2024-08-09 06:00:00-04:00,33.07,33.07,33.07,33.07,0.0
2024-08-09 07:00:00-04:00,33.07,33.13,33.0,33.0,0.0
2024-08-09 08:00:00-04:00,32.88,33.18,32.86,33.08,0.0
2024-08-09 09:00:00-04:00,33.08,33.1,32.81,32.81,0.0
2024-08-09 09:30:00-04:00,32.86000061035156,33.470001220703125,32.86000061035156,33.26100158691406,723640.0
2024-08-09 10:30:00-04:00,33.26499938964844,33.63999938964844,33.2400016784668,33.47999954223633,612641.0
2024-08-09 11:30:00-04:00,33.47999954223633,33.54499816894531,33.415000915527344,33.529998779296875,435657.0
2024-08-09 12:30:00-04:00,33.525001525878906,33.7599983215332,33.525001525878906,33.7599983215332,500975.0
2024-08-09 13:30:00-04:00,33.7599983215332,33.779998779296875,33.599998474121094,33.695098876953125,790073.0
2024-08-09 14:30:00-04:00,33.70500183105469,33.88999938964844,33.68000030517578,33.82500076293945,836071.0
2024-08-09 15:30:00-04:00,33.82500076293945,33.869998931884766,33.5099983215332,33.540000915527344,1657696.0
2024-08-09 16:00:00-04:00,33.54,33.62,33.49,33.54,0.0
2024-08-09 17:00:00-04:00,33.53,33.93,33.53,33.93,0.0
2024-08-09 18:00:00-04:00,33.93,33.93,33.93,33.93,0.0
2024-08-09 19:00:00-04:00,33.29,33.54,33.29,33.54,0.0
2024-08-12 04:00:00-04:00,33.54,33.54,33.54,33.54,0.0
2024-08-12 05:00:00-04:00,33.54,33.54,33.54,33.54,0.0
2024-08-12 06:00:00-04:00,33.54,33.54,33.54,33.54,0.0
2024-08-12 07:00:00-04:00,33.54,33.87,33.54,33.75,0.0
2024-08-12 08:00:00-04:00,33.6,34.0,33.59,33.96,0.0
2024-08-12 09:00:00-04:00,33.96,33.96,33.54,33.55,0.0
2024-08-12 09:30:00-04:00,33.630001068115234,34.005001068115234,33.58000183105469,33.939998626708984,790381.0
2024-08-12 10:30:00-04:00,33.939998626708984,34.16999816894531,33.880001068115234,33.89500045776367,546652.0
2024-08-12 11:30:00-04:00,33.89500045776367,34.099998474121094,33.80500030517578,33.95500183105469,598477.0
2024-08-12 12:30:00-04:00,33.959999084472656,33.9900016784668,33.72999954223633,33.85499954223633,486482.0
2024-08-12 13:30:00-04:00,33.86000061035156,33.88999938964844,33.720001220703125,33.7400016784668,408686.0
2024-08-12 14:30:00-04:00,33.7400016784668,33.83000183105469,33.70000076293945,33.7599983215332,725183.0
2024-08-12 15:30:00-04:00,33.7599983215332,33.81999969482422,33.689998626708984,33.79999923706055,993982.0
2024-08-12 16:00:00-04:00,33.78,34.05,33.38,34.05,0.0
2024-08-12 17:00:00-04:00,33.5,33.5,33.5,33.5,0.0
2024-08-12 18:00:00-04:00,33.5,33.54,33.5,33.54,0.0
2024-08-12 19:00:00-04:00,33.49,33.49,33.49,33.49,0.0
2024-08-13 04:00:00-04:00,33.49,33.49,33.49,33.49,0.0
2024-08-13 05:00:00-04:00,33.49,33.49,33.49,33.49,0.0
2024-08-13 06:00:00-04:00,33.49,33.49,33.49,33.49,0.0
2024-08-13 07:00:00-04:00,33.49,33.49,33.49,33.49,0.0
2024-08-13 08:00:00-04:00,33.78,34.12,33.78,34.12,0.0
2024-08-13 09:00:00-04:00,33.84,34.11,33.84,34.08,0.0
2024-08-13 09:30:00-04:00,34.0099983215332,34.47999954223633,33.970001220703125,34.369998931884766,656870.0
2024-08-13 10:30:00-04:00,34.375,34.59000015258789,34.27000045776367,34.564998626708984,683593.0
2024-08-13 11:30:00-04:00,34.560001373291016,34.73500061035156,34.54999923706055,34.689998626708984,503101.0
2024-08-13 12:30:00-04:00,34.69499969482422,34.7599983215332,34.66999816894531,34.689998626708984,509568.0
2024-08-13 13:30:00-04:00,34.689998626708984,34.689998626708984,34.4900016784668,34.59000015258789,453286.0
2024-08-13 14:30:00-04:00,34.59000015258789,34.654998779296875,34.560001373291016,34.654998779296875,633474.0
2024-08-13 15:30:00-04:00,34.654998779296875,34.779998779296875,34.58000183105469,34.75,1292037.0
2024-08-13 16:00:00-04:00,34.74,34.99,34.72,34.72,0.0
2024-08-13 17:00:00-04:00,34.72,34.97,34.72,34.97,0.0
2024-08-13 18:00:00-04:00,34.97,34.97,34.7,34.7,0.0
2024-08-13 19:00:00-04:00,34.2,34.2,34.2,34.2,0.0
2024-08-14 04:00:00-04:00,34.2,34.76,34.2,34.76,0.0
2024-08-14 05:00:00-04:00,34.76,34.85,34.76,34.85,0.0
2024-08-14 06:00:00-04:00,34.88,34.88,34.85,34.85,0.0
2024-08-14 07:00:00-04:00,34.85,34.97,34.85,34.97,0.0
2024-08-14 08:00:00-04:00,34.97,34.97,32.830017,34.77,0.0
2024-08-14 09:00:00-04:00,34.77,34.99,34.7,34.98,0.0
2024-08-14 09:30:00-04:00,34.7599983215332,34.900001525878906,34.540000915527344,34.814998626708984,714780.0
2024-08-14 10:30:00-04:00,34.814998626708984,34.880001068115234,34.72999954223633,34.880001068115234,605522.0
2024-08-14 11:30:00-04:00,34.88999938964844,35.01499938964844,34.724998474121094,34.744998931884766,658528.0
2024-08-14 12:30:00-04:00,34.75,34.82500076293945,34.689998626708984,34.7599983215332,262002.0
2024-08-14 13:30:00-04:00,34.755001068115234,34.81999969482422,34.720001220703125,34.790000915527344,315780.0
2024-08-14 14:30:00-04:00,34.79999923706055,34.834999084472656,34.77000045776367,34.790000915527344,459383.0
2024-08-14 15:30:00-04:00,34.790000915527344,34.85499954223633,34.7400016784668,34.77000045776367,974363.0
2024-08-14 16:00:00-04:00,34.75,34.89,34.5,34.5,0.0
2024-08-14 17:00:00-04:00,34.5,34.75,34.5,34.74,0.0
2024-08-14 18:00:00-04:00,34.5003,34.74,34.5003,34.74,0.0
2024-08-14 19:00:00-04:00,34.7,34.74,34.5,34.51,0.0
2024-08-15 04:00:00-04:00,34.51,34.51,34.51,34.51,0.0
2024-08-15 05:00:00-04:00,34.51,34.69,34.51,34.69,0.0
2024-08-15 06:00:00-04:00,34.69,34.92,34.69,34.78,0.0
2024-08-15 07:00:00-04:00,34.78,34.78,34.75,34.75,0.0
2024-08-15 08:00:00-04:00,34.75,35.0,34.59,34.76,0.0
2024-08-15 09:00:00-04:00,34.82,35.19,34.82,35.1,0.0
2024-08-15 09:30:00-04:00,35.310001373291016,35.448001861572266,35.150001525878906,35.34000015258789,484756.0
2024-08-15 10:30:00-04:00,35.349998474121094,35.439998626708984,35.29999923706055,35.334999084472656,349197.0
2024-08-15 11:30:00-04:00,35.33000183105469,35.558998107910156,35.33000183105469,35.470001220703125,393613.0
2024-08-15 12:30:00-04:00,35.46500015258789,35.494998931884766,35.349998474121094,35.42499923706055,497684.0
2024-08-15 13:30:00-04:00,35.42499923706055,35.44499969482422,35.290000915527344,35.32500076293945,691768.0
2024-08-15 14:30:00-04:00,35.31999969482422,35.369998931884766,35.27000045776367,35.35499954223633,605347.0
2024-08-15 15:30:00-04:00,35.35499954223633,35.52000045776367,35.334999084472656,35.5099983215332,969349.0
2024-08-15 16:00:00-04:00,35.52,35.6,35.235,35.57,0.0
2024-08-15 17:00:00-04:00,35.57,35.6,35.2,35.59,0.0
2024-08-15 18:00:00-04:00,35.59,35.59,35.23,35.26,0.0
2024-08-15 19:00:00-04:00,,,,,
2024-08-16 04:00:00-04:00,35.55,35.56,35.48,35.49,0.0
2024-08-16 05:00:00-04:00,34.95,35.58,34.95,35.54,0.0
2024-08-16 06:00:00-04:00,35.49,35.5,35.47,35.5,0.0
2024-08-16 07:00:00-04:00,35.5,35.5,35.25,35.31,0.0
2024-08-16 08:00:00-04:00,35.31,35.57,35.31,35.49,0.0
2024-08-16 09:00:00-04:00,35.25,35.44,35.0,35.03,0.0
2024-08-16 09:30:00-04:00,35.47999954223633,35.67499923706055,35.404998779296875,35.63999938964844,637484.0
2024-08-16 10:30:00-04:00,35.639198303222656,35.724998474121094,35.52000045776367,35.650001525878906,414547.0
2024-08-16 11:30:00-04:00,35.64500045776367,35.83000183105469,35.608001708984375,35.79499816894531,293106.0
2024-08-16 12:30:00-04:00,35.79499816894531,35.9900016784668,35.790000915527344,35.92499923706055,467254.0
2024-08-16 13:30:00-04:00,35.93000030517578,35.970001220703125,35.875,35.91999816894531,332881.0
2024-08-16 14:30:00-04:00,35.90999984741211,36.029998779296875,35.900001525878906,36.005001068115234,559908.0
2024-08-16 15:30:00-04:00,36.0,36.029998779296875,35.88999938964844,35.90999984741211,1614901.0
2024-08-16 16:00:00-04:00,35.91,36.07,35.89,35.89,0.0
2024-08-16 17:00:00-04:00,35.89,35.89,35.84,35.84,0.0
2024-08-16 18:00:00-04:00,35.84,35.84,35.84,35.84,0.0
2024-08-16 19:00:00-04:00,35.9,35.9,35.9,35.9,0.0
2024-08-19 04:00:00-04:00,35.68,35.68,35.25,35.26,0.0
2024-08-19 05:00:00-04:00,35.32,35.32,35.2,35.2,0.0
2024-08-19 06:00:00-04:00,35.15,35.2,35.12,35.2,0.0
2024-08-19 07:00:00-04:00,35.2,35.2,35.1,35.19,0.0
2024-08-19 08:00:00-04:00,35.19,35.95,35.06,35.1,0.0
2024-08-19 09:00:00-04:00,35.16,35.47,34.89,34.99,0.0
2024-08-19 09:30:00-04:00,34.619998931884766,35.290000915527344,34.279998779296875,34.53499984741211,2532551.0
2024-08-19 10:30:00-04:00,34.53499984741211,34.83000183105469,34.52000045776367,34.595001220703125,881935.0
2024-08-19 11:30:00-04:00,34.599998474121094,34.779998779296875,34.56999969482422,34.619998931884766,655919.0
2024-08-19 12:30:00-04:00,34.619998931884766,34.77000045776367,34.58000183105469,34.69929885864258,485521.0
2024-08-19 13:30:00-04:00,34.69499969482422,34.75,34.610198974609375,34.720001220703125,678405.0
2024-08-19 14:30:00-04:00,34.72869873046875,34.76499938964844,34.66999816894531,34.67499923706055,707999.0
2024-08-19 15:30:00-04:00,34.67499923706055,34.69499969482422,34.4900016784668,34.61000061035156,2209096.0
2024-08-19 16:00:00-04:00,34.6,34.65,34.55,34.6,0.0
2024-08-19 17:00:00-04:00,34.57,34.6,34.51,34.51,0.0
2024-08-19 18:00:00-04:00,34.5,34.6,34.5,34.5,0.0
2024-08-19 19:00:00-04:00,34.5,34.6,34.5,34.6,0.0
2024-08-20 04:00:00-04:00,34.76,34.76,34.76,34.76,0.0
2024-08-20 05:00:00-04:00,34.76,34.76,34.6,34.6,0.0
2024-08-20 06:00:00-04:00,34.74,34.74,34.6,34.6,0.0
2024-08-20 07:00:00-04:00,34.6,34.62,34.54,34.61,0.0
2024-08-20 08:00:00-04:00,34.61,34.81,34.51,34.81,0.0
2024-08-20 09:00:00-04:00,34.72,34.81,34.55,34.62,0.0
2024-08-20 09:30:00-04:00,34.599998474121094,35.04990005493164,34.59000015258789,34.814998626708984,665171.0
2024-08-20 10:30:00-04:00,34.81999969482422,34.880001068115234,34.650001525878906,34.67499923706055,677613.0
2024-08-20 11:30:00-04:00,34.685001373291016,34.79999923706055,34.63999938964844,34.71500015258789,681631.0
2024-08-20 12:30:00-04:00,34.71500015258789,34.810001373291016,34.685001373291016,34.790000915527344,561705.0
2024-08-20 13:30:00-04:00,34.79499816894531,34.91999816894531,34.7599983215332,34.88999938964844,440879.0
2024-08-20 14:30:00-04:00,34.89500045776367,35.025001525878906,34.89500045776367,34.95500183105469,590981.0
2024-08-20 15:30:00-04:00,34.95500183105469,34.959999084472656,34.779998779296875,34.790000915527344,1504394.0
2024-08-20 16:00:00-04:00,34.81,34.99,34.81,34.99,0.0
2024-08-20 17:00:00-04:00,34.81,34.99,34.71,34.71,0.0
2024-08-20 18:00:00-04:00,34.81,34.81,34.7,34.81,0.0
2024-08-20 19:00:00-04:00,34.8,34.81,34.39,34.81,0.0
2024-08-21 04:00:00-04:00,34.81,34.94,34.79,34.79,0.0
2024-08-21 05:00:00-04:00,34.79,34.94,34.74,34.74,0.0
2024-08-21 06:00:00-04:00,34.74,34.84,34.74,34.84,0.0
2024-08-21 07:00:00-04:00,34.8,34.85,34.78,34.78,0.0
2024-08-21 08:00:00-04:00,34.78,34.99,34.09,34.98,0.0
2024-08-21 09:00:00-04:00,34.98,34.98,34.87,34.87,0.0
2024-08-21 09:30:00-04:00,35.0,35.209999084472656,34.814998626708984,34.95500183105469,571881.0
2024-08-21 10:30:00-04:00,34.95500183105469,35.1150016784668,34.8849983215332,35.019901275634766,355031.0
2024-08-21 11:30:00-04:00,35.0099983215332,35.165000915527344,35.005001068115234,35.125,387220.0
2024-08-21 12:30:00-04:00,35.120201110839844,35.31999969482422,35.11000061035156,35.22999954223633,485220.0
2024-08-21 13:30:00-04:00,35.220001220703125,35.27000045776367,35.154998779296875,35.22999954223633,349286.0
2024-08-21 14:30:00-04:00,35.22999954223633,35.290000915527344,35.14500045776367,35.279998779296875,579620.0
2024-08-21 15:30:00-04:00,35.275001525878906,35.32500076293945,35.20000076293945,35.27000045776367,910282.0
2024-08-21 16:00:00-04:00,35.27,35.48,34.19,35.06,0.0
2024-08-21 17:00:00-04:00,35.06,35.06,35.0,35.006,0.0
2024-08-21 18:00:00-04:00,35.48,35.48,35.0,35.39,0.0
2024-08-21 19:00:00-04:00,35.0,35.47,35.0,35.43,0.0
2024-08-22 04:00:00-04:00,35.43,35.43,35.43,35.43,0.0
2024-08-22 05:00:00-04:00,35.48,35.72,35.41,35.41,0.0
2024-08-22 06:00:00-04:00,35.41,35.47,35.27,35.37,0.0
2024-08-22 07:00:00-04:00,35.37,35.38,35.36,35.37,0.0
2024-08-22 08:00:00-04:00,35.37,35.45,35.28,35.45,0.0
2024-08-22 09:00:00-04:00,35.45,35.47,35.06,35.06,0.0
2024-08-22 09:30:00-04:00,35.310001373291016,35.67890167236328,35.099998474121094,35.45000076293945,678225.0
2024-08-22 10:30:00-04:00,35.44499969482422,35.599998474121094,35.25,35.31999969482422,551889.0
2024-08-22 11:30:00-04:00,35.32500076293945,35.41999816894531,35.23500061035156,35.404998779296875,397674.0
2024-08-22 12:30:00-04:00,35.400001525878906,35.415000915527344,35.26499938964844,35.275001525878906,291736.0
2024-08-22 13:30:00-04:00,35.27000045776367,35.30500030517578,35.150001525878906,35.26499938964844,483847.0
2024-08-22 14:30:00-04:00,35.2599983215332,35.33000183105469,35.119998931884766,35.185001373291016,578913.0
2024-08-22 15:30:00-04:00,35.185001373291016,35.185001373291016,35.0,35.09000015258789,1057969.0
2024-08-22 16:00:00-04:00,35.08,35.2,34.95,34.95,0.0
2024-08-22 17:00:00-04:00,34.95,35.58,34.1912,35.38,0.0
2024-08-22 18:00:00-04:00,35.38,35.38,34.68,34.95,0.0
2024-08-22 19:00:00-04:00,35.54,35.54,35.08,35.08,0.0
2024-08-23 04:00:00-04:00,35.08,35.33,35.08,35.33,0.0
2024-08-23 05:00:00-04:00,35.33,35.33,35.16,35.16,0.0
2024-08-23 06:00:00-04:00,35.16,35.16,35.16,35.16,0.0
2024-08-23 07:00:00-04:00,35.16,35.3,35.16,35.3,0.0
2024-08-23 08:00:00-04:00,35.3,35.43,35.14,35.4,0.0
2024-08-23 09:00:00-04:00,35.3,35.42,35.28,35.42,0.0
2024-08-23 09:30:00-04:00,35.33000183105469,35.83000183105469,35.31999969482422,35.790000915527344,653115.0
2024-08-23 10:30:00-04:00,35.79999923706055,36.060001373291016,35.689998626708984,36.03499984741211,625484.0
2024-08-23 11:30:00-04:00,36.03499984741211,36.16999816894531,35.81999969482422,35.904998779296875,615095.0
2024-08-23 12:30:00-04:00,35.904998779296875,35.98500061035156,35.7400016784668,35.845001220703125,442824.0
2024-08-23 13:30:00-04:00,35.845001220703125,35.97999954223633,35.83000183105469,35.938499450683594,543844.0
2024-08-23 14:30:00-04:00,35.93000030517578,36.04999923706055,35.88999938964844,36.04499816894531,539670.0
2024-08-23 15:30:00-04:00,36.04499816894531,36.04499816894531,35.630001068115234,35.66999816894531,1750182.0
2024-08-23 16:00:00-04:00,35.66,35.66,34.55,35.66,0.0
2024-08-23 17:00:00-04:00,35.9,35.9,35.64,35.9,0.0
2024-08-23 18:00:00-04:00,,,,,
2024-08-23 19:00:00-04:00,35.66,35.75,35.66,35.68,0.0
2024-08-26 04:00:00-04:00,35.77,35.77,35.77,35.77,0.0
2024-08-26 05:00:00-04:00,35.81,35.85,35.77,35.77,0.0
2024-08-26 06:00:00-04:00,35.66,36.01,35.66,36.01,0.0
2024-08-26 07:00:00-04:00,36.01,36.21,35.66,36.21,0.0
2024-08-26 08:00:00-04:00,36.21,36.26,35.66,35.95,0.0
2024-08-26 09:00:00-04:00,35.77,36.22,35.67,35.82,0.0
2024-08-26 09:30:00-04:00,35.849998474121094,36.15999984741211,35.72999954223633,35.744998931884766,706586.0
2024-08-26 10:30:00-04:00,35.755001068115234,35.779998779296875,35.4900016784668,35.52000045776367,723921.0
2024-08-26 11:30:00-04:00,35.52000045776367,35.52000045776367,35.34000015258789,35.4900016784668,411589.0
2024-08-26 12:30:00-04:00,35.48749923706055,35.58000183105469,35.43000030517578,35.4900016784668,375009.0
2024-08-26 13:30:00-04:00,35.494998931884766,35.51499938964844,35.41999816894531,35.470001220703125,449896.0
2024-08-26 14:30:00-04:00,35.459999084472656,35.60499954223633,35.459999084472656,35.56999969482422,530961.0
2024-08-26 15:30:00-04:00,35.56999969482422,35.60499954223633,35.52000045776367,35.58000183105469,1245585.0
2024-08-26 16:00:00-04:00,35.57,35.64,35.21,35.21,0.0
2024-08-26 17:00:00-04:00,35.21,35.5,35.21,35.45,0.0
2024-08-26 18:00:00-04:00,35.35,35.56,35.35,35.56,0.0
2024-08-26 19:00:00-04:00,35.45,35.56,35.45,35.5,0.0
2024-08-27 04:00:00-04:00,35.5,35.5,35.45,35.45,0.0
2024-08-27 05:00:00-04:00,35.16,35.56,35.16,35.56,0.0
2024-08-27 06:00:00-04:00,35.56,35.67,35.55,35.55,0.0
2024-08-27 07:00:00-04:00,35.55,35.68,35.42,35.68,0.0
2024-08-27 08:00:00-04:00,35.67,35.7,35.16,35.6,0.0
2024-08-27 09:00:00-04:00,35.6,35.6,35.35,35.35,0.0
2024-08-27 09:30:00-04:00,35.5,35.63999938964844,35.34000015258789,35.57500076293945,1021085.0
2024-08-27 10:30:00-04:00,35.58000183105469,35.68000030517578,35.540000915527344,35.560001373291016,589794.0
2024-08-27 11:30:00-04:00,35.55500030517578,35.599998474121094,35.41999816894531,35.52000045776367,571177.0
2024-08-27 12:30:00-04:00,35.52000045776367,35.625,35.48500061035156,35.595001220703125,504698.0
2024-08-27 13:30:00-04:00,35.595001220703125,35.60499954223633,35.5099983215332,35.57500076293945,452336.0
2024-08-27 14:30:00-04:00,35.56999969482422,35.625,35.53499984741211,35.60499954223633,749961.0
2024-08-27 15:30:00-04:00,35.60499954223633,35.66999816894531,35.58000183105469,35.61000061035156,1149850.0
2024-08-27 16:00:00-04:00,35.6,35.7,35.55,35.6,0.0
2024-08-27 17:00:00-04:00,35.6,35.6999,35.6,35.69,0.0
2024-08-27 18:00:00-04:00,35.69,35.7,35.55,35.6,0.0
2024-08-27 19:00:00-04:00,35.6,35.6,35.55,35.59,0.0
2024-08-28 04:00:00-04:00,35.59,35.59,35.59,35.59,0.0
2024-08-28 05:00:00-04:00,35.59,35.6,35.59,35.6,0.0
2024-08-28 06:00:00-04:00,35.6,35.7,35.6,35.7,0.0
2024-08-28 07:00:00-04:00,35.7,35.7,35.64,35.64,0.0
2024-08-28 08:00:00-04:00,35.65,35.87,35.45,35.45,0.0
2024-08-28 09:00:00-04:00,35.45,35.68,35.35,35.6,0.0
2024-08-28 09:30:00-04:00,35.52000045776367,35.70000076293945,35.31999969482422,35.48500061035156,1326647.0
2024-08-28 10:30:00-04:00,35.48500061035156,35.540000915527344,35.0900993347168,35.165000915527344,1054979.0
2024-08-28 11:30:00-04:00,35.165000915527344,35.224998474121094,34.84000015258789,34.869998931884766,904301.0
2024-08-28 12:30:00-04:00,34.8650016784668,35.02000045776367,34.83000183105469,34.845001220703125,887043.0
2024-08-28 13:30:00-04:00,34.84000015258789,35.025001525878906,34.77000045776367,34.82500076293945,959857.0
2024-08-28 14:30:00-04:00,34.82500076293945,35.084999084472656,34.82500076293945,34.904998779296875,2028461.0
2024-08-28 15:30:00-04:00,34.904998779296875,34.904998779296875,34.63999938964844,34.7599983215332,3060904.0
2024-08-28 16:00:00-04:00,34.76,35.54,32.5,33.58,0.0
2024-08-28 17:00:00-04:00,33.57,33.83,33.25,33.74,0.0
2024-08-28 18:00:00-04:00,33.73,33.83,33.2,33.39,0.0
2024-08-28 19:00:00-04:00,33.35,33.48,33.18,33.3,0.0
2024-08-29 04:00:00-04:00,33.68,33.9,33.67,33.9,0.0
2024-08-29 05:00:00-04:00,33.99,34.12,33.47,33.98,0.0
2024-08-29 06:00:00-04:00,34.03,34.09,33.92,34.01,0.0
2024-08-29 07:00:00-04:00,34.01,34.01,33.68,33.76,0.0
2024-08-29 08:00:00-04:00,33.76,34.0,33.58,33.77,0.0
2024-08-29 09:00:00-04:00,33.77,33.82,33.65,33.78,0.0
2024-08-29 09:30:00-04:00,34.11000061035156,36.7599983215332,33.79999923706055,36.685001373291016,5208309.0
2024-08-29 10:30:00-04:00,36.685001373291016,36.86989974975586,36.220001220703125,36.47999954223633,2521628.0
2024-08-29 11:30:00-04:00,36.47999954223633,36.59000015258789,36.220001220703125,36.415000915527344,1404422.0
2024-08-29 12:30:00-04:00,36.415000915527344,36.43000030517578,35.94499969482422,36.06999969482422,1233977.0
2024-08-29 13:30:00-04:00,36.06999969482422,36.13999938964844,35.599998474121094,35.665000915527344,1811335.0
2024-08-29 14:30:00-04:00,35.66999816894531,35.67499923706055,35.380001068115234,35.42499923706055,2023280.0
2024-08-29 15:30:00-04:00,35.42499923706055,35.56999969482422,35.35499954223633,35.470001220703125,2915091.0
2024-08-29 16:00:00-04:00,35.46,35.62,35.19,35.19,0.0
2024-08-29 17:00:00-04:00,35.46,35.46,35.21,35.21,0.0
2024-08-29 18:00:00-04:00,35.21,35.55,35.21,35.55,0.0
2024-08-29 19:00:00-04:00,35.55,35.55,35.23,35.52,0.0
2024-08-30 04:00:00-04:00,35.52,35.52,35.46,35.46,0.0
2024-08-30 05:00:00-04:00,35.84,35.84,35.84,35.84,0.0
2024-08-30 06:00:00-04:00,35.59,35.61,35.59,35.61,0.0
2024-08-30 07:00:00-04:00,35.61,35.66,35.6,35.66,0.0
2024-08-30 08:00:00-04:00,35.73,35.73,35.5,35.7,0.0
2024-08-30 09:00:00-04:00,35.7,35.7,35.61,35.7,0.0
2024-08-30 09:30:00-04:00,35.650001525878906,36.040000915527344,35.459999084472656,35.849998474121094,1285055.0
2024-08-30 10:30:00-04:00,35.86000061035156,36.11000061035156,35.79499816894531,35.810001373291016,1156091.0
2024-08-30 11:30:00-04:00,35.81999969482422,36.040000915527344,35.81999969482422,35.89500045776367,659276.0
2024-08-30 12:30:00-04:00,35.89500045776367,36.0099983215332,35.849998474121094,35.89500045776367,519105.0
2024-08-30 13:30:00-04:00,35.89500045776367,35.97999954223633,35.814998626708984,35.89500045776367,677124.0
2024-08-30 14:30:00-04:00,35.89500045776367,36.04499816894531,35.810001373291016,36.03499984741211,930637.0
2024-08-30 15:30:00-04:00,36.040000915527344,36.25,35.974998474121094,36.185001373291016,2081471.0
2024-08-30 16:00:00-04:00,36.18,36.663,35.95,35.95,0.0
2024-08-30 17:00:00-04:00,36.27,36.27,36.1,36.1,0.0
2024-08-30 18:00:00-04:00,36.28,36.28,36.0,36.11,0.0
2024-08-30 19:00:00-04:00,36.0,36.4777,36.0,36.4777,0.0
2024-09-03 04:00:00-04:00,36.18,36.26,36.01,36.26,0.0
2024-09-03 05:00:00-04:00,36.26,36.26,36.0,36.01,0.0
2024-09-03 06:00:00-04:00,36.01,36.01,36.0,36.0,0.0
2024-09-03 07:00:00-04:00,36.0,36.07,35.86,35.86,0.0
2024-09-03 08:00:00-04:00,35.86,36.3188,35.86,36.18,0.0
2024-09-03 09:00:00-04:00,36.16,36.16,35.8,35.8,0.0
2024-09-03 09:30:00-04:00,35.9900016784668,36.16999816894531,35.630001068115234,35.70000076293945,1413188.0
2024-09-03 10:30:00-04:00,35.70000076293945,35.70000076293945,35.310001373291016,35.51499938964844,1078389.0
2024-09-03 11:30:00-04:00,35.52000045776367,35.65999984741211,35.45000076293945,35.60499954223633,725549.0
2024-09-03 12:30:00-04:00,35.599998474121094,35.63999938964844,35.40999984741211,35.56999969482422,912463.0
2024-09-03 13:30:00-04:00,35.56999969482422,35.584999084472656,35.255001068115234,35.30500030517578,800675.0
2024-09-03 14:30:00-04:00,35.30500030517578,35.36000061035156,35.209999084472656,35.314998626708984,1081938.0
2024-09-03 15:30:00-04:00,35.314998626708984,35.400001525878906,35.13999938964844,35.38999938964844,1487497.0
2024-09-03 16:00:00-04:00,35.38,35.67,35.3,35.32,0.0
2024-09-03 17:00:00-04:00,35.32,35.38,35.31,35.38,0.0
2024-09-03 18:00:00-04:00,35.38,35.39,34.698,35.39,0.0
2024-09-03 19:00:00-04:00,35.3,35.56,34.73,35.3,0.0
2024-09-04 04:00:00-04:00,35.3,35.33,35.04,35.04,0.0
2024-09-04 05:00:00-04:00,35.04,35.04,35.04,35.04,0.0
2024-09-04 06:00:00-04:00,35.04,35.2,35.04,35.05,0.0
2024-09-04 07:00:00-04:00,35.05,35.34,35.05,35.05,0.0
2024-09-04 08:00:00-04:00,35.05,35.34,34.99,35.34,0.0
2024-09-04 09:00:00-04:00,35.03,35.35,35.03,35.35,0.0
2024-09-04 09:30:00-04:00,35.349998474121094,35.63999938964844,35.16999816894531,35.470001220703125,1195915.0
2024-09-04 10:30:00-04:00,35.46500015258789,35.6150016784668,35.310001373291016,35.314998626708984,792793.0
2024-09-04 11:30:00-04:00,35.31999969482422,35.349998474121094,35.18000030517578,35.22999954223633,667047.0
2024-09-04 12:30:00-04:00,35.22999954223633,35.404998779296875,35.22999954223633,35.349998474121094,842944.0
2024-09-04 13:30:00-04:00,35.35499954223633,35.38999938964844,35.17499923706055,35.220001220703125,534804.0
2024-09-04 14:30:00-04:00,35.209999084472656,35.290000915527344,35.14500045776367,35.224998474121094,626723.0
2024-09-04 15:30:00-04:00,35.2234992980957,35.375,35.18000030517578,35.33000183105469,872462.0
2024-09-04 16:00:00-04:00,35.33,35.44,35.04,35.26,0.0
2024-09-04 17:00:00-04:00,35.26,35.465,35.26,35.27,0.0
2024-09-04 18:00:00-04:00,35.26,35.26,35.26,35.26,0.0
2024-09-04 19:00:00-04:00,35.29,35.41,34.73,34.73,0.0
2024-09-05 04:00:00-04:00,35.59,35.59,35.59,35.59,0.0
2024-09-05 05:00:00-04:00,35.59,35.59,35.25,35.25,0.0
2024-09-05 06:00:00-04:00,35.25,35.25,35.25,35.25,0.0
2024-09-05 07:00:00-04:00,35.25,35.25,35.23,35.23,0.0
2024-09-05 08:00:00-04:00,35.23,35.25,35.04,35.04,0.0
2024-09-05 09:00:00-04:00,35.04,35.2,35.04,35.2,0.0
2024-09-05 09:30:00-04:00,34.84000015258789,35.029998779296875,34.63999938964844,34.77000045776367,1151816.0
2024-09-05 10:30:00-04:00,34.77000045776367,34.904998779296875,34.47999954223633,34.4900016784668,607257.0
2024-09-05 11:30:00-04:00,34.494998931884766,34.56999969482422,34.439998626708984,34.53499984741211,645757.0
2024-09-05 12:30:00-04:00,34.540000915527344,34.689998626708984,34.53499984741211,34.540000915527344,788446.0
2024-09-05 13:30:00-04:00,34.54499816894531,34.724998474121094,34.54499816894531,34.599998474121094,515356.0
2024-09-05 14:30:00-04:00,34.599998474121094,34.70000076293945,34.490501403808594,34.599998474121094,832655.0
2024-09-05 15:30:00-04:00,34.59000015258789,34.60499954223633,34.34000015258789,34.400001525878906,1158809.0
2024-09-05 16:00:00-04:00,34.395,34.89,34.25,34.25,0.0
2024-09-05 17:00:00-04:00,34.25,34.45,34.25,34.45,0.0
2024-09-05 18:00:00-04:00,,,,,
2024-09-05 19:00:00-04:00,34.34,34.34,34.26,34.33,0.0
2024-09-06 04:00:00-04:00,34.33,34.33,34.33,34.33,0.0
2024-09-06 05:00:00-04:00,34.33,34.33,34.33,34.33,0.0
2024-09-06 06:00:00-04:00,34.33,34.33,34.33,34.33,0.0
2024-09-06 07:00:00-04:00,34.33,34.33,34.28,34.28,0.0
2024-09-06 08:00:00-04:00,34.28,34.4,34.01,34.4,0.0
2024-09-06 09:00:00-04:00,34.21,34.4,34.12,34.4,0.0
2024-09-06 09:30:00-04:00,34.27000045776367,34.6349983215332,34.2400016784668,34.334999084472656,1040008.0
2024-09-06 10:30:00-04:00,34.34000015258789,34.38999938964844,34.099998474121094,34.22999954223633,688572.0
2024-09-06 11:30:00-04:00,34.224998474121094,34.279998779296875,34.08000183105469,34.08000183105469,668022.0
2024-09-06 12:30:00-04:00,34.084999084472656,34.1150016784668,33.904998779296875,33.959999084472656,519630.0
2024-09-06 13:30:00-04:00,33.95000076293945,34.03499984741211,33.880001068115234,34.0,396159.0
2024-09-06 14:30:00-04:00,33.9900016784668,34.0,33.79999923706055,33.86000061035156,1011032.0
2024-09-06 15:30:00-04:00,33.86000061035156,33.959999084472656,33.76499938964844,33.81999969482422,2020559.0
2024-09-06 16:00:00-04:00,33.82,34.01,33.72,33.73,0.0
2024-09-06 17:00:00-04:00,33.73,34.28,33.73,33.85,0.0
2024-09-06 18:00:00-04:00,33.85,33.85,33.5,33.82,0.0
2024-09-06 19:00:00-04:00,33.79,33.79,33.5,33.79,0.0
2024-09-09 04:00:00-04:00,34.15,34.36,34.1,34.1,0.0
2024-09-09 05:00:00-04:00,33.99,34.31,33.99,34.31,0.0
2024-09-09 06:00:00-04:00,34.31,34.31,34.0,34.0,0.0
2024-09-09 07:00:00-04:00,34.0,34.18,33.94,34.15,0.0
2024-09-09 08:00:00-04:00,34.15,34.3688,33.83,34.23,0.0
2024-09-09 09:00:00-04:00,34.11,34.35,34.11,34.35,0.0
2024-09-09 09:30:00-04:00,34.255001068115234,34.83000183105469,34.20000076293945,34.415000915527344,2104225.0
2024-09-09 10:30:00-04:00,34.415000915527344,34.41999816894531,34.02000045776367,34.23500061035156,846798.0
2024-09-09 11:30:00-04:00,34.2400016784668,34.41999816894531,34.224998474121094,34.255001068115234,741728.0
2024-09-09 12:30:00-04:00,34.25,34.42499923706055,34.244998931884766,34.345001220703125,736956.0
2024-09-09 13:30:00-04:00,34.34000015258789,34.34000015258789,34.099998474121094,34.1349983215332,774644.0
2024-09-09 14:30:00-04:00,34.130001068115234,34.27000045776367,34.10499954223633,34.255001068115234,924893.0
2024-09-09 15:30:00-04:00,34.25,34.255001068115234,34.08000183105469,34.18000030517578,1849776.0
2024-09-09 16:00:00-04:00,34.18,34.2,32.75,34.18,0.0
2024-09-09 17:00:00-04:00,34.19,34.2,34.19,34.19,0.0
2024-09-09 18:00:00-04:00,34.19,34.4,34.18,34.4,0.0
2024-09-09 19:00:00-04:00,34.4,34.4,34.18,34.2,0.0
2024-09-10 04:00:00-04:00,34.2,34.2,34.18,34.18,0.0
2024-09-10 05:00:00-04:00,34.18,34.18,34.18,34.18,0.0
2024-09-10 06:00:00-04:00,34.18,34.18,34.14,34.18,0.0
2024-09-10 07:00:00-04:00,34.18,34.18,34.09,34.09,0.0
2024-09-10 08:00:00-04:00,34.09,34.18,33.9962,34.12,0.0
2024-09-10 09:00:00-04:00,34.25,34.5,34.2,34.39,0.0
2024-09-10 09:30:00-04:00,34.02000045776367,34.18000030517578,33.68000030517578,33.720001220703125,874195.0
2024-09-10 10:30:00-04:00,33.720001220703125,33.79499816894531,33.650001525878906,33.70000076293945,936903.0
2024-09-10 11:30:00-04:00,33.69499969482422,33.73500061035156,33.45000076293945,33.5099983215332,917563.0
2024-09-10 12:30:00-04:00,33.5,33.540000915527344,33.415000915527344,33.470001220703125,930143.0
2024-09-10 13:30:00-04:00,33.474998474121094,33.560001373291016,33.369998931884766,33.560001373291016,755331.0
2024-09-10 14:30:00-04:00,33.54999923706055,33.6349983215332,33.470001220703125,33.525001525878906,715823.0
2024-09-10 15:30:00-04:00,33.525001525878906,33.55500030517578,33.45000076293945,33.470001220703125,1398732.0
2024-09-10 16:00:00-04:00,33.47,33.6,33.47,33.5,0.0
2024-09-10 17:00:00-04:00,33.49,33.51,33.49,33.51,0.0
2024-09-10 18:00:00-04:00,33.48,33.51,33.47,33.48,0.0
2024-09-10 19:00:00-04:00,33.47,33.47,33.4438,33.46,0.0
2024-09-11 04:00:00-04:00,33.38,33.38,33.17,33.2,0.0
2024-09-11 05:00:00-04:00,33.2,33.24,33.04,33.04,0.0
2024-09-11 06:00:00-04:00,33.04,33.17,33.03,33.17,0.0
2024-09-11 07:00:00-04:00,33.17,33.38,33.09,33.15,0.0
2024-09-11 08:00:00-04:00,33.15,33.2469,33.0,33.2,0.0
2024-09-11 09:00:00-04:00,33.16,33.23,32.98,33.2,0.0
2024-09-11 09:30:00-04:00,33.224998474121094,33.32500076293945,32.77000045776367,32.77000045776367,954312.0
2024-09-11 10:30:00-04:00,32.77000045776367,32.880001068115234,32.685001373291016,32.814998626708984,647754.0
2024-09-11 11:30:00-04:00,32.814998626708984,33.0099983215332,32.79999923706055,32.970001220703125,649303.0
2024-09-11 12:30:00-04:00,32.970001220703125,33.165000915527344,32.915000915527344,33.130001068115234,486261.0
2024-09-11 13:30:00-04:00,33.130001068115234,33.17499923706055,33.064998626708984,33.08000183105469,608059.0
2024-09-11 14:30:00-04:00,33.084999084472656,33.275001525878906,33.084999084472656,33.26499938964844,813218.0
2024-09-11 15:30:00-04:00,33.26499938964844,33.43000030517578,33.22999954223633,33.36000061035156,1278648.0
2024-09-11 16:00:00-04:00,33.37,33.37,32.98,33.37,0.0
2024-09-11 17:00:00-04:00,33.33,33.33,32.99,32.99,0.0
2024-09-11 18:00:00-04:00,32.99,33.35,32.98,33.35,0.0
2024-09-11 19:00:00-04:00,33.37,33.47,33.37,33.47,0.0
2024-09-12 04:00:00-04:00,32.97,33.45,32.97,33.45,0.0
2024-09-12 05:00:00-04:00,33.45,33.45,33.45,33.45,0.0
2024-09-12 06:00:00-04:00,33.45,33.45,33.45,33.45,0.0
2024-09-12 07:00:00-04:00,33.45,33.45,33.45,33.45,0.0
2024-09-12 08:00:00-04:00,33.45,33.49,32.97,33.46,0.0
2024-09-12 09:00:00-04:00,33.46,33.47,33.42,33.42,0.0
2024-09-12 09:30:00-04:00,33.2400016784668,33.400001525878906,32.970001220703125,33.165000915527344,965965.0
2024-09-12 10:30:00-04:00,33.15999984741211,33.20289993286133,33.029998779296875,33.09000015258789,865572.0
2024-09-12 11:30:00-04:00,33.09000015258789,33.11000061035156,32.95000076293945,33.025001525878906,666376.0
2024-09-12 12:30:00-04:00,33.025001525878906,33.19499969482422,33.0,33.19499969482422,484780.0
2024-09-12 13:30:00-04:00,33.19499969482422,33.34000015258789,33.1349983215332,33.14500045776367,646814.0
2024-09-12 14:30:00-04:00,33.13999938964844,33.1875,32.994998931884766,33.060001373291016,588571.0
2024-09-12 15:30:00-04:00,33.060001373291016,33.119998931884766,32.974998474121094,33.099998474121094,1233207.0
2024-09-12 16:00:00-04:00,33.1,33.42,32.95,33.09,0.0
2024-09-12 17:00:00-04:00,33.09,33.1,33.09,33.1,0.0
2024-09-12 18:00:00-04:00,33.1,33.1,33.1,33.1,0.0
2024-09-12 19:00:00-04:00,33.1,33.42,33.01,33.19,0.0
2024-09-13 04:00:00-04:00,33.06,33.07,32.91,33.02,0.0
2024-09-13 05:00:00-04:00,32.86,33.07,32.86,33.07,0.0
2024-09-13 06:00:00-04:00,33.07,33.35,32.89,33.02,0.0
2024-09-13 07:00:00-04:00,33.02,33.02,33.02,33.02,0.0
2024-09-13 08:00:00-04:00,33.02,34.5,32.96,32.98,0.0
2024-09-13 09:00:00-04:00,32.98,33.28,32.98,33.28,0.0
2024-09-13 09:30:00-04:00,33.20000076293945,33.470001220703125,33.20000076293945,33.40999984741211,706665.0
2024-09-13 10:30:00-04:00,33.400001525878906,33.54750061035156,33.255001068115234,33.2599983215332,635450.0
2024-09-13 11:30:00-04:00,33.26499938964844,33.369998931884766,33.25120162963867,33.29499816894531,631887.0
2024-09-13 12:30:00-04:00,33.29499816894531,33.34000015258789,33.220001220703125,33.26499938964844,367746.0
2024-09-13 13:30:00-04:00,33.26499938964844,33.337501525878906,33.20000076293945,33.21500015258789,484741.0
2024-09-13 14:30:00-04:00,33.21500015258789,33.31999969482422,33.1349983215332,33.20000076293945,569872.0
2024-09-13 15:30:00-04:00,33.20500183105469,33.349998474121094,33.18000030517578,33.31999969482422,1263409.0
2024-09-13 16:00:00-04:00,33.32,33.37,33.0,33.36,0.0
2024-09-13 17:00:00-04:00,33.33,33.34,33.01,33.05,0.0
2024-09-13 18:00:00-04:00,33.05,33.16,33.02,33.16,0.0
2024-09-13 19:00:00-04:00,33.02,33.24,33.02,33.24,0.0
2024-09-16 04:00:00-04:00,33.32,33.52,33.32,33.52,0.0
2024-09-16 05:00:00-04:00,33.52,33.52,33.52,33.52,0.0
2024-09-16 06:00:00-04:00,33.31,33.34,33.25,33.25,0.0
2024-09-16 07:00:00-04:00,33.25,33.39,33.06,33.24,0.0
2024-09-16 08:00:00-04:00,33.24,33.5688,33.0,33.41,0.0
2024-09-16 09:00:00-04:00,33.41,33.49,33.12,33.4,0.0
2024-09-16 09:30:00-04:00,33.189998626708984,33.75,33.13999938964844,33.6150016784668,926998.0
2024-09-16 10:30:00-04:00,33.619998931884766,33.689998626708984,33.459999084472656,33.51499938964844,970077.0
2024-09-16 11:30:00-04:00,33.51499938964844,33.599998474121094,33.334999084472656,33.349998474121094,1042292.0
2024-09-16 12:30:00-04:00,33.35499954223633,33.5,33.29999923706055,33.439998626708984,695444.0
2024-09-16 13:30:00-04:00,33.435001373291016,33.57500076293945,33.400001525878906,33.46500015258789,467398.0
2024-09-16 14:30:00-04:00,33.45000076293945,33.60499954223633,33.45000076293945,33.584999084472656,1029219.0
2024-09-16 15:30:00-04:00,33.584999084472656,33.849998474121094,33.58000183105469,33.75,1578768.0
2024-09-16 16:00:00-04:00,33.76,33.76,33.38,33.39,0.0
2024-09-16 17:00:00-04:00,33.76,33.86,33.51,33.51,0.0
2024-09-16 18:00:00-04:00,33.8515,33.87,33.5,33.5,0.0
2024-09-16 19:00:00-04:00,33.5,33.86,33.5,33.7,0.0
2024-09-17 04:00:00-04:00,33.76,33.85,33.76,33.76,0.0
2024-09-17 05:00:00-04:00,33.81,33.81,33.79,33.81,0.0
2024-09-17 06:00:00-04:00,33.81,33.91,33.81,33.91,0.0
2024-09-17 07:00:00-04:00,33.91,33.91,33.83,33.9,0.0
2024-09-17 08:00:00-04:00,33.9,34.0,33.86,33.92,0.0
2024-09-17 09:00:00-04:00,33.99,34.0,33.89,33.89,0.0
2024-09-17 09:30:00-04:00,34.04999923706055,34.904998779296875,33.9900016784668,34.7599983215332,1928023.0
2024-09-17 10:30:00-04:00,34.76499938964844,34.779998779296875,34.43000030517578,34.54999923706055,1078867.0
2024-09-17 11:30:00-04:00,34.54999923706055,34.6349983215332,34.5,34.540000915527344,836509.0
2024-09-17 12:30:00-04:00,34.529998779296875,34.61920166015625,34.330501556396484,34.334999084472656,912994.0
2024-09-17 13:30:00-04:00,34.334999084472656,34.35499954223633,34.21500015258789,34.275001525878906,749664.0
2024-09-17 14:30:00-04:00,34.275001525878906,34.42499923706055,34.209999084472656,34.39500045776367,1056030.0
2024-09-17 15:30:00-04:00,34.39500045776367,34.5,34.30500030517578,34.439998626708984,1618085.0
2024-09-17 16:00:00-04:00,34.43,34.8195,34.28,34.43,0.0
2024-09-17 17:00:00-04:00,34.4318,34.5,34.4318,34.5,0.0
2024-09-17 18:00:00-04:00,34.47,34.5,34.11,34.5,0.0
2024-09-17 19:00:00-04:00,34.44,34.51,34.421,34.51,0.0
2024-09-18 04:00:00-04:00,34.51,34.51,34.3,34.3,0.0
2024-09-18 05:00:00-04:00,34.51,34.54,34.51,34.54,0.0
2024-09-18 06:00:00-04:00,34.54,34.54,34.34,34.54,0.0
2024-09-18 07:00:00-04:00,34.54,34.54,34.54,34.54,0.0
2024-09-18 08:00:00-04:00,34.54,34.57,33.88,34.53,0.0
2024-09-18 09:00:00-04:00,34.57,34.58,34.26,34.26,0.0
2024-09-18 09:30:00-04:00,34.599998474121094,34.790000915527344,34.43000030517578,34.46500015258789,669068.0
2024-09-18 10:30:00-04:00,34.46500015258789,34.505001068115234,34.29999923706055,34.474998474121094,608070.0
2024-09-18 11:30:00-04:00,34.474998474121094,34.525001525878906,34.400001525878906,34.50899887084961,416238.0
2024-09-18 12:30:00-04:00,34.505001068115234,34.595001220703125,34.50130081176758,34.584999084472656,329639.0
2024-09-18 13:30:00-04:00,34.59000015258789,34.959999084472656,34.52000045776367,34.80500030517578,756598.0
2024-09-18 14:30:00-04:00,34.80080032348633,34.97999954223633,34.525001525878906,34.78889846801758,1309190.0
2024-09-18 15:30:00-04:00,34.78499984741211,34.814998626708984,34.52000045776367,34.540000915527344,1383515.0
2024-09-18 16:00:00-04:00,34.53,34.99,34.43,34.53,0.0
2024-09-18 17:00:00-04:00,34.53,34.53,34.53,34.53,0.0
2024-09-18 18:00:00-04:00,34.53,34.54,34.53,34.54,0.0
2024-09-18 19:00:00-04:00,34.5,34.83,34.5,34.54,0.0
2024-09-19 04:00:00-04:00,34.9,34.96,34.87,34.87,0.0
2024-09-19 05:00:00-04:00,34.87,35.06,34.87,35.06,0.0
2024-09-19 06:00:00-04:00,35.06,35.06,35.0,35.02,0.0
2024-09-19 07:00:00-04:00,35.02,35.19,35.02,35.1,0.0
2024-09-19 08:00:00-04:00,35.1,35.2,34.94,35.19,0.0
2024-09-19 09:00:00-04:00,35.19,35.19,35.0,35.15,0.0
2024-09-19 09:30:00-04:00,35.099998474121094,35.215999603271484,34.915000915527344,35.04999923706055,1142302.0
2024-09-19 10:30:00-04:00,35.05500030517578,35.185001373291016,34.959999084472656,34.96500015258789,831305.0
2024-09-19 11:30:00-04:00,34.970001220703125,35.119998931884766,34.90999984741211,35.07500076293945,608058.0
2024-09-19 12:30:00-04:00,35.07500076293945,35.119998931884766,35.04499816894531,35.07500076293945,481639.0
2024-09-19 13:30:00-04:00,35.08000183105469,35.20000076293945,35.08000183105469,35.119998931884766,435193.0
2024-09-19 14:30:00-04:00,35.11830139160156,35.15999984741211,34.93000030517578,34.9900016784668,682635.0
2024-09-19 15:30:00-04:00,34.98500061035156,35.025001525878906,34.79999923706055,34.81999969482422,1313765.0
2024-09-19 16:00:00-04:00,34.82,35.17,34.78,34.82,0.0
2024-09-19 17:00:00-04:00,34.82,35.14,34.79,35.14,0.0
2024-09-19 18:00:00-04:00,35.1268,35.1268,35.1268,35.1268,0.0
2024-09-19 19:00:00-04:00,35.06,35.06,35.06,35.06,0.0
2024-09-20 04:00:00-04:00,34.82,34.86,34.82,34.86,0.0
2024-09-20 05:00:00-04:00,34.84,34.84,34.84,34.84,0.0
2024-09-20 06:00:00-04:00,34.84,34.84,34.83,34.83,0.0
2024-09-20 07:00:00-04:00,34.83,34.83,34.83,34.83,0.0
2024-09-20 08:00:00-04:00,34.81,34.84,34.5426,34.82,0.0
2024-09-20 09:00:00-04:00,34.82,34.82,34.6,34.6,0.0
2024-09-20 09:30:00-04:00,34.709999084472656,34.810001373291016,34.4900016784668,34.49380111694336,1510458.0
2024-09-20 10:30:00-04:00,34.5,34.56999969482422,34.435001373291016,34.45500183105469,566974.0
2024-09-20 11:30:00-04:00,34.45000076293945,34.665000915527344,34.44139862060547,34.64500045776367,491065.0
2024-09-20 12:30:00-04:00,34.64500045776367,34.76900100708008,34.6349983215332,34.685001373291016,543425.0
2024-09-20 13:30:00-04:00,34.685001373291016,34.687198638916016,34.3849983215332,34.415000915527344,777289.0
2024-09-20 14:30:00-04:00,34.40999984741211,34.85499954223633,34.38999938964844,34.83000183105469,1134282.0
2024-09-20 15:30:00-04:00,34.834999084472656,34.91999816894531,34.720001220703125,34.75,2272417.0
2024-09-20 16:00:00-04:00,34.76,34.761562,34.68,34.76,0.0
2024-09-20 17:00:00-04:00,34.76,34.76,34.7499,34.7499,0.0
2024-09-20 18:00:00-04:00,34.748,34.748,34.73,34.74,0.0
2024-09-20 19:00:00-04:00,34.74,34.74,34.65,34.72,0.0
2024-09-23 04:00:00-04:00,34.77,34.85,34.7,34.7,0.0
2024-09-23 05:00:00-04:00,34.7,34.9,34.67,34.9,0.0
2024-09-23 06:00:00-04:00,34.9,34.91,34.85,34.91,0.0
2024-09-23 07:00:00-04:00,34.91,34.91,34.72,34.9,0.0
2024-09-23 08:00:00-04:00,34.9,34.96,34.67,34.95,0.0
2024-09-23 09:00:00-04:00,34.87,34.98,34.76,34.92,0.0
2024-09-23 09:30:00-04:00,34.790000915527344,34.96500015258789,34.630001068115234,34.78499984741211,926668.0
2024-09-23 10:30:00-04:00,34.779998779296875,34.959999084472656,34.709999084472656,34.90999984741211,530458.0
2024-09-23 11:30:00-04:00,34.90999984741211,35.040000915527344,34.90999984741211,35.029998779296875,567740.0
2024-09-23 12:30:00-04:00,35.025001525878906,35.2400016784668,35.0099983215332,35.209999084472656,657694.0
2024-09-23 13:30:00-04:00,35.21500015258789,35.244998931884766,35.130001068115234,35.18119812011719,370559.0
2024-09-23 14:30:00-04:00,35.189998626708984,35.220001220703125,35.119998931884766,35.185001373291016,495588.0
2024-09-23 15:30:00-04:00,35.185001373291016,35.20500183105469,35.06999969482422,35.099998474121094,1037561.0
2024-09-23 16:00:00-04:00,35.11,35.11,34.78,35.08,0.0
2024-09-23 17:00:00-04:00,35.09,35.25,34.97,35.25,0.0
2024-09-23 18:00:00-04:00,35.25,35.25,35.22,35.23,0.0
2024-09-23 19:00:00-04:00,35.22,35.22,35.1,35.11,0.0
2024-09-24 04:00:00-04:00,35.25,35.26,35.11,35.22,0.0
2024-09-24 05:00:00-04:00,35.22,35.22,35.22,35.22,0.0
2024-09-24 06:00:00-04:00,35.22,35.22,35.22,35.22,0.0
2024-09-24 07:00:00-04:00,35.22,35.22,35.03,35.03,0.0
2024-09-24 08:00:00-04:00,35.03,35.2598,35.03,35.11,0.0
2024-09-24 09:00:00-04:00,35.11,35.24,35.04,35.15,0.0
2024-09-24 09:30:00-04:00,35.2599983215332,35.68000030517578,35.25,35.584999084472656,745383.0
2024-09-24 10:30:00-04:00,35.58879852294922,35.64500045776367,35.45500183105469,35.58000183105469,455990.0
2024-09-24 11:30:00-04:00,35.59000015258789,35.650001525878906,35.56999969482422,35.625,363128.0
2024-09-24 12:30:00-04:00,35.619998931884766,35.75,35.619998931884766,35.744998931884766,379113.0
2024-09-24 13:30:00-04:00,35.744998931884766,35.755001068115234,35.65999984741211,35.724998474121094,463060.0
2024-09-24 14:30:00-04:00,35.724998474121094,35.880001068115234,35.68000030517578,35.83000183105469,722567.0
2024-09-24 15:30:00-04:00,35.834999084472656,35.869998931884766,35.77000045776367,35.84000015258789,1269749.0
2024-09-24 16:00:00-04:00,35.84,35.85,35.444,35.75,0.0
2024-09-24 17:00:00-04:00,35.75,35.88,35.75,35.88,0.0
2024-09-24 18:00:00-04:00,35.91,35.91,35.7,35.7,0.0
2024-09-24 19:00:00-04:00,35.7,35.85,35.7,35.84,0.0
2024-09-25 04:00:00-04:00,35.78,35.8,35.78,35.8,0.0
2024-09-25 05:00:00-04:00,35.62,35.66,35.6,35.6,0.0
2024-09-25 06:00:00-04:00,35.6,35.6,35.45,35.45,0.0
2024-09-25 07:00:00-04:00,35.6,35.88,35.38,35.78,0.0
2024-09-25 08:00:00-04:00,35.78,36.0,35.2412,35.55,0.0
2024-09-25 09:00:00-04:00,35.56,35.921,35.37,35.68,0.0
2024-09-25 09:30:00-04:00,36.0,36.40999984741211,35.97999954223633,36.119998931884766,1359662.0
2024-09-25 10:30:00-04:00,36.1150016784668,36.15999984741211,35.970001220703125,36.0099983215332,625500.0
2024-09-25 11:30:00-04:00,36.01100158691406,36.13999938964844,35.970001220703125,36.084999084472656,489144.0
2024-09-25 12:30:00-04:00,36.09000015258789,36.11000061035156,36.0,36.04999923706055,435026.0
2024-09-25 13:30:00-04:00,36.04999923706055,36.060001373291016,35.970001220703125,36.060001373291016,385965.0
2024-09-25 14:30:00-04:00,36.064998626708984,36.130001068115234,35.93000030517578,35.99089813232422,719483.0
2024-09-25 15:30:00-04:00,35.994998931884766,36.04999923706055,35.95000076293945,36.04999923706055,958696.0
2024-09-25 16:00:00-04:00,36.05,36.33,35.91,36.05,0.0
2024-09-25 17:00:00-04:00,36.34,36.34,36.05,36.07,0.0
2024-09-25 18:00:00-04:00,36.07,36.3208,36.07,36.07,0.0
2024-09-25 19:00:00-04:00,36.05,36.34,36.05,36.1,0.0
2024-09-26 04:00:00-04:00,36.42,36.51,36.22,36.49,0.0
2024-09-26 05:00:00-04:00,36.49,36.49,36.19,36.19,0.0
2024-09-26 06:00:00-04:00,36.19,36.48,36.19,36.41,0.0
2024-09-26 07:00:00-04:00,36.41,36.41,36.19,36.34,0.0
2024-09-26 08:00:00-04:00,36.34,36.42,36.05,36.42,0.0
2024-09-26 09:00:00-04:00,36.43,36.47,36.115,36.115,0.0
2024-09-26 09:30:00-04:00,36.47999954223633,36.630001068115234,36.06999969482422,36.35110092163086,956475.0
2024-09-26 10:30:00-04:00,36.36000061035156,36.38999938964844,36.20000076293945,36.26499938964844,835469.0
2024-09-26 11:30:00-04:00,36.2599983215332,36.54999923706055,36.20000076293945,36.5,470469.0
2024-09-26 12:30:00-04:00,36.5,36.619998931884766,36.4900016784668,36.6150016784668,550498.0
2024-09-26 13:30:00-04:00,36.61399841308594,36.69499969482422,36.60499954223633,36.67499923706055,526093.0
2024-09-26 14:30:00-04:00,36.66999816894531,36.834999084472656,36.6609992980957,36.814998626708984,678106.0
2024-09-26 15:30:00-04:00,36.814998626708984,36.93000030517578,36.75,36.81999969482422,1089100.0
2024-09-26 16:00:00-04:00,36.83,36.93,36.77,36.87,0.0
2024-09-26 17:00:00-04:00,36.85,36.94,36.85,36.86,0.0
2024-09-26 18:00:00-04:00,36.86,36.9499,36.85,36.9499,0.0
2024-09-26 19:00:00-04:00,36.85,36.88,36.85,36.88,0.0
2024-09-27 04:00:00-04:00,36.67,36.67,36.67,36.67,0.0
2024-09-27 05:00:00-04:00,36.9,36.9,36.67,36.67,0.0
2024-09-27 06:00:00-04:00,36.67,36.67,35.58,35.7,0.0
2024-09-27 07:00:00-04:00,35.7,36.3,35.7,36.29,0.0
2024-09-27 08:00:00-04:00,36.25,36.3065,35.516,35.75,0.0
2024-09-27 09:00:00-04:00,35.64,36.0,35.64,35.8,0.0
2024-09-27 09:30:00-04:00,35.7599983215332,36.08000183105469,35.10540008544922,35.52000045776367,2186793.0
2024-09-27 10:30:00-04:00,35.529998779296875,35.720001220703125,35.290000915527344,35.61000061035156,960868.0
2024-09-27 11:30:00-04:00,35.595001220703125,35.724998474121094,35.54499816894531,35.69499969482422,597025.0
2024-09-27 12:30:00-04:00,35.69499969482422,35.79999923706055,35.63999938964844,35.77000045776367,431665.0
2024-09-27 13:30:00-04:00,35.77000045776367,35.880001068115234,35.529998779296875,35.540000915527344,602367.0
2024-09-27 14:30:00-04:00,35.540000915527344,35.665000915527344,35.439998626708984,35.470001220703125,669438.0
2024-09-27 15:30:00-04:00,35.470001220703125,35.47999954223633,35.3650016784668,35.400001525878906,1212957.0
2024-09-27 16:00:00-04:00,35.41,35.48,35.35,35.35,0.0
2024-09-27 17:00:00-04:00,35.37,35.5,35.36,35.41,0.0
2024-09-27 18:00:00-04:00,35.32,35.5,35.32,35.5,0.0
2024-09-27 19:00:00-04:00,35.47,35.491,35.35,35.35,0.0
2024-09-30 04:00:00-04:00,35.48,35.48,35.48,35.48,0.0
2024-09-30 05:00:00-04:00,35.38,35.46,35.35,35.44,0.0
2024-09-30 06:00:00-04:00,35.44,35.44,35.27,35.27,0.0
2024-09-30 07:00:00-04:00,35.27,35.37,35.27,35.36,0.0
2024-09-30 08:00:00-04:00,35.36,35.44,35.18,35.36,0.0
2024-09-30 09:00:00-04:00,35.36,35.41,35.19,35.23,0.0
2024-09-30 09:30:00-04:00,35.625,35.96500015258789,35.58000183105469,35.775001525878906,967291.0
2024-09-30 10:30:00-04:00,35.775001525878906,35.89500045776367,35.72999954223633,35.82500076293945,581571.0
2024-09-30 11:30:00-04:00,35.814998626708984,35.834999084472656,35.630001068115234,35.650001525878906,491291.0
2024-09-30 12:30:00-04:00,35.64500045776367,35.72999954223633,35.61000061035156,35.724998474121094,403882.0
2024-09-30 13:30:00-04:00,35.724998474121094,35.83000183105469,35.662498474121094,35.76499938964844,801425.0
2024-09-30 14:30:00-04:00,35.76499938964844,35.85499954223633,35.71500015258789,35.814998626708984,814355.0
2024-09-30 15:30:00-04:00,35.810001373291016,35.9900016784668,35.78499984741211,35.880001068115234,1414645.0
2024-09-30 16:00:00-04:00,35.87,35.87,35.7,35.87,0.0
2024-09-30 17:00:00-04:00,35.87,35.98,35.87,35.87,0.0
2024-09-30 18:00:00-04:00,35.855,35.87,35.855,35.8699,0.0
2024-09-30 19:00:00-04:00,35.87,35.87,35.55,35.55,0.0
2024-10-01 04:00:00-04:00,35.38,35.38,34.9,35.17,0.0
2024-10-01 05:00:00-04:00,35.03,35.21,35.03,35.1,0.0
2024-10-01 06:00:00-04:00,35.1,35.1,35.1,35.1,0.0
2024-10-01 07:00:00-04:00,35.1,35.22,35.1,35.19,0.0
2024-10-01 08:00:00-04:00,35.19,35.87,35.0,35.12,0.0
2024-10-01 09:00:00-04:00,35.14,35.19,35.07,35.11,0.0
2024-10-01 09:30:00-04:00,35.040000915527344,35.189998626708984,34.22999954223633,34.48500061035156,2033318.0
2024-10-01 10:30:00-04:00,34.4900016784668,34.54499816894531,34.24399948120117,34.42499923706055,1381512.0
2024-10-01 11:30:00-04:00,34.42499923706055,34.4900016784668,34.34000015258789,34.35499954223633,750894.0
2024-10-01 12:30:00-04:00,34.35499954223633,34.36000061035156,34.150001525878906,34.30500030517578,691659.0
2024-10-01 13:30:00-04:00,34.30500030517578,34.61000061035156,34.290000915527344,34.60499954223633,649071.0
2024-10-01 14:30:00-04:00,34.61000061035156,34.689998626708984,34.604000091552734,34.66999816894531,843982.0
2024-10-01 15:30:00-04:00,34.66999816894531,34.84000015258789,34.599998474121094,34.755001068115234,1531448.0
2024-10-01 16:00:00-04:00,34.76,35.555,34.46,34.47,0.0
2024-10-01 17:00:00-04:00,34.74,34.74,34.48,34.48,0.0
2024-10-01 18:00:00-04:00,34.5,34.51,34.5,34.5,0.0
2024-10-01 19:00:00-04:00,34.5,34.5,34.33,34.33,0.0
2024-10-02 04:00:00-04:00,34.33,34.33,34.33,34.33,0.0
2024-10-02 05:00:00-04:00,34.33,34.75,34.33,34.69,0.0
2024-10-02 06:00:00-04:00,34.69,34.69,34.5,34.5,0.0
2024-10-02 07:00:00-04:00,34.66,34.69,34.66,34.69,0.0
2024-10-02 08:00:00-04:00,34.46,34.76,34.38,34.68,0.0
2024-10-02 09:00:00-04:00,34.68,34.8,34.68,34.73,0.0
2024-10-02 09:30:00-04:00,34.790000915527344,35.060001373291016,34.459999084472656,35.040000915527344,888556.0
2024-10-02 10:30:00-04:00,35.029998779296875,35.36000061035156,35.025001525878906,35.310001373291016,617683.0
2024-10-02 11:30:00-04:00,35.310001373291016,35.474998474121094,35.28499984741211,35.39500045776367,499265.0
2024-10-02 12:30:00-04:00,35.38999938964844,35.38999938964844,35.2599983215332,35.314998626708984,302318.0
2024-10-02 13:30:00-04:00,35.310001373291016,35.334999084472656,35.224998474121094,35.2599983215332,325628.0
2024-10-02 14:30:00-04:00,35.26499938964844,35.29499816894531,35.183998107910156,35.189998626708984,498777.0
2024-10-02 15:30:00-04:00,35.189998626708984,35.22999954223633,35.07500076293945,35.17499923706055,1388455.0
2024-10-02 16:00:00-04:00,35.18,35.22,34.54,35.18,0.0
2024-10-02 17:00:00-04:00,35.18,35.2,35.18,35.18,0.0
2024-10-02 18:00:00-04:00,35.18,35.18,35.18,35.18,0.0
2024-10-02 19:00:00-04:00,35.18,35.3433,35.18,35.3433,0.0
2024-10-03 04:00:00-04:00,35.3433,35.3433,35.3433,35.3433,0.0
2024-10-03 05:00:00-04:00,35.3433,35.3433,35.3433,35.3433,0.0
2024-10-03 06:00:00-04:00,35.3433,35.3433,35.12,35.12,0.0
2024-10-03 07:00:00-04:00,35.12,35.12,34.85,35.1,0.0
2024-10-03 08:00:00-04:00,35.1,35.17,34.85,35.17,0.0
2024-10-03 09:00:00-04:00,34.96,35.18,34.85,34.87,0.0
2024-10-03 09:30:00-04:00,35.064998626708984,35.45500183105469,34.98500061035156,35.13999938964844,666975.0
2024-10-03 10:30:00-04:00,35.14500045776367,35.279998779296875,35.029998779296875,35.1349983215332,475016.0
2024-10-03 11:30:00-04:00,35.13999938964844,35.369998931884766,35.130001068115234,35.29999923706055,530514.0
2024-10-03 12:30:00-04:00,35.30500030517578,35.310001373291016,35.09000015258789,35.154998779296875,1004500.0
2024-10-03 13:30:00-04:00,35.150001525878906,35.275001525878906,35.13999938964844,35.25,450682.0
2024-10-03 14:30:00-04:00,35.25,35.314998626708984,35.209999084472656,35.255001068115234,588217.0
2024-10-03 15:30:00-04:00,35.255001068115234,35.61000061035156,35.180999755859375,35.59000015258789,2239589.0
2024-10-03 16:00:00-04:00,35.6,35.6,35.18,35.2101,0.0
2024-10-03 17:00:00-04:00,35.2101,35.51,35.2101,35.51,0.0
2024-10-03 18:00:00-04:00,35.51,35.51,34.56,34.56,0.0
2024-10-03 19:00:00-04:00,35.6,35.61,35.6,35.61,0.0
2024-10-04 04:00:00-04:00,35.55,35.56,35.55,35.56,0.0
2024-10-04 05:00:00-04:00,35.56,35.62,35.33,35.33,0.0
2024-10-04 06:00:00-04:00,35.33,35.33,35.33,35.33,0.0
2024-10-04 07:00:00-04:00,35.33,35.6,35.33,35.42,0.0
2024-10-04 08:00:00-04:00,35.59,35.9888,35.37,35.6,0.0
2024-10-04 09:00:00-04:00,35.59,35.99,35.59,35.86,0.0
2024-10-04 09:30:00-04:00,36.0,36.11000061035156,35.630001068115234,35.720001220703125,744718.0
2024-10-04 10:30:00-04:00,35.70000076293945,35.80500030517578,35.564998626708984,35.60499954223633,526733.0
2024-10-04 11:30:00-04:00,35.599998474121094,35.77000045776367,35.56010055541992,35.70500183105469,354955.0
2024-10-04 12:30:00-04:00,35.70500183105469,35.83000183105469,35.689998626708984,35.77000045776367,285772.0
2024-10-04 13:30:00-04:00,35.77000045776367,35.810001373291016,35.689998626708984,35.78499984741211,328974.0
2024-10-04 14:30:00-04:00,35.779998779296875,35.900001525878906,35.73500061035156,35.875,481469.0
2024-10-04 15:30:00-04:00,35.869998931884766,36.02000045776367,35.85100173950195,35.97999954223633,902054.0
2024-10-04 16:00:00-04:00,35.98,36.1421,35.66,35.9601,0.0
2024-10-04 17:00:00-04:00,35.98,35.99,35.97,35.99,0.0
2024-10-04 18:00:00-04:00,36.1988,36.2,35.655,36.08,0.0
2024-10-04 19:00:00-04:00,36.01,36.13,36.0,36.13,0.0
2024-10-07 04:00:00-04:00,35.99,35.99,35.99,35.99,0.0
2024-10-07 05:00:00-04:00,35.61,35.61,35.61,35.61,0.0
2024-10-07 06:00:00-04:00,35.61,35.89,35.61,35.63,0.0
2024-10-07 07:00:00-04:00,35.63,35.86,35.63,35.86,0.0
2024-10-07 08:00:00-04:00,35.86,36.2,35.6543,35.85,0.0
2024-10-07 09:00:00-04:00,35.68,36.0,35.68,35.98,0.0
2024-10-07 09:30:00-04:00,35.970001220703125,36.22999954223633,35.91999816894531,36.005001068115234,693142.0
2024-10-07 10:30:00-04:00,36.0,36.03499984741211,35.834999084472656,35.904998779296875,468708.0
2024-10-07 11:30:00-04:00,35.904998779296875,35.970001220703125,35.775001525878906,35.89500045776367,301223.0
2024-10-07 12:30:00-04:00,35.900001525878906,36.025001525878906,35.8849983215332,35.974998474121094,250810.0
2024-10-07 13:30:00-04:00,35.959999084472656,35.9900016784668,35.88999938964844,35.915000915527344,267373.0
2024-10-07 14:30:00-04:00,35.90999984741211,35.90999984741211,35.71500015258789,35.84989929199219,527968.0
2024-10-07 15:30:00-04:00,35.849998474121094,35.96500015258789,35.814998626708984,35.91999816894531,726326.0
2024-10-07 16:00:00-04:00,35.91,36.005,35.91,35.92,0.0
2024-10-07 17:00:00-04:00,35.91,35.93,35.91,35.93,0.0
2024-10-07 18:00:00-04:00,35.6889,36.0,35.65,35.71,0.0
2024-10-07 19:00:00-04:00,36.4575,36.4575,36.01,36.01,0.0
2024-10-08 04:00:00-04:00,36.01,36.01,36.01,36.01,0.0
2024-10-08 05:00:00-04:00,36.01,36.01,35.45,35.82,0.0
2024-10-08 06:00:00-04:00,35.83,35.83,35.83,35.83,0.0
2024-10-08 07:00:00-04:00,35.91,36.14,35.91,36.09,0.0
2024-10-08 08:00:00-04:00,36.13,36.19,35.85,36.19,0.0
2024-10-08 09:00:00-04:00,36.11,36.11,35.93,35.93,0.0
2024-10-08 09:30:00-04:00,35.79999923706055,35.91999816894531,35.209999084472656,35.400001525878906,1364346.0
2024-10-08 10:30:00-04:00,35.404998779296875,35.61000061035156,35.30500030517578,35.595001220703125,930318.0
2024-10-08 11:30:00-04:00,35.599998474121094,35.90999984741211,35.58000183105469,35.8650016784668,587289.0
2024-10-08 12:30:00-04:00,35.86000061035156,35.94499969482422,35.81999969482422,35.89500045776367,444089.0
2024-10-08 13:30:00-04:00,35.88999938964844,36.03499984741211,35.869998931884766,35.92499923706055,521776.0
2024-10-08 14:30:00-04:00,35.92499923706055,35.994998931884766,35.79999923706055,35.974998474121094,1190038.0
2024-10-08 15:30:00-04:00,35.970001220703125,36.154998779296875,35.900001525878906,36.0,2075565.0
2024-10-08 16:00:00-04:00,35.99,36.2,34.5,36.19,0.0
2024-10-08 17:00:00-04:00,36.19,36.19,35.4805,35.92,0.0
2024-10-08 18:00:00-04:00,35.92,35.92,35.92,35.92,0.0
2024-10-08 19:00:00-04:00,35.92,36.0,35.92,36.0,0.0
2024-10-09 04:00:00-04:00,36.0,36.0,35.99,35.99,0.0
2024-10-09 05:00:00-04:00,35.99,36.0,35.93,36.0,0.0
2024-10-09 06:00:00-04:00,36.0,36.0,35.92,36.0,0.0
2024-10-09 07:00:00-04:00,36.0,36.06,35.92,35.94,0.0
2024-10-09 08:00:00-04:00,35.94,36.0,35.92,35.92,0.0
2024-10-09 09:00:00-04:00,35.92,35.95,35.92,35.94,0.0
2024-10-09 09:30:00-04:00,35.97999954223633,36.43000030517578,35.85580062866211,36.27000045776367,614187.0
2024-10-09 10:30:00-04:00,36.27000045776367,36.6875,36.25,36.6349983215332,479609.0
2024-10-09 11:30:00-04:00,36.6349983215332,36.814998626708984,36.59000015258789,36.641300201416016,540508.0
2024-10-09 12:30:00-04:00,36.63999938964844,36.7400016784668,36.529998779296875,36.53499984741211,591085.0
2024-10-09 13:30:00-04:00,36.529998779296875,36.54999923706055,36.400001525878906,36.45500183105469,351364.0
2024-10-09 14:30:00-04:00,36.45000076293945,36.55500030517578,36.40250015258789,36.53499984741211,453417.0
2024-10-09 15:30:00-04:00,36.53499984741211,36.619998931884766,36.51499938964844,36.58000183105469,811119.0
2024-10-09 16:00:00-04:00,36.58,36.59,36.38,36.58,0.0
2024-10-09 17:00:00-04:00,36.5793,36.58,36.49,36.58,0.0
2024-10-09 18:00:00-04:00,36.58,36.58,36.5,36.58,0.0
2024-10-09 19:00:00-04:00,,,,,
2024-10-10 04:00:00-04:00,36.62,36.62,36.58,36.58,0.0
2024-10-10 05:00:00-04:00,36.58,36.58,36.58,36.58,0.0
2024-10-10 06:00:00-04:00,36.58,36.58,36.58,36.58,0.0
2024-10-10 07:00:00-04:00,36.58,36.6,36.37,36.37,0.0
2024-10-10 08:00:00-04:00,36.37,36.59,36.35,36.46,0.0
2024-10-10 09:00:00-04:00,36.37,36.37,36.34,36.37,0.0
2024-10-10 09:30:00-04:00,36.560001373291016,36.779998779296875,36.415000915527344,36.755001068115234,1011828.0
2024-10-10 10:30:00-04:00,36.755001068115234,36.779998779296875,36.61000061035156,36.70500183105469,448167.0
2024-10-10 11:30:00-04:00,36.70500183105469,36.84000015258789,36.66999816894531,36.839900970458984,389099.0
2024-10-10 12:30:00-04:00,36.834999084472656,36.86000061035156,36.72999954223633,36.845001220703125,336493.0
2024-10-10 13:30:00-04:00,36.845001220703125,36.86000061035156,36.720001220703125,36.75400161743164,427656.0
2024-10-10 14:30:00-04:00,36.755001068115234,36.775001525878906,36.67499923706055,36.70500183105469,505618.0
2024-10-10 15:30:00-04:00,36.70500183105469,36.79499816894531,36.69499969482422,36.7599983215332,769839.0
2024-10-10 16:00:00-04:00,36.75,36.77,36.75,36.75,0.0
2024-10-10 17:00:00-04:00,36.75,36.85,36.55,36.81,0.0
2024-10-10 18:00:00-04:00,36.81,36.81,36.81,36.81,0.0
2024-10-10 19:00:00-04:00,36.81,36.81,36.81,36.81,0.0
2024-10-11 04:00:00-04:00,36.75,36.75,36.68,36.68,0.0
2024-10-11 05:00:00-04:00,36.64,36.64,36.61,36.61,0.0
2024-10-11 06:00:00-04:00,36.61,36.64,36.6,36.6,0.0
2024-10-11 07:00:00-04:00,36.6,36.7,36.6,36.7,0.0
2024-10-11 08:00:00-04:00,36.7,36.7,36.6,36.6,0.0
2024-10-11 09:00:00-04:00,36.7,36.82,36.64,36.82,0.0
2024-10-11 09:30:00-04:00,36.939998626708984,37.47999954223633,36.86000061035156,37.439998626708984,811636.0
2024-10-11 10:30:00-04:00,37.439998626708984,37.470001220703125,37.084999084472656,37.084999084472656,699930.0
2024-10-11 11:30:00-04:00,37.08399963378906,37.1349983215332,37.025001525878906,37.060001373291016,403641.0
2024-10-11 12:30:00-04:00,37.060001373291016,37.08000183105469,36.994998931884766,37.03499984741211,551393.0
2024-10-11 13:30:00-04:00,37.03499984741211,37.154998779296875,36.95000076293945,37.095001220703125,542577.0
2024-10-11 14:30:00-04:00,37.099998474121094,37.209999084472656,37.07500076293945,37.20500183105469,594504.0
2024-10-11 15:30:00-04:00,37.20500183105469,37.20500183105469,37.0099983215332,37.0099983215332,1094504.0
2024-10-11 16:00:00-04:00,37.02,37.03,36.8801,37.02,0.0
2024-10-11 17:00:00-04:00,37.02,37.3767,37.02,37.3767,0.0
2024-10-11 18:00:00-04:00,36.99,37.01,36.99,36.99,0.0
2024-10-11 19:00:00-04:00,36.95,36.96,36.95,36.95,0.0
2024-10-14 04:00:00-04:00,36.94,37.01,36.94,37.01,0.0
2024-10-14 05:00:00-04:00,37.0,37.03,36.95,37.01,0.0
2024-10-14 06:00:00-04:00,37.01,37.01,37.01,37.01,0.0
2024-10-14 07:00:00-04:00,37.01,37.01,37.0,37.0,0.0
2024-10-14 08:00:00-04:00,37.05,37.05,36.98,37.01,0.0
2024-10-14 09:00:00-04:00,37.01,37.2,36.94,37.2,0.0
2024-10-14 09:30:00-04:00,37.0,37.279998779296875,36.90999984741211,37.119998931884766,681856.0
2024-10-14 10:30:00-04:00,37.119998931884766,37.26499938964844,37.0,37.1349983215332,745096.0
2024-10-14 11:30:00-04:00,37.130001068115234,37.2599983215332,37.119998931884766,37.20500183105469,406191.0
2024-10-14 12:30:00-04:00,37.209999084472656,37.224998474121094,37.08000183105469,37.209999084472656,437108.0
2024-10-14 13:30:00-04:00,37.20000076293945,37.29999923706055,37.16999816894531,37.27000045776367,415540.0
2024-10-14 14:30:00-04:00,37.26599884033203,37.415000915527344,37.2599983215332,37.375,658593.0
2024-10-14 15:30:00-04:00,37.369998931884766,37.46500015258789,37.345001220703125,37.439998626708984,923968.0
2024-10-14 16:00:00-04:00,37.46,37.46,37.19,37.44,0.0
2024-10-14 17:00:00-04:00,37.44,37.44,37.14,37.14,0.0
2024-10-14 18:00:00-04:00,37.44,37.45,37.14,37.14,0.0
2024-10-14 19:00:00-04:00,37.45,37.45,37.142,37.44,0.0
2024-10-15 04:00:00-04:00,37.45,37.45,37.44,37.44,0.0
2024-10-15 05:00:00-04:00,37.44,37.48,37.27,37.28,0.0
2024-10-15 06:00:00-04:00,37.23,37.25,37.21,37.21,0.0
2024-10-15 07:00:00-04:00,37.47,37.47,37.29,37.29,0.0
2024-10-15 08:00:00-04:00,37.29,37.45,37.25,37.45,0.0
2024-10-15 09:00:00-04:00,37.43,37.5,37.4,37.5,0.0
2024-10-15 09:30:00-04:00,37.54999923706055,37.970001220703125,37.54999923706055,37.84000015258789,884468.0
2024-10-15 10:30:00-04:00,37.83000183105469,37.834999084472656,37.61000061035156,37.72999954223633,627920.0
2024-10-15 11:30:00-04:00,37.755001068115234,37.79999923706055,37.654998779296875,37.689998626708984,378198.0
2024-10-15 12:30:00-04:00,37.70000076293945,37.70500183105469,37.369998931884766,37.38999938964844,395373.0
2024-10-15 13:30:00-04:00,37.3849983215332,37.400001525878906,37.18000030517578,37.21120071411133,279757.0
2024-10-15 14:30:00-04:00,37.220001220703125,37.244998931884766,36.845001220703125,36.85499954223633,1058774.0
2024-10-15 15:30:00-04:00,36.86000061035156,37.099998474121094,36.85499954223633,36.974998474121094,1573791.0
2024-10-15 16:00:00-04:00,36.97,37.23,36.75,36.898,0.0
2024-10-15 17:00:00-04:00,36.88,36.98,36.88,36.917,0.0
2024-10-15 18:00:00-04:00,36.917,37.24,36.917,37.0,0.0
2024-10-15 19:00:00-04:00,37.2305,37.24,37.2305,37.24,0.0
2024-10-16 04:00:00-04:00,36.97,37.3,36.97,37.3,0.0
2024-10-16 05:00:00-04:00,37.3,37.3,37.3,37.3,0.0
2024-10-16 06:00:00-04:00,37.3,37.3,37.3,37.3,0.0
2024-10-16 07:00:00-04:00,37.3,37.3,37.09,37.1,0.0
2024-10-16 08:00:00-04:00,37.14,37.95,37.08,37.27,0.0
2024-10-16 09:00:00-04:00,37.27,37.7,36.88,36.97,0.0
2024-10-16 09:30:00-04:00,37.040000915527344,37.290000915527344,37.040000915527344,37.25,418033.0
2024-10-16 10:30:00-04:00,37.25,37.26499938964844,37.099998474121094,37.125,338124.0
2024-10-16 11:30:00-04:00,37.130001068115234,37.224998474121094,37.04010009765625,37.095001220703125,304061.0
2024-10-16 12:30:00-04:00,37.09000015258789,37.16999816894531,37.06999969482422,37.15999984741211,257094.0
2024-10-16 13:30:00-04:00,37.154998779296875,37.220001220703125,37.119998931884766,37.19499969482422,247188.0
2024-10-16 14:30:00-04:00,37.195098876953125,37.209999084472656,37.095001220703125,37.20500183105469,385292.0
2024-10-16 15:30:00-04:00,37.20500183105469,37.20500183105469,37.119998931884766,37.15999984741211,729077.0
2024-10-16 16:00:00-04:00,37.18,37.33,36.94,37.05,0.0
2024-10-16 17:00:00-04:00,37.05,37.21,37.05,37.21,0.0
2024-10-16 18:00:00-04:00,37.21,37.21,37.21,37.21,0.0
2024-10-16 19:00:00-04:00,37.14,37.14,37.14,37.14,0.0
2024-10-17 04:00:00-04:00,37.05,37.05,37.05,37.05,0.0
2024-10-17 05:00:00-04:00,37.05,37.05,37.05,37.05,0.0
2024-10-17 06:00:00-04:00,37.05,37.26,37.05,37.26,0.0
2024-10-17 07:00:00-04:00,37.26,37.3,37.26,37.3,0.0
2024-10-17 08:00:00-04:00,37.31,37.31,37.01,37.31,0.0
2024-10-17 09:00:00-04:00,37.31,37.5,37.31,37.41,0.0
2024-10-17 09:30:00-04:00,37.290000915527344,37.41999816894531,37.060001373291016,37.40999984741211,590360.0
2024-10-17 10:30:00-04:00,37.400001525878906,37.685001373291016,37.38999938964844,37.64500045776367,698438.0
2024-10-17 11:30:00-04:00,37.64500045776367,37.80500030517578,37.54499816894531,37.79999923706055,652955.0
2024-10-17 12:30:00-04:00,37.79499816894531,37.869998931884766,37.70000076293945,37.724998474121094,559102.0
2024-10-17 13:30:00-04:00,37.724998474121094,37.724998474121094,37.61000061035156,37.65999984741211,566766.0
2024-10-17 14:30:00-04:00,37.665000915527344,37.71500015258789,37.59000015258789,37.595001220703125,548024.0
2024-10-17 15:30:00-04:00,37.59000015258789,37.595001220703125,37.4900016784668,37.56999969482422,1266761.0
2024-10-17 16:00:00-04:00,37.58,37.65,37.44,37.44,0.0
2024-10-17 17:00:00-04:00,37.25,37.44,37.24,37.44,0.0
2024-10-17 18:00:00-04:00,37.44,37.44,37.44,37.44,0.0
2024-10-17 19:00:00-04:00,,,,,
2024-10-18 04:00:00-04:00,,,,,
2024-10-18 05:00:00-04:00,37.38,37.38,37.38,37.38,0.0
2024-10-18 06:00:00-04:00,37.38,37.6,37.37,37.6,0.0
2024-10-18 07:00:00-04:00,37.6,37.62,37.6,37.62,0.0
2024-10-18 08:00:00-04:00,37.62,37.87,37.38,37.58,0.0
2024-10-18 09:00:00-04:00,37.58,37.58,37.375,37.55,0.0
2024-10-18 09:30:00-04:00,37.70000076293945,37.80500030517578,37.349998474121094,37.369998931884766,806672.0
2024-10-18 10:30:00-04:00,37.369998931884766,37.52000045776367,37.310001373291016,37.36000061035156,505242.0
2024-10-18 11:30:00-04:00,37.35110092163086,37.400001525878906,37.154998779296875,37.189998626708984,423604.0
2024-10-18 12:30:00-04:00,37.19499969482422,37.36000061035156,37.189998626708984,37.310001373291016,300662.0
2024-10-18 13:30:00-04:00,37.31129837036133,37.349998474121094,37.26499938964844,37.32500076293945,403037.0
2024-10-18 14:30:00-04:00,37.32500076293945,37.32500076293945,37.244998931884766,37.275001525878906,390460.0
2024-10-18 15:30:00-04:00,37.275001525878906,37.29999923706055,37.2400016784668,37.27000045776367,919836.0
2024-10-18 16:00:00-04:00,37.28,37.4075,37.02,37.28,0.0
2024-10-18 17:00:00-04:00,37.02,37.02,37.0067,37.0067,0.0
2024-10-18 18:00:00-04:00,37.0067,37.28,37.0067,37.28,0.0
2024-10-18 19:00:00-04:00,37.27,37.27,37.27,37.27,0.0
2024-10-21 04:00:00-04:00,37.07,37.07,37.07,37.07,0.0
2024-10-21 05:00:00-04:00,37.07,37.26,37.07,37.13,0.0
2024-10-21 06:00:00-04:00,37.13,37.14,37.11,37.14,0.0
2024-10-21 07:00:00-04:00,37.14,37.27,37.06,37.06,0.0
2024-10-21 08:00:00-04:00,37.06,37.4,36.8412,37.26,0.0
2024-10-21 09:00:00-04:00,37.26,37.28,36.87,37.06,0.0
2024-10-21 09:30:00-04:00,37.34000015258789,37.54499816894531,37.1349983215332,37.154998779296875,670587.0
2024-10-21 10:30:00-04:00,37.154998779296875,37.18000030517578,36.84000015258789,36.8650016784668,748563.0
2024-10-21 11:30:00-04:00,36.8650016784668,36.915000915527344,36.79999923706055,36.80500030517578,403235.0
2024-10-21 12:30:00-04:00,36.80099868774414,36.81999969482422,36.71500015258789,36.72999954223633,337149.0
2024-10-21 13:30:00-04:00,36.724998474121094,36.75,36.654998779296875,36.665000915527344,350760.0
2024-10-21 14:30:00-04:00,36.665000915527344,36.685001373291016,36.525001525878906,36.547698974609375,493901.0
2024-10-21 15:30:00-04:00,36.54499816894531,36.59000015258789,36.45000076293945,36.45000076293945,1293918.0
2024-10-21 16:00:00-04:00,36.46,36.86,35.17,36.85,0.0
2024-10-21 17:00:00-04:00,36.85,36.85,36.85,36.85,0.0
2024-10-21 18:00:00-04:00,36.46,36.52,36.46,36.5,0.0
2024-10-21 19:00:00-04:00,36.5191,36.52,36.49,36.52,0.0
2024-10-22 04:00:00-04:00,36.52,36.52,36.52,36.52,0.0
2024-10-22 05:00:00-04:00,36.52,36.52,36.31,36.37,0.0
2024-10-22 06:00:00-04:00,36.37,36.37,36.06,36.06,0.0
2024-10-22 07:00:00-04:00,36.36,36.42,36.22,36.29,0.0
2024-10-22 08:00:00-04:00,36.29,36.52,36.21,36.22,0.0
2024-10-22 09:00:00-04:00,36.25,36.34,35.99,36.13,0.0
2024-10-22 09:30:00-04:00,36.31999969482422,36.369998931884766,35.900001525878906,36.01499938964844,662100.0
2024-10-22 10:30:00-04:00,36.0099983215332,36.04999923706055,35.939998626708984,36.040000915527344,411690.0
2024-10-22 11:30:00-04:00,36.040000915527344,36.05500030517578,35.96500015258789,36.005001068115234,280899.0
2024-10-22 12:30:00-04:00,36.005001068115234,36.19499969482422,36.005001068115234,36.1150016784668,302610.0
2024-10-22 13:30:00-04:00,36.1150016784668,36.22999954223633,36.11000061035156,36.19499969482422,289283.0
2024-10-22 14:30:00-04:00,36.19499969482422,36.29499816894531,36.15999984741211,36.29499816894531,358472.0
2024-10-22 15:30:00-04:00,36.29999923706055,36.349998474121094,36.224998474121094,36.23500061035156,823285.0
2024-10-22 16:00:00-04:00,36.23,36.4,36.23,36.23,0.0
2024-10-22 17:00:00-04:00,36.23,36.23,35.97,36.1,0.0
2024-10-22 18:00:00-04:00,36.1,36.42,36.1,36.42,0.0
2024-10-22 19:00:00-04:00,35.97,36.43,35.97,36.43,0.0
2024-10-23 04:00:00-04:00,36.43,36.43,36.43,36.43,0.0
2024-10-23 05:00:00-04:00,36.43,36.43,36.43,36.43,0.0
2024-10-23 06:00:00-04:00,36.43,36.43,36.0,36.0,0.0
2024-10-23 07:00:00-04:00,36.0,36.08,36.0,36.08,0.0
2024-10-23 08:00:00-04:00,36.01,36.1,36.0,36.02,0.0
2024-10-23 09:00:00-04:00,35.99,36.0,35.98,35.98,0.0
2024-10-23 09:30:00-04:00,36.0099983215332,36.275001525878906,35.93000030517578,36.165000915527344,593226.0
2024-10-23 10:30:00-04:00,36.165000915527344,36.165000915527344,35.935001373291016,35.96500015258789,452038.0
2024-10-23 11:30:00-04:00,35.96849822998047,36.04999923706055,35.95000076293945,35.959999084472656,339762.0
2024-10-23 12:30:00-04:00,35.96110153198242,35.96500015258789,35.70000076293945,35.755001068115234,480555.0
2024-10-23 13:30:00-04:00,35.75,35.779998779296875,35.564998626708984,35.68000030517578,536410.0
2024-10-23 14:30:00-04:00,35.66999816894531,35.834999084472656,35.665000915527344,35.83000183105469,474274.0
2024-10-23 15:30:00-04:00,35.834999084472656,35.91999816894531,35.8109016418457,35.86000061035156,966287.0
2024-10-23 16:00:00-04:00,35.85,36.18,35.85,36.18,0.0
2024-10-23 17:00:00-04:00,36.18,36.18,36.18,36.18,0.0
2024-10-23 18:00:00-04:00,36.43,36.43,36.28,36.28,0.0
2024-10-23 19:00:00-04:00,,,,,
2024-10-24 04:00:00-04:00,,,,,
2024-10-24 05:00:00-04:00,36.17,36.17,36.17,36.17,0.0
2024-10-24 06:00:00-04:00,36.17,36.22,35.85,36.22,0.0
2024-10-24 07:00:00-04:00,36.22,36.22,36.02,36.14,0.0
2024-10-24 08:00:00-04:00,36.15,36.17,36.08,36.17,0.0
2024-10-24 09:00:00-04:00,35.87,35.88,35.87,35.88,0.0
2024-10-24 09:30:00-04:00,35.95000076293945,36.0,35.650001525878906,35.939998626708984,602418.0
2024-10-24 10:30:00-04:00,35.935001373291016,35.97999954223633,35.845001220703125,35.875,382904.0
2024-10-24 11:30:00-04:00,35.880001068115234,36.25,35.76499938964844,35.8849983215332,862377.0
2024-10-24 12:30:00-04:00,35.8849983215332,36.154998779296875,35.880001068115234,36.14500045776367,461983.0
2024-10-24 13:30:00-04:00,36.150001525878906,36.209999084472656,36.06999969482422,36.165000915527344,363418.0
2024-10-24 14:30:00-04:00,36.165000915527344,36.369998931884766,36.119998931884766,36.345001220703125,613243.0
2024-10-24 15:30:00-04:00,36.345001220703125,36.529998779296875,36.32500076293945,36.470001220703125,1242739.0
2024-10-24 16:00:00-04:00,36.47,36.47,36.07,36.46,0.0
2024-10-24 17:00:00-04:00,36.46,36.47,36.43,36.47,0.0
2024-10-24 18:00:00-04:00,36.47,36.47,36.45,36.46,0.0
2024-10-24 19:00:00-04:00,36.46,36.46,36.08,36.45,0.0
2024-10-25 04:00:00-04:00,36.8,36.8,36.46,36.46,0.0
2024-10-25 05:00:00-04:00,36.46,36.79,36.46,36.78,0.0
2024-10-25 06:00:00-04:00,36.78,36.78,36.7,36.7,0.0
2024-10-25 07:00:00-04:00,36.78,36.78,36.71,36.71,0.0
2024-10-25 08:00:00-04:00,36.71,36.8,36.51,36.6,0.0
2024-10-25 09:00:00-04:00,36.96,36.96,36.65,36.79,0.0
2024-10-25 09:30:00-04:00,36.47999954223633,37.189998626708984,36.47999954223633,37.17499923706055,789253.0
2024-10-25 10:30:00-04:00,37.16999816894531,37.25,37.09000015258789,37.09000015258789,592104.0
2024-10-25 11:30:00-04:00,37.099998474121094,37.1349983215332,37.025001525878906,37.04999923706055,397690.0
2024-10-25 12:30:00-04:00,37.04999923706055,37.060001373291016,36.93000030517578,36.98500061035156,379139.0
2024-10-25 13:30:00-04:00,36.97999954223633,37.0,36.775001525878906,36.880001068115234,490604.0
2024-10-25 14:30:00-04:00,36.880001068115234,36.92499923706055,36.834999084472656,36.86000061035156,534343.0
2024-10-25 15:30:00-04:00,36.86000061035156,36.91999816894531,36.82500076293945,36.869998931884766,887105.0
2024-10-25 16:00:00-04:00,36.87,36.88,36.59,36.88,0.0
2024-10-25 17:00:00-04:00,36.59,36.59,36.59,36.59,0.0
2024-10-25 18:00:00-04:00,36.59,36.59,36.59,36.59,0.0
2024-10-25 19:00:00-04:00,36.88,36.88,36.88,36.88,0.0
2024-10-28 04:00:00-04:00,36.88,36.91,36.88,36.91,0.0
2024-10-28 05:00:00-04:00,37.0,37.0,37.0,37.0,0.0
2024-10-28 06:00:00-04:00,37.0,37.01,37.0,37.01,0.0
2024-10-28 07:00:00-04:00,37.01,37.04,37.01,37.01,0.0
2024-10-28 08:00:00-04:00,37.0,37.4488,36.88,37.02,0.0
2024-10-28 09:00:00-04:00,37.02,37.13,36.98,37.04,0.0
2024-10-28 09:30:00-04:00,37.0,37.380001068115234,36.96500015258789,37.275001525878906,613394.0
2024-10-28 10:30:00-04:00,37.275001525878906,37.46500015258789,37.224998474121094,37.46269989013672,783666.0
2024-10-28 11:30:00-04:00,37.46500015258789,37.6150016784668,37.45000076293945,37.54679870605469,514181.0
2024-10-28 12:30:00-04:00,37.54499816894531,37.57500076293945,37.400001525878906,37.51499938964844,490587.0
2024-10-28 13:30:00-04:00,37.51499938964844,37.56999969482422,37.4900016784668,37.494998931884766,259015.0
2024-10-28 14:30:00-04:00,37.494998931884766,37.529998779296875,37.415000915527344,37.520999908447266,370866.0
2024-10-28 15:30:00-04:00,37.525001525878906,37.54999923706055,37.39500045776367,37.43000030517578,982081.0
2024-10-28 16:00:00-04:00,37.42,37.59,37.41,37.59,0.0
2024-10-28 17:00:00-04:00,37.58,37.58,37.43,37.43,0.0
2024-10-28 18:00:00-04:00,37.43,37.65,37.43,37.65,0.0
2024-10-28 19:00:00-04:00,37.41,37.6,37.41,37.5,0.0
2024-10-29 04:00:00-04:00,37.42,37.61,37.42,37.43,0.0
2024-10-29 05:00:00-04:00,37.46,37.6,37.46,37.6,0.0
2024-10-29 06:00:00-04:00,37.6,37.6,37.6,37.6,0.0
2024-10-29 07:00:00-04:00,37.47,37.59,37.47,37.48,0.0
2024-10-29 08:00:00-04:00,37.48,37.48,37.45,37.45,0.0
2024-10-29 09:00:00-04:00,37.47,37.47,37.4,37.4,0.0
2024-10-29 09:30:00-04:00,37.43000030517578,37.43000030517578,37.040000915527344,37.334999084472656,995023.0
2024-10-29 10:30:00-04:00,37.334999084472656,37.400001525878906,37.12009811401367,37.23500061035156,459275.0
2024-10-29 11:30:00-04:00,37.23500061035156,37.31999969482422,37.209999084472656,37.29499816894531,284437.0
2024-10-29 12:30:00-04:00,37.29999923706055,37.33000183105469,37.13999938964844,37.14500045776367,333933.0
2024-10-29 13:30:00-04:00,37.14500045776367,37.17499923706055,37.064998626708984,37.154998779296875,463698.0
2024-10-29 14:30:00-04:00,37.15999984741211,37.20500183105469,37.125,37.18000030517578,434979.0
2024-10-29 15:30:00-04:00,37.185001373291016,37.209999084472656,37.04999923706055,37.08000183105469,774721.0
2024-10-29 16:00:00-04:00,37.08,37.2,36.96,37.06,0.0
2024-10-29 17:00:00-04:00,36.6837,37.66,36.6837,37.06,0.0
2024-10-29 18:00:00-04:00,37.06,37.64,37.06,37.64,0.0
2024-10-29 19:00:00-04:00,37.3325,37.3325,37.06,37.06,0.0
2024-10-30 04:00:00-04:00,37.06,37.06,37.06,37.06,0.0
2024-10-30 05:00:00-04:00,37.29,37.29,36.82,36.94,0.0
2024-10-30 06:00:00-04:00,36.92,36.94,36.9,36.92,0.0
2024-10-30 07:00:00-04:00,36.92,37.13,36.9,37.08,0.0
2024-10-30 08:00:00-04:00,37.08,37.31,37.08,37.1,0.0
2024-10-30 09:00:00-04:00,37.19,37.19,36.89,36.9,0.0
2024-10-30 09:30:00-04:00,37.040000915527344,37.2599983215332,36.66999816894531,37.1171989440918,909903.0
2024-10-30 10:30:00-04:00,37.11000061035156,37.119998931884766,36.744998931884766,36.77000045776367,579281.0
2024-10-30 11:30:00-04:00,36.76499938964844,36.78499984741211,36.68050003051758,36.720001220703125,402145.0
2024-10-30 12:30:00-04:00,36.720001220703125,36.880001068115234,36.70500183105469,36.71500015258789,355015.0
2024-10-30 13:30:00-04:00,36.709999084472656,36.709999084472656,36.560001373291016,36.619998931884766,479942.0
2024-10-30 14:30:00-04:00,36.6150016784668,36.66999816894531,36.529998779296875,36.53499984741211,463198.0
2024-10-30 15:30:00-04:00,36.540000915527344,36.654998779296875,36.529998779296875,36.540000915527344,910002.0
2024-10-30 16:00:00-04:00,36.54,36.78,36.48,36.54,0.0
2024-10-30 17:00:00-04:00,36.54,36.54,36.54,36.54,0.0
2024-10-30 18:00:00-04:00,36.57,36.79,36.57,36.69,0.0
2024-10-30 19:00:00-04:00,36.55,36.7,36.52,36.61,0.0
2024-10-31 04:00:00-04:00,36.61,36.61,36.61,36.61,0.0
2024-10-31 05:00:00-04:00,36.43,36.61,36.4,36.4,0.0
2024-10-31 06:00:00-04:00,36.4,36.4,36.4,36.4,0.0
2024-10-31 07:00:00-04:00,36.41,36.5,36.41,36.5,0.0
2024-10-31 08:00:00-04:00,36.5,36.75,36.41,36.52,0.0
2024-10-31 09:00:00-04:00,36.72,36.72,36.54,36.72,0.0
2024-10-31 09:30:00-04:00,36.36000061035156,36.404998779296875,35.68000030517578,35.70000076293945,833545.0
2024-10-31 10:30:00-04:00,35.70500183105469,35.79999923706055,35.42499923706055,35.474998474121094,611456.0
2024-10-31 11:30:00-04:00,35.47999954223633,35.5,35.400001525878906,35.43000030517578,385244.0
2024-10-31 12:30:00-04:00,35.43000030517578,35.720001220703125,35.40999984741211,35.70500183105469,354620.0
2024-10-31 13:30:00-04:00,35.709999084472656,35.7400016784668,35.61000061035156,35.6349983215332,430928.0
2024-10-31 14:30:00-04:00,35.63999938964844,35.70500183105469,35.564998626708984,35.665000915527344,582962.0
2024-10-31 15:30:00-04:00,35.66999816894531,35.67499923706055,35.51499938964844,35.52000045776367,1397033.0
2024-10-31 16:00:00-04:00,35.53,35.69,35.35,35.52,0.0
2024-10-31 17:00:00-04:00,35.36,35.52,35.1,35.28,0.0
2024-10-31 18:00:00-04:00,35.28,35.65,35.11,35.53,0.0
2024-10-31 19:00:00-04:00,35.55,35.69,35.53,35.6899,0.0
2024-11-01 04:00:00-04:00,35.6899,35.6899,35.53,35.53,0.0
2024-11-01 05:00:00-04:00,35.53,35.53,35.52,35.52,0.0
2024-11-01 06:00:00-04:00,35.52,35.53,35.48,35.48,0.0
2024-11-01 07:00:00-04:00,35.75,35.75,35.51,35.55,0.0
2024-11-01 08:00:00-04:00,35.55,35.65,35.48,35.61,0.0
2024-11-01 09:00:00-04:00,35.61,35.79,35.6,35.788,0.0
2024-11-01 09:30:00-04:00,35.4900016784668,36.5099983215332,35.48500061035156,36.435001373291016,771885.0
2024-11-01 10:30:00-04:00,36.435001373291016,36.57500076293945,36.10499954223633,36.3849983215332,675732.0
2024-11-01 11:30:00-04:00,36.3849983215332,36.459999084472656,36.28499984741211,36.314998626708984,478490.0
2024-11-01 12:30:00-04:00,36.35499954223633,36.474998474121094,36.185001373291016,36.45500183105469,481864.0
2024-11-01 13:30:00-04:00,36.45000076293945,36.45500183105469,35.98500061035156,36.005001068115234,752344.0
2024-11-01 14:30:00-04:00,36.0,36.290000915527344,35.97999954223633,36.18000030517578,693227.0
2024-11-01 15:30:00-04:00,36.185001373291016,36.33000183105469,36.165000915527344,36.290000915527344,1224772.0
2024-11-01 16:00:00-04:00,36.28,36.4775,36.25,36.25,0.0
2024-11-01 17:00:00-04:00,36.25,36.37,36.0,36.37,0.0
2024-11-01 18:00:00-04:00,36.46,36.46,36.28,36.28,0.0
2024-11-01 19:00:00-04:00,36.4999,36.5,36.28,36.29,0.0
2024-11-04 04:00:00-05:00,36.28,36.28,36.28,36.28,0.0
2024-11-04 05:00:00-05:00,36.28,36.28,36.28,36.28,0.0
2024-11-04 06:00:00-05:00,36.28,36.4,36.28,36.31,0.0
2024-11-04 07:00:00-05:00,36.31,36.32,36.16,36.16,0.0
2024-11-04 08:00:00-05:00,36.16,36.44,36.12,36.16,0.0
2024-11-04 09:00:00-05:00,36.16,36.26,35.92,36.13,0.0
2024-11-04 09:30:00-05:00,36.27000045776367,36.439998626708984,36.150001525878906,36.23500061035156,629691.0
2024-11-04 10:30:00-05:00,36.2400016784668,36.45761489868164,36.19499969482422,36.20500183105469,468349.0
2024-11-04 11:30:00-05:00,36.209999084472656,36.209999084472656,35.89500045776367,36.005001068115234,445895.0
2024-11-04 12:30:00-05:00,36.005001068115234,36.03499984741211,35.90999984741211,35.935001373291016,382249.0
2024-11-04 13:30:00-05:00,35.93000030517578,36.18000030517578,35.90999984741211,36.060001373291016,510531.0
2024-11-04 14:30:00-05:00,36.060001373291016,36.130001068115234,35.849998474121094,35.875,570034.0
2024-11-04 15:30:00-05:00,35.869998931884766,36.119998931884766,35.79999923706055,35.9900016784668,1695852.0
2024-11-04 16:00:00-05:00,35.99,35.99,35.58,35.9,0.0
2024-11-04 17:00:00-05:00,35.9,35.9,35.9,35.9,0.0
2024-11-04 18:00:00-05:00,,,,,
2024-11-05 04:00:00-05:00,35.94,35.99,35.94,35.99,0.0
2024-11-05 05:00:00-05:00,35.99,35.99,35.99,35.99,0.0
2024-11-05 06:00:00-05:00,35.99,36.04,35.99,36.04,0.0
2024-11-05 07:00:00-05:00,36.04,36.04,36.04,36.04,0.0
2024-11-05 08:00:00-05:00,36.26,36.48,35.94,35.9618,0.0
2024-11-05 09:00:00-05:00,36.47,36.47,36.47,36.47,0.0
2024-11-05 09:30:00-05:00,36.0,36.380001068115234,35.939998626708984,36.20500183105469,514576.0
2024-11-05 10:30:00-05:00,36.20000076293945,36.43000030517578,36.19499969482422,36.36000061035156,348812.0
2024-11-05 11:30:00-05:00,36.3650016784668,36.45000076293945,36.33000183105469,36.43000030517578,205615.0
2024-11-05 12:30:00-05:00,36.41999816894531,36.4900016784668,36.380001068115234,36.400001525878906,218179.0
2024-11-05 13:30:00-05:00,36.39500045776367,36.400001525878906,36.29999923706055,36.345001220703125,258309.0
2024-11-05 14:30:00-05:00,36.349998474121094,36.5,36.23500061035156,36.494998931884766,496616.0
2024-11-05 15:30:00-05:00,36.4900016784668,36.654998779296875,36.45000076293945,36.63999938964844,946966.0
2024-11-05 16:00:00-05:00,36.64,36.86,36.45,36.86,0.0
2024-11-05 17:00:00-05:00,36.44,36.93,36.44,36.64,0.0
2024-11-05 18:00:00-05:00,36.5933,36.95,36.0912,36.65,0.0
2024-11-06 04:00:00-05:00,36.99,36.99,36.54,36.79,0.0
2024-11-06 05:00:00-05:00,36.35,36.78,36.29,36.63,0.0
2024-11-06 06:00:00-05:00,36.83,36.83,36.68,36.7,0.0
2024-11-06 07:00:00-05:00,36.71,36.82,36.63,36.82,0.0
2024-11-06 08:00:00-05:00,36.91,37.09,36.7,36.79,0.0
2024-11-06 09:00:00-05:00,36.8,37.0999,36.8,37.04,0.0
2024-11-06 09:30:00-05:00,37.439998626708984,37.529998779296875,35.891700744628906,36.349998474121094,2031521.0
2024-11-06 10:30:00-05:00,36.36000061035156,36.54010009765625,36.20500183105469,36.400001525878906,1017789.0
2024-11-06 11:30:00-05:00,36.39500045776367,36.5,36.22999954223633,36.244998931884766,642060.0
2024-11-06 12:30:00-05:00,36.25,36.86000061035156,36.20500183105469,36.83000183105469,804459.0
2024-11-06 13:30:00-05:00,36.83000183105469,37.01499938964844,36.72999954223633,36.95000076293945,540576.0
2024-11-06 14:30:00-05:00,36.95000076293945,37.01499938964844,36.810001373291016,37.0,731998.0
2024-11-06 15:30:00-05:00,36.994998931884766,37.154998779296875,36.90999984741211,36.91999816894531,1502346.0
2024-11-06 16:00:00-05:00,36.92,37.0,35.575,36.91,0.0
2024-11-06 17:00:00-05:00,36.91,36.91,36.055,36.91,0.0
2024-11-06 18:00:00-05:00,36.91,37.12,36.54,36.54,0.0
2024-11-07 04:00:00-05:00,36.52,36.52,36.52,36.52,0.0
2024-11-07 05:00:00-05:00,36.52,36.91,36.52,36.91,0.0
2024-11-07 06:00:00-05:00,36.91,36.91,36.91,36.91,0.0
2024-11-07 07:00:00-05:00,36.91,36.91,36.91,36.91,0.0
2024-11-07 08:00:00-05:00,36.91,37.99,36.01,36.95,0.0
2024-11-07 09:00:00-05:00,36.95,37.13,36.91,36.91,0.0
2024-11-07 09:30:00-05:00,36.810001373291016,37.38999938964844,36.720001220703125,36.92499923706055,931030.0
2024-11-07 10:30:00-05:00,36.92499923706055,37.1349983215332,36.92499923706055,37.09000015258789,457351.0
2024-11-07 11:30:00-05:00,37.084999084472656,37.369998931884766,37.040000915527344,37.369998931884766,364610.0
2024-11-07 12:30:00-05:00,37.369998931884766,37.375,37.189998626708984,37.20000076293945,400329.0
2024-11-07 13:30:00-05:00,37.19499969482422,37.41999816894531,37.08000183105469,37.38999938964844,530677.0
2024-11-07 14:30:00-05:00,37.39500045776367,37.599998474121094,37.369998931884766,37.567501068115234,658320.0
2024-11-07 15:30:00-05:00,37.564998626708984,37.595001220703125,37.34000015258789,37.349998474121094,1048756.0
2024-11-07 16:00:00-05:00,37.35,37.66,35.99,37.34,0.0
2024-11-07 17:00:00-05:00,37.36,37.36,37.34,37.3427,0.0
2024-11-07 18:00:00-05:00,37.34,37.48,37.34,37.36,0.0
2024-11-08 04:00:00-05:00,37.37,37.62,37.37,37.62,0.0
2024-11-08 05:00:00-05:00,37.62,37.62,37.6,37.6,0.0
2024-11-08 06:00:00-05:00,37.59,37.59,37.59,37.59,0.0
2024-11-08 07:00:00-05:00,37.59,37.59,37.28,37.31,0.0
2024-11-08 08:00:00-05:00,37.31,37.35,37.01,37.35,0.0
2024-11-08 09:00:00-05:00,37.35,37.35,37.01,37.32,0.0
2024-11-08 09:30:00-05:00,37.20000076293945,37.31999969482422,36.81999969482422,36.82500076293945,648432.0
2024-11-08 10:30:00-05:00,36.81999969482422,37.25,36.79499816894531,37.064998626708984,969812.0
2024-11-08 11:30:00-05:00,37.060001373291016,37.064998626708984,36.86000061035156,36.974998474121094,383073.0
2024-11-08 12:30:00-05:00,36.974998474121094,37.07500076293945,36.8849983215332,36.94499969482422,373723.0
2024-11-08 13:30:00-05:00,36.939998626708984,37.040000915527344,36.86000061035156,36.974998474121094,345374.0
2024-11-08 14:30:00-05:00,36.974998474121094,36.9900016784668,36.689998626708984,36.70500183105469,519111.0
2024-11-08 15:30:00-05:00,36.70500183105469,36.85499954223633,36.68000030517578,36.85499954223633,978061.0
2024-11-08 16:00:00-05:00,36.85,37.1,36.82,36.83,0.0
2024-11-08 17:00:00-05:00,36.83,36.98,36.82,36.82,0.0
2024-11-08 18:00:00-05:00,36.61,36.85,36.61,36.84,0.0
2024-11-11 04:00:00-05:00,36.84,36.85,36.75,36.85,0.0
2024-11-11 05:00:00-05:00,36.85,36.85,36.85,36.85,0.0
2024-11-11 06:00:00-05:00,36.85,37.0,36.85,37.0,0.0
2024-11-11 07:00:00-05:00,37.0,37.0,36.98,36.98,0.0
2024-11-11 08:00:00-05:00,36.85,37.4388,36.05,37.0,0.0
2024-11-11 09:00:00-05:00,37.0,37.02,36.84,36.88,0.0
2024-11-11 09:30:00-05:00,36.9900016784668,37.07500076293945,36.79999923706055,36.96500015258789,789220.0
2024-11-11 10:30:00-05:00,36.970001220703125,37.15999984741211,36.90999984741211,37.154998779296875,608765.0
2024-11-11 11:30:00-05:00,37.154998779296875,38.669898986816406,37.125,37.84000015258789,4602507.0
2024-11-11 12:30:00-05:00,37.84000015258789,38.0,37.5099983215332,37.529998779296875,619425.0
2024-11-11 13:30:00-05:00,37.529998779296875,37.540000915527344,37.334999084472656,37.40999984741211,440121.0
2024-11-11 14:30:00-05:00,37.399898529052734,37.6879997253418,37.39500045776367,37.64500045776367,593965.0
2024-11-11 15:30:00-05:00,37.630001068115234,37.75,37.58000183105469,37.689998626708984,1133168.0
2024-11-11 16:00:00-05:00,37.67,37.81,37.67,37.7,0.0
2024-11-11 17:00:00-05:00,37.67,37.95,37.67,37.7,0.0
2024-11-11 18:00:00-05:00,37.7001,37.92,37.7,37.92,0.0
2024-11-12 04:00:00-05:00,37.77,37.77,37.67,37.67,0.0
2024-11-12 05:00:00-05:00,37.67,37.79,37.55,37.55,0.0
2024-11-12 06:00:00-05:00,37.59,37.59,37.26,37.51,0.0
2024-11-12 07:00:00-05:00,37.51,37.6,37.3,37.52,0.0
2024-11-12 08:00:00-05:00,37.52,37.56,37.01,37.44,0.0
2024-11-12 09:00:00-05:00,37.2,37.52,37.2,37.35,0.0
2024-11-12 09:30:00-05:00,37.45000076293945,37.91999816894531,37.43000030517578,37.755001068115234,929217.0
2024-11-12 10:30:00-05:00,37.755001068115234,37.755001068115234,37.400001525878906,37.42499923706055,670392.0
2024-11-12 11:30:00-05:00,37.42499923706055,37.56999969482422,37.334999084472656,37.505001068115234,645957.0
2024-11-12 12:30:00-05:00,37.505001068115234,37.52000045776367,37.125,37.27000045776367,820570.0
2024-11-12 13:30:00-05:00,37.26499938964844,37.30950164794922,37.220001220703125,37.255001068115234,313468.0
2024-11-12 14:30:00-05:00,37.255001068115234,37.375,37.23210144042969,37.334999084472656,861536.0
2024-11-12 15:30:00-05:00,37.33000183105469,37.345001220703125,37.099998474121094,37.11000061035156,1073768.0
2024-11-12 16:00:00-05:00,37.12,37.195,37.05,37.13,0.0
2024-11-12 17:00:00-05:00,37.13,37.13,37.13,37.13,0.0
2024-11-12 18:00:00-05:00,37.11,37.3,37.0,37.15,0.0
2024-11-13 04:00:00-05:00,37.01,37.3,37.01,37.3,0.0
2024-11-13 05:00:00-05:00,37.3,37.3,37.3,37.3,0.0
2024-11-13 06:00:00-05:00,37.3,37.3,36.82,36.82,0.0
2024-11-13 07:00:00-05:00,36.82,36.88,36.82,36.85,0.0
2024-11-13 08:00:00-05:00,36.85,37.1,36.85,37.0,0.0
2024-11-13 09:00:00-05:00,37.0,37.2,37.0,37.2,0.0
2024-11-13 09:30:00-05:00,37.13999938964844,37.2400016784668,36.72999954223633,36.959999084472656,1112239.0
2024-11-13 10:30:00-05:00,36.96500015258789,37.125,36.90999984741211,37.11629867553711,436007.0
2024-11-13 11:30:00-05:00,37.1150016784668,37.23500061035156,37.01499938964844,37.02000045776367,459721.0
2024-11-13 12:30:00-05:00,37.025001525878906,37.1150016784668,36.95500183105469,37.02000045776367,317363.0
2024-11-13 13:30:00-05:00,37.01499938964844,37.029998779296875,36.911800384521484,36.91999816894531,255824.0
2024-11-13 14:30:00-05:00,36.91999816894531,36.95000076293945,36.75149917602539,36.90999984741211,419514.0
2024-11-13 15:30:00-05:00,36.904998779296875,36.95000076293945,36.790000915527344,36.82500076293945,750129.0
2024-11-13 16:00:00-05:00,36.83,36.85,36.34,36.81,0.0
2024-11-13 17:00:00-05:00,36.85,36.85,36.81,36.81,0.0
2024-11-13 18:00:00-05:00,36.59,36.8,36.59,36.8,0.0
2024-11-14 04:00:00-05:00,36.85,36.85,36.57,36.57,0.0
2024-11-14 05:00:00-05:00,36.57,36.57,36.57,36.57,0.0
2024-11-14 06:00:00-05:00,36.57,36.57,36.57,36.57,0.0
2024-11-14 07:00:00-05:00,36.82,36.97,36.56,36.69,0.0
2024-11-14 08:00:00-05:00,36.69,36.98,36.69,36.9,0.0
2024-11-14 09:00:00-05:00,36.91,36.91,36.61,36.64,0.0
2024-11-14 09:30:00-05:00,36.849998474121094,37.099998474121094,36.7599983215332,36.91999816894531,541721.0
2024-11-14 10:30:00-05:00,36.91999816894531,37.060001373291016,36.89500045776367,37.025001525878906,342587.0
2024-11-14 11:30:00-05:00,37.029998779296875,37.099998474121094,36.869998931884766,36.89500045776367,295455.0
2024-11-14 12:30:00-05:00,36.89500045776367,37.08000183105469,36.810001373291016,36.98500061035156,335791.0
2024-11-14 13:30:00-05:00,36.97999954223633,36.9900016784668,36.775001525878906,36.79499816894531,346292.0
2024-11-14 14:30:00-05:00,36.79999923706055,36.83000183105469,36.56999969482422,36.654998779296875,511346.0
2024-11-14 15:30:00-05:00,36.654998779296875,36.66999816894531,36.470001220703125,36.4900016784668,1139421.0
2024-11-14 16:00:00-05:00,36.5,37.2,36.11,36.32,0.0
2024-11-14 17:00:00-05:00,36.49,36.49,36.11,36.28,0.0
2024-11-14 18:00:00-05:00,36.28,36.29,36.28,36.29,0.0
2024-11-15 04:00:00-05:00,36.08,36.25,35.95,36.18,0.0
2024-11-15 05:00:00-05:00,36.18,36.25,36.18,36.25,0.0
2024-11-15 06:00:00-05:00,36.25,36.25,36.25,36.25,0.0
2024-11-15 07:00:00-05:00,36.32,36.38,36.32,36.38,0.0
2024-11-15 08:00:00-05:00,36.35,36.38,36.06,36.1,0.0
2024-11-15 09:00:00-05:00,36.17,36.39,36.17,36.39,0.0
2024-11-15 09:30:00-05:00,36.380001068115234,36.869998931884766,36.33000183105469,36.529998779296875,1058057.0
2024-11-15 10:30:00-05:00,36.529998779296875,36.90999984741211,36.369998931884766,36.86000061035156,805437.0
2024-11-15 11:30:00-05:00,36.869998931884766,36.935001373291016,36.64500045776367,36.65999984741211,794261.0
2024-11-15 12:30:00-05:00,36.65999984741211,36.904998779296875,36.584999084472656,36.85499954223633,804486.0
2024-11-15 13:30:00-05:00,36.85499954223633,36.8849983215332,36.625,36.630001068115234,529009.0
2024-11-15 14:30:00-05:00,36.6349983215332,36.810001373291016,36.599998474121094,36.72999954223633,690860.0
2024-11-15 15:30:00-05:00,36.724998474121094,36.814998626708984,36.67499923706055,36.720001220703125,1265260.0
2024-11-15 16:00:00-05:00,36.71,36.86,36.71,36.72,0.0
2024-11-15 17:00:00-05:00,36.72,36.72,36.63,36.63,0.0
2024-11-15 18:00:00-05:00,36.63,37.2,36.63,36.65,0.0
2024-11-18 04:00:00-05:00,36.31,36.35,36.31,36.35,0.0
2024-11-18 05:00:00-05:00,36.57,36.76,36.57,36.76,0.0
2024-11-18 06:00:00-05:00,36.64,36.72,36.64,36.72,0.0
2024-11-18 07:00:00-05:00,36.72,36.82,36.36,36.74,0.0
2024-11-18 08:00:00-05:00,36.74,36.8,36.31,36.51,0.0
2024-11-18 09:00:00-05:00,36.7,36.7,36.53,36.53,0.0
2024-11-18 09:30:00-05:00,36.91999816894531,37.25,36.845001220703125,37.165000915527344,1172946.0
2024-11-18 10:30:00-05:00,37.165000915527344,37.51499938964844,37.150001525878906,37.4099006652832,741787.0
2024-11-18 11:30:00-05:00,37.40999984741211,37.625,37.35499954223633,37.60499954223633,952443.0
2024-11-18 12:30:00-05:00,37.60499954223633,37.724998474121094,37.54499816894531,37.625,563959.0
2024-11-18 13:30:00-05:00,37.630001068115234,37.71500015258789,37.54499816894531,37.58000183105469,591361.0
2024-11-18 14:30:00-05:00,37.57500076293945,37.61000061035156,37.505001068115234,37.52000045776367,510120.0
2024-11-18 15:30:00-05:00,37.52000045776367,37.52000045776367,37.3650016784668,37.43000030517578,1233269.0
2024-11-18 16:00:00-05:00,37.43,37.742,36.72,37.43,0.0
2024-11-18 17:00:00-05:00,37.43,37.74,37.43,37.43,0.0
2024-11-18 18:00:00-05:00,37.43,37.46,37.43,37.43,0.0
2024-11-19 04:00:00-05:00,37.5,37.69,37.2,37.2,0.0
2024-11-19 05:00:00-05:00,37.17,37.17,37.17,37.17,0.0
2024-11-19 06:00:00-05:00,37.17,37.21,37.17,37.21,0.0
2024-11-19 07:00:00-05:00,37.21,37.26,37.21,37.26,0.0
2024-11-19 08:00:00-05:00,37.26,37.45,37.2,37.2,0.0
2024-11-19 09:00:00-05:00,37.14,37.43,37.01,37.01,0.0
2024-11-19 09:30:00-05:00,37.06999969482422,37.2400016784668,36.702999114990234,36.84000015258789,640490.0
2024-11-19 10:30:00-05:00,36.845001220703125,37.0,36.79999923706055,36.98500061035156,376298.0
2024-11-19 11:30:00-05:00,36.98500061035156,37.13999938964844,36.95000076293945,37.11000061035156,373969.0
2024-11-19 12:30:00-05:00,37.099998474121094,37.18000030517578,37.0,37.029998779296875,312559.0
2024-11-19 13:30:00-05:00,37.040000915527344,37.19499969482422,37.0,37.005001068115234,345562.0
2024-11-19 14:30:00-05:00,37.0,37.0099983215332,36.775001525878906,36.89500045776367,717444.0
2024-11-19 15:30:00-05:00,36.900001525878906,36.959999084472656,36.845001220703125,36.88999938964844,966968.0
2024-11-19 16:00:00-05:00,36.87,36.88,36.77,36.77,0.0
2024-11-19 17:00:00-05:00,36.75,37.0,36.75,37.0,0.0
2024-11-19 18:00:00-05:00,37.0,37.0,36.86,37.0,0.0
2024-11-20 04:00:00-05:00,37.02,37.4,36.8,37.11,0.0
2024-11-20 05:00:00-05:00,37.4,37.4,36.98,36.98,0.0
2024-11-20 06:00:00-05:00,36.98,37.03,36.98,37.03,0.0
2024-11-20 07:00:00-05:00,37.03,37.03,37.03,37.03,0.0
2024-11-20 08:00:00-05:00,36.99,37.27,36.87,36.87,0.0
2024-11-20 09:00:00-05:00,36.87,37.0,36.85,36.99,0.0
2024-11-20 09:30:00-05:00,36.869998931884766,36.97999954223633,36.58000183105469,36.835201263427734,569002.0
2024-11-20 10:30:00-05:00,36.83000183105469,36.935001373291016,36.6349983215332,36.6349983215332,489437.0
2024-11-20 11:30:00-05:00,36.6349983215332,36.77000045776367,36.54999923706055,36.6150016784668,429005.0
2024-11-20 12:30:00-05:00,36.6150016784668,36.75,36.599998474121094,36.691001892089844,272571.0
2024-11-20 13:30:00-05:00,36.689998626708984,36.709999084472656,36.42499923706055,36.55500030517578,566009.0
2024-11-20 14:30:00-05:00,36.55500030517578,36.65999984741211,36.54499816894531,36.599998474121094,362696.0
2024-11-20 15:30:00-05:00,36.61000061035156,36.79499816894531,36.595001220703125,36.689998626708984,821679.0
2024-11-20 16:00:00-05:00,36.7,36.98,36.5,36.5,0.0
2024-11-20 17:00:00-05:00,36.68,36.68,36.68,36.68,0.0
2024-11-20 18:00:00-05:00,36.68,36.68,36.68,36.68,0.0
2024-11-21 04:00:00-05:00,36.67,36.67,36.33,36.33,0.0
2024-11-21 05:00:00-05:00,36.33,36.56,36.33,36.56,0.0
2024-11-21 06:00:00-05:00,36.56,36.68,36.56,36.65,0.0
2024-11-21 07:00:00-05:00,36.5,36.74,36.5,36.73,0.0
2024-11-21 08:00:00-05:00,36.73,36.74,35.82,36.68,0.0
2024-11-21 09:00:00-05:00,36.74,36.8,36.71,36.8,0.0
2024-11-21 09:30:00-05:00,36.77000045776367,37.185001373291016,36.72999954223633,37.005001068115234,538001.0
2024-11-21 10:30:00-05:00,37.0,37.68000030517578,36.95000076293945,37.66999816894531,514754.0
2024-11-21 11:30:00-05:00,37.665000915527344,37.79499816894531,37.53499984741211,37.72999954223633,827498.0
2024-11-21 12:30:00-05:00,37.73500061035156,37.880001068115234,37.6349983215332,37.73500061035156,616785.0
2024-11-21 13:30:00-05:00,37.72999954223633,37.77000045776367,37.61000061035156,37.744998931884766,326586.0
2024-11-21 14:30:00-05:00,37.744998931884766,37.900001525878906,37.70500183105469,37.900001525878906,504686.0
2024-11-21 15:30:00-05:00,37.89500045776367,37.959999084472656,37.814998626708984,37.91999816894531,1278458.0
2024-11-21 16:00:00-05:00,37.91,38.0,37.56,37.91,0.0
2024-11-21 17:00:00-05:00,37.91,37.92,37.56,37.88,0.0
2024-11-21 18:00:00-05:00,37.85,37.85,37.83,37.83,0.0
2024-11-22 04:00:00-05:00,37.92,37.92,37.86,37.86,0.0
2024-11-22 05:00:00-05:00,37.86,37.86,37.59,37.59,0.0
2024-11-22 06:00:00-05:00,37.59,37.83,37.59,37.74,0.0
2024-11-22 07:00:00-05:00,37.75,37.88,37.75,37.87,0.0
2024-11-22 08:00:00-05:00,37.87,38.3,37.63,38.3,0.0
2024-11-22 09:00:00-05:00,38.2804,38.2804,37.91,38.2362,0.0
2024-11-22 09:30:00-05:00,37.959999084472656,38.47999954223633,37.880001068115234,38.334999084472656,1163549.0
2024-11-22 10:30:00-05:00,38.334999084472656,38.5,38.31999969482422,38.3650016784668,751852.0
2024-11-22 11:30:00-05:00,38.3650016784668,38.650001525878906,38.3650016784668,38.52000045776367,912633.0
2024-11-22 12:30:00-05:00,38.51499938964844,38.630001068115234,38.43000030517578,38.53499984741211,540633.0
2024-11-22 13:30:00-05:00,38.540000915527344,38.540000915527344,38.26499938964844,38.275001525878906,395897.0
2024-11-22 14:30:00-05:00,38.275001525878906,38.32500076293945,38.125,38.165000915527344,473894.0
2024-11-22 15:30:00-05:00,38.165000915527344,38.255001068115234,38.119998931884766,38.119998931884766,1146777.0
2024-11-22 16:00:00-05:00,38.13,38.56,37.58,38.14,0.0
2024-11-22 17:00:00-05:00,38.16,38.31,38.14,38.28,0.0
2024-11-22 18:00:00-05:00,38.29,38.42,38.13,38.42,0.0
2024-11-25 04:00:00-05:00,38.44,38.69,38.38,38.69,0.0
2024-11-25 05:00:00-05:00,38.38,38.38,38.38,38.38,0.0
2024-11-25 06:00:00-05:00,38.38,38.68,38.38,38.68,0.0
2024-11-25 07:00:00-05:00,38.68,38.68,38.38,38.38,0.0
2024-11-25 08:00:00-05:00,38.49,38.71,38.34,38.57,0.0
2024-11-25 09:00:00-05:00,38.6,38.6,38.4,38.54,0.0
2024-11-25 09:30:00-05:00,38.4900016784668,39.244998931884766,38.220001220703125,39.21500015258789,1583927.0
2024-11-25 10:30:00-05:00,39.209999084472656,39.64500045776367,39.13999938964844,39.404998779296875,1345094.0
2024-11-25 11:30:00-05:00,39.404998779296875,39.404998779296875,39.060001373291016,39.189998626708984,751402.0
2024-11-25 12:30:00-05:00,39.20000076293945,39.36000061035156,39.17499923706055,39.31999969482422,548702.0
2024-11-25 13:30:00-05:00,39.31999969482422,39.79499816894531,39.2599983215332,39.599300384521484,1242515.0
2024-11-25 14:30:00-05:00,39.595001220703125,39.70000076293945,39.550201416015625,39.625,1121057.0
2024-11-25 15:30:00-05:00,39.625,39.69499969482422,39.290000915527344,39.29999923706055,2168963.0
2024-11-25 16:00:00-05:00,39.3,39.67,39.2961,39.67,0.0
2024-11-25 17:00:00-05:00,39.67,39.67,39.35,39.4894,0.0
2024-11-25 18:00:00-05:00,39.5,39.5,39.22,39.22,0.0
2024-11-26 04:00:00-05:00,39.0,39.01,39.0,39.0,0.0
2024-11-26 05:00:00-05:00,39.0,39.23,39.0,39.03,0.0
2024-11-26 06:00:00-05:00,39.03,39.29,39.03,39.25,0.0
2024-11-26 07:00:00-05:00,39.26,39.48,39.25,39.29,0.0
2024-11-26 08:00:00-05:00,39.27,39.58,39.18,39.4,0.0
2024-11-26 09:00:00-05:00,39.4,39.65,39.32,39.33,0.0
2024-11-26 09:30:00-05:00,39.25,39.619998931884766,39.05500030517578,39.060001373291016,1733295.0
2024-11-26 10:30:00-05:00,39.060001373291016,39.310001373291016,39.005001068115234,39.084999084472656,977559.0
2024-11-26 11:30:00-05:00,39.09000015258789,39.21969985961914,39.060001373291016,39.150001525878906,1043944.0
2024-11-26 12:30:00-05:00,39.150001525878906,39.20000076293945,39.0,39.1349983215332,753874.0
2024-11-26 13:30:00-05:00,39.1349983215332,39.279998779296875,39.029998779296875,39.25,1220057.0
2024-11-26 14:30:00-05:00,39.25,39.279998779296875,39.150001525878906,39.154998779296875,1324967.0
2024-11-26 15:30:00-05:00,39.150001525878906,39.154998779296875,38.939998626708984,39.084999084472656,2440602.0
2024-11-26 16:00:00-05:00,39.08,39.34,33.39,36.1,0.0
2024-11-26 17:00:00-05:00,36.13,36.44,35.98,36.44,0.0
2024-11-26 18:00:00-05:00,36.35,39.1,35.93,36.12,0.0
2024-11-27 04:00:00-05:00,36.19,36.19,35.5,35.95,0.0
2024-11-27 05:00:00-05:00,35.96,35.96,35.0,35.58,0.0
2024-11-27 06:00:00-05:00,35.58,35.64,35.5,35.53,0.0
2024-11-27 07:00:00-05:00,35.52,36.01,35.33,35.83,0.0
2024-11-27 08:00:00-05:00,35.85,36.35,35.3072,35.86,0.0
2024-11-27 09:00:00-05:00,35.95,36.4,35.85,36.1,0.0
2024-11-27 09:30:00-05:00,36.560001373291016,37.5,34.29999923706055,34.330101013183594,5838031.0
2024-11-27 10:30:00-05:00,34.33000183105469,34.33250045776367,33.53499984741211,33.95500183105469,5791340.0
2024-11-27 11:30:00-05:00,33.95500183105469,34.209999084472656,33.75,34.084999084472656,2661273.0
2024-11-27 12:30:00-05:00,34.084999084472656,34.34000015258789,34.070098876953125,34.18000030517578,2537645.0
2024-11-27 13:30:00-05:00,34.17499923706055,34.28499984741211,34.154998779296875,34.17499923706055,1876241.0
2024-11-27 14:30:00-05:00,34.17499923706055,34.6349983215332,34.170101165771484,34.61000061035156,2292467.0
2024-11-27 15:30:00-05:00,34.6150016784668,34.790000915527344,34.595001220703125,34.65999984741211,3794690.0
2024-11-27 16:00:00-05:00,34.66,34.75,34.6,34.64,0.0
2024-11-27 17:00:00-05:00,34.64,34.72,34.5012,34.66,0.0
2024-11-27 18:00:00-05:00,34.68,34.72,34.62,34.67,0.0
2024-11-29 04:00:00-05:00,34.66,35.19,34.66,34.71,0.0
2024-11-29 05:00:00-05:00,34.75,34.75,34.72,34.72,0.0
2024-11-29 06:00:00-05:00,34.72,34.84,34.72,34.72,0.0
2024-11-29 07:00:00-05:00,34.72,34.85,34.72,34.78,0.0
2024-11-29 08:00:00-05:00,34.78,35.19,34.47,34.55,0.0
2024-11-29 09:00:00-05:00,34.55,34.62,34.2722,34.3782,0.0
2024-11-29 09:30:00-05:00,34.25,35.08000183105469,34.25,34.89500045776367,1710845.0
2024-11-29 10:30:00-05:00,34.8849983215332,35.38999938964844,34.80500030517578,35.38999938964844,1535769.0
2024-11-29 11:30:00-05:00,35.38999938964844,35.880001068115234,35.36000061035156,35.724998474121094,1830933.0
2024-11-29 13:00:00-05:00,35.72999954223633,35.744998931884766,35.27000045776367,35.40010070800781,0.0
2024-11-29 14:00:00-05:00,35.4001,35.57,35.4,35.42,0.0
2024-11-29 15:00:00-05:00,35.42,35.47,35.4,35.41,0.0
2024-11-29 16:00:00-05:00,35.41,35.47,35.4,35.47,0.0
2024-12-02 04:00:00-05:00,35.45,35.59,35.2,35.44,0.0
2024-12-02 05:00:00-05:00,35.57,35.57,35.57,35.57,0.0
2024-12-02 06:00:00-05:00,35.41,35.71,35.41,35.71,0.0
2024-12-02 07:00:00-05:00,35.57,35.61,35.46,35.46,0.0
2024-12-02 08:00:00-05:00,35.51,35.59,35.1,35.48,0.0
2024-12-02 09:00:00-05:00,35.45,37.74,35.3,35.3,0.0
2024-12-02 09:30:00-05:00,35.75,35.84000015258789,35.220001220703125,35.76499938964844,1120632.0
2024-12-02 10:30:00-05:00,35.76070022583008,36.29499816894531,35.7400016784668,36.255001068115234,1580456.0
2024-12-02 11:30:00-05:00,36.255001068115234,36.470001220703125,36.220001220703125,36.380001068115234,1086116.0
2024-12-02 12:30:00-05:00,36.369998931884766,36.599998474121094,36.345001220703125,36.511600494384766,772552.0
2024-12-02 13:30:00-05:00,36.525001525878906,36.55500030517578,36.244998931884766,36.26499938964844,711880.0
2024-12-02 14:30:00-05:00,36.26089859008789,36.46500015258789,36.2599983215332,36.46500015258789,770083.0
2024-12-02 15:30:00-05:00,36.46500015258789,36.54999923706055,36.375,36.459999084472656,1922557.0
2024-12-02 16:00:00-05:00,36.45,36.57,36.0,36.45,0.0
2024-12-02 17:00:00-05:00,35.96,36.45,35.9,36.11,0.0
2024-12-02 18:00:00-05:00,36.11,36.4517,36.11,36.45,0.0
2024-12-03 04:00:00-05:00,36.41,36.45,36.39,36.44,0.0
2024-12-03 05:00:00-05:00,36.43,36.5,36.4,36.48,0.0
2024-12-03 06:00:00-05:00,36.4,36.45,36.3,36.43,0.0
2024-12-03 07:00:00-05:00,36.43,36.52,36.43,36.51,0.0
2024-12-03 08:00:00-05:00,36.52,36.58,36.26,36.57,0.0
2024-12-03 09:00:00-05:00,36.4201,36.56,36.0345,36.39,0.0
2024-12-03 09:30:00-05:00,36.375,36.58000183105469,35.88999938964844,36.54999923706055,1152451.0
2024-12-03 10:30:00-05:00,36.55500030517578,36.814998626708984,36.5099983215332,36.67499923706055,816547.0
2024-12-03 11:30:00-05:00,36.68000030517578,36.849998474121094,36.595001220703125,36.83000183105469,480883.0
2024-12-03 12:30:00-05:00,36.84000015258789,36.91999816894531,36.7400016784668,36.744998931884766,492427.0
2024-12-03 13:30:00-05:00,36.7400016784668,36.869998931884766,36.70500183105469,36.80500030517578,519329.0
2024-12-03 14:30:00-05:00,36.810001373291016,36.834999084472656,36.72999954223633,36.81999969482422,553709.0
2024-12-03 15:30:00-05:00,36.82500076293945,36.91999816894531,36.7599983215332,36.790000915527344,1079843.0
2024-12-03 16:00:00-05:00,36.79,37.0,36.46,36.7901,0.0
2024-12-03 17:00:00-05:00,36.8,36.81,36.71,36.71,0.0
2024-12-03 18:00:00-05:00,36.7,36.71,36.54,36.71,0.0
2024-12-04 04:00:00-05:00,36.94,36.94,36.94,36.94,0.0
2024-12-04 05:00:00-05:00,36.94,36.94,36.79,36.82,0.0
2024-12-04 06:00:00-05:00,36.81,36.82,36.81,36.81,0.0
2024-12-04 07:00:00-05:00,36.81,36.94,36.81,36.81,0.0
2024-12-04 08:00:00-05:00,36.81,36.9,36.77,36.85,0.0
2024-12-04 09:00:00-05:00,36.87,36.87,36.7133,36.7133,0.0
2024-12-04 09:30:00-05:00,36.88999938964844,36.93000030517578,35.95500183105469,36.2599983215332,1207371.0
2024-12-04 10:30:00-05:00,36.27000045776367,36.529998779296875,36.16999816894531,36.519500732421875,731902.0
2024-12-04 11:30:00-05:00,36.51499938964844,36.68000030517578,36.470001220703125,36.560001373291016,467574.0
2024-12-04 12:30:00-05:00,36.560001373291016,36.59000015258789,36.22999954223633,36.22999954223633,498001.0
2024-12-04 13:30:00-05:00,36.220001220703125,36.39500045776367,36.13999938964844,36.32500076293945,609419.0
2024-12-04 14:30:00-05:00,36.31999969482422,36.46500015258789,36.29499816894531,36.42499923706055,655301.0
2024-12-04 15:30:00-05:00,36.41999816894531,36.52000045776367,36.29999923706055,36.369998931884766,1444524.0
2024-12-04 16:00:00-05:00,36.36,36.55,36.11,36.36,0.0
2024-12-04 17:00:00-05:00,36.45,36.45,36.35,36.35,0.0
2024-12-04 18:00:00-05:00,36.35,36.36,36.35,36.36,0.0
2024-12-05 04:00:00-05:00,36.49,36.49,36.36,36.36,0.0
2024-12-05 05:00:00-05:00,36.17,36.17,36.17,36.17,0.0
2024-12-05 06:00:00-05:00,36.17,36.21,36.17,36.2,0.0
2024-12-05 07:00:00-05:00,36.2,36.24,36.16,36.24,0.0
2024-12-05 08:00:00-05:00,36.24,36.5,36.01,36.5,0.0
2024-12-05 09:00:00-05:00,36.2,36.35,36.2,36.35,0.0
2024-12-05 09:30:00-05:00,36.58000183105469,36.619998931884766,36.20500183105469,36.28499984741211,733177.0
2024-12-05 10:30:00-05:00,36.279998779296875,36.43000030517578,36.15999984741211,36.42499923706055,730927.0
2024-12-05 11:30:00-05:00,36.42499923706055,36.470001220703125,36.2401008605957,36.27000045776367,622566.0
2024-12-05 12:30:00-05:00,36.26639938354492,36.290000915527344,36.07500076293945,36.084999084472656,590153.0
2024-12-05 13:30:00-05:00,36.084999084472656,36.27000045776367,36.03499984741211,36.189998626708984,655604.0
2024-12-05 14:30:00-05:00,36.19499969482422,36.224998474121094,36.029998779296875,36.14500045776367,1035137.0
2024-12-05 15:30:00-05:00,36.150001525878906,36.20000076293945,36.029998779296875,36.150001525878906,1912338.0
2024-12-05 16:00:00-05:00,36.17,36.22,35.9878,36.17,0.0
2024-12-05 17:00:00-05:00,36.17,36.22,36.01,36.01,0.0
2024-12-05 18:00:00-05:00,36.01,36.1067,36.01,36.1067,0.0
2024-12-06 04:00:00-05:00,36.11,36.11,36.11,36.11,0.0
2024-12-06 05:00:00-05:00,36.11,36.12,36.11,36.12,0.0
2024-12-06 06:00:00-05:00,36.12,36.18,36.1,36.13,0.0
2024-12-06 07:00:00-05:00,36.13,36.19,36.13,36.18,0.0
2024-12-06 08:00:00-05:00,36.15,36.22,36.01,36.1109,0.0
2024-12-06 09:00:00-05:00,36.12,36.3,36.12,36.3,0.0
2024-12-06 09:30:00-05:00,36.45000076293945,36.599998474121094,35.91999816894531,35.96500015258789,691059.0
2024-12-06 10:30:00-05:00,35.96500015258789,36.16999816894531,35.95000076293945,36.08000183105469,617525.0
2024-12-06 11:30:00-05:00,36.07500076293945,36.07500076293945,35.95000076293945,36.040000915527344,402269.0
2024-12-06 12:30:00-05:00,36.0442008972168,36.099998474121094,35.89500045776367,36.01499938964844,507076.0
2024-12-06 13:30:00-05:00,36.0099983215332,36.125,35.95000076293945,36.01499938964844,530497.0
2024-12-06 14:30:00-05:00,36.01499938964844,36.18000030517578,35.9900016784668,36.07500076293945,591545.0
2024-12-06 15:30:00-05:00,36.07500076293945,36.21500015258789,36.0,36.18000030517578,1179596.0
2024-12-06 16:00:00-05:00,36.19,36.39,35.96,36.39,0.0
2024-12-06 17:00:00-05:00,36.39,36.39,35.96,35.96,0.0
2024-12-06 18:00:00-05:00,35.96,35.9901,35.96,35.9901,0.0
2024-12-09 04:00:00-05:00,36.21,36.45,36.17,36.21,0.0
2024-12-09 05:00:00-05:00,36.19,36.27,36.04,36.12,0.0
2024-12-09 06:00:00-05:00,36.12,36.2,36.11,36.2,0.0
2024-12-09 07:00:00-05:00,36.2,36.26,36.08,36.17,0.0
2024-12-09 08:00:00-05:00,36.17,36.24,36.12,36.2,0.0
2024-12-09 09:00:00-05:00,36.2,36.35,36.2,36.35,0.0
2024-12-09 09:30:00-05:00,36.279998779296875,36.7400016784668,36.119998931884766,36.64500045776367,948061.0
2024-12-09 10:30:00-05:00,36.63999938964844,36.810001373291016,36.47999954223633,36.4900016784668,635622.0
2024-12-09 11:30:00-05:00,36.4900016784668,36.58000183105469,36.3849983215332,36.43000030517578,448544.0
2024-12-09 12:30:00-05:00,36.43000030517578,36.5,36.400001525878906,36.47999954223633,355806.0
2024-12-09 13:30:00-05:00,36.474998474121094,36.474998474121094,36.29999923706055,36.415000915527344,411372.0
2024-12-09 14:30:00-05:00,36.41999816894531,36.61000061035156,36.3650016784668,36.3849983215332,647777.0
2024-12-09 15:30:00-05:00,36.3849983215332,36.47999954223633,36.36000061035156,36.45000076293945,1015154.0
2024-12-09 16:00:00-05:00,36.45,36.46,36.45,36.46,0.0
2024-12-09 17:00:00-05:00,36.5,36.5,36.45,36.46,0.0
2024-12-09 18:00:00-05:00,36.4512,36.49,36.4512,36.49,0.0
2024-12-10 04:00:00-05:00,36.49,36.49,36.48,36.48,0.0
2024-12-10 05:00:00-05:00,36.33,36.6,36.33,36.36,0.0
2024-12-10 06:00:00-05:00,36.34,36.58,36.33,36.33,0.0
2024-12-10 07:00:00-05:00,36.38,36.48,36.38,36.43,0.0
2024-12-10 08:00:00-05:00,36.43,36.7,36.33,36.33,0.0
2024-12-10 09:00:00-05:00,36.31,36.37,36.09,36.1,0.0
2024-12-10 09:30:00-05:00,36.150001525878906,36.26499938964844,35.310001373291016,35.595001220703125,1455051.0
2024-12-10 10:30:00-05:00,35.59000015258789,35.70500183105469,35.20500183105469,35.33000183105469,790725.0
2024-12-10 11:30:00-05:00,35.31999969482422,35.3557014465332,35.154998779296875,35.24190139770508,571528.0
2024-12-10 12:30:00-05:00,35.2400016784668,35.369998931884766,35.154998779296875,35.20000076293945,537293.0
2024-12-10 13:30:00-05:00,35.20000076293945,35.23500061035156,35.09000015258789,35.17279815673828,517455.0
2024-12-10 14:30:00-05:00,35.17499923706055,35.224998474121094,35.03499984741211,35.1150016784668,791301.0
2024-12-10 15:30:00-05:00,35.1150016784668,35.119998931884766,34.900001525878906,34.939998626708984,1260863.0
2024-12-10 16:00:00-05:00,34.95,35.35,34.9,35.32,0.0
2024-12-10 17:00:00-05:00,35.29,35.29,34.94,35.03,0.0
2024-12-10 18:00:00-05:00,35.0,35.03,35.0,35.03,0.0
2024-12-11 04:00:00-05:00,35.02,35.02,34.78,34.8,0.0
2024-12-11 05:00:00-05:00,34.8,34.8,34.8,34.8,0.0
2024-12-11 06:00:00-05:00,34.8,34.97,34.8,34.97,0.0
2024-12-11 07:00:00-05:00,34.84,34.84,34.81,34.83,0.0
2024-12-11 08:00:00-05:00,34.83,34.9874,34.5,34.55,0.0
2024-12-11 09:00:00-05:00,34.9,34.94,34.65,34.71,0.0
2024-12-11 09:30:00-05:00,34.849998474121094,34.900001525878906,34.36000061035156,34.3849983215332,1053830.0
2024-12-11 10:30:00-05:00,34.38529968261719,34.720001220703125,34.349998474121094,34.56999969482422,590989.0
2024-12-11 11:30:00-05:00,34.56999969482422,34.65999984741211,34.400001525878906,34.400001525878906,479271.0
2024-12-11 12:30:00-05:00,34.39500045776367,34.529998779296875,34.3849983215332,34.52000045776367,352711.0
2024-12-11 13:30:00-05:00,34.51499938964844,34.540000915527344,34.369998931884766,34.420101165771484,444725.0
2024-12-11 14:30:00-05:00,34.42499923706055,34.54499816894531,34.38999938964844,34.53499984741211,581067.0
2024-12-11 15:30:00-05:00,34.529998779296875,34.68000030517578,34.4900016784668,34.54499816894531,1171724.0
2024-12-11 16:00:00-05:00,34.55,34.95,34.3601,34.55,0.0
2024-12-11 17:00:00-05:00,34.95,34.95,34.37,34.37,0.0
2024-12-11 18:00:00-05:00,34.59,34.6,34.59,34.6,0.0
2024-12-12 04:00:00-05:00,34.54,34.62,34.54,34.55,0.0
2024-12-12 05:00:00-05:00,34.55,34.73,34.55,34.73,0.0
2024-12-12 06:00:00-05:00,34.73,34.73,34.68,34.68,0.0
2024-12-12 07:00:00-05:00,34.68,34.68,34.49,34.49,0.0
2024-12-12 08:00:00-05:00,34.64,34.69,34.5,34.69,0.0
2024-12-12 09:00:00-05:00,34.55,34.62,34.26,34.3,0.0
2024-12-12 09:30:00-05:00,34.470001220703125,35.029998779296875,34.2599983215332,34.904998779296875,791989.0
2024-12-12 10:30:00-05:00,34.904998779296875,34.95000076293945,34.73500061035156,34.900001525878906,391317.0
2024-12-12 11:30:00-05:00,34.8849983215332,34.974998474121094,34.84000015258789,34.90999984741211,371921.0
2024-12-12 12:30:00-05:00,34.900001525878906,34.970001220703125,34.84000015258789,34.88999938964844,278196.0
2024-12-12 13:30:00-05:00,34.8849983215332,35.13999938964844,34.849998474121094,35.04499816894531,473616.0
2024-12-12 14:30:00-05:00,35.04999923706055,35.1150016784668,34.9900016784668,35.064998626708984,469236.0
2024-12-12 15:30:00-05:00,35.064998626708984,35.130001068115234,34.97999954223633,34.97999954223633,1076288.0
2024-12-12 16:00:00-05:00,34.98,35.2,34.6209,35.0108,0.0
2024-12-12 17:00:00-05:00,35.0108,35.19,34.98,35.19,0.0
2024-12-12 18:00:00-05:00,,,,,
2024-12-13 04:00:00-05:00,35.19,35.19,35.19,35.19,0.0
2024-12-13 05:00:00-05:00,35.19,35.31,35.0,35.28,0.0
2024-12-13 06:00:00-05:00,35.28,35.28,35.26,35.26,0.0
2024-12-13 07:00:00-05:00,35.18,35.18,35.06,35.06,0.0
2024-12-13 08:00:00-05:00,35.06,35.28,34.9,35.02,0.0
2024-12-13 09:00:00-05:00,35.02,35.11,35.02,35.07,0.0
2024-12-13 09:30:00-05:00,35.060001373291016,35.08000183105469,34.439998626708984,34.44499969482422,463449.0
2024-12-13 10:30:00-05:00,34.44499969482422,34.619998931884766,34.38999938964844,34.58000183105469,499755.0
2024-12-13 11:30:00-05:00,34.57500076293945,34.66999816894531,34.43000030517578,34.45000076293945,361316.0
2024-12-13 12:30:00-05:00,34.439998626708984,34.515499114990234,34.400001525878906,34.44499969482422,260688.0
2024-12-13 13:30:00-05:00,34.439998626708984,34.56999969482422,34.345001220703125,34.52000045776367,477638.0
2024-12-13 14:30:00-05:00,34.52000045776367,34.57500076293945,34.41999816894531,34.55500030517578,441048.0
2024-12-13 15:30:00-05:00,34.54999923706055,34.64500045776367,34.51499938964844,34.54999923706055,748593.0
2024-12-13 16:00:00-05:00,34.55,34.823,34.33,34.823,0.0
2024-12-13 17:00:00-05:00,34.823,34.823,34.5,34.5,0.0
2024-12-13 18:00:00-05:00,34.5,34.88,34.5,34.88,0.0
2024-12-16 04:00:00-05:00,34.6,34.68,34.36,34.68,0.0
2024-12-16 05:00:00-05:00,34.56,34.56,34.56,34.56,0.0
2024-12-16 06:00:00-05:00,34.59,34.61,34.58,34.61,0.0
2024-12-16 07:00:00-05:00,34.56,34.59,34.56,34.59,0.0
2024-12-16 08:00:00-05:00,34.59,34.66,34.4533,34.59,0.0
2024-12-16 09:00:00-05:00,34.59,34.59,34.37,34.37,0.0
2024-12-16 09:30:00-05:00,34.400001525878906,34.779998779296875,34.04999923706055,34.638999938964844,1008766.0
2024-12-16 10:30:00-05:00,34.630001068115234,34.68000030517578,34.48500061035156,34.5099983215332,628121.0
2024-12-16 11:30:00-05:00,34.51539993286133,34.529998779296875,34.3650016784668,34.3849983215332,571063.0
2024-12-16 12:30:00-05:00,34.3849983215332,34.5099983215332,34.314998626708984,34.33000183105469,487587.0
2024-12-16 13:30:00-05:00,34.334999084472656,34.345001220703125,34.14500045776367,34.154998779296875,806845.0
2024-12-16 14:30:00-05:00,34.150001525878906,34.310001373291016,34.11000061035156,34.119998931884766,1092509.0
2024-12-16 15:30:00-05:00,34.119998931884766,34.2400016784668,34.04999923706055,34.189998626708984,1785613.0
2024-12-16 16:00:00-05:00,34.19,34.2,34.06,34.19,0.0
2024-12-16 17:00:00-05:00,34.19,34.19,34.1,34.1,0.0
2024-12-16 18:00:00-05:00,34.19,34.19,34.1,34.18,0.0
2024-12-17 04:00:00-05:00,34.0,34.19,34.0,34.19,0.0
2024-12-17 05:00:00-05:00,34.19,34.19,34.18,34.18,0.0
2024-12-17 06:00:00-05:00,34.18,34.18,34.0,34.01,0.0
2024-12-17 07:00:00-05:00,34.19,34.23,34.0,34.05,0.0
2024-12-17 08:00:00-05:00,34.06,34.28,33.9986,34.12,0.0
2024-12-17 09:00:00-05:00,34.19,34.19,34.06,34.18,0.0
2024-12-17 09:30:00-05:00,33.52000045776367,34.130001068115234,33.32780075073242,34.04499816894531,1355089.0
2024-12-17 10:30:00-05:00,34.04499816894531,34.189998626708984,33.9900016784668,34.185001373291016,662093.0
2024-12-17 11:30:00-05:00,34.185001373291016,34.36000061035156,34.125,34.125,742591.0
2024-12-17 12:30:00-05:00,34.125,34.130001068115234,33.900001525878906,33.92499923706055,429830.0
2024-12-17 13:30:00-05:00,33.93000030517578,33.9900016784668,33.79999923706055,33.88999938964844,572849.0
2024-12-17 14:30:00-05:00,33.8849983215332,33.88999938964844,33.689998626708984,33.755001068115234,599654.0
2024-12-17 15:30:00-05:00,33.7599983215332,33.95000076293945,33.7400016784668,33.84000015258789,1173639.0
2024-12-17 16:00:00-05:00,33.84,34.3,33.4262,33.61,0.0
2024-12-17 17:00:00-05:00,33.61,33.84,33.4344,33.4344,0.0
2024-12-17 18:00:00-05:00,34.21,34.21,33.43,33.46,0.0
2024-12-18 04:00:00-05:00,33.74,33.74,33.74,33.74,0.0
2024-12-18 05:00:00-05:00,33.74,33.82,33.74,33.8,0.0
2024-12-18 06:00:00-05:00,33.8,33.8,33.8,33.8,0.0
2024-12-18 07:00:00-05:00,33.83,34.11,33.83,33.87,0.0
2024-12-18 08:00:00-05:00,33.87,33.91,33.46,33.9,0.0
2024-12-18 09:00:00-05:00,33.97,34.0,33.86,34.0,0.0
2024-12-18 09:30:00-05:00,33.97999954223633,34.06700134277344,33.31999969482422,33.43000030517578,1137154.0
2024-12-18 10:30:00-05:00,33.42499923706055,33.540000915527344,33.310001373291016,33.40999984741211,1730817.0
2024-12-18 11:30:00-05:00,33.40999984741211,33.459999084472656,33.2400016784668,33.320098876953125,711232.0
2024-12-18 12:30:00-05:00,33.32500076293945,33.45500183105469,33.189998626708984,33.42919921875,571610.0
2024-12-18 13:30:00-05:00,33.42499923706055,33.459999084472656,33.01499938964844,33.01499938964844,522084.0
2024-12-18 14:30:00-05:00,33.02000045776367,33.2400016784668,32.775001525878906,32.79499816894531,1329044.0
2024-12-18 15:30:00-05:00,32.79999923706055,32.845001220703125,32.439998626708984,32.47999954223633,1268281.0
2024-12-18 16:00:00-05:00,32.49,33.35,32.25,33.07,0.0
2024-12-18 17:00:00-05:00,33.35,33.35,32.25,32.51,0.0
2024-12-18 18:00:00-05:00,32.51,33.118,32.49,32.5,0.0
2024-12-19 04:00:00-05:00,32.48,32.64,32.45,32.46,0.0
2024-12-19 05:00:00-05:00,32.46,32.47,32.46,32.47,0.0
2024-12-19 06:00:00-05:00,32.47,32.51,32.46,32.51,0.0
2024-12-19 07:00:00-05:00,32.59,32.84,32.2,32.59,0.0
2024-12-19 08:00:00-05:00,32.59,32.76,32.17,32.56,0.0
2024-12-19 09:00:00-05:00,32.56,32.7499,32.55,32.68,0.0
2024-12-19 09:30:00-05:00,32.56999969482422,33.13999938964844,32.540000915527344,32.7400016784668,1185137.0
2024-12-19 10:30:00-05:00,32.7400016784668,32.84000015258789,32.540000915527344,32.79499816894531,879564.0
2024-12-19 11:30:00-05:00,32.79999923706055,32.814998626708984,32.540000915527344,32.57500076293945,660217.0
2024-12-19 12:30:00-05:00,32.57500076293945,32.57500076293945,32.31999969482422,32.45000076293945,496991.0
2024-12-19 13:30:00-05:00,32.440101623535156,32.63999938964844,32.415000915527344,32.525001525878906,465822.0
2024-12-19 14:30:00-05:00,32.529998779296875,32.540000915527344,32.27000045776367,32.47169876098633,666753.0
2024-12-19 15:30:00-05:00,32.47999954223633,32.55500030517578,32.3931999206543,32.459999084472656,1148270.0
2024-12-19 16:00:00-05:00,32.46,32.52,32.31,32.415,0.0
2024-12-19 17:00:00-05:00,32.46,32.48,32.42,32.47,0.0
2024-12-19 18:00:00-05:00,32.47,32.47,32.25,32.25,0.0
2024-12-20 04:00:00-05:00,32.6,32.6,32.27,32.28,0.0
2024-12-20 05:00:00-05:00,32.28,32.28,32.07,32.07,0.0
2024-12-20 06:00:00-05:00,32.07,32.25,32.07,32.23,0.0
2024-12-20 07:00:00-05:00,32.23,32.25,32.1,32.17,0.0
2024-12-20 08:00:00-05:00,32.2,32.74,32.07,32.74,0.0
2024-12-20 09:00:00-05:00,32.74,32.74,32.1,32.35,0.0
2024-12-20 09:30:00-05:00,32.290000915527344,32.79499816894531,32.13999938964844,32.775001525878906,1477856.0
2024-12-20 10:30:00-05:00,32.77000045776367,33.13999938964844,32.77000045776367,33.04499816894531,755276.0
2024-12-20 11:30:00-05:00,33.04499816894531,33.190101623535156,32.959999084472656,33.119998931884766,493053.0
2024-12-20 12:30:00-05:00,33.125,33.125,32.81460189819336,32.84000015258789,459567.0
2024-12-20 13:30:00-05:00,32.84479904174805,32.88999938964844,32.709999084472656,32.76499938964844,672564.0
2024-12-20 14:30:00-05:00,32.7599983215332,32.810001373291016,32.60499954223633,32.709999084472656,892731.0
2024-12-20 15:30:00-05:00,32.70500183105469,33.0,32.6150016784668,32.95000076293945,1680848.0
2024-12-20 16:00:00-05:00,32.95,32.9999,32.61,32.94,0.0
2024-12-20 17:00:00-05:00,32.94,32.94,32.62,32.94,0.0
2024-12-20 18:00:00-05:00,32.94,33.0,32.94,33.0,0.0
2024-12-23 04:00:00-05:00,32.06,33.01,32.06,33.0,0.0
2024-12-23 05:00:00-05:00,32.87,32.99,32.87,32.98,0.0
2024-12-23 06:00:00-05:00,32.94,33.02,32.88,32.88,0.0
2024-12-23 07:00:00-05:00,32.88,32.96,32.81,32.9,0.0
2024-12-23 08:00:00-05:00,32.9,32.99,32.8,32.8,0.0
2024-12-23 09:00:00-05:00,32.8,32.9,32.55,32.62,0.0
2024-12-23 09:30:00-05:00,32.84000015258789,32.97999954223633,32.650001525878906,32.719398498535156,566271.0
2024-12-23 10:30:00-05:00,32.720001220703125,32.95000076293945,32.665000915527344,32.8849983215332,683658.0
2024-12-23 11:30:00-05:00,32.8849983215332,32.97549819946289,32.80500030517578,32.94499969482422,431252.0
2024-12-23 12:30:00-05:00,32.94499969482422,33.01499938964844,32.900001525878906,32.974998474121094,367622.0
2024-12-23 13:30:00-05:00,32.974998474121094,33.04499816894531,32.95000076293945,33.005001068115234,342055.0
2024-12-23 14:30:00-05:00,33.0099983215332,33.19499969482422,33.0,33.16999816894531,567343.0
2024-12-23 15:30:00-05:00,33.165000915527344,33.2599983215332,33.14099884033203,33.25,934742.0
2024-12-23 16:00:00-05:00,33.23,33.25,33.22,33.23,0.0
2024-12-23 17:00:00-05:00,33.23,33.23,33.12,33.23,0.0
2024-12-23 18:00:00-05:00,33.23,33.28,33.12,33.23,0.0
2024-12-24 04:00:00-05:00,32.06,33.23,32.06,33.14,0.0
2024-12-24 05:00:00-05:00,,,,,
2024-12-24 06:00:00-05:00,33.14,33.14,33.14,33.14,0.0
2024-12-24 07:00:00-05:00,33.29,33.29,33.14,33.17,0.0
2024-12-24 08:00:00-05:00,33.17,33.3,32.06,33.23,0.0
2024-12-24 09:00:00-05:00,33.23,33.23,33.22,33.22,0.0
2024-12-24 09:30:00-05:00,33.33000183105469,33.35499954223633,33.16999816894531,33.244998931884766,489158.0
2024-12-24 10:30:00-05:00,33.249298095703125,33.33000183105469,33.220001220703125,33.26499938964844,311552.0
2024-12-24 11:30:00-05:00,33.26499938964844,33.45000076293945,33.26499938964844,33.43000030517578,356432.0
2024-12-24 13:00:00-05:00,33.43000030517578,33.45000076293945,33.369998931884766,33.40999984741211,0.0
2024-12-24 14:00:00-05:00,33.33,33.44,33.33,33.44,0.0
2024-12-24 15:00:00-05:00,33.44,33.44,33.19,33.19,0.0
2024-12-24 16:00:00-05:00,33.44,33.44,33.42,33.42,0.0
2024-12-26 04:00:00-05:00,33.55,33.55,33.44,33.44,0.0
2024-12-26 05:00:00-05:00,33.44,33.44,33.44,33.44,0.0
2024-12-26 06:00:00-05:00,33.44,33.44,33.43,33.43,0.0
2024-12-26 07:00:00-05:00,33.43,33.43,33.33,33.33,0.0
2024-12-26 08:00:00-05:00,33.44,33.47,33.17,33.18,0.0
2024-12-26 09:00:00-05:00,33.2021,33.38,33.2,33.34,0.0
2024-12-26 09:30:00-05:00,33.34000015258789,33.52000045776367,33.27000045776367,33.5,432095.0
2024-12-26 10:30:00-05:00,33.5,33.650001525878906,33.41999816894531,33.51499938964844,504140.0
2024-12-26 11:30:00-05:00,33.52000045776367,33.55500030517578,33.459999084472656,33.46500015258789,183538.0
2024-12-26 12:30:00-05:00,33.46500015258789,33.4900016784668,33.404998779296875,33.470001220703125,237883.0
2024-12-26 13:30:00-05:00,33.46500015258789,33.47999954223633,33.42399978637695,33.474998474121094,196432.0
2024-12-26 14:30:00-05:00,33.47999954223633,33.58000183105469,33.459999084472656,33.56999969482422,303845.0
2024-12-26 15:30:00-05:00,33.57500076293945,33.57500076293945,33.41999816894531,33.43000030517578,592863.0
2024-12-26 16:00:00-05:00,33.43,33.43,33.41,33.41,0.0
2024-12-26 17:00:00-05:00,33.43,33.43,33.4,33.43,0.0
2024-12-26 18:00:00-05:00,33.43,33.43,33.25,33.4,0.0
2024-12-27 04:00:00-05:00,33.4,33.4,33.4,33.4,0.0
2024-12-27 05:00:00-05:00,33.39,33.39,33.39,33.39,0.0
2024-12-27 06:00:00-05:00,33.39,33.39,33.39,33.39,0.0
2024-12-27 07:00:00-05:00,33.1,33.39,33.1,33.39,0.0
2024-12-27 08:00:00-05:00,33.39,33.39,33.26,33.26,0.0
2024-12-27 09:00:00-05:00,33.28,33.28,33.27,33.28,0.0
2024-12-27 09:30:00-05:00,33.290000915527344,33.38999938964844,33.040000915527344,33.04999923706055,414927.0
2024-12-27 10:30:00-05:00,33.040000915527344,33.18000030517578,32.970001220703125,33.130001068115234,395221.0
2024-12-27 11:30:00-05:00,33.125,33.15999984741211,32.9900016784668,33.099300384521484,548805.0
2024-12-27 12:30:00-05:00,33.095001220703125,33.16999816894531,33.07500076293945,33.13479995727539,613734.0
2024-12-27 13:30:00-05:00,33.1349983215332,33.244998931884766,33.119998931884766,33.209999084472656,218226.0
2024-12-27 14:30:00-05:00,33.21500015258789,33.34000015258789,33.13999938964844,33.17499923706055,341598.0
2024-12-27 15:30:00-05:00,33.16999816894531,33.29499816894531,33.08420181274414,33.290000915527344,755541.0
2024-12-27 16:00:00-05:00,33.28,33.28,33.0001,33.28,0.0
2024-12-27 17:00:00-05:00,33.01,33.3,33.01,33.3,0.0
2024-12-27 18:00:00-05:00,33.3,33.3,33.06,33.06,0.0
2024-12-30 04:00:00-05:00,33.24,33.26,33.24,33.26,0.0
2024-12-30 05:00:00-05:00,33.26,33.26,33.26,33.26,0.0
2024-12-30 06:00:00-05:00,33.26,33.26,33.26,33.26,0.0
2024-12-30 07:00:00-05:00,33.26,33.28,33.25,33.28,0.0
2024-12-30 08:00:00-05:00,33.19,33.2992,32.99,33.05,0.0
2024-12-30 09:00:00-05:00,33.05,33.05,32.7,32.7719,0.0
2024-12-30 09:30:00-05:00,32.84000015258789,32.867698669433594,32.20500183105469,32.2400016784668,851825.0
2024-12-30 10:30:00-05:00,32.23500061035156,32.560001373291016,32.22999954223633,32.53499984741211,365212.0
2024-12-30 11:30:00-05:00,32.53499984741211,32.79499816894531,32.529998779296875,32.76499938964844,281781.0
2024-12-30 12:30:00-05:00,32.7599983215332,32.79499816894531,32.665000915527344,32.68000030517578,312602.0
2024-12-30 13:30:00-05:00,32.66999816894531,32.799198150634766,32.650001525878906,32.689998626708984,317858.0
2024-12-30 14:30:00-05:00,32.689998626708984,32.82500076293945,32.66999816894531,32.724998474121094,608502.0
2024-12-30 15:30:00-05:00,32.72999954223633,32.755001068115234,32.60499954223633,32.619998931884766,607181.0
2024-12-30 16:00:00-05:00,32.63,32.63,32.24,32.6,0.0
2024-12-30 17:00:00-05:00,32.61,33.06,32.51,32.51,0.0
2024-12-30 18:00:00-05:00,32.4175,32.62,32.4175,32.62,0.0
2024-12-31 04:00:00-05:00,32.6,32.63,32.6,32.63,0.0
2024-12-31 05:00:00-05:00,32.63,32.63,32.63,32.63,0.0
2024-12-31 06:00:00-05:00,,,,,
2024-12-31 07:00:00-05:00,32.63,32.68,32.63,32.67,0.0
2024-12-31 08:00:00-05:00,32.78,32.8,32.7,32.71,0.0
2024-12-31 09:00:00-05:00,32.82,32.82,32.77,32.77,0.0
2024-12-31 09:30:00-05:00,32.82500076293945,32.915000915527344,32.595001220703125,32.70000076293945,455434.0
2024-12-31 10:30:00-05:00,32.709999084472656,32.79999923706055,32.57500076293945,32.584999084472656,285380.0
2024-12-31 11:30:00-05:00,32.58000183105469,32.65999984741211,32.474998474121094,32.47999954223633,273691.0
2024-12-31 12:30:00-05:00,32.488399505615234,32.599998474121094,32.45500183105469,32.494998931884766,297954.0
2024-12-31 13:30:00-05:00,32.494998931884766,32.595001220703125,32.45500183105469,32.470001220703125,341476.0
2024-12-31 14:30:00-05:00,32.470001220703125,32.59000015258789,32.435001373291016,32.584999084472656,418482.0
2024-12-31 15:30:00-05:00,32.59000015258789,32.6349983215332,32.53499984741211,32.625,738345.0
2024-12-31 16:00:00-05:00,32.63,32.71,32.63,32.71,0.0
2024-12-31 17:00:00-05:00,32.6651,32.6651,32.62,32.63,0.0
2024-12-31 18:00:00-05:00,32.71,32.71,32.71,32.71,0.0
2025-01-02 04:00:00-05:00,32.77,32.77,32.75,32.76,0.0
2025-01-02 05:00:00-05:00,32.69,32.69,32.69,32.69,0.0
2025-01-02 06:00:00-05:00,32.69,32.69,32.69,32.69,0.0
2025-01-02 07:00:00-05:00,32.69,32.94,32.69,32.89,0.0
2025-01-02 08:00:00-05:00,32.89,32.89,32.63,32.6712,0.0
2025-01-02 09:00:00-05:00,32.6712,32.93,32.6712,32.93,0.0
2025-01-02 09:30:00-05:00,32.689998626708984,32.83000183105469,32.529998779296875,32.65999984741211,612050.0
2025-01-02 10:30:00-05:00,32.650001525878906,32.80630111694336,32.540000915527344,32.65999984741211,480976.0
2025-01-02 11:30:00-05:00,32.650001525878906,32.77000045776367,32.4900016784668,32.5,476743.0
2025-01-02 12:30:00-05:00,32.4900016784668,32.54499816894531,32.349998474121094,32.375,383903.0
2025-01-02 13:30:00-05:00,32.375,32.43899917602539,32.28499984741211,32.415000915527344,367435.0
2025-01-02 14:30:00-05:00,32.40999984741211,32.55500030517578,32.32500076293945,32.525001525878906,408314.0
2025-01-02 15:30:00-05:00,32.525001525878906,32.56999969482422,32.45500183105469,32.47999954223633,836146.0
2025-01-02 16:00:00-05:00,32.48,32.88,32.08,32.47,0.0
2025-01-02 17:00:00-05:00,32.47,32.47,32.47,32.47,0.0
2025-01-02 18:00:00-05:00,32.62,32.84,32.52,32.52,0.0
2025-01-03 04:00:00-05:00,32.78,32.78,32.78,32.78,0.0
2025-01-03 05:00:00-05:00,32.78,32.78,32.78,32.78,0.0
2025-01-03 06:00:00-05:00,32.78,32.78,32.53,32.53,0.0
2025-01-03 07:00:00-05:00,32.53,32.53,32.53,32.53,0.0
2025-01-03 08:00:00-05:00,32.53,32.73,32.4031,32.595,0.0
2025-01-03 09:00:00-05:00,32.595,32.72,32.595,32.7,0.0
2025-01-03 09:30:00-05:00,32.83000183105469,32.90999984741211,32.58000183105469,32.71500015258789,414890.0
2025-01-03 10:30:00-05:00,32.720001220703125,32.8849983215332,32.654998779296875,32.709999084472656,323879.0
2025-01-03 11:30:00-05:00,32.720001220703125,32.83000183105469,32.709999084472656,32.744998931884766,300060.0
2025-01-03 12:30:00-05:00,32.744998931884766,32.90999984741211,32.709999084472656,32.8650016784668,284810.0
2025-01-03 13:30:00-05:00,32.8650016784668,32.97999954223633,32.834999084472656,32.91999816894531,448674.0
2025-01-03 14:30:00-05:00,32.915000915527344,33.04999923706055,32.90999984741211,33.04499816894531,492196.0
2025-01-03 15:30:00-05:00,33.040000915527344,33.150001525878906,33.02000045776367,33.13999938964844,1151363.0
2025-01-03 16:00:00-05:00,33.13,33.2,33.13,33.14,0.0
2025-01-03 17:00:00-05:00,33.14,33.35,33.0,33.0,0.0
2025-01-03 18:00:00-05:00,32.9,33.14,32.9,32.9,0.0
2025-01-06 04:00:00-05:00,33.15,33.17,33.15,33.16,0.0
2025-01-06 05:00:00-05:00,33.17,33.27,33.16,33.18,0.0
2025-01-06 06:00:00-05:00,33.18,33.35,33.17,33.35,0.0
2025-01-06 07:00:00-05:00,33.34,33.48,33.34,33.43,0.0
2025-01-06 08:00:00-05:00,33.43,33.76,33.172,33.54,0.0
2025-01-06 09:00:00-05:00,33.14,33.54,33.14,33.52,0.0
2025-01-06 09:30:00-05:00,33.529998779296875,34.13999938964844,33.40999984741211,33.89500045776367,748125.0
2025-01-06 10:30:00-05:00,33.89500045776367,34.04999923706055,33.709999084472656,34.040000915527344,641855.0
2025-01-06 11:30:00-05:00,34.04100036621094,34.16999816894531,34.0,34.09600067138672,811045.0
2025-01-06 12:30:00-05:00,34.095001220703125,34.119998931884766,33.974998474121094,34.10499954223633,800965.0
2025-01-06 13:30:00-05:00,34.10499954223633,34.11000061035156,33.79999923706055,33.837501525878906,536377.0
2025-01-06 14:30:00-05:00,33.8390007019043,33.86000061035156,33.720001220703125,33.82500076293945,639772.0
2025-01-06 15:30:00-05:00,33.83000183105469,33.880001068115234,33.70000076293945,33.869998931884766,1113501.0
2025-01-06 16:00:00-05:00,33.87,34.12,33.86,33.87,0.0
2025-01-06 17:00:00-05:00,33.5514,34.12,33.5514,34.12,0.0
2025-01-06 18:00:00-05:00,34.11,34.12,33.88,34.12,0.0
2025-01-07 04:00:00-05:00,33.66,34.02,33.66,34.02,0.0
2025-01-07 05:00:00-05:00,34.02,34.02,33.87,33.87,0.0
2025-01-07 06:00:00-05:00,33.87,33.87,33.87,33.87,0.0
2025-01-07 07:00:00-05:00,33.87,33.94,33.6,33.86,0.0
2025-01-07 08:00:00-05:00,33.86,34.0388,33.7,33.73,0.0
2025-01-07 09:00:00-05:00,33.74,34.2225,33.74,34.2225,0.0
2025-01-07 09:30:00-05:00,34.02000045776367,34.45000076293945,33.92499923706055,34.29499816894531,622980.0
2025-01-07 10:30:00-05:00,34.279998779296875,34.310001373291016,33.93000030517578,33.994998931884766,544614.0
2025-01-07 11:30:00-05:00,33.9900016784668,34.02000045776367,33.83000183105469,33.869998931884766,419452.0
2025-01-07 12:30:00-05:00,33.86000061035156,33.970001220703125,33.849998474121094,33.900001525878906,428434.0
2025-01-07 13:30:00-05:00,33.89500045776367,33.89500045776367,33.70500183105469,33.78499984741211,471334.0
2025-01-07 14:30:00-05:00,33.779998779296875,33.787498474121094,33.525001525878906,33.54999923706055,531474.0
2025-01-07 15:30:00-05:00,33.54499816894531,33.689998626708984,33.44499969482422,33.68000030517578,929624.0
2025-01-07 16:00:00-05:00,33.68,33.68,33.2,33.28,0.0
2025-01-07 17:00:00-05:00,33.6699,33.6699,33.28,33.28,0.0
2025-01-07 18:00:00-05:00,33.66,33.67,33.66,33.67,0.0
2025-01-08 04:00:00-05:00,33.67,33.67,33.67,33.67,0.0
2025-01-08 05:00:00-05:00,33.67,33.67,33.67,33.67,0.0
2025-01-08 06:00:00-05:00,33.67,33.88,33.67,33.88,0.0
2025-01-08 07:00:00-05:00,33.88,33.88,33.45,33.64,0.0
2025-01-08 08:00:00-05:00,33.47,33.88,33.47,33.78,0.0
2025-01-08 09:00:00-05:00,33.66,33.67,33.56,33.6,0.0
2025-01-08 09:30:00-05:00,33.5,33.54999923706055,33.00199890136719,33.11000061035156,471536.0
2025-01-08 10:30:00-05:00,33.11000061035156,33.415000915527344,33.08000183105469,33.35499954223633,309344.0
2025-01-08 11:30:00-05:00,33.36000061035156,33.459999084472656,33.13999938964844,33.165000915527344,342399.0
2025-01-08 12:30:00-05:00,33.165000915527344,33.36000061035156,33.130001068115234,33.33000183105469,275017.0
2025-01-08 13:30:00-05:00,33.32500076293945,33.4900016784668,33.209999084472656,33.459999084472656,391121.0
2025-01-08 14:30:00-05:00,33.45000076293945,33.45500183105469,33.3302001953125,33.439998626708984,350896.0
2025-01-08 15:30:00-05:00,33.44499969482422,33.45500183105469,33.349998474121094,33.45000076293945,681216.0
2025-01-08 16:00:00-05:00,33.45,33.45,33.38,33.38,0.0
2025-01-08 17:00:00-05:00,33.38,33.47,33.38,33.47,0.0
2025-01-08 18:00:00-05:00,33.45,33.45,33.4,33.4,0.0
2025-01-10 04:00:00-05:00,33.26,33.41,33.23,33.24,0.0
2025-01-10 05:00:00-05:00,33.24,33.24,33.16,33.16,0.0
2025-01-10 06:00:00-05:00,33.29,33.34,33.25,33.34,0.0
2025-01-10 07:00:00-05:00,33.34,33.38,33.3,33.38,0.0
2025-01-10 08:00:00-05:00,33.4,33.4,33.09,33.09,0.0
2025-01-10 09:00:00-05:00,33.23,33.23,33.01,33.07,0.0
2025-01-10 09:30:00-05:00,33.11000061035156,33.41999816894531,32.88999938964844,33.38999938964844,599514.0
2025-01-10 10:30:00-05:00,33.38999938964844,33.44499969482422,33.16999816894531,33.18000030517578,416384.0
2025-01-10 11:30:00-05:00,33.18280029296875,33.224998474121094,33.029998779296875,33.08000183105469,715313.0
2025-01-10 12:30:00-05:00,33.08000183105469,33.2400016784668,33.04999923706055,33.21500015258789,499141.0
2025-01-10 13:30:00-05:00,33.209999084472656,33.290000915527344,33.14500045776367,33.26499938964844,590796.0
2025-01-10 14:30:00-05:00,33.2599983215332,33.31999969482422,33.08000183105469,33.125,716785.0
2025-01-10 15:30:00-05:00,33.125,33.279998779296875,33.099998474121094,33.189998626708984,1122204.0
2025-01-10 16:00:00-05:00,33.2,33.33,32.9,32.9,0.0
2025-01-10 17:00:00-05:00,33.21,33.21,33.115,33.115,0.0
2025-01-10 18:00:00-05:00,32.9,33.33,32.9,33.13,0.0
2025-01-13 04:00:00-05:00,33.2,33.5,32.79,32.79,0.0
2025-01-13 05:00:00-05:00,32.79,33.04,32.79,32.99,0.0
2025-01-13 06:00:00-05:00,32.99,33.08,32.96,33.05,0.0
2025-01-13 07:00:00-05:00,33.05,33.05,32.93,32.95,0.0
2025-01-13 08:00:00-05:00,32.95,33.5,32.8967,33.0,0.0
2025-01-13 09:00:00-05:00,33.0,33.03,32.89,32.9,0.0
2025-01-13 09:30:00-05:00,33.09000015258789,33.09000015258789,32.470001220703125,32.58000183105469,760887.0
2025-01-13 10:30:00-05:00,32.57939910888672,32.88999938964844,32.56999969482422,32.76499938964844,1304075.0
2025-01-13 11:30:00-05:00,32.7599983215332,32.810001373291016,32.59000015258789,32.709999084472656,430770.0
2025-01-13 12:30:00-05:00,32.709999084472656,32.77000045776367,32.665000915527344,32.71500015258789,364050.0
2025-01-13 13:30:00-05:00,32.71500015258789,32.77000045776367,32.650001525878906,32.7599983215332,786335.0
2025-01-13 14:30:00-05:00,32.75,32.755001068115234,32.55500030517578,32.584999084472656,700719.0
2025-01-13 15:30:00-05:00,32.584999084472656,32.63999938964844,32.48500061035156,32.630001068115234,1080415.0
2025-01-13 16:00:00-05:00,32.62,32.95,32.6,32.62,0.0
2025-01-13 17:00:00-05:00,32.6077,32.92,32.6077,32.62,0.0
2025-01-13 18:00:00-05:00,32.62,32.93,32.62,32.63,0.0
2025-01-14 04:00:00-05:00,32.89,32.93,32.89,32.93,0.0
2025-01-14 05:00:00-05:00,32.71,32.88,32.68,32.88,0.0
2025-01-14 06:00:00-05:00,32.88,32.93,32.76,32.76,0.0
2025-01-14 07:00:00-05:00,32.76,32.76,32.66,32.66,0.0
2025-01-14 08:00:00-05:00,32.66,32.94,32.66,32.94,0.0
2025-01-14 09:00:00-05:00,32.94,32.94,32.73,32.78,0.0
2025-01-14 09:30:00-05:00,32.900001525878906,33.150001525878906,32.790000915527344,32.900001525878906,618783.0
2025-01-14 10:30:00-05:00,32.904998779296875,32.939998626708984,32.56999969482422,32.56999969482422,660514.0
2025-01-14 11:30:00-05:00,32.55500030517578,32.63990020751953,32.369998931884766,32.44499969482422,407652.0
2025-01-14 12:30:00-05:00,32.439998626708984,32.66999816894531,32.40999984741211,32.654998779296875,358357.0
2025-01-14 13:30:00-05:00,32.650001525878906,32.845001220703125,32.63999938964844,32.68000030517578,461696.0
2025-01-14 14:30:00-05:00,32.685001373291016,32.76747512817383,32.5099983215332,32.59000015258789,586375.0
2025-01-14 15:30:00-05:00,32.595001220703125,32.68000030517578,32.459999084472656,32.68000030517578,972671.0
2025-01-14 16:00:00-05:00,32.67,32.67,32.38,32.38,0.0
2025-01-14 17:00:00-05:00,32.38,33.25,32.38,32.4017,0.0
2025-01-14 18:00:00-05:00,32.67,32.8,32.44,32.4705,0.0
2025-01-15 04:00:00-05:00,32.91,32.91,32.91,32.91,0.0
2025-01-15 05:00:00-05:00,32.91,32.91,32.83,32.83,0.0
2025-01-15 06:00:00-05:00,32.84,32.85,32.84,32.85,0.0
2025-01-15 07:00:00-05:00,32.85,32.86,32.84,32.85,0.0
2025-01-15 08:00:00-05:00,32.85,32.89,32.7247,32.7319,0.0
2025-01-15 09:00:00-05:00,32.99,33.25,32.99,33.16,0.0
2025-01-15 09:30:00-05:00,33.369998931884766,33.54499816894531,33.07500076293945,33.09000015258789,855255.0
2025-01-15 10:30:00-05:00,33.095001220703125,33.16999816894531,32.904998779296875,32.94499969482422,556863.0
2025-01-15 11:30:00-05:00,32.939998626708984,32.939998626708984,32.83000183105469,32.880001068115234,419519.0
2025-01-15 12:30:00-05:00,32.880001068115234,32.970001220703125,32.8650016784668,32.95000076293945,341596.0
2025-01-15 13:30:00-05:00,32.95000076293945,32.994998931884766,32.849998474121094,32.85499954223633,718358.0
2025-01-15 14:30:00-05:00,32.849998474121094,32.91999816894531,32.84000015258789,32.85499954223633,890501.0
2025-01-15 15:30:00-05:00,32.849998474121094,32.869998931884766,32.69499969482422,32.779998779296875,1596144.0
2025-01-15 16:00:00-05:00,32.79,32.93,32.5375,32.79,0.0
2025-01-15 17:00:00-05:00,32.79,32.79,32.79,32.79,0.0
2025-01-15 18:00:00-05:00,32.79,32.79,32.79,32.79,0.0
2025-01-16 04:00:00-05:00,32.92,32.92,32.92,32.92,0.0
2025-01-16 05:00:00-05:00,32.92,32.92,32.84,32.84,0.0
2025-01-16 06:00:00-05:00,32.84,32.91,32.84,32.89,0.0
2025-01-16 07:00:00-05:00,32.89,32.9,32.85,32.9,0.0
2025-01-16 08:00:00-05:00,32.9,32.93,32.78,32.88,0.0
2025-01-16 09:00:00-05:00,32.88,32.92,32.72,32.92,0.0
2025-01-16 09:30:00-05:00,32.720001220703125,32.72999954223633,32.404998779296875,32.505001068115234,734459.0
2025-01-16 10:30:00-05:00,32.505001068115234,32.709999084472656,32.474998474121094,32.60499954223633,642645.0
2025-01-16 11:30:00-05:00,32.60499954223633,32.70500183105469,32.54999923706055,32.619998931884766,1031077.0
2025-01-16 12:30:00-05:00,32.6150016784668,32.650001525878906,32.529998779296875,32.625,1082890.0
2025-01-16 13:30:00-05:00,32.625,32.650001525878906,32.505001068115234,32.560001373291016,979514.0
2025-01-16 14:30:00-05:00,32.55500030517578,32.560001373291016,32.380001068115234,32.40999984741211,1018622.0
2025-01-16 15:30:00-05:00,32.404998779296875,32.47999954223633,32.34000015258789,32.349998474121094,1241443.0
2025-01-16 16:00:00-05:00,32.35,32.55,32.33,32.33,0.0
2025-01-16 17:00:00-05:00,32.34,32.4,32.23,32.35,0.0
2025-01-16 18:00:00-05:00,32.3511,32.4,32.35,32.39,0.0
2025-01-17 04:00:00-05:00,32.19,32.45,32.19,32.45,0.0
2025-01-17 05:00:00-05:00,32.45,32.45,32.45,32.45,0.0
2025-01-17 06:00:00-05:00,32.45,32.67,32.45,32.5,0.0
2025-01-17 07:00:00-05:00,32.5,32.67,32.47,32.48,0.0
2025-01-17 08:00:00-05:00,32.48,32.67,32.19,32.47,0.0
2025-01-17 09:00:00-05:00,32.47,32.76,32.47,32.55,0.0
2025-01-17 09:30:00-05:00,32.720001220703125,33.0,32.540000915527344,32.814998626708984,1485633.0
2025-01-17 10:30:00-05:00,32.810001373291016,32.880001068115234,32.630001068115234,32.67070007324219,1328509.0
2025-01-17 11:30:00-05:00,32.67499923706055,32.720001220703125,32.564998626708984,32.60499954223633,457911.0
2025-01-17 12:30:00-05:00,32.60499954223633,32.689998626708984,32.5099983215332,32.650001525878906,1536081.0
2025-01-17 13:30:00-05:00,32.654998779296875,32.65999984741211,32.57500076293945,32.650001525878906,436357.0
2025-01-17 14:30:00-05:00,32.63999938964844,32.6593017578125,32.592498779296875,32.625,474963.0
2025-01-17 15:30:00-05:00,32.625,32.65999984741211,32.5,32.5099983215332,1296234.0
2025-01-17 16:00:00-05:00,32.51,32.65,32.3,32.501,0.0
2025-01-17 17:00:00-05:00,32.501,32.52,32.501,32.51,0.0
2025-01-17 18:00:00-05:00,32.51,32.555,32.51,32.555,0.0
2025-01-21 04:00:00-05:00,32.7,32.7,32.52,32.7,0.0
2025-01-21 05:00:00-05:00,32.61,32.78,32.61,32.64,0.0
2025-01-21 06:00:00-05:00,32.66,32.66,32.64,32.64,0.0
2025-01-21 07:00:00-05:00,32.64,32.65,32.58,32.61,0.0
2025-01-21 08:00:00-05:00,32.62,32.65,32.6,32.62,0.0
2025-01-21 09:00:00-05:00,32.62,32.65,32.61,32.65,0.0
2025-01-21 09:30:00-05:00,32.41999816894531,32.61000061035156,32.349998474121094,32.38999938964844,1109394.0
2025-01-21 10:30:00-05:00,32.380001068115234,32.584999084472656,32.220001220703125,32.57500076293945,1168409.0
2025-01-21 11:30:00-05:00,32.57500076293945,32.810001373291016,32.564998626708984,32.77000045776367,954743.0
2025-01-21 12:30:00-05:00,32.76499938964844,32.83000183105469,32.7599983215332,32.810001373291016,483055.0
2025-01-21 13:30:00-05:00,32.814998626708984,32.959999084472656,32.79999923706055,32.935001373291016,501248.0
2025-01-21 14:30:00-05:00,32.935001373291016,32.935001373291016,32.779998779296875,32.85499954223633,679978.0
2025-01-21 15:30:00-05:00,32.85499954223633,32.97999954223633,32.82500076293945,32.939998626708984,998716.0
2025-01-21 16:00:00-05:00,32.95,33.0949,32.95,33.0,0.0
2025-01-21 17:00:00-05:00,33.0,33.049,32.8,32.86,0.0
2025-01-21 18:00:00-05:00,32.85,33.1,32.85,33.1,0.0
2025-01-22 04:00:00-05:00,33.09,33.26,32.9,33.26,0.0
2025-01-22 05:00:00-05:00,33.03,33.25,33.03,33.25,0.0
2025-01-22 06:00:00-05:00,33.25,33.26,33.06,33.06,0.0
2025-01-22 07:00:00-05:00,33.06,33.07,33.06,33.07,0.0
2025-01-22 08:00:00-05:00,33.17,33.99,32.95,33.02,0.0
2025-01-22 09:00:00-05:00,33.02,33.19,33.0,33.01,0.0
2025-01-22 09:30:00-05:00,33.040000915527344,33.56999969482422,32.834999084472656,33.20500183105469,1177812.0
2025-01-22 10:30:00-05:00,33.20500183105469,33.27000045776367,33.11000061035156,33.23899841308594,522342.0
2025-01-22 11:30:00-05:00,33.23500061035156,33.28499984741211,33.029998779296875,33.04499816894531,369557.0
2025-01-22 12:30:00-05:00,33.04499816894531,33.11000061035156,33.029998779296875,33.095001220703125,250633.0
2025-01-22 13:30:00-05:00,33.09600067138672,33.130001068115234,33.005001068115234,33.04999923706055,308795.0
2025-01-22 14:30:00-05:00,33.04999923706055,33.15999984741211,33.04499816894531,33.125,317434.0
2025-01-22 15:30:00-05:00,33.130001068115234,33.220001220703125,33.11000061035156,33.11000061035156,993590.0
2025-01-22 16:00:00-05:00,33.13,33.5,33.1,33.13,0.0
2025-01-22 17:00:00-05:00,33.13,33.13,33.13,33.13,0.0
2025-01-22 18:00:00-05:00,33.13,33.13,32.8299,32.8299,0.0
2025-01-23 04:00:00-05:00,33.07,33.1,33.04,33.1,0.0
2025-01-23 05:00:00-05:00,33.09,33.09,33.09,33.09,0.0
2025-01-23 06:00:00-05:00,33.09,33.09,33.09,33.09,0.0
2025-01-23 07:00:00-05:00,33.09,33.09,32.91,32.91,0.0
2025-01-23 08:00:00-05:00,33.07,33.86,32.9,33.13,0.0
2025-01-23 09:00:00-05:00,32.949,33.34,32.949,33.34,0.0
2025-01-23 09:30:00-05:00,32.880001068115234,33.16999816894531,32.880001068115234,33.1150016784668,563312.0
2025-01-23 10:30:00-05:00,33.11000061035156,33.38999938964844,33.095001220703125,33.369998931884766,516384.0
2025-01-23 11:30:00-05:00,33.369998931884766,33.5,33.29499816894531,33.3849983215332,405293.0
2025-01-23 12:30:00-05:00,33.38999938964844,33.494998931884766,33.334999084472656,33.47999954223633,372583.0
2025-01-23 13:30:00-05:00,33.48500061035156,33.529998779296875,33.34980010986328,33.34980010986328,403020.0
2025-01-23 14:30:00-05:00,33.34000015258789,33.35499954223633,33.224998474121094,33.314998626708984,442633.0
2025-01-23 15:30:00-05:00,33.310001373291016,33.380001068115234,33.2599983215332,33.380001068115234,937331.0
2025-01-23 16:00:00-05:00,33.38,33.74,33.35,33.74,0.0
2025-01-23 17:00:00-05:00,33.74,33.74,33.56,33.56,0.0
2025-01-23 18:00:00-05:00,33.38,33.42,33.38,33.38,0.0
2025-01-24 04:00:00-05:00,33.28,33.37,33.25,33.25,0.0
2025-01-24 05:00:00-05:00,33.25,33.52,33.21,33.26,0.0
2025-01-24 06:00:00-05:00,33.26,33.26,33.26,33.26,0.0
2025-01-24 07:00:00-05:00,33.26,33.47,33.26,33.37,0.0
2025-01-24 08:00:00-05:00,33.37,33.38,33.26,33.38,0.0
2025-01-24 09:00:00-05:00,33.37,33.38,33.28,33.28,0.0
2025-01-24 09:30:00-05:00,33.5099983215332,33.51969909667969,32.959999084472656,32.96500015258789,595432.0
2025-01-24 10:30:00-05:00,32.96500015258789,32.98500061035156,32.70000076293945,32.84000015258789,791589.0
2025-01-24 11:30:00-05:00,32.845001220703125,32.95000076293945,32.790000915527344,32.880001068115234,326340.0
2025-01-24 12:30:00-05:00,32.880001068115234,32.900001525878906,32.7400016784668,32.7400016784668,192220.0
2025-01-24 13:30:00-05:00,32.75,32.755001068115234,32.63999938964844,32.66999816894531,196209.0
2025-01-24 14:30:00-05:00,32.68000030517578,32.75,32.630001068115234,32.70500183105469,264970.0
2025-01-24 15:30:00-05:00,32.709999084472656,32.75,32.6349983215332,32.72999954223633,588845.0
2025-01-24 16:00:00-05:00,32.73,32.76,32.64,32.76,0.0
2025-01-24 17:00:00-05:00,32.6064,32.76,32.6064,32.76,0.0
2025-01-24 18:00:00-05:00,32.6,32.76,32.6,32.75,0.0
2025-01-27 04:00:00-05:00,32.34,32.99,32.0,32.02,0.0
2025-01-27 05:00:00-05:00,32.19,32.28,32.01,32.17,0.0
2025-01-27 06:00:00-05:00,32.15,32.19,32.01,32.19,0.0
2025-01-27 07:00:00-05:00,32.08,32.72,32.08,32.6,0.0
2025-01-27 08:00:00-05:00,32.61,32.7,31.78,32.62,0.0
2025-01-27 09:00:00-05:00,32.71,32.72,32.54,32.66,0.0
2025-01-27 09:30:00-05:00,32.529998779296875,33.130001068115234,32.310001373291016,33.07500076293945,2006140.0
2025-01-27 10:30:00-05:00,33.06999969482422,33.11000061035156,32.65999984741211,32.744998931884766,885593.0
2025-01-27 11:30:00-05:00,32.744998931884766,32.810001373291016,32.5099983215332,32.810001373291016,738044.0
2025-01-27 12:30:00-05:00,32.810001373291016,32.810001373291016,32.619998931884766,32.689998626708984,904078.0
2025-01-27 13:30:00-05:00,32.69499969482422,32.93000030517578,32.689998626708984,32.81999969482422,698305.0
2025-01-27 14:30:00-05:00,32.81999969482422,33.04999923706055,32.724998474121094,33.025001525878906,964767.0
2025-01-27 15:30:00-05:00,33.029998779296875,33.36000061035156,32.9900016784668,33.33000183105469,2275633.0
2025-01-27 16:00:00-05:00,33.33,33.42,32.75,33.4178,0.0
2025-01-27 17:00:00-05:00,33.33,33.42,33.16,33.4,0.0
2025-01-27 18:00:00-05:00,32.75,33.4199,32.75,33.34,0.0
2025-01-28 04:00:00-05:00,32.74,33.34,32.74,33.33,0.0
2025-01-28 05:00:00-05:00,33.32,33.34,33.23,33.24,0.0
2025-01-28 06:00:00-05:00,33.22,33.33,33.08,33.08,0.0
2025-01-28 07:00:00-05:00,33.08,33.3,33.08,33.28,0.0
2025-01-28 08:00:00-05:00,33.09,34.0,32.11,33.11,0.0
2025-01-28 09:00:00-05:00,33.11,33.4,33.11,33.3,0.0
2025-01-28 09:30:00-05:00,33.189998626708984,33.20000076293945,32.290000915527344,32.92499923706055,1109400.0
2025-01-28 10:30:00-05:00,32.92499923706055,33.119998931884766,32.70500183105469,32.72999954223633,831761.0
2025-01-28 11:30:00-05:00,32.7400016784668,32.83000183105469,32.70500183105469,32.744998931884766,333668.0
2025-01-28 12:30:00-05:00,32.75,32.82500076293945,32.709999084472656,32.709999084472656,268098.0
2025-01-28 13:30:00-05:00,32.71500015258789,32.84000015258789,32.70000076293945,32.84000015258789,381470.0
2025-01-28 14:30:00-05:00,32.83000183105469,32.95000076293945,32.775001525878906,32.849998474121094,655633.0
2025-01-28 15:30:00-05:00,32.85499954223633,32.86000061035156,32.724998474121094,32.7400016784668,1100393.0
2025-01-28 16:00:00-05:00,32.75,32.99,32.33,32.74,0.0
2025-01-28 17:00:00-05:00,32.73,33.1656,32.33,33.0,0.0
2025-01-28 18:00:00-05:00,33.0,33.0,32.6,32.99,0.0
2025-01-29 04:00:00-05:00,33.13,33.13,32.56,32.56,0.0
2025-01-29 05:00:00-05:00,32.56,32.56,32.56,32.56,0.0
2025-01-29 06:00:00-05:00,32.56,32.97,32.56,32.97,0.0
2025-01-29 07:00:00-05:00,32.97,32.97,32.97,32.97,0.0
2025-01-29 08:00:00-05:00,32.97,33.3,32.66,32.81,0.0
2025-01-29 09:00:00-05:00,32.5,32.84,32.5,32.84,0.0
2025-01-29 09:30:00-05:00,33.04999923706055,33.05500030517578,32.77000045776367,33.0099983215332,428275.0
2025-01-29 10:30:00-05:00,33.02000045776367,33.05500030517578,32.96500015258789,32.98500061035156,468993.0
2025-01-29 11:30:00-05:00,32.98500061035156,32.994998931884766,32.775001525878906,32.78499984741211,444157.0
2025-01-29 12:30:00-05:00,32.78499984741211,32.84000015258789,32.650001525878906,32.810001373291016,401465.0
2025-01-29 13:30:00-05:00,32.810001373291016,32.849998474121094,32.560001373291016,32.59000015258789,264137.0
2025-01-29 14:30:00-05:00,32.59000015258789,32.810001373291016,32.55500030517578,32.665000915527344,380866.0
2025-01-29 15:30:00-05:00,32.665000915527344,32.72999954223633,32.59000015258789,32.599998474121094,604251.0
2025-01-29 16:00:00-05:00,32.61,32.95,32.55,32.57,0.0
2025-01-29 17:00:00-05:00,32.56,32.74,32.55,32.55,0.0
2025-01-29 18:00:00-05:00,32.74,32.75,32.69,32.7,0.0
2025-01-30 04:00:00-05:00,32.56,32.64,32.53,32.62,0.0
2025-01-30 05:00:00-05:00,32.62,32.75,32.62,32.73,0.0
2025-01-30 06:00:00-05:00,32.73,32.79,32.73,32.77,0.0
2025-01-30 07:00:00-05:00,32.72,32.74,32.69,32.69,0.0
2025-01-30 08:00:00-05:00,32.69,32.77,32.0,32.69,0.0
2025-01-30 09:00:00-05:00,32.7,32.93,32.69,32.93,0.0
2025-01-30 09:30:00-05:00,33.02000045776367,33.08000183105469,32.709999084472656,32.8650016784668,352744.0
2025-01-30 10:30:00-05:00,32.86000061035156,33.02000045776367,32.83000183105469,32.900001525878906,326444.0
2025-01-30 11:30:00-05:00,32.900001525878906,32.9900016784668,32.73500061035156,32.75,316435.0
2025-01-30 12:30:00-05:00,32.75,32.900001525878906,32.72999954223633,32.834999084472656,230108.0
2025-01-30 13:30:00-05:00,32.834999084472656,32.90999984741211,32.810001373291016,32.8849983215332,232916.0
2025-01-30 14:30:00-05:00,32.88999938964844,32.9900016784668,32.849998474121094,32.96500015258789,302395.0
2025-01-30 15:30:00-05:00,32.96500015258789,32.994998931884766,32.685001373291016,32.79999923706055,824580.0
2025-01-30 16:00:00-05:00,32.8,33.2,32.58,33.05,0.0
2025-01-30 17:00:00-05:00,33.05,33.2,32.512,32.512,0.0
2025-01-30 18:00:00-05:00,32.6,32.6,32.5,32.5,0.0
2025-01-31 04:00:00-05:00,32.85,32.85,32.81,32.81,0.0
2025-01-31 05:00:00-05:00,32.81,32.81,32.81,32.81,0.0
2025-01-31 06:00:00-05:00,32.8,32.8,32.8,32.8,0.0
2025-01-31 07:00:00-05:00,32.8,32.82,32.8,32.82,0.0
2025-01-31 08:00:00-05:00,32.82,33.2,32.7,32.82,0.0
2025-01-31 09:00:00-05:00,32.76,33.22,32.76,32.88,0.0
2025-01-31 09:30:00-05:00,32.97999954223633,33.255001068115234,32.83000183105469,33.18000030517578,711432.0
2025-01-31 10:30:00-05:00,33.17499923706055,33.32500076293945,33.11000061035156,33.185001373291016,644870.0
2025-01-31 11:30:00-05:00,33.185001373291016,33.25,33.154998779296875,33.185001373291016,375802.0
2025-01-31 12:30:00-05:00,33.185001373291016,33.21500015258789,32.81999969482422,32.82500076293945,411535.0
2025-01-31 13:30:00-05:00,32.81999969482422,32.83060073852539,32.595001220703125,32.696861267089844,443272.0
2025-01-31 14:30:00-05:00,32.69499969482422,32.7400016784668,32.42499923706055,32.45000076293945,402899.0
2025-01-31 15:30:00-05:00,32.459999084472656,32.58000183105469,32.44499969482422,32.5,942145.0
2025-01-31 16:00:00-05:00,32.5,32.51,32.4,32.4,0.0
2025-01-31 17:00:00-05:00,32.4028,32.91,32.4028,32.53,0.0
2025-01-31 18:00:00-05:00,32.53,32.53,32.5,32.5,0.0
2025-02-03 04:00:00-05:00,32.26,32.38,31.98,32.35,0.0
2025-02-03 05:00:00-05:00,32.07,32.39,32.07,32.09,0.0
2025-02-03 06:00:00-05:00,32.11,32.11,32.03,32.03,0.0
2025-02-03 07:00:00-05:00,32.03,32.25,32.03,32.17,0.0
2025-02-03 08:00:00-05:00,32.17,32.5,31.8,32.19,0.0
2025-02-03 09:00:00-05:00,32.19,32.2,32.005,32.11,0.0
2025-02-03 09:30:00-05:00,31.709999084472656,31.760000228881836,31.049999237060547,31.729999542236328,1165752.0
2025-02-03 10:30:00-05:00,31.729999542236328,32.290000915527344,31.65999984741211,32.23500061035156,1323179.0
2025-02-03 11:30:00-05:00,32.2400016784668,32.30500030517578,32.02000045776367,32.20500183105469,1001775.0
2025-02-03 12:30:00-05:00,32.20000076293945,32.22999954223633,31.979999542236328,32.060001373291016,890260.0
2025-02-03 13:30:00-05:00,32.06999969482422,32.380001068115234,32.02000045776367,32.334999084472656,988284.0
2025-02-03 14:30:00-05:00,32.33110046386719,32.380001068115234,32.029998779296875,32.029998779296875,486033.0
2025-02-03 15:30:00-05:00,32.040000915527344,32.09809875488281,32.0,32.02000045776367,848898.0
2025-02-03 16:00:00-05:00,32.0,32.58,31.7,32.28,0.0
2025-02-03 17:00:00-05:00,32.28,32.29,32.09,32.09,0.0
2025-02-03 18:00:00-05:00,32.1,32.11,32.1,32.11,0.0
2025-02-04 04:00:00-05:00,32.0,32.0,31.81,31.81,0.0
2025-02-04 05:00:00-05:00,32.0,32.0,31.71,31.85,0.0
2025-02-04 06:00:00-05:00,31.85,31.85,31.71,31.71,0.0
2025-02-04 07:00:00-05:00,31.71,32.0,31.71,32.0,0.0
2025-02-04 08:00:00-05:00,31.93,32.16,31.63,31.91,0.0
2025-02-04 09:00:00-05:00,32.0,32.0,31.9884,31.99,0.0
2025-02-04 09:30:00-05:00,31.959999084472656,32.36000061035156,31.780000686645508,32.224998474121094,770768.0
2025-02-04 10:30:00-05:00,32.21500015258789,32.279998779296875,32.119998931884766,32.19499969482422,625867.0
2025-02-04 11:30:00-05:00,32.19499969482422,32.25,32.03499984741211,32.040000915527344,448376.0
2025-02-04 12:30:00-05:00,32.04499816894531,32.20000076293945,32.040000915527344,32.20000076293945,443215.0
2025-02-04 13:30:00-05:00,32.20000076293945,32.20000076293945,32.04499816894531,32.064998626708984,388324.0
2025-02-04 14:30:00-05:00,32.064998626708984,32.119998931884766,31.959999084472656,31.985000610351562,469033.0
2025-02-04 15:30:00-05:00,31.979999542236328,32.09000015258789,31.940000534057617,32.0,932123.0
2025-02-04 16:00:00-05:00,32.01,32.512,31.7,32.01,0.0
2025-02-04 17:00:00-05:00,32.92,32.92,31.82,31.89,0.0
2025-02-04 18:00:00-05:00,31.9,31.9,31.89,31.89,0.0
2025-02-05 04:00:00-05:00,32.35,32.35,31.98,32.14,0.0
2025-02-05 05:00:00-05:00,32.24,32.24,31.99,32.01,0.0
2025-02-05 06:00:00-05:00,32.01,32.01,32.01,32.01,0.0
2025-02-05 07:00:00-05:00,32.0,32.07,31.99,32.07,0.0
2025-02-05 08:00:00-05:00,32.07,32.07,31.99,32.05,0.0
2025-02-05 09:00:00-05:00,32.05,32.09,32.0,32.09,0.0
2025-02-05 09:30:00-05:00,32.0099983215332,32.31999969482422,32.0099983215332,32.185001373291016,722490.0
2025-02-05 10:30:00-05:00,32.18000030517578,32.310001373291016,32.1349983215332,32.2599983215332,497936.0
2025-02-05 11:30:00-05:00,32.26499938964844,32.349998474121094,32.22999954223633,32.29999923706055,467837.0
2025-02-05 12:30:00-05:00,32.29499816894531,32.310298919677734,32.16999816894531,32.17499923706055,431057.0
2025-02-05 13:30:00-05:00,32.17499923706055,32.400001525878906,32.165000915527344,32.35499954223633,563315.0
2025-02-05 14:30:00-05:00,32.35499954223633,32.51900100708008,32.35499954223633,32.45899963378906,486966.0
2025-02-05 15:30:00-05:00,32.459999084472656,32.58000183105469,32.45000076293945,32.560001373291016,1178362.0
2025-02-05 16:00:00-05:00,32.565,32.7,32.14,32.57,0.0
2025-02-05 17:00:00-05:00,32.57,32.57,32.49,32.49,0.0
2025-02-05 18:00:00-05:00,32.49,32.49,32.49,32.49,0.0
2025-02-06 04:00:00-05:00,32.57,32.68,32.57,32.58,0.0
2025-02-06 05:00:00-05:00,32.63,32.63,32.63,32.63,0.0
2025-02-06 06:00:00-05:00,32.63,32.74,32.48,32.48,0.0
2025-02-06 07:00:00-05:00,32.48,32.58,32.48,32.52,0.0
2025-02-06 08:00:00-05:00,32.52,32.72,32.34,32.53,0.0
2025-02-06 09:00:00-05:00,32.3925,32.3925,32.3925,32.3925,0.0
2025-02-06 09:30:00-05:00,32.59000015258789,32.7400016784668,32.43000030517578,32.43000030517578,506102.0
2025-02-06 10:30:00-05:00,32.435001373291016,32.599998474121094,32.3849983215332,32.57500076293945,495944.0
2025-02-06 11:30:00-05:00,32.57500076293945,32.625,32.45249938964844,32.560001373291016,455537.0
2025-02-06 12:30:00-05:00,32.560001373291016,32.68000030517578,32.54499816894531,32.665000915527344,284500.0
2025-02-06 13:30:00-05:00,32.665000915527344,32.68899917602539,32.58399963378906,32.61000061035156,341447.0
2025-02-06 14:30:00-05:00,32.6150016784668,32.6150016784668,32.45500183105469,32.50189971923828,760176.0
2025-02-06 15:30:00-05:00,32.5099983215332,32.619998931884766,32.459999084472656,32.599998474121094,973824.0
2025-02-06 16:00:00-05:00,32.6,32.6694,32.3387,32.55,0.0
2025-02-06 17:00:00-05:00,32.52,32.7,32.52,32.69,0.0
2025-02-06 18:00:00-05:00,32.5201,32.53,32.52,32.53,0.0
2025-02-07 04:00:00-05:00,32.76,32.86,32.76,32.85,0.0
2025-02-07 05:00:00-05:00,32.85,32.85,32.85,32.85,0.0
2025-02-07 06:00:00-05:00,32.85,32.85,32.85,32.85,0.0
2025-02-07 07:00:00-05:00,32.85,32.85,32.59,32.59,0.0
2025-02-07 08:00:00-05:00,32.59,32.9,32.59,32.74,0.0
2025-02-07 09:00:00-05:00,32.58,32.64,32.58,32.64,0.0
2025-02-07 09:30:00-05:00,32.849998474121094,32.970001220703125,32.610198974609375,32.63999938964844,611194.0
2025-02-07 10:30:00-05:00,32.63999938964844,32.65999984741211,32.2599983215332,32.290000915527344,633609.0
2025-02-07 11:30:00-05:00,32.290000915527344,32.369998931884766,32.13999938964844,32.290000915527344,494705.0
2025-02-07 12:30:00-05:00,32.279998779296875,32.404998779296875,32.21500015258789,32.369998931884766,258106.0
2025-02-07 13:30:00-05:00,32.369998931884766,32.43000030517578,32.224998474121094,32.275001525878906,342627.0
2025-02-07 14:30:00-05:00,32.27000045776367,32.36000061035156,32.189998626708984,32.244998931884766,362270.0
2025-02-07 15:30:00-05:00,32.25,32.30500030517578,32.209999084472656,32.2599983215332,722086.0
2025-02-07 16:00:00-05:00,32.27,32.64,32.18,32.27,0.0
2025-02-07 17:00:00-05:00,32.18,32.18,32.18,32.18,0.0
2025-02-07 18:00:00-05:00,32.18,32.18,32.18,32.18,0.0
2025-02-10 04:00:00-05:00,32.08,32.47,32.08,32.2,0.0
2025-02-10 05:00:00-05:00,32.3,32.61,32.3,32.56,0.0
2025-02-10 06:00:00-05:00,32.56,32.56,32.56,32.56,0.0
2025-02-10 07:00:00-05:00,32.56,32.56,32.39,32.48,0.0
2025-02-10 08:00:00-05:00,32.48,32.52,32.08,32.5,0.0
2025-02-10 09:00:00-05:00,32.29,32.52,32.29,32.52,0.0
2025-02-10 09:30:00-05:00,32.59000015258789,32.84000015258789,32.380001068115234,32.78499984741211,654042.0
2025-02-10 10:30:00-05:00,32.78499984741211,32.82500076293945,32.68000030517578,32.79999923706055,539191.0
2025-02-10 11:30:00-05:00,32.80500030517578,33.0099983215332,32.80500030517578,32.935001373291016,486368.0
2025-02-10 12:30:00-05:00,32.935001373291016,33.06999969482422,32.935001373291016,33.025001525878906,369113.0
2025-02-10 13:30:00-05:00,33.029998779296875,33.095001220703125,32.90999984741211,32.959999084472656,626289.0
2025-02-10 14:30:00-05:00,32.96900177001953,32.97999954223633,32.869998931884766,32.875,446662.0
2025-02-10 15:30:00-05:00,32.875,32.95000076293945,32.81999969482422,32.81999969482422,794873.0
2025-02-10 16:00:00-05:00,32.82,33.247,32.28,32.82,0.0
2025-02-10 17:00:00-05:00,32.84,32.84,32.67,32.67,0.0
2025-02-10 18:00:00-05:00,32.96,33.2548,32.96,33.2548,0.0
2025-02-11 04:00:00-05:00,32.57,32.57,32.57,32.57,0.0
2025-02-11 05:00:00-05:00,32.57,32.82,32.57,32.82,0.0
2025-02-11 06:00:00-05:00,32.82,32.82,32.82,32.82,0.0
2025-02-11 07:00:00-05:00,32.82,32.82,32.51,32.52,0.0
2025-02-11 08:00:00-05:00,32.52,32.7799,32.5,32.5,0.0
2025-02-11 09:00:00-05:00,32.7498,32.7498,32.52,32.64,0.0
2025-02-11 09:30:00-05:00,32.654998779296875,33.17499923706055,32.52000045776367,33.17499923706055,725278.0
2025-02-11 10:30:00-05:00,33.17499923706055,33.19559860229492,33.064998626708984,33.17499923706055,324130.0
2025-02-11 11:30:00-05:00,33.18000030517578,33.290000915527344,33.060001373291016,33.150001525878906,384960.0
2025-02-11 12:30:00-05:00,33.150001525878906,33.25,33.119998931884766,33.130001068115234,462020.0
2025-02-11 13:30:00-05:00,33.127498626708984,33.17499923706055,33.09000015258789,33.16469955444336,276424.0
2025-02-11 14:30:00-05:00,33.165000915527344,33.27000045776367,33.15999984741211,33.20500183105469,456485.0
2025-02-11 15:30:00-05:00,33.20500183105469,33.22999954223633,33.099998474121094,33.150001525878906,890050.0
2025-02-11 16:00:00-05:00,33.15,33.24,33.15,33.15,0.0
2025-02-11 17:00:00-05:00,33.24,33.24,33.0,33.15,0.0
2025-02-11 18:00:00-05:00,33.15,33.24,33.15,33.15,0.0
2025-02-12 04:00:00-05:00,33.17,33.17,33.15,33.15,0.0
2025-02-12 05:00:00-05:00,33.15,33.15,33.15,33.15,0.0
2025-02-12 06:00:00-05:00,33.15,33.15,33.15,33.15,0.0
2025-02-12 07:00:00-05:00,33.15,33.15,32.94,32.94,0.0
2025-02-12 08:00:00-05:00,33.09,33.17,32.93,32.95,0.0
2025-02-12 09:00:00-05:00,32.86,32.89,32.55,32.64,0.0
2025-02-12 09:30:00-05:00,32.83000183105469,32.8849983215332,32.505001068115234,32.7599983215332,703086.0
2025-02-12 10:30:00-05:00,32.755001068115234,32.8390007019043,32.720001220703125,32.76499938964844,374841.0
2025-02-12 11:30:00-05:00,32.7599983215332,32.959999084472656,32.75,32.90999984741211,345624.0
2025-02-12 12:30:00-05:00,32.904998779296875,32.95500183105469,32.86000061035156,32.939300537109375,272322.0
2025-02-12 13:30:00-05:00,32.939998626708984,33.04499816894531,32.90999984741211,33.017417907714844,399511.0
2025-02-12 14:30:00-05:00,33.02000045776367,33.25,33.02000045776367,33.029998779296875,485171.0
2025-02-12 15:30:00-05:00,33.025001525878906,33.1150016784668,32.959999084472656,33.029998779296875,635509.0
2025-02-12 16:00:00-05:00,33.04,33.35,32.8,33.25,0.0
2025-02-12 17:00:00-05:00,33.25,33.25,33.25,33.25,0.0
2025-02-12 18:00:00-05:00,33.25,33.35,32.75,33.35,0.0
2025-02-13 04:00:00-05:00,33.25,33.25,33.25,33.25,0.0
2025-02-13 05:00:00-05:00,33.25,33.26,33.25,33.26,0.0
2025-02-13 06:00:00-05:00,33.26,33.26,33.15,33.15,0.0
2025-02-13 07:00:00-05:00,33.09,33.09,33.07,33.07,0.0
2025-02-13 08:00:00-05:00,33.23,33.46,32.84,33.16,0.0
2025-02-13 09:00:00-05:00,33.27,33.408,33.15,33.2,0.0
2025-02-13 09:30:00-05:00,33.099998474121094,33.34000015258789,32.91080093383789,33.09000015258789,582817.0
2025-02-13 10:30:00-05:00,33.095001220703125,33.14500045776367,33.0099983215332,33.08000183105469,386968.0
2025-02-13 11:30:00-05:00,33.06999969482422,33.209999084472656,33.02000045776367,33.160301208496094,438242.0
2025-02-13 12:30:00-05:00,33.165000915527344,33.24850082397461,33.064998626708984,33.1349983215332,299128.0
2025-02-13 13:30:00-05:00,33.13999938964844,33.224998474121094,33.064998626708984,33.185001373291016,826201.0
2025-02-13 14:30:00-05:00,33.18009948730469,33.255001068115234,33.1349983215332,33.18000030517578,442610.0
2025-02-13 15:30:00-05:00,33.18000030517578,33.310001373291016,33.15999984741211,33.29999923706055,961049.0
2025-02-13 16:00:00-05:00,33.3,33.49,32.88,33.36,0.0
2025-02-13 17:00:00-05:00,33.36,33.45,32.9042,33.45,0.0
2025-02-13 18:00:00-05:00,33.01,33.36,33.01,33.36,0.0
2025-02-14 04:00:00-05:00,33.03,33.47,33.03,33.33,0.0
2025-02-14 05:00:00-05:00,33.33,33.47,33.15,33.15,0.0
2025-02-14 06:00:00-05:00,33.15,33.46,33.12,33.13,0.0
2025-02-14 07:00:00-05:00,33.13,33.15,33.13,33.15,0.0
2025-02-14 08:00:00-05:00,33.15,33.47,32.54,33.22,0.0
2025-02-14 09:00:00-05:00,33.22,33.28,33.0,33.26,0.0
2025-02-14 09:30:00-05:00,33.380001068115234,33.65999984741211,33.34000015258789,33.43619918823242,596421.0
2025-02-14 10:30:00-05:00,33.435001373291016,33.529998779296875,33.40999984741211,33.474998474121094,340734.0
2025-02-14 11:30:00-05:00,33.474998474121094,33.6150016784668,33.459999084472656,33.595001220703125,315356.0
2025-02-14 12:30:00-05:00,33.595001220703125,33.810001373291016,33.540000915527344,33.70500183105469,445751.0
2025-02-14 13:30:00-05:00,33.70500183105469,33.779998779296875,33.67499923706055,33.70000076293945,294257.0
2025-02-14 14:30:00-05:00,33.70000076293945,33.744998931884766,33.650001525878906,33.654998779296875,352714.0
2025-02-14 15:30:00-05:00,33.654998779296875,33.70000076293945,33.6150016784668,33.630001068115234,761056.0
2025-02-14 16:00:00-05:00,33.64,33.69,33.37,33.48,0.0
2025-02-14 17:00:00-05:00,33.48,33.6896,33.48,33.6896,0.0
2025-02-14 18:00:00-05:00,33.6896,33.69,33.6896,33.69,0.0
2025-02-18 04:00:00-05:00,33.64,33.86,33.56,33.64,0.0
2025-02-18 05:00:00-05:00,33.64,33.7,33.58,33.7,0.0
2025-02-18 06:00:00-05:00,33.58,33.7,33.58,33.69,0.0
2025-02-18 07:00:00-05:00,33.69,33.75,33.69,33.75,0.0
2025-02-18 08:00:00-05:00,33.75,33.99,33.4741,33.8678,0.0
2025-02-18 09:00:00-05:00,33.8678,33.8678,33.73,33.86,0.0
2025-02-18 09:30:00-05:00,33.869998931884766,33.9900016784668,33.60499954223633,33.861000061035156,656637.0
2025-02-18 10:30:00-05:00,33.8650016784668,33.8650016784668,33.72999954223633,33.80500030517578,378237.0
2025-02-18 11:30:00-05:00,33.810001373291016,33.935001373291016,33.79999923706055,33.93000030517578,333374.0
2025-02-18 12:30:00-05:00,33.9296989440918,34.04499816894531,33.915000915527344,33.935001373291016,354356.0
2025-02-18 13:30:00-05:00,33.93000030517578,33.97999954223633,33.82500076293945,33.91749954223633,432867.0
2025-02-18 14:30:00-05:00,33.92499923706055,34.18000030517578,33.915000915527344,34.17499923706055,813556.0
2025-02-18 15:30:00-05:00,34.17499923706055,34.22999954223633,34.064998626708984,34.220001220703125,1162696.0
2025-02-18 16:00:00-05:00,34.2,34.31,33.68,33.75,0.0
2025-02-18 17:00:00-05:00,34.15,34.15,33.75,34.12,0.0
2025-02-18 18:00:00-05:00,34.12,34.18,34.01,34.01,0.0
2025-02-19 04:00:00-05:00,34.22,34.22,34.05,34.2,0.0
2025-02-19 05:00:00-05:00,34.2,34.2,34.18,34.2,0.0
2025-02-19 06:00:00-05:00,34.2,34.2,34.2,34.2,0.0
2025-02-19 07:00:00-05:00,34.2,34.2,34.01,34.01,0.0
2025-02-19 08:00:00-05:00,34.17,34.3315,34.05,34.09,0.0
2025-02-19 09:00:00-05:00,34.28,34.28,34.09,34.14,0.0
2025-02-19 09:30:00-05:00,34.185001373291016,34.459999084472656,34.08735275268555,34.335601806640625,671701.0
2025-02-19 10:30:00-05:00,34.334999084472656,34.470001220703125,34.290000915527344,34.41999816894531,449338.0
2025-02-19 11:30:00-05:00,34.415000915527344,34.599998474121094,34.38999938964844,34.525001525878906,498616.0
2025-02-19 12:30:00-05:00,34.525001525878906,34.63999938964844,34.5099983215332,34.6349983215332,423617.0
2025-02-19 13:30:00-05:00,34.63999938964844,34.84000015258789,34.6349983215332,34.82500076293945,591458.0
2025-02-19 14:30:00-05:00,34.83000183105469,34.86000061035156,34.53499984741211,34.57500076293945,672669.0
2025-02-19 15:30:00-05:00,34.57500076293945,34.75,34.57500076293945,34.70000076293945,1053380.0
2025-02-19 16:00:00-05:00,34.7,34.785,34.5,34.6,0.0
2025-02-19 17:00:00-05:00,34.5002,34.68,34.5,34.62,0.0
2025-02-19 18:00:00-05:00,34.62,34.68,34.62,34.68,0.0
2025-02-20 04:00:00-05:00,34.64,34.65,34.35,34.35,0.0
2025-02-20 05:00:00-05:00,34.35,34.56,34.35,34.41,0.0
2025-02-20 06:00:00-05:00,34.41,34.6,34.41,34.6,0.0
2025-02-20 07:00:00-05:00,34.41,34.61,34.38,34.61,0.0
2025-02-20 08:00:00-05:00,34.61,35.0,34.2,35.0,0.0
2025-02-20 09:00:00-05:00,35.0,35.0,34.3937,34.7,0.0
2025-02-20 09:30:00-05:00,34.849998474121094,34.900001525878906,34.380001068115234,34.560001373291016,521102.0
2025-02-20 10:30:00-05:00,34.560001373291016,34.595001220703125,34.459999084472656,34.53499984741211,391160.0
2025-02-20 11:30:00-05:00,34.529998779296875,34.72999954223633,34.45500183105469,34.70500183105469,480939.0
2025-02-20 12:30:00-05:00,34.709999084472656,34.779998779296875,34.58000183105469,34.6150016784668,331470.0
2025-02-20 13:30:00-05:00,34.6150016784668,34.689998626708984,34.54999923706055,34.56999969482422,684002.0
2025-02-20 14:30:00-05:00,34.560001373291016,34.63999938964844,34.47999954223633,34.625,528354.0
2025-02-20 15:30:00-05:00,34.625,34.77000045776367,34.54999923706055,34.709999084472656,944267.0
2025-02-20 16:00:00-05:00,34.71,34.87,34.35,34.3893,0.0
2025-02-20 17:00:00-05:00,34.3893,34.99,34.366,34.8,0.0
2025-02-20 18:00:00-05:00,34.79,34.99,34.36,34.84,0.0
2025-02-21 04:00:00-05:00,34.84,34.84,34.84,34.84,0.0
2025-02-21 05:00:00-05:00,34.79,34.97,34.51,34.69,0.0
2025-02-21 06:00:00-05:00,34.69,34.91,34.69,34.91,0.0
2025-02-21 07:00:00-05:00,34.57,34.86,34.57,34.7,0.0
2025-02-21 08:00:00-05:00,34.88,35.0,34.62,34.74,0.0
2025-02-21 09:00:00-05:00,34.74,34.9,34.74,34.9,0.0
2025-02-21 09:30:00-05:00,34.90999984741211,34.95000076293945,34.689998626708984,34.72999954223633,777171.0
2025-02-21 10:30:00-05:00,34.720001220703125,34.80500030517578,34.59000015258789,34.71500015258789,585486.0
2025-02-21 11:30:00-05:00,34.720001220703125,34.81999969482422,34.689998626708984,34.75,377339.0
2025-02-21 12:30:00-05:00,34.755001068115234,34.7599983215332,34.505001068115234,34.58250045776367,544131.0
2025-02-21 13:30:00-05:00,34.58250045776367,34.73500061035156,34.47999954223633,34.494998931884766,973157.0
2025-02-21 14:30:00-05:00,34.4900016784668,34.724998474121094,34.47529983520508,34.68000030517578,1017555.0
2025-02-21 15:30:00-05:00,34.689998626708984,34.82500076293945,34.60499954223633,34.650001525878906,1231653.0
2025-02-21 16:00:00-05:00,34.63,34.63,34.41,34.61,0.0
2025-02-21 17:00:00-05:00,34.62,34.89,34.6,34.6,0.0
2025-02-21 18:00:00-05:00,34.6,34.84,34.6,34.84,0.0
2025-02-24 04:00:00-05:00,34.65,34.9,34.41,34.66,0.0
2025-02-24 05:00:00-05:00,34.61,34.85,34.61,34.83,0.0
2025-02-24 06:00:00-05:00,34.83,34.9,34.7,34.9,0.0
2025-02-24 07:00:00-05:00,34.9,34.94,34.51,34.65,0.0
2025-02-24 08:00:00-05:00,34.65,35.0,34.0,34.9,0.0
2025-02-24 09:00:00-05:00,34.9,34.9,34.66,34.9,0.0
2025-02-24 09:30:00-05:00,34.84000015258789,35.275001525878906,34.7599983215332,34.9900016784668,1175342.0
2025-02-24 10:30:00-05:00,35.0,35.08000183105469,34.77000045776367,35.040000915527344,638973.0
2025-02-24 11:30:00-05:00,35.04999923706055,35.27000045776367,35.005001068115234,35.060001373291016,584770.0
2025-02-24 12:30:00-05:00,35.060001373291016,35.19499969482422,35.02000045776367,35.07500076293945,522602.0
2025-02-24 13:30:00-05:00,35.08000183105469,35.20500183105469,35.06999969482422,35.14500045776367,489975.0
2025-02-24 14:30:00-05:00,35.150001525878906,35.20000076293945,34.935001373291016,34.939998626708984,1038275.0
2025-02-24 15:30:00-05:00,34.95000076293945,34.96500015258789,34.66999816894531,34.68000030517578,1699338.0
2025-02-24 16:00:00-05:00,34.68,34.97,33.2,34.76,0.0
2025-02-24 17:00:00-05:00,34.95,34.95,34.75,34.76,0.0
2025-02-24 18:00:00-05:00,34.75,34.94,34.63,34.94,0.0
2025-02-25 04:00:00-05:00,34.59,34.6,34.59,34.6,0.0
2025-02-25 05:00:00-05:00,34.6,34.6,34.59,34.59,0.0
2025-02-25 06:00:00-05:00,34.59,34.59,34.41,34.47,0.0
2025-02-25 07:00:00-05:00,34.56,34.96,34.2,34.96,0.0
2025-02-25 08:00:00-05:00,34.96,35.1733,33.61,34.9,0.0
2025-02-25 09:00:00-05:00,34.5215,34.98,34.5215,34.87,0.0
2025-02-25 09:30:00-05:00,34.779998779296875,35.0099983215332,34.244998931884766,34.29999923706055,1143902.0
2025-02-25 10:30:00-05:00,34.30500030517578,34.45000076293945,34.20500183105469,34.27000045776367,579069.0
2025-02-25 11:30:00-05:00,34.27000045776367,34.33000183105469,34.04999923706055,34.08000183105469,1648487.0
2025-02-25 12:30:00-05:00,34.07500076293945,34.404998779296875,34.064998626708984,34.34000015258789,616960.0
2025-02-25 13:30:00-05:00,34.34000015258789,34.40999984741211,34.14500045776367,34.21500015258789,410279.0
2025-02-25 14:30:00-05:00,34.21500015258789,34.44499969482422,34.209999084472656,34.29499816894531,563294.0
2025-02-25 15:30:00-05:00,34.29999923706055,34.29999923706055,34.0099983215332,34.099998474121094,985569.0
2025-02-25 16:00:00-05:00,34.09,34.5,34.09,34.11,0.0
2025-02-25 17:00:00-05:00,34.11,34.11,34.11,34.11,0.0
2025-02-25 18:00:00-05:00,34.11,34.13,34.1,34.11,0.0
2025-02-26 04:00:00-05:00,34.14,34.21,34.14,34.21,0.0
2025-02-26 05:00:00-05:00,34.21,34.21,33.97,34.19,0.0
2025-02-26 06:00:00-05:00,34.19,34.19,34.19,34.19,0.0
2025-02-26 07:00:00-05:00,34.19,34.25,34.14,34.14,0.0
2025-02-26 08:00:00-05:00,34.14,34.45,34.0,34.17,0.0
2025-02-26 09:00:00-05:00,34.16,34.5,34.14,34.18,0.0
2025-02-26 09:30:00-05:00,33.970001220703125,34.07059860229492,33.65999984741211,33.810001373291016,1069814.0
2025-02-26 10:30:00-05:00,33.814998626708984,33.94499969482422,33.7599983215332,33.84000015258789,940391.0
2025-02-26 11:30:00-05:00,33.834999084472656,33.93000030517578,33.79499816894531,33.849998474121094,625988.0
2025-02-26 12:30:00-05:00,33.86000061035156,33.899200439453125,33.63999938964844,33.654998779296875,582855.0
2025-02-26 13:30:00-05:00,33.650001525878906,33.720001220703125,33.59000015258789,33.68560028076172,551581.0
2025-02-26 14:30:00-05:00,33.685001373291016,33.77000045776367,33.68000030517578,33.69499969482422,730499.0
2025-02-26 15:30:00-05:00,33.69499969482422,33.81999969482422,33.685001373291016,33.81999969482422,1222171.0
2025-02-26 16:00:00-05:00,33.83,34.03,33.82,34.03,0.0
2025-02-26 17:00:00-05:00,34.03,34.03,33.82,33.96,0.0
2025-02-26 18:00:00-05:00,33.83,33.9,33.72,33.72,0.0
2025-02-27 04:00:00-05:00,34.45,34.45,33.98,34.01,0.0
2025-02-27 05:00:00-05:00,34.01,34.26,34.01,34.2,0.0
2025-02-27 06:00:00-05:00,34.2,34.42,34.2,34.42,0.0
2025-02-27 07:00:00-05:00,34.42,34.42,33.96,33.96,0.0
2025-02-27 08:00:00-05:00,34.03,34.45,34.01,34.03,0.0
2025-02-27 09:00:00-05:00,34.08,34.42,33.9,34.0,0.0
2025-02-27 09:30:00-05:00,33.689998626708984,33.900001525878906,33.400001525878906,33.66999816894531,1236390.0
2025-02-27 10:30:00-05:00,33.65999984741211,33.709999084472656,33.529998779296875,33.54999923706055,742534.0
2025-02-27 11:30:00-05:00,33.540000915527344,33.64500045776367,33.41999816894531,33.6349983215332,682170.0
2025-02-27 12:30:00-05:00,33.63999938964844,33.83000183105469,33.564998626708984,33.73500061035156,770681.0
2025-02-27 13:30:00-05:00,33.720001220703125,33.849998474121094,33.709999084472656,33.744998931884766,1090699.0
2025-02-27 14:30:00-05:00,33.744998931884766,33.7599983215332,33.26499938964844,33.27909851074219,1762213.0
2025-02-27 15:30:00-05:00,33.279998779296875,33.43000030517578,33.11000061035156,33.16999816894531,2496079.0
2025-02-27 16:00:00-05:00,33.17,33.75,30.97,32.29,0.0
2025-02-27 17:00:00-05:00,32.23,32.2765,31.8,31.9901,0.0
2025-02-27 18:00:00-05:00,32.0,32.0476,31.8,31.8522,0.0
2025-02-28 04:00:00-05:00,31.86,31.88,31.55,31.71,0.0
2025-02-28 05:00:00-05:00,31.64,32.25,31.62,32.25,0.0
2025-02-28 06:00:00-05:00,32.26,32.26,32.17,32.23,0.0
2025-02-28 07:00:00-05:00,32.23,32.28,32.2,32.2,0.0
2025-02-28 08:00:00-05:00,32.27,32.4209,31.7,32.02,0.0
2025-02-28 09:00:00-05:00,32.1,32.26,31.34,31.7,0.0
2025-02-28 09:30:00-05:00,31.43000030517578,31.43000030517578,29.979999542236328,31.1200008392334,4367986.0
2025-02-28 10:30:00-05:00,31.1200008392334,31.280000686645508,30.559999465942383,30.68000030517578,2134052.0
2025-02-28 11:30:00-05:00,30.68000030517578,30.8799991607666,30.549999237060547,30.549999237060547,1232610.0
2025-02-28 12:30:00-05:00,30.549999237060547,30.59000015258789,30.020000457763672,30.239999771118164,1296571.0
2025-02-28 13:30:00-05:00,30.239999771118164,30.415000915527344,30.100000381469727,30.1299991607666,1178755.0
2025-02-28 14:30:00-05:00,30.125,30.479999542236328,30.100000381469727,30.354999542236328,1715616.0
2025-02-28 15:30:00-05:00,30.360000610351562,30.90999984741211,30.329999923706055,30.899999618530273,2824550.0
2025-02-28 16:00:00-05:00,30.87,30.9,30.51,30.7994,0.0
2025-02-28 17:00:00-05:00,30.79,30.85,30.76,30.84,0.0
2025-02-28 18:00:00-05:00,30.84,30.88,30.84,30.88,0.0
2025-03-03 04:00:00-05:00,30.83,30.85,30.65,30.7,0.0
2025-03-03 05:00:00-05:00,30.79,30.85,30.76,30.85,0.0
2025-03-03 06:00:00-05:00,30.85,30.94,30.85,30.9,0.0
2025-03-03 07:00:00-05:00,30.9,31.09,30.9,31.01,0.0
2025-03-03 08:00:00-05:00,30.97,31.08,30.23,31.02,0.0
2025-03-03 09:00:00-05:00,31.01,31.0768,30.78,30.87,0.0
2025-03-03 09:30:00-05:00,31.079999923706055,31.43000030517578,30.719999313354492,31.049999237060547,1321610.0
2025-03-03 10:30:00-05:00,31.049999237060547,31.200000762939453,30.8700008392334,30.889999389648438,657941.0
2025-03-03 11:30:00-05:00,30.899999618530273,30.915000915527344,30.735000610351562,30.844999313354492,844827.0
2025-03-03 12:30:00-05:00,30.850000381469727,30.94499969482422,30.584999084472656,30.594999313354492,724601.0
2025-03-03 13:30:00-05:00,30.594999313354492,30.729999542236328,30.520000457763672,30.524200439453125,635214.0
2025-03-03 14:30:00-05:00,30.520000457763672,30.655000686645508,29.920000076293945,29.94499969482422,1150049.0
2025-03-03 15:30:00-05:00,29.950000762939453,30.100000381469727,29.90999984741211,30.059999465942383,1500797.0
2025-03-03 16:00:00-05:00,30.04,30.2798,30.04,30.24,0.0
2025-03-03 17:00:00-05:00,30.1037,30.2599,30.1,30.2198,0.0
2025-03-03 18:00:00-05:00,30.24,30.26,30.07,30.23,0.0
2025-03-04 04:00:00-05:00,30.05,30.05,30.0,30.0,0.0
2025-03-04 05:00:00-05:00,30.01,30.06,30.01,30.06,0.0
2025-03-04 06:00:00-05:00,30.01,30.01,30.01,30.01,0.0
2025-03-04 07:00:00-05:00,30.01,30.01,29.83,29.83,0.0
2025-03-04 08:00:00-05:00,29.94,30.05,29.7507,29.85,0.0
2025-03-04 09:00:00-05:00,29.87,29.92,29.75,29.89,0.0
2025-03-04 09:30:00-05:00,29.920000076293945,30.1299991607666,29.295000076293945,29.479999542236328,1755911.0
2025-03-04 10:30:00-05:00,29.469999313354492,29.71500015258789,29.46500015258789,29.635000228881836,1023589.0
2025-03-04 11:30:00-05:00,29.645000457763672,29.829999923706055,29.604999542236328,29.69499969482422,688992.0
2025-03-04 12:30:00-05:00,29.690000534057617,29.81999969482422,29.639999389648438,29.704999923706055,907613.0
2025-03-04 13:30:00-05:00,29.700000762939453,29.809999465942383,29.55500030517578,29.75,854397.0
2025-03-04 14:30:00-05:00,29.75,29.860000610351562,29.719999313354492,29.729999542236328,893434.0
2025-03-04 15:30:00-05:00,29.719999313354492,29.725000381469727,29.174999237060547,29.270000457763672,1728840.0
2025-03-04 16:00:00-05:00,29.29,29.58,29.2,29.58,0.0
2025-03-04 17:00:00-05:00,29.58,29.58,29.47,29.58,0.0
2025-03-04 18:00:00-05:00,29.47,29.58,29.45,29.45,0.0
2025-03-05 04:00:00-05:00,29.56,29.78,29.56,29.78,0.0
2025-03-05 05:00:00-05:00,29.6,29.74,29.59,29.61,0.0
2025-03-05 06:00:00-05:00,29.61,29.69,29.61,29.61,0.0
2025-03-05 07:00:00-05:00,29.61,29.61,29.45,29.45,0.0
2025-03-05 08:00:00-05:00,29.45,30.2188,29.29,29.37,0.0
2025-03-05 09:00:00-05:00,29.56,29.56,29.35,29.37,0.0
2025-03-05 09:30:00-05:00,29.5,29.56999969482422,29.18000030517578,29.325000762939453,628827.0
2025-03-05 10:30:00-05:00,29.31999969482422,29.459999084472656,29.200000762939453,29.274999618530273,463478.0
2025-03-05 11:30:00-05:00,29.270000457763672,29.40999984741211,29.18000030517578,29.360000610351562,571133.0
2025-03-05 12:30:00-05:00,29.3700008392334,29.59000015258789,29.360000610351562,29.510000228881836,784497.0
2025-03-05 13:30:00-05:00,29.5049991607666,29.795000076293945,29.450000762939453,29.670000076293945,652998.0
2025-03-05 14:30:00-05:00,29.68000030517578,29.809999465942383,29.6200008392334,29.7549991607666,782147.0
2025-03-05 15:30:00-05:00,29.75,29.7549991607666,29.5049991607666,29.530000686645508,1233870.0
2025-03-05 16:00:00-05:00,29.535,29.88,29.5,29.52,0.0
2025-03-05 17:00:00-05:00,29.5,29.5194,29.5,29.5194,0.0
2025-03-05 18:00:00-05:00,29.52,29.52,29.5188,29.5199,0.0
2025-03-06 04:00:00-05:00,29.16,29.18,29.04,29.11,0.0
2025-03-06 05:00:00-05:00,29.11,29.12,29.05,29.05,0.0
2025-03-06 06:00:00-05:00,29.11,29.12,29.05,29.06,0.0
2025-03-06 07:00:00-05:00,29.06,29.24,29.06,29.14,0.0
2025-03-06 08:00:00-05:00,29.15,29.75,29.02,29.07,0.0
2025-03-06 09:00:00-05:00,29.0899,29.17,29.08,29.14,0.0
2025-03-06 09:30:00-05:00,29.25,29.950000762939453,29.239999771118164,29.649999618530273,1016144.0
2025-03-06 10:30:00-05:00,29.635000228881836,29.795000076293945,29.590099334716797,29.709999084472656,648320.0
2025-03-06 11:30:00-05:00,29.700000762939453,29.770000457763672,29.514999389648438,29.55500030517578,787995.0
2025-03-06 12:30:00-05:00,29.559999465942383,29.709999084472656,29.43000030517578,29.635000228881836,756607.0
2025-03-06 13:30:00-05:00,29.635000228881836,29.809999465942383,29.559999465942383,29.764999389648438,774881.0
2025-03-06 14:30:00-05:00,29.764999389648438,30.010000228881836,29.729999542236328,29.920000076293945,946596.0
2025-03-06 15:30:00-05:00,29.915000915527344,30.020000457763672,29.860000610351562,29.989999771118164,1893892.0
2025-03-06 16:00:00-05:00,29.98,30.0,29.81,29.98,0.0
2025-03-06 17:00:00-05:00,30.0,30.08,29.82,29.86,0.0
2025-03-06 18:00:00-05:00,29.86,29.97,29.82,29.82,0.0
2025-03-07 04:00:00-05:00,29.9694,30.21,29.9694,29.99,0.0
2025-03-07 05:00:00-05:00,30.21,30.21,30.21,30.21,0.0
2025-03-07 06:00:00-05:00,30.21,30.21,30.21,30.21,0.0
2025-03-07 07:00:00-05:00,30.03,30.1,29.91,29.91,0.0
2025-03-07 08:00:00-05:00,29.91,30.04,29.33,29.98,0.0
2025-03-07 09:00:00-05:00,30.0,30.18,29.81,29.86,0.0
2025-03-07 09:30:00-05:00,29.829999923706055,30.395000457763672,29.6299991607666,30.190000534057617,1279920.0
2025-03-07 10:30:00-05:00,30.170000076293945,30.389999389648438,30.0,30.094999313354492,1205166.0
2025-03-07 11:30:00-05:00,30.100000381469727,30.1299991607666,29.899999618530273,30.030000686645508,1108101.0
2025-03-07 12:30:00-05:00,30.020000457763672,30.344999313354492,29.9950008392334,30.170000076293945,790399.0
2025-03-07 13:30:00-05:00,30.174999237060547,30.510000228881836,30.160900115966797,30.450000762939453,1233488.0
2025-03-07 14:30:00-05:00,30.44499969482422,30.510000228881836,30.31999969482422,30.485000610351562,963730.0
2025-03-07 15:30:00-05:00,30.485000610351562,30.610000610351562,30.385000228881836,30.540000915527344,1822053.0
2025-03-07 16:00:00-05:00,30.54,30.63,30.49,30.5,0.0
2025-03-07 17:00:00-05:00,30.5,30.67,30.28,30.55,0.0
2025-03-07 18:00:00-05:00,30.55,30.55,30.5,30.5,0.0
2025-03-10 05:00:00-04:00,30.31,30.31,30.25,30.25,0.0
2025-03-10 06:00:00-04:00,30.3,30.3,30.29,30.29,0.0
2025-03-10 07:00:00-04:00,30.29,30.29,30.19,30.26,0.0
2025-03-10 08:00:00-04:00,30.26,30.3,29.81,30.28,0.0
2025-03-10 09:00:00-04:00,30.16,30.27,30.1,30.15,0.0
2025-03-10 09:30:00-04:00,30.309999465942383,30.5,29.9950008392334,30.065000534057617,945556.0
2025-03-10 10:30:00-04:00,30.059999465942383,30.290000915527344,29.985000610351562,30.21500015258789,1016355.0
2025-03-10 11:30:00-04:00,30.219999313354492,30.3799991607666,30.080699920654297,30.1299991607666,765720.0
2025-03-10 12:30:00-04:00,30.139999389648438,30.184999465942383,30.03499984741211,30.110000610351562,759957.0
2025-03-10 13:30:00-04:00,30.110000610351562,30.165000915527344,29.899999618530273,29.920000076293945,798066.0
2025-03-10 14:30:00-04:00,29.93000030517578,29.959999084472656,29.600000381469727,29.809999465942383,1131315.0
2025-03-10 15:30:00-04:00,29.80500030517578,30.0,29.790000915527344,29.979999542236328,1792750.0
2025-03-10 16:00:00-04:00,29.99,30.06,29.85,29.98,0.0
2025-03-10 17:00:00-04:00,30.0,30.08,30.0,30.06,0.0
2025-03-10 18:00:00-04:00,30.07,30.07,29.91,29.99,0.0
2025-03-10 19:00:00-04:00,30.08,30.08,29.87,29.97,0.0
2025-03-11 04:00:00-04:00,29.97,30.22,29.97,30.22,0.0
2025-03-11 05:00:00-04:00,30.22,30.22,29.99,30.05,0.0
2025-03-11 06:00:00-04:00,30.05,30.06,30.05,30.06,0.0
2025-03-11 07:00:00-04:00,30.13,30.25,30.06,30.14,0.0
2025-03-11 08:00:00-04:00,30.17,30.179,29.89,30.16,0.0
2025-03-11 09:00:00-04:00,30.16,30.16,29.79,30.05,0.0
2025-03-11 09:30:00-04:00,29.829999923706055,29.889999389648438,28.979999542236328,29.039899826049805,1614992.0
2025-03-11 10:30:00-04:00,29.03499984741211,29.104999542236328,28.75,28.915000915527344,1205960.0
2025-03-11 11:30:00-04:00,28.90999984741211,29.030000686645508,28.65999984741211,28.704999923706055,971489.0
2025-03-11 12:30:00-04:00,28.704999923706055,28.809999465942383,28.565000534057617,28.604999542236328,805618.0
2025-03-11 13:30:00-04:00,28.600000381469727,28.889999389648438,28.594999313354492,28.815000534057617,820070.0
2025-03-11 14:30:00-04:00,28.815000534057617,28.999300003051758,28.719999313354492,28.774999618530273,1286133.0
2025-03-11 15:30:00-04:00,28.774999618530273,28.854999542236328,28.600000381469727,28.6299991607666,1850286.0
2025-03-11 16:00:00-04:00,28.62,28.87,28.6,28.79,0.0
2025-03-11 17:00:00-04:00,28.79,28.79,28.58,28.75,0.0
2025-03-11 18:00:00-04:00,28.76,28.77,28.5855,28.7,0.0
2025-03-11 19:00:00-04:00,28.7,28.77,28.62,28.77,0.0
2025-03-12 04:00:00-04:00,28.64,28.77,28.39,28.61,0.0
2025-03-12 05:00:00-04:00,28.4,28.52,28.11,28.43,0.0
2025-03-12 06:00:00-04:00,28.43,28.52,28.43,28.51,0.0
2025-03-12 07:00:00-04:00,28.44,28.56,28.43,28.49,0.0
2025-03-12 08:00:00-04:00,28.49,28.65,28.3,28.49,0.0
2025-03-12 09:00:00-04:00,28.55,28.77,28.5052,28.63,0.0
2025-03-12 09:30:00-04:00,28.510000228881836,28.59000015258789,28.030000686645508,28.030000686645508,1203729.0
2025-03-12 10:30:00-04:00,28.030000686645508,28.165000915527344,27.81999969482422,28.1200008392334,1059945.0
2025-03-12 11:30:00-04:00,28.1200008392334,28.479999542236328,28.110000610351562,28.389999389648438,980907.0
2025-03-12 12:30:00-04:00,28.399999618530273,28.420000076293945,28.229999542236328,28.3700008392334,667250.0
2025-03-12 13:30:00-04:00,28.364999771118164,28.40999984741211,28.19499969482422,28.375,551112.0
2025-03-12 14:30:00-04:00,28.375,28.52989959716797,28.354999542236328,28.454999923706055,1068592.0
2025-03-12 15:30:00-04:00,28.454999923706055,28.540000915527344,28.40999984741211,28.450000762939453,1811949.0
2025-03-12 16:00:00-04:00,28.45,28.58,28.45,28.58,0.0
2025-03-12 17:00:00-04:00,28.38,28.5799,28.38,28.55,0.0
2025-03-12 18:00:00-04:00,28.55,28.58,28.46,28.46,0.0
2025-03-12 19:00:00-04:00,,,,,
2025-03-13 04:00:00-04:00,29.55,29.55,28.12,28.26,0.0
2025-03-13 05:00:00-04:00,28.25,28.33,28.22,28.31,0.0
2025-03-13 06:00:00-04:00,28.31,28.6,28.25,28.55,0.0
2025-03-13 07:00:00-04:00,28.55,28.69,28.42,28.42,0.0
2025-03-13 08:00:00-04:00,28.42,28.58,28.19,28.4627,0.0
2025-03-13 09:00:00-04:00,28.4627,28.47,28.45,28.47,0.0
2025-03-13 09:30:00-04:00,28.5,28.850000381469727,28.454999923706055,28.454999923706055,704563.0
2025-03-13 10:30:00-04:00,28.459999084472656,28.485000610351562,28.209999084472656,28.274999618530273,782391.0
2025-03-13 11:30:00-04:00,28.274999618530273,28.329999923706055,28.020000457763672,28.024999618530273,652142.0
2025-03-13 12:30:00-04:00,28.020000457763672,28.1299991607666,27.78260040283203,27.829999923706055,627911.0
2025-03-13 13:30:00-04:00,27.81999969482422,27.895000457763672,27.670000076293945,27.885000228881836,679268.0
2025-03-13 14:30:00-04:00,27.885000228881836,27.989999771118164,27.795000076293945,27.825000762939453,814204.0
2025-03-13 15:30:00-04:00,27.829999923706055,27.924999237060547,27.760000228881836,27.899999618530273,1151306.0
2025-03-13 16:00:00-04:00,27.91,28.0799,27.75,27.95,0.0
2025-03-13 17:00:00-04:00,28.0,28.01,27.8,28.0,0.0
2025-03-13 18:00:00-04:00,28.0,28.06,27.7558,28.06,0.0
2025-03-13 19:00:00-04:00,28.08,28.08,27.91,27.91,0.0
2025-03-14 04:00:00-04:00,27.98,28.25,27.98,28.21,0.0
2025-03-14 05:00:00-04:00,28.44,28.44,28.11,28.11,0.0
2025-03-14 06:00:00-04:00,28.11,28.13,28.11,28.13,0.0
2025-03-14 07:00:00-04:00,28.13,28.18,28.13,28.13,0.0
2025-03-14 08:00:00-04:00,28.19,28.19,27.91,28.19,0.0
2025-03-14 09:00:00-04:00,28.122,28.28,28.122,28.25,0.0
2025-03-14 09:30:00-04:00,28.25,28.3700008392334,28.114999771118164,28.200000762939453,495285.0
2025-03-14 10:30:00-04:00,28.200000762939453,28.530000686645508,28.200000762939453,28.5049991607666,516308.0
2025-03-14 11:30:00-04:00,28.506200790405273,28.53499984741211,28.360000610351562,28.3799991607666,425303.0
2025-03-14 12:30:00-04:00,28.385000228881836,28.4950008392334,28.34000015258789,28.364999771118164,549304.0
2025-03-14 13:30:00-04:00,28.3700008392334,28.399999618530273,28.260000228881836,28.290000915527344,461559.0
2025-03-14 14:30:00-04:00,28.299999237060547,28.43000030517578,28.290000915527344,28.360000610351562,496657.0
2025-03-14 15:30:00-04:00,28.354999542236328,28.434999465942383,28.295000076293945,28.389999389648438,995848.0
2025-03-14 16:00:00-04:00,28.41,28.8888,28.41,28.41,0.0
2025-03-14 17:00:00-04:00,28.4,28.41,28.3,28.36,0.0
2025-03-14 18:00:00-04:00,28.36,28.41,28.36,28.4094,0.0
2025-03-14 19:00:00-04:00,28.41,28.41,28.4,28.4,0.0
2025-03-17 04:00:00-04:00,28.58,28.58,28.25,28.3,0.0
2025-03-17 05:00:00-04:00,28.39,28.39,28.39,28.39,0.0
2025-03-17 06:00:00-04:00,28.39,28.39,28.36,28.36,0.0
2025-03-17 07:00:00-04:00,28.36,28.43,28.3,28.34,0.0
2025-03-17 08:00:00-04:00,28.32,28.4,28.29,28.3,0.0
2025-03-17 09:00:00-04:00,28.3,28.5438,28.3,28.53,0.0
2025-03-17 09:30:00-04:00,28.395000457763672,28.690000534057617,28.3799991607666,28.489999771118164,555640.0
2025-03-17 10:30:00-04:00,28.48900032043457,28.649999618530273,28.475000381469727,28.600000381469727,567146.0
2025-03-17 11:30:00-04:00,28.604999542236328,28.700000762939453,28.540000915527344,28.614999771118164,611654.0
2025-03-17 12:30:00-04:00,28.61949920654297,28.844999313354492,28.614999771118164,28.81999969482422,520499.0
2025-03-17 13:30:00-04:00,28.815000534057617,28.940000534057617,28.790000915527344,28.905000686645508,449826.0
2025-03-17 14:30:00-04:00,28.899999618530273,28.9375,28.815000534057617,28.8966007232666,720288.0
2025-03-17 15:30:00-04:00,28.895000457763672,28.959999084472656,28.8799991607666,28.90999984741211,1183825.0
2025-03-17 16:00:00-04:00,28.91,28.95,28.9,28.94,0.0
2025-03-17 17:00:00-04:00,28.91,28.96,28.91,28.96,0.0
2025-03-17 18:00:00-04:00,28.95,28.95,28.66,28.95,0.0
2025-03-17 19:00:00-04:00,28.95,28.96,28.92,28.96,0.0
2025-03-18 04:00:00-04:00,28.96,28.96,28.66,28.66,0.0
2025-03-18 05:00:00-04:00,28.66,28.89,28.66,28.89,0.0
2025-03-18 06:00:00-04:00,28.89,28.89,28.79,28.8,0.0
2025-03-18 07:00:00-04:00,28.8,28.89,28.8,28.89,0.0
2025-03-18 08:00:00-04:00,28.8,28.96,28.67,28.69,0.0
2025-03-18 09:00:00-04:00,28.69,28.96,28.69,28.82,0.0
2025-03-18 09:30:00-04:00,28.760000228881836,28.84000015258789,28.614999771118164,28.790000915527344,583853.0
2025-03-18 10:30:00-04:00,28.790000915527344,28.86910057067871,28.600000381469727,28.625,363444.0
2025-03-18 11:30:00-04:00,28.614999771118164,28.719999313354492,28.540000915527344,28.709999084472656,385877.0
2025-03-18 12:30:00-04:00,28.71500015258789,28.75,28.59000015258789,28.665000915527344,326889.0
2025-03-18 13:30:00-04:00,28.665000915527344,28.75,28.583499908447266,28.584999084472656,408951.0
2025-03-18 14:30:00-04:00,28.579999923706055,28.715599060058594,28.579999923706055,28.65999984741211,657372.0
2025-03-18 15:30:00-04:00,28.665000915527344,28.7450008392334,28.665000915527344,28.690000534057617,970912.0
2025-03-18 16:00:00-04:00,28.7,28.86,28.6,28.85,0.0
2025-03-18 17:00:00-04:00,28.86,28.86,28.61,28.61,0.0
2025-03-18 18:00:00-04:00,28.61,28.83,28.61,28.83,0.0
2025-03-18 19:00:00-04:00,28.6833,28.8423,28.6833,28.84,0.0
2025-03-19 04:00:00-04:00,28.84,28.96,28.78,28.78,0.0
2025-03-19 05:00:00-04:00,28.78,28.78,28.78,28.78,0.0
2025-03-19 06:00:00-04:00,28.78,28.78,28.78,28.78,0.0
2025-03-19 07:00:00-04:00,28.78,28.78,28.78,28.78,0.0
2025-03-19 08:00:00-04:00,28.78,28.89,28.72,28.76,0.0
2025-03-19 09:00:00-04:00,28.76,28.8699,28.7,28.7,0.0
2025-03-19 09:30:00-04:00,28.799999237060547,28.989999771118164,28.739999771118164,28.934999465942383,417884.0
2025-03-19 10:30:00-04:00,28.93000030517578,29.010000228881836,28.850000381469727,28.854999542236328,381130.0
2025-03-19 11:30:00-04:00,28.85110092163086,28.915000915527344,28.80500030517578,28.854999542236328,324048.0
2025-03-19 12:30:00-04:00,28.854999542236328,28.854999542236328,28.670000076293945,28.674999237060547,355336.0
2025-03-19 13:30:00-04:00,28.68000030517578,28.719999313354492,28.489999771118164,28.56999969482422,1120041.0
2025-03-19 14:30:00-04:00,28.56999969482422,28.954999923706055,28.5,28.740699768066406,2422339.0
2025-03-19 15:30:00-04:00,28.7450008392334,28.834999084472656,28.690000534057617,28.760000228881836,963620.0
2025-03-19 16:00:00-04:00,28.76,28.98,28.74,28.98,0.0
2025-03-19 17:00:00-04:00,28.98,28.98,28.61,28.61,0.0
2025-03-19 18:00:00-04:00,28.59,28.97,28.59,28.96,0.0
2025-03-19 19:00:00-04:00,28.96,28.97,28.7814,28.7847,0.0
2025-03-20 04:00:00-04:00,28.7847,28.95,28.76,28.76,0.0
2025-03-20 05:00:00-04:00,28.76,28.76,28.76,28.76,0.0
2025-03-20 06:00:00-04:00,28.76,28.77,28.57,28.57,0.0
2025-03-20 07:00:00-04:00,28.57,28.62,28.5,28.62,0.0
2025-03-20 08:00:00-04:00,28.62,28.76,28.62,28.7,0.0
2025-03-20 09:00:00-04:00,28.76,28.76,28.57,28.57,0.0
2025-03-20 09:30:00-04:00,28.600000381469727,28.860000610351562,28.479999542236328,28.799999237060547,490124.0
2025-03-20 10:30:00-04:00,28.80500030517578,28.885000228881836,28.7549991607666,28.795000076293945,396165.0
2025-03-20 11:30:00-04:00,28.795000076293945,28.889999389648438,28.645000457763672,28.652902603149414,522602.0
2025-03-20 12:30:00-04:00,28.65999984741211,28.709999084472656,28.56999969482422,28.58009910583496,385555.0
2025-03-20 13:30:00-04:00,28.58449935913086,28.690000534057617,28.514999389648438,28.520000457763672,371132.0
2025-03-20 14:30:00-04:00,28.520000457763672,28.600000381469727,28.5,28.510000228881836,491811.0
2025-03-20 15:30:00-04:00,28.5049991607666,28.6299991607666,28.489999771118164,28.5,721777.0
2025-03-20 16:00:00-04:00,28.5,28.79,28.49,28.79,0.0
2025-03-20 17:00:00-04:00,28.78,28.78,28.57,28.74,0.0
2025-03-20 18:00:00-04:00,28.74,28.75,28.51,28.51,0.0
2025-03-20 19:00:00-04:00,28.51,28.51,28.5,28.51,0.0
2025-03-21 04:00:00-04:00,28.5,28.6,28.5,28.51,0.0
2025-03-21 05:00:00-04:00,28.51,28.51,28.41,28.48,0.0
2025-03-21 06:00:00-04:00,28.48,28.48,28.48,28.48,0.0
2025-03-21 07:00:00-04:00,28.52,28.6,28.51,28.55,0.0
2025-03-21 08:00:00-04:00,28.55,28.67,28.419,28.48,0.0
2025-03-21 09:00:00-04:00,28.51,28.51,28.35,28.35,0.0
2025-03-21 09:30:00-04:00,28.239999771118164,28.299999237060547,27.950000762939453,28.19499969482422,1501312.0
2025-03-21 10:30:00-04:00,28.190000534057617,28.309999465942383,28.100000381469727,28.139999389648438,502645.0
2025-03-21 11:30:00-04:00,28.145000457763672,28.28499984741211,28.049999237060547,28.270200729370117,653548.0
2025-03-21 12:30:00-04:00,28.270000457763672,28.43000030517578,28.270000457763672,28.350000381469727,307149.0
2025-03-21 13:30:00-04:00,28.350000381469727,28.44499969482422,28.28499984741211,28.299999237060547,456366.0
2025-03-21 14:30:00-04:00,28.30500030517578,28.41990089416504,28.264999389648438,28.325000762939453,796536.0
2025-03-21 15:30:00-04:00,28.31999969482422,28.68000030517578,28.280000686645508,28.639999389648438,2628999.0
2025-03-21 16:00:00-04:00,28.63,28.6816,28.51,28.6,0.0
2025-03-21 17:00:00-04:00,28.64,28.7,28.64,28.6988,0.0
2025-03-21 18:00:00-04:00,28.51,28.7,28.51,28.69,0.0
2025-03-21 19:00:00-04:00,28.65,28.65,28.65,28.65,0.0
2025-03-24 04:00:00-04:00,28.77,29.21,28.77,28.96,0.0
2025-03-24 05:00:00-04:00,29.02,29.02,28.93,28.96,0.0
2025-03-24 06:00:00-04:00,28.96,28.96,28.87,28.9,0.0
2025-03-24 07:00:00-04:00,29.06,29.06,28.94,28.95,0.0
2025-03-24 08:00:00-04:00,28.95,29.4,28.83,28.97,0.0
2025-03-24 09:00:00-04:00,29.05,29.06,28.68,29.03,0.0
2025-03-24 09:30:00-04:00,29.059999465942383,29.174999237060547,28.829999923706055,28.94499969482422,725927.0
2025-03-24 10:30:00-04:00,28.94499969482422,28.950000762939453,28.774999618530273,28.864999771118164,442323.0
2025-03-24 11:30:00-04:00,28.867101669311523,28.889999389648438,28.75,28.75,541451.0
2025-03-24 12:30:00-04:00,28.760000228881836,28.780000686645508,28.719999313354492,28.7549991607666,477983.0
2025-03-24 13:30:00-04:00,28.7549991607666,28.779199600219727,28.670000076293945,28.674999237060547,403945.0
2025-03-24 14:30:00-04:00,28.674999237060547,28.84000015258789,28.670000076293945,28.780000686645508,581289.0
2025-03-24 15:30:00-04:00,28.78499984741211,29.010000228881836,28.78499984741211,28.989999771118164,962582.0
2025-03-24 16:00:00-04:00,28.99,29.06,28.75,29.06,0.0
2025-03-24 17:00:00-04:00,28.99,29.06,28.97,28.97,0.0
2025-03-24 18:00:00-04:00,29.05,29.05,28.8512,28.8512,0.0
2025-03-24 19:00:00-04:00,29.01,29.05,29.01,29.05,0.0
2025-03-25 04:00:00-04:00,29.0,29.0,28.97,28.97,0.0
2025-03-25 05:00:00-04:00,28.72,28.72,28.72,28.72,0.0
2025-03-25 06:00:00-04:00,28.72,28.94,28.72,28.94,0.0
2025-03-25 07:00:00-04:00,28.94,29.0,28.94,28.97,0.0
2025-03-25 08:00:00-04:00,28.91,29.05,28.91,29.05,0.0
2025-03-25 09:00:00-04:00,29.03,29.09,28.97,28.9701,0.0
2025-03-25 09:30:00-04:00,29.049999237060547,29.1299991607666,28.810100555419922,28.854999542236328,524455.0
2025-03-25 10:30:00-04:00,28.850000381469727,28.885000228881836,28.770000457763672,28.809999465942383,397850.0
2025-03-25 11:30:00-04:00,28.809999465942383,28.864999771118164,28.764999389648438,28.809999465942383,367679.0
2025-03-25 12:30:00-04:00,28.81999969482422,28.829999923706055,28.68000030517578,28.690000534057617,287318.0
2025-03-25 13:30:00-04:00,28.700000762939453,28.75,28.65999984741211,28.670000076293945,352715.0
2025-03-25 14:30:00-04:00,28.670000076293945,28.700000762939453,28.600000381469727,28.600000381469727,839152.0
2025-03-25 15:30:00-04:00,28.610000610351562,28.809999465942383,28.600000381469727,28.799999237060547,1231649.0
2025-03-25 16:00:00-04:00,28.8,28.86,28.78,28.78,0.0
2025-03-25 17:00:00-04:00,28.78,28.88,28.73,28.88,0.0
2025-03-25 18:00:00-04:00,28.97,28.97,28.96,28.96,0.0
2025-03-25 19:00:00-04:00,,,,,
2025-03-26 04:00:00-04:00,28.94,28.94,28.9,28.9,0.0
2025-03-26 05:00:00-04:00,28.91,28.92,28.9,28.92,0.0
2025-03-26 06:00:00-04:00,28.92,28.92,28.92,28.92,0.0
2025-03-26 07:00:00-04:00,28.9,28.9,28.79,28.9,0.0
2025-03-26 08:00:00-04:00,28.93,28.94,28.9,28.9395,0.0
2025-03-26 09:00:00-04:00,28.9395,28.94,28.77,28.87,0.0
2025-03-26 09:30:00-04:00,28.80500030517578,29.010000228881836,28.709999084472656,28.78499984741211,613621.0
2025-03-26 10:30:00-04:00,28.78499984741211,28.905000686645508,28.729999542236328,28.75,491310.0
2025-03-26 11:30:00-04:00,28.7549991607666,28.78499984741211,28.625,28.700000762939453,360742.0
2025-03-26 12:30:00-04:00,28.704999923706055,28.725000381469727,28.56999969482422,28.584999084472656,373094.0
2025-03-26 13:30:00-04:00,28.584999084472656,28.6299991607666,28.530000686645508,28.604999542236328,308809.0
2025-03-26 14:30:00-04:00,28.604999542236328,28.674999237060547,28.559999465942383,28.6200008392334,550737.0
2025-03-26 15:30:00-04:00,28.6200008392334,28.780000686645508,28.579999923706055,28.690000534057617,1231087.0
2025-03-26 16:00:00-04:00,28.71,28.87,28.6065,28.86,0.0
2025-03-26 17:00:00-04:00,28.86,28.86,28.81,28.81,0.0
2025-03-26 18:00:00-04:00,28.71,28.86,28.71,28.86,0.0
2025-03-26 19:00:00-04:00,28.6,28.6,28.55,28.55,0.0
2025-03-27 04:00:00-04:00,28.55,28.55,28.55,28.55,0.0
2025-03-27 05:00:00-04:00,28.83,28.83,28.77,28.77,0.0
2025-03-27 06:00:00-04:00,28.77,28.77,28.76,28.76,0.0
2025-03-27 07:00:00-04:00,28.76,28.76,28.71,28.71,0.0
2025-03-27 08:00:00-04:00,28.71,28.83,28.5,28.72,0.0
2025-03-27 09:00:00-04:00,28.7,28.71,28.62,28.7,0.0
2025-03-27 09:30:00-04:00,28.489999771118164,28.59000015258789,28.28499984741211,28.520000457763672,595521.0
2025-03-27 10:30:00-04:00,28.53499984741211,28.639999389648438,28.520000457763672,28.565000534057617,395186.0
2025-03-27 11:30:00-04:00,28.565000534057617,28.568899154663086,28.454999923706055,28.53499984741211,541353.0
2025-03-27 12:30:00-04:00,28.53499984741211,28.65999984741211,28.424999237060547,28.424999237060547,615159.0
2025-03-27 13:30:00-04:00,28.424999237060547,28.579999923706055,28.385000228881836,28.55500030517578,764259.0
2025-03-27 14:30:00-04:00,28.55500030517578,28.75550079345703,28.545000076293945,28.69499969482422,449148.0
2025-03-27 15:30:00-04:00,28.690000534057617,28.780000686645508,28.6200008392334,28.639999389648438,962673.0
2025-03-27 16:00:00-04:00,28.64,28.67,28.3843,28.3843,0.0
2025-03-27 17:00:00-04:00,28.3843,28.3843,28.3843,28.3843,0.0
2025-03-27 18:00:00-04:00,28.77,28.77,28.4122,28.77,0.0
2025-03-27 19:00:00-04:00,,,,,
2025-03-28 04:00:00-04:00,28.28,28.64,28.28,28.64,0.0
2025-03-28 05:00:00-04:00,28.73,28.73,28.4,28.4,0.0
2025-03-28 06:00:00-04:00,28.4,28.4,28.4,28.4,0.0
2025-03-28 07:00:00-04:00,28.4,28.59,28.4,28.59,0.0
2025-03-28 08:00:00-04:00,28.59,28.65,28.59,28.65,0.0
2025-03-28 09:00:00-04:00,28.59,28.5999,28.59,28.5999,0.0
2025-03-28 09:30:00-04:00,28.389999389648438,28.65049934387207,28.309999465942383,28.320100784301758,590628.0
2025-03-28 10:30:00-04:00,28.31999969482422,28.350000381469727,28.170000076293945,28.260000228881836,425207.0
2025-03-28 11:30:00-04:00,28.239999771118164,28.295000076293945,27.979999542236328,28.005300521850586,290014.0
2025-03-28 12:30:00-04:00,28.0,28.03499984741211,27.899999618530273,27.94499969482422,405940.0
2025-03-28 13:30:00-04:00,27.940099716186523,28.014999389648438,27.875,27.895000457763672,434908.0
2025-03-28 14:30:00-04:00,27.890899658203125,27.90999984741211,27.84000015258789,27.864999771118164,857982.0
2025-03-28 15:30:00-04:00,27.864999771118164,27.90999984741211,27.790000915527344,27.889999389648438,1096427.0
2025-03-28 16:00:00-04:00,27.9,28.65,27.78,27.9,0.0
2025-03-28 17:00:00-04:00,27.9,28.7046,27.85,27.87,0.0
2025-03-28 18:00:00-04:00,27.87,27.89,27.7927,27.7927,0.0
2025-03-28 19:00:00-04:00,27.87,27.9,27.85,27.85,0.0
2025-03-31 04:00:00-04:00,27.9,27.9,27.7,27.74,0.0
2025-03-31 05:00:00-04:00,27.74,27.74,27.54,27.61,0.0
2025-03-31 06:00:00-04:00,27.61,27.63,27.41,27.51,0.0
2025-03-31 07:00:00-04:00,27.62,27.65,27.58,27.58,0.0
2025-03-31 08:00:00-04:00,27.55,27.914,27.37,27.52,0.0
2025-03-31 09:00:00-04:00,27.5399,27.5399,27.4,27.51,0.0
2025-03-31 09:30:00-04:00,27.454999923706055,27.56999969482422,27.299999237060547,27.420000076293945,968591.0
2025-03-31 10:30:00-04:00,27.43000030517578,27.69499969482422,27.43000030517578,27.565000534057617,810123.0
2025-03-31 11:30:00-04:00,27.56999969482422,27.600000381469727,27.424999237060547,27.559999465942383,629155.0
2025-03-31 12:30:00-04:00,27.55500030517578,27.59000015258789,27.389999389648438,27.44499969482422,629336.0
2025-03-31 13:30:00-04:00,27.44499969482422,27.649999618530273,27.405000686645508,27.635000228881836,534119.0
2025-03-31 14:30:00-04:00,27.635000228881836,27.739999771118164,27.584999084472656,27.614999771118164,653886.0
2025-03-31 15:30:00-04:00,27.610000610351562,27.790000915527344,27.600000381469727,27.690000534057617,2018173.0
2025-03-31 16:00:00-04:00,27.69,27.69,27.52,27.59,0.0
2025-03-31 17:00:00-04:00,27.59,27.67,27.5356,27.67,0.0
2025-03-31 18:00:00-04:00,27.59,27.68,27.59,27.65,0.0
2025-03-31 19:00:00-04:00,27.69,27.69,27.59,27.69,0.0
2025-04-01 04:00:00-04:00,27.69,27.69,27.6,27.6,0.0
2025-04-01 05:00:00-04:00,27.86,27.86,27.61,27.62,0.0
2025-04-01 06:00:00-04:00,27.62,27.72,27.62,27.7,0.0
2025-04-01 07:00:00-04:00,27.65,27.76,27.55,27.57,0.0
2025-04-01 08:00:00-04:00,27.57,27.919,27.54,27.7547,0.0
2025-04-01 09:00:00-04:00,27.69,27.79,27.54,27.71,0.0
2025-04-01 09:30:00-04:00,27.8799991607666,27.8799991607666,27.454999923706055,27.524999618530273,990899.0
2025-04-01 10:30:00-04:00,27.530000686645508,27.929899215698242,27.514999389648438,27.799999237060547,684427.0
2025-04-01 11:30:00-04:00,27.799999237060547,27.95989990234375,27.74489974975586,27.78499984741211,691941.0
2025-04-01 12:30:00-04:00,27.78499984741211,27.790000915527344,27.649999618530273,27.665000915527344,532166.0
2025-04-01 13:30:00-04:00,27.670000076293945,27.7450008392334,27.454999923706055,27.485000610351562,456858.0
2025-04-01 14:30:00-04:00,27.489999771118164,27.68000030517578,27.46500015258789,27.6299991607666,712271.0
2025-04-01 15:30:00-04:00,27.625,27.799999237060547,27.614999771118164,27.774999618530273,1052580.0
2025-04-01 16:00:00-04:00,27.79,27.88,27.48,27.58,0.0
2025-04-01 17:00:00-04:00,27.58,27.88,27.49,27.88,0.0
2025-04-01 18:00:00-04:00,27.6,27.8731,27.6,27.85,0.0
2025-04-01 19:00:00-04:00,27.88,27.88,27.87,27.87,0.0
2025-04-02 04:00:00-04:00,27.87,27.87,27.79,27.8,0.0
2025-04-02 05:00:00-04:00,27.8,27.8,27.8,27.8,0.0
2025-04-02 06:00:00-04:00,27.8,27.81,27.79,27.79,0.0
2025-04-02 07:00:00-04:00,27.79,27.8,27.79,27.8,0.0
2025-04-02 08:00:00-04:00,27.8,27.81,27.54,27.58,0.0
2025-04-02 09:00:00-04:00,27.58,27.58,27.56,27.56,0.0
2025-04-02 09:30:00-04:00,27.489999771118164,27.815000534057617,27.489999771118164,27.719999313354492,561903.0
2025-04-02 10:30:00-04:00,27.71500015258789,27.93000030517578,27.700000762939453,27.889999389648438,604338.0
2025-04-02 11:30:00-04:00,27.889999389648438,27.915000915527344,27.760000228881836,27.899999618530273,348190.0
2025-04-02 12:30:00-04:00,27.899200439453125,28.065000534057617,27.815000534057617,27.934999465942383,570774.0
2025-04-02 13:30:00-04:00,27.934999465942383,27.940000534057617,27.690000534057617,27.69499969482422,650436.0
2025-04-02 14:30:00-04:00,27.690000534057617,27.8700008392334,27.684999465942383,27.854999542236328,621424.0
2025-04-02 15:30:00-04:00,27.854999542236328,27.93000030517578,27.81999969482422,27.850000381469727,1284029.0
2025-04-02 16:00:00-04:00,27.88,28.08,27.18,27.34,0.0
2025-04-02 17:00:00-04:00,27.37,27.48,26.94,26.94,0.0
2025-04-02 18:00:00-04:00,26.93,27.0,26.39,26.3998,0.0
2025-04-02 19:00:00-04:00,26.4,26.4,26.34,26.35,0.0
2025-04-03 04:00:00-04:00,27.48,27.48,26.45,26.46,0.0
2025-04-03 05:00:00-04:00,26.48,26.48,26.12,26.29,0.0
2025-04-03 06:00:00-04:00,26.29,26.29,26.1,26.13,0.0
2025-04-03 07:00:00-04:00,26.13,26.14,25.87,25.93,0.0
2025-04-03 08:00:00-04:00,25.93,27.52,25.67,25.87,0.0
2025-04-03 09:00:00-04:00,25.85,25.85,25.42,25.64,0.0
2025-04-03 09:30:00-04:00,25.8799991607666,25.940000534057617,22.94499969482422,23.453800201416016,6585625.0
2025-04-03 10:30:00-04:00,23.454999923706055,24.34000015258789,23.454999923706055,24.264999389648438,3035932.0
2025-04-03 11:30:00-04:00,24.270000457763672,24.43000030517578,24.094999313354492,24.274999618530273,2420109.0
2025-04-03 12:30:00-04:00,24.274999618530273,24.315000534057617,23.96500015258789,24.06999969482422,1916739.0
2025-04-03 13:30:00-04:00,24.06999969482422,24.364999771118164,24.024999618530273,24.03499984741211,1485492.0
2025-04-03 14:30:00-04:00,24.040000915527344,24.06999969482422,23.8700008392334,23.905000686645508,2106275.0
2025-04-03 15:30:00-04:00,23.90999984741211,23.979999542236328,23.760000228881836,23.770000457763672,3070186.0
2025-04-03 16:00:00-04:00,23.78,24.08,23.68,23.88,0.0
2025-04-03 17:00:00-04:00,23.78,24.08,23.78,23.99,0.0
2025-04-03 18:00:00-04:00,24.08,24.08,23.6805,23.9,0.0
2025-04-03 19:00:00-04:00,24.0,24.08,23.7192,24.08,0.0
2025-04-04 04:00:00-04:00,23.75,24.03,23.71,23.72,0.0
2025-04-04 05:00:00-04:00,24.15,24.15,23.77,23.77,0.0
2025-04-04 06:00:00-04:00,23.77,23.77,23.1,23.14,0.0
2025-04-04 07:00:00-04:00,23.22,23.22,22.71,22.81,0.0
2025-04-04 08:00:00-04:00,22.76,24.1,22.76,23.0201,0.0
2025-04-04 09:00:00-04:00,23.25,23.3,23.02,23.1,0.0
2025-04-04 09:30:00-04:00,23.31999969482422,23.459999084472656,22.434999465942383,22.4950008392334,3478641.0
2025-04-04 10:30:00-04:00,22.4950008392334,22.950000762939453,21.959999084472656,22.56999969482422,3243217.0
2025-04-04 11:30:00-04:00,22.575000762939453,22.81999969482422,22.450000762939453,22.5,2677769.0
2025-04-04 12:30:00-04:00,22.5,22.709999084472656,22.239999771118164,22.395000457763672,2029107.0
2025-04-04 13:30:00-04:00,22.389999389648438,23.03499984741211,22.270000457763672,22.46500015258789,3280552.0
2025-04-04 14:30:00-04:00,22.46500015258789,22.75,22.190000534057617,22.709999084472656,1966881.0
2025-04-04 15:30:00-04:00,22.704999923706055,22.93000030517578,22.510000228881836,22.59000015258789,3725734.0
2025-04-04 16:00:00-04:00,22.61,22.7425,22.45,22.57,0.0
2025-04-04 17:00:00-04:00,22.57,22.76,22.53,22.76,0.0
2025-04-04 18:00:00-04:00,22.6014,22.76,22.3897,22.3897,0.0
2025-04-04 19:00:00-04:00,22.6992,22.7,22.5,22.6,0.0
2025-04-07 04:00:00-04:00,22.75,22.75,21.56,21.89,0.0
2025-04-07 05:00:00-04:00,21.94,22.0,21.52,21.7,0.0
2025-04-07 06:00:00-04:00,21.7,22.19,21.43,22.17,0.0
2025-04-07 07:00:00-04:00,22.17,22.35,22.09,22.35,0.0
2025-04-07 08:00:00-04:00,22.09,22.42,21.15,22.13,0.0
2025-04-07 09:00:00-04:00,22.1,22.25,21.71,22.21,0.0
2025-04-07 09:30:00-04:00,21.850000381469727,24.059999465942383,21.59000015258789,22.799999237060547,2802722.0
2025-04-07 10:30:00-04:00,22.809999465942383,23.540000915527344,22.3700008392334,22.459999084472656,2238266.0
2025-04-07 11:30:00-04:00,22.479999542236328,23.020000457763672,22.459999084472656,22.704999923706055,1481352.0
2025-04-07 12:30:00-04:00,22.700000762939453,23.18000030517578,22.479999542236328,23.155000686645508,1948216.0
2025-04-07 13:30:00-04:00,23.15999984741211,23.350000381469727,22.809999465942383,22.850000381469727,2136329.0
2025-04-07 14:30:00-04:00,22.8700008392334,23.200000762939453,22.84000015258789,23.010000228881836,1873991.0
2025-04-07 15:30:00-04:00,22.989999771118164,23.450000762939453,22.989999771118164,23.354999542236328,3941336.0
2025-04-07 16:00:00-04:00,23.38,23.75,23.3,23.4618,0.0
2025-04-07 17:00:00-04:00,23.48,23.5,23.0,23.0,0.0
2025-04-07 18:00:00-04:00,23.0,23.75,23.0,23.5,0.0
2025-04-07 19:00:00-04:00,23.589,23.75,23.38,23.4,0.0
2025-04-08 04:00:00-04:00,23.45,23.84,23.44,23.63,0.0
2025-04-08 05:00:00-04:00,23.63,23.88,23.63,23.7,0.0
2025-04-08 06:00:00-04:00,23.7,23.7,23.51,23.51,0.0
2025-04-08 07:00:00-04:00,23.85,23.88,23.52,23.88,0.0
2025-04-08 08:00:00-04:00,23.86,24.0,23.4,24.0,0.0
2025-04-08 09:00:00-04:00,23.96,24.1187,23.95,24.0891,0.0
2025-04-08 09:30:00-04:00,23.700000762939453,23.81999969482422,22.90999984741211,23.469999313354492,3000892.0
2025-04-08 10:30:00-04:00,23.46500015258789,23.570600509643555,22.758100509643555,22.80500030517578,2147505.0
2025-04-08 11:30:00-04:00,22.809999465942383,23.149999618530273,22.735000610351562,22.889999389648438,1324974.0
2025-04-08 12:30:00-04:00,22.899999618530273,22.979999542236328,22.309999465942383,22.389999389648438,1756301.0
2025-04-08 13:30:00-04:00,22.3799991607666,22.700000762939453,22.270000457763672,22.280000686645508,1654367.0
2025-04-08 14:30:00-04:00,22.270000457763672,22.6200008392334,21.864999771118164,22.0,1975743.0
2025-04-08 15:30:00-04:00,22.0,22.014999389648438,21.510000228881836,21.860000610351562,2813891.0
2025-04-08 16:00:00-04:00,21.88,22.97,21.7,22.5,0.0
2025-04-08 17:00:00-04:00,22.3,22.5,21.7283,22.15,0.0
2025-04-08 18:00:00-04:00,22.28,22.28,21.6007,21.74,0.0
2025-04-08 19:00:00-04:00,21.87,22.08,21.5,21.74,0.0
2025-04-09 04:00:00-04:00,22.5,22.5,21.62,21.62,0.0
2025-04-09 05:00:00-04:00,21.94,21.95,21.69,21.95,0.0
2025-04-09 06:00:00-04:00,22.15,22.15,21.76,21.78,0.0
2025-04-09 07:00:00-04:00,21.78,21.9,21.55,21.62,0.0
2025-04-09 08:00:00-04:00,21.58,22.4091,21.15,21.21,0.0
2025-04-09 09:00:00-04:00,21.12,21.8,21.1,21.69,0.0
2025-04-09 09:30:00-04:00,21.5,22.149999618530273,21.5,21.760000228881836,1582091.0
2025-04-09 10:30:00-04:00,21.760000228881836,21.93000030517578,21.360000610351562,21.65999984741211,1444318.0
2025-04-09 11:30:00-04:00,21.665000915527344,21.729999542236328,21.209999084472656,21.440000534057617,2993719.0
2025-04-09 12:30:00-04:00,21.440000534057617,23.239999771118164,21.309999465942383,22.795000076293945,1739948.0
2025-04-09 13:30:00-04:00,22.809999465942383,24.149999618530273,22.760000228881836,24.049999237060547,2041827.0
2025-04-09 14:30:00-04:00,24.049999237060547,24.149999618530273,23.209999084472656,24.030000686645508,2181596.0
2025-04-09 15:30:00-04:00,24.030000686645508,24.334999084472656,23.8799991607666,24.280000686645508,3124190.0
2025-04-09 16:00:00-04:00,24.34,24.38,24.09,24.2013,0.0
2025-04-09 17:00:00-04:00,24.25,24.5691,24.21,24.34,0.0
2025-04-09 18:00:00-04:00,24.35,24.49,24.24,24.42,0.0
2025-04-09 19:00:00-04:00,24.42,24.43,24.26,24.4198,0.0
2025-04-10 04:00:00-04:00,24.37,24.39,23.57,23.57,0.0
2025-04-10 05:00:00-04:00,23.82,23.9,23.46,23.66,0.0
2025-04-10 06:00:00-04:00,23.66,23.82,23.66,23.82,0.0
2025-04-10 07:00:00-04:00,23.81,23.91,23.57,23.57,0.0
2025-04-10 08:00:00-04:00,23.67,24.01,23.5101,23.97,0.0
2025-04-10 09:00:00-04:00,23.8,23.96,23.1,23.81,0.0
2025-04-10 09:30:00-04:00,23.420000076293945,23.65999984741211,22.920000076293945,23.299999237060547,2522175.0
2025-04-10 10:30:00-04:00,23.299999237060547,23.450000762939453,23.020000457763672,23.020000457763672,1254322.0
2025-04-10 11:30:00-04:00,23.010000228881836,23.040000915527344,22.31999969482422,22.450000762939453,1152878.0
2025-04-10 12:30:00-04:00,22.440000534057617,23.010000228881836,22.3700008392334,22.709999084472656,967710.0
2025-04-10 13:30:00-04:00,22.690000534057617,23.229999542236328,22.655000686645508,23.149999618530273,1169557.0
2025-04-10 14:30:00-04:00,23.149999618530273,23.18000030517578,22.690000534057617,22.704099655151367,886283.0
2025-04-10 15:30:00-04:00,22.700000762939453,22.88249969482422,22.510000228881836,22.860000610351562,1490209.0
2025-04-10 16:00:00-04:00,22.87,23.4,22.87,23.39,0.0
2025-04-10 17:00:00-04:00,23.39,23.39,22.87,22.97,0.0
2025-04-10 18:00:00-04:00,22.97,22.98,22.95,22.9782,0.0
2025-04-10 19:00:00-04:00,22.98,22.98,22.78,22.78,0.0
2025-04-11 04:00:00-04:00,23.07,23.14,22.85,22.89,0.0
2025-04-11 05:00:00-04:00,22.85,23.02,22.63,22.98,0.0
2025-04-11 06:00:00-04:00,22.87,23.21,22.87,23.21,0.0
2025-04-11 07:00:00-04:00,23.21,23.3,22.77,22.95,0.0
2025-04-11 08:00:00-04:00,23.04,23.99,22.71,23.16,0.0
2025-04-11 09:00:00-04:00,23.25,23.25,22.81,22.9,0.0
2025-04-11 09:30:00-04:00,22.989999771118164,23.045000076293945,22.399999618530273,22.420000076293945,1055159.0
2025-04-11 10:30:00-04:00,22.420000076293945,22.854999542236328,22.399999618530273,22.6200008392334,1639087.0
2025-04-11 11:30:00-04:00,22.614999771118164,22.985000610351562,22.610000610351562,22.885000228881836,745668.0
2025-04-11 12:30:00-04:00,22.885000228881836,23.209999084472656,22.885000228881836,22.9950008392334,777552.0
2025-04-11 13:30:00-04:00,22.9950008392334,23.43000030517578,22.975000381469727,23.15999984741211,1047848.0
2025-04-11 14:30:00-04:00,23.165000915527344,23.315000534057617,23.010000228881836,23.225000381469727,1288433.0
2025-04-11 15:30:00-04:00,23.219999313354492,23.469999313354492,23.184999465942383,23.434999465942383,2056858.0
2025-04-11 16:00:00-04:00,23.435,23.49,23.04,23.42,0.0
2025-04-11 17:00:00-04:00,23.42,23.43,23.4,23.43,0.0
2025-04-11 18:00:00-04:00,23.4,23.4,23.05,23.1,0.0
2025-04-11 19:00:00-04:00,23.35,23.35,23.35,23.35,0.0
2025-04-14 04:00:00-04:00,25.0,25.29,24.65,24.92,0.0
2025-04-14 05:00:00-04:00,24.89,24.89,24.61,24.72,0.0
2025-04-14 06:00:00-04:00,24.65,24.65,24.1,24.46,0.0
2025-04-14 07:00:00-04:00,24.32,24.54,24.29,24.43,0.0
2025-04-14 08:00:00-04:00,24.5,25.51,24.2088,24.65,0.0
2025-04-14 09:00:00-04:00,24.65,25.1,24.52,25.0499,0.0
2025-04-14 09:30:00-04:00,24.690000534057617,25.10919952392578,24.190000534057617,24.274999618530273,2330309.0
2025-04-14 10:30:00-04:00,24.28499984741211,24.43000030517578,23.9950008392334,24.0049991607666,1177596.0
2025-04-14 11:30:00-04:00,24.0049991607666,24.040000915527344,23.649999618530273,23.795000076293945,1206546.0
2025-04-14 12:30:00-04:00,23.799999237060547,24.100000381469727,23.783599853515625,23.920000076293945,791162.0
2025-04-14 13:30:00-04:00,23.90999984741211,24.138999938964844,23.8799991607666,24.11949920654297,819163.0
2025-04-14 14:30:00-04:00,24.114999771118164,24.290000915527344,24.09000015258789,24.229999542236328,1003410.0
2025-04-14 15:30:00-04:00,24.225000381469727,24.25979995727539,24.014999389648438,24.040000915527344,1714748.0
2025-04-14 16:00:00-04:00,24.04,24.15,23.9,23.98,0.0
2025-04-14 17:00:00-04:00,23.6612,23.6612,23.66,23.66,0.0
2025-04-14 18:00:00-04:00,24.09,24.09,24.04,24.09,0.0
2025-04-14 19:00:00-04:00,24.09,24.1,24.06,24.1,0.0
2025-04-15 04:00:00-04:00,24.1,24.1,24.06,24.06,0.0
2025-04-15 05:00:00-04:00,24.05,24.24,24.05,24.21,0.0
2025-04-15 06:00:00-04:00,24.21,24.21,24.21,24.21,0.0
2025-04-15 07:00:00-04:00,24.21,24.21,24.08,24.08,0.0
2025-04-15 08:00:00-04:00,24.08,24.4688,23.98,23.98,0.0
2025-04-15 09:00:00-04:00,23.98,24.08,23.9,23.9,0.0
2025-04-15 09:30:00-04:00,24.0,24.270000457763672,23.71500015258789,23.78499984741211,1433370.0
2025-04-15 10:30:00-04:00,23.780000686645508,23.829999923706055,23.600000381469727,23.757699966430664,1121446.0
2025-04-15 11:30:00-04:00,23.760000228881836,23.854999542236328,23.579999923706055,23.645000457763672,771661.0
2025-04-15 12:30:00-04:00,23.649999618530273,23.690000534057617,23.510000228881836,23.520000457763672,644144.0
2025-04-15 13:30:00-04:00,23.520000457763672,23.719999313354492,23.520000457763672,23.665000915527344,725811.0
2025-04-15 14:30:00-04:00,23.665000915527344,23.80500030517578,23.664600372314453,23.729999542236328,825174.0
2025-04-15 15:30:00-04:00,23.735000610351562,23.780000686645508,23.684999465942383,23.729999542236328,1840287.0
2025-04-15 16:00:00-04:00,23.74,23.95,23.72,23.95,0.0
2025-04-15 17:00:00-04:00,23.95,23.95,23.61,23.61,0.0
2025-04-15 18:00:00-04:00,23.62,23.74,23.5,23.6,0.0
2025-04-15 19:00:00-04:00,23.61,23.7399,23.5,23.51,0.0
2025-04-16 04:00:00-04:00,23.65,23.65,23.22,23.41,0.0
2025-04-16 05:00:00-04:00,23.41,23.6,23.25,23.25,0.0
2025-04-16 06:00:00-04:00,23.25,23.25,23.25,23.25,0.0
2025-04-16 07:00:00-04:00,23.25,23.52,23.25,23.52,0.0
2025-04-16 08:00:00-04:00,23.52,23.74,23.21,23.64,0.0
2025-04-16 09:00:00-04:00,23.64,23.64,23.36,23.4,0.0
2025-04-16 09:30:00-04:00,23.3799991607666,23.75,23.299999237060547,23.584999084472656,769497.0
2025-04-16 10:30:00-04:00,23.579999923706055,23.789899826049805,23.520000457763672,23.734699249267578,820606.0
2025-04-16 11:30:00-04:00,23.735000610351562,23.7450008392334,23.510000228881836,23.575000762939453,469143.0
2025-04-16 12:30:00-04:00,23.575000762939453,23.6299991607666,23.5049991607666,23.600000381469727,468358.0
2025-04-16 13:30:00-04:00,23.600000381469727,23.604999542236328,23.19499969482422,23.360000610351562,638117.0
2025-04-16 14:30:00-04:00,23.350000381469727,23.375,23.07110023498535,23.114999771118164,936371.0
2025-04-16 15:30:00-04:00,23.114999771118164,23.489999771118164,23.114999771118164,23.479999542236328,1364557.0
2025-04-16 16:00:00-04:00,23.47,23.89,23.4,23.5,0.0
2025-04-16 17:00:00-04:00,23.89,23.89,23.2762,23.2762,0.0
2025-04-16 18:00:00-04:00,23.35,23.51,23.35,23.35,0.0
2025-04-16 19:00:00-04:00,23.5191,23.54,23.4,23.4,0.0
2025-04-17 04:00:00-04:00,23.4,23.88,23.4,23.88,0.0
2025-04-17 05:00:00-04:00,23.88,23.88,23.59,23.64,0.0
2025-04-17 06:00:00-04:00,23.64,23.75,23.64,23.75,0.0
2025-04-17 07:00:00-04:00,23.71,23.71,23.39,23.57,0.0
2025-04-17 08:00:00-04:00,23.57,23.72,23.37,23.38,0.0
2025-04-17 09:00:00-04:00,23.38,23.6,23.38,23.6,0.0
2025-04-17 09:30:00-04:00,23.719999313354492,23.790000915527344,23.549999237060547,23.611600875854492,976121.0
2025-04-17 10:30:00-04:00,23.6200008392334,23.84000015258789,23.55500030517578,23.729999542236328,612178.0
2025-04-17 11:30:00-04:00,23.729999542236328,23.81999969482422,23.6200008392334,23.809999465942383,485409.0
2025-04-17 12:30:00-04:00,23.799999237060547,23.905000686645508,23.690000534057617,23.799999237060547,549558.0
2025-04-17 13:30:00-04:00,23.809999465942383,23.99970054626465,23.80500030517578,23.934999465942383,601807.0
2025-04-17 14:30:00-04:00,23.934999465942383,23.985000610351562,23.71500015258789,23.7450008392334,746328.0
2025-04-17 15:30:00-04:00,23.740999221801758,23.834999084472656,23.639999389648438,23.81999969482422,1450002.0
2025-04-17 16:00:00-04:00,23.83,24.0,23.45,23.45,0.0
2025-04-17 17:00:00-04:00,23.45,24.0,23.45,24.0,0.0
2025-04-17 18:00:00-04:00,24.0,24.0,23.87,23.87,0.0
2025-04-17 19:00:00-04:00,24.0,24.0,23.85,24.0,0.0
2025-04-21 04:00:00-04:00,24.0,24.23,23.44,24.01,0.0
2025-04-21 05:00:00-04:00,24.01,24.01,23.72,23.72,0.0
2025-04-21 06:00:00-04:00,23.72,23.73,23.72,23.73,0.0
2025-04-21 07:00:00-04:00,23.73,23.77,23.51,23.66,0.0
2025-04-21 08:00:00-04:00,23.66,24.2388,23.4501,23.7133,0.0
2025-04-21 09:00:00-04:00,23.7133,23.7133,23.5,23.5,0.0
2025-04-21 09:30:00-04:00,23.450000762939453,23.549999237060547,23.30500030517578,23.329999923706055,578010.0
2025-04-21 10:30:00-04:00,23.334999084472656,23.375,23.125,23.155000686645508,809751.0
2025-04-21 11:30:00-04:00,23.155000686645508,23.40999984741211,23.104999542236328,23.40999984741211,647030.0
2025-04-21 12:30:00-04:00,23.40999984741211,23.604999542236328,23.395000457763672,23.579999923706055,939169.0
2025-04-21 13:30:00-04:00,23.584999084472656,23.68000030517578,23.565000534057617,23.65999984741211,1220399.0
2025-04-21 14:30:00-04:00,23.65999984741211,23.7549991607666,23.600000381469727,23.684999465942383,1243276.0
2025-04-21 15:30:00-04:00,23.690000534057617,23.825000762939453,23.674999237060547,23.75,1847283.0
2025-04-21 16:00:00-04:00,23.75,23.83,23.51,23.73,0.0
2025-04-21 17:00:00-04:00,23.72,23.73,23.13,23.72,0.0
2025-04-21 18:00:00-04:00,23.72,23.72,23.72,23.72,0.0
2025-04-21 19:00:00-04:00,23.73,23.75,23.51,23.74,0.0
2025-04-22 04:00:00-04:00,23.75,23.97,23.75,23.97,0.0
2025-04-22 05:00:00-04:00,23.97,23.99,23.95,23.99,0.0
2025-04-22 06:00:00-04:00,23.99,23.99,23.96,23.98,0.0
2025-04-22 07:00:00-04:00,23.98,23.99,23.98,23.99,0.0
2025-04-22 08:00:00-04:00,23.99,24.23,23.88,23.98,0.0
2025-04-22 09:00:00-04:00,23.98,24.08,23.96,24.08,0.0
2025-04-22 09:30:00-04:00,24.020000457763672,24.149999618530273,23.889999389648438,23.924999237060547,619166.0
2025-04-22 10:30:00-04:00,23.920000076293945,24.059999465942383,23.854999542236328,23.915000915527344,687708.0
2025-04-22 11:30:00-04:00,23.915000915527344,24.145000457763672,23.780000686645508,24.110000610351562,561053.0
2025-04-22 12:30:00-04:00,24.100000381469727,24.14539909362793,23.774999618530273,23.795000076293945,713593.0
2025-04-22 13:30:00-04:00,23.790000915527344,24.135000228881836,23.780000686645508,24.114999771118164,686244.0
2025-04-22 14:30:00-04:00,24.1200008392334,24.25,24.05500030517578,24.06999969482422,599814.0
2025-04-22 15:30:00-04:00,24.06999969482422,24.209999084472656,24.024999618530273,24.165000915527344,1226227.0
2025-04-22 16:00:00-04:00,24.18,24.2,24.15,24.15,0.0
2025-04-22 17:00:00-04:00,24.2486,25.16,24.12,24.12,0.0
2025-04-22 18:00:00-04:00,24.6,24.78,24.6,24.67,0.0
2025-04-22 19:00:00-04:00,24.78,24.78,24.65,24.65,0.0
2025-04-23 04:00:00-04:00,24.65,24.74,24.65,24.7,0.0
2025-04-23 05:00:00-04:00,24.71,24.87,24.71,24.87,0.0
2025-04-23 06:00:00-04:00,24.76,24.81,24.75,24.76,0.0
2025-04-23 07:00:00-04:00,24.76,25.0,24.76,24.87,0.0
2025-04-23 08:00:00-04:00,24.81,25.0,24.6,24.86,0.0
2025-04-23 09:00:00-04:00,24.86,24.94,24.81,24.87,0.0
2025-04-23 09:30:00-04:00,25.110000610351562,25.579999923706055,24.934999465942383,25.17009925842285,1498992.0
2025-04-23 10:30:00-04:00,25.170000076293945,25.260000228881836,24.774999618530273,24.829999923706055,600788.0
2025-04-23 11:30:00-04:00,24.829999923706055,24.8700008392334,24.489999771118164,24.610000610351562,686683.0
2025-04-23 12:30:00-04:00,24.6200008392334,24.80500030517578,24.56999969482422,24.739999771118164,542745.0
2025-04-23 13:30:00-04:00,24.739999771118164,24.875,24.649999618530273,24.739999771118164,611129.0
2025-04-23 14:30:00-04:00,24.75,24.809999465942383,24.559999465942383,24.584999084472656,590255.0
2025-04-23 15:30:00-04:00,24.584999084472656,24.645000457763672,24.489999771118164,24.604999542236328,1382324.0
2025-04-23 16:00:00-04:00,24.63,24.98,23.47,24.98,0.0
2025-04-23 17:00:00-04:00,24.8,24.92,24.8,24.92,0.0
2025-04-23 18:00:00-04:00,24.92,24.92,24.92,24.92,0.0
2025-04-23 19:00:00-04:00,24.8,24.91,24.46,24.91,0.0
2025-04-24 04:00:00-04:00,24.92,24.92,24.75,24.75,0.0
2025-04-24 05:00:00-04:00,24.41,24.41,24.29,24.3,0.0
2025-04-24 06:00:00-04:00,24.3,24.63,24.3,24.39,0.0
2025-04-24 07:00:00-04:00,24.39,24.61,24.39,24.51,0.0
2025-04-24 08:00:00-04:00,24.5,24.9,24.39,24.52,0.0
2025-04-24 09:00:00-04:00,24.52,24.92,24.52,24.58,0.0
2025-04-24 09:30:00-04:00,24.739999771118164,25.03499984741211,24.549999237060547,24.989999771118164,789624.0
2025-04-24 10:30:00-04:00,24.989999771118164,25.059999465942383,24.844999313354492,24.920000076293945,709460.0
2025-04-24 11:30:00-04:00,24.924999237060547,25.110000610351562,24.895000457763672,25.049999237060547,585511.0
2025-04-24 12:30:00-04:00,25.059999465942383,25.149999618530273,25.045000076293945,25.10919952392578,425578.0
2025-04-24 13:30:00-04:00,25.104999542236328,25.309999465942383,25.104999542236328,25.135000228881836,883063.0
2025-04-24 14:30:00-04:00,25.139999389648438,25.25,25.104999542236328,25.145000457763672,498867.0
2025-04-24 15:30:00-04:00,25.149999618530273,25.350000381469727,25.149999618530273,25.30500030517578,1161640.0
2025-04-24 16:00:00-04:00,25.33,25.493,25.12,25.48,0.0
2025-04-24 17:00:00-04:00,25.49,26.0,25.4,25.71,0.0
2025-04-24 18:00:00-04:00,25.7,25.89,25.4,25.4,0.0
2025-04-24 19:00:00-04:00,25.41,25.41,25.4,25.4,0.0
2025-04-25 04:00:00-04:00,25.41,25.71,25.34,25.58,0.0
2025-04-25 05:00:00-04:00,25.58,25.58,25.39,25.4,0.0
2025-04-25 06:00:00-04:00,25.51,25.52,25.3,25.3,0.0
2025-04-25 07:00:00-04:00,25.39,25.59,25.08,25.25,0.0
2025-04-25 08:00:00-04:00,25.25,25.51,25.0525,25.5,0.0
2025-04-25 09:00:00-04:00,25.5,25.5,25.32,25.39,0.0
2025-04-25 09:30:00-04:00,25.329999923706055,25.520000457763672,25.059999465942383,25.079999923706055,784259.0
2025-04-25 10:30:00-04:00,25.079999923706055,25.219999313354492,25.079999923706055,25.110000610351562,491310.0
2025-04-25 11:30:00-04:00,25.104999542236328,25.239999771118164,25.079999923706055,25.19499969482422,482334.0
2025-04-25 12:30:00-04:00,25.19499969482422,25.3799991607666,25.19499969482422,25.3700008392334,432799.0
2025-04-25 13:30:00-04:00,25.3700008392334,25.409900665283203,25.145000457763672,25.309999465942383,474594.0
2025-04-25 14:30:00-04:00,25.299999237060547,25.385000228881836,25.229999542236328,25.25,360596.0
2025-04-25 15:30:00-04:00,25.25,25.309999465942383,25.15999984741211,25.270000457763672,932389.0
2025-04-25 16:00:00-04:00,25.28,25.58,25.07,25.58,0.0
2025-04-25 17:00:00-04:00,25.5,25.58,25.085,25.085,0.0
2025-04-25 18:00:00-04:00,25.5,25.58,25.14,25.14,0.0
2025-04-25 19:00:00-04:00,25.0701,25.58,25.0701,25.58,0.0
2025-04-28 04:00:00-04:00,25.02,25.45,25.02,25.28,0.0
2025-04-28 05:00:00-04:00,25.27,25.39,25.25,25.25,0.0
2025-04-28 06:00:00-04:00,25.27,25.27,25.25,25.25,0.0
2025-04-28 07:00:00-04:00,25.25,25.27,25.25,25.27,0.0
2025-04-28 08:00:00-04:00,25.27,25.6388,25.07,25.28,0.0
2025-04-28 09:00:00-04:00,25.28,25.39,25.25,25.28,0.0
2025-04-28 09:30:00-04:00,25.280000686645508,25.540000915527344,25.19499969482422,25.325000762939453,898001.0
2025-04-28 10:30:00-04:00,25.329999923706055,25.450000762939453,25.09000015258789,25.100000381469727,490274.0
2025-04-28 11:30:00-04:00,25.104999542236328,25.21500015258789,25.094999313354492,25.125,335757.0
2025-04-28 12:30:00-04:00,25.1299991607666,25.219999313354492,25.03499984741211,25.03499984741211,485685.0
2025-04-28 13:30:00-04:00,25.03499984741211,25.270000457763672,25.02440071105957,25.260000228881836,441733.0
2025-04-28 14:30:00-04:00,25.270000457763672,25.34000015258789,25.2549991607666,25.299999237060547,388177.0
2025-04-28 15:30:00-04:00,25.299999237060547,25.475000381469727,25.264999389648438,25.389999389648438,1193482.0
2025-04-28 16:00:00-04:00,25.4,25.58,25.0,25.4,0.0
2025-04-28 17:00:00-04:00,25.4,25.58,25.1,25.1,0.0
2025-04-28 18:00:00-04:00,25.1,25.5,25.1,25.5,0.0
2025-04-28 19:00:00-04:00,25.26,25.5,25.13,25.5,0.0
2025-04-29 04:00:00-04:00,25.65,25.65,25.5,25.5,0.0
2025-04-29 05:00:00-04:00,25.19,25.32,25.19,25.19,0.0
2025-04-29 06:00:00-04:00,25.19,25.19,25.19,25.19,0.0
2025-04-29 07:00:00-04:00,25.19,25.19,25.19,25.19,0.0
2025-04-29 08:00:00-04:00,25.19,25.66,25.19,25.45,0.0
2025-04-29 09:00:00-04:00,25.45,25.57,25.25,25.3,0.0
2025-04-29 09:30:00-04:00,25.059999465942383,25.450000762939453,25.059999465942383,25.235000610351562,632549.0
2025-04-29 10:30:00-04:00,25.235000610351562,25.489999771118164,25.225000381469727,25.475000381469727,515697.0
2025-04-29 11:30:00-04:00,25.475000381469727,25.594999313354492,25.399999618530273,25.53499984741211,515710.0
2025-04-29 12:30:00-04:00,25.540000915527344,25.540000915527344,25.299999237060547,25.354999542236328,293780.0
2025-04-29 13:30:00-04:00,25.360000610351562,25.59000015258789,25.344999313354492,25.545000076293945,839574.0
2025-04-29 14:30:00-04:00,25.545000076293945,25.625,25.469999313354492,25.565000534057617,586207.0
2025-04-29 15:30:00-04:00,25.565000534057617,25.579999923706055,25.489999771118164,25.530000686645508,988399.0
2025-04-29 16:00:00-04:00,25.53,25.62,25.14,25.14,0.0
2025-04-29 17:00:00-04:00,25.59,25.59,25.1,25.59,0.0
2025-04-29 18:00:00-04:00,25.51,25.61,25.51,25.6,0.0
2025-04-29 19:00:00-04:00,25.53,25.53,25.53,25.53,0.0
2025-04-30 04:00:00-04:00,25.53,25.53,25.53,25.53,0.0
2025-04-30 05:00:00-04:00,25.53,25.53,25.47,25.47,0.0
2025-04-30 06:00:00-04:00,25.42,25.5,25.35,25.5,0.0
2025-04-30 07:00:00-04:00,25.35,25.58,25.3,25.42,0.0
2025-04-30 08:00:00-04:00,25.42,25.42,25.3,25.3,0.0
2025-04-30 09:00:00-04:00,25.32,25.63,24.96,25.0294,0.0
2025-04-30 09:30:00-04:00,24.920000076293945,25.280000686645508,24.920000076293945,25.260000228881836,880543.0
2025-04-30 10:30:00-04:00,25.25,25.390100479125977,25.163999557495117,25.354999542236328,398410.0
2025-04-30 11:30:00-04:00,25.354999542236328,25.385000228881836,25.184999465942383,25.21500015258789,456530.0
2025-04-30 12:30:00-04:00,25.209999084472656,25.360000610351562,25.190000534057617,25.34000015258789,269649.0
2025-04-30 13:30:00-04:00,25.34000015258789,25.559999465942383,25.33009910583496,25.415000915527344,675410.0
2025-04-30 14:30:00-04:00,25.40999984741211,25.457500457763672,25.329999923706055,25.389999389648438,394911.0
2025-04-30 15:30:00-04:00,25.389999389648438,25.670000076293945,25.370100021362305,25.56999969482422,916490.0
2025-04-30 16:00:00-04:00,25.57,25.68,25.11,25.5,0.0
2025-04-30 17:00:00-04:00,25.5,25.78,25.5,25.51,0.0
2025-04-30 18:00:00-04:00,25.51,25.78,25.46,25.52,0.0
2025-04-30 19:00:00-04:00,25.52,25.61,25.52,25.6,0.0
2025-05-01 04:00:00-04:00,25.57,25.57,25.57,25.57,0.0
2025-05-01 05:00:00-04:00,25.69,25.75,25.57,25.57,0.0
2025-05-01 06:00:00-04:00,25.58,25.58,25.0,25.55,0.0
2025-05-01 07:00:00-04:00,25.57,25.88,25.57,25.88,0.0
2025-05-01 08:00:00-04:00,25.78,26.34,25.7,25.72,0.0
2025-05-01 09:00:00-04:00,25.72,25.97,25.3987,25.68,0.0
2025-05-01 09:30:00-04:00,25.670000076293945,25.8799991607666,25.625,25.760000228881836,1025872.0
2025-05-01 10:30:00-04:00,25.760000228881836,25.790000915527344,25.59000015258789,25.719999313354492,809161.0
2025-05-01 11:30:00-04:00,25.725000381469727,25.735000610351562,25.405000686645508,25.469999313354492,638140.0
2025-05-01 12:30:00-04:00,25.469999313354492,25.55500030517578,25.454999923706055,25.530000686645508,504284.0
2025-05-01 13:30:00-04:00,25.530000686645508,25.579999923706055,25.459999084472656,25.56999969482422,547735.0
2025-05-01 14:30:00-04:00,25.575000762939453,25.579999923706055,25.49370002746582,25.549999237060547,561156.0
2025-05-01 15:30:00-04:00,25.559999465942383,25.594999313354492,25.360000610351562,25.389999389648438,1349505.0
2025-05-01 16:00:00-04:00,25.39,25.822,25.25,25.39,0.0
2025-05-01 17:00:00-04:00,25.39,25.39,25.3214,25.3214,0.0
2025-05-01 18:00:00-04:00,25.3214,25.39,25.3214,25.38,0.0
2025-05-01 19:00:00-04:00,25.38,25.389,25.3204,25.38,0.0
2025-05-02 04:00:00-04:00,25.5,25.74,25.5,25.69,0.0
2025-05-02 05:00:00-04:00,25.69,25.69,25.51,25.51,0.0
2025-05-02 06:00:00-04:00,25.51,25.59,25.51,25.51,0.0
2025-05-02 07:00:00-04:00,25.51,25.6,25.51,25.6,0.0
2025-05-02 08:00:00-04:00,25.6,25.69,25.5,25.62,0.0
2025-05-02 09:00:00-04:00,25.62,25.87,25.62,25.8,0.0
2025-05-02 09:30:00-04:00,25.93000030517578,26.030000686645508,25.790000915527344,26.020000457763672,796742.0
2025-05-02 10:30:00-04:00,26.010000228881836,26.0471248626709,25.86090087890625,25.86090087890625,705980.0
2025-05-02 11:30:00-04:00,25.864999771118164,25.9950008392334,25.834999084472656,25.950000762939453,640869.0
2025-05-02 12:30:00-04:00,25.959999084472656,26.040000915527344,25.829999923706055,25.90999984741211,536322.0
2025-05-02 13:30:00-04:00,25.905000686645508,26.03499984741211,25.885000228881836,26.020000457763672,432852.0
2025-05-02 14:30:00-04:00,26.024999618530273,26.075000762939453,25.90999984741211,26.0049991607666,610083.0
2025-05-02 15:30:00-04:00,26.0049991607666,26.030000686645508,25.915000915527344,25.950000762939453,904804.0
2025-05-02 16:00:00-04:00,25.95,26.0,25.01,25.44,0.0
2025-05-02 17:00:00-04:00,25.44,25.81,25.35,25.69,0.0
2025-05-02 18:00:00-04:00,25.69,25.8755,25.69,25.7,0.0
2025-05-02 19:00:00-04:00,25.65,25.78,25.55,25.78,0.0
2025-05-05 04:00:00-04:00,25.61,25.61,25.61,25.61,0.0
2025-05-05 05:00:00-04:00,25.69,25.69,25.63,25.64,0.0
2025-05-05 06:00:00-04:00,25.64,25.64,25.62,25.64,0.0
2025-05-05 07:00:00-04:00,25.56,25.75,25.56,25.56,0.0
2025-05-05 08:00:00-04:00,25.56,26.0059,25.5093,25.65,0.0
2025-05-05 09:00:00-04:00,25.56,25.66,23.68,25.63,0.0
2025-05-05 09:30:00-04:00,25.780000686645508,26.065000534057617,25.7549991607666,26.040000915527344,584432.0
2025-05-05 10:30:00-04:00,26.049999237060547,26.200000762939453,26.024999618530273,26.094999313354492,810277.0
2025-05-05 11:30:00-04:00,26.100000381469727,26.114999771118164,26.010000228881836,26.075000762939453,362143.0
2025-05-05 12:30:00-04:00,26.075000762939453,26.15999984741211,26.030000686645508,26.084999084472656,480705.0
2025-05-05 13:30:00-04:00,26.084999084472656,26.18000030517578,26.079999923706055,26.155000686645508,348676.0
2025-05-05 14:30:00-04:00,26.155000686645508,26.184999465942383,26.0049991607666,26.024999618530273,490328.0
2025-05-05 15:30:00-04:00,26.030000686645508,26.05500030517578,25.8700008392334,25.905000686645508,663479.0
2025-05-05 16:00:00-04:00,25.9,26.03,25.9,25.9,0.0
2025-05-05 17:00:00-04:00,25.9,26.05,25.9,25.95,0.0
2025-05-05 18:00:00-04:00,25.95,26.05,25.95,26.05,0.0
2025-05-05 19:00:00-04:00,25.9,25.91,25.9,25.91,0.0
2025-05-06 04:00:00-04:00,25.9,25.9,25.85,25.85,0.0
2025-05-06 05:00:00-04:00,25.85,25.85,25.62,25.62,0.0
2025-05-06 06:00:00-04:00,25.62,25.81,25.62,25.81,0.0
2025-05-06 07:00:00-04:00,25.81,25.81,25.8,25.8,0.0
2025-05-06 08:00:00-04:00,25.8,26.03,25.61,25.62,0.0
2025-05-06 09:00:00-04:00,25.67,25.7,25.6,25.65,0.0
2025-05-06 09:30:00-04:00,25.6200008392334,25.865299224853516,25.489999771118164,25.844999313354492,500498.0
2025-05-06 10:30:00-04:00,25.844999313354492,25.844999313354492,25.649999618530273,25.774999618530273,513096.0
2025-05-06 11:30:00-04:00,25.780000686645508,25.934999465942383,25.722400665283203,25.799999237060547,785788.0
2025-05-06 12:30:00-04:00,25.799999237060547,25.854999542236328,25.640100479125977,25.68000030517578,416041.0
2025-05-06 13:30:00-04:00,25.672100067138672,25.7450008392334,25.579999923706055,25.735000610351562,436248.0
2025-05-06 14:30:00-04:00,25.735000610351562,25.795000076293945,25.69499969482422,25.764999389648438,529891.0
2025-05-06 15:30:00-04:00,25.770000457763672,25.82539939880371,25.6200008392334,25.625,820049.0
2025-05-06 16:00:00-04:00,25.63,26.1,25.0,25.63,0.0
2025-05-06 17:00:00-04:00,25.64,25.64,25.57,25.61,0.0
2025-05-06 18:00:00-04:00,25.62,25.97,25.41,25.69,0.0
2025-05-06 19:00:00-04:00,25.96,26.07,25.96,26.07,0.0
2025-05-07 04:00:00-04:00,25.67,25.76,25.54,25.76,0.0
2025-05-07 05:00:00-04:00,25.76,25.76,25.76,25.76,0.0
2025-05-07 06:00:00-04:00,25.76,25.76,25.76,25.76,0.0
2025-05-07 07:00:00-04:00,25.92,25.97,25.81,25.81,0.0
2025-05-07 08:00:00-04:00,25.81,26.0,25.71,25.74,0.0
2025-05-07 09:00:00-04:00,25.73,25.74,25.68,25.68,0.0
2025-05-07 09:30:00-04:00,25.600000381469727,25.799999237060547,25.520000457763672,25.655000686645508,674713.0
2025-05-07 10:30:00-04:00,25.655000686645508,25.774999618530273,25.56999969482422,25.645000457763672,468660.0
2025-05-07 11:30:00-04:00,25.639999389648438,25.78499984741211,25.6299991607666,25.69499969482422,459806.0
2025-05-07 12:30:00-04:00,25.700000762939453,25.799999237060547,25.65999984741211,25.690000534057617,391780.0
2025-05-07 13:30:00-04:00,25.690000534057617,25.709999084472656,25.43000030517578,25.614999771118164,485622.0
2025-05-07 14:30:00-04:00,25.6200008392334,25.700000762939453,25.485000610351562,25.5,758501.0
2025-05-07 15:30:00-04:00,25.5,25.899999618530273,25.4950008392334,25.825000762939453,946269.0
2025-05-07 16:00:00-04:00,25.85,25.85,23.74,23.74,0.0
2025-05-07 17:00:00-04:00,25.6,25.81,25.6,25.81,0.0
2025-05-07 18:00:00-04:00,25.6714,25.89,25.6714,25.8,0.0
2025-05-07 19:00:00-04:00,25.89,25.89,25.6001,25.6001,0.0
2025-05-08 04:00:00-04:00,25.92,26.12,25.89,26.12,0.0
2025-05-08 05:00:00-04:00,26.12,26.12,26.05,26.12,0.0
2025-05-08 06:00:00-04:00,26.12,26.18,26.12,26.14,0.0
2025-05-08 07:00:00-04:00,26.14,26.18,26.13,26.14,0.0
2025-05-08 08:00:00-04:00,26.14,26.17,25.81,25.81,0.0
2025-05-08 09:00:00-04:00,25.9,26.16,25.9,26.16,0.0
2025-05-08 09:30:00-04:00,26.100000381469727,26.350000381469727,25.979999542236328,26.350000381469727,713528.0
2025-05-08 10:30:00-04:00,26.360000610351562,26.440000534057617,26.19499969482422,26.299999237060547,860304.0
2025-05-08 11:30:00-04:00,26.30500030517578,26.565000534057617,26.260000228881836,26.485000610351562,469155.0
2025-05-08 12:30:00-04:00,26.485000610351562,26.649999618530273,26.469999313354492,26.549999237060547,470350.0
2025-05-08 13:30:00-04:00,26.545000076293945,26.56999969482422,26.373600006103516,26.440000534057617,428387.0
2025-05-08 14:30:00-04:00,26.450000762939453,26.565000534057617,26.43000030517578,26.53499984741211,743457.0
2025-05-08 15:30:00-04:00,26.53499984741211,26.600000381469727,26.299999237060547,26.34000015258789,894218.0
2025-05-08 16:00:00-04:00,26.33,26.645,26.2,26.33,0.0
2025-05-08 17:00:00-04:00,26.33,26.62,26.33,26.62,0.0
2025-05-08 18:00:00-04:00,26.62,26.64,26.62,26.64,0.0
2025-05-08 19:00:00-04:00,26.2,26.61,26.2,26.61,0.0
2025-05-09 04:00:00-04:00,26.54,26.59,26.41,26.42,0.0
2025-05-09 05:00:00-04:00,26.42,26.56,26.42,26.43,0.0
2025-05-09 06:00:00-04:00,26.43,26.64,26.23,26.57,0.0
2025-05-09 07:00:00-04:00,26.57,26.57,26.26,26.45,0.0
2025-05-09 08:00:00-04:00,26.45,26.51,26.2325,26.47,0.0
2025-05-09 09:00:00-04:00,26.47,26.62,26.27,26.33,0.0
2025-05-09 09:30:00-04:00,26.670000076293945,26.920000076293945,26.56999969482422,26.729999542236328,2008893.0
2025-05-09 10:30:00-04:00,26.725000381469727,26.75,26.610000610351562,26.625,1338402.0
2025-05-09 11:30:00-04:00,26.6200008392334,26.670000076293945,26.405000686645508,26.44499969482422,663127.0
2025-05-09 12:30:00-04:00,26.44499969482422,26.5049991607666,26.40999984741211,26.485000610351562,343559.0
2025-05-09 13:30:00-04:00,26.489999771118164,26.525400161743164,26.424999237060547,26.435400009155273,513575.0
2025-05-09 14:30:00-04:00,26.43000030517578,26.530000686645508,26.420000076293945,26.459999084472656,527681.0
2025-05-09 15:30:00-04:00,26.454999923706055,26.549999237060547,26.420000076293945,26.459999084472656,1276463.0
2025-05-09 16:00:00-04:00,26.46,26.46,26.2,26.2667,0.0
2025-05-09 17:00:00-04:00,26.2667,26.7493,26.2667,26.7493,0.0
2025-05-09 18:00:00-04:00,26.7493,26.8827,26.2,26.2,0.0
2025-05-09 19:00:00-04:00,26.74,26.74,26.312,26.46,0.0
2025-05-12 04:00:00-04:00,26.9,27.5,26.9,27.32,0.0
2025-05-12 05:00:00-04:00,27.32,27.76,27.32,27.76,0.0
2025-05-12 06:00:00-04:00,27.74,27.75,27.7,27.71,0.0
2025-05-12 07:00:00-04:00,27.76,28.17,27.76,28.14,0.0
2025-05-12 08:00:00-04:00,28.15,28.202,26.99,28.2,0.0
2025-05-12 09:00:00-04:00,28.2,28.2,27.7,27.73,0.0
2025-05-12 09:30:00-04:00,28.18000030517578,29.05500030517578,28.15999984741211,28.385000228881836,2923217.0
2025-05-12 10:30:00-04:00,28.3799991607666,28.489999771118164,28.204999923706055,28.235000610351562,1632511.0
2025-05-12 11:30:00-04:00,28.229999542236328,28.31999969482422,28.145000457763672,28.18000030517578,1052642.0
2025-05-12 12:30:00-04:00,28.19499969482422,28.459999084472656,28.174999237060547,28.3799991607666,844751.0
2025-05-12 13:30:00-04:00,28.385000228881836,28.40999984741211,28.25,28.295000076293945,681717.0
2025-05-12 14:30:00-04:00,28.299999237060547,28.344999313354492,28.204999923706055,28.209999084472656,672327.0
2025-05-12 15:30:00-04:00,28.209999084472656,28.270000457763672,28.1299991607666,28.264999389648438,1046099.0
2025-05-12 16:00:00-04:00,28.26,28.47,28.1,28.25,0.0
2025-05-12 17:00:00-04:00,28.13,28.24,28.1,28.24,0.0
2025-05-12 18:00:00-04:00,28.24,28.49,28.16,28.49,0.0
2025-05-12 19:00:00-04:00,28.18,28.49,28.18,28.49,0.0
2025-05-13 04:00:00-04:00,28.13,28.19,28.12,28.12,0.0
2025-05-13 05:00:00-04:00,28.12,28.17,28.08,28.17,0.0
2025-05-13 06:00:00-04:00,28.17,28.2,28.17,28.2,0.0
2025-05-13 07:00:00-04:00,28.2,28.2,28.1,28.13,0.0
2025-05-13 08:00:00-04:00,28.13,28.2,28.0,28.18,0.0
2025-05-13 09:00:00-04:00,28.25,28.56,28.18,28.4,0.0
2025-05-13 09:30:00-04:00,28.2450008392334,28.545000076293945,28.139999389648438,28.40999984741211,877794.0
2025-05-13 10:30:00-04:00,28.420000076293945,28.565500259399414,28.40999984741211,28.520000457763672,754274.0
2025-05-13 11:30:00-04:00,28.52910041809082,28.700000762939453,28.5,28.674999237060547,772848.0
2025-05-13 12:30:00-04:00,28.670000076293945,28.735000610351562,28.610000610351562,28.65999984741211,681963.0
2025-05-13 13:30:00-04:00,28.665000915527344,28.7549991607666,28.635000228881836,28.739999771118164,443418.0
2025-05-13 14:30:00-04:00,28.749900817871094,28.885000228881836,28.69499969482422,28.854999542236328,751905.0
2025-05-13 15:30:00-04:00,28.854999542236328,28.950000762939453,28.774999618530273,28.780000686645508,1613682.0
2025-05-13 16:00:00-04:00,28.78,28.96,28.5962,28.96,0.0
2025-05-13 17:00:00-04:00,28.58,28.892,28.58,28.892,0.0
2025-05-13 18:00:00-04:00,28.892,28.892,28.78,28.78,0.0
2025-05-13 19:00:00-04:00,28.5822,28.68,28.5822,28.67,0.0
2025-05-14 04:00:00-04:00,28.5853,28.7,28.5853,28.7,0.0
2025-05-14 05:00:00-04:00,28.7,28.7,28.7,28.7,0.0
2025-05-14 06:00:00-04:00,28.7,28.97,28.68,28.68,0.0
2025-05-14 07:00:00-04:00,28.68,28.81,28.68,28.79,0.0
2025-05-14 08:00:00-04:00,28.79,29.0,28.78,28.85,0.0
2025-05-14 09:00:00-04:00,28.94,28.9695,28.8,28.8,0.0
2025-05-14 09:30:00-04:00,28.799999237060547,28.940000534057617,28.65999984741211,28.690000534057617,996652.0
2025-05-14 10:30:00-04:00,28.69499969482422,28.81999969482422,28.645000457763672,28.81999969482422,761539.0
2025-05-14 11:30:00-04:00,28.81999969482422,28.860000610351562,28.75,28.75,514343.0
2025-05-14 12:30:00-04:00,28.75,28.795000076293945,28.53499984741211,28.604999542236328,437649.0
2025-05-14 13:30:00-04:00,28.594999313354492,28.701000213623047,28.584999084472656,28.635000228881836,649734.0
2025-05-14 14:30:00-04:00,28.635000228881836,28.709999084472656,28.545000076293945,28.594999313354492,654904.0
2025-05-14 15:30:00-04:00,28.59000015258789,28.709999084472656,28.559999465942383,28.65999984741211,1072716.0
2025-05-14 16:00:00-04:00,28.66,28.79,28.59,28.59,0.0
2025-05-14 17:00:00-04:00,28.6884,28.6884,28.58,28.5802,0.0
2025-05-14 18:00:00-04:00,28.58,28.69,28.58,28.61,0.0
2025-05-14 19:00:00-04:00,28.6,28.69,28.58,28.58,0.0
2025-05-15 04:00:00-04:00,28.65,28.82,28.59,28.59,0.0
2025-05-15 05:00:00-04:00,28.59,28.59,28.56,28.56,0.0
2025-05-15 06:00:00-04:00,28.56,28.58,28.56,28.56,0.0
2025-05-15 07:00:00-04:00,28.56,28.6,28.56,28.56,0.0
2025-05-15 08:00:00-04:00,28.56,28.82,28.4,28.68,0.0
2025-05-15 09:00:00-04:00,28.53,28.67,28.48,28.4818,0.0
2025-05-15 09:30:00-04:00,28.3799991607666,28.68000030517578,28.350000381469727,28.545000076293945,954495.0
2025-05-15 10:30:00-04:00,28.545000076293945,28.790000915527344,28.504199981689453,28.760000228881836,658087.0
2025-05-15 11:30:00-04:00,28.760000228881836,28.889999389648438,28.7549991607666,28.8700008392334,588856.0
2025-05-15 12:30:00-04:00,28.864999771118164,28.969999313354492,28.83099937438965,28.89419937133789,443430.0
2025-05-15 13:30:00-04:00,28.895000457763672,28.895000457763672,28.770000457763672,28.799999237060547,510225.0
2025-05-15 14:30:00-04:00,28.80500030517578,28.899999618530273,28.80500030517578,28.834999084472656,592006.0
2025-05-15 15:30:00-04:00,28.84000015258789,28.8799991607666,28.760000228881836,28.799999237060547,1298878.0
2025-05-15 16:00:00-04:00,28.78,28.93,28.78,28.78,0.0
2025-05-15 17:00:00-04:00,28.78,28.97,28.6,28.97,0.0
2025-05-15 18:00:00-04:00,28.97,28.98,28.6,28.97,0.0
2025-05-15 19:00:00-04:00,28.9685,28.98,28.9685,28.98,0.0
2025-05-16 04:00:00-04:00,28.98,28.99,28.98,28.99,0.0
2025-05-16 05:00:00-04:00,28.98,28.99,28.86,28.96,0.0
2025-05-16 06:00:00-04:00,28.96,28.98,28.95,28.95,0.0
2025-05-16 07:00:00-04:00,28.95,28.99,28.91,28.91,0.0
2025-05-16 08:00:00-04:00,28.98,29.2388,28.88,28.89,0.0
2025-05-16 09:00:00-04:00,28.88,28.88,28.72,28.78,0.0
2025-05-16 09:30:00-04:00,28.899999618530273,29.145000457763672,28.880399703979492,29.045000076293945,1394835.0
2025-05-16 10:30:00-04:00,29.045000076293945,29.084999084472656,28.959999084472656,29.075000762939453,776158.0
2025-05-16 11:30:00-04:00,29.06999969482422,29.149999618530273,29.065000534057617,29.104999542236328,678417.0
2025-05-16 12:30:00-04:00,29.104999542236328,29.260000228881836,29.104999542236328,29.24250030517578,691420.0
2025-05-16 13:30:00-04:00,29.239999771118164,29.280000686645508,29.15999984741211,29.19499969482422,583302.0
2025-05-16 14:30:00-04:00,29.19499969482422,29.28499984741211,29.184999465942383,29.264999389648438,735350.0
2025-05-16 15:30:00-04:00,29.264999389648438,29.3700008392334,29.235000610351562,29.31999969482422,1183254.0
2025-05-16 16:00:00-04:00,29.32,29.37,28.98,29.15,0.0
2025-05-16 17:00:00-04:00,29.15,29.15,29.03,29.03,0.0
2025-05-16 18:00:00-04:00,29.1,29.2999,29.0,29.01,0.0
2025-05-16 19:00:00-04:00,29.29,29.29,28.98,29.1,0.0
2025-05-19 04:00:00-04:00,29.09,29.09,28.57,28.95,0.0
2025-05-19 05:00:00-04:00,28.95,28.95,28.69,28.77,0.0
2025-05-19 06:00:00-04:00,28.77,28.94,28.77,28.78,0.0
2025-05-19 07:00:00-04:00,28.78,28.97,28.78,28.97,0.0
2025-05-19 08:00:00-04:00,28.97,29.37,28.5608,28.96,0.0
2025-05-19 09:00:00-04:00,28.96,28.98,28.89,28.95,0.0
2025-05-19 09:30:00-04:00,28.84000015258789,29.017499923706055,28.774999618530273,28.924999237060547,1042689.0
2025-05-19 10:30:00-04:00,28.920000076293945,29.040000915527344,28.885000228881836,28.90999984741211,689893.0
2025-05-19 11:30:00-04:00,28.920000076293945,29.05500030517578,28.90999984741211,29.045000076293945,449135.0
2025-05-19 12:30:00-04:00,29.045000076293945,29.1200008392334,28.940000534057617,29.079999923706055,504957.0
2025-05-19 13:30:00-04:00,29.079999923706055,29.079999923706055,28.90999984741211,28.94499969482422,501525.0
2025-05-19 14:30:00-04:00,28.949899673461914,29.0,28.93000030517578,28.953500747680664,546970.0
2025-05-19 15:30:00-04:00,28.959999084472656,29.125,28.959999084472656,29.1200008392334,1542846.0
2025-05-19 16:00:00-04:00,29.11,29.265,28.64,29.265,0.0
2025-05-19 17:00:00-04:00,29.265,29.38,28.66,29.38,0.0
2025-05-19 18:00:00-04:00,29.38,29.38,29.38,29.38,0.0
2025-05-19 19:00:00-04:00,29.37,29.37,29.145,29.37,0.0
2025-05-20 04:00:00-04:00,29.26,29.26,29.1,29.1,0.0
2025-05-20 05:00:00-04:00,29.1,29.14,29.1,29.14,0.0
2025-05-20 06:00:00-04:00,29.14,29.25,29.08,29.22,0.0
2025-05-20 07:00:00-04:00,29.22,29.25,29.15,29.22,0.0
2025-05-20 08:00:00-04:00,29.28,29.37,28.66,29.11,0.0
2025-05-20 09:00:00-04:00,29.12,29.14,29.0,29.04,0.0
2025-05-20 09:30:00-04:00,29.100000381469727,29.3799991607666,28.799999237060547,29.344999313354492,1539501.0
2025-05-20 10:30:00-04:00,29.34000015258789,29.479999542236328,29.295000076293945,29.42690086364746,1155595.0
2025-05-20 11:30:00-04:00,29.43000030517578,29.450000762939453,29.309999465942383,29.350000381469727,868841.0
2025-05-20 12:30:00-04:00,29.360000610351562,29.364999771118164,29.239999771118164,29.25,633555.0
2025-05-20 13:30:00-04:00,29.260000228881836,29.264999389648438,28.985000610351562,29.0,833512.0
2025-05-20 14:30:00-04:00,29.0049991607666,29.079999923706055,28.920000076293945,28.959999084472656,596091.0
2025-05-20 15:30:00-04:00,28.96500015258789,29.059999465942383,28.954999923706055,28.989999771118164,912793.0
2025-05-20 16:00:00-04:00,28.99,29.28,28.7375,29.28,0.0
2025-05-20 17:00:00-04:00,29.28,29.28,28.88,29.11,0.0
2025-05-20 18:00:00-04:00,29.11,29.11,28.9,28.9,0.0
2025-05-20 19:00:00-04:00,,,,,
2025-05-21 04:00:00-04:00,29.62,29.62,28.71,29.0,0.0
2025-05-21 05:00:00-04:00,29.0,29.0,29.0,29.0,0.0
2025-05-21 06:00:00-04:00,29.0,29.0,28.76,28.85,0.0
2025-05-21 07:00:00-04:00,28.76,28.88,28.76,28.88,0.0
2025-05-21 08:00:00-04:00,28.88,29.04,28.8,28.9,0.0
2025-05-21 09:00:00-04:00,28.8,28.98,28.78,28.88,0.0
2025-05-21 09:30:00-04:00,28.84000015258789,29.145000457763672,28.84000015258789,28.975000381469727,943021.0
2025-05-21 10:30:00-04:00,28.969999313354492,29.200000762939453,28.94499969482422,29.174999237060547,920464.0
2025-05-21 11:30:00-04:00,29.174999237060547,29.184999465942383,29.09000015258789,29.159900665283203,724562.0
2025-05-21 12:30:00-04:00,29.15999984741211,29.239999771118164,28.704999923706055,28.704999923706055,847547.0
2025-05-21 13:30:00-04:00,28.700000762939453,28.885000228881836,28.655000686645508,28.780000686645508,825586.0
2025-05-21 14:30:00-04:00,28.774999618530273,28.825000762939453,28.553699493408203,28.574199676513672,834624.0
2025-05-21 15:30:00-04:00,28.575000762939453,28.760000228881836,28.56999969482422,28.610000610351562,1128186.0
2025-05-21 16:00:00-04:00,28.61,28.74,28.48,28.48,0.0
2025-05-21 17:00:00-04:00,28.48,28.88,28.48,28.7,0.0
2025-05-21 18:00:00-04:00,28.57,28.58,28.4835,28.4835,0.0
2025-05-21 19:00:00-04:00,28.48,28.63,28.48,28.62,0.0
2025-05-22 04:00:00-04:00,28.85,28.85,28.85,28.85,0.0
2025-05-22 05:00:00-04:00,28.85,28.85,28.85,28.85,0.0
2025-05-22 06:00:00-04:00,28.85,28.85,28.85,28.85,0.0
2025-05-22 07:00:00-04:00,28.85,28.85,28.85,28.85,0.0
2025-05-22 08:00:00-04:00,28.85,29.0,28.46,28.46,0.0
2025-05-22 09:00:00-04:00,28.45,28.76,28.44,28.76,0.0
2025-05-22 09:30:00-04:00,28.5,28.690000534057617,28.3799991607666,28.454999923706055,679173.0
2025-05-22 10:30:00-04:00,28.459999084472656,28.655000686645508,28.395000457763672,28.544200897216797,681066.0
2025-05-22 11:30:00-04:00,28.540000915527344,28.696500778198242,28.524999618530273,28.625,494091.0
2025-05-22 12:30:00-04:00,28.6299991607666,28.655000686645508,28.540000915527344,28.645000457763672,315169.0
2025-05-22 13:30:00-04:00,28.645000457763672,28.69499969482422,28.614999771118164,28.655000686645508,386345.0
2025-05-22 14:30:00-04:00,28.649999618530273,28.7450008392334,28.604999542236328,28.718900680541992,852761.0
2025-05-22 15:30:00-04:00,28.709999084472656,28.729000091552734,28.454999923706055,28.489999771118164,938926.0
2025-05-22 16:00:00-04:00,28.5,28.5,28.43,28.47,0.0
2025-05-22 17:00:00-04:00,28.47,28.77,28.47,28.77,0.0
2025-05-22 18:00:00-04:00,28.77,28.77,28.51,28.51,0.0
2025-05-22 19:00:00-04:00,28.47,28.47,28.47,28.47,0.0
2025-05-23 04:00:00-04:00,28.38,28.66,28.38,28.66,0.0
2025-05-23 05:00:00-04:00,28.66,28.66,28.43,28.43,0.0
2025-05-23 06:00:00-04:00,28.43,28.43,28.43,28.43,0.0
2025-05-23 07:00:00-04:00,28.43,28.5,28.43,28.49,0.0
2025-05-23 08:00:00-04:00,28.43,28.81,27.78,27.87,0.0
2025-05-23 09:00:00-04:00,27.87,28.5,27.8,28.5,0.0
2025-05-23 09:30:00-04:00,27.68000030517578,27.950000762939453,27.559999465942383,27.725000381469727,1858528.0
2025-05-23 10:30:00-04:00,27.725000381469727,27.790000915527344,27.649999618530273,27.725000381469727,889000.0
2025-05-23 11:30:00-04:00,27.719999313354492,27.84000015258789,27.709999084472656,27.735000610351562,568791.0
2025-05-23 12:30:00-04:00,27.729999542236328,27.940000534057617,27.69499969482422,27.940000534057617,529414.0
2025-05-23 13:30:00-04:00,27.934999465942383,28.03890037536621,27.8700008392334,27.969999313354492,474431.0
2025-05-23 14:30:00-04:00,27.975000381469727,28.049999237060547,27.924999237060547,27.975000381469727,666935.0
2025-05-23 15:30:00-04:00,27.975000381469727,28.1299991607666,27.959999084472656,28.0,1477797.0
2025-05-23 16:00:00-04:00,27.98,28.12,27.97,27.98,0.0
2025-05-23 17:00:00-04:00,28.18,28.18,28.18,28.18,0.0
2025-05-23 18:00:00-04:00,28.18,28.18,27.98,28.0,0.0
2025-05-23 19:00:00-04:00,27.9986,27.9986,27.85,27.98,0.0
2025-05-27 04:00:00-04:00,27.98,28.51,27.98,28.51,0.0
2025-05-27 05:00:00-04:00,28.34,28.46,28.34,28.46,0.0
2025-05-27 06:00:00-04:00,28.46,28.66,28.46,28.5,0.0
2025-05-27 07:00:00-04:00,28.47,28.52,28.28,28.31,0.0
2025-05-27 08:00:00-04:00,28.37,28.62,28.32,28.32,0.0
2025-05-27 09:00:00-04:00,28.32,28.38,28.32,28.38,0.0
2025-05-27 09:30:00-04:00,28.440000534057617,28.469999313354492,28.229999542236328,28.280099868774414,1235522.0
2025-05-27 10:30:00-04:00,28.290000915527344,28.405000686645508,28.264999389648438,28.30500030517578,1093217.0
2025-05-27 11:30:00-04:00,28.30500030517578,28.309999465942383,28.18000030517578,28.19499969482422,917555.0
2025-05-27 12:30:00-04:00,28.200000762939453,28.25,28.149999618530273,28.184999465942383,583766.0
2025-05-27 13:30:00-04:00,28.184999465942383,28.209999084472656,28.139999389648438,28.204999923706055,923514.0
2025-05-27 14:30:00-04:00,28.204999923706055,28.31999969482422,28.184999465942383,28.264999389648438,1579450.0
2025-05-27 15:30:00-04:00,28.264999389648438,28.354999542236328,28.239999771118164,28.34000015258789,1582733.0
2025-05-27 16:00:00-04:00,28.34,28.4,28.33,28.4,0.0
2025-05-27 17:00:00-04:00,28.4,28.4,28.33,28.389,0.0
2025-05-27 18:00:00-04:00,28.3881,28.39,28.3881,28.39,0.0
2025-05-27 19:00:00-04:00,28.39,28.39,28.31,28.39,0.0
2025-05-28 04:00:00-04:00,28.4,28.5,28.31,28.48,0.0
2025-05-28 05:00:00-04:00,28.48,28.52,28.31,28.31,0.0
2025-05-28 06:00:00-04:00,28.31,28.31,28.3,28.31,0.0
2025-05-28 07:00:00-04:00,28.31,28.39,28.31,28.39,0.0
2025-05-28 08:00:00-04:00,28.35,28.7,28.1903,28.3499,0.0
2025-05-28 09:00:00-04:00,28.35,28.445,28.3,28.35,0.0
2025-05-28 09:30:00-04:00,28.149999618530273,28.350000381469727,27.885000228881836,27.93000030517578,1596124.0
2025-05-28 10:30:00-04:00,27.924999237060547,27.959999084472656,27.799999237060547,27.80500030517578,1159539.0
2025-05-28 11:30:00-04:00,27.80500030517578,27.81999969482422,27.61199951171875,27.729999542236328,1115328.0
2025-05-28 12:30:00-04:00,27.735000610351562,27.84000015258789,27.68000030517578,27.690000534057617,1156663.0
2025-05-28 13:30:00-04:00,27.69230079650879,27.700000762939453,27.49209976196289,27.524999618530273,1188674.0
2025-05-28 14:30:00-04:00,27.524999618530273,27.649999618530273,27.479999542236328,27.54759979248047,2091373.0
2025-05-28 15:30:00-04:00,27.545000076293945,27.545000076293945,27.28499984741211,27.295000076293945,3889826.0
2025-05-28 16:00:00-04:00,27.3,27.68,22.55,23.17,0.0
2025-05-28 17:00:00-04:00,23.19,23.8,23.04,23.7184,0.0
2025-05-28 18:00:00-04:00,23.681,24.31,23.65,23.83,0.0
2025-05-28 19:00:00-04:00,23.84,25.78,23.7,25.0908,0.0
2025-05-29 04:00:00-04:00,25.3,25.31,24.39,24.75,0.0
2025-05-29 05:00:00-04:00,24.75,25.09,24.73,25.08,0.0
2025-05-29 06:00:00-04:00,25.05,25.08,24.7,24.82,0.0
2025-05-29 07:00:00-04:00,24.88,25.0,24.55,24.6,0.0
2025-05-29 08:00:00-04:00,24.54,25.5,24.2586,24.6,0.0
2025-05-29 09:00:00-04:00,24.48,25.27,24.36,24.45,0.0
2025-05-29 09:30:00-04:00,23.815000534057617,25.850000381469727,23.59000015258789,25.770000457763672,9437685.0
2025-05-29 10:30:00-04:00,25.790000915527344,25.899999618530273,25.334999084472656,25.385000228881836,4207402.0
2025-05-29 11:30:00-04:00,25.385000228881836,25.424999237060547,25.0314998626709,25.094999313354492,2086512.0
2025-05-29 12:30:00-04:00,25.09000015258789,25.110000610351562,24.8799991607666,25.010000228881836,1909924.0
2025-05-29 13:30:00-04:00,24.9950008392334,25.155000686645508,24.864999771118164,24.895000457763672,1450814.0
2025-05-29 14:30:00-04:00,24.895000457763672,25.049999237060547,24.834999084472656,24.9950008392334,1872218.0
2025-05-29 15:30:00-04:00,25.0,25.09000015258789,24.895000457763672,24.94499969482422,3442507.0
2025-05-29 16:00:00-04:00,24.95,25.09,24.92,25.0799,0.0
2025-05-29 17:00:00-04:00,25.08,25.08,24.95,24.96,0.0
2025-05-29 18:00:00-04:00,24.96,25.04,24.95,25.0394,0.0
2025-05-29 19:00:00-04:00,25.0,25.04,24.95,24.9501,0.0
2025-05-30 04:00:00-04:00,25.04,25.19,24.95,25.01,0.0
2025-05-30 05:00:00-04:00,25.04,25.04,24.95,25.02,0.0
2025-05-30 06:00:00-04:00,25.07,25.14,25.0,25.0,0.0
2025-05-30 07:00:00-04:00,25.0,25.02,24.82,25.01,0.0
2025-05-30 08:00:00-04:00,25.0,25.22,24.68,24.81,0.0
2025-05-30 09:00:00-04:00,24.81,24.95,24.7105,24.76,0.0
2025-05-30 09:30:00-04:00,24.760000228881836,24.8799991607666,24.399999618530273,24.565000534057617,2459569.0
2025-05-30 10:30:00-04:00,24.565000534057617,24.94499969482422,24.55500030517578,24.915000915527344,1765763.0
2025-05-30 11:30:00-04:00,24.915000915527344,24.93000030517578,24.65999984741211,24.68000030517578,1460072.0
2025-05-30 12:30:00-04:00,24.684999465942383,24.795000076293945,24.549999237060547,24.674999237060547,1140338.0
2025-05-30 13:30:00-04:00,24.674999237060547,24.93000030517578,24.665000915527344,24.834999084472656,1229330.0
2025-05-30 14:30:00-04:00,24.834999084472656,25.014999389648438,24.834999084472656,24.985000610351562,1128447.0
2025-05-30 15:30:00-04:00,24.985000610351562,25.030000686645508,24.8799991607666,24.889999389648438,2443054.0
2025-05-30 16:00:00-04:00,24.9,25.04,24.81,24.92,0.0
2025-05-30 17:00:00-04:00,24.92,24.92,24.81,24.9,0.0
2025-05-30 18:00:00-04:00,24.89,24.91,24.85,24.91,0.0
2025-05-30 19:00:00-04:00,24.91,24.91,24.9,24.91,0.0
2025-06-02 04:00:00-04:00,24.9,24.9,24.83,24.83,0.0
2025-06-02 05:00:00-04:00,24.72,24.88,24.72,24.88,0.0
2025-06-02 06:00:00-04:00,24.88,24.88,24.85,24.85,0.0
2025-06-02 07:00:00-04:00,24.87,24.89,24.75,24.89,0.0
2025-06-02 08:00:00-04:00,24.89,24.95,24.52,24.76,0.0
2025-06-02 09:00:00-04:00,24.76,24.9,24.719,24.8,0.0
2025-06-02 09:30:00-04:00,24.940000534057617,24.979999542236328,24.450000762939453,24.69499969482422,1934590.0
2025-06-02 10:30:00-04:00,24.69499969482422,24.829999923706055,24.655000686645508,24.655000686645508,1147602.0
2025-06-02 11:30:00-04:00,24.655000686645508,24.799999237060547,24.594999313354492,24.780000686645508,939841.0
2025-06-02 12:30:00-04:00,24.790000915527344,24.8799991607666,24.739999771118164,24.844600677490234,930208.0
2025-06-02 13:30:00-04:00,24.844999313354492,24.8799991607666,24.735000610351562,24.829999923706055,688494.0
2025-06-02 14:30:00-04:00,24.834999084472656,24.899999618530273,24.795000076293945,24.815000534057617,881184.0
2025-06-02 15:30:00-04:00,24.815000534057617,24.920000076293945,24.770000457763672,24.899999618530273,1574584.0
2025-06-02 16:00:00-04:00,24.91,24.95,24.7545,24.93,0.0
2025-06-02 17:00:00-04:00,24.93,24.93,24.91,24.91,0.0
2025-06-02 18:00:00-04:00,24.91,24.95,24.75,24.75,0.0
2025-06-02 19:00:00-04:00,24.91,24.91,24.7806,24.7832,0.0
2025-06-03 04:00:00-04:00,24.7832,24.7832,24.7832,24.7832,0.0
2025-06-03 05:00:00-04:00,24.7832,24.91,24.71,24.72,0.0
2025-06-03 06:00:00-04:00,24.72,24.78,24.72,24.78,0.0
2025-06-03 07:00:00-04:00,24.72,24.9,24.72,24.89,0.0
2025-06-03 08:00:00-04:00,24.89,24.91,24.59,24.87,0.0
2025-06-03 09:00:00-04:00,24.87,24.9,24.75,24.81,0.0
2025-06-03 09:30:00-04:00,24.81999969482422,25.065000534057617,24.510000228881836,25.045000076293945,1761753.0
2025-06-03 10:30:00-04:00,25.045000076293945,25.424999237060547,24.985000610351562,25.329999923706055,1613031.0
2025-06-03 11:30:00-04:00,25.334999084472656,25.469999313354492,25.309999465942383,25.415000915527344,619455.0
2025-06-03 12:30:00-04:00,25.415000915527344,25.450000762939453,25.354999542236328,25.364999771118164,543884.0
2025-06-03 13:30:00-04:00,25.364999771118164,25.399999618530273,25.295000076293945,25.344999313354492,555070.0
2025-06-03 14:30:00-04:00,25.344999313354492,25.395000457763672,25.329999923706055,25.354999542236328,647210.0
2025-06-03 15:30:00-04:00,25.354999542236328,25.3799991607666,25.299999237060547,25.364999771118164,1107099.0
2025-06-03 16:00:00-04:00,25.38,25.41,25.21,25.3485,0.0
2025-06-03 17:00:00-04:00,25.32,25.39,25.32,25.39,0.0
2025-06-03 18:00:00-04:00,25.406,25.41,25.38,25.3808,0.0
2025-06-03 19:00:00-04:00,25.35,25.38,25.35,25.38,0.0
2025-06-04 04:00:00-04:00,25.49,25.49,25.36,25.45,0.0
2025-06-04 05:00:00-04:00,25.47,25.47,25.39,25.39,0.0
2025-06-04 06:00:00-04:00,25.39,25.47,25.39,25.4,0.0
2025-06-04 07:00:00-04:00,25.4,25.5,25.38,25.47,0.0
2025-06-04 08:00:00-04:00,25.47,25.53,25.35,25.41,0.0
2025-06-04 09:00:00-04:00,25.5,25.51,25.35,25.4,0.0
2025-06-04 09:30:00-04:00,25.459999084472656,25.545000076293945,25.25,25.489999771118164,1629058.0
2025-06-04 10:30:00-04:00,25.489200592041016,25.645000457763672,25.459999084472656,25.55500030517578,1060041.0
2025-06-04 11:30:00-04:00,25.55500030517578,25.709999084472656,25.440000534057617,25.46500015258789,1301642.0
2025-06-04 12:30:00-04:00,25.459999084472656,25.520000457763672,25.149999618530273,25.149999618530273,1756335.0
2025-06-04 13:30:00-04:00,25.149999618530273,25.364999771118164,25.145000457763672,25.235000610351562,1183050.0
2025-06-04 14:30:00-04:00,25.229999542236328,25.239999771118164,25.149999618530273,25.165000915527344,1509856.0
2025-06-04 15:30:00-04:00,25.15999984741211,25.209999084472656,25.110000610351562,25.170000076293945,2523237.0
2025-06-04 16:00:00-04:00,25.18,25.25,25.12,25.12,0.0
2025-06-04 17:00:00-04:00,25.2,25.2,25.14,25.14,0.0
2025-06-04 18:00:00-04:00,25.2,25.2,25.12,25.16,0.0
2025-06-04 19:00:00-04:00,25.16,25.16,25.14,25.14,0.0
2025-06-05 04:00:00-04:00,25.34,25.41,25.34,25.35,0.0
2025-06-05 05:00:00-04:00,25.35,25.35,25.27,25.27,0.0
2025-06-05 06:00:00-04:00,25.27,25.27,25.27,25.27,0.0
2025-06-05 07:00:00-04:00,25.18,25.2,25.18,25.18,0.0
2025-06-05 08:00:00-04:00,25.18,25.61,25.12,25.132,0.0
2025-06-05 09:00:00-04:00,25.44,25.44,25.16,25.34,0.0
2025-06-05 09:30:00-04:00,25.18000030517578,25.3799991607666,24.684999465942383,24.80500030517578,1991645.0
2025-06-05 10:30:00-04:00,24.80500030517578,25.1200008392334,24.735000610351562,25.104999542236328,1382931.0
2025-06-05 11:30:00-04:00,25.104999542236328,25.219999313354492,24.979999542236328,25.03499984741211,1841350.0
2025-06-05 12:30:00-04:00,25.03499984741211,25.040000915527344,24.854999542236328,24.99839973449707,924595.0
2025-06-05 13:30:00-04:00,24.991500854492188,25.030000686645508,24.790000915527344,24.885000228881836,1093215.0
2025-06-05 14:30:00-04:00,24.889999389648438,24.950000762939453,24.610000610351562,24.69499969482422,1416864.0
2025-06-05 15:30:00-04:00,24.69499969482422,24.809999465942383,24.6200008392334,24.700000762939453,1957595.0
2025-06-05 16:00:00-04:00,24.7,24.8,24.64,24.8,0.0
2025-06-05 17:00:00-04:00,24.8,24.98,24.65,24.94,0.0
2025-06-05 18:00:00-04:00,24.7,24.91,24.66,24.75,0.0
2025-06-05 19:00:00-04:00,24.69,24.91,24.6597,24.66,0.0
2025-06-06 04:00:00-04:00,24.76,25.01,24.76,24.85,0.0
2025-06-06 05:00:00-04:00,24.85,24.88,24.78,24.88,0.0
2025-06-06 06:00:00-04:00,24.88,24.9,24.74,24.87,0.0
2025-06-06 07:00:00-04:00,24.87,24.9,24.68,24.7,0.0
2025-06-06 08:00:00-04:00,24.7,25.0,24.699,24.699,0.0
2025-06-06 09:00:00-04:00,24.7,25.08,24.694,25.08,0.0
2025-06-06 09:30:00-04:00,25.0,25.270000457763672,24.84000015258789,25.19499969482422,2096034.0
2025-06-06 10:30:00-04:00,25.19499969482422,25.246200561523438,25.110000610351562,25.184999465942383,1131073.0
2025-06-06 11:30:00-04:00,25.184999465942383,25.295000076293945,25.145000457763672,25.19499969482422,2174144.0
2025-06-06 12:30:00-04:00,25.200000762939453,25.235000610351562,25.043699264526367,25.060100555419922,799677.0
2025-06-06 13:30:00-04:00,25.065000534057617,25.184999465942383,25.014999389648438,25.125,918572.0
2025-06-06 14:30:00-04:00,25.125,25.18000030517578,25.075000762939453,25.114999771118164,985483.0
2025-06-06 15:30:00-04:00,25.110000610351562,25.190000534057617,25.075000762939453,25.18000030517578,2049449.0
2025-06-06 16:00:00-04:00,25.18,25.294,25.0,25.294,0.0
2025-06-06 17:00:00-04:00,25.12,25.21,25.12,25.17,0.0
2025-06-06 18:00:00-04:00,25.17,25.17,25.16,25.17,0.0
2025-06-06 19:00:00-04:00,25.1704,25.18,25.1704,25.18,0.0
2025-06-09 04:00:00-04:00,25.17,25.21,25.17,25.21,0.0
2025-06-09 05:00:00-04:00,25.22,25.33,25.17,25.33,0.0
2025-06-09 06:00:00-04:00,25.33,25.33,25.33,25.33,0.0
2025-06-09 07:00:00-04:00,25.32,25.33,25.22,25.22,0.0
2025-06-09 08:00:00-04:00,25.27,25.33,25.26,25.26,0.0
2025-06-09 09:00:00-04:00,25.26,25.38,25.25,25.3708,0.0
2025-06-09 09:30:00-04:00,25.510000228881836,25.579999923706055,25.280000686645508,25.280000686645508,1980967.0
2025-06-09 10:30:00-04:00,25.280000686645508,25.43000030517578,25.2450008392334,25.329999923706055,1084242.0
2025-06-09 11:30:00-04:00,25.334999084472656,25.360000610351562,25.219999313354492,25.2549991607666,687869.0
2025-06-09 12:30:00-04:00,25.270000457763672,25.389999389648438,25.260000228881836,25.364999771118164,799636.0
2025-06-09 13:30:00-04:00,25.364999771118164,25.40999984741211,25.214599609375,25.225000381469727,974270.0
2025-06-09 14:30:00-04:00,25.219999313354492,25.239999771118164,25.135000228881836,25.155000686645508,1037506.0
2025-06-09 15:30:00-04:00,25.150999069213867,25.15999984741211,25.0,25.104999542236328,2906108.0
2025-06-09 16:00:00-04:00,25.12,25.34,25.06,25.12,0.0
2025-06-09 17:00:00-04:00,25.12,25.23,25.12,25.23,0.0
2025-06-09 18:00:00-04:00,25.23,25.25,25.2,25.2,0.0
2025-06-09 19:00:00-04:00,25.27,25.27,25.15,25.2695,0.0
2025-06-10 04:00:00-04:00,25.27,25.32,25.16,25.18,0.0
2025-06-10 05:00:00-04:00,25.18,25.21,25.18,25.21,0.0
2025-06-10 06:00:00-04:00,25.21,25.23,25.19,25.23,0.0
2025-06-10 07:00:00-04:00,25.25,25.3,25.22,25.25,0.0
2025-06-10 08:00:00-04:00,25.25,25.3408,25.16,25.25,0.0
2025-06-10 09:00:00-04:00,25.26,25.28,25.2,25.22,0.0
2025-06-10 09:30:00-04:00,25.190000534057617,25.475400924682617,25.06999969482422,25.395000457763672,1360904.0
2025-06-10 10:30:00-04:00,25.398399353027344,25.670000076293945,25.390100479125977,25.6299991607666,1676420.0
2025-06-10 11:30:00-04:00,25.6299991607666,25.639999389648438,25.53499984741211,25.565000534057617,792429.0
2025-06-10 12:30:00-04:00,25.565000534057617,25.690000534057617,25.565000534057617,25.584999084472656,629378.0
2025-06-10 13:30:00-04:00,25.584999084472656,25.594999313354492,25.399999618530273,25.405000686645508,736055.0
2025-06-10 14:30:00-04:00,25.399999618530273,25.545000076293945,25.399999618530273,25.524999618530273,1017680.0
2025-06-10 15:30:00-04:00,25.520000457763672,25.56999969482422,25.479999542236328,25.565000534057617,1436137.0
2025-06-10 16:00:00-04:00,25.56,25.6688,25.47,25.65,0.0
2025-06-10 17:00:00-04:00,25.65,25.65,25.51,25.56,0.0
2025-06-10 18:00:00-04:00,25.56,25.7,25.52,25.7,0.0
2025-06-10 19:00:00-04:00,25.59,25.78,25.59,25.7,0.0
2025-06-11 04:00:00-04:00,25.5,25.5,25.21,25.41,0.0
2025-06-11 05:00:00-04:00,25.41,25.47,25.35,25.44,0.0
2025-06-11 06:00:00-04:00,25.36,25.41,25.25,25.28,0.0
2025-06-11 07:00:00-04:00,25.28,25.39,25.27,25.27,0.0
2025-06-11 08:00:00-04:00,25.28,25.42,25.17,25.25,0.0
2025-06-11 09:00:00-04:00,25.3,25.49,25.3,25.35,0.0
2025-06-11 09:30:00-04:00,25.459999084472656,25.459999084472656,25.06999969482422,25.174999237060547,968148.0
2025-06-11 10:30:00-04:00,25.174999237060547,25.184999465942383,25.030000686645508,25.05500030517578,587258.0
2025-06-11 11:30:00-04:00,25.05500030517578,25.084999084472656,24.850000381469727,24.915000915527344,580844.0
2025-06-11 12:30:00-04:00,24.920000076293945,25.010000228881836,24.850000381469727,25.0049991607666,318962.0
2025-06-11 13:30:00-04:00,25.0049991607666,25.024999618530273,24.75,24.825000762939453,528189.0
2025-06-11 14:30:00-04:00,24.825000762939453,24.895000457763672,24.7435245513916,24.7450008392334,522861.0
2025-06-11 15:30:00-04:00,24.7450008392334,24.84000015258789,24.709999084472656,24.825000762939453,1031337.0
2025-06-11 16:00:00-04:00,24.82,25.04,24.81,24.8101,0.0
2025-06-11 17:00:00-04:00,24.83,24.89,24.82,24.83,0.0
2025-06-11 18:00:00-04:00,24.82,24.89,24.82,24.87,0.0
2025-06-11 19:00:00-04:00,24.88,24.8853,24.88,24.8853,0.0
2025-06-12 04:00:00-04:00,24.88,25.6,24.62,24.73,0.0
2025-06-12 05:00:00-04:00,24.73,24.82,24.7,24.82,0.0
2025-06-12 06:00:00-04:00,24.82,24.82,24.75,24.81,0.0
2025-06-12 07:00:00-04:00,24.81,24.81,24.76,24.76,0.0
2025-06-12 08:00:00-04:00,24.75,24.86,24.66,24.69,0.0
2025-06-12 09:00:00-04:00,24.66,24.76,24.66,24.75,0.0
2025-06-12 09:30:00-04:00,24.75,24.8700008392334,24.639999389648438,24.844999313354492,856042.0
2025-06-12 10:30:00-04:00,24.844999313354492,24.905000686645508,24.725000381469727,24.774999618530273,531042.0
2025-06-12 11:30:00-04:00,24.780000686645508,24.799999237060547,24.68280029296875,24.7549991607666,443124.0
2025-06-12 12:30:00-04:00,24.75,24.834999084472656,24.700000762939453,24.78499984741211,324426.0
2025-06-12 13:30:00-04:00,24.795000076293945,24.825000762939453,24.75,24.760000228881836,371350.0
2025-06-12 14:30:00-04:00,24.760000228881836,24.809999465942383,24.739999771118164,24.7450008392334,464769.0
2025-06-12 15:30:00-04:00,24.7450008392334,24.760000228881836,24.690000534057617,24.729999542236328,821133.0
2025-06-12 16:00:00-04:00,24.74,24.84,24.69,24.77,0.0
2025-06-12 17:00:00-04:00,24.76,24.98,24.735,24.8,0.0
2025-06-12 18:00:00-04:00,24.9788,24.9788,24.8,24.8,0.0
2025-06-12 19:00:00-04:00,24.73,24.78,24.65,24.65,0.0
2025-06-13 04:00:00-04:00,24.4,24.63,24.39,24.4,0.0
2025-06-13 05:00:00-04:00,24.54,24.56,24.35,24.53,0.0
2025-06-13 06:00:00-04:00,24.53,24.53,24.45,24.45,0.0
2025-06-13 07:00:00-04:00,24.55,24.55,24.45,24.49,0.0
2025-06-13 08:00:00-04:00,24.49,24.7388,24.3,24.5,0.0
2025-06-13 09:00:00-04:00,24.5,24.56,24.45,24.52,0.0
2025-06-13 09:30:00-04:00,24.399999618530273,24.59000015258789,24.09000015258789,24.104999542236328,1200084.0
2025-06-13 10:30:00-04:00,24.135000228881836,24.270000457763672,24.104999542236328,24.225000381469727,663516.0
2025-06-13 11:30:00-04:00,24.225000381469727,24.290000915527344,24.191099166870117,24.209999084472656,641370.0
2025-06-13 12:30:00-04:00,24.21500015258789,24.260000228881836,24.190000534057617,24.190000534057617,400843.0
2025-06-13 13:30:00-04:00,24.190000534057617,24.219999313354492,23.959999084472656,23.971599578857422,622254.0
2025-06-13 14:30:00-04:00,23.975000381469727,23.979999542236328,23.809999465942383,23.815000534057617,728689.0
2025-06-13 15:30:00-04:00,23.81999969482422,23.920000076293945,23.760000228881836,23.860000610351562,1366982.0
2025-06-13 16:00:00-04:00,23.84,23.98,23.84,23.96,0.0
2025-06-13 17:00:00-04:00,23.96,23.98,23.8702,23.978,0.0
2025-06-13 18:00:00-04:00,23.978,23.98,23.9,23.95,0.0
2025-06-13 19:00:00-04:00,23.98,23.98,23.88,23.8816,0.0
2025-06-16 04:00:00-04:00,24.09,24.09,23.92,24.0,0.0
2025-06-16 05:00:00-04:00,24.08,24.08,24.0,24.0,0.0
2025-06-16 06:00:00-04:00,24.01,24.14,24.0,24.14,0.0
2025-06-16 07:00:00-04:00,24.14,24.14,24.06,24.1,0.0
2025-06-16 08:00:00-04:00,24.1,24.29,23.8812,24.11,0.0
2025-06-16 09:00:00-04:00,24.07,24.11,24.06,24.11,0.0
2025-06-16 09:30:00-04:00,24.049999237060547,24.344999313354492,23.979999542236328,24.334999084472656,1227034.0
2025-06-16 10:30:00-04:00,24.334999084472656,24.454999923706055,24.329999923706055,24.39539909362793,891531.0
2025-06-16 11:30:00-04:00,24.395000457763672,24.395000457763672,24.280000686645508,24.329999923706055,752594.0
2025-06-16 12:30:00-04:00,24.334999084472656,24.415000915527344,24.309999465942383,24.405000686645508,672091.0
2025-06-16 13:30:00-04:00,24.405000686645508,24.440000534057617,24.329999923706055,24.375,584444.0
2025-06-16 14:30:00-04:00,24.375,24.530000686645508,24.334999084472656,24.475000381469727,940259.0
2025-06-16 15:30:00-04:00,24.475000381469727,24.55500030517578,24.450000762939453,24.520000457763672,1300695.0
2025-06-16 16:00:00-04:00,24.52,24.58,24.37,24.48,0.0
2025-06-16 17:00:00-04:00,24.56,24.58,24.5,24.55,0.0
2025-06-16 18:00:00-04:00,24.55,24.58,24.2,24.48,0.0
2025-06-16 19:00:00-04:00,24.48,24.5781,24.4,24.42,0.0
2025-06-17 04:00:00-04:00,24.42,24.42,24.3,24.3,0.0
2025-06-17 05:00:00-04:00,24.25,24.43,24.25,24.27,0.0
2025-06-17 06:00:00-04:00,24.27,24.43,24.27,24.42,0.0
2025-06-17 07:00:00-04:00,24.42,24.46,24.33,24.46,0.0
2025-06-17 08:00:00-04:00,24.46,24.47,24.22,24.47,0.0
2025-06-17 09:00:00-04:00,24.47,24.47,24.25,24.3,0.0
2025-06-17 09:30:00-04:00,24.350000381469727,24.704999923706055,24.31999969482422,24.649999618530273,848089.0
2025-06-17 10:30:00-04:00,24.649999618530273,24.674999237060547,24.530000686645508,24.545000076293945,520186.0
2025-06-17 11:30:00-04:00,24.540000915527344,24.600000381469727,24.52989959716797,24.559999465942383,480794.0
2025-06-17 12:30:00-04:00,24.565000534057617,24.570999145507812,24.3799991607666,24.385000228881836,430762.0
2025-06-17 13:30:00-04:00,24.3799991607666,24.43000030517578,24.270000457763672,24.295000076293945,513445.0
2025-06-17 14:30:00-04:00,24.295000076293945,24.329999923706055,24.229999542236328,24.270000457763672,569504.0
2025-06-17 15:30:00-04:00,24.270000457763672,24.31999969482422,24.229999542236328,24.295000076293945,1051975.0
2025-06-17 16:00:00-04:00,24.29,24.48,24.2,24.38,0.0
2025-06-17 17:00:00-04:00,24.38,24.38,24.3,24.3,0.0
2025-06-17 18:00:00-04:00,24.23,24.29,24.23,24.25,0.0
2025-06-17 19:00:00-04:00,24.3,24.37,24.2,24.37,0.0
2025-06-18 04:00:00-04:00,24.37,24.37,24.37,24.37,0.0
2025-06-18 05:00:00-04:00,24.37,24.37,24.29,24.29,0.0
2025-06-18 06:00:00-04:00,24.29,24.43,24.29,24.41,0.0
2025-06-18 07:00:00-04:00,24.41,24.42,24.33,24.33,0.0
2025-06-18 08:00:00-04:00,24.33,24.59,24.25,24.39,0.0
2025-06-18 09:00:00-04:00,24.34,24.35,24.3,24.32,0.0
2025-06-18 09:30:00-04:00,24.280000686645508,24.329999923706055,24.1299991607666,24.295000076293945,1245240.0
2025-06-18 10:30:00-04:00,24.295000076293945,24.40999984741211,24.280000686645508,24.295000076293945,831380.0
2025-06-18 11:30:00-04:00,24.299999237060547,24.34000015258789,24.270000457763672,24.329999923706055,657944.0
2025-06-18 12:30:00-04:00,24.34000015258789,24.350000381469727,24.290000915527344,24.30500030517578,651114.0
2025-06-18 13:30:00-04:00,24.30500030517578,24.40999984741211,24.209999084472656,24.274999618530273,883019.0
2025-06-18 14:30:00-04:00,24.274999618530273,24.364999771118164,24.110000610351562,24.1200008392334,1323659.0
2025-06-18 15:30:00-04:00,24.114999771118164,24.2450008392334,24.100000381469727,24.170000076293945,1396583.0
2025-06-18 16:00:00-04:00,24.18,24.25,24.08,24.18,0.0
2025-06-18 17:00:00-04:00,24.2,24.25,24.1286,24.1286,0.0
2025-06-18 18:00:00-04:00,24.25,24.25,24.1,24.24,0.0
2025-06-18 19:00:00-04:00,24.2,24.2,24.1078,24.1078,0.0
2025-06-20 04:00:00-04:00,24.26,24.27,24.19,24.19,0.0
2025-06-20 05:00:00-04:00,24.26,24.26,24.04,24.1,0.0
2025-06-20 06:00:00-04:00,24.1,24.1,24.09,24.09,0.0
2025-06-20 07:00:00-04:00,24.09,24.25,24.09,24.25,0.0
2025-06-20 08:00:00-04:00,24.24,24.28,24.1825,24.2797,0.0
2025-06-20 09:00:00-04:00,24.27,24.39,24.22,24.3895,0.0
2025-06-20 09:30:00-04:00,24.459999084472656,24.75,24.329999923706055,24.364999771118164,2181671.0
2025-06-20 10:30:00-04:00,24.360000610351562,24.3799991607666,24.1299991607666,24.184999465942383,762322.0
2025-06-20 11:30:00-04:00,24.174999237060547,24.204999923706055,24.084999084472656,24.139999389648438,609101.0
2025-06-20 12:30:00-04:00,24.1299991607666,24.270000457763672,24.108999252319336,24.174999237060547,537096.0
2025-06-20 13:30:00-04:00,24.174999237060547,24.264999389648438,24.1200008392334,24.264999389648438,622497.0
2025-06-20 14:30:00-04:00,24.264999389648438,24.280000686645508,24.110000610351562,24.135000228881836,763253.0
2025-06-20 15:30:00-04:00,24.135000228881836,24.209999084472656,24.09000015258789,24.1200008392334,1872220.0
2025-06-20 16:00:00-04:00,24.11,24.2,24.08,24.18,0.0
2025-06-20 17:00:00-04:00,24.1775,24.18,24.11,24.18,0.0
2025-06-20 18:00:00-04:00,24.3,24.3,24.2906,24.2906,0.0
2025-06-20 19:00:00-04:00,24.18,24.3,24.08,24.08,0.0
2025-06-23 04:00:00-04:00,24.2,24.2,24.09,24.19,0.0
2025-06-23 05:00:00-04:00,24.22,24.22,24.11,24.22,0.0
2025-06-23 06:00:00-04:00,24.22,24.22,24.1,24.1,0.0
2025-06-23 07:00:00-04:00,24.1,24.22,24.08,24.08,0.0
2025-06-23 08:00:00-04:00,24.08,24.3,24.0,24.0104,0.0
2025-06-23 09:00:00-04:00,24.0104,24.23,24.0104,24.13,0.0
2025-06-23 09:30:00-04:00,23.979999542236328,24.010000228881836,23.739999771118164,23.975000381469727,1552252.0
2025-06-23 10:30:00-04:00,23.975000381469727,24.010000228881836,23.700000762939453,23.764999389648438,1365801.0
2025-06-23 11:30:00-04:00,23.764999389648438,23.790000915527344,23.550100326538086,23.55500030517578,1233095.0
2025-06-23 12:30:00-04:00,23.55500030517578,23.670000076293945,23.450000762939453,23.670000076293945,1010140.0
2025-06-23 13:30:00-04:00,23.665000915527344,23.75,23.655000686645508,23.69499969482422,843905.0
2025-06-23 14:30:00-04:00,23.69499969482422,23.865800857543945,23.690000534057617,23.850000381469727,860155.0
2025-06-23 15:30:00-04:00,23.854999542236328,23.93000030517578,23.825000762939453,23.899999618530273,1238179.0
2025-06-23 16:00:00-04:00,23.91,23.95,23.8007,23.91,0.0
2025-06-23 17:00:00-04:00,23.91,23.92,23.9,23.92,0.0
2025-06-23 18:00:00-04:00,23.93,24.08,23.85,24.07,0.0
2025-06-23 19:00:00-04:00,24.07,24.08,23.95,24.08,0.0
2025-06-24 04:00:00-04:00,24.14,24.37,24.1,24.11,0.0
2025-06-24 05:00:00-04:00,24.11,24.12,24.11,24.12,0.0
2025-06-24 06:00:00-04:00,24.12,24.18,24.11,24.11,0.0
2025-06-24 07:00:00-04:00,24.11,24.18,24.09,24.09,0.0
2025-06-24 08:00:00-04:00,24.09,24.36,24.09,24.15,0.0
2025-06-24 09:00:00-04:00,24.11,24.18,24.11,24.16,0.0
2025-06-24 09:30:00-04:00,24.25,24.434999465942383,24.149999618530273,24.354999542236328,1112206.0
2025-06-24 10:30:00-04:00,24.354999542236328,24.594999313354492,24.35460090637207,24.53499984741211,762083.0
2025-06-24 11:30:00-04:00,24.53499984741211,24.549999237060547,24.389999389648438,24.44499969482422,557173.0
2025-06-24 12:30:00-04:00,24.44499969482422,24.479999542236328,24.389999389648438,24.405000686645508,395832.0
2025-06-24 13:30:00-04:00,24.405000686645508,24.43000030517578,24.360000610351562,24.415000915527344,532965.0
2025-06-24 14:30:00-04:00,24.415000915527344,24.485000610351562,24.399999618530273,24.485000610351562,607486.0
2025-06-24 15:30:00-04:00,24.479999542236328,24.565000534057617,24.475000381469727,24.540000915527344,1815929.0
2025-06-24 16:00:00-04:00,24.54,24.65,24.28,24.45,0.0
2025-06-24 17:00:00-04:00,24.45,24.56,24.28,24.28,0.0
2025-06-24 18:00:00-04:00,24.28,24.65,24.28,24.65,0.0
2025-06-24 19:00:00-04:00,24.65,24.65,24.3477,24.53,0.0
2025-06-25 04:00:00-04:00,24.61,24.61,24.43,24.6,0.0
2025-06-25 05:00:00-04:00,24.63,24.63,24.61,24.61,0.0
2025-06-25 06:00:00-04:00,24.63,24.65,24.47,24.47,0.0
2025-06-25 07:00:00-04:00,24.61,24.69,24.47,24.5,0.0
2025-06-25 08:00:00-04:00,24.59,25.01,24.484,24.54,0.0
2025-06-25 09:00:00-04:00,24.52,24.65,24.52,24.65,0.0
2025-06-25 09:30:00-04:00,24.549999237060547,24.600000381469727,24.309999465942383,24.325000762939453,1201759.0
2025-06-25 10:30:00-04:00,24.325000762939453,24.479999542236328,24.30500030517578,24.385000228881836,966343.0
2025-06-25 11:30:00-04:00,24.375,24.459999084472656,24.354999542236328,24.40999984741211,669234.0
2025-06-25 12:30:00-04:00,24.405000686645508,24.43000030517578,24.309999465942383,24.364999771118164,678279.0
2025-06-25 13:30:00-04:00,24.360000610351562,24.40999984741211,24.340099334716797,24.365100860595703,752554.0
2025-06-25 14:30:00-04:00,24.360000610351562,24.514999389648438,24.334999084472656,24.475000381469727,775279.0
2025-06-25 15:30:00-04:00,24.475000381469727,24.540000915527344,24.424999237060547,24.524999618530273,1492661.0
2025-06-25 16:00:00-04:00,24.53,24.6,24.49,24.5,0.0
2025-06-25 17:00:00-04:00,24.5,24.593,24.36,24.53,0.0
2025-06-25 18:00:00-04:00,24.32,24.4,24.32,24.4,0.0
2025-06-25 19:00:00-04:00,24.5988,24.5988,24.32,24.53,0.0
2025-06-26 04:00:00-04:00,24.53,24.68,24.53,24.68,0.0
2025-06-26 05:00:00-04:00,24.52,24.52,24.52,24.52,0.0
2025-06-26 06:00:00-04:00,24.54,24.54,24.54,24.54,0.0
2025-06-26 07:00:00-04:00,24.52,24.62,24.52,24.62,0.0
2025-06-26 08:00:00-04:00,24.62,24.768,24.55,24.65,0.0
2025-06-26 09:00:00-04:00,,,,,
2025-06-26 09:30:00-04:00,24.809999465942383,24.84000015258789,24.469999313354492,24.604999542236328,923603.0
2025-06-26 10:30:00-04:00,24.610000610351562,24.700000762939453,24.610000610351562,24.62660026550293,752506.0
2025-06-26 11:30:00-04:00,24.6200008392334,24.690000534057617,24.59000015258789,24.670000076293945,550297.0
2025-06-26 12:30:00-04:00,24.670000076293945,24.75550079345703,24.670000076293945,24.709999084472656,523735.0
2025-06-26 13:30:00-04:00,24.704999923706055,24.739999771118164,24.670000076293945,24.71500015258789,700576.0
2025-06-26 14:30:00-04:00,24.71500015258789,24.75,24.649999618530273,24.665000915527344,850147.0
2025-06-26 15:30:00-04:00,24.670000076293945,24.75,24.6299991607666,24.735000610351562,1442455.0
2025-06-26 16:00:00-04:00,24.71,24.78,24.5,24.62,0.0
2025-06-26 17:00:00-04:00,24.62,24.78,24.51,24.56,0.0
2025-06-26 18:00:00-04:00,24.75,24.75,24.5,24.7,0.0
2025-06-26 19:00:00-04:00,24.75,24.75,24.6,24.6,0.0
2025-06-27 04:00:00-04:00,24.75,24.85,24.75,24.85,0.0
2025-06-27 05:00:00-04:00,24.85,24.85,24.83,24.83,0.0
2025-06-27 06:00:00-04:00,24.83,24.83,24.83,24.83,0.0
2025-06-27 07:00:00-04:00,24.71,24.83,24.67,24.72,0.0
2025-06-27 08:00:00-04:00,24.75,24.9788,24.7021,24.839,0.0
2025-06-27 09:00:00-04:00,24.83,24.83,24.75,24.75,0.0
2025-06-27 09:30:00-04:00,24.739999771118164,24.969999313354492,24.729999542236328,24.924999237060547,901232.0
2025-06-27 10:30:00-04:00,24.924999237060547,24.955400466918945,24.825000762939453,24.84000015258789,511118.0
2025-06-27 11:30:00-04:00,24.84000015258789,24.860000610351562,24.750099182128906,24.844999313354492,541772.0
2025-06-27 12:30:00-04:00,24.844999313354492,24.864999771118164,24.760000228881836,24.795000076293945,605127.0
2025-06-27 13:30:00-04:00,24.795000076293945,24.84000015258789,24.56999969482422,24.575000762939453,651036.0
2025-06-27 14:30:00-04:00,24.575000762939453,24.575000762939453,24.43000030517578,24.565000534057617,773099.0
2025-06-27 15:30:00-04:00,24.565000534057617,24.790000915527344,24.559999465942383,24.770000457763672,1867150.0
2025-06-27 16:00:00-04:00,24.77,24.88,24.6,24.6,0.0
2025-06-27 17:00:00-04:00,24.6,24.77,24.6,24.77,0.0
2025-06-27 18:00:00-04:00,24.77,24.77,24.7682,24.77,0.0
2025-06-27 19:00:00-04:00,24.74,24.74,24.6,24.6,0.0
2025-06-30 04:00:00-04:00,24.7,24.98,24.7,24.9,0.0
2025-06-30 05:00:00-04:00,24.86,24.95,24.8,24.82,0.0
2025-06-30 06:00:00-04:00,24.82,24.96,24.82,24.96,0.0
2025-06-30 07:00:00-04:00,24.96,24.96,24.79,24.89,0.0
2025-06-30 08:00:00-04:00,24.89,24.98,24.77,24.911,0.0
2025-06-30 09:00:00-04:00,24.81,24.935,24.81,24.83,0.0
2025-06-30 09:30:00-04:00,24.90999984741211,24.950000762939453,24.520000457763672,24.885000228881836,1208530.0
2025-06-30 10:30:00-04:00,24.885000228881836,24.93000030517578,24.649999618530273,24.65999984741211,1152682.0
2025-06-30 11:30:00-04:00,24.65999984741211,24.684999465942383,24.399999618530273,24.405000686645508,1559441.0
2025-06-30 12:30:00-04:00,24.405000686645508,24.520000457763672,24.399999618530273,24.450000762939453,644672.0
2025-06-30 13:30:00-04:00,24.454999923706055,24.4950008392334,24.3700008392334,24.454999923706055,1194860.0
2025-06-30 14:30:00-04:00,24.454999923706055,24.510000228881836,24.353300094604492,24.479999542236328,767961.0
2025-06-30 15:30:00-04:00,24.485000610351562,24.53499984741211,24.434999465942383,24.459999084472656,1619038.0
2025-06-30 16:00:00-04:00,24.46,24.65,24.3,24.46,0.0
2025-06-30 17:00:00-04:00,24.4592,24.46,24.4307,24.46,0.0
2025-06-30 18:00:00-04:00,24.46,24.46,24.43,24.4598,0.0
2025-06-30 19:00:00-04:00,24.46,24.65,24.4595,24.46,0.0
2025-07-01 04:00:00-04:00,24.46,24.65,24.46,24.65,0.0
2025-07-01 05:00:00-04:00,24.65,24.65,24.46,24.46,0.0
2025-07-01 06:00:00-04:00,24.46,24.46,24.44,24.45,0.0
2025-07-01 07:00:00-04:00,24.45,24.45,24.45,24.45,0.0
2025-07-01 08:00:00-04:00,24.45,24.6,24.3592,24.4,0.0
2025-07-01 09:00:00-04:00,24.4,24.664,24.35,24.43,0.0
2025-07-01 09:30:00-04:00,24.309999465942383,24.875,24.299999237060547,24.8700008392334,1387228.0
2025-07-01 10:30:00-04:00,24.8700008392334,25.325000762939453,24.864999771118164,25.325000762939453,1490548.0
2025-07-01 11:30:00-04:00,25.31999969482422,25.81999969482422,25.280000686645508,25.774999618530273,2059177.0
2025-07-01 12:30:00-04:00,25.774999618530273,25.799999237060547,25.219999313354492,25.375,1173012.0
2025-07-01 13:30:00-04:00,25.375,25.450000762939453,25.334999084472656,25.34000015258789,970109.0
2025-07-01 14:30:00-04:00,25.344999313354492,25.524999618530273,25.290000915527344,25.5049991607666,1323969.0
2025-07-01 15:30:00-04:00,25.5049991607666,25.56999969482422,25.40999984741211,25.4950008392334,2896390.0
2025-07-01 16:00:00-04:00,25.5,25.58,25.38,25.41,0.0
2025-07-01 17:00:00-04:00,25.41,25.5482,25.27,25.41,0.0
2025-07-01 18:00:00-04:00,25.41,25.54,25.3,25.3642,0.0
2025-07-01 19:00:00-04:00,25.47,25.51,25.4,25.5,0.0
2025-07-02 04:00:00-04:00,25.52,25.52,25.5,25.5,0.0
2025-07-02 05:00:00-04:00,25.5,25.67,25.5,25.62,0.0
2025-07-02 06:00:00-04:00,25.62,25.62,25.52,25.52,0.0
2025-07-02 07:00:00-04:00,25.52,25.58,25.52,25.58,0.0
2025-07-02 08:00:00-04:00,25.58,25.58,25.45,25.51,0.0
2025-07-02 09:00:00-04:00,25.54,25.54,25.3992,25.54,0.0
2025-07-02 09:30:00-04:00,25.579999923706055,25.68000030517578,25.25,25.6299991607666,1237297.0
2025-07-02 10:30:00-04:00,25.6299991607666,25.959999084472656,25.625,25.920000076293945,1208686.0
2025-07-02 11:30:00-04:00,25.920000076293945,25.924999237060547,25.689899444580078,25.689899444580078,954413.0
2025-07-02 12:30:00-04:00,25.684999465942383,25.708900451660156,25.6299991607666,25.676700592041016,627450.0
2025-07-02 13:30:00-04:00,25.674999237060547,25.770000457763672,25.665000915527344,25.7450008392334,866844.0
2025-07-02 14:30:00-04:00,25.747573852539062,25.915000915527344,25.739999771118164,25.809999465942383,671374.0
2025-07-02 15:30:00-04:00,25.809999465942383,25.860000610351562,25.752500534057617,25.834999084472656,1222373.0
2025-07-02 16:00:00-04:00,25.85,25.95,25.82,25.9325,0.0
2025-07-02 17:00:00-04:00,25.9217,25.93,25.82,25.85,0.0
2025-07-02 18:00:00-04:00,25.82,25.88,25.82,25.85,0.0
2025-07-02 19:00:00-04:00,25.85,25.85,25.81,25.85,0.0
2025-07-03 04:00:00-04:00,25.83,25.83,25.83,25.83,0.0
2025-07-03 05:00:00-04:00,25.99,25.99,25.8,25.81,0.0
2025-07-03 06:00:00-04:00,25.84,25.97,25.84,25.94,0.0
2025-07-03 07:00:00-04:00,25.91,25.91,25.85,25.91,0.0
2025-07-03 08:00:00-04:00,25.91,26.2088,25.7,25.89,0.0
2025-07-03 09:00:00-04:00,25.96,25.98,25.71,25.97,0.0
2025-07-03 09:30:00-04:00,26.079999923706055,26.235000610351562,25.989999771118164,26.229999542236328,1324892.0
2025-07-03 10:30:00-04:00,26.225000381469727,26.2549991607666,26.011199951171875,26.03499984741211,714441.0
2025-07-03 11:30:00-04:00,26.0310001373291,26.149999618530273,25.979999542236328,26.045000076293945,871741.0
2025-07-03 13:00:00-04:00,26.045000076293945,26.1200008392334,25.8799991607666,26.0,0.0
2025-07-03 14:00:00-04:00,25.98,26.0,25.89,26.0,0.0
2025-07-03 15:00:00-04:00,25.89,26.0,25.88,25.94,0.0
2025-07-03 16:00:00-04:00,25.9418,26.0,25.94,25.98,0.0
2025-07-07 04:00:00-04:00,26.0,26.0,25.74,25.76,0.0
2025-07-07 05:00:00-04:00,25.76,25.9,25.72,25.76,0.0
2025-07-07 06:00:00-04:00,25.76,25.98,25.76,25.96,0.0
2025-07-07 07:00:00-04:00,25.98,25.98,25.87,25.98,0.0
2025-07-07 08:00:00-04:00,25.88,26.1,25.73,25.9,0.0
2025-07-07 09:00:00-04:00,25.9,26.0,25.85,25.85,0.0
2025-07-07 09:30:00-04:00,25.860000610351562,25.959999084472656,25.75,25.790000915527344,818611.0
2025-07-07 10:30:00-04:00,25.795000076293945,25.795000076293945,25.559999465942383,25.579999923706055,866574.0
2025-07-07 11:30:00-04:00,25.579999923706055,25.719999313354492,25.524999618530273,25.600000381469727,801198.0
2025-07-07 12:30:00-04:00,25.600099563598633,25.655000686645508,25.462099075317383,25.485000610351562,724267.0
2025-07-07 13:30:00-04:00,25.485000610351562,25.549999237060547,25.219999313354492,25.225000381469727,511537.0
2025-07-07 14:30:00-04:00,25.225000381469727,25.43000030517578,25.219999313354492,25.28499984741211,570790.0
2025-07-07 15:30:00-04:00,25.28499984741211,25.377599716186523,25.280000686645508,25.350000381469727,1168747.0
2025-07-07 16:00:00-04:00,25.34,25.485,25.22,25.29,0.0
2025-07-07 17:00:00-04:00,25.29,25.34,25.29,25.33,0.0
2025-07-07 18:00:00-04:00,25.33,25.33,25.22,25.27,0.0
2025-07-07 19:00:00-04:00,25.26,25.56,25.26,25.56,0.0
2025-07-08 04:00:00-04:00,25.56,25.56,25.56,25.56,0.0
2025-07-08 05:00:00-04:00,25.56,25.56,25.31,25.36,0.0
2025-07-08 06:00:00-04:00,25.36,25.36,25.29,25.29,0.0
2025-07-08 07:00:00-04:00,25.29,25.5,25.29,25.5,0.0
2025-07-08 08:00:00-04:00,25.5,25.5,25.2855,25.45,0.0
2025-07-08 09:00:00-04:00,25.5,25.5,25.39,25.39,0.0
2025-07-08 09:30:00-04:00,25.520000457763672,25.56999969482422,25.26020050048828,25.475000381469727,1053128.0
2025-07-08 10:30:00-04:00,25.479999542236328,26.014999389648438,25.479999542236328,25.665000915527344,1503525.0
2025-07-08 11:30:00-04:00,25.665000915527344,25.889999389648438,25.649999618530273,25.864999771118164,713559.0
2025-07-08 12:30:00-04:00,25.8700008392334,25.889999389648438,25.614999771118164,25.68000030517578,531990.0
2025-07-08 13:30:00-04:00,25.684999465942383,25.889999389648438,25.635000228881836,25.844999313354492,574336.0
2025-07-08 14:30:00-04:00,25.850000381469727,25.8799991607666,25.760000228881836,25.844999313354492,601330.0
2025-07-08 15:30:00-04:00,25.844999313354492,25.889999389648438,25.770000457763672,25.815000534057617,1250031.0
2025-07-08 16:00:00-04:00,25.8,25.82,25.58,25.82,0.0
2025-07-08 17:00:00-04:00,25.82,25.82,25.82,25.82,0.0
2025-07-08 18:00:00-04:00,25.82,25.82,25.63,25.63,0.0
2025-07-08 19:00:00-04:00,25.63,25.87,25.6,25.87,0.0
2025-07-09 04:00:00-04:00,25.87,25.87,25.8,25.87,0.0
2025-07-09 05:00:00-04:00,25.87,25.87,25.8,25.8,0.0
2025-07-09 06:00:00-04:00,25.8,25.8,25.8,25.8,0.0
2025-07-09 07:00:00-04:00,25.8,25.92,25.79,25.8,0.0
2025-07-09 08:00:00-04:00,25.8,25.93,25.7,25.8,0.0
2025-07-09 09:00:00-04:00,25.8194,25.94,25.54,25.9397,0.0
2025-07-09 09:30:00-04:00,25.81999969482422,25.950000762939453,25.600000381469727,25.670000076293945,949210.0
2025-07-09 10:30:00-04:00,25.670000076293945,25.68000030517578,25.299999237060547,25.31999969482422,1389525.0
2025-07-09 11:30:00-04:00,25.31999969482422,25.44499969482422,25.274999618530273,25.375,788975.0
2025-07-09 12:30:00-04:00,25.375,25.579999923706055,25.375,25.50550079345703,402708.0
2025-07-09 13:30:00-04:00,25.5049991607666,25.635000228881836,25.489999771118164,25.569900512695312,433855.0
2025-07-09 14:30:00-04:00,25.559999465942383,25.670000076293945,25.559999465942383,25.614999771118164,404540.0
2025-07-09 15:30:00-04:00,25.614999771118164,25.65999984741211,25.56999969482422,25.6299991607666,913545.0
2025-07-09 16:00:00-04:00,25.62,25.68,25.4675,25.63,0.0
2025-07-09 17:00:00-04:00,25.5815,25.64,25.58,25.6,0.0
2025-07-09 18:00:00-04:00,25.6,25.62,25.6,25.6,0.0
2025-07-09 19:00:00-04:00,25.63,25.65,25.6,25.63,0.0
2025-07-10 04:00:00-04:00,25.62,25.62,25.62,25.62,0.0
2025-07-10 05:00:00-04:00,25.62,25.62,25.5,25.5,0.0
2025-07-10 06:00:00-04:00,25.5,25.5,25.5,25.5,0.0
2025-07-10 07:00:00-04:00,25.5,25.5,25.5,25.5,0.0
2025-07-10 08:00:00-04:00,25.5,25.91,25.3443,25.52,0.0
2025-07-10 09:00:00-04:00,25.5,25.6594,25.45,25.65,0.0
2025-07-10 09:30:00-04:00,25.68000030517578,26.200000762939453,25.59040069580078,26.19499969482422,2154340.0
2025-07-10 10:30:00-04:00,26.200000762939453,26.264999389648438,26.104999542236328,26.19499969482422,776685.0
2025-07-10 11:30:00-04:00,26.190000534057617,26.19499969482422,25.68000030517578,25.815000534057617,1326267.0
2025-07-10 12:30:00-04:00,25.815000534057617,25.934999465942383,25.780000686645508,25.915000915527344,449771.0
2025-07-10 13:30:00-04:00,25.915000915527344,25.959999084472656,25.850000381469727,25.915000915527344,335996.0
2025-07-10 14:30:00-04:00,25.90999984741211,25.940000534057617,25.770000457763672,25.770000457763672,419019.0
2025-07-10 15:30:00-04:00,25.774999618530273,25.81999969482422,25.690000534057617,25.725000381469727,1031111.0
2025-07-10 16:00:00-04:00,25.73,25.94,25.72,25.76,0.0
2025-07-10 17:00:00-04:00,25.89,25.89,25.75,25.89,0.0
2025-07-10 18:00:00-04:00,25.89,25.89,25.88,25.88,0.0
2025-07-10 19:00:00-04:00,25.8,25.89,25.8,25.83,0.0
2025-07-11 04:00:00-04:00,25.73,25.85,25.52,25.52,0.0
2025-07-11 05:00:00-04:00,25.52,25.7,25.52,25.66,0.0
2025-07-11 06:00:00-04:00,25.66,25.68,25.47,25.48,0.0
2025-07-11 07:00:00-04:00,25.48,25.63,25.43,25.63,0.0
2025-07-11 08:00:00-04:00,25.6,25.9,25.57,25.7,0.0
2025-07-11 09:00:00-04:00,25.7,25.75,25.5,25.66,0.0
2025-07-11 09:30:00-04:00,25.5,25.610000610351562,25.309999465942383,25.59000015258789,737948.0
2025-07-11 10:30:00-04:00,25.584999084472656,25.610000610351562,25.420000076293945,25.5049991607666,473498.0
2025-07-11 11:30:00-04:00,25.5049991607666,25.625,25.4950008392334,25.524999618530273,382683.0
2025-07-11 12:30:00-04:00,25.520000457763672,25.549999237060547,25.459999084472656,25.545000076293945,384994.0
2025-07-11 13:30:00-04:00,25.545000076293945,25.559999465942383,25.389999389648438,25.485000610351562,773076.0
2025-07-11 14:30:00-04:00,25.488100051879883,25.59000015258789,25.405000686645508,25.485000610351562,1120736.0
2025-07-11 15:30:00-04:00,25.485000610351562,25.549999237060547,25.40999984741211,25.415000915527344,1284882.0
2025-07-11 16:00:00-04:00,25.42,25.43,25.4,25.42,0.0
2025-07-11 17:00:00-04:00,25.42,25.42,25.38,25.409,0.0
2025-07-11 18:00:00-04:00,25.39,25.41,25.32,25.3201,0.0
2025-07-11 19:00:00-04:00,25.41,25.45,25.39,25.45,0.0
2025-07-14 04:00:00-04:00,25.5,25.5,25.25,25.28,0.0
2025-07-14 05:00:00-04:00,25.38,25.38,25.33,25.33,0.0
2025-07-14 06:00:00-04:00,25.33,25.33,25.33,25.33,0.0
2025-07-14 07:00:00-04:00,25.42,25.42,25.3,25.31,0.0
2025-07-14 08:00:00-04:00,25.31,25.51,25.25,25.3997,0.0
2025-07-14 09:00:00-04:00,25.3997,25.43,25.3,25.3,0.0
2025-07-14 09:30:00-04:00,25.155000686645508,25.3799991607666,24.809999465942383,24.834999084472656,1611087.0
2025-07-14 10:30:00-04:00,24.829999923706055,24.989999771118164,24.690000534057617,24.770000457763672,1250395.0
2025-07-14 11:30:00-04:00,24.774999618530273,24.854999542236328,24.690000534057617,24.700000762939453,1552620.0
2025-07-14 12:30:00-04:00,24.69499969482422,24.834999084472656,24.655000686645508,24.803300857543945,1032245.0
2025-07-14 13:30:00-04:00,24.799999237060547,24.924999237060547,24.790000915527344,24.8799991607666,521083.0
2025-07-14 14:30:00-04:00,24.875,24.90999984741211,24.770000457763672,24.790000915527344,1189782.0
2025-07-14 15:30:00-04:00,24.795000076293945,24.844999313354492,24.735000610351562,24.81999969482422,1340600.0
2025-07-14 16:00:00-04:00,24.83,24.98,24.83,24.86,0.0
2025-07-14 17:00:00-04:00,24.86,25.085,24.82,24.8483,0.0
2025-07-14 18:00:00-04:00,24.8483,24.8483,24.78,24.83,0.0
2025-07-14 19:00:00-04:00,24.84,24.84,24.83,24.84,0.0
2025-07-15 04:00:00-04:00,24.97,24.97,24.81,24.82,0.0
2025-07-15 05:00:00-04:00,24.81,24.84,24.81,24.81,0.0
2025-07-15 06:00:00-04:00,24.81,24.9,24.81,24.82,0.0
2025-07-15 07:00:00-04:00,24.82,24.9,24.81,24.85,0.0
2025-07-15 08:00:00-04:00,24.85,25.1288,24.81,24.9,0.0
2025-07-15 09:00:00-04:00,24.9,24.98,24.9,24.97,0.0
2025-07-15 09:30:00-04:00,25.059999465942383,25.225000381469727,24.905000686645508,24.915000915527344,1225344.0
2025-07-15 10:30:00-04:00,24.90999984741211,24.950000762939453,24.760000228881836,24.850000381469727,739897.0
2025-07-15 11:30:00-04:00,24.844999313354492,24.860000610351562,24.655000686645508,24.671899795532227,508178.0
2025-07-15 12:30:00-04:00,24.674999237060547,24.706499099731445,24.512500762939453,24.559999465942383,559243.0
2025-07-15 13:30:00-04:00,24.565500259399414,24.610000610351562,24.485000610351562,24.584999084472656,487166.0
2025-07-15 14:30:00-04:00,24.584999084472656,24.65999984741211,24.5049991607666,24.548999786376953,669323.0
2025-07-15 15:30:00-04:00,24.548999786376953,24.59000015258789,24.489999771118164,24.5049991607666,1162037.0
2025-07-15 16:00:00-04:00,24.52,24.83,24.5,24.51,0.0
2025-07-15 17:00:00-04:00,24.51,24.72,24.51,24.53,0.0
2025-07-15 18:00:00-04:00,24.55,24.72,24.5,24.5,0.0
2025-07-15 19:00:00-04:00,24.6999,24.7,24.5,24.5,0.0
2025-07-16 04:00:00-04:00,24.52,24.63,24.51,24.51,0.0
2025-07-16 05:00:00-04:00,24.51,24.56,24.51,24.56,0.0
2025-07-16 06:00:00-04:00,24.56,24.56,24.56,24.56,0.0
2025-07-16 07:00:00-04:00,24.56,24.64,24.49,24.61,0.0
2025-07-16 08:00:00-04:00,24.49,24.7,24.43,24.5,0.0
2025-07-16 09:00:00-04:00,24.5,24.88,24.5,24.88,0.0
2025-07-16 09:30:00-04:00,24.540000915527344,24.540000915527344,24.299999237060547,24.325000762939453,744514.0
2025-07-16 10:30:00-04:00,24.325000762939453,24.424999237060547,24.104999542236328,24.2450008392334,958981.0
2025-07-16 11:30:00-04:00,24.2450008392334,24.395000457763672,24.139999389648438,24.344999313354492,610522.0
2025-07-16 12:30:00-04:00,24.344999313354492,24.489999771118164,24.30500030517578,24.43000030517578,333354.0
2025-07-16 13:30:00-04:00,24.434999465942383,24.5,24.420000076293945,24.475000381469727,368754.0
2025-07-16 14:30:00-04:00,24.475000381469727,24.600000381469727,24.469999313354492,24.549999237060547,622866.0
2025-07-16 15:30:00-04:00,24.545000076293945,24.6299991607666,24.540000915527344,24.565000534057617,971984.0
2025-07-16 16:00:00-04:00,24.56,24.62,24.1801,24.57,0.0
2025-07-16 17:00:00-04:00,24.57,24.57,24.56,24.56,0.0
2025-07-16 18:00:00-04:00,24.5688,24.57,24.4042,24.4042,0.0
2025-07-16 19:00:00-04:00,24.57,24.57,24.5031,24.56,0.0
2025-07-17 04:00:00-04:00,24.56,24.56,24.56,24.56,0.0
2025-07-17 05:00:00-04:00,24.56,24.56,24.56,24.56,0.0
2025-07-17 06:00:00-04:00,24.56,24.59,24.53,24.53,0.0
2025-07-17 07:00:00-04:00,24.55,24.55,24.49,24.49,0.0
2025-07-17 08:00:00-04:00,24.5,24.7,24.49,24.55,0.0
2025-07-17 09:00:00-04:00,24.55,24.63,24.49,24.52,0.0
2025-07-17 09:30:00-04:00,24.559999465942383,24.690000534057617,24.309999465942383,24.344999313354492,1148481.0
2025-07-17 10:30:00-04:00,24.350000381469727,24.510000228881836,24.334800720214844,24.459999084472656,1171614.0
2025-07-17 11:30:00-04:00,24.469999313354492,24.649999618530273,24.46500015258789,24.55500030517578,826851.0
2025-07-17 12:30:00-04:00,24.55500030517578,24.635000228881836,24.530000686645508,24.575000762939453,538315.0
2025-07-17 13:30:00-04:00,24.575000762939453,24.729000091552734,24.549999237060547,24.729000091552734,453458.0
2025-07-17 14:30:00-04:00,24.725000381469727,24.788999557495117,24.690000534057617,24.764999389648438,648121.0
2025-07-17 15:30:00-04:00,24.760000228881836,24.809999465942383,24.719999313354492,24.760000228881836,993596.0
2025-07-17 16:00:00-04:00,24.75,24.76,24.5185,24.75,0.0
2025-07-17 17:00:00-04:00,24.5,24.76,24.5,24.75,0.0
2025-07-17 18:00:00-04:00,24.75,24.76,24.7,24.7,0.0
2025-07-17 19:00:00-04:00,24.76,24.88,24.75,24.88,0.0
2025-07-18 04:00:00-04:00,24.88,24.88,24.88,24.88,0.0
2025-07-18 05:00:00-04:00,24.88,24.88,24.79,24.79,0.0
2025-07-18 06:00:00-04:00,24.79,24.79,24.69,24.69,0.0
2025-07-18 07:00:00-04:00,24.69,24.79,24.69,24.69,0.0
2025-07-18 08:00:00-04:00,24.69,24.94,24.6,24.81,0.0
2025-07-18 09:00:00-04:00,24.75,24.88,24.75,24.87,0.0
2025-07-18 09:30:00-04:00,24.959999084472656,24.989999771118164,24.719999313354492,24.7549991607666,1227069.0
2025-07-18 10:30:00-04:00,24.7549991607666,24.90999984741211,24.735000610351562,24.905000686645508,546821.0
2025-07-18 11:30:00-04:00,24.90999984741211,24.96500015258789,24.850000381469727,24.905000686645508,785720.0
2025-07-18 12:30:00-04:00,24.905000686645508,25.024999618530273,24.895000457763672,24.965499877929688,512453.0
2025-07-18 13:30:00-04:00,24.969999313354492,25.0,24.895000457763672,24.895000457763672,430686.0
2025-07-18 14:30:00-04:00,24.895000457763672,25.075000762939453,24.895000457763672,25.040000915527344,663445.0
2025-07-18 15:30:00-04:00,25.045000076293945,25.110000610351562,25.014999389648438,25.059999465942383,1235877.0
2025-07-18 16:00:00-04:00,25.06,25.1325,25.01,25.08,0.0
2025-07-18 17:00:00-04:00,25.08,25.14,25.06,25.11,0.0
2025-07-18 18:00:00-04:00,25.12,25.18,25.09,25.1483,0.0
2025-07-18 19:00:00-04:00,25.1,25.16,25.0045,25.0045,0.0
2025-07-21 04:00:00-04:00,25.02,25.19,25.02,25.11,0.0
2025-07-21 05:00:00-04:00,25.21,25.21,25.15,25.21,0.0
2025-07-21 06:00:00-04:00,25.21,25.21,25.11,25.11,0.0
2025-07-21 07:00:00-04:00,25.11,25.21,25.1,25.16,0.0
2025-07-21 08:00:00-04:00,25.16,25.2509,24.8612,25.16,0.0
2025-07-21 09:00:00-04:00,25.16,25.19,25.06,25.06,0.0
2025-07-21 09:30:00-04:00,25.18000030517578,25.190000534057617,24.960100173950195,25.010000228881836,998301.0
2025-07-21 10:30:00-04:00,25.00160026550293,25.049999237060547,24.889999389648438,24.90999984741211,571309.0
2025-07-21 11:30:00-04:00,24.915000915527344,24.9950008392334,24.885000228881836,24.915000915527344,403331.0
2025-07-21 12:30:00-04:00,24.915000915527344,24.959999084472656,24.899999618530273,24.954999923706055,282133.0
2025-07-21 13:30:00-04:00,24.959999084472656,25.03499984741211,24.924999237060547,25.024999618530273,440782.0
2025-07-21 14:30:00-04:00,25.024999618530273,25.02549934387207,24.829999923706055,24.860000610351562,489343.0
2025-07-21 15:30:00-04:00,24.860000610351562,24.8799991607666,24.799999237060547,24.825000762939453,875783.0
2025-07-21 16:00:00-04:00,24.83,25.17,24.82,25.17,0.0
2025-07-21 17:00:00-04:00,25.17,25.17,24.83,24.83,0.0
2025-07-21 18:00:00-04:00,24.92,25.05,24.82,24.9,0.0
2025-07-21 19:00:00-04:00,24.89,24.89,24.84,24.84,0.0
2025-07-22 04:00:00-04:00,24.71,24.83,24.71,24.83,0.0
2025-07-22 05:00:00-04:00,24.83,24.84,24.83,24.83,0.0
2025-07-22 06:00:00-04:00,24.83,24.83,24.82,24.83,0.0
2025-07-22 07:00:00-04:00,24.83,24.83,24.81,24.81,0.0
2025-07-22 08:00:00-04:00,24.81,25.03,24.71,24.9,0.0
2025-07-22 09:00:00-04:00,24.83,24.89,24.83,24.83,0.0
2025-07-22 09:30:00-04:00,24.950000762939453,25.14620018005371,24.829999923706055,25.049999237060547,1163658.0
2025-07-22 10:30:00-04:00,25.059999465942383,25.170000076293945,25.020000457763672,25.155000686645508,598496.0
2025-07-22 11:30:00-04:00,25.156999588012695,25.299999237060547,25.149999618530273,25.174999237060547,748043.0
2025-07-22 12:30:00-04:00,25.18000030517578,25.295000076293945,25.09000015258789,25.280000686645508,471900.0
2025-07-22 13:30:00-04:00,25.274999618530273,25.299999237060547,25.200000762939453,25.200000762939453,331142.0
2025-07-22 14:30:00-04:00,25.206499099731445,25.329999923706055,25.18000030517578,25.295000076293945,845555.0
2025-07-22 15:30:00-04:00,25.291099548339844,25.415000915527344,25.264999389648438,25.40999984741211,1620543.0
2025-07-22 16:00:00-04:00,25.41,25.45,25.3045,25.45,0.0
2025-07-22 17:00:00-04:00,25.4,25.48,25.38,25.39,0.0
2025-07-22 18:00:00-04:00,25.48,25.48,25.3,25.41,0.0
2025-07-22 19:00:00-04:00,25.4,25.41,25.08,25.41,0.0
2025-07-23 04:00:00-04:00,25.5,25.57,25.5,25.5,0.0
2025-07-23 05:00:00-04:00,25.42,25.42,25.42,25.42,0.0
2025-07-23 06:00:00-04:00,25.42,25.5,25.42,25.5,0.0
2025-07-23 07:00:00-04:00,25.5,25.5,25.41,25.47,0.0
2025-07-23 08:00:00-04:00,25.47,25.502,25.4047,25.502,0.0
2025-07-23 09:00:00-04:00,25.502,25.54,25.41,25.52,0.0
2025-07-23 09:30:00-04:00,25.6200008392334,25.969999313354492,25.559999465942383,25.905000686645508,1129831.0
2025-07-23 10:30:00-04:00,25.906700134277344,25.94499969482422,25.780000686645508,25.80500030517578,552399.0
2025-07-23 11:30:00-04:00,25.80500030517578,25.844999313354492,25.709999084472656,25.825000762939453,671438.0
2025-07-23 12:30:00-04:00,25.825000762939453,25.850000381469727,25.764999389648438,25.790000915527344,454192.0
2025-07-23 13:30:00-04:00,25.780899047851562,25.899999618530273,25.7450008392334,25.895000457763672,441010.0
2025-07-23 14:30:00-04:00,25.895000457763672,26.049999237060547,25.871599197387695,25.905000686645508,1116883.0
2025-07-23 15:30:00-04:00,25.905000686645508,25.93000030517578,25.829999923706055,25.8799991607666,1491889.0
2025-07-23 16:00:00-04:00,25.88,26.08,25.75,25.92,0.0
2025-07-23 17:00:00-04:00,25.86,25.91,25.86,25.87,0.0
2025-07-23 18:00:00-04:00,25.86,25.88,25.86,25.88,0.0
2025-07-23 19:00:00-04:00,25.8888,25.89,25.75,25.89,0.0
2025-07-24 04:00:00-04:00,25.96,25.96,25.9,25.9,0.0
2025-07-24 05:00:00-04:00,25.9,25.9,25.78,25.87,0.0
2025-07-24 06:00:00-04:00,25.93,25.93,25.78,25.78,0.0
2025-07-24 07:00:00-04:00,25.78,25.78,25.78,25.78,0.0
2025-07-24 08:00:00-04:00,25.78,26.19,25.75,25.88,0.0
2025-07-24 09:00:00-04:00,25.94,25.94,25.7,25.7844,0.0
2025-07-24 09:30:00-04:00,25.719999313354492,25.920000076293945,25.579999923706055,25.825000762939453,894236.0
2025-07-24 10:30:00-04:00,25.825000762939453,25.864999771118164,25.65999984741211,25.684999465942383,795742.0
2025-07-24 11:30:00-04:00,25.684999465942383,25.719999313354492,25.575000762939453,25.604999542236328,481059.0
2025-07-24 12:30:00-04:00,25.609800338745117,25.719999313354492,25.559999465942383,25.684999465942383,419567.0
2025-07-24 13:30:00-04:00,25.684999465942383,25.7450008392334,25.665000915527344,25.684999465942383,440217.0
2025-07-24 14:30:00-04:00,25.68670082092285,25.709999084472656,25.610000610351562,25.637500762939453,525480.0
2025-07-24 15:30:00-04:00,25.635000228881836,25.709999084472656,25.56999969482422,25.670000076293945,1091849.0
2025-07-24 16:00:00-04:00,25.69,25.85,25.5,25.524,0.0
2025-07-24 17:00:00-04:00,25.524,25.79,25.5001,25.58,0.0
2025-07-24 18:00:00-04:00,25.88,25.88,25.552,25.75,0.0
2025-07-24 19:00:00-04:00,25.75,25.88,25.75,25.85,0.0
2025-07-25 04:00:00-04:00,25.83,25.93,25.82,25.82,0.0
2025-07-25 05:00:00-04:00,25.82,25.82,25.82,25.82,0.0
2025-07-25 06:00:00-04:00,25.8,25.87,25.8,25.8,0.0
2025-07-25 07:00:00-04:00,25.83,25.83,25.75,25.75,0.0
2025-07-25 08:00:00-04:00,25.75,25.99,25.69,25.75,0.0
2025-07-25 09:00:00-04:00,25.75,25.77,24.8501,25.77,0.0
2025-07-25 09:30:00-04:00,25.729999542236328,25.799999237060547,25.434999465942383,25.53499984741211,749579.0
2025-07-25 10:30:00-04:00,25.53499984741211,25.6200008392334,25.520000457763672,25.530000686645508,434844.0
2025-07-25 11:30:00-04:00,25.52549934387207,25.530000686645508,25.44499969482422,25.510000228881836,550106.0
2025-07-25 12:30:00-04:00,25.510000228881836,25.559999465942383,25.479999542236328,25.549999237060547,397962.0
2025-07-25 13:30:00-04:00,25.55500030517578,25.6299991607666,25.459999084472656,25.46500015258789,481666.0
2025-07-25 14:30:00-04:00,25.469999313354492,25.559999465942383,25.43000030517578,25.549999237060547,765764.0
2025-07-25 15:30:00-04:00,25.55500030517578,25.690000534057617,25.530000686645508,25.677000045776367,1696578.0
2025-07-25 16:00:00-04:00,25.68,25.7,25.4126,25.7,0.0
2025-07-25 17:00:00-04:00,25.7,25.7,25.69,25.69,0.0
2025-07-25 18:00:00-04:00,25.69,25.7,25.68,25.7,0.0
2025-07-25 19:00:00-04:00,25.75,25.75,25.7012,25.7012,0.0
2025-07-28 04:00:00-04:00,25.71,25.73,25.69,25.69,0.0
2025-07-28 05:00:00-04:00,25.7,25.7,25.7,25.7,0.0
2025-07-28 06:00:00-04:00,25.7,25.71,25.7,25.71,0.0
2025-07-28 07:00:00-04:00,25.71,25.78,25.7,25.72,0.0
2025-07-28 08:00:00-04:00,25.72,25.85,25.6812,25.7996,0.0
2025-07-28 09:00:00-04:00,25.69,25.7907,25.68,25.71,0.0
2025-07-28 09:30:00-04:00,25.739999771118164,25.81999969482422,25.485000610351562,25.684999465942383,660944.0
2025-07-28 10:30:00-04:00,25.684999465942383,25.8700008392334,25.684999465942383,25.834999084472656,860649.0
2025-07-28 11:30:00-04:00,25.84000015258789,25.924999237060547,25.809999465942383,25.905000686645508,463059.0
2025-07-28 12:30:00-04:00,25.905000686645508,25.94499969482422,25.770000457763672,25.770000457763672,549389.0
2025-07-28 13:30:00-04:00,25.774999618530273,25.84000015258789,25.744800567626953,25.84000015258789,334977.0
2025-07-28 14:30:00-04:00,25.84000015258789,25.875,25.773300170898438,25.815000534057617,616308.0
2025-07-28 15:30:00-04:00,25.815000534057617,25.8799991607666,25.78499984741211,25.844999313354492,939298.0
2025-07-28 16:00:00-04:00,25.85,25.87,25.8,25.85,0.0
2025-07-28 17:00:00-04:00,25.85,25.95,25.81,25.93,0.0
2025-07-28 18:00:00-04:00,25.95,25.95,25.8,25.95,0.0
2025-07-28 19:00:00-04:00,25.8,25.95,25.8,25.95,0.0
2025-07-29 04:00:00-04:00,25.95,26.0,25.73,25.89,0.0
2025-07-29 05:00:00-04:00,25.89,25.98,25.85,25.86,0.0
2025-07-29 06:00:00-04:00,25.86,25.98,25.86,25.98,0.0
2025-07-29 07:00:00-04:00,25.98,25.98,25.9,25.94,0.0
2025-07-29 08:00:00-04:00,25.95,26.2,25.66,25.93,0.0
2025-07-29 09:00:00-04:00,25.9,25.91,25.6,25.85,0.0
2025-07-29 09:30:00-04:00,26.0,26.030000686645508,25.829999923706055,25.95509910583496,871580.0
2025-07-29 10:30:00-04:00,25.95240020751953,25.959999084472656,25.760000228881836,25.760000228881836,553186.0
2025-07-29 11:30:00-04:00,25.760000228881836,25.789899826049805,25.68000030517578,25.774999618530273,669168.0
2025-07-29 12:30:00-04:00,25.780000686645508,25.864999771118164,25.72010040283203,25.795000076293945,523698.0
2025-07-29 13:30:00-04:00,25.790000915527344,25.834999084472656,25.719999313354492,25.774999618530273,544435.0
2025-07-29 14:30:00-04:00,25.780000686645508,25.850000381469727,25.739999771118164,25.7450008392334,629576.0
2025-07-29 15:30:00-04:00,25.7450008392334,25.7450008392334,25.584999084472656,25.670000076293945,1411900.0
2025-07-29 16:00:00-04:00,25.67,25.67,25.58,25.67,1208062.0
