Date,open,high,low,close,volume
2023-08-29 17:00:00-04:00,102.05,102.2,101.77,102.09,0.0
2023-08-29 18:00:00-04:00,102.09,102.16,102.0,102.035,0.0
2023-08-29 19:00:00-04:00,102.02,102.46,102.0,102.16,0.0
2023-08-30 04:00:00-04:00,101.96,102.16,101.59,101.6,0.0
2023-08-30 05:00:00-04:00,101.69,101.76,101.53,101.53,0.0
2023-08-30 06:00:00-04:00,101.5,101.96,101.5,101.96,0.0
2023-08-30 07:00:00-04:00,101.97,102.0,101.83,101.84,0.0
2023-08-30 08:00:00-04:00,101.8,102.37,101.625,101.9,0.0
2023-08-30 09:00:00-04:00,102.0,102.0,101.765,101.78,0.0
2023-08-30 09:30:00-04:00,101.63999938964844,102.12000274658203,101.51000213623047,101.66000366210938,763581.0
2023-08-30 10:30:00-04:00,101.66000366210938,102.29000091552734,101.61000061035156,102.25,766163.0
2023-08-30 11:30:00-04:00,102.25,102.80999755859375,102.23999786376953,102.80999755859375,636190.0
2023-08-30 12:30:00-04:00,102.80999755859375,102.80999755859375,102.3499984741211,102.51000213623047,505160.0
2023-08-30 13:30:00-04:00,102.51139831542969,102.66000366210938,102.22709655761719,102.23999786376953,356457.0
2023-08-30 14:30:00-04:00,102.23069763183594,102.5698013305664,102.18000030517578,102.41000366210938,443820.0
2023-08-30 15:30:00-04:00,102.41999816894531,102.41999816894531,102.05000305175781,102.0999984741211,779352.0
2023-08-30 16:00:00-04:00,102.1,102.9,101.9,102.1,0.0
2023-08-30 17:00:00-04:00,102.11,102.48,102.1,102.12,0.0
2023-08-30 18:00:00-04:00,102.13,102.48,102.11,102.34,0.0
2023-08-30 19:00:00-04:00,102.4,102.48,102.11,102.4,0.0
2023-08-31 04:00:00-04:00,104.18,104.18,102.2,102.37,0.0
2023-08-31 05:00:00-04:00,102.37,102.42,102.12,102.3,0.0
2023-08-31 06:00:00-04:00,102.3,102.3,102.29,102.3,0.0
2023-08-31 07:00:00-04:00,102.3,102.37,102.19,102.22,0.0
2023-08-31 08:00:00-04:00,102.39,103.05,102.11,102.67,0.0
2023-08-31 09:00:00-04:00,102.61,102.85,102.44,102.7,0.0
2023-08-31 09:30:00-04:00,102.62000274658203,102.88999938964844,102.08000183105469,102.66329956054688,934803.0
2023-08-31 10:30:00-04:00,102.63999938964844,102.73999786376953,102.01000213623047,102.08000183105469,659421.0
2023-08-31 11:30:00-04:00,102.05999755859375,102.23999786376953,101.75,101.9800033569336,720072.0
2023-08-31 12:30:00-04:00,101.97000122070312,102.0999984741211,101.86009979248047,102.02999877929688,363536.0
2023-08-31 13:30:00-04:00,102.04000091552734,102.08999633789062,101.88999938964844,101.94409942626953,403941.0
2023-08-31 14:30:00-04:00,101.94999694824219,102.05750274658203,101.68000030517578,101.80000305175781,883922.0
2023-08-31 15:30:00-04:00,101.79499816894531,101.95999908447266,101.61000061035156,101.69000244140625,1094532.0
2023-08-31 16:00:00-04:00,101.68,102.1,101.2,101.45,0.0
2023-08-31 17:00:00-04:00,101.45,101.71,101.25,101.3,0.0
2023-08-31 18:00:00-04:00,101.325,101.45,101.29,101.45,0.0
2023-08-31 19:00:00-04:00,101.45,101.45,101.25,101.45,0.0
2023-09-01 04:00:00-04:00,101.6,101.74,101.34,101.5,0.0
2023-09-01 05:00:00-04:00,101.5,101.79,101.5,101.64,0.0
2023-09-01 06:00:00-04:00,101.69,101.7,101.61,101.7,0.0
2023-09-01 07:00:00-04:00,101.7,101.77,101.48,101.56,0.0
2023-09-01 08:00:00-04:00,101.58,101.925,101.145,101.56,0.0
2023-09-01 09:00:00-04:00,101.6,102.19,101.4,102.0,0.0
2023-09-01 09:30:00-04:00,101.97000122070312,102.95999908447266,101.5199966430664,102.48999786376953,1421540.0
2023-09-01 10:30:00-04:00,102.48500061035156,102.6449966430664,102.05000305175781,102.0770034790039,766649.0
2023-09-01 11:30:00-04:00,102.06999969482422,102.23999786376953,101.88500213623047,102.19499969482422,418122.0
2023-09-01 12:30:00-04:00,102.19499969482422,102.41999816894531,101.91000366210938,101.94999694824219,456532.0
2023-09-01 13:30:00-04:00,101.94999694824219,102.27420043945312,101.87999725341797,102.06999969482422,358093.0
2023-09-01 14:30:00-04:00,102.05999755859375,102.30999755859375,101.92500305175781,102.29000091552734,520668.0
2023-09-01 15:30:00-04:00,102.30000305175781,102.48999786376953,102.01499938964844,102.3499984741211,1071053.0
2023-09-01 16:00:00-04:00,102.36,102.82,101.68,101.68,0.0
2023-09-01 17:00:00-04:00,102.52,102.59,101.68,102.36,0.0
2023-09-01 18:00:00-04:00,102.36,102.59,101.9967,102.25,0.0
2023-09-01 19:00:00-04:00,102.35,102.59,101.68,102.49,0.0
2023-09-05 04:00:00-04:00,101.96,102.59,101.8,101.8,0.0
2023-09-05 05:00:00-04:00,101.83,101.99,101.83,101.95,0.0
2023-09-05 06:00:00-04:00,101.91,101.99,101.9,101.93,0.0
2023-09-05 07:00:00-04:00,101.98,102.18,101.93,102.02,0.0
2023-09-05 08:00:00-04:00,102.09,103.1,101.685,102.06,0.0
2023-09-05 09:00:00-04:00,102.08,102.52,101.83,102.17,0.0
2023-09-05 09:30:00-04:00,101.5,101.95999908447266,100.55000305175781,100.77999877929688,1435068.0
2023-09-05 10:30:00-04:00,100.76000213623047,101.31999969482422,100.52999877929688,101.06999969482422,836803.0
2023-09-05 11:30:00-04:00,101.06999969482422,101.11000061035156,100.6500015258789,100.77999877929688,742069.0
2023-09-05 12:30:00-04:00,100.7699966430664,100.9583969116211,100.3499984741211,100.38999938964844,452549.0
2023-09-05 13:30:00-04:00,100.4000015258789,100.83999633789062,100.3301010131836,100.83000183105469,452765.0
2023-09-05 14:30:00-04:00,100.83499908447266,100.83499908447266,100.2300033569336,100.26499938964844,750449.0
2023-09-05 15:30:00-04:00,100.2699966430664,100.62000274658203,100.2249984741211,100.31999969482422,1007729.0
2023-09-05 16:00:00-04:00,100.32,100.7,100.2015,100.31,0.0
2023-09-05 17:00:00-04:00,100.32,100.35,100.23,100.32,0.0
2023-09-05 18:00:00-04:00,100.32,100.32,100.23,100.32,0.0
2023-09-05 19:00:00-04:00,100.23,100.32,100.23,100.32,0.0
2023-09-06 04:00:00-04:00,100.25,101.0,100.12,100.28,0.0
2023-09-06 05:00:00-04:00,100.28,100.28,100.17,100.17,0.0
2023-09-06 06:00:00-04:00,100.21,100.26,100.21,100.25,0.0
2023-09-06 07:00:00-04:00,100.25,100.36,100.11,100.11,0.0
2023-09-06 08:00:00-04:00,100.2,101.69,100.025,100.1,0.0
2023-09-06 09:00:00-04:00,100.34,100.35,100.0,100.16,0.0
2023-09-06 09:30:00-04:00,99.91999816894531,100.16999816894531,99.47000122070312,99.65499877929688,1282325.0
2023-09-06 10:30:00-04:00,99.63999938964844,99.7699966430664,99.02999877929688,99.16999816894531,749349.0
2023-09-06 11:30:00-04:00,99.1500015258789,99.75,99.08999633789062,99.56999969482422,564343.0
2023-09-06 12:30:00-04:00,99.57499694824219,99.81999969482422,99.41000366210938,99.69000244140625,454534.0
2023-09-06 13:30:00-04:00,99.68000030517578,99.98999786376953,99.5999984741211,99.88999938964844,421037.0
2023-09-06 14:30:00-04:00,99.9000015258789,100.13999938964844,99.81999969482422,100.08000183105469,646905.0
2023-09-06 15:30:00-04:00,100.08000183105469,100.30500030517578,100.06999969482422,100.19999694824219,756248.0
2023-09-06 16:00:00-04:00,100.18,100.4,99.73,100.16,0.0
2023-09-06 17:00:00-04:00,100.3985,100.4,100.0,100.04,0.0
2023-09-06 18:00:00-04:00,100.05,100.3,100.0,100.18,0.0
2023-09-06 19:00:00-04:00,100.18,100.35,100.0,100.18,0.0
2023-09-07 04:00:00-04:00,97.04,100.18,97.04,99.74,0.0
2023-09-07 05:00:00-04:00,99.85,100.08,99.65,99.96,0.0
2023-09-07 06:00:00-04:00,99.97,100.1,99.96,100.01,0.0
2023-09-07 07:00:00-04:00,100.05,100.05,99.5,99.62,0.0
2023-09-07 08:00:00-04:00,99.6,100.49,99.24,99.5,0.0
2023-09-07 09:00:00-04:00,99.5,100.18,98.85,98.9,0.0
2023-09-07 09:30:00-04:00,98.375,98.76000213623047,97.91999816894531,98.01000213623047,3454711.0
2023-09-07 10:30:00-04:00,98.01000213623047,98.05000305175781,97.63999938964844,97.9000015258789,904543.0
2023-09-07 11:30:00-04:00,97.87000274658203,98.22000122070312,97.80000305175781,98.13999938964844,919360.0
2023-09-07 12:30:00-04:00,98.1500015258789,98.18000030517578,97.7300033569336,98.01000213623047,543388.0
2023-09-07 13:30:00-04:00,98.0199966430664,98.08999633789062,97.87000274658203,97.91000366210938,703927.0
2023-09-07 14:30:00-04:00,97.91500091552734,98.13999938964844,97.72000122070312,97.9800033569336,737581.0
2023-09-07 15:30:00-04:00,97.9800033569336,98.05999755859375,97.79000091552734,97.93000030517578,1094046.0
2023-09-07 16:00:00-04:00,97.93,98.31,97.75,98.08,0.0
2023-09-07 17:00:00-04:00,98.09,98.09,95.41338,98.0,0.0
2023-09-07 18:00:00-04:00,98.0,98.09,97.9,98.09,0.0
2023-09-07 19:00:00-04:00,97.95,98.07,97.75,98.07,0.0
2023-09-08 04:00:00-04:00,99.93,99.93,98.1,98.19,0.0
2023-09-08 05:00:00-04:00,98.11,98.29,97.75,97.9,0.0
2023-09-08 06:00:00-04:00,97.9,97.9,97.7,97.8,0.0
2023-09-08 07:00:00-04:00,97.87,98.1,97.82,98.0,0.0
2023-09-08 08:00:00-04:00,97.9,98.46,97.03,97.5,0.0
2023-09-08 09:00:00-04:00,97.54,97.54,97.3,97.49,0.0
2023-09-08 09:30:00-04:00,98.0999984741211,98.1343994140625,97.36080169677734,97.76000213623047,927110.0
2023-09-08 10:30:00-04:00,97.73999786376953,97.80000305175781,97.30000305175781,97.68000030517578,593149.0
2023-09-08 11:30:00-04:00,97.68499755859375,97.8499984741211,97.40499877929688,97.5198974609375,547454.0
2023-09-08 12:30:00-04:00,97.51000213623047,97.58000183105469,97.27749633789062,97.4000015258789,426155.0
2023-09-08 13:30:00-04:00,97.38999938964844,97.5999984741211,97.32499694824219,97.47000122070312,423443.0
2023-09-08 14:30:00-04:00,97.47000122070312,97.62000274658203,97.43000030517578,97.56999969482422,421895.0
2023-09-08 15:30:00-04:00,97.56999969482422,97.73999786376953,97.47000122070312,97.70999908447266,760000.0
2023-09-08 16:00:00-04:00,97.67,97.9,97.35,97.67,0.0
2023-09-08 17:00:00-04:00,97.8,97.8,97.67,97.72,0.0
2023-09-08 18:00:00-04:00,97.7,97.72,97.67,97.69,0.0
2023-09-08 19:00:00-04:00,97.68,97.72,97.51,97.72,0.0
2023-09-11 04:00:00-04:00,100.9,100.9,97.98,98.29,0.0
2023-09-11 05:00:00-04:00,98.28,98.29,98.0,98.28,0.0
2023-09-11 06:00:00-04:00,98.28,98.29,98.11,98.27,0.0
2023-09-11 07:00:00-04:00,98.26,98.28,98.04,98.24,0.0
2023-09-11 08:00:00-04:00,98.12,100.0,97.53,98.28,0.0
2023-09-11 09:00:00-04:00,98.01,98.3,98.01,98.295,0.0
2023-09-11 09:30:00-04:00,98.33000183105469,98.375,97.45999908447266,97.91000366210938,1417061.0
2023-09-11 10:30:00-04:00,97.91999816894531,97.91999816894531,97.31999969482422,97.55000305175781,576943.0
2023-09-11 11:30:00-04:00,97.55000305175781,97.55000305175781,97.19000244140625,97.2699966430664,556334.0
2023-09-11 12:30:00-04:00,97.29000091552734,97.37999725341797,97.16000366210938,97.25,547684.0
2023-09-11 13:30:00-04:00,97.25,97.30000305175781,97.0199966430664,97.06999969482422,618083.0
2023-09-11 14:30:00-04:00,97.07499694824219,97.09500122070312,96.7699966430664,96.7699966430664,964943.0
2023-09-11 15:30:00-04:00,96.7699966430664,96.80000305175781,96.58000183105469,96.80000305175781,1559147.0
2023-09-11 16:00:00-04:00,96.79,97.35,96.58,96.71,0.0
2023-09-11 17:00:00-04:00,96.79,96.79,96.58,96.78,0.0
2023-09-11 18:00:00-04:00,96.79,96.79,96.58,96.77,0.0
2023-09-11 19:00:00-04:00,96.79,96.79,96.62,96.77,0.0
2023-09-12 04:00:00-04:00,96.91,96.97,96.72,96.79,0.0
2023-09-12 05:00:00-04:00,96.93,96.93,96.65,96.68,0.0
2023-09-12 06:00:00-04:00,96.66,96.84,96.64,96.8,0.0
2023-09-12 07:00:00-04:00,96.8,97.0,96.66,96.66,0.0
2023-09-12 08:00:00-04:00,96.68,97.6,96.55,97.075,0.0
2023-09-12 09:00:00-04:00,97.07,98.14,96.61,96.65,0.0
2023-09-12 09:30:00-04:00,96.98999786376953,97.16999816894531,96.30000305175781,96.4000015258789,956828.0
2023-09-12 10:30:00-04:00,96.4000015258789,96.55000305175781,96.27999877929688,96.4384994506836,622179.0
2023-09-12 11:30:00-04:00,96.43499755859375,96.87000274658203,96.43000030517578,96.7300033569336,414437.0
2023-09-12 12:30:00-04:00,96.7300033569336,96.95999908447266,96.51000213623047,96.89739990234375,655311.0
2023-09-12 13:30:00-04:00,96.88500213623047,96.94000244140625,96.58499908447266,96.65640258789062,702562.0
2023-09-12 14:30:00-04:00,96.6500015258789,96.69000244140625,96.17500305175781,96.20500183105469,898991.0
2023-09-12 15:30:00-04:00,96.20999908447266,96.43000030517578,96.20500183105469,96.30999755859375,1105587.0
2023-09-12 16:00:00-04:00,96.3,96.47,96.14,96.45,0.0
2023-09-12 17:00:00-04:00,96.45,96.47,96.3,96.3,0.0
2023-09-12 18:00:00-04:00,96.31,96.45,96.3,96.43,0.0
2023-09-12 19:00:00-04:00,96.43,96.45,96.3,96.4,0.0
2023-09-13 04:00:00-04:00,96.62,96.67,96.38,96.46,0.0
2023-09-13 05:00:00-04:00,96.48,96.48,96.17,96.17,0.0
2023-09-13 06:00:00-04:00,96.17,96.22,95.82,96.0,0.0
2023-09-13 07:00:00-04:00,95.92,96.24,95.9,96.09,0.0
2023-09-13 08:00:00-04:00,96.1,97.7,95.905,96.3,0.0
2023-09-13 09:00:00-04:00,96.25,96.6,95.9,95.97,0.0
2023-09-13 09:30:00-04:00,96.30000305175781,96.4800033569336,95.6593017578125,96.41000366210938,1391759.0
2023-09-13 10:30:00-04:00,96.42500305175781,97.19499969482422,96.41000366210938,97.05829620361328,803182.0
2023-09-13 11:30:00-04:00,97.05500030517578,97.09010314941406,96.76000213623047,96.78070068359375,560775.0
2023-09-13 12:30:00-04:00,96.80000305175781,96.87000274658203,96.52400207519531,96.52420043945312,502631.0
2023-09-13 13:30:00-04:00,96.5250015258789,96.58999633789062,96.12999725341797,96.19000244140625,699311.0
2023-09-13 14:30:00-04:00,96.18499755859375,96.26000213623047,95.80999755859375,96.08999633789062,852740.0
2023-09-13 15:30:00-04:00,96.0999984741211,96.29000091552734,96.08000183105469,96.12999725341797,987255.0
2023-09-13 16:00:00-04:00,96.13,96.35,95.91,96.33,0.0
2023-09-13 17:00:00-04:00,96.33,96.33,96.08,96.2,0.0
2023-09-13 18:00:00-04:00,96.19,96.2,96.08,96.2,0.0
2023-09-13 19:00:00-04:00,96.2,96.41,96.0,96.3,0.0
2023-09-14 04:00:00-04:00,96.44,96.77,96.4,96.4,0.0
2023-09-14 05:00:00-04:00,96.4,96.4,96.3,96.4,0.0
2023-09-14 06:00:00-04:00,96.4,96.66,96.4,96.66,0.0
2023-09-14 07:00:00-04:00,96.63,96.85,96.61,96.75,0.0
2023-09-14 08:00:00-04:00,96.78,97.29,96.3,96.75,0.0
2023-09-14 09:00:00-04:00,96.76,96.93,96.48,96.88,0.0
2023-09-14 09:30:00-04:00,96.80500030517578,96.97000122070312,95.9000015258789,96.2300033569336,1120878.0
2023-09-14 10:30:00-04:00,96.23999786376953,96.69999694824219,96.20999908447266,96.5199966430664,720788.0
2023-09-14 11:30:00-04:00,96.52999877929688,96.95999908447266,96.48999786376953,96.90499877929688,698338.0
2023-09-14 12:30:00-04:00,96.91000366210938,97.1500015258789,96.88999938964844,97.08999633789062,673586.0
2023-09-14 13:30:00-04:00,97.0999984741211,97.43499755859375,96.97049713134766,97.41999816894531,612958.0
2023-09-14 14:30:00-04:00,97.41000366210938,97.68000030517578,97.375,97.38269805908203,677630.0
2023-09-14 15:30:00-04:00,97.38500213623047,97.44999694824219,97.08000183105469,97.20999908447266,1153563.0
2023-09-14 16:00:00-04:00,97.19,97.7,97.1,97.2,0.0
2023-09-14 17:00:00-04:00,97.33,97.33,93.38439,97.2,0.0
2023-09-14 18:00:00-04:00,97.23,97.34,97.19,97.2,0.0
2023-09-14 19:00:00-04:00,97.3,97.34,97.19,97.34,0.0
2023-09-15 04:00:00-04:00,97.82,97.86,97.42,97.74,0.0
2023-09-15 05:00:00-04:00,97.65,97.8,97.44,97.71,0.0
2023-09-15 06:00:00-04:00,97.59,97.82,97.59,97.82,0.0
2023-09-15 07:00:00-04:00,97.65,97.77,97.58,97.69,0.0
2023-09-15 08:00:00-04:00,97.7,98.33,97.33,97.635,0.0
2023-09-15 09:00:00-04:00,97.57,97.715,97.2,97.46,0.0
2023-09-15 09:30:00-04:00,98.1500015258789,98.1500015258789,97.29000091552734,97.5199966430664,2109855.0
2023-09-15 10:30:00-04:00,97.51000213623047,97.5199966430664,96.63999938964844,96.7300033569336,705745.0
2023-09-15 11:30:00-04:00,96.7249984741211,96.96499633789062,96.5999984741211,96.63929748535156,459495.0
2023-09-15 12:30:00-04:00,96.63500213623047,96.80000305175781,96.19000244140625,96.26499938964844,1026543.0
2023-09-15 13:30:00-04:00,96.26000213623047,96.37999725341797,96.12999725341797,96.16500091552734,493270.0
2023-09-15 14:30:00-04:00,96.16999816894531,96.5250015258789,96.16000366210938,96.42179870605469,577984.0
2023-09-15 15:30:00-04:00,96.43000030517578,96.51000213623047,96.16999816894531,96.30999755859375,1107792.0
2023-09-15 16:00:00-04:00,96.29,96.71,96.2576,96.51,0.0
2023-09-15 17:00:00-04:00,96.34,96.52,96.26,96.52,0.0
2023-09-15 18:00:00-04:00,96.5,96.69,96.26,96.49,0.0
2023-09-15 19:00:00-04:00,96.5,96.5,96.34,96.49,0.0
2023-09-18 04:00:00-04:00,96.94,96.94,96.32,96.7,0.0
2023-09-18 05:00:00-04:00,96.7,96.84,96.5,96.57,0.0
2023-09-18 06:00:00-04:00,96.58,96.69,96.43,96.67,0.0
2023-09-18 07:00:00-04:00,96.67,96.67,96.38,96.43,0.0
2023-09-18 08:00:00-04:00,96.5,97.16,96.02,96.24,0.0
2023-09-18 09:00:00-04:00,96.24,96.3,96.0,96.12,0.0
2023-09-18 09:30:00-04:00,96.0,96.36630249023438,95.72000122070312,96.05999755859375,1139459.0
2023-09-18 10:30:00-04:00,96.0625,96.19000244140625,95.69000244140625,95.98999786376953,628780.0
2023-09-18 11:30:00-04:00,95.98500061035156,96.02999877929688,95.47000122070312,95.5199966430664,1040332.0
2023-09-18 12:30:00-04:00,95.52999877929688,95.6500015258789,95.3311996459961,95.40010070800781,659368.0
2023-09-18 13:30:00-04:00,95.41000366210938,95.69999694824219,95.37999725341797,95.47000122070312,488964.0
2023-09-18 14:30:00-04:00,95.45999908447266,95.57649993896484,95.27999877929688,95.4000015258789,695234.0
2023-09-18 15:30:00-04:00,95.41000366210938,95.62000274658203,95.33499908447266,95.5,855886.0
2023-09-18 16:00:00-04:00,95.51,95.9,95.36,95.63,0.0
2023-09-18 17:00:00-04:00,95.6,95.69,95.22,95.3,0.0
2023-09-18 18:00:00-04:00,95.68,95.69,95.495,95.69,0.0
2023-09-18 19:00:00-04:00,95.52,95.69,95.34,95.6,0.0
2023-09-19 04:00:00-04:00,95.55,95.79,95.46,95.7,0.0
2023-09-19 05:00:00-04:00,95.76,95.79,95.51,95.73,0.0
2023-09-19 06:00:00-04:00,95.71,95.74,95.56,95.7,0.0
2023-09-19 07:00:00-04:00,95.74,95.87,95.7,95.8,0.0
2023-09-19 08:00:00-04:00,95.79,95.9,95.19,95.62,0.0
2023-09-19 09:00:00-04:00,95.58,95.63,95.28,95.28,0.0
2023-09-19 09:30:00-04:00,95.04000091552734,95.48999786376953,94.52999877929688,94.84500122070312,1613114.0
2023-09-19 10:30:00-04:00,94.83499908447266,94.94999694824219,94.55000305175781,94.8499984741211,1040129.0
2023-09-19 11:30:00-04:00,94.8550033569336,94.94000244140625,94.5999984741211,94.625,560780.0
2023-09-19 12:30:00-04:00,94.62000274658203,94.74810028076172,94.41000366210938,94.68000030517578,463503.0
2023-09-19 13:30:00-04:00,94.67500305175781,94.99500274658203,94.67500305175781,94.87000274658203,466375.0
2023-09-19 14:30:00-04:00,94.83190155029297,95.06999969482422,94.66999816894531,94.75,984433.0
2023-09-19 15:30:00-04:00,94.75,94.80000305175781,94.4800033569336,94.62999725341797,1662670.0
2023-09-19 16:00:00-04:00,94.62,96.0,94.41,94.66,0.0
2023-09-19 17:00:00-04:00,94.64,94.69,90.502335,94.68,0.0
2023-09-19 18:00:00-04:00,94.69,94.69,94.6,94.66,0.0
2023-09-19 19:00:00-04:00,94.6,94.66,94.51,94.65,0.0
2023-09-20 04:00:00-04:00,94.76,94.91,94.66,94.89,0.0
2023-09-20 05:00:00-04:00,95.1,95.13,94.74,94.96,0.0
2023-09-20 06:00:00-04:00,94.96,94.96,94.63,94.64,0.0
2023-09-20 07:00:00-04:00,94.63,94.64,94.13,94.52,0.0
2023-09-20 08:00:00-04:00,94.52,96.41,94.16,94.44,0.0
2023-09-20 09:00:00-04:00,94.5,94.5,94.11,94.25,0.0
2023-09-20 09:30:00-04:00,93.97000122070312,95.4000015258789,93.97000122070312,95.22010040283203,1734897.0
2023-09-20 10:30:00-04:00,95.2249984741211,95.37999725341797,95.1050033569336,95.16000366210938,762069.0
2023-09-20 11:30:00-04:00,95.15499877929688,95.30000305175781,95.04000091552734,95.13999938964844,1335641.0
2023-09-20 12:30:00-04:00,95.13999938964844,95.13999938964844,94.71499633789062,94.84500122070312,796343.0
2023-09-20 13:30:00-04:00,94.84500122070312,94.94000244140625,94.26000213623047,94.29000091552734,967268.0
2023-09-20 14:30:00-04:00,94.29000091552734,94.55000305175781,94.01000213623047,94.20999908447266,1438242.0
2023-09-20 15:30:00-04:00,94.22000122070312,94.23670196533203,93.83000183105469,94.05000305175781,2045759.0
2023-09-20 16:00:00-04:00,94.04,94.6764,93.8,94.04,0.0
2023-09-20 17:00:00-04:00,94.04,94.05,93.9,94.03,0.0
2023-09-20 18:00:00-04:00,94.04,94.04,93.85,93.85,0.0
2023-09-20 19:00:00-04:00,93.85,94.03,93.85,94.03,0.0
2023-09-21 04:00:00-04:00,93.8,94.04,93.75,93.75,0.0
2023-09-21 05:00:00-04:00,93.78,93.85,93.38,93.85,0.0
2023-09-21 06:00:00-04:00,93.9,94.05,93.6,93.66,0.0
2023-09-21 07:00:00-04:00,93.66,93.66,93.24,93.46,0.0
2023-09-21 08:00:00-04:00,93.35,94.14,93.185,93.28,0.0
2023-09-21 09:00:00-04:00,93.25,93.65,93.0,93.42,0.0
2023-09-21 09:30:00-04:00,93.41999816894531,93.48999786376953,92.4800033569336,92.5999984741211,1536882.0
2023-09-21 10:30:00-04:00,92.61000061035156,92.7300033569336,92.38999938964844,92.58000183105469,999572.0
2023-09-21 11:30:00-04:00,92.58000183105469,92.75,92.48999786376953,92.56999969482422,885644.0
2023-09-21 12:30:00-04:00,92.56999969482422,92.60990142822266,92.20999908447266,92.5,771914.0
2023-09-21 13:30:00-04:00,92.5,92.6500015258789,92.36000061035156,92.375,551821.0
2023-09-21 14:30:00-04:00,92.37000274658203,92.43000030517578,91.7300033569336,91.75,954246.0
2023-09-21 15:30:00-04:00,91.7406005859375,91.80000305175781,91.48100280761719,91.58999633789062,1296460.0
2023-09-21 16:00:00-04:00,91.59,91.79,91.48,91.57,0.0
2023-09-21 17:00:00-04:00,91.57,97.62211,91.28,91.58,0.0
2023-09-21 18:00:00-04:00,91.48,91.79,91.32,91.7,0.0
2023-09-21 19:00:00-04:00,91.75,91.9,91.45,91.48,0.0
2023-09-22 04:00:00-04:00,94.83,94.83,92.04,92.2,0.0
2023-09-22 05:00:00-04:00,92.14,92.31,92.08,92.29,0.0
2023-09-22 06:00:00-04:00,92.33,92.5,92.25,92.28,0.0
2023-09-22 07:00:00-04:00,92.28,92.39,91.93,92.12,0.0
2023-09-22 08:00:00-04:00,92.12,92.7,91.7,92.29,0.0
2023-09-22 09:00:00-04:00,92.3,92.34,91.89,92.04,0.0
2023-09-22 09:30:00-04:00,91.58000183105469,92.33000183105469,91.18000030517578,91.45999908447266,1484196.0
2023-09-22 10:30:00-04:00,91.45999908447266,91.97000122070312,91.3499984741211,91.4800033569336,1061880.0
2023-09-22 11:30:00-04:00,91.48049926757812,91.5199966430664,91.12999725341797,91.38500213623047,997901.0
2023-09-22 12:30:00-04:00,91.38999938964844,91.55000305175781,90.94499969482422,91.02030181884766,1448983.0
2023-09-22 13:30:00-04:00,91.0199966430664,91.05000305175781,90.55000305175781,90.80999755859375,1481816.0
2023-09-22 14:30:00-04:00,90.81999969482422,91.27999877929688,90.72000122070312,90.94000244140625,772954.0
2023-09-22 15:30:00-04:00,90.95500183105469,91.08000183105469,90.71499633789062,90.8499984741211,1023982.0
2023-09-22 16:00:00-04:00,90.85,91.19,90.71,90.95,0.0
2023-09-22 17:00:00-04:00,90.9499,91.25,90.9,91.17,0.0
2023-09-22 18:00:00-04:00,91.15,91.25,90.9,91.05,0.0
2023-09-22 19:00:00-04:00,91.15,91.21,90.9,90.9897,0.0
2023-09-25 04:00:00-04:00,89.82,90.48,89.38,89.82,0.0
2023-09-25 05:00:00-04:00,89.82,89.82,89.58,89.62,0.0
2023-09-25 06:00:00-04:00,89.62,89.74,89.56,89.68,0.0
2023-09-25 07:00:00-04:00,89.68,89.79,89.59,89.69,0.0
2023-09-25 08:00:00-04:00,89.68,91.1,89.29,89.4,0.0
2023-09-25 09:00:00-04:00,89.45,89.8,89.28,89.7,0.0
2023-09-25 09:30:00-04:00,90.0,90.8499984741211,89.79000091552734,90.55000305175781,2093954.0
2023-09-25 10:30:00-04:00,90.54000091552734,90.77999877929688,90.30000305175781,90.66999816894531,1356947.0
2023-09-25 11:30:00-04:00,90.67500305175781,90.83000183105469,90.58000183105469,90.68000030517578,642865.0
2023-09-25 12:30:00-04:00,90.68000030517578,90.79000091552734,90.38999938964844,90.4000015258789,607327.0
2023-09-25 13:30:00-04:00,90.41999816894531,90.69000244140625,90.36000061035156,90.55500030517578,694820.0
2023-09-25 14:30:00-04:00,90.55500030517578,90.66999816894531,90.15560150146484,90.33999633789062,714092.0
2023-09-25 15:30:00-04:00,90.33999633789062,90.63999938964844,90.2249984741211,90.5999984741211,1244406.0
2023-09-25 16:00:00-04:00,90.6,90.79,90.51,90.74,0.0
2023-09-25 17:00:00-04:00,90.73,90.76,84.76,90.76,0.0
2023-09-25 18:00:00-04:00,90.74,90.76,90.45,90.6,0.0
2023-09-25 19:00:00-04:00,90.29,90.76,90.29,90.74,0.0
2023-09-26 04:00:00-04:00,90.42,90.42,90.19,90.22,0.0
2023-09-26 05:00:00-04:00,90.31,90.34,90.14,90.15,0.0
2023-09-26 06:00:00-04:00,90.2,90.24,90.15,90.17,0.0
2023-09-26 07:00:00-04:00,90.24,90.29,90.1,90.25,0.0
2023-09-26 08:00:00-04:00,90.36,90.6,90.0,90.3,0.0
2023-09-26 09:00:00-04:00,90.4,90.6,89.885,90.1124,0.0
2023-09-26 09:30:00-04:00,90.0,90.60690307617188,89.93000030517578,90.50499725341797,1572161.0
2023-09-26 10:30:00-04:00,90.51000213623047,90.62000274658203,90.28500366210938,90.37999725341797,996085.0
2023-09-26 11:30:00-04:00,90.37999725341797,90.69999694824219,90.1500015258789,90.54000091552734,1095202.0
2023-09-26 12:30:00-04:00,90.54879760742188,90.5999984741211,90.20500183105469,90.25,598906.0
2023-09-26 13:30:00-04:00,90.25,90.29499816894531,89.86499786376953,90.02999877929688,748135.0
2023-09-26 14:30:00-04:00,90.0199966430664,90.22000122070312,89.77999877929688,89.9000015258789,994866.0
2023-09-26 15:30:00-04:00,89.9000015258789,90.24500274658203,89.88500213623047,90.16999816894531,1311368.0
2023-09-26 16:00:00-04:00,90.17,92.63,90.17,90.34,0.0
2023-09-26 17:00:00-04:00,90.34,90.34,90.25,90.27,0.0
2023-09-26 18:00:00-04:00,90.34,90.34,90.25,90.3,0.0
2023-09-26 19:00:00-04:00,90.26,90.59,90.18,90.55,0.0
2023-09-27 04:00:00-04:00,90.6,90.9,90.6,90.81,0.0
2023-09-27 05:00:00-04:00,90.77,90.79,90.53,90.77,0.0
2023-09-27 06:00:00-04:00,90.65,90.74,90.54,90.62,0.0
2023-09-27 07:00:00-04:00,90.62,90.83,90.58,90.72,0.0
2023-09-27 08:00:00-04:00,90.82,90.92,90.23,90.7,0.0
2023-09-27 09:00:00-04:00,90.75,90.87,90.6,90.6112,0.0
2023-09-27 09:30:00-04:00,90.55999755859375,90.69999694824219,89.80999755859375,89.97750091552734,1077250.0
2023-09-27 10:30:00-04:00,89.97000122070312,90.1500015258789,89.68000030517578,89.83999633789062,971435.0
2023-09-27 11:30:00-04:00,89.83499908447266,89.86000061035156,89.25,89.47000122070312,765687.0
2023-09-27 12:30:00-04:00,89.47000122070312,89.68000030517578,89.20999908447266,89.2699966430664,673808.0
2023-09-27 13:30:00-04:00,89.2699966430664,89.66000366210938,89.25499725341797,89.65499877929688,784482.0
2023-09-27 14:30:00-04:00,89.66000366210938,89.83999633789062,89.37999725341797,89.56999969482422,986499.0
2023-09-27 15:30:00-04:00,89.58000183105469,89.58999633789062,89.20500183105469,89.43000030517578,1314919.0
2023-09-27 16:00:00-04:00,89.42,90.5,89.37,89.74,0.0
2023-09-27 17:00:00-04:00,89.73,89.79,89.42,89.6885,0.0
2023-09-27 18:00:00-04:00,89.6,89.69,89.55,89.6,0.0
2023-09-27 19:00:00-04:00,89.6,89.69,89.55,89.69,0.0
2023-09-28 04:00:00-04:00,90.0,90.0,89.42,89.42,0.0
2023-09-28 05:00:00-04:00,89.47,89.62,89.32,89.57,0.0
2023-09-28 06:00:00-04:00,89.5,89.63,89.5,89.63,0.0
2023-09-28 07:00:00-04:00,89.64,89.69,89.5,89.56,0.0
2023-09-28 08:00:00-04:00,89.6,89.8,89.43,89.72,0.0
2023-09-28 09:00:00-04:00,89.68,89.98,89.4,89.64,0.0
2023-09-28 09:30:00-04:00,88.9375,89.7698974609375,88.73999786376953,88.86000061035156,1858161.0
2023-09-28 10:30:00-04:00,88.87000274658203,89.44999694824219,88.66000366210938,89.41000366210938,1187966.0
2023-09-28 11:30:00-04:00,89.3949966430664,89.77999877929688,89.37999725341797,89.76010131835938,1049223.0
2023-09-28 12:30:00-04:00,89.77010345458984,89.78140258789062,89.23999786376953,89.3499984741211,857117.0
2023-09-28 13:30:00-04:00,89.33999633789062,89.51000213623047,89.19999694824219,89.33999633789062,940967.0
2023-09-28 14:30:00-04:00,89.33999633789062,89.4999008178711,88.96499633789062,89.44499969482422,1714645.0
2023-09-28 15:30:00-04:00,89.44499969482422,89.69999694824219,89.31999969482422,89.62999725341797,2210649.0
2023-09-28 16:00:00-04:00,89.63,93.2,87.5,93.06,0.0
2023-09-28 17:00:00-04:00,93.0601,97.66,89.42,97.14,0.0
2023-09-28 18:00:00-04:00,97.14,98.24,96.32,96.42,0.0
2023-09-28 19:00:00-04:00,96.41,96.98,96.24,96.67,0.0
2023-09-29 04:00:00-04:00,95.7,97.0,95.7,96.75,0.0
2023-09-29 05:00:00-04:00,96.76,97.0,96.65,97.0,0.0
2023-09-29 06:00:00-04:00,96.99,97.0,96.6,96.6,0.0
2023-09-29 07:00:00-04:00,96.57,98.35,96.31,98.28,0.0
2023-09-29 08:00:00-04:00,98.25,98.65,96.03,98.25,0.0
2023-09-29 09:00:00-04:00,98.27,99.6,98.25,98.6,0.0
2023-09-29 09:30:00-04:00,99.37000274658203,99.47000122070312,96.01029968261719,96.46499633789062,13230979.0
2023-09-29 10:30:00-04:00,96.5,96.6500015258789,95.01000213623047,95.22000122070312,5002448.0
2023-09-29 11:30:00-04:00,95.22000122070312,95.58999633789062,94.75,95.20500183105469,3298808.0
2023-09-29 12:30:00-04:00,95.19499969482422,95.96990203857422,94.62000274658203,95.84500122070312,2797018.0
2023-09-29 13:30:00-04:00,95.83999633789062,96.1572036743164,95.44999694824219,95.78399658203125,2416392.0
2023-09-29 14:30:00-04:00,95.80000305175781,96.23999786376953,95.5199966430664,95.76499938964844,2297965.0
2023-09-29 15:30:00-04:00,95.7699966430664,95.98999786376953,95.45999908447266,95.63999938964844,3189527.0
2023-09-29 16:00:00-04:00,95.62,96.2159,95.59,95.68,0.0
2023-09-29 17:00:00-04:00,95.68,95.72,95.55,95.66,0.0
2023-09-29 18:00:00-04:00,95.67,95.77,95.61,95.75,0.0
2023-09-29 19:00:00-04:00,95.78,95.87,95.65,95.68,0.0
2023-10-02 04:00:00-04:00,95.97,96.5,95.97,96.45,0.0
2023-10-02 05:00:00-04:00,96.46,96.52,96.14,96.19,0.0
2023-10-02 06:00:00-04:00,96.14,96.2,95.83,95.93,0.0
2023-10-02 07:00:00-04:00,96.02,96.1,95.77,95.85,0.0
2023-10-02 08:00:00-04:00,95.89,96.735,95.62,95.79,0.0
2023-10-02 09:00:00-04:00,95.77,99.185,95.045,95.77,0.0
2023-10-02 09:30:00-04:00,96.19999694824219,96.37999725341797,93.76000213623047,94.16000366210938,2753195.0
2023-10-02 10:30:00-04:00,94.16320037841797,94.88999938964844,93.7300033569336,94.8010025024414,2098389.0
2023-10-02 11:30:00-04:00,94.80500030517578,94.92919921875,94.29000091552734,94.45030212402344,1677864.0
2023-10-02 12:30:00-04:00,94.45500183105469,94.58999633789062,94.1449966430664,94.51000213623047,952367.0
2023-10-02 13:30:00-04:00,94.5199966430664,95.11000061035156,94.3499984741211,94.6531982421875,838296.0
2023-10-02 14:30:00-04:00,94.6500015258789,94.86000061035156,94.29000091552734,94.70999908447266,1082722.0
2023-10-02 15:30:00-04:00,94.69999694824219,94.84500122070312,94.41000366210938,94.54000091552734,1723198.0
2023-10-02 16:00:00-04:00,94.53,94.75,94.39,94.56,0.0
2023-10-02 17:00:00-04:00,94.53,94.74,94.41,94.69,0.0
2023-10-02 18:00:00-04:00,94.67,94.74,94.42,94.74,0.0
2023-10-02 19:00:00-04:00,94.74,94.74,94.41,94.52,0.0
2023-10-03 04:00:00-04:00,94.6,94.8,94.6,94.8,0.0
2023-10-03 05:00:00-04:00,94.81,94.81,94.52,94.58,0.0
2023-10-03 06:00:00-04:00,94.58,94.74,94.58,94.72,0.0
2023-10-03 07:00:00-04:00,94.58,94.72,94.25,94.25,0.0
2023-10-03 08:00:00-04:00,94.35,94.8,93.73,94.03,0.0
2023-10-03 09:00:00-04:00,96.03,96.03,93.79,94.25,0.0
2023-10-03 09:30:00-04:00,94.31999969482422,96.05000305175781,94.18000030517578,95.03620147705078,2472960.0
2023-10-03 10:30:00-04:00,95.03990173339844,95.41999816894531,94.56999969482422,94.70999908447266,1195230.0
2023-10-03 11:30:00-04:00,94.72000122070312,95.16999816894531,94.56999969482422,95.0999984741211,1365853.0
2023-10-03 12:30:00-04:00,95.0999984741211,95.19000244140625,94.79000091552734,94.98999786376953,887713.0
2023-10-03 13:30:00-04:00,94.98999786376953,95.05999755859375,94.5999984741211,94.90499877929688,1131026.0
2023-10-03 14:30:00-04:00,94.90180206298828,94.98999786376953,94.72010040283203,94.87999725341797,964449.0
2023-10-03 15:30:00-04:00,94.88999938964844,95.22000122070312,94.80999755859375,95.0999984741211,1571227.0
2023-10-03 16:00:00-04:00,95.09,95.51,94.92,95.08,0.0
2023-10-03 17:00:00-04:00,95.08,95.35,95.06,95.1,0.0
2023-10-03 18:00:00-04:00,95.07,95.7,95.06,95.51,0.0
2023-10-03 19:00:00-04:00,95.51,95.64,95.35,95.5,0.0
2023-10-04 04:00:00-04:00,94.66,95.57,94.66,95.15,0.0
2023-10-04 05:00:00-04:00,95.15,95.15,95.0,95.15,0.0
2023-10-04 06:00:00-04:00,95.0,95.32,95.0,95.32,0.0
2023-10-04 07:00:00-04:00,95.32,95.56,95.25,95.44,0.0
2023-10-04 08:00:00-04:00,95.44,95.71,94.52,95.64,0.0
2023-10-04 09:00:00-04:00,95.41,95.88,95.36,95.5,0.0
2023-10-04 09:30:00-04:00,95.58000183105469,95.98999786376953,95.12000274658203,95.47000122070312,1706963.0
2023-10-04 10:30:00-04:00,95.4800033569336,95.91999816894531,95.33000183105469,95.5999984741211,1048536.0
2023-10-04 11:30:00-04:00,95.58999633789062,95.74600219726562,95.33999633789062,95.66000366210938,773622.0
2023-10-04 12:30:00-04:00,95.66999816894531,95.80799865722656,95.5199966430664,95.6500015258789,561148.0
2023-10-04 13:30:00-04:00,95.63999938964844,95.9000015258789,95.4800033569336,95.70030212402344,611181.0
2023-10-04 14:30:00-04:00,95.70999908447266,96.08999633789062,95.54010009765625,95.99500274658203,828740.0
2023-10-04 15:30:00-04:00,96.0,96.25499725341797,95.76000213623047,95.86000061035156,1323805.0
2023-10-04 16:00:00-04:00,95.89,96.29,95.81,95.82,0.0
2023-10-04 17:00:00-04:00,95.89,95.98,95.76,95.98,0.0
2023-10-04 18:00:00-04:00,95.81,95.99,95.81,95.89,0.0
2023-10-04 19:00:00-04:00,95.8,95.89,95.78,95.82,0.0
2023-10-05 04:00:00-04:00,95.48,95.84,95.48,95.8,0.0
2023-10-05 05:00:00-04:00,95.71,95.71,95.0,95.3,0.0
2023-10-05 06:00:00-04:00,95.3,95.68,95.12,95.67,0.0
2023-10-05 07:00:00-04:00,95.5,95.55,95.18,95.3,0.0
2023-10-05 08:00:00-04:00,95.37,95.995,95.19,95.34,0.0
2023-10-05 09:00:00-04:00,95.4,95.655,95.2,95.41,0.0
2023-10-05 09:30:00-04:00,95.79000091552734,96.2300033569336,95.27999877929688,95.95999908447266,1673930.0
2023-10-05 10:30:00-04:00,95.95999908447266,95.9800033569336,95.51000213623047,95.57009887695312,905445.0
2023-10-05 11:30:00-04:00,95.56999969482422,95.93000030517578,95.41999816894531,95.93000030517578,657875.0
2023-10-05 12:30:00-04:00,95.93000030517578,96.0,95.51000213623047,95.69000244140625,561535.0
2023-10-05 13:30:00-04:00,95.69499969482422,96.04499816894531,95.55000305175781,95.91999816894531,526973.0
2023-10-05 14:30:00-04:00,95.93000030517578,96.13999938964844,95.88999938964844,95.97000122070312,727485.0
2023-10-05 15:30:00-04:00,95.97000122070312,96.0199966430664,95.7300033569336,95.80999755859375,1139455.0
2023-10-05 16:00:00-04:00,95.79,95.83,95.6167,95.66,0.0
2023-10-05 17:00:00-04:00,95.66,97.6221,95.41339,95.75,0.0
2023-10-05 18:00:00-04:00,95.78,95.78,95.66,95.66,0.0
2023-10-05 19:00:00-04:00,95.75,95.78,95.65,95.77,0.0
2023-10-06 04:00:00-04:00,95.78,96.05,95.78,96.05,0.0
2023-10-06 05:00:00-04:00,95.79,96.18,95.76,96.16,0.0
2023-10-06 06:00:00-04:00,96.0,96.27,96.0,96.25,0.0
2023-10-06 07:00:00-04:00,96.25,96.25,96.03,96.25,0.0
2023-10-06 08:00:00-04:00,96.07,96.25,95.66,96.05,0.0
2023-10-06 09:00:00-04:00,96.05,96.05,95.02,95.3,0.0
2023-10-06 09:30:00-04:00,95.79000091552734,95.91000366210938,95.05999755859375,95.66000366210938,1313944.0
2023-10-06 10:30:00-04:00,95.68000030517578,96.63500213623047,95.66310119628906,96.61000061035156,1165696.0
2023-10-06 11:30:00-04:00,96.62000274658203,97.31999969482422,96.62000274658203,96.94499969482422,1172456.0
2023-10-06 12:30:00-04:00,96.9800033569336,97.51000213623047,96.76000213623047,97.4000015258789,791581.0
2023-10-06 13:30:00-04:00,97.4000015258789,97.55500030517578,97.16000366210938,97.46499633789062,758997.0
2023-10-06 14:30:00-04:00,97.47000122070312,97.70999908447266,97.26000213623047,97.30000305175781,738866.0
2023-10-06 15:30:00-04:00,97.30500030517578,97.37000274658203,97.06500244140625,97.11000061035156,1392474.0
2023-10-06 16:00:00-04:00,97.11,97.37,97.07,97.2,0.0
2023-10-06 17:00:00-04:00,97.19,97.22,97.07,97.07,0.0
2023-10-06 18:00:00-04:00,97.176,97.21,97.0,97.21,0.0
2023-10-06 19:00:00-04:00,97.21,97.22,96.9,97.11,0.0
2023-10-09 04:00:00-04:00,96.0,97.22,96.0,96.38,0.0
2023-10-09 05:00:00-04:00,96.29,96.48,96.19,96.42,0.0
2023-10-09 06:00:00-04:00,96.42,96.5,96.3,96.34,0.0
2023-10-09 07:00:00-04:00,96.33,96.8,96.25,96.8,0.0
2023-10-09 08:00:00-04:00,96.61,96.8,96.0,96.4,0.0
2023-10-09 09:00:00-04:00,96.42,96.5,96.23,96.5,0.0
2023-10-09 09:30:00-04:00,96.77999877929688,97.0999984741211,96.38999938964844,96.43800354003906,1063156.0
2023-10-09 10:30:00-04:00,96.5,96.54000091552734,95.93000030517578,96.08999633789062,653082.0
2023-10-09 11:30:00-04:00,96.0999984741211,96.48269653320312,95.9749984741211,96.16999816894531,457580.0
2023-10-09 12:30:00-04:00,96.18000030517578,96.48999786376953,95.95999908447266,96.4800033569336,458322.0
2023-10-09 13:30:00-04:00,96.4800033569336,96.98999786376953,96.4800033569336,96.94999694824219,544369.0
2023-10-09 14:30:00-04:00,96.95500183105469,97.08499908447266,96.79199981689453,97.05000305175781,605826.0
2023-10-09 15:30:00-04:00,97.05500030517578,97.13999938964844,96.80999755859375,96.9000015258789,1125263.0
2023-10-09 16:00:00-04:00,96.88,96.99,96.8301,96.9,0.0
2023-10-09 17:00:00-04:00,96.9,96.94,96.83,96.84,0.0
2023-10-09 18:00:00-04:00,96.94,96.94,96.83,96.83,0.0
2023-10-09 19:00:00-04:00,96.8,96.94,96.8,96.94,0.0
2023-10-10 04:00:00-04:00,96.97,97.09,96.88,97.09,0.0
2023-10-10 05:00:00-04:00,96.97,97.32,96.89,97.3,0.0
2023-10-10 06:00:00-04:00,97.28,97.29,97.12,97.12,0.0
2023-10-10 07:00:00-04:00,97.13,97.4,97.12,97.23,0.0
2023-10-10 08:00:00-04:00,97.24,97.39,96.72,97.07,0.0
2023-10-10 09:00:00-04:00,97.07,97.33,96.88,97.04,0.0
2023-10-10 09:30:00-04:00,97.25,98.79000091552734,97.2300033569336,98.5999984741211,1412226.0
2023-10-10 10:30:00-04:00,98.6050033569336,98.82879638671875,98.41999816894531,98.6500015258789,1145120.0
2023-10-10 11:30:00-04:00,98.65499877929688,98.86000061035156,98.11000061035156,98.13999938964844,878983.0
2023-10-10 12:30:00-04:00,98.1500015258789,98.25,97.62989807128906,98.03500366210938,795999.0
2023-10-10 13:30:00-04:00,98.04000091552734,98.08499908447266,97.41120147705078,97.58190155029297,829493.0
2023-10-10 14:30:00-04:00,97.58499908447266,97.69999694824219,97.37000274658203,97.49500274658203,851213.0
2023-10-10 15:30:00-04:00,97.49500274658203,97.72000122070312,97.47000122070312,97.61000061035156,984092.0
2023-10-10 16:00:00-04:00,97.6,97.69,97.52,97.68,0.0
2023-10-10 17:00:00-04:00,97.25,97.68,97.25,97.62,0.0
2023-10-10 18:00:00-04:00,97.62,97.68,97.62,97.62,0.0
2023-10-10 19:00:00-04:00,97.67,97.68,97.62,97.66,0.0
2023-10-11 04:00:00-04:00,97.68,97.7,97.58,97.68,0.0
2023-10-11 05:00:00-04:00,97.57,97.87,97.57,97.76,0.0
2023-10-11 06:00:00-04:00,97.87,97.89,97.73,97.88,0.0
2023-10-11 07:00:00-04:00,97.88,98.07,97.69,97.95,0.0
2023-10-11 08:00:00-04:00,97.87,98.17,97.52,98.06,0.0
2023-10-11 09:00:00-04:00,97.87,98.1,97.62,98.0,0.0
2023-10-11 09:30:00-04:00,98.30999755859375,98.94999694824219,98.02999877929688,98.68000030517578,1439338.0
2023-10-11 10:30:00-04:00,98.69999694824219,98.77999877929688,98.18000030517578,98.36000061035156,749690.0
2023-10-11 11:30:00-04:00,98.3499984741211,98.55999755859375,98.19999694824219,98.41000366210938,821306.0
2023-10-11 12:30:00-04:00,98.4000015258789,98.55000305175781,98.33999633789062,98.37999725341797,752773.0
2023-10-11 13:30:00-04:00,98.375,98.57499694824219,98.01000213623047,98.44000244140625,567082.0
2023-10-11 14:30:00-04:00,98.44000244140625,98.51000213623047,98.29000091552734,98.47000122070312,972425.0
2023-10-11 15:30:00-04:00,98.45999908447266,98.75,98.38999938964844,98.63999938964844,858884.0
2023-10-11 16:00:00-04:00,98.65,98.86,98.6475,98.75,0.0
2023-10-11 17:00:00-04:00,98.76,98.76,98.65,98.75,0.0
2023-10-11 18:00:00-04:00,98.75,98.75,98.65,98.65,0.0
2023-10-11 19:00:00-04:00,98.65,98.9,98.65,98.73,0.0
2023-10-12 04:00:00-04:00,99.0,99.1,98.85,98.95,0.0
2023-10-12 05:00:00-04:00,99.09,99.1,98.9,99.03,0.0
2023-10-12 06:00:00-04:00,99.02,99.1,98.93,99.04,0.0
2023-10-12 07:00:00-04:00,99.1,99.1,98.9,99.0,0.0
2023-10-12 08:00:00-04:00,99.0,99.3,98.65,99.2,0.0
2023-10-12 09:00:00-04:00,99.2,99.26,98.72,99.0,0.0
2023-10-12 09:30:00-04:00,99.54000091552734,100.05000305175781,99.0199966430664,99.08999633789062,3013880.0
2023-10-12 10:30:00-04:00,99.0999984741211,99.44000244140625,98.54450225830078,99.33999633789062,1176589.0
2023-10-12 11:30:00-04:00,99.33999633789062,99.45999908447266,98.93000030517578,99.4000015258789,791037.0
2023-10-12 12:30:00-04:00,99.41999816894531,99.58000183105469,98.76000213623047,98.76000213623047,803136.0
2023-10-12 13:30:00-04:00,98.75,98.91000366210938,98.5199966430664,98.8499984741211,955840.0
2023-10-12 14:30:00-04:00,98.84500122070312,99.125,98.76000213623047,99.125,875305.0
2023-10-12 15:30:00-04:00,99.12999725341797,99.47000122070312,99.12000274658203,99.23999786376953,1582423.0
2023-10-12 16:00:00-04:00,99.25,99.49,99.15,99.36,0.0
2023-10-12 17:00:00-04:00,99.25,99.4,99.06,99.34,0.0
2023-10-12 18:00:00-04:00,99.15,99.4,99.06,99.27,0.0
2023-10-12 19:00:00-04:00,99.27,99.94,99.06,99.94,0.0
2023-10-13 04:00:00-04:00,99.71,99.71,99.34,99.35,0.0
2023-10-13 05:00:00-04:00,99.4,99.56,99.07,99.29,0.0
2023-10-13 06:00:00-04:00,99.18,99.26,98.94,99.17,0.0
2023-10-13 07:00:00-04:00,98.96,99.23,98.95,99.12,0.0
2023-10-13 08:00:00-04:00,99.18,99.71,99.0,99.1,0.0
2023-10-13 09:00:00-04:00,99.15,99.66,99.12,99.61,0.0
2023-10-13 09:30:00-04:00,99.58499908447266,100.84500122070312,99.44999694824219,100.2300033569336,1792264.0
2023-10-13 10:30:00-04:00,100.2300033569336,100.41999816894531,99.81999969482422,100.1050033569336,1361555.0
2023-10-13 11:30:00-04:00,100.1050033569336,100.3550033569336,99.75,100.3499984741211,1005547.0
2023-10-13 12:30:00-04:00,100.36000061035156,100.42500305175781,99.6041030883789,99.63500213623047,664897.0
2023-10-13 13:30:00-04:00,99.62999725341797,100.01000213623047,99.5,99.9749984741211,759867.0
2023-10-13 14:30:00-04:00,99.97000122070312,100.16000366210938,99.87000274658203,99.94000244140625,839855.0
2023-10-13 15:30:00-04:00,99.94000244140625,100.11000061035156,99.81999969482422,99.91000366210938,1316894.0
2023-10-13 16:00:00-04:00,99.91,100.1,99.1,99.88,0.0
2023-10-13 17:00:00-04:00,99.85,99.85,99.53,99.78,0.0
2023-10-13 18:00:00-04:00,99.85,99.85,99.53,99.8,0.0
2023-10-13 19:00:00-04:00,99.78,99.85,99.05,99.7,0.0
2023-10-16 04:00:00-04:00,100.0,100.23,99.78,99.88,0.0
2023-10-16 05:00:00-04:00,100.0,100.28,100.0,100.11,0.0
2023-10-16 06:00:00-04:00,100.11,100.18,100.0,100.17,0.0
2023-10-16 07:00:00-04:00,100.17,100.3,100.05,100.2,0.0
2023-10-16 08:00:00-04:00,100.25,100.4,99.5,99.99,0.0
2023-10-16 09:00:00-04:00,100.1,100.48,99.9,100.26,0.0
2023-10-16 09:30:00-04:00,99.72000122070312,102.01000213623047,99.5999984741211,101.91000366210938,2451362.0
2023-10-16 10:30:00-04:00,101.93000030517578,102.31999969482422,101.8041000366211,102.06999969482422,1143933.0
2023-10-16 11:30:00-04:00,102.06999969482422,102.27999877929688,101.8499984741211,102.18499755859375,1271486.0
2023-10-16 12:30:00-04:00,102.18000030517578,102.41999816894531,101.92980194091797,102.36000061035156,775878.0
2023-10-16 13:30:00-04:00,102.37000274658203,102.58000183105469,102.25,102.43499755859375,811970.0
2023-10-16 14:30:00-04:00,102.41999816894531,102.5250015258789,102.15989685058594,102.5199966430664,869293.0
2023-10-16 15:30:00-04:00,102.5199966430664,102.54000091552734,102.01000213623047,102.05999755859375,1576246.0
2023-10-16 16:00:00-04:00,102.05,102.46,101.84,102.04,0.0
2023-10-16 17:00:00-04:00,102.12,102.3,102.04,102.23,0.0
2023-10-16 18:00:00-04:00,102.24,102.29,102.0,102.08,0.0
2023-10-16 19:00:00-04:00,102.05,102.16,102.0,102.07,0.0
2023-10-17 04:00:00-04:00,101.63,102.07,101.63,101.91,0.0
2023-10-17 05:00:00-04:00,101.94,101.95,101.61,101.91,0.0
2023-10-17 06:00:00-04:00,101.71,101.91,101.65,101.66,0.0
2023-10-17 07:00:00-04:00,101.73,101.87,101.2,101.43,0.0
2023-10-17 08:00:00-04:00,101.41,102.14,101.19,101.5,0.0
2023-10-17 09:00:00-04:00,101.33,101.7,101.19,101.2309,0.0
2023-10-17 09:30:00-04:00,101.97000122070312,103.05999755859375,101.97000122070312,102.70999908447266,2183051.0
2023-10-17 10:30:00-04:00,102.73999786376953,103.05000305175781,102.41999816894531,102.8499984741211,680414.0
2023-10-17 11:30:00-04:00,102.86000061035156,103.58999633789062,102.68499755859375,103.2699966430664,1545836.0
2023-10-17 12:30:00-04:00,103.25,103.41000366210938,102.69999694824219,102.8499984741211,953185.0
2023-10-17 13:30:00-04:00,102.83999633789062,103.05999755859375,102.61000061035156,102.95999908447266,639238.0
2023-10-17 14:30:00-04:00,102.94999694824219,103.13999938964844,102.7750015258789,103.11000061035156,767051.0
2023-10-17 15:30:00-04:00,103.11499786376953,103.16000366210938,102.98500061035156,103.0199966430664,1102926.0
2023-10-17 16:00:00-04:00,103.01,103.22,102.81,102.96,0.0
2023-10-17 17:00:00-04:00,102.98,103.5,102.75,102.76,0.0
2023-10-17 18:00:00-04:00,102.76,103.25,102.76,102.76,0.0
2023-10-17 19:00:00-04:00,102.99,103.25,102.76,103.0,0.0
2023-10-18 04:00:00-04:00,102.8,102.83,102.51,102.83,0.0
2023-10-18 05:00:00-04:00,102.62,103.01,102.61,102.95,0.0
2023-10-18 06:00:00-04:00,102.92,102.92,102.42,102.42,0.0
2023-10-18 07:00:00-04:00,102.57,102.8,102.55,102.75,0.0
2023-10-18 08:00:00-04:00,102.64,102.97,102.39,102.89,0.0
2023-10-18 09:00:00-04:00,102.89,102.89,102.4,102.4,0.0
2023-10-18 09:30:00-04:00,102.97000122070312,103.55999755859375,102.92639923095703,103.1500015258789,1210290.0
2023-10-18 10:30:00-04:00,103.15499877929688,103.38999938964844,103.01000213623047,103.2300033569336,981783.0
2023-10-18 11:30:00-04:00,103.23500061035156,103.51000213623047,103.11000061035156,103.16999816894531,730935.0
2023-10-18 12:30:00-04:00,103.16999816894531,103.79000091552734,103.02999877929688,103.44999694824219,735777.0
2023-10-18 13:30:00-04:00,103.44000244140625,103.69000244140625,103.17500305175781,103.37999725341797,667134.0
2023-10-18 14:30:00-04:00,103.3499984741211,103.73999786376953,103.3499984741211,103.58000183105469,1076774.0
2023-10-18 15:30:00-04:00,103.58999633789062,103.9000015258789,103.5199966430664,103.79000091552734,2041300.0
2023-10-18 16:00:00-04:00,103.77,104.0,103.5,103.77,0.0
2023-10-18 17:00:00-04:00,103.88,103.88,103.7,103.88,0.0
2023-10-18 18:00:00-04:00,103.89,103.89,103.7,103.75,0.0
2023-10-18 19:00:00-04:00,103.77,103.9,103.28,103.9,0.0
2023-10-19 04:00:00-04:00,103.04,103.46,103.02,103.16,0.0
2023-10-19 05:00:00-04:00,103.39,103.39,103.15,103.2,0.0
2023-10-19 06:00:00-04:00,103.22,103.4,103.18,103.19,0.0
2023-10-19 07:00:00-04:00,103.36,103.55,103.19,103.38,0.0
2023-10-19 08:00:00-04:00,103.38,103.7,102.92,103.28,0.0
2023-10-19 09:00:00-04:00,103.28,103.7,103.2,103.4,0.0
2023-10-19 09:30:00-04:00,103.7699966430664,104.19000244140625,102.8499984741211,103.33999633789062,2449794.0
2023-10-19 10:30:00-04:00,103.30999755859375,103.5,103.01000213623047,103.4800033569336,721574.0
2023-10-19 11:30:00-04:00,103.4800033569336,103.93000030517578,103.26000213623047,103.57499694824219,888052.0
2023-10-19 12:30:00-04:00,103.58999633789062,104.3499984741211,103.37999725341797,104.26000213623047,817298.0
2023-10-19 13:30:00-04:00,104.30000305175781,104.30000305175781,103.4551010131836,103.57890319824219,852318.0
2023-10-19 14:30:00-04:00,103.55999755859375,103.55999755859375,103.05000305175781,103.19000244140625,752438.0
2023-10-19 15:30:00-04:00,103.20500183105469,103.37999725341797,103.04000091552734,103.05000305175781,1089237.0
2023-10-19 16:00:00-04:00,103.05,103.09,102.86,102.91,0.0
2023-10-19 17:00:00-04:00,102.91,103.05,95.41338,102.8,0.0
2023-10-19 18:00:00-04:00,102.55,102.97,102.55,102.55,0.0
2023-10-19 19:00:00-04:00,102.58,102.94,102.55,102.58,0.0
2023-10-20 04:00:00-04:00,102.51,102.62,102.35,102.5,0.0
2023-10-20 05:00:00-04:00,102.31,102.72,102.31,102.6,0.0
2023-10-20 06:00:00-04:00,102.6,102.68,102.02,102.12,0.0
2023-10-20 07:00:00-04:00,102.17,102.61,102.14,102.61,0.0
2023-10-20 08:00:00-04:00,102.61,103.05,102.12,102.33,0.0
2023-10-20 09:00:00-04:00,102.4,102.72,102.24,102.33,0.0
2023-10-20 09:30:00-04:00,103.31999969482422,103.7699966430664,102.81819915771484,103.01000213623047,1323850.0
2023-10-20 10:30:00-04:00,103.0,103.69999694824219,102.92739868164062,102.92739868164062,1031145.0
2023-10-20 11:30:00-04:00,102.91000366210938,103.30000305175781,102.7500991821289,102.91000366210938,549453.0
2023-10-20 12:30:00-04:00,102.91000366210938,103.22000122070312,102.7300033569336,103.0199966430664,522583.0
2023-10-20 13:30:00-04:00,103.0199966430664,103.12999725341797,102.66000366210938,102.73999786376953,949131.0
2023-10-20 14:30:00-04:00,102.73999786376953,102.98999786376953,102.56999969482422,102.75,935173.0
2023-10-20 15:30:00-04:00,102.76000213623047,102.83000183105469,102.58999633789062,102.66999816894531,1158694.0
2023-10-20 16:00:00-04:00,102.67,103.835,102.46,102.67,0.0
2023-10-20 17:00:00-04:00,102.55,102.99,102.44,102.67,0.0
2023-10-20 18:00:00-04:00,102.46,102.57,102.46,102.52,0.0
2023-10-20 19:00:00-04:00,102.47,102.65,102.46,102.55,0.0
2023-10-23 04:00:00-04:00,102.55,102.55,101.89,102.27,0.0
2023-10-23 05:00:00-04:00,102.17,102.23,102.0,102.05,0.0
2023-10-23 06:00:00-04:00,102.03,102.05,101.6,101.93,0.0
2023-10-23 07:00:00-04:00,101.93,102.14,101.87,102.02,0.0
2023-10-23 08:00:00-04:00,102.12,103.02,102.0,102.16,0.0
2023-10-23 09:00:00-04:00,102.1,102.42,102.02,102.33,0.0
2023-10-23 09:30:00-04:00,102.20999908447266,103.08000183105469,101.7699966430664,102.94999694824219,1132448.0
2023-10-23 10:30:00-04:00,102.93000030517578,103.20999908447266,102.69999694824219,103.0199966430664,564952.0
2023-10-23 11:30:00-04:00,103.04000091552734,103.23999786376953,102.83999633789062,103.0199966430664,529848.0
2023-10-23 12:30:00-04:00,103.02999877929688,103.5999984741211,102.9800033569336,103.55999755859375,542868.0
2023-10-23 13:30:00-04:00,103.55999755859375,103.75499725341797,103.44999694824219,103.54499816894531,634943.0
2023-10-23 14:30:00-04:00,103.55000305175781,103.55999755859375,102.95339965820312,103.02999877929688,738334.0
2023-10-23 15:30:00-04:00,103.0199966430664,103.18000030517578,102.80999755859375,102.80999755859375,869573.0
2023-10-23 16:00:00-04:00,102.81,103.2,102.79,102.92,0.0
2023-10-23 17:00:00-04:00,102.92,103.2,102.92,102.99,0.0
2023-10-23 18:00:00-04:00,102.99,103.2,102.93,102.93,0.0
2023-10-23 19:00:00-04:00,103.2,103.2,102.91,103.11,0.0
2023-10-24 04:00:00-04:00,103.0,103.18,102.91,102.91,0.0
2023-10-24 05:00:00-04:00,102.91,103.34,102.91,103.29,0.0
2023-10-24 06:00:00-04:00,103.19,103.3,103.19,103.28,0.0
2023-10-24 07:00:00-04:00,103.28,103.71,103.28,103.55,0.0
2023-10-24 08:00:00-04:00,103.55,103.74,102.67,103.5,0.0
2023-10-24 09:00:00-04:00,103.42,103.68,103.35,103.56,0.0
2023-10-24 09:30:00-04:00,103.66000366210938,105.18000030517578,103.66000366210938,105.16999816894531,1760572.0
2023-10-24 10:30:00-04:00,105.16999816894531,105.6500015258789,105.0199966430664,105.25029754638672,1331242.0
2023-10-24 11:30:00-04:00,105.20999908447266,105.47000122070312,104.55999755859375,104.56999969482422,859028.0
2023-10-24 12:30:00-04:00,104.56999969482422,105.05999755859375,104.55000305175781,105.02999877929688,782289.0
2023-10-24 13:30:00-04:00,105.03500366210938,105.06999969482422,104.80999755859375,105.01000213623047,604174.0
2023-10-24 14:30:00-04:00,105.02999877929688,105.20999908447266,104.91999816894531,105.1500015258789,776289.0
2023-10-24 15:30:00-04:00,105.16000366210938,105.32499694824219,105.08000183105469,105.25,1544000.0
2023-10-24 16:00:00-04:00,105.24,105.34,104.81,104.82,0.0
2023-10-24 17:00:00-04:00,104.82,105.24,104.6,105.18,0.0
2023-10-24 18:00:00-04:00,104.724,105.18,104.65,105.17,0.0
2023-10-24 19:00:00-04:00,105.18,105.18,104.75,105.15,0.0
2023-10-25 04:00:00-04:00,104.85,104.85,104.41,104.69,0.0
2023-10-25 05:00:00-04:00,104.76,104.82,104.51,104.55,0.0
2023-10-25 06:00:00-04:00,104.6,104.91,104.56,104.57,0.0
2023-10-25 07:00:00-04:00,104.6,105.06,104.6,104.9,0.0
2023-10-25 08:00:00-04:00,104.92,105.18,104.43,104.85,0.0
2023-10-25 09:00:00-04:00,105.0,105.11,103.69,104.8,0.0
2023-10-25 09:30:00-04:00,104.45999908447266,105.03500366210938,103.83999633789062,104.18000030517578,1022146.0
2023-10-25 10:30:00-04:00,104.17440032958984,104.76000213623047,103.9749984741211,104.54000091552734,685229.0
2023-10-25 11:30:00-04:00,104.55000305175781,104.62000274658203,104.22000122070312,104.36499786376953,677665.0
2023-10-25 12:30:00-04:00,104.36499786376953,104.62000274658203,104.19999694824219,104.26000213623047,661858.0
2023-10-25 13:30:00-04:00,104.23999786376953,104.37000274658203,103.95999908447266,103.97000122070312,471346.0
2023-10-25 14:30:00-04:00,103.9800033569336,104.05999755859375,103.69000244140625,103.76499938964844,781000.0
2023-10-25 15:30:00-04:00,103.76499938964844,103.87999725341797,103.48999786376953,103.55000305175781,1376498.0
2023-10-25 16:00:00-04:00,103.56,103.85,103.18,103.84,0.0
2023-10-25 17:00:00-04:00,103.85,103.98,102.13,103.98,0.0
2023-10-25 18:00:00-04:00,103.4,103.52,103.0,103.48,0.0
2023-10-25 19:00:00-04:00,103.0,103.44,103.0,103.0,0.0
2023-10-26 04:00:00-04:00,102.9,103.2,102.75,102.8,0.0
2023-10-26 05:00:00-04:00,102.8,103.0,102.15,103.0,0.0
2023-10-26 06:00:00-04:00,102.8,103.1,102.78,103.1,0.0
2023-10-26 07:00:00-04:00,102.91,102.91,102.4,102.6,0.0
2023-10-26 08:00:00-04:00,102.6,103.11,102.32,102.66,0.0
2023-10-26 09:00:00-04:00,102.6,103.15,102.57,103.07,0.0
2023-10-26 09:30:00-04:00,102.18000030517578,102.62999725341797,100.45999908447266,100.88999938964844,2559125.0
2023-10-26 10:30:00-04:00,100.88500213623047,101.48500061035156,100.61000061035156,100.87999725341797,1363191.0
2023-10-26 11:30:00-04:00,100.87000274658203,101.25499725341797,100.80000305175781,101.04000091552734,984437.0
2023-10-26 12:30:00-04:00,101.04000091552734,101.20999908447266,100.2300033569336,100.36000061035156,1008392.0
2023-10-26 13:30:00-04:00,100.3499984741211,100.63999938964844,100.04000091552734,100.37999725341797,869123.0
2023-10-26 14:30:00-04:00,100.37999725341797,100.8499984741211,100.32499694824219,100.43460083007812,876679.0
2023-10-26 15:30:00-04:00,100.43499755859375,100.45649719238281,99.94999694824219,100.0199966430664,1865348.0
2023-10-26 16:00:00-04:00,100.02,100.7,99.82,100.25,0.0
2023-10-26 17:00:00-04:00,100.07,100.44,100.01,100.04,0.0
2023-10-26 18:00:00-04:00,100.23,100.44,100.04,100.35,0.0
2023-10-26 19:00:00-04:00,100.35,100.59,100.25,100.32,0.0
2023-10-27 04:00:00-04:00,100.14,100.46,100.14,100.31,0.0
2023-10-27 05:00:00-04:00,100.34,100.46,100.34,100.46,0.0
2023-10-27 06:00:00-04:00,100.54,100.74,100.49,100.73,0.0
2023-10-27 07:00:00-04:00,100.79,100.79,100.32,100.36,0.0
2023-10-27 08:00:00-04:00,100.35,100.69,100.1,100.32,0.0
2023-10-27 09:00:00-04:00,100.32,101.675,99.8,100.4,0.0
2023-10-27 09:30:00-04:00,99.77999877929688,100.33499908447266,98.87999725341797,99.37000274658203,1776095.0
2023-10-27 10:30:00-04:00,99.36000061035156,100.04000091552734,99.2300033569336,99.87999725341797,1071913.0
2023-10-27 11:30:00-04:00,99.86000061035156,99.97000122070312,99.16999816894531,99.16999816894531,1397960.0
2023-10-27 12:30:00-04:00,99.1500015258789,99.4000015258789,98.61499786376953,98.86000061035156,747911.0
2023-10-27 13:30:00-04:00,98.86000061035156,98.86000061035156,98.29129791259766,98.31999969482422,636583.0
2023-10-27 14:30:00-04:00,98.30000305175781,98.55999755859375,97.83999633789062,98.05999755859375,979162.0
2023-10-27 15:30:00-04:00,98.06500244140625,98.12999725341797,97.80999755859375,97.98999786376953,1329136.0
2023-10-27 16:00:00-04:00,97.98,98.41,97.7,98.19,0.0
2023-10-27 17:00:00-04:00,97.99,98.19,97.71,97.98,0.0
2023-10-27 18:00:00-04:00,97.95,98.2,97.7,97.99,0.0
2023-10-27 19:00:00-04:00,97.99,98.2,97.7,97.98,0.0
2023-10-30 04:00:00-04:00,97.7,99.03,97.5,98.59,0.0
2023-10-30 05:00:00-04:00,98.47,98.8,98.34,98.52,0.0
2023-10-30 06:00:00-04:00,98.77,98.77,98.5,98.7,0.0
2023-10-30 07:00:00-04:00,98.5,98.75,98.5,98.7,0.0
2023-10-30 08:00:00-04:00,98.69,98.9,97.33,98.66,0.0
2023-10-30 09:00:00-04:00,98.67,98.89,98.55,98.68,0.0
2023-10-30 09:30:00-04:00,99.0,100.63999938964844,99.0,100.43000030517578,1501180.0
2023-10-30 10:30:00-04:00,100.43499755859375,100.70999908447266,100.0999984741211,100.68499755859375,873581.0
2023-10-30 11:30:00-04:00,100.69000244140625,100.8499984741211,100.49009704589844,100.52999877929688,661879.0
2023-10-30 12:30:00-04:00,100.5250015258789,100.91000366210938,100.30000305175781,100.8499984741211,552662.0
2023-10-30 13:30:00-04:00,100.86000061035156,101.62000274658203,100.86000061035156,101.48999786376953,774853.0
2023-10-30 14:30:00-04:00,101.5,102.05000305175781,101.5,101.87200164794922,916848.0
2023-10-30 15:30:00-04:00,101.875,102.0199966430664,101.72000122070312,101.80999755859375,1380677.0
2023-10-30 16:00:00-04:00,101.8,101.87,101.05843,101.74,0.0
2023-10-30 17:00:00-04:00,101.74,101.75,101.47,101.7,0.0
2023-10-30 18:00:00-04:00,101.69,101.8,101.55,101.6,0.0
2023-10-30 19:00:00-04:00,101.61,101.75,101.55,101.6,0.0
2023-10-31 04:00:00-04:00,100.4,101.8,100.39,101.5,0.0
2023-10-31 05:00:00-04:00,101.98,102.0,101.5,101.79,0.0
2023-10-31 06:00:00-04:00,101.8,102.11,101.79,101.91,0.0
2023-10-31 07:00:00-04:00,101.88,102.11,101.88,102.02,0.0
2023-10-31 08:00:00-04:00,101.94,102.24,100.4,102.14,0.0
2023-10-31 09:00:00-04:00,101.93,102.16,101.72,101.72,0.0
2023-10-31 09:30:00-04:00,101.4000015258789,102.7300033569336,101.4000015258789,102.47000122070312,1067131.0
2023-10-31 10:30:00-04:00,102.44999694824219,102.5999984741211,101.95500183105469,101.98999786376953,910401.0
2023-10-31 11:30:00-04:00,101.98999786376953,102.0999984741211,101.68009948730469,101.91000366210938,463536.0
2023-10-31 12:30:00-04:00,101.91999816894531,102.20999908447266,101.87000274658203,102.01000213623047,438385.0
2023-10-31 13:30:00-04:00,102.0199966430664,102.5199966430664,102.0,102.2699966430664,381230.0
2023-10-31 14:30:00-04:00,102.27999877929688,102.93000030517578,102.2699966430664,102.9000015258789,653591.0
2023-10-31 15:30:00-04:00,102.88999938964844,102.90499877929688,102.68499755859375,102.80000305175781,716953.0
2023-10-31 16:00:00-04:00,102.77,102.78,102.57,102.67,0.0
2023-10-31 17:00:00-04:00,102.66,102.77,102.127,102.73,0.0
2023-10-31 18:00:00-04:00,102.51,102.75,102.35,102.35,0.0
2023-10-31 19:00:00-04:00,102.73,102.73,102.31,102.31,0.0
2023-11-01 04:00:00-04:00,102.77,102.77,102.7,102.77,0.0
2023-11-01 05:00:00-04:00,102.7,102.77,102.7,102.77,0.0
2023-11-01 06:00:00-04:00,102.77,102.77,102.3,102.34,0.0
2023-11-01 07:00:00-04:00,102.38,102.45,102.26,102.27,0.0
2023-11-01 08:00:00-04:00,102.26,102.82,102.25,102.31,0.0
2023-11-01 09:00:00-04:00,102.3,102.75,102.1509,102.25,0.0
2023-11-01 09:30:00-04:00,102.55000305175781,102.66999816894531,100.20999908447266,101.3905029296875,1506260.0
2023-11-01 10:30:00-04:00,101.38999938964844,101.5999984741211,100.66000366210938,100.7300033569336,579937.0
2023-11-01 11:30:00-04:00,100.70999908447266,100.73999786376953,100.36000061035156,100.45500183105469,532276.0
2023-11-01 12:30:00-04:00,100.45500183105469,100.5999984741211,100.2699966430664,100.41000366210938,570190.0
2023-11-01 13:30:00-04:00,100.3916015625,100.63999938964844,100.08999633789062,100.41000366210938,707773.0
2023-11-01 14:30:00-04:00,100.41000366210938,100.7300033569336,99.96880340576172,100.4749984741211,1131827.0
2023-11-01 15:30:00-04:00,100.4800033569336,100.91000366210938,100.45999908447266,100.88999938964844,1142262.0
2023-11-01 16:00:00-04:00,100.88,101.49,100.42,100.8,0.0
2023-11-01 17:00:00-04:00,100.61,101.41,100.47,101.41,0.0
2023-11-01 18:00:00-04:00,100.9,101.3,100.85,100.88,0.0
2023-11-01 19:00:00-04:00,100.88,101.49,100.85,100.89,0.0
2023-11-02 04:00:00-04:00,100.95,101.0,100.89,100.89,0.0
2023-11-02 05:00:00-04:00,100.99,101.31,100.99,101.3,0.0
2023-11-02 06:00:00-04:00,101.34,101.49,101.29,101.39,0.0
2023-11-02 07:00:00-04:00,101.49,101.61,100.41,101.0,0.0
2023-11-02 08:00:00-04:00,101.1,101.635,100.41,101.38,0.0
2023-11-02 09:00:00-04:00,101.38,101.88,101.38,101.5,0.0
2023-11-02 09:30:00-04:00,102.05000305175781,103.26799774169922,101.88999938964844,103.18499755859375,963735.0
2023-11-02 10:30:00-04:00,103.19000244140625,104.0999984741211,103.01000213623047,104.0199966430664,976146.0
2023-11-02 11:30:00-04:00,104.01000213623047,104.37999725341797,103.91000366210938,104.04000091552734,652337.0
2023-11-02 12:30:00-04:00,104.05000305175781,105.12999725341797,104.01000213623047,105.05999755859375,1067569.0
2023-11-02 13:30:00-04:00,105.06999969482422,105.5199966430664,105.02999877929688,105.11990356445312,781411.0
2023-11-02 14:30:00-04:00,105.12000274658203,105.31999969482422,104.93000030517578,105.17500305175781,629558.0
2023-11-02 15:30:00-04:00,105.16000366210938,105.16999816894531,104.87999725341797,105.05999755859375,1146586.0
2023-11-02 16:00:00-04:00,105.08,105.17,104.46769,105.04,0.0
2023-11-02 17:00:00-04:00,105.03,105.08,97.6222,104.75,0.0
2023-11-02 18:00:00-04:00,104.76,105.1879,104.75,105.07,0.0
2023-11-02 19:00:00-04:00,105.06,105.25,104.81,105.0,0.0
2023-11-03 04:00:00-04:00,105.0,108.37,105.0,105.15,0.0
2023-11-03 05:00:00-04:00,105.2,105.29,104.75,104.75,0.0
2023-11-03 06:00:00-04:00,105.0,105.24,104.87,105.24,0.0
2023-11-03 07:00:00-04:00,105.24,105.24,105.05,105.24,0.0
2023-11-03 08:00:00-04:00,105.13,105.595,104.825,105.01,0.0
2023-11-03 09:00:00-04:00,105.13,105.79,105.0,105.6,0.0
2023-11-03 09:30:00-04:00,106.43000030517578,107.30500030517578,106.05000305175781,107.18000030517578,1173473.0
2023-11-03 10:30:00-04:00,107.1500015258789,107.55500030517578,106.97000122070312,107.45999908447266,1298714.0
2023-11-03 11:30:00-04:00,107.45999908447266,107.6500015258789,106.9000015258789,106.90039825439453,648933.0
2023-11-03 12:30:00-04:00,106.9000015258789,107.16400146484375,106.62000274658203,106.7699966430664,471779.0
2023-11-03 13:30:00-04:00,106.7699966430664,106.98999786376953,106.72000122070312,106.98999786376953,418288.0
2023-11-03 14:30:00-04:00,106.98999786376953,107.375,106.97000122070312,107.1449966430664,622097.0
2023-11-03 15:30:00-04:00,107.1449966430664,107.22000122070312,106.87000274658203,107.02999877929688,1050070.0
2023-11-03 16:00:00-04:00,107.04,107.24,106.85,107.07,0.0
2023-11-03 17:00:00-04:00,106.88,107.3,106.88,107.0,0.0
2023-11-03 18:00:00-04:00,107.0,107.3,106.95,107.05,0.0
2023-11-03 19:00:00-04:00,107.08,107.17,106.96,107.17,0.0
2023-11-06 04:00:00-05:00,107.0,107.26,107.0,107.26,0.0
2023-11-06 05:00:00-05:00,107.26,107.26,107.06,107.24,0.0
2023-11-06 06:00:00-05:00,107.24,107.25,107.1,107.16,0.0
2023-11-06 07:00:00-05:00,107.11,107.25,107.11,107.18,0.0
2023-11-06 08:00:00-05:00,107.16,107.575,106.88,106.88,0.0
2023-11-06 09:00:00-05:00,107.0,107.16,106.88,107.11,0.0
2023-11-06 09:30:00-05:00,106.95999908447266,107.5999984741211,106.37999725341797,106.62000274658203,994309.0
2023-11-06 10:30:00-05:00,106.6500015258789,106.9800033569336,106.37000274658203,106.88999938964844,658581.0
2023-11-06 11:30:00-05:00,106.87000274658203,107.0999984741211,106.70999908447266,107.05999755859375,558813.0
2023-11-06 12:30:00-05:00,107.05000305175781,107.23999786376953,106.76429748535156,106.95999908447266,461249.0
2023-11-06 13:30:00-05:00,106.94999694824219,107.06999969482422,106.72000122070312,106.91999816894531,443123.0
2023-11-06 14:30:00-05:00,106.91500091552734,107.28500366210938,106.91000366210938,107.20829772949219,603431.0
2023-11-06 15:30:00-05:00,107.20999908447266,107.29000091552734,107.08000183105469,107.2699966430664,718681.0
2023-11-06 16:00:00-05:00,107.25,107.47,106.9844,107.31,0.0
2023-11-06 17:00:00-05:00,107.32,107.37,107.26,107.31,0.0
2023-11-06 18:00:00-05:00,107.27,107.35,105.79,107.05,0.0
2023-11-07 04:00:00-05:00,107.25,107.48,107.25,107.3,0.0
2023-11-07 05:00:00-05:00,107.17,107.3,107.0,107.1,0.0
2023-11-07 06:00:00-05:00,107.1,107.15,107.05,107.05,0.0
2023-11-07 07:00:00-05:00,107.05,107.05,106.62,106.7,0.0
2023-11-07 08:00:00-05:00,106.87,107.18,106.7,106.75,0.0
2023-11-07 09:00:00-05:00,106.75,107.1973,106.75,107.0,0.0
2023-11-07 09:30:00-05:00,107.31999969482422,108.52169799804688,107.2300033569336,108.31999969482422,1114765.0
2023-11-07 10:30:00-05:00,108.31999969482422,108.84500122070312,108.2699966430664,108.58999633789062,796942.0
2023-11-07 11:30:00-05:00,108.5999984741211,108.875,108.4749984741211,108.60990142822266,649549.0
2023-11-07 12:30:00-05:00,108.5999984741211,108.9000015258789,108.55000305175781,108.84500122070312,605068.0
2023-11-07 13:30:00-05:00,108.84500122070312,109.26000213623047,108.7699966430664,108.98999786376953,1077750.0
2023-11-07 14:30:00-05:00,109.0,109.2699966430664,108.77999877929688,109.2300033569336,953683.0
2023-11-07 15:30:00-05:00,109.2300033569336,109.36000061035156,109.07499694824219,109.36000061035156,1184721.0
2023-11-07 16:00:00-05:00,109.36,109.4,108.0815,109.35,0.0
2023-11-07 17:00:00-05:00,109.28,109.58,109.25,109.53,0.0
2023-11-07 18:00:00-05:00,109.45,109.52,109.36,109.39,0.0
2023-11-08 04:00:00-05:00,109.04,109.11,109.02,109.04,0.0
2023-11-08 05:00:00-05:00,109.16,109.36,108.94,109.0,0.0
2023-11-08 06:00:00-05:00,108.99,109.14,108.99,109.14,0.0
2023-11-08 07:00:00-05:00,109.14,109.5,108.8,109.0,0.0
2023-11-08 08:00:00-05:00,109.0,109.54,108.83,109.09,0.0
2023-11-08 09:00:00-05:00,109.0,109.2,108.85,108.93,0.0
2023-11-08 09:30:00-05:00,109.37000274658203,110.69999694824219,108.9000015258789,110.16000366210938,1722461.0
2023-11-08 10:30:00-05:00,110.16410064697266,110.18000030517578,109.16999816894531,109.2750015258789,1300363.0
2023-11-08 11:30:00-05:00,109.26000213623047,109.61000061035156,109.13999938964844,109.43499755859375,820663.0
2023-11-08 12:30:00-05:00,109.41000366210938,109.62999725341797,109.23999786376953,109.44999694824219,635360.0
2023-11-08 13:30:00-05:00,109.44999694824219,109.58000183105469,109.2300033569336,109.4749984741211,582176.0
2023-11-08 14:30:00-05:00,109.4749984741211,109.72949981689453,109.30000305175781,109.57499694824219,684101.0
2023-11-08 15:30:00-05:00,109.56999969482422,109.56999969482422,109.23999786376953,109.36499786376953,2030618.0
2023-11-08 16:00:00-05:00,109.37,109.83,109.2515,109.31,0.0
2023-11-08 17:00:00-05:00,109.38,109.38,109.25,109.25,0.0
2023-11-08 18:00:00-05:00,109.32,109.39,109.3,109.35,0.0
2023-11-09 04:00:00-05:00,109.15,109.21,109.15,109.21,0.0
2023-11-09 05:00:00-05:00,109.22,109.39,109.15,109.39,0.0
2023-11-09 06:00:00-05:00,109.39,109.74,109.39,109.74,0.0
2023-11-09 07:00:00-05:00,109.51,109.75,109.36,109.36,0.0
2023-11-09 08:00:00-05:00,109.41,109.86,108.89,109.86,0.0
2023-11-09 09:00:00-05:00,109.85,110.0,109.4,109.81,0.0
2023-11-09 09:30:00-05:00,109.81999969482422,109.9000015258789,107.95999908447266,108.46499633789062,1278756.0
2023-11-09 10:30:00-05:00,108.44999694824219,108.4800033569336,108.08540344238281,108.22000122070312,1350879.0
2023-11-09 11:30:00-05:00,108.2300033569336,108.3499984741211,107.26000213623047,107.2699966430664,1047639.0
2023-11-09 12:30:00-05:00,107.2699966430664,107.72000122070312,107.05000305175781,107.12049865722656,764575.0
2023-11-09 13:30:00-05:00,107.12000274658203,107.54000091552734,106.97480010986328,107.16999816894531,1295826.0
2023-11-09 14:30:00-05:00,107.18000030517578,107.38999938964844,106.95500183105469,107.0199966430664,881056.0
2023-11-09 15:30:00-05:00,107.01000213623047,107.13500213623047,106.91999816894531,107.01000213623047,1419868.0
2023-11-09 16:00:00-05:00,107.0,107.2,106.91,107.01,0.0
2023-11-09 17:00:00-05:00,107.0,107.25,106.78,107.07,0.0
2023-11-09 18:00:00-05:00,107.08,107.21,106.75,106.98,0.0
2023-11-10 04:00:00-05:00,107.0,107.12,106.91,106.92,0.0
2023-11-10 05:00:00-05:00,106.92,107.14,106.92,107.14,0.0
2023-11-10 06:00:00-05:00,106.78,106.92,106.78,106.81,0.0
2023-11-10 07:00:00-05:00,106.81,106.81,106.48,106.52,0.0
2023-11-10 08:00:00-05:00,106.65,107.54,106.65,106.74,0.0
2023-11-10 09:00:00-05:00,106.74,107.58,106.74,106.74,0.0
2023-11-10 09:30:00-05:00,107.33999633789062,107.83000183105469,106.81999969482422,106.83000183105469,1368372.0
2023-11-10 10:30:00-05:00,106.80999755859375,106.81500244140625,105.81999969482422,105.88999938964844,1066517.0
2023-11-10 11:30:00-05:00,105.87999725341797,105.94999694824219,105.61000061035156,105.87000274658203,911476.0
2023-11-10 12:30:00-05:00,105.87999725341797,106.36000061035156,105.87000274658203,106.06999969482422,1086194.0
2023-11-10 13:30:00-05:00,106.06999969482422,106.26000213623047,105.9000015258789,106.14749908447266,653756.0
2023-11-10 14:30:00-05:00,106.1449966430664,106.1500015258789,105.87000274658203,106.04000091552734,836718.0
2023-11-10 15:30:00-05:00,106.04000091552734,106.23999786376953,106.00499725341797,106.0999984741211,1861370.0
2023-11-10 16:00:00-05:00,106.08,106.23,103.72,106.1,0.0
2023-11-10 17:00:00-05:00,107.0,107.0,105.69,106.1,0.0
2023-11-10 18:00:00-05:00,106.1,106.1,105.51,106.1,0.0
2023-11-13 04:00:00-05:00,106.1,106.28,105.92,106.07,0.0
2023-11-13 05:00:00-05:00,106.11,106.3,106.07,106.07,0.0
2023-11-13 06:00:00-05:00,105.99,105.99,105.78,105.88,0.0
2023-11-13 07:00:00-05:00,106.19,106.19,105.86,105.88,0.0
2023-11-13 08:00:00-05:00,105.88,106.5,105.6384,106.11,0.0
2023-11-13 09:00:00-05:00,106.25,107.405,105.5559,106.12,0.0
2023-11-13 09:30:00-05:00,105.37000274658203,105.72000122070312,104.25,104.61000061035156,1671395.0
2023-11-13 10:30:00-05:00,104.62000274658203,104.91000366210938,104.41999816894531,104.6500015258789,866134.0
2023-11-13 11:30:00-05:00,104.63500213623047,104.8499984741211,104.36000061035156,104.41999816894531,779991.0
2023-11-13 12:30:00-05:00,104.41999816894531,104.48999786376953,104.25,104.30000305175781,511672.0
2023-11-13 13:30:00-05:00,104.30500030517578,104.5999984741211,104.18000030517578,104.33499908447266,508827.0
2023-11-13 14:30:00-05:00,104.33999633789062,104.51000213623047,104.27999877929688,104.42500305175781,571666.0
2023-11-13 15:30:00-05:00,104.41999816894531,104.50499725341797,104.19000244140625,104.19000244140625,1138775.0
2023-11-13 16:00:00-05:00,104.2,104.4,104.2,104.3,0.0
2023-11-13 17:00:00-05:00,104.35,104.38,104.25,104.25,0.0
2023-11-13 18:00:00-05:00,104.36,104.36,104.25,104.25,0.0
2023-11-14 04:00:00-05:00,104.7,104.71,104.6,104.71,0.0
2023-11-14 05:00:00-05:00,104.61,105.08,104.59,105.0,0.0
2023-11-14 06:00:00-05:00,105.05,105.16,104.0,104.1,0.0
2023-11-14 07:00:00-05:00,104.08,104.5,103.9,104.35,0.0
2023-11-14 08:00:00-05:00,104.5,105.25,104.1,104.3,0.0
2023-11-14 09:00:00-05:00,104.41,106.31,104.3,105.7,0.0
2023-11-14 09:30:00-05:00,105.73500061035156,106.43000030517578,105.37999725341797,106.38999938964844,2046168.0
2023-11-14 10:30:00-05:00,106.37000274658203,107.0999984741211,106.2699966430664,106.80999755859375,1075708.0
2023-11-14 11:30:00-05:00,106.80000305175781,106.91999816894531,106.19999694824219,106.2750015258789,1005971.0
2023-11-14 12:30:00-05:00,106.25499725341797,106.41999816894531,106.08999633789062,106.34500122070312,632247.0
2023-11-14 13:30:00-05:00,106.3499984741211,106.48999786376953,105.97000122070312,106.04499816894531,536281.0
2023-11-14 14:30:00-05:00,106.04499816894531,106.31500244140625,106.0,106.11000061035156,1043505.0
2023-11-14 15:30:00-05:00,106.0999984741211,106.37999725341797,105.73999786376953,105.73999786376953,1855624.0
2023-11-14 16:00:00-05:00,105.75,106.37,104.8,106.28,0.0
2023-11-14 17:00:00-05:00,105.73,106.0,105.5,106.0,0.0
2023-11-14 18:00:00-05:00,106.28,106.28,105.5,105.78,0.0
2023-11-15 04:00:00-05:00,106.6,106.6,105.93,106.3,0.0
2023-11-15 05:00:00-05:00,106.11,106.25,106.11,106.25,0.0
2023-11-15 06:00:00-05:00,106.25,106.56,106.25,106.56,0.0
2023-11-15 07:00:00-05:00,106.52,107.34,106.52,107.09,0.0
2023-11-15 08:00:00-05:00,106.88,107.4,105.87,106.45,0.0
2023-11-15 09:00:00-05:00,106.48,106.9,105.53,105.53,0.0
2023-11-15 09:30:00-05:00,106.81999969482422,108.91999816894531,106.72000122070312,108.5,3175805.0
2023-11-15 10:30:00-05:00,108.51000213623047,109.05999755859375,108.06999969482422,108.18000030517578,1553946.0
2023-11-15 11:30:00-05:00,108.16999816894531,108.20999908447266,107.41500091552734,108.05500030517578,930011.0
2023-11-15 12:30:00-05:00,108.05000305175781,108.08000183105469,107.47000122070312,108.0250015258789,685687.0
2023-11-15 13:30:00-05:00,108.0199966430664,108.19999694824219,107.9000015258789,108.19609832763672,829700.0
2023-11-15 14:30:00-05:00,108.19499969482422,108.36000061035156,108.0999984741211,108.18499755859375,1047727.0
2023-11-15 15:30:00-05:00,108.18499755859375,108.19000244140625,107.76000213623047,107.83000183105469,1556587.0
2023-11-15 16:00:00-05:00,107.82,108.81,107.51,108.0,0.0
2023-11-15 17:00:00-05:00,108.0,108.0,107.62,107.63,0.0
2023-11-15 18:00:00-05:00,107.63,107.82,107.63,107.8,0.0
2023-11-16 04:00:00-05:00,107.83,107.94,107.82,107.94,0.0
2023-11-16 05:00:00-05:00,107.93,107.95,107.83,107.85,0.0
2023-11-16 06:00:00-05:00,107.84,107.98,107.84,107.87,0.0
2023-11-16 07:00:00-05:00,107.89,108.04,107.39,107.82,0.0
2023-11-16 08:00:00-05:00,107.85,108.24,107.35,107.51,0.0
2023-11-16 09:00:00-05:00,107.7,107.99,107.5,107.6,0.0
2023-11-16 09:30:00-05:00,107.0999984741211,108.0,107.0000991821289,107.43000030517578,990632.0
2023-11-16 10:30:00-05:00,107.43000030517578,107.6500015258789,107.0999984741211,107.38999938964844,631018.0
2023-11-16 11:30:00-05:00,107.37999725341797,107.63999938964844,107.30000305175781,107.54000091552734,493802.0
2023-11-16 12:30:00-05:00,107.52999877929688,107.70999908447266,107.47000122070312,107.52999877929688,450312.0
2023-11-16 13:30:00-05:00,107.52999877929688,107.6958999633789,107.2750015258789,107.30249786376953,425609.0
2023-11-16 14:30:00-05:00,107.28500366210938,107.51000213623047,107.22000122070312,107.43000030517578,591280.0
2023-11-16 15:30:00-05:00,107.43000030517578,107.72000122070312,107.36000061035156,107.61000061035156,941662.0
2023-11-16 16:00:00-05:00,107.61,107.85,104.405,107.63,0.0
2023-11-16 17:00:00-05:00,107.61,107.83,107.61,107.65,0.0
2023-11-16 18:00:00-05:00,108.25,108.25,107.61,107.63,0.0
2023-11-17 04:00:00-05:00,107.68,107.73,107.68,107.73,0.0
2023-11-17 05:00:00-05:00,107.8,108.16,107.77,108.16,0.0
2023-11-17 06:00:00-05:00,108.18,108.49,108.18,108.49,0.0
2023-11-17 07:00:00-05:00,108.48,108.5,108.2,108.48,0.0
2023-11-17 08:00:00-05:00,108.35,108.5,107.54,108.23,0.0
2023-11-17 09:00:00-05:00,108.2,108.35,108.18,108.25,0.0
2023-11-17 09:30:00-05:00,108.05999755859375,108.20999908447266,106.0999984741211,106.25,1495552.0
2023-11-17 10:30:00-05:00,106.25,106.25,105.5199966430664,105.94999694824219,794905.0
2023-11-17 11:30:00-05:00,105.94499969482422,106.05999755859375,105.66999816894531,105.85420227050781,472666.0
2023-11-17 12:30:00-05:00,105.8499984741211,106.23979949951172,105.83799743652344,106.19999694824219,394790.0
2023-11-17 13:30:00-05:00,106.20999908447266,106.25,106.01000213623047,106.11000061035156,365221.0
2023-11-17 14:30:00-05:00,106.12000274658203,106.2300033569336,105.96499633789062,106.22000122070312,555677.0
2023-11-17 15:30:00-05:00,106.2249984741211,106.23999786376953,105.91000366210938,105.97000122070312,1056082.0
2023-11-17 16:00:00-05:00,105.96,106.19,105.8,105.95,0.0
2023-11-17 17:00:00-05:00,105.95,106.15,105.95,106.14,0.0
2023-11-17 18:00:00-05:00,106.13,106.14,105.95,105.95,0.0
2023-11-20 04:00:00-05:00,105.95,106.14,105.95,106.07,0.0
2023-11-20 05:00:00-05:00,106.0,106.25,105.99,106.18,0.0
2023-11-20 06:00:00-05:00,106.18,106.26,106.01,106.26,0.0
2023-11-20 07:00:00-05:00,106.26,106.37,106.01,106.02,0.0
2023-11-20 08:00:00-05:00,106.06,106.44,105.82,106.17,0.0
2023-11-20 09:00:00-05:00,106.04,106.21,105.78,106.21,0.0
2023-11-20 09:30:00-05:00,106.0,106.19000244140625,105.52999877929688,105.56999969482422,1177973.0
2023-11-20 10:30:00-05:00,105.55999755859375,105.87000274658203,105.37000274658203,105.37000274658203,661227.0
2023-11-20 11:30:00-05:00,105.37999725341797,105.52999877929688,105.0999984741211,105.19999694824219,435308.0
2023-11-20 12:30:00-05:00,105.20999908447266,105.7699966430664,105.18000030517578,105.48999786376953,549735.0
2023-11-20 13:30:00-05:00,105.5,106.0999984741211,105.4800033569336,106.00499725341797,647082.0
2023-11-20 14:30:00-05:00,106.00499725341797,106.55000305175781,106.00499725341797,106.45099639892578,815683.0
2023-11-20 15:30:00-05:00,106.45500183105469,106.45500183105469,106.12000274658203,106.31999969482422,1026106.0
2023-11-20 16:00:00-05:00,106.32,106.48,105.5983,106.22,0.0
2023-11-20 17:00:00-05:00,106.22,106.44,106.16,106.19,0.0
2023-11-20 18:00:00-05:00,106.19,106.48,106.19,106.35,0.0
2023-11-21 04:00:00-05:00,106.66,106.66,105.96,106.32,0.0
2023-11-21 05:00:00-05:00,106.31,106.31,106.0,106.23,0.0
2023-11-21 06:00:00-05:00,106.09,106.21,105.91,105.92,0.0
2023-11-21 07:00:00-05:00,105.92,106.89,105.79,106.8,0.0
2023-11-21 08:00:00-05:00,106.78,106.9,105.75,106.26,0.0
2023-11-21 09:00:00-05:00,106.28,106.32,105.84,105.91,0.0
2023-11-21 09:30:00-05:00,106.16999816894531,106.69999694824219,105.8499984741211,105.94000244140625,1300080.0
2023-11-21 10:30:00-05:00,105.93499755859375,105.95999908447266,105.38999938964844,105.5,860363.0
2023-11-21 11:30:00-05:00,105.51000213623047,106.02999877929688,105.3499984741211,106.02999877929688,689692.0
2023-11-21 12:30:00-05:00,106.0199966430664,106.18000030517578,105.81999969482422,106.15499877929688,445225.0
2023-11-21 13:30:00-05:00,106.1500015258789,106.48500061035156,106.11000061035156,106.44000244140625,509879.0
2023-11-21 14:30:00-05:00,106.44000244140625,106.5,106.24500274658203,106.38999938964844,484813.0
2023-11-21 15:30:00-05:00,106.38999938964844,106.68000030517578,106.2699966430664,106.52999877929688,912917.0
2023-11-21 16:00:00-05:00,106.55,106.6,106.011,106.37,0.0
2023-11-21 17:00:00-05:00,106.37,106.55,106.21,106.28,0.0
2023-11-21 18:00:00-05:00,106.28,106.48,106.28,106.3,0.0
2023-11-22 04:00:00-05:00,106.66,107.07,106.35,106.35,0.0
2023-11-22 05:00:00-05:00,106.35,106.5,106.35,106.4,0.0
2023-11-22 06:00:00-05:00,106.41,106.62,106.4,106.62,0.0
2023-11-22 07:00:00-05:00,106.6,106.63,106.48,106.6,0.0
2023-11-22 08:00:00-05:00,106.54,106.8678,106.47,106.63,0.0
2023-11-22 09:00:00-05:00,106.63,106.9,106.5,106.84,0.0
2023-11-22 09:30:00-05:00,107.5,107.7300033569336,106.81999969482422,107.16500091552734,981891.0
2023-11-22 10:30:00-05:00,107.16500091552734,107.37999725341797,107.08000183105469,107.12999725341797,534735.0
2023-11-22 11:30:00-05:00,107.12999725341797,107.45999908447266,107.11000061035156,107.38999938964844,637886.0
2023-11-22 12:30:00-05:00,107.4000015258789,107.5,107.30999755859375,107.48999786376953,531343.0
2023-11-22 13:30:00-05:00,107.4800033569336,107.70999908447266,107.45999908447266,107.63999938964844,551561.0
2023-11-22 14:30:00-05:00,107.63500213623047,107.8499984741211,107.38999938964844,107.83999633789062,833041.0
2023-11-22 15:30:00-05:00,107.83999633789062,108.02999877929688,107.66999816894531,107.88999938964844,1539007.0
2023-11-22 16:00:00-05:00,107.92,108.03,107.52,107.8902,0.0
2023-11-22 17:00:00-05:00,108.03,108.2,107.7,107.7494,0.0
2023-11-22 18:00:00-05:00,107.75,107.91,107.7,107.91,0.0
2023-11-24 04:00:00-05:00,108.15,108.15,107.88,108.0,0.0
2023-11-24 05:00:00-05:00,108.0,108.07,107.8,107.8,0.0
2023-11-24 06:00:00-05:00,107.99,108.1,107.79,107.8,0.0
2023-11-24 07:00:00-05:00,107.91,108.13,107.91,108.1,0.0
2023-11-24 08:00:00-05:00,108.07,108.33,107.47,108.19,0.0
2023-11-24 09:00:00-05:00,108.0,108.18,107.88,107.94,0.0
2023-11-24 09:30:00-05:00,107.5,108.0,107.4000015258789,107.76000213623047,762308.0
2023-11-24 10:30:00-05:00,107.74810028076172,107.8499984741211,107.47000122070312,107.58999633789062,451350.0
2023-11-24 11:30:00-05:00,107.59100341796875,107.68000030517578,107.4000015258789,107.63500213623047,545079.0
2023-11-24 13:00:00-05:00,107.62999725341797,108.0999984741211,106.30000305175781,107.75,0.0
2023-11-24 14:00:00-05:00,107.75,108.0,106.3,107.45,0.0
2023-11-24 15:00:00-05:00,107.45,107.66,107.45,107.58,0.0
2023-11-24 16:00:00-05:00,107.56,107.74,107.46,107.6,0.0
2023-11-27 04:00:00-05:00,107.1,107.92,107.1,107.5,0.0
2023-11-27 05:00:00-05:00,107.41,107.59,107.25,107.3,0.0
2023-11-27 06:00:00-05:00,107.3,107.5,107.3,107.31,0.0
2023-11-27 07:00:00-05:00,107.31,107.57,107.31,107.5,0.0
2023-11-27 08:00:00-05:00,107.5,108.88,106.82,107.64,0.0
2023-11-27 09:00:00-05:00,107.5,107.7,107.5,107.51,0.0
2023-11-27 09:30:00-05:00,107.69000244140625,107.81999969482422,106.9000015258789,107.70500183105469,986660.0
2023-11-27 10:30:00-05:00,107.69999694824219,108.01000213623047,107.5999984741211,107.9800033569336,633720.0
2023-11-27 11:30:00-05:00,107.95999908447266,108.08000183105469,107.70999908447266,107.78500366210938,537624.0
2023-11-27 12:30:00-05:00,107.7699966430664,107.91999816894531,107.75,107.8949966430664,377389.0
2023-11-27 13:30:00-05:00,107.9000015258789,108.22000122070312,107.86000061035156,108.06999969482422,653013.0
2023-11-27 14:30:00-05:00,108.05999755859375,108.13500213623047,107.63999938964844,107.79000091552734,429853.0
2023-11-27 15:30:00-05:00,107.79499816894531,108.11000061035156,107.78500366210938,107.94999694824219,820042.0
2023-11-27 16:00:00-05:00,107.96,108.27,107.65,107.88,0.0
2023-11-27 17:00:00-05:00,107.88,107.96,107.7,107.7,0.0
2023-11-27 18:00:00-05:00,108.11,108.11,107.7,107.7,0.0
2023-11-28 04:00:00-05:00,108.11,108.11,107.63,107.89,0.0
2023-11-28 05:00:00-05:00,107.65,108.0,107.65,107.7,0.0
2023-11-28 06:00:00-05:00,107.89,107.9,107.65,107.65,0.0
2023-11-28 07:00:00-05:00,107.85,108.09,107.67,107.68,0.0
2023-11-28 08:00:00-05:00,107.68,108.0509,107.41,107.88,0.0
2023-11-28 09:00:00-05:00,107.88,108.36,107.64,107.76,0.0
2023-11-28 09:30:00-05:00,108.56999969482422,109.33000183105469,108.1500015258789,109.29000091552734,1231200.0
2023-11-28 10:30:00-05:00,109.29000091552734,109.9000015258789,109.24500274658203,109.33999633789062,971341.0
2023-11-28 11:30:00-05:00,109.33999633789062,109.81500244140625,109.33000183105469,109.38999938964844,712494.0
2023-11-28 12:30:00-05:00,109.37999725341797,109.37999725341797,108.80000305175781,109.0199966430664,453868.0
2023-11-28 13:30:00-05:00,109.01000213623047,109.0999984741211,108.86000061035156,109.0,462751.0
2023-11-28 14:30:00-05:00,109.0,109.12000274658203,108.9000015258789,109.00830078125,590786.0
2023-11-28 15:30:00-05:00,109.00499725341797,109.0199966430664,108.62999725341797,108.70999908447266,980747.0
2023-11-28 16:00:00-05:00,108.71,108.98,108.2,108.96,0.0
2023-11-28 17:00:00-05:00,108.92,108.99,107.92,108.73,0.0
2023-11-28 18:00:00-05:00,108.73,108.75,108.51,108.72,0.0
2023-11-29 04:00:00-05:00,109.0,109.03,108.79,108.91,0.0
2023-11-29 05:00:00-05:00,109.24,109.25,108.95,109.25,0.0
2023-11-29 06:00:00-05:00,109.33,109.43,109.2,109.25,0.0
2023-11-29 07:00:00-05:00,109.25,110.34,109.25,110.07,0.0
2023-11-29 08:00:00-05:00,110.1,110.74,108.44,110.3,0.0
2023-11-29 09:00:00-05:00,110.27,110.55,109.92,110.3,0.0
2023-11-29 09:30:00-05:00,110.80000305175781,112.1500015258789,110.30500030517578,111.01000213623047,2209579.0
2023-11-29 10:30:00-05:00,111.01000213623047,111.27999877929688,110.25,110.61000061035156,1156684.0
2023-11-29 11:30:00-05:00,110.62000274658203,111.37999725341797,110.55999755859375,110.99500274658203,885363.0
2023-11-29 12:30:00-05:00,111.0,111.12999725341797,110.88999938964844,111.01000213623047,748354.0
2023-11-29 13:30:00-05:00,111.01000213623047,111.05000305175781,110.5199966430664,110.8499984741211,1110584.0
2023-11-29 14:30:00-05:00,110.8499984741211,110.94000244140625,110.1449966430664,110.36499786376953,820508.0
2023-11-29 15:30:00-05:00,110.37000274658203,110.5199966430664,110.20999908447266,110.37999725341797,1325410.0
2023-11-29 16:00:00-05:00,110.37,110.51,110.21,110.4,0.0
2023-11-29 17:00:00-05:00,110.4,110.69,110.37,110.69,0.0
2023-11-29 18:00:00-05:00,110.5,110.69,110.2135,110.34,0.0
2023-11-30 04:00:00-05:00,110.07,110.46,110.07,110.46,0.0
2023-11-30 05:00:00-05:00,110.69,110.75,110.5,110.5,0.0
2023-11-30 06:00:00-05:00,110.5,110.64,110.5,110.61,0.0
2023-11-30 07:00:00-05:00,110.61,110.71,110.55,110.7,0.0
2023-11-30 08:00:00-05:00,110.57,110.84,108.81,110.8,0.0
2023-11-30 09:00:00-05:00,110.8,110.8999,110.53,110.65,0.0
2023-11-30 09:30:00-05:00,110.52999877929688,110.59500122070312,108.96489715576172,109.56999969482422,1185640.0
2023-11-30 10:30:00-05:00,109.56999969482422,110.05999755859375,109.24500274658203,109.90499877929688,832919.0
2023-11-30 11:30:00-05:00,109.9000015258789,110.08000183105469,109.43000030517578,109.51000213623047,462898.0
2023-11-30 12:30:00-05:00,109.50499725341797,109.80000305175781,109.22000122070312,109.37999725341797,409733.0
2023-11-30 13:30:00-05:00,109.37999725341797,109.62999725341797,109.26000213623047,109.61000061035156,489398.0
2023-11-30 14:30:00-05:00,109.62000274658203,109.81300354003906,109.52100372314453,109.69000244140625,565709.0
2023-11-30 15:30:00-05:00,109.68000030517578,110.31500244140625,109.61000061035156,110.19000244140625,1194382.0
2023-11-30 16:00:00-05:00,110.27,110.38,109.64,110.26,0.0
2023-11-30 17:00:00-05:00,110.09,110.27,107.89,110.18,0.0
2023-11-30 18:00:00-05:00,110.27,110.27,109.9,110.03,0.0
2023-12-01 04:00:00-05:00,109.9,110.05,109.9,110.04,0.0
2023-12-01 05:00:00-05:00,110.0,110.1,109.92,109.94,0.0
2023-12-01 06:00:00-05:00,109.95,110.0,109.92,109.92,0.0
2023-12-01 07:00:00-05:00,109.92,110.0,109.64,109.75,0.0
2023-12-01 08:00:00-05:00,109.75,110.1201,109.4198,109.8,0.0
2023-12-01 09:00:00-05:00,109.85,110.04,109.39,109.63,0.0
2023-12-01 09:30:00-05:00,110.33000183105469,111.18000030517578,109.75,111.01000213623047,1131327.0
2023-12-01 10:30:00-05:00,111.01000213623047,111.54000091552734,110.63999938964844,111.47000122070312,674953.0
2023-12-01 11:30:00-05:00,111.47000122070312,112.30000305175781,111.33499908447266,112.04000091552734,945307.0
2023-12-01 12:30:00-05:00,112.02999877929688,112.5999984741211,112.01090240478516,112.53500366210938,661490.0
2023-12-01 13:30:00-05:00,112.54000091552734,112.94999694824219,112.5199966430664,112.9000015258789,732150.0
2023-12-01 14:30:00-05:00,112.8949966430664,113.48500061035156,112.87000274658203,113.44000244140625,993249.0
2023-12-01 15:30:00-05:00,113.43499755859375,113.55000305175781,113.25,113.5,1455831.0
2023-12-01 16:00:00-05:00,113.48,113.51,112.177,113.4,0.0
2023-12-01 17:00:00-05:00,113.41,113.74,113.41,113.7,0.0
2023-12-01 18:00:00-05:00,113.7,113.7,113.41,113.5,0.0
2023-12-04 04:00:00-05:00,113.48,113.58,113.04,113.11,0.0
2023-12-04 05:00:00-05:00,113.12,113.55,113.1,113.49,0.0
2023-12-04 06:00:00-05:00,113.49,113.49,113.14,113.17,0.0
2023-12-04 07:00:00-05:00,113.23,113.56,113.14,113.35,0.0
2023-12-04 08:00:00-05:00,113.39,113.56,113.06,113.14,0.0
2023-12-04 09:00:00-05:00,113.15,113.37,112.98,113.1,0.0
2023-12-04 09:30:00-05:00,113.88500213623047,114.87999725341797,113.23999786376953,113.86000061035156,1820170.0
2023-12-04 10:30:00-05:00,113.86000061035156,114.18000030517578,113.3499984741211,113.9209976196289,825626.0
2023-12-04 11:30:00-05:00,113.92030334472656,114.78900146484375,113.83499908447266,114.76000213623047,899273.0
2023-12-04 12:30:00-05:00,114.7699966430664,114.94000244140625,114.44000244140625,114.69000244140625,918865.0
2023-12-04 13:30:00-05:00,114.68499755859375,115.11000061035156,114.55000305175781,114.9800033569336,1322773.0
2023-12-04 14:30:00-05:00,114.9739990234375,115.25499725341797,114.91000366210938,115.20999908447266,1179442.0
2023-12-04 15:30:00-05:00,115.20999908447266,115.31999969482422,115.0999984741211,115.12999725341797,1380247.0
2023-12-04 16:00:00-05:00,115.15,115.4,114.78,115.0,0.0
2023-12-04 17:00:00-05:00,114.93,115.14,114.93,115.02,0.0
2023-12-04 18:00:00-05:00,115.02,115.14,114.92,115.14,0.0
2023-12-05 04:00:00-05:00,114.97,115.27,114.86,115.27,0.0
2023-12-05 05:00:00-05:00,115.28,115.4,115.01,115.04,0.0
2023-12-05 06:00:00-05:00,115.01,115.01,114.61,114.8,0.0
2023-12-05 07:00:00-05:00,114.8,114.88,114.02,114.4,0.0
2023-12-05 08:00:00-05:00,114.44,115.3591,114.02,114.74,0.0
2023-12-05 09:00:00-05:00,114.6,114.84,114.51,114.64,0.0
2023-12-05 09:30:00-05:00,114.66000366210938,115.9124984741211,114.5999984741211,115.68000030517578,1591737.0
2023-12-05 10:30:00-05:00,115.68000030517578,115.96499633789062,115.4800033569336,115.54000091552734,848436.0
2023-12-05 11:30:00-05:00,115.54000091552734,115.83000183105469,115.25,115.75,693826.0
2023-12-05 12:30:00-05:00,115.7699966430664,116.04000091552734,115.4800033569336,115.81999969482422,496657.0
2023-12-05 13:30:00-05:00,115.81999969482422,116.01000213623047,115.73999786376953,115.94000244140625,481518.0
2023-12-05 14:30:00-05:00,115.93000030517578,115.97000122070312,115.62000274658203,115.7300033569336,626278.0
2023-12-05 15:30:00-05:00,115.73999786376953,115.77999877929688,115.4000015258789,115.41999816894531,929765.0
2023-12-05 16:00:00-05:00,115.41,115.8378,115.32,115.34,0.0
2023-12-05 17:00:00-05:00,115.4,115.4,115.22,115.35,0.0
2023-12-05 18:00:00-05:00,115.28,115.6,115.28,115.6,0.0
2023-12-06 04:00:00-05:00,115.34,115.61,115.34,115.55,0.0
2023-12-06 05:00:00-05:00,115.55,115.55,115.17,115.17,0.0
2023-12-06 06:00:00-05:00,115.16,115.6,115.16,115.5,0.0
2023-12-06 07:00:00-05:00,115.52,115.52,115.32,115.4,0.0
2023-12-06 08:00:00-05:00,115.4,115.85,114.98,115.6,0.0
2023-12-06 09:00:00-05:00,115.44,115.98,115.1,115.4679,0.0
2023-12-06 09:30:00-05:00,116.0,116.34500122070312,115.57209777832031,115.91000366210938,1068580.0
2023-12-06 10:30:00-05:00,115.94000244140625,116.80000305175781,115.89199829101562,116.44999694824219,833640.0
2023-12-06 11:30:00-05:00,116.44999694824219,116.86000061035156,116.30000305175781,116.83999633789062,827558.0
2023-12-06 12:30:00-05:00,116.8499984741211,117.13999938964844,116.78009796142578,116.9800033569336,648722.0
2023-12-06 13:30:00-05:00,116.97000122070312,117.04000091552734,116.4800033569336,116.4800033569336,496123.0
2023-12-06 14:30:00-05:00,116.48999786376953,116.69499969482422,116.16999816894531,116.29010009765625,639577.0
2023-12-06 15:30:00-05:00,116.29000091552734,116.29499816894531,116.0199966430664,116.18000030517578,833628.0
2023-12-06 16:00:00-05:00,116.11,116.19,115.557,115.557,0.0
2023-12-06 17:00:00-05:00,115.557,117.1,115.557,115.99,0.0
2023-12-06 18:00:00-05:00,115.7,116.11,115.7,115.71,0.0
2023-12-07 04:00:00-05:00,116.0,116.11,115.73,115.73,0.0
2023-12-07 05:00:00-05:00,115.76,115.99,115.62,115.66,0.0
2023-12-07 06:00:00-05:00,115.69,115.73,115.4,115.4,0.0
2023-12-07 07:00:00-05:00,115.51,115.78,113.0,113.29,0.0
2023-12-07 08:00:00-05:00,113.2,116.28,113.0248,114.19,0.0
2023-12-07 09:00:00-05:00,114.29,114.3,113.6492,113.85,0.0
2023-12-07 09:30:00-05:00,114.12000274658203,115.83999633789062,114.12000274658203,115.47000122070312,1772780.0
2023-12-07 10:30:00-05:00,115.45500183105469,116.0,115.42639923095703,115.83000183105469,577865.0
2023-12-07 11:30:00-05:00,115.83000183105469,115.8949966430664,115.23999786376953,115.30500030517578,754237.0
2023-12-07 12:30:00-05:00,115.30500030517578,115.45999908447266,114.82499694824219,114.98500061035156,615282.0
2023-12-07 13:30:00-05:00,114.9800033569336,115.08000183105469,114.62000274658203,115.06999969482422,649880.0
2023-12-07 14:30:00-05:00,115.08999633789062,115.11499786376953,114.88999938964844,114.97000122070312,675352.0
2023-12-07 15:30:00-05:00,114.97000122070312,115.0199966430664,114.7750015258789,114.83999633789062,1035052.0
2023-12-07 16:00:00-05:00,114.81,115.9,113.65,114.1,0.0
2023-12-07 17:00:00-05:00,114.25,114.62,114.104,114.54,0.0
2023-12-07 18:00:00-05:00,114.35,114.64,114.25,114.64,0.0
2023-12-08 04:00:00-05:00,114.48,114.54,114.37,114.54,0.0
2023-12-08 05:00:00-05:00,114.54,114.6,114.4,114.4,0.0
2023-12-08 06:00:00-05:00,114.6,114.7,114.48,114.6,0.0
2023-12-08 07:00:00-05:00,114.6,114.77,114.42,114.48,0.0
2023-12-08 08:00:00-05:00,114.6,114.75,114.2,114.5,0.0
2023-12-08 09:00:00-05:00,114.31,115.0,114.12,114.45,0.0
2023-12-08 09:30:00-05:00,114.5,115.81500244140625,114.47000122070312,115.78500366210938,1201900.0
2023-12-08 10:30:00-05:00,115.79000091552734,116.12000274658203,115.5,116.11000061035156,678498.0
2023-12-08 11:30:00-05:00,116.16999816894531,116.29000091552734,115.97000122070312,116.05000305175781,538941.0
2023-12-08 12:30:00-05:00,116.05999755859375,116.15989685058594,115.75,115.91999816894531,526088.0
2023-12-08 13:30:00-05:00,115.91999816894531,116.0199966430664,115.7300033569336,115.81999969482422,535367.0
2023-12-08 14:30:00-05:00,115.81999969482422,116.2699966430664,115.81999969482422,116.25,590581.0
2023-12-08 15:30:00-05:00,116.25,116.2750015258789,115.88999938964844,115.9000015258789,854005.0
2023-12-08 16:00:00-05:00,115.91,116.14,115.51,115.99,0.0
2023-12-08 17:00:00-05:00,115.99,116.306,115.91,115.97,0.0
2023-12-08 18:00:00-05:00,115.97,116.04,115.92,115.95,0.0
2023-12-11 04:00:00-05:00,115.9,115.91,115.62,115.76,0.0
2023-12-11 05:00:00-05:00,115.76,115.93,115.62,115.62,0.0
2023-12-11 06:00:00-05:00,115.62,117.99,115.62,117.99,0.0
2023-12-11 07:00:00-05:00,117.92,117.99,117.73,117.76,0.0
2023-12-11 08:00:00-05:00,117.76,117.9,115.47,117.45,0.0
2023-12-11 09:00:00-05:00,117.46,117.83,117.32,117.78,0.0
2023-12-11 09:30:00-05:00,117.83999633789062,119.0199966430664,117.61000061035156,118.4800033569336,1775630.0
2023-12-11 10:30:00-05:00,118.4800033569336,119.41999816894531,118.4020004272461,119.18000030517578,945417.0
2023-12-11 11:30:00-05:00,119.18000030517578,119.19999694824219,118.6500015258789,118.74500274658203,875628.0
2023-12-11 12:30:00-05:00,118.73999786376953,118.98999786376953,118.5999984741211,118.9800033569336,526604.0
2023-12-11 13:30:00-05:00,118.9800033569336,119.18000030517578,118.81999969482422,118.94000244140625,624629.0
2023-12-11 14:30:00-05:00,118.94000244140625,119.0199966430664,118.5999984741211,118.62000274658203,730896.0
2023-12-11 15:30:00-05:00,118.62000274658203,118.69000244140625,118.47010040283203,118.61000061035156,960467.0
2023-12-11 16:00:00-05:00,118.61,119.02,118.39,118.75,0.0
2023-12-11 17:00:00-05:00,118.85,123.76731,118.61,118.8,0.0
2023-12-11 18:00:00-05:00,118.61,119.0,118.61,118.83,0.0
2023-12-12 04:00:00-05:00,118.68,119.01,118.61,118.84,0.0
2023-12-12 05:00:00-05:00,118.84,119.0,118.62,118.62,0.0
2023-12-12 06:00:00-05:00,118.62,119.0,118.62,119.0,0.0
2023-12-12 07:00:00-05:00,118.98,119.15,118.83,119.0,0.0
2023-12-12 08:00:00-05:00,119.0,119.23,118.24,119.23,0.0
2023-12-12 09:00:00-05:00,119.1,119.5,118.83,119.06,0.0
2023-12-12 09:30:00-05:00,119.68000030517578,119.88999938964844,119.04000091552734,119.33999633789062,1705926.0
2023-12-12 10:30:00-05:00,119.33999633789062,119.38999938964844,118.58000183105469,118.68000030517578,897779.0
2023-12-12 11:30:00-05:00,118.68499755859375,119.26000213623047,118.68000030517578,119.02999877929688,564420.0
2023-12-12 12:30:00-05:00,119.04000091552734,119.19999694824219,118.94010162353516,119.05000305175781,469146.0
2023-12-12 13:30:00-05:00,119.04499816894531,119.52999877929688,118.93000030517578,119.4000015258789,619857.0
2023-12-12 14:30:00-05:00,119.4000015258789,119.98999786376953,119.36499786376953,119.76499938964844,837027.0
2023-12-12 15:30:00-05:00,119.76000213623047,119.76499938964844,119.48999786376953,119.6500015258789,985888.0
2023-12-12 16:00:00-05:00,119.64,119.74,118.61,119.74,0.0
2023-12-12 17:00:00-05:00,119.66,119.97,119.65,119.66,0.0
2023-12-12 18:00:00-05:00,119.66,119.84,119.65,119.68,0.0
2023-12-13 04:00:00-05:00,119.42,119.78,119.42,119.45,0.0
2023-12-13 05:00:00-05:00,119.41,119.64,119.41,119.63,0.0
2023-12-13 06:00:00-05:00,119.63,119.64,119.44,119.51,0.0
2023-12-13 07:00:00-05:00,119.5,119.7,119.5,119.69,0.0
2023-12-13 08:00:00-05:00,119.69,119.88,119.13,119.47,0.0
2023-12-13 09:00:00-05:00,119.47,119.6,119.0,119.48,0.0
2023-12-13 09:30:00-05:00,119.3499984741211,120.08000183105469,119.19999694824219,119.7300033569336,1306314.0
2023-12-13 10:30:00-05:00,119.7300033569336,120.0199966430664,119.55000305175781,119.66999816894531,695030.0
2023-12-13 11:30:00-05:00,119.68000030517578,119.8949966430664,119.58000183105469,119.80999755859375,503137.0
2023-12-13 12:30:00-05:00,119.80999755859375,120.03500366210938,119.72000122070312,119.7699966430664,539916.0
2023-12-13 13:30:00-05:00,119.77999877929688,120.75,119.58000183105469,120.68000030517578,862105.0
2023-12-13 14:30:00-05:00,120.68499755859375,121.43000030517578,120.49839782714844,121.02999877929688,1555284.0
2023-12-13 15:30:00-05:00,121.0199966430664,121.44000244140625,120.93000030517578,121.18000030517578,1184244.0
2023-12-13 16:00:00-05:00,121.17,121.44,120.75,121.0,0.0
2023-12-13 17:00:00-05:00,121.0,121.18,120.81,121.0,0.0
2023-12-13 18:00:00-05:00,120.995,121.44,120.81,121.44,0.0
2023-12-14 04:00:00-05:00,121.3,121.61,121.06,121.24,0.0
2023-12-14 05:00:00-05:00,121.24,121.44,121.05,121.21,0.0
2023-12-14 06:00:00-05:00,121.33,121.53,121.1,121.4,0.0
2023-12-14 07:00:00-05:00,121.42,121.96,121.42,121.94,0.0
2023-12-14 08:00:00-05:00,121.79,122.3,121.14,122.22,0.0
2023-12-14 09:00:00-05:00,122.2325,122.6,121.17,122.57,0.0
2023-12-14 09:30:00-05:00,121.44000244140625,121.97000122070312,119.81999969482422,121.65499877929688,2164034.0
2023-12-14 10:30:00-05:00,121.66999816894531,122.55999755859375,121.4800033569336,122.4583969116211,1113388.0
2023-12-14 11:30:00-05:00,122.45999908447266,122.58999633789062,122.06950378417969,122.16999816894531,683014.0
2023-12-14 12:30:00-05:00,122.18000030517578,122.52999877929688,121.97000122070312,122.25,624373.0
2023-12-14 13:30:00-05:00,122.25,122.30999755859375,121.3499984741211,121.3499984741211,723847.0
2023-12-14 14:30:00-05:00,121.33999633789062,121.52999877929688,121.0999984741211,121.2300033569336,1488567.0
2023-12-14 15:30:00-05:00,121.23999786376953,121.30000305175781,120.94999694824219,121.0,1358517.0
2023-12-14 16:00:00-05:00,121.02,121.84,120.73,121.13,0.0
2023-12-14 17:00:00-05:00,121.12,121.39,121.03,121.3,0.0
2023-12-14 18:00:00-05:00,121.07,121.31,121.05,121.05,0.0
2023-12-15 04:00:00-05:00,121.11,121.65,121.11,121.64,0.0
2023-12-15 05:00:00-05:00,121.64,121.75,121.3,121.75,0.0
2023-12-15 06:00:00-05:00,121.74,121.74,121.5,121.62,0.0
2023-12-15 07:00:00-05:00,121.62,121.96,121.5,121.85,0.0
2023-12-15 08:00:00-05:00,121.58,121.96,121.24,121.39,0.0
2023-12-15 09:00:00-05:00,121.45,121.5,120.7,121.31,0.0
2023-12-15 09:30:00-05:00,120.93000030517578,122.05999755859375,120.5999984741211,121.62059783935547,2587007.0
2023-12-15 10:30:00-05:00,121.62000274658203,121.80999755859375,121.08999633789062,121.19599914550781,856678.0
2023-12-15 11:30:00-05:00,121.19000244140625,121.7300033569336,121.0999984741211,121.56999969482422,653198.0
2023-12-15 12:30:00-05:00,121.58999633789062,121.84989929199219,121.4000015258789,121.73999786376953,693328.0
2023-12-15 13:30:00-05:00,121.75,121.76000213623047,120.7699966430664,120.7699966430664,685139.0
2023-12-15 14:30:00-05:00,120.79000091552734,121.11499786376953,120.75,121.06999969482422,911771.0
2023-12-15 15:30:00-05:00,121.08000183105469,121.93499755859375,120.91500091552734,121.45999908447266,1368433.0
2023-12-15 16:00:00-05:00,121.46,122.0,121.2,121.37,0.0
2023-12-15 17:00:00-05:00,121.55,121.9,121.37,121.7,0.0
2023-12-15 18:00:00-05:00,121.57,121.89,121.55,121.7,0.0
2023-12-18 04:00:00-05:00,121.84,121.84,121.63,121.76,0.0
2023-12-18 05:00:00-05:00,121.76,121.88,121.74,121.76,0.0
2023-12-18 06:00:00-05:00,121.75,121.9,121.7,121.86,0.0
2023-12-18 07:00:00-05:00,121.86,122.13,121.75,122.0,0.0
2023-12-18 08:00:00-05:00,122.0,122.35,120.3,122.11,0.0
2023-12-18 09:00:00-05:00,122.095,122.2,121.55,121.9,0.0
2023-12-18 09:30:00-05:00,121.41000366210938,121.83999633789062,120.8550033569336,121.2040023803711,1411061.0
2023-12-18 10:30:00-05:00,121.23500061035156,121.4000015258789,121.06999969482422,121.2699966430664,847842.0
2023-12-18 11:30:00-05:00,121.26000213623047,121.44000244140625,120.87000274658203,121.38999938964844,960319.0
2023-12-18 12:30:00-05:00,121.38099670410156,121.70500183105469,121.3499984741211,121.47149658203125,483913.0
2023-12-18 13:30:00-05:00,121.472900390625,121.76000213623047,121.40499877929688,121.55000305175781,590297.0
2023-12-18 14:30:00-05:00,121.55999755859375,121.55999755859375,121.23999786376953,121.28500366210938,631953.0
2023-12-18 15:30:00-05:00,121.28500366210938,121.42500305175781,121.04000091552734,121.13999938964844,942910.0
2023-12-18 16:00:00-05:00,121.14,121.55,121.02,121.12,0.0
2023-12-18 17:00:00-05:00,121.08,121.19,121.0,121.0,0.0
2023-12-18 18:00:00-05:00,121.14,121.14,121.0,121.01,0.0
2023-12-19 04:00:00-05:00,121.6,121.6,121.14,121.2,0.0
2023-12-19 05:00:00-05:00,121.36,121.37,121.2,121.35,0.0
2023-12-19 06:00:00-05:00,121.35,121.4,121.21,121.21,0.0
2023-12-19 07:00:00-05:00,121.4,121.44,121.22,121.4,0.0
2023-12-19 08:00:00-05:00,121.32,121.596,121.0,121.53,0.0
2023-12-19 09:00:00-05:00,121.58,121.59,121.24,121.26,0.0
2023-12-19 09:30:00-05:00,121.73999786376953,123.33999633789062,121.63999938964844,122.19000244140625,1557811.0
2023-12-19 10:30:00-05:00,122.19000244140625,122.8499984741211,122.18000030517578,122.65499877929688,633272.0
2023-12-19 11:30:00-05:00,122.66000366210938,122.66000366210938,122.01000213623047,122.18000030517578,705249.0
2023-12-19 12:30:00-05:00,122.18000030517578,122.52999877929688,122.16079711914062,122.2699966430664,514834.0
2023-12-19 13:30:00-05:00,122.27999877929688,122.56999969482422,122.2750015258789,122.51499938964844,485629.0
2023-12-19 14:30:00-05:00,122.51499938964844,122.52999877929688,122.2249984741211,122.3550033569336,859515.0
2023-12-19 15:30:00-05:00,122.36000061035156,122.66000366210938,122.29000091552734,122.63999938964844,1060301.0
2023-12-19 16:00:00-05:00,122.64,122.89,122.3,122.63,0.0
2023-12-19 17:00:00-05:00,122.6299,122.6528,122.49,122.6,0.0
2023-12-19 18:00:00-05:00,122.55,122.64,122.0663,122.07,0.0
2023-12-20 04:00:00-05:00,122.64,122.72,122.21,122.55,0.0
2023-12-20 05:00:00-05:00,122.24,122.48,122.08,122.15,0.0
2023-12-20 06:00:00-05:00,122.29,122.39,122.05,122.15,0.0
2023-12-20 07:00:00-05:00,122.11,122.39,122.01,122.24,0.0
2023-12-20 08:00:00-05:00,122.34,122.92,122.0,122.11,0.0
2023-12-20 09:00:00-05:00,122.29,122.29,122.0,122.24,0.0
2023-12-20 09:30:00-05:00,121.29499816894531,122.69999694824219,121.23999786376953,122.68000030517578,1743008.0
2023-12-20 10:30:00-05:00,122.68000030517578,122.80000305175781,122.31999969482422,122.69999694824219,1510442.0
2023-12-20 11:30:00-05:00,122.69999694824219,123.0199966430664,122.63999938964844,122.97419738769531,676265.0
2023-12-20 12:30:00-05:00,122.9749984741211,123.31999969482422,122.88999938964844,123.2699966430664,690549.0
2023-12-20 13:30:00-05:00,123.2699966430664,123.3916015625,123.0999984741211,123.28500366210938,667282.0
2023-12-20 14:30:00-05:00,123.27999877929688,123.27999877929688,121.35189819335938,121.70999908447266,1400685.0
2023-12-20 15:30:00-05:00,121.69999694824219,121.97000122070312,121.36000061035156,121.4000015258789,1194561.0
2023-12-20 16:00:00-05:00,121.43,121.78,121.0,121.67,0.0
2023-12-20 17:00:00-05:00,121.67,122.8,121.3902,122.0,0.0
2023-12-20 18:00:00-05:00,122.26,122.26,121.64,122.04,0.0
2023-12-21 04:00:00-05:00,121.55,122.4,121.55,122.26,0.0
2023-12-21 05:00:00-05:00,122.26,122.45,122.11,122.45,0.0
2023-12-21 06:00:00-05:00,122.15,122.46,122.14,122.25,0.0
2023-12-21 07:00:00-05:00,122.31,122.52,122.14,122.3,0.0
2023-12-21 08:00:00-05:00,122.29,122.45,121.44,122.15,0.0
2023-12-21 09:00:00-05:00,122.15,122.9306,122.12,122.66,0.0
2023-12-21 09:30:00-05:00,122.30000305175781,123.30000305175781,121.30000305175781,121.91999816894531,2236350.0
2023-12-21 10:30:00-05:00,121.93000030517578,122.341796875,121.71009826660156,122.29000091552734,824754.0
2023-12-21 11:30:00-05:00,122.2699966430664,122.35590362548828,121.7300033569336,121.77999877929688,821365.0
2023-12-21 12:30:00-05:00,121.7699966430664,122.0199966430664,121.4000015258789,121.72000122070312,833633.0
2023-12-21 13:30:00-05:00,121.7300033569336,122.08000183105469,121.69999694824219,121.80999755859375,991496.0
2023-12-21 14:30:00-05:00,121.80999755859375,122.41000366210938,121.75,122.30999755859375,1340335.0
2023-12-21 15:30:00-05:00,122.30000305175781,122.6449966430664,122.19999694824219,122.44999694824219,1750050.0
2023-12-21 16:00:00-05:00,122.45,125.8,114.76,115.92,0.0
2023-12-21 17:00:00-05:00,115.9,116.2,108.5,108.7,0.0
2023-12-21 18:00:00-05:00,108.71,109.99,108.4,108.55,0.0
2023-12-22 04:00:00-05:00,109.0,109.8,108.64,108.75,0.0
2023-12-22 05:00:00-05:00,108.76,108.99,107.82,107.85,0.0
2023-12-22 06:00:00-05:00,108.0,108.38,107.4,108.3,0.0
2023-12-22 07:00:00-05:00,108.32,108.65,106.595,107.19,0.0
2023-12-22 08:00:00-05:00,107.18,109.69,106.5743,108.09,0.0
2023-12-22 09:00:00-05:00,108.09,108.82,107.26,107.65,0.0
2023-12-22 09:30:00-05:00,108.26000213623047,110.80000305175781,107.44999694824219,108.82499694824219,18840954.0
2023-12-22 10:30:00-05:00,108.8279037475586,110.30999755859375,108.52999877929688,109.63500213623047,6933348.0
2023-12-22 11:30:00-05:00,109.63500213623047,109.83899688720703,109.01000213623047,109.0250015258789,3692350.0
2023-12-22 12:30:00-05:00,109.02999877929688,109.30000305175781,108.62999725341797,108.71499633789062,3463211.0
2023-12-22 13:30:00-05:00,108.71499633789062,108.94400024414062,107.79499816894531,107.81500244140625,4146201.0
2023-12-22 14:30:00-05:00,107.81500244140625,108.27999877929688,107.75499725341797,108.09429931640625,3917311.0
2023-12-22 15:30:00-05:00,108.0999984741211,108.22000122070312,107.94999694824219,108.03939819335938,4239685.0
2023-12-22 16:00:00-05:00,108.04,108.35,107.88,107.9,0.0
2023-12-22 17:00:00-05:00,107.9,145.54463,107.9,107.98,0.0
2023-12-22 18:00:00-05:00,107.97,108.04,107.82,107.9394,0.0
2023-12-26 04:00:00-05:00,108.6,110.0,108.0,108.61,0.0
2023-12-26 05:00:00-05:00,108.5,108.61,108.35,108.49,0.0
2023-12-26 06:00:00-05:00,108.49,108.54,108.36,108.38,0.0
2023-12-26 07:00:00-05:00,108.39,108.49,108.01,108.23,0.0
2023-12-26 08:00:00-05:00,108.23,108.6,108.05,108.25,0.0
2023-12-26 09:00:00-05:00,108.24,108.36,108.0501,108.3,0.0
2023-12-26 09:30:00-05:00,108.30000305175781,108.69000244140625,107.4800033569336,108.02120208740234,3450535.0
2023-12-26 10:30:00-05:00,108.0199966430664,108.22000122070312,107.52490234375,108.08999633789062,1772842.0
2023-12-26 11:30:00-05:00,108.08499908447266,108.20999908447266,107.76010131835938,107.83000183105469,1032745.0
2023-12-26 12:30:00-05:00,107.82499694824219,108.5,107.73999786376953,108.19000244140625,1167524.0
2023-12-26 13:30:00-05:00,108.19000244140625,108.51000213623047,108.18000030517578,108.44499969482422,941350.0
2023-12-26 14:30:00-05:00,108.44499969482422,108.48500061035156,108.03399658203125,108.03500366210938,1138705.0
2023-12-26 15:30:00-05:00,108.03890228271484,108.05999755859375,107.86000061035156,108.04000091552734,2183748.0
2023-12-26 16:00:00-05:00,108.02,108.04,107.8,107.87,0.0
2023-12-26 17:00:00-05:00,107.9,108.02,107.85,107.88,0.0
2023-12-26 18:00:00-05:00,107.88,107.95,107.87,107.94,0.0
2023-12-27 04:00:00-05:00,108.0,108.25,107.92,108.01,0.0
2023-12-27 05:00:00-05:00,108.02,108.13,107.96,108.12,0.0
2023-12-27 06:00:00-05:00,108.12,108.4,108.0,108.27,0.0
2023-12-27 07:00:00-05:00,108.3,108.4,108.2,108.34,0.0
2023-12-27 08:00:00-05:00,108.32,108.45,107.0,108.4,0.0
2023-12-27 09:00:00-05:00,108.37,108.5,108.3,108.32,0.0
2023-12-27 09:30:00-05:00,108.33999633789062,108.58979797363281,107.62000274658203,107.87999725341797,2045142.0
2023-12-27 10:30:00-05:00,107.893798828125,107.93000030517578,106.87999725341797,107.01909637451172,1975051.0
2023-12-27 11:30:00-05:00,107.01000213623047,107.48999786376953,107.01000213623047,107.44000244140625,1019408.0
2023-12-27 12:30:00-05:00,107.44000244140625,107.52999877929688,107.22000122070312,107.4000015258789,699691.0
2023-12-27 13:30:00-05:00,107.41000366210938,107.41500091552734,107.0333023071289,107.09500122070312,807739.0
2023-12-27 14:30:00-05:00,107.09500122070312,107.2083969116211,106.8499984741211,107.1449966430664,1157920.0
2023-12-27 15:30:00-05:00,107.13999938964844,107.22000122070312,106.98999786376953,107.11000061035156,1163313.0
2023-12-27 16:00:00-05:00,107.13,107.16,106.96,107.02,0.0
2023-12-27 17:00:00-05:00,107.02,107.05,107.0,107.01,0.0
2023-12-27 18:00:00-05:00,107.05,107.05,106.99,107.05,0.0
2023-12-28 04:00:00-05:00,108.25,108.25,107.0,107.29,0.0
2023-12-28 05:00:00-05:00,107.28,107.35,107.13,107.29,0.0
2023-12-28 06:00:00-05:00,107.29,107.29,107.2,107.21,0.0
2023-12-28 07:00:00-05:00,107.26,107.26,107.08,107.21,0.0
2023-12-28 08:00:00-05:00,107.21,107.55,107.0846,107.28,0.0
2023-12-28 09:00:00-05:00,107.28,107.39,107.13,107.2,0.0
2023-12-28 09:30:00-05:00,107.20999908447266,107.80999755859375,106.80999755859375,107.78060150146484,2034331.0
2023-12-28 10:30:00-05:00,107.79000091552734,108.32990264892578,107.75,108.31999969482422,1268676.0
2023-12-28 11:30:00-05:00,108.32879638671875,108.66010284423828,108.2699966430664,108.51499938964844,1115071.0
2023-12-28 12:30:00-05:00,108.51119995117188,108.79499816894531,108.37899780273438,108.79000091552734,781119.0
2023-12-28 13:30:00-05:00,108.80000305175781,109.4000015258789,108.76000213623047,109.31999969482422,1223672.0
2023-12-28 14:30:00-05:00,109.32019805908203,109.3499984741211,108.88999938964844,109.02850341796875,929814.0
2023-12-28 15:30:00-05:00,109.02999877929688,109.03500366210938,108.69999694824219,108.83999633789062,1158258.0
2023-12-28 16:00:00-05:00,108.82,109.0,108.6,108.7,0.0
2023-12-28 17:00:00-05:00,108.7,108.82,108.6,108.73,0.0
2023-12-28 18:00:00-05:00,108.73,108.9,108.66,108.68,0.0
2023-12-29 04:00:00-05:00,108.95,109.16,108.9,109.09,0.0
2023-12-29 05:00:00-05:00,109.09,109.18,108.92,109.15,0.0
2023-12-29 06:00:00-05:00,109.15,109.16,109.0,109.01,0.0
2023-12-29 07:00:00-05:00,109.01,109.16,108.98,109.0,0.0
2023-12-29 08:00:00-05:00,109.0,109.18,108.58,108.68,0.0
2023-12-29 09:00:00-05:00,108.68,108.98,108.6174,108.77,0.0
2023-12-29 09:30:00-05:00,108.95999908447266,109.95999908447266,108.93000030517578,109.43000030517578,1414453.0
2023-12-29 10:30:00-05:00,109.43000030517578,109.43000030517578,108.54000091552734,108.55000305175781,818754.0
2023-12-29 11:30:00-05:00,108.52999877929688,108.55999755859375,108.12090301513672,108.25980377197266,638189.0
2023-12-29 12:30:00-05:00,108.26000213623047,108.56500244140625,108.15010070800781,108.33499908447266,538024.0
2023-12-29 13:30:00-05:00,108.33000183105469,108.3499984741211,108.08999633789062,108.13500213623047,481747.0
2023-12-29 14:30:00-05:00,108.13849639892578,108.34010314941406,108.11000061035156,108.27999877929688,559119.0
2023-12-29 15:30:00-05:00,108.29000091552734,108.58999633789062,108.26000213623047,108.52999877929688,1150564.0
2023-12-29 16:00:00-05:00,108.57,108.6,108.17,108.47,0.0
2023-12-29 17:00:00-05:00,108.47,108.57,107.56,108.47,0.0
2023-12-29 18:00:00-05:00,108.45,108.5,108.32,108.35,0.0
2024-01-02 04:00:00-05:00,108.6,109.07,108.59,108.99,0.0
2024-01-02 05:00:00-05:00,109.07,109.14,108.64,108.8,0.0
2024-01-02 06:00:00-05:00,108.8,108.93,108.07,108.07,0.0
2024-01-02 07:00:00-05:00,108.07,108.33,107.78,108.0,0.0
2024-01-02 08:00:00-05:00,107.98,109.1197,107.5,107.6,0.0
2024-01-02 09:00:00-05:00,107.55,108.57,107.45,107.78,0.0
2024-01-02 09:30:00-05:00,107.41999816894531,107.8499984741211,106.62000274658203,107.31999969482422,2260871.0
2024-01-02 10:30:00-05:00,107.30999755859375,107.41999816894531,106.5999984741211,106.70999908447266,933997.0
2024-01-02 11:30:00-05:00,106.69999694824219,107.47000122070312,106.66000366210938,107.4385986328125,735871.0
2024-01-02 12:30:00-05:00,107.43000030517578,107.75,107.41000366210938,107.41000366210938,789193.0
2024-01-02 13:30:00-05:00,107.41500091552734,107.5,106.8499984741211,106.86000061035156,555411.0
2024-01-02 14:30:00-05:00,106.8499984741211,106.97000122070312,106.4800033569336,106.5999984741211,872987.0
2024-01-02 15:30:00-05:00,106.5999984741211,106.70670318603516,106.44999694824219,106.58999633789062,1420967.0
2024-01-02 16:00:00-05:00,106.58,106.71,106.45,106.64,0.0
2024-01-02 17:00:00-05:00,106.65,106.75,106.55,106.56,0.0
2024-01-02 18:00:00-05:00,106.57,106.6,106.3,106.57,0.0
2024-01-03 04:00:00-05:00,106.77,106.77,106.35,106.45,0.0
2024-01-03 05:00:00-05:00,106.39,106.44,106.21,106.4,0.0
2024-01-03 06:00:00-05:00,106.4,106.42,106.14,106.2,0.0
2024-01-03 07:00:00-05:00,106.21,106.35,106.0,106.0,0.0
2024-01-03 08:00:00-05:00,106.01,106.88,105.66,106.07,0.0
2024-01-03 09:00:00-05:00,106.15,106.19,105.84,105.84,0.0
2024-01-03 09:30:00-05:00,105.66999816894531,107.4800033569336,104.29000091552734,104.3949966430664,2323513.0
2024-01-03 10:30:00-05:00,104.4000015258789,104.65499877929688,104.0,104.61499786376953,1159882.0
2024-01-03 11:30:00-05:00,104.625,104.7699966430664,104.13999938964844,104.47000122070312,808599.0
2024-01-03 12:30:00-05:00,104.4749984741211,105.11499786376953,104.36000061035156,105.0999984741211,790976.0
2024-01-03 13:30:00-05:00,105.0999984741211,105.1500015258789,104.5530014038086,104.98999786376953,808788.0
2024-01-03 14:30:00-05:00,105.00499725341797,105.08499908447266,104.33000183105469,104.36000061035156,759866.0
2024-01-03 15:30:00-05:00,104.37000274658203,104.55500030517578,104.0199966430664,104.05000305175781,1368975.0
2024-01-03 16:00:00-05:00,104.04,104.849,104.04,104.2,0.0
2024-01-03 17:00:00-05:00,104.22,104.22,104.04,104.2,0.0
2024-01-03 18:00:00-05:00,104.22,104.5,104.15,104.361,0.0
2024-01-04 04:00:00-05:00,104.28,104.46,103.25,103.25,0.0
2024-01-04 05:00:00-05:00,103.32,103.35,102.55,102.89,0.0
2024-01-04 06:00:00-05:00,102.98,102.98,102.31,102.63,0.0
2024-01-04 07:00:00-05:00,102.65,103.08,102.56,103.05,0.0
2024-01-04 08:00:00-05:00,103.05,104.48,102.35,103.16,0.0
2024-01-04 09:00:00-05:00,103.16,105.58,102.33,102.52,0.0
2024-01-04 09:30:00-05:00,102.45999908447266,103.62000274658203,102.37999725341797,103.16999816894531,2127016.0
2024-01-04 10:30:00-05:00,103.1500015258789,103.61000061035156,103.0199966430664,103.48500061035156,897692.0
2024-01-04 11:30:00-05:00,103.48999786376953,103.58499908447266,102.95999908447266,103.02999877929688,833104.0
2024-01-04 12:30:00-05:00,103.0250015258789,103.12000274658203,102.87999725341797,102.94999694824219,563696.0
2024-01-04 13:30:00-05:00,102.94999694824219,102.98500061035156,102.58699798583984,102.61000061035156,717995.0
2024-01-04 14:30:00-05:00,102.5999984741211,102.79000091552734,102.48999786376953,102.5999984741211,908714.0
2024-01-04 15:30:00-05:00,102.5999984741211,102.7699966430664,102.31999969482422,102.3499984741211,1612926.0
2024-01-04 16:00:00-05:00,102.3,103.25,102.3,102.4,0.0
2024-01-04 17:00:00-05:00,102.41,102.45,102.3,102.4,0.0
2024-01-04 18:00:00-05:00,102.42,102.519,102.4,102.519,0.0
2024-01-05 04:00:00-05:00,102.3,102.63,102.29,102.49,0.0
2024-01-05 05:00:00-05:00,102.49,102.65,102.3,102.4,0.0
2024-01-05 06:00:00-05:00,102.35,102.51,102.25,102.4,0.0
2024-01-05 07:00:00-05:00,102.28,102.49,102.0,102.44,0.0
2024-01-05 08:00:00-05:00,102.35,102.84,102.2,102.79,0.0
2024-01-05 09:00:00-05:00,102.72,107.945,102.2,102.72,0.0
2024-01-05 09:30:00-05:00,102.45999908447266,103.68000030517578,102.37000274658203,102.76000213623047,1556264.0
2024-01-05 10:30:00-05:00,102.7699966430664,103.08000183105469,102.40799713134766,102.625,960217.0
2024-01-05 11:30:00-05:00,102.62000274658203,102.83989715576172,102.12000274658203,102.2300033569336,1757690.0
2024-01-05 12:30:00-05:00,102.2300033569336,102.40989685058594,101.91000366210938,102.1500015258789,773850.0
2024-01-05 13:30:00-05:00,102.1500015258789,102.37850189208984,102.12999725341797,102.19999694824219,574618.0
2024-01-05 14:30:00-05:00,102.19000244140625,102.23999786376953,101.93000030517578,102.0199966430664,637912.0
2024-01-05 15:30:00-05:00,102.01000213623047,102.2699966430664,101.9000015258789,102.08000183105469,894748.0
2024-01-05 16:00:00-05:00,102.08,102.28,102.08,102.22,0.0
2024-01-05 17:00:00-05:00,102.21,102.4,102.08,102.25,0.0
2024-01-05 18:00:00-05:00,102.25,102.4,102.24,102.4,0.0
2024-01-08 04:00:00-05:00,102.25,102.25,102.02,102.07,0.0
2024-01-08 05:00:00-05:00,102.06,102.21,101.8,102.18,0.0
2024-01-08 06:00:00-05:00,102.17,102.29,102.0,102.16,0.0
2024-01-08 07:00:00-05:00,102.17,102.48,101.69,102.37,0.0
2024-01-08 08:00:00-05:00,102.37,102.6,101.9,102.47,0.0
2024-01-08 09:00:00-05:00,102.53,102.53,102.09,102.2333,0.0
2024-01-08 09:30:00-05:00,102.08000183105469,102.2300033569336,101.7301025390625,101.94000244140625,1789281.0
2024-01-08 10:30:00-05:00,101.94000244140625,102.70999908447266,101.91999816894531,102.52999877929688,1631630.0
2024-01-08 11:30:00-05:00,102.51000213623047,102.67990112304688,102.04010009765625,102.07499694824219,823123.0
2024-01-08 12:30:00-05:00,102.08000183105469,102.70500183105469,102.08000183105469,102.63500213623047,583321.0
2024-01-08 13:30:00-05:00,102.63999938964844,103.29290008544922,102.62999725341797,103.2750015258789,826956.0
2024-01-08 14:30:00-05:00,103.27999877929688,103.62999725341797,103.2699966430664,103.50900268554688,1142597.0
2024-01-08 15:30:00-05:00,103.5,103.68499755859375,103.38999938964844,103.62999725341797,1295230.0
2024-01-08 16:00:00-05:00,103.62,103.62,103.0,103.57,0.0
2024-01-08 17:00:00-05:00,103.57,103.62,103.4102,103.59,0.0
2024-01-08 18:00:00-05:00,103.35,103.6,103.35,103.55,0.0
2024-01-09 04:00:00-05:00,103.66,103.7,103.3,103.49,0.0
2024-01-09 05:00:00-05:00,103.49,103.62,103.35,103.59,0.0
2024-01-09 06:00:00-05:00,103.56,103.59,103.35,103.4,0.0
2024-01-09 07:00:00-05:00,103.4,103.4,103.16,103.2,0.0
2024-01-09 08:00:00-05:00,103.25,104.0,103.1,103.25,0.0
2024-01-09 09:00:00-05:00,103.25,103.34,103.02,103.32,0.0
2024-01-09 09:30:00-05:00,103.16999816894531,103.4000015258789,102.76000213623047,103.0250015258789,1291605.0
2024-01-09 10:30:00-05:00,103.0199966430664,103.04000091552734,102.63999938964844,102.84500122070312,778772.0
2024-01-09 11:30:00-05:00,102.84500122070312,102.91000366210938,102.66000366210938,102.70099639892578,750120.0
2024-01-09 12:30:00-05:00,102.69999694824219,102.93000030517578,102.62000274658203,102.79499816894531,655660.0
2024-01-09 13:30:00-05:00,102.79499816894531,103.2083969116211,102.69999694824219,102.73999786376953,836120.0
2024-01-09 14:30:00-05:00,102.75499725341797,102.77999877929688,102.53500366210938,102.625,682991.0
2024-01-09 15:30:00-05:00,102.62999725341797,102.77999877929688,102.5,102.73999786376953,1070608.0
2024-01-09 16:00:00-05:00,102.74,102.79,102.66,102.74,0.0
2024-01-09 17:00:00-05:00,102.72,102.76,102.61,102.75,0.0
2024-01-09 18:00:00-05:00,102.66,102.76,102.61,102.62,0.0
2024-01-10 04:00:00-05:00,102.9,103.0,102.56,103.0,0.0
2024-01-10 05:00:00-05:00,103.02,103.14,102.86,102.97,0.0
2024-01-10 06:00:00-05:00,102.93,102.97,102.75,102.89,0.0
2024-01-10 07:00:00-05:00,102.8,103.07,102.76,102.98,0.0
2024-01-10 08:00:00-05:00,103.0,103.15,102.6,102.95,0.0
2024-01-10 09:00:00-05:00,102.94,102.996,101.89,102.94,0.0
2024-01-10 09:30:00-05:00,102.69000244140625,102.9800033569336,102.37000274658203,102.83999633789062,1141632.0
2024-01-10 10:30:00-05:00,102.83499908447266,102.9749984741211,102.68000030517578,102.7750015258789,578006.0
2024-01-10 11:30:00-05:00,102.7760009765625,103.41000366210938,102.70999908447266,103.38690185546875,817499.0
2024-01-10 12:30:00-05:00,103.38999938964844,103.5,103.16999816894531,103.28500366210938,711439.0
2024-01-10 13:30:00-05:00,103.29000091552734,103.62000274658203,103.24500274658203,103.57499694824219,687602.0
2024-01-10 14:30:00-05:00,103.57499694824219,103.69999694824219,103.43000030517578,103.54499816894531,818199.0
2024-01-10 15:30:00-05:00,103.54499816894531,103.83000183105469,103.44000244140625,103.7699966430664,1185381.0
2024-01-10 16:00:00-05:00,103.77,104.0,103.38,103.71,0.0
2024-01-10 17:00:00-05:00,103.7,103.95,103.61,103.69,0.0
2024-01-10 18:00:00-05:00,103.66,103.95,103.61,103.83,0.0
2024-01-11 04:00:00-05:00,104.15,104.35,103.9,104.25,0.0
2024-01-11 05:00:00-05:00,104.13,104.34,104.02,104.21,0.0
2024-01-11 06:00:00-05:00,104.03,104.23,104.01,104.2,0.0
2024-01-11 07:00:00-05:00,104.2,104.34,103.84,104.01,0.0
2024-01-11 08:00:00-05:00,104.01,104.35,103.8,104.05,0.0
2024-01-11 09:00:00-05:00,104.07,104.12,103.02,103.5,0.0
2024-01-11 09:30:00-05:00,104.22000122070312,104.86000061035156,103.7300033569336,103.97000122070312,1469289.0
2024-01-11 10:30:00-05:00,103.95999908447266,104.47740173339844,103.83999633789062,103.95600128173828,982240.0
2024-01-11 11:30:00-05:00,103.94000244140625,104.94999694824219,103.91999816894531,104.78500366210938,1082745.0
2024-01-11 12:30:00-05:00,104.79000091552734,105.50499725341797,104.76000213623047,105.44000244140625,991568.0
2024-01-11 13:30:00-05:00,105.44499969482422,105.63999938964844,105.1449966430664,105.55999755859375,924655.0
2024-01-11 14:30:00-05:00,105.55999755859375,105.7249984741211,105.33000183105469,105.62999725341797,897352.0
2024-01-11 15:30:00-05:00,105.62999725341797,106.01000213623047,105.5,105.91999816894531,1915541.0
2024-01-11 16:00:00-05:00,105.9,106.48,105.69,105.8,0.0
2024-01-11 17:00:00-05:00,105.89,105.9,105.55,105.87,0.0
2024-01-11 18:00:00-05:00,105.85,105.87,105.5,105.84,0.0
2024-01-12 04:00:00-05:00,106.0,106.18,105.87,106.12,0.0
2024-01-12 05:00:00-05:00,106.11,106.15,105.96,106.05,0.0
2024-01-12 06:00:00-05:00,106.02,106.13,105.9,106.0,0.0
2024-01-12 07:00:00-05:00,106.0,106.1,105.35,105.75,0.0
2024-01-12 08:00:00-05:00,105.75,106.26,105.3383,105.68,0.0
2024-01-12 09:00:00-05:00,105.68,106.48,104.255,106.37,0.0
2024-01-12 09:30:00-05:00,106.0,106.31999969482422,105.19999694824219,105.27999877929688,1211322.0
2024-01-12 10:30:00-05:00,105.27999877929688,105.3499984741211,104.80000305175781,105.01000213623047,657244.0
2024-01-12 11:30:00-05:00,105.01000213623047,105.05000305175781,104.72000122070312,104.8832015991211,584988.0
2024-01-12 12:30:00-05:00,104.87999725341797,105.33000183105469,104.86000061035156,105.22000122070312,531714.0
2024-01-12 13:30:00-05:00,105.2300033569336,105.36499786376953,105.04000091552734,105.1449966430664,533380.0
2024-01-12 14:30:00-05:00,105.13999938964844,105.14969635009766,104.83000183105469,104.98999786376953,713628.0
2024-01-12 15:30:00-05:00,105.0,105.17970275878906,104.97000122070312,105.06999969482422,978298.0
2024-01-12 16:00:00-05:00,105.08,105.25,105.02,105.14,0.0
2024-01-12 17:00:00-05:00,105.13,105.5,104.98,105.14,0.0
2024-01-12 18:00:00-05:00,105.02,105.14,105.0,105.09,0.0
2024-01-16 04:00:00-05:00,105.06,106.3,104.55,104.75,0.0
2024-01-16 05:00:00-05:00,104.75,104.85,104.31,104.39,0.0
2024-01-16 06:00:00-05:00,104.4,104.7,104.32,104.61,0.0
2024-01-16 07:00:00-05:00,104.65,104.88,104.49,104.8,0.0
2024-01-16 08:00:00-05:00,104.82,106.0,104.3,104.65,0.0
2024-01-16 09:00:00-05:00,104.74,104.95,104.4,104.45,0.0
2024-01-16 09:30:00-05:00,103.91999816894531,103.97010040283203,102.5199966430664,102.9800033569336,2463838.0
2024-01-16 10:30:00-05:00,102.98999786376953,103.13500213623047,102.58999633789062,102.91000366210938,1042123.0
2024-01-16 11:30:00-05:00,102.94000244140625,103.04000091552734,102.12200164794922,102.16999816894531,902257.0
2024-01-16 12:30:00-05:00,102.19000244140625,102.37000274658203,102.10269927978516,102.15840148925781,843440.0
2024-01-16 13:30:00-05:00,102.16000366210938,102.19000244140625,101.62999725341797,101.68499755859375,883912.0
2024-01-16 14:30:00-05:00,101.68000030517578,101.7249984741211,101.41999816894531,101.49500274658203,1173309.0
2024-01-16 15:30:00-05:00,101.5,101.83000183105469,101.36000061035156,101.69000244140625,1681532.0
2024-01-16 16:00:00-05:00,101.72,105.74,101.58,101.71,0.0
2024-01-16 17:00:00-05:00,101.72,104.17329,101.66,101.73,0.0
2024-01-16 18:00:00-05:00,101.85,101.875,101.6,101.8,0.0
2024-01-17 04:00:00-05:00,101.4,101.72,100.51,100.93,0.0
2024-01-17 05:00:00-05:00,100.81,101.16,100.81,101.11,0.0
2024-01-17 06:00:00-05:00,101.14,101.14,100.6,100.91,0.0
2024-01-17 07:00:00-05:00,100.91,101.12,100.9,101.07,0.0
2024-01-17 08:00:00-05:00,101.07,101.94,100.5809,100.99,0.0
2024-01-17 09:00:00-05:00,100.95,101.0,100.58,100.74,0.0
2024-01-17 09:30:00-05:00,101.05000305175781,101.30999755859375,100.23999786376953,100.41000366210938,2145984.0
2024-01-17 10:30:00-05:00,100.4000015258789,100.68000030517578,100.31999969482422,100.47000122070312,1114195.0
2024-01-17 11:30:00-05:00,100.47000122070312,100.66500091552734,100.30999755859375,100.35449981689453,669509.0
2024-01-17 12:30:00-05:00,100.3499984741211,100.51000213623047,100.2699966430664,100.3324966430664,673652.0
2024-01-17 13:30:00-05:00,100.33000183105469,100.72000122070312,100.32499694824219,100.54499816894531,715134.0
2024-01-17 14:30:00-05:00,100.55999755859375,100.70999908447266,100.50499725341797,100.57499694824219,861383.0
2024-01-17 15:30:00-05:00,100.57499694824219,100.91000366210938,100.57499694824219,100.81999969482422,1244994.0
2024-01-17 16:00:00-05:00,100.82,106.55,100.57,100.85,0.0
2024-01-17 17:00:00-05:00,100.89,100.95,100.58,100.81,0.0
2024-01-17 18:00:00-05:00,100.81,100.82,100.53,100.81,0.0
2024-01-18 04:00:00-05:00,100.93,101.14,100.75,100.9,0.0
2024-01-18 05:00:00-05:00,101.14,101.19,100.98,101.0,0.0
2024-01-18 06:00:00-05:00,101.0,101.24,100.99,101.2,0.0
2024-01-18 07:00:00-05:00,101.23,101.38,101.05,101.32,0.0
2024-01-18 08:00:00-05:00,101.3,101.39,100.82,101.281,0.0
2024-01-18 09:00:00-05:00,101.31,101.51,101.0,101.11,0.0
2024-01-18 09:30:00-05:00,101.0,101.42500305175781,100.06999969482422,100.43000030517578,2410933.0
2024-01-18 10:30:00-05:00,100.43000030517578,100.66000366210938,100.12999725341797,100.31999969482422,906546.0
2024-01-18 11:30:00-05:00,100.31999969482422,100.56999969482422,100.24859619140625,100.4800033569336,607721.0
2024-01-18 12:30:00-05:00,100.4800033569336,100.51499938964844,100.13999938964844,100.16999816894531,572504.0
2024-01-18 13:30:00-05:00,100.16999816894531,100.80500030517578,100.16500091552734,100.79000091552734,640989.0
2024-01-18 14:30:00-05:00,100.79000091552734,101.08999633789062,100.5,100.98999786376953,1166260.0
2024-01-18 15:30:00-05:00,101.0,101.06999969482422,100.83000183105469,100.94000244140625,1183870.0
2024-01-18 16:00:00-05:00,100.94,101.0,100.84,100.96,0.0
2024-01-18 17:00:00-05:00,100.96,101.01,100.13,101.01,0.0
2024-01-18 18:00:00-05:00,100.94,101.12,100.8,100.95,0.0
2024-01-19 04:00:00-05:00,101.0,101.51,101.0,101.4,0.0
2024-01-19 05:00:00-05:00,101.48,101.48,101.26,101.29,0.0
2024-01-19 06:00:00-05:00,101.2,101.45,101.13,101.28,0.0
2024-01-19 07:00:00-05:00,101.28,101.45,101.2,101.25,0.0
2024-01-19 08:00:00-05:00,101.38,101.58,100.31,101.4,0.0
2024-01-19 09:00:00-05:00,101.4,101.52,101.0,101.2,0.0
2024-01-19 09:30:00-05:00,101.0199966430664,101.04000091552734,99.66999816894531,100.16999816894531,1920784.0
2024-01-19 10:30:00-05:00,100.1500015258789,100.7300033569336,100.04000091552734,100.6500015258789,719175.0
2024-01-19 11:30:00-05:00,100.6500015258789,101.11000061035156,100.61000061035156,100.95999908447266,597270.0
2024-01-19 12:30:00-05:00,100.96499633789062,101.45549774169922,100.96499633789062,101.39559936523438,753073.0
2024-01-19 13:30:00-05:00,101.40599822998047,102.12999725341797,101.38999938964844,102.12999725341797,982270.0
2024-01-19 14:30:00-05:00,102.13999938964844,102.18000030517578,101.58999633789062,101.6050033569336,1042562.0
2024-01-19 15:30:00-05:00,101.60199737548828,101.80000305175781,101.55000305175781,101.80000305175781,1028266.0
2024-01-19 16:00:00-05:00,101.78,101.8,100.9,101.75,0.0
2024-01-19 17:00:00-05:00,101.78,101.79,100.9,101.79,0.0
2024-01-19 18:00:00-05:00,101.8,101.8,100.67,101.65,0.0
2024-01-22 04:00:00-05:00,102.0,102.21,101.8,102.03,0.0
2024-01-22 05:00:00-05:00,101.99,102.23,101.8,102.1,0.0
2024-01-22 06:00:00-05:00,102.07,102.12,101.85,101.9,0.0
2024-01-22 07:00:00-05:00,101.9,102.08,101.88,101.96,0.0
2024-01-22 08:00:00-05:00,102.0,102.2,101.83,102.0,0.0
2024-01-22 09:00:00-05:00,101.99,102.1,101.78,101.99,0.0
2024-01-22 09:30:00-05:00,101.75,101.80999755859375,100.66000366210938,100.91999816894531,1846859.0
2024-01-22 10:30:00-05:00,100.94000244140625,100.99500274658203,100.55010223388672,100.88999938964844,1012272.0
2024-01-22 11:30:00-05:00,100.88999938964844,100.96990203857422,100.51499938964844,100.73500061035156,767297.0
2024-01-22 12:30:00-05:00,100.73500061035156,100.76000213623047,100.08999633789062,100.1050033569336,779018.0
2024-01-22 13:30:00-05:00,100.0999984741211,100.62999725341797,100.08999633789062,100.46499633789062,1011383.0
2024-01-22 14:30:00-05:00,100.46499633789062,100.66000366210938,100.36000061035156,100.65499877929688,806810.0
2024-01-22 15:30:00-05:00,100.65499877929688,100.68000030517578,100.44000244140625,100.55000305175781,1383250.0
2024-01-22 16:00:00-05:00,100.56,100.69,100.36,100.67,0.0
2024-01-22 17:00:00-05:00,100.56,100.67,100.52,100.6,0.0
2024-01-22 18:00:00-05:00,100.6,100.67,100.52,100.6,0.0
2024-01-23 04:00:00-05:00,100.66,100.84,100.56,100.78,0.0
2024-01-23 05:00:00-05:00,100.79,100.79,100.56,100.74,0.0
2024-01-23 06:00:00-05:00,100.75,100.75,100.5,100.7,0.0
2024-01-23 07:00:00-05:00,100.7,101.25,100.0,100.35,0.0
2024-01-23 08:00:00-05:00,100.51,101.0,100.18,100.65,0.0
2024-01-23 09:00:00-05:00,100.67,101.0,100.61,101.0,0.0
2024-01-23 09:30:00-05:00,101.62999725341797,102.13999938964844,101.25,101.41000366210938,1258916.0
2024-01-23 10:30:00-05:00,101.4000015258789,101.88500213623047,101.2300033569336,101.87999725341797,826010.0
2024-01-23 11:30:00-05:00,101.87999725341797,101.88999938964844,101.41999816894531,101.56999969482422,580202.0
2024-01-23 12:30:00-05:00,101.56500244140625,101.86000061035156,101.44499969482422,101.7699966430664,636070.0
2024-01-23 13:30:00-05:00,101.77999877929688,101.80999755859375,101.5199966430664,101.625,631250.0
2024-01-23 14:30:00-05:00,101.59500122070312,102.08999633789062,101.47000122070312,101.98500061035156,1153360.0
2024-01-23 15:30:00-05:00,101.98500061035156,101.99500274658203,101.75,101.9000015258789,1068274.0
2024-01-23 16:00:00-05:00,101.9,102.01,101.6,101.95,0.0
2024-01-23 17:00:00-05:00,101.88,102.16,101.87,101.9,0.0
2024-01-23 18:00:00-05:00,101.89,102.16,101.89,102.1,0.0
2024-01-24 04:00:00-05:00,101.5,102.4,101.3,101.67,0.0
2024-01-24 05:00:00-05:00,101.6,101.69,101.4,101.68,0.0
2024-01-24 06:00:00-05:00,101.68,101.7,101.52,101.68,0.0
2024-01-24 07:00:00-05:00,101.67,101.9,101.47,101.5,0.0
2024-01-24 08:00:00-05:00,101.47,102.3,101.34,101.75,0.0
2024-01-24 09:00:00-05:00,101.5,101.9,101.47,101.7,0.0
2024-01-24 09:30:00-05:00,101.77999877929688,101.77999877929688,101.02999877929688,101.41000366210938,1425930.0
2024-01-24 10:30:00-05:00,101.410400390625,101.80000305175781,101.30000305175781,101.54499816894531,870444.0
2024-01-24 11:30:00-05:00,101.54499816894531,101.7699966430664,101.25,101.31919860839844,789333.0
2024-01-24 12:30:00-05:00,101.33499908447266,101.44499969482422,100.94000244140625,101.06999969482422,671830.0
2024-01-24 13:30:00-05:00,101.08000183105469,101.18000030517578,100.94999694824219,101.0199966430664,611511.0
2024-01-24 14:30:00-05:00,101.01000213623047,101.29000091552734,100.96499633789062,101.0199966430664,776805.0
2024-01-24 15:30:00-05:00,101.0199966430664,101.04000091552734,100.69000244140625,100.81999969482422,1167815.0
2024-01-24 16:00:00-05:00,100.82,101.09,100.56,100.67,0.0
2024-01-24 17:00:00-05:00,100.97,100.99,100.61,100.98,0.0
2024-01-24 18:00:00-05:00,100.96,100.98,100.68,100.85,0.0
2024-01-25 04:00:00-05:00,100.91,101.0,100.75,100.9,0.0
2024-01-25 05:00:00-05:00,100.9,100.9,100.76,100.77,0.0
2024-01-25 06:00:00-05:00,100.77,101.4,100.76,101.38,0.0
2024-01-25 07:00:00-05:00,101.39,101.54,100.75,100.95,0.0
2024-01-25 08:00:00-05:00,101.1,101.36,100.65,101.06,0.0
2024-01-25 09:00:00-05:00,101.07,101.95,101.06,101.89,0.0
2024-01-25 09:30:00-05:00,101.52999877929688,101.73999786376953,101.0,101.13500213623047,1648126.0
2024-01-25 10:30:00-05:00,101.13500213623047,101.16999816894531,100.4749984741211,100.83000183105469,733644.0
2024-01-25 11:30:00-05:00,100.83999633789062,100.98999786376953,100.62999725341797,100.62999725341797,1382853.0
2024-01-25 12:30:00-05:00,100.62999725341797,100.68000030517578,100.2300033569336,100.50499725341797,855213.0
2024-01-25 13:30:00-05:00,100.50499725341797,100.66000366210938,100.13999938964844,100.18000030517578,1951468.0
2024-01-25 14:30:00-05:00,100.18499755859375,100.52999877929688,100.08999633789062,100.4800033569336,1032758.0
2024-01-25 15:30:00-05:00,100.4749984741211,100.87999725341797,100.45999908447266,100.7699966430664,1484531.0
2024-01-25 16:00:00-05:00,100.77,101.0,100.48,100.63,0.0
2024-01-25 17:00:00-05:00,100.55,100.77,100.53,100.73,0.0
2024-01-25 18:00:00-05:00,100.7,100.75,100.5,100.75,0.0
2024-01-26 04:00:00-05:00,100.63,100.88,100.5,100.51,0.0
2024-01-26 05:00:00-05:00,100.57,101.0,100.51,100.83,0.0
2024-01-26 06:00:00-05:00,100.83,101.01,100.67,100.9,0.0
2024-01-26 07:00:00-05:00,100.87,101.16,100.84,101.03,0.0
2024-01-26 08:00:00-05:00,101.03,101.17,100.34,101.03,0.0
2024-01-26 09:00:00-05:00,101.13,101.61,100.9,101.33,0.0
2024-01-26 09:30:00-05:00,101.56999969482422,102.70999908447266,101.22000122070312,102.53500366210938,1770593.0
2024-01-26 10:30:00-05:00,102.48999786376953,102.83000183105469,102.41000366210938,102.67500305175781,1040423.0
2024-01-26 11:30:00-05:00,102.68000030517578,103.2699966430664,102.68000030517578,102.98999786376953,1126703.0
2024-01-26 12:30:00-05:00,102.98999786376953,102.99500274658203,102.5999984741211,102.82499694824219,653666.0
2024-01-26 13:30:00-05:00,102.82499694824219,102.95999908447266,102.60900115966797,102.61499786376953,754424.0
2024-01-26 14:30:00-05:00,102.61499786376953,102.90499877929688,102.55500030517578,102.71499633789062,803752.0
2024-01-26 15:30:00-05:00,102.70999908447266,102.76000213623047,102.54049682617188,102.73999786376953,1409816.0
2024-01-26 16:00:00-05:00,102.74,102.8,102.53,102.61,0.0
2024-01-26 17:00:00-05:00,102.61,102.75,102.55,102.55,0.0
2024-01-26 18:00:00-05:00,102.69,102.7,102.55,102.55,0.0
2024-01-29 04:00:00-05:00,102.89,103.22,102.74,103.0,0.0
2024-01-29 05:00:00-05:00,102.9,103.0,102.7,102.7,0.0
2024-01-29 06:00:00-05:00,102.7,102.75,102.52,102.7,0.0
2024-01-29 07:00:00-05:00,102.7,102.85,102.47,102.75,0.0
2024-01-29 08:00:00-05:00,102.8,103.2,102.52,102.7,0.0
2024-01-29 09:00:00-05:00,102.7,102.98,102.63,102.85,0.0
2024-01-29 09:30:00-05:00,102.87999725341797,103.0999984741211,101.33999633789062,102.19999694824219,1931740.0
2024-01-29 10:30:00-05:00,102.20999908447266,102.58999633789062,102.0,102.25,1122742.0
2024-01-29 11:30:00-05:00,102.25499725341797,102.58000183105469,102.23999786376953,102.56500244140625,645480.0
2024-01-29 12:30:00-05:00,102.56500244140625,102.9800033569336,102.55500030517578,102.9749984741211,664082.0
2024-01-29 13:30:00-05:00,102.9749984741211,103.25499725341797,102.82499694824219,103.2249984741211,601441.0
2024-01-29 14:30:00-05:00,103.2249984741211,103.61000061035156,103.12830352783203,103.49980163574219,1256054.0
2024-01-29 15:30:00-05:00,103.50499725341797,104.01000213623047,103.49569702148438,103.87999725341797,1418851.0
2024-01-29 16:00:00-05:00,103.88,104.01,102.5435,103.82,0.0
2024-01-29 17:00:00-05:00,101.565,103.88,101.565,103.72,0.0
2024-01-29 18:00:00-05:00,103.722,103.89,103.65,103.84,0.0
2024-01-30 04:00:00-05:00,103.75,103.94,103.75,103.86,0.0
2024-01-30 05:00:00-05:00,103.91,103.91,103.7,103.86,0.0
2024-01-30 06:00:00-05:00,103.89,103.93,103.7,103.7,0.0
2024-01-30 07:00:00-05:00,103.7,103.89,103.65,103.84,0.0
2024-01-30 08:00:00-05:00,103.78,103.89,103.6004,103.66,0.0
2024-01-30 09:00:00-05:00,103.7762,104.25,103.6,103.98,0.0
2024-01-30 09:30:00-05:00,103.33999633789062,104.16000366210938,103.25,103.8949966430664,1506300.0
2024-01-30 10:30:00-05:00,103.88500213623047,104.08999633789062,103.68000030517578,103.82499694824219,647934.0
2024-01-30 11:30:00-05:00,103.82499694824219,103.91500091552734,103.12999725341797,103.30999755859375,1255323.0
2024-01-30 12:30:00-05:00,103.30000305175781,103.69499969482422,103.27999877929688,103.68499755859375,641592.0
2024-01-30 13:30:00-05:00,103.69499969482422,103.84500122070312,103.5999984741211,103.83499908447266,662436.0
2024-01-30 14:30:00-05:00,103.83999633789062,104.21499633789062,103.83499908447266,104.20999908447266,728184.0
2024-01-30 15:30:00-05:00,104.22000122070312,104.30999755859375,103.97000122070312,104.18000030517578,1014951.0
2024-01-30 16:00:00-05:00,104.18,104.23,103.7,103.93,0.0
2024-01-30 17:00:00-05:00,103.93,104.09,103.41,103.873,0.0
2024-01-30 18:00:00-05:00,103.73,104.23,103.63,103.73,0.0
2024-01-31 04:00:00-05:00,104.5,104.5,103.8,104.26,0.0
2024-01-31 05:00:00-05:00,104.2,104.3,103.83,104.28,0.0
2024-01-31 06:00:00-05:00,103.74,104.23,103.7,103.85,0.0
2024-01-31 07:00:00-05:00,103.9,104.17,103.84,103.9,0.0
2024-01-31 08:00:00-05:00,103.9,104.75,103.65,103.97,0.0
2024-01-31 09:00:00-05:00,104.02,104.3,103.77,104.18,0.0
2024-01-31 09:30:00-05:00,104.08999633789062,104.30000305175781,103.0999984741211,103.68000030517578,1246462.0
2024-01-31 10:30:00-05:00,103.69499969482422,103.91999816894531,103.5999984741211,103.69999694824219,555952.0
2024-01-31 11:30:00-05:00,103.69999694824219,103.77999877929688,103.30500030517578,103.43000030517578,1056819.0
2024-01-31 12:30:00-05:00,103.41999816894531,103.47000122070312,101.47000122070312,102.19499969482422,2884297.0
2024-01-31 13:30:00-05:00,102.19499969482422,102.48999786376953,101.86499786376953,101.97000122070312,857058.0
2024-01-31 14:30:00-05:00,101.97000122070312,102.62000274658203,101.12000274658203,101.63999938964844,1549262.0
2024-01-31 15:30:00-05:00,101.63999938964844,101.82499694824219,101.51000213623047,101.51000213623047,1744257.0
2024-01-31 16:00:00-05:00,101.59,101.76,101.3206,101.57,0.0
2024-01-31 17:00:00-05:00,101.58,101.74,101.55,101.7,0.0
2024-01-31 18:00:00-05:00,101.7,101.74,101.54,101.69,0.0
2024-02-01 04:00:00-05:00,101.5,101.9,101.5,101.68,0.0
2024-02-01 05:00:00-05:00,101.66,101.77,101.49,101.71,0.0
2024-02-01 06:00:00-05:00,101.72,101.95,101.72,101.94,0.0
2024-02-01 07:00:00-05:00,101.71,102.01,101.71,102.01,0.0
2024-02-01 08:00:00-05:00,102.01,102.2,101.5,101.93,0.0
2024-02-01 09:00:00-05:00,101.89,102.1,101.7,102.0,0.0
2024-02-01 09:30:00-05:00,101.77999877929688,102.24939727783203,101.30999755859375,102.0,1523226.0
2024-02-01 10:30:00-05:00,101.97000122070312,102.13999938964844,100.61000061035156,100.83000183105469,1224944.0
2024-02-01 11:30:00-05:00,100.82499694824219,101.45500183105469,100.82129669189453,101.08000183105469,773245.0
2024-02-01 12:30:00-05:00,101.08000183105469,101.75,101.01499938964844,101.2300033569336,557331.0
2024-02-01 13:30:00-05:00,101.2300033569336,101.30999755859375,100.86499786376953,101.11000061035156,867198.0
2024-02-01 14:30:00-05:00,101.11000061035156,101.62000274658203,101.0,101.62000274658203,809827.0
2024-02-01 15:30:00-05:00,101.62999725341797,101.77999877929688,101.5199966430664,101.76000213623047,1003756.0
2024-02-01 16:00:00-05:00,101.76,101.77,101.52,101.7098,0.0
2024-02-01 17:00:00-05:00,101.71,101.8,101.5,101.79,0.0
2024-02-01 18:00:00-05:00,101.79,102.0,101.51,101.9,0.0
2024-02-02 04:00:00-05:00,102.0,102.03,101.77,101.77,0.0
2024-02-02 05:00:00-05:00,101.81,101.81,101.6,101.7,0.0
2024-02-02 06:00:00-05:00,101.7,101.93,101.7,101.82,0.0
2024-02-02 07:00:00-05:00,101.82,101.94,101.58,101.66,0.0
2024-02-02 08:00:00-05:00,101.67,102.2,101.54,101.72,0.0
2024-02-02 09:00:00-05:00,101.72,101.75,101.03,101.35,0.0
2024-02-02 09:30:00-05:00,100.06999969482422,100.32990264892578,99.43000030517578,100.22000122070312,2126644.0
2024-02-02 10:30:00-05:00,100.2136001586914,100.3499984741211,99.83999633789062,100.1500015258789,1330594.0
2024-02-02 11:30:00-05:00,100.1449966430664,100.6500015258789,100.13999938964844,100.58499908447266,831058.0
2024-02-02 12:30:00-05:00,100.59500122070312,101.0999984741211,100.29499816894531,100.93499755859375,686114.0
2024-02-02 13:30:00-05:00,100.94999694824219,101.40989685058594,100.91000366210938,101.24500274658203,705144.0
2024-02-02 14:30:00-05:00,101.25,101.3550033569336,100.93000030517578,101.01499938964844,944864.0
2024-02-02 15:30:00-05:00,101.0199966430664,101.0250015258789,100.58999633789062,100.70999908447266,1252557.0
2024-02-02 16:00:00-05:00,100.71,100.91,100.65,100.78,0.0
2024-02-02 17:00:00-05:00,100.78,101.0,100.68,100.68,0.0
2024-02-02 18:00:00-05:00,100.68,101.06,100.68,100.71,0.0
2024-02-05 04:00:00-05:00,102.0,102.0,100.62,100.69,0.0
2024-02-05 05:00:00-05:00,100.6,100.86,100.4,100.51,0.0
2024-02-05 06:00:00-05:00,100.7,100.85,100.33,100.47,0.0
2024-02-05 07:00:00-05:00,100.69,101.1,100.5,100.58,0.0
2024-02-05 08:00:00-05:00,100.58,101.18,100.15,100.66,0.0
2024-02-05 09:00:00-05:00,100.66,100.88,99.78,100.63,0.0
2024-02-05 09:30:00-05:00,100.5,100.58999633789062,99.0531005859375,99.37000274658203,2313694.0
2024-02-05 10:30:00-05:00,99.37999725341797,99.63999938964844,99.09500122070312,99.44999694824219,1263391.0
2024-02-05 11:30:00-05:00,99.45999908447266,99.94499969482422,99.2699966430664,99.83999633789062,1044178.0
2024-02-05 12:30:00-05:00,99.8499984741211,99.94999694824219,99.50499725341797,99.57499694824219,937913.0
2024-02-05 13:30:00-05:00,99.56999969482422,99.82749938964844,99.56099700927734,99.69000244140625,693386.0
2024-02-05 14:30:00-05:00,99.69000244140625,100.0,99.54000091552734,99.81999969482422,1101879.0
2024-02-05 15:30:00-05:00,99.81500244140625,99.83809661865234,99.45999908447266,99.66999816894531,1267706.0
2024-02-05 16:00:00-05:00,99.67,99.95,99.66,99.77,0.0
2024-02-05 17:00:00-05:00,99.78,99.79,99.5,99.79,0.0
2024-02-05 18:00:00-05:00,99.77,99.79,99.64,99.74,0.0
2024-02-06 04:00:00-05:00,99.75,101.06,99.7,100.5,0.0
2024-02-06 05:00:00-05:00,100.49,100.5,100.0,100.07,0.0
2024-02-06 06:00:00-05:00,100.07,100.26,99.91,100.24,0.0
2024-02-06 07:00:00-05:00,100.24,100.25,99.76,99.9,0.0
2024-02-06 08:00:00-05:00,99.9,100.32,99.54,99.94,0.0
2024-02-06 09:00:00-05:00,99.94,100.0,99.73,99.99,0.0
2024-02-06 09:30:00-05:00,99.5,102.01000213623047,99.12999725341797,101.6050033569336,3201133.0
2024-02-06 10:30:00-05:00,101.61000061035156,102.1500015258789,101.55000305175781,102.08999633789062,1250340.0
2024-02-06 11:30:00-05:00,102.0999984741211,102.45989990234375,102.05999755859375,102.29000091552734,902894.0
2024-02-06 12:30:00-05:00,102.30000305175781,102.33000183105469,101.73999786376953,101.87999725341797,619474.0
2024-02-06 13:30:00-05:00,101.88999938964844,102.33999633789062,101.78500366210938,102.07499694824219,700537.0
2024-02-06 14:30:00-05:00,102.07499694824219,102.38500213623047,101.94000244140625,102.2750015258789,829171.0
2024-02-06 15:30:00-05:00,102.27780151367188,102.62999725341797,102.14009857177734,102.62000274658203,1371732.0
2024-02-06 16:00:00-05:00,102.61,102.7,102.26,102.54,0.0
2024-02-06 17:00:00-05:00,102.39,102.45,101.83,101.99,0.0
2024-02-06 18:00:00-05:00,101.92,102.3,101.88,102.12,0.0
2024-02-07 04:00:00-05:00,102.62,102.95,102.16,102.19,0.0
2024-02-07 05:00:00-05:00,102.2,102.47,102.19,102.25,0.0
2024-02-07 06:00:00-05:00,102.25,102.33,102.0,102.0,0.0
2024-02-07 07:00:00-05:00,102.01,102.3,101.64,102.0,0.0
2024-02-07 08:00:00-05:00,101.95,102.66,101.46,102.34,0.0
2024-02-07 09:00:00-05:00,102.33,102.88,101.835,102.88,0.0
2024-02-07 09:30:00-05:00,102.38999938964844,103.70999908447266,102.3499984741211,103.51000213623047,1448009.0
2024-02-07 10:30:00-05:00,103.47000122070312,103.62000274658203,103.16999816894531,103.36000061035156,1210230.0
2024-02-07 11:30:00-05:00,103.37000274658203,103.73999786376953,103.16999816894531,103.66000366210938,639389.0
2024-02-07 12:30:00-05:00,103.63999938964844,104.0,103.56500244140625,103.93000030517578,1164202.0
2024-02-07 13:30:00-05:00,103.93000030517578,104.33999633789062,103.87079620361328,104.08499908447266,856114.0
2024-02-07 14:30:00-05:00,104.08999633789062,104.12000274658203,103.80500030517578,103.83499908447266,691829.0
2024-02-07 15:30:00-05:00,103.83000183105469,103.95500183105469,103.6500015258789,103.79000091552734,1111042.0
2024-02-07 16:00:00-05:00,103.79,103.98,103.65,103.71,0.0
2024-02-07 17:00:00-05:00,103.77,103.98,103.6,103.78,0.0
2024-02-07 18:00:00-05:00,103.78,103.98,103.75,103.75,0.0
2024-02-08 04:00:00-05:00,103.75,103.82,103.58,103.82,0.0
2024-02-08 05:00:00-05:00,103.82,103.87,103.65,103.8,0.0
2024-02-08 06:00:00-05:00,103.8,103.81,103.5,103.57,0.0
2024-02-08 07:00:00-05:00,103.5,104.31,103.32,104.0,0.0
2024-02-08 08:00:00-05:00,104.27,104.44,103.5,104.32,0.0
2024-02-08 09:00:00-05:00,104.32,104.58,104.2,104.22,0.0
2024-02-08 09:30:00-05:00,104.43000030517578,104.95999908447266,104.04000091552734,104.5,1031556.0
2024-02-08 10:30:00-05:00,104.5,104.52999877929688,103.2300033569336,103.37999725341797,1100634.0
2024-02-08 11:30:00-05:00,103.37030029296875,103.66999816894531,103.04499816894531,103.62000274658203,735910.0
2024-02-08 12:30:00-05:00,103.62249755859375,103.87999725341797,103.44999694824219,103.60790252685547,627779.0
2024-02-08 13:30:00-05:00,103.6050033569336,103.99520111083984,103.55000305175781,103.87000274658203,672207.0
2024-02-08 14:30:00-05:00,103.86499786376953,104.0,103.62010192871094,103.65499877929688,548509.0
2024-02-08 15:30:00-05:00,103.65499877929688,103.79000091552734,103.5250015258789,103.7699966430664,836271.0
2024-02-08 16:00:00-05:00,103.77,103.93,103.5,103.93,0.0
2024-02-08 17:00:00-05:00,103.78,104.08,103.75,103.75,0.0
2024-02-08 18:00:00-05:00,103.75,103.99,103.75,103.99,0.0
2024-02-09 04:00:00-05:00,103.71,103.85,103.6,103.85,0.0
2024-02-09 05:00:00-05:00,103.85,104.0,103.77,103.77,0.0
2024-02-09 06:00:00-05:00,103.85,103.99,103.78,103.92,0.0
2024-02-09 07:00:00-05:00,103.92,104.05,103.78,103.9,0.0
2024-02-09 08:00:00-05:00,103.97,104.08,103.09,103.9,0.0
2024-02-09 09:00:00-05:00,103.75,104.28,103.69,103.69,0.0
2024-02-09 09:30:00-05:00,103.5199966430664,104.0999984741211,103.37000274658203,103.86000061035156,863227.0
2024-02-09 10:30:00-05:00,103.86000061035156,104.01000213623047,103.62000274658203,103.73999786376953,591115.0
2024-02-09 11:30:00-05:00,103.73500061035156,104.12999725341797,103.58260345458984,104.11000061035156,581024.0
2024-02-09 12:30:00-05:00,104.1050033569336,104.17500305175781,103.93000030517578,104.04000091552734,560413.0
2024-02-09 13:30:00-05:00,104.04000091552734,104.80500030517578,103.91000366210938,104.63690185546875,642177.0
2024-02-09 14:30:00-05:00,104.63500213623047,104.94000244140625,104.55999755859375,104.6613998413086,640886.0
2024-02-09 15:30:00-05:00,104.66500091552734,104.68000030517578,104.41000366210938,104.48999786376953,547996.0
2024-02-09 16:00:00-05:00,104.5,104.631,104.31,104.48,0.0
2024-02-09 17:00:00-05:00,104.48,104.5,104.32,104.45,0.0
2024-02-09 18:00:00-05:00,104.46,104.49,104.32,104.49,0.0
2024-02-12 04:00:00-05:00,104.23,105.0,104.21,104.4,0.0
2024-02-12 05:00:00-05:00,104.22,104.46,104.22,104.4,0.0
2024-02-12 06:00:00-05:00,104.39,104.46,104.26,104.39,0.0
2024-02-12 07:00:00-05:00,104.39,104.51,104.28,104.49,0.0
2024-02-12 08:00:00-05:00,104.3,104.75,104.1,104.44,0.0
2024-02-12 09:00:00-05:00,104.37,104.64,103.495,104.4,0.0
2024-02-12 09:30:00-05:00,104.73999786376953,106.68049621582031,104.6449966430664,106.58000183105469,1161513.0
2024-02-12 10:30:00-05:00,106.58999633789062,106.77999877929688,106.38999938964844,106.43000030517578,690336.0
2024-02-12 11:30:00-05:00,106.43000030517578,106.69999694824219,106.18399810791016,106.22789764404297,671241.0
2024-02-12 12:30:00-05:00,106.2249984741211,106.80000305175781,106.20999908447266,106.79000091552734,566848.0
2024-02-12 13:30:00-05:00,106.77999877929688,106.95500183105469,106.57499694824219,106.66500091552734,559463.0
2024-02-12 14:30:00-05:00,106.66500091552734,106.91000366210938,106.34130096435547,106.82209777832031,754027.0
2024-02-12 15:30:00-05:00,106.82499694824219,107.43000030517578,106.80500030517578,107.19000244140625,1338644.0
2024-02-12 16:00:00-05:00,107.18,107.24,106.8,106.86,0.0
2024-02-12 17:00:00-05:00,106.86,107.02,106.8,107.0,0.0
2024-02-12 18:00:00-05:00,107.0,107.0,106.8,107.0,0.0
2024-02-13 04:00:00-05:00,106.42,107.28,106.34,106.5,0.0
2024-02-13 05:00:00-05:00,106.5,106.62,106.38,106.5,0.0
2024-02-13 06:00:00-05:00,106.5,106.66,106.22,106.66,0.0
2024-02-13 07:00:00-05:00,106.66,106.7,106.06,106.31,0.0
2024-02-13 08:00:00-05:00,106.16,107.06,106.02,106.4,0.0
2024-02-13 09:00:00-05:00,106.39,107.18,104.71,105.01,0.0
2024-02-13 09:30:00-05:00,104.98999786376953,105.80000305175781,104.24500274658203,105.0199966430664,1440638.0
2024-02-13 10:30:00-05:00,105.0199966430664,105.34500122070312,104.6500015258789,105.08999633789062,679540.0
2024-02-13 11:30:00-05:00,105.12000274658203,105.23999786376953,104.9000015258789,105.1500015258789,560676.0
2024-02-13 12:30:00-05:00,105.13999938964844,105.44999694824219,105.08999633789062,105.44999694824219,408946.0
2024-02-13 13:30:00-05:00,105.44999694824219,105.51000213623047,104.83000183105469,104.83000183105469,550249.0
2024-02-13 14:30:00-05:00,104.83999633789062,105.0250015258789,104.62000274658203,104.83000183105469,560934.0
2024-02-13 15:30:00-05:00,104.82499694824219,105.11499786376953,104.72000122070312,105.01000213623047,1095098.0
2024-02-13 16:00:00-05:00,105.0,105.28,104.17331,105.18,0.0
2024-02-13 17:00:00-05:00,105.1,105.21,105.0,105.01,0.0
2024-02-13 18:00:00-05:00,105.01,105.2,105.0,105.02,0.0
2024-02-14 04:00:00-05:00,105.02,105.1,105.02,105.1,0.0
2024-02-14 05:00:00-05:00,105.04,105.47,105.04,105.47,0.0
2024-02-14 06:00:00-05:00,105.53,105.53,105.25,105.4,0.0
2024-02-14 07:00:00-05:00,105.3,105.45,105.3,105.45,0.0
2024-02-14 08:00:00-05:00,105.37,106.5,104.97,105.89,0.0
2024-02-14 09:00:00-05:00,105.75,106.0,104.6786,104.93,0.0
2024-02-14 09:30:00-05:00,104.81999969482422,105.70999908447266,104.54000091552734,105.44999694824219,1224321.0
2024-02-14 10:30:00-05:00,105.4800033569336,105.5250015258789,104.45999908447266,105.135498046875,686532.0
2024-02-14 11:30:00-05:00,105.13500213623047,105.16000366210938,104.6449966430664,105.0199966430664,548395.0
2024-02-14 12:30:00-05:00,105.02999877929688,105.31999969482422,104.99500274658203,105.19999694824219,459086.0
2024-02-14 13:30:00-05:00,105.20500183105469,105.76499938964844,105.20500183105469,105.76499938964844,449503.0
2024-02-14 14:30:00-05:00,105.77999877929688,106.26000213623047,105.68299865722656,106.17500305175781,686378.0
2024-02-14 15:30:00-05:00,106.18000030517578,106.41999816894531,106.11499786376953,106.30999755859375,864180.0
2024-02-14 16:00:00-05:00,106.33,106.45,104.94,106.32,0.0
2024-02-14 17:00:00-05:00,106.45,106.5,106.3,106.3,0.0
2024-02-14 18:00:00-05:00,106.5,106.5,106.3,106.34,0.0
2024-02-15 04:00:00-05:00,106.31,106.59,106.03,106.08,0.0
2024-02-15 05:00:00-05:00,106.08,106.65,106.03,106.32,0.0
2024-02-15 06:00:00-05:00,106.34,106.4,106.0,106.08,0.0
2024-02-15 07:00:00-05:00,106.16,106.81,106.04,106.48,0.0
2024-02-15 08:00:00-05:00,106.36,106.87,105.9385,106.03,0.0
2024-02-15 09:00:00-05:00,106.3,107.0,105.84,106.68,0.0
2024-02-15 09:30:00-05:00,107.0199966430664,107.33999633789062,106.66999816894531,106.69000244140625,1154782.0
2024-02-15 10:30:00-05:00,106.66999816894531,106.68000030517578,106.18000030517578,106.30000305175781,525979.0
2024-02-15 11:30:00-05:00,106.29000091552734,106.97599792480469,106.18000030517578,106.97000122070312,1344527.0
2024-02-15 12:30:00-05:00,106.95999908447266,107.05999755859375,106.37999725341797,106.51000213623047,761830.0
2024-02-15 13:30:00-05:00,106.51000213623047,106.58999633789062,106.12000274658203,106.2300033569336,654241.0
2024-02-15 14:30:00-05:00,106.22760009765625,106.2750015258789,105.83000183105469,105.98500061035156,764066.0
2024-02-15 15:30:00-05:00,105.98999786376953,106.11000061035156,105.86000061035156,106.02999877929688,1093603.0
2024-02-15 16:00:00-05:00,106.05,106.39,105.7,106.08,0.0
2024-02-15 17:00:00-05:00,106.1,106.34,105.52,106.05,0.0
2024-02-15 18:00:00-05:00,105.66,106.39,105.2,106.1978,0.0
2024-02-16 04:00:00-05:00,105.59,105.59,105.25,105.27,0.0
2024-02-16 05:00:00-05:00,105.3,105.49,105.21,105.26,0.0
2024-02-16 06:00:00-05:00,105.26,105.5,105.26,105.36,0.0
2024-02-16 07:00:00-05:00,105.31,105.36,105.02,105.04,0.0
2024-02-16 08:00:00-05:00,105.03,106.46,104.61,104.75,0.0
2024-02-16 09:00:00-05:00,104.74,107.115,104.16,104.8,0.0
2024-02-16 09:30:00-05:00,104.62999725341797,104.69999694824219,101.70999908447266,102.26000213623047,4657940.0
2024-02-16 10:30:00-05:00,102.26000213623047,102.61000061035156,101.6500015258789,102.27999877929688,2076994.0
2024-02-16 11:30:00-05:00,102.27999877929688,103.00029754638672,102.16000366210938,102.91000366210938,1921009.0
2024-02-16 12:30:00-05:00,102.91999816894531,103.2499008178711,102.7750015258789,103.2499008178711,881328.0
2024-02-16 13:30:00-05:00,103.24230194091797,103.69999694824219,103.11499786376953,103.66000366210938,684714.0
2024-02-16 14:30:00-05:00,103.68000030517578,103.90499877929688,103.21990203857422,103.89219665527344,1193879.0
2024-02-16 15:30:00-05:00,103.88999938964844,103.88999938964844,103.5,103.51000213623047,1962346.0
2024-02-16 16:00:00-05:00,103.51,103.74,103.39,103.63,0.0
2024-02-16 17:00:00-05:00,103.61,103.75,103.51,103.6,0.0
2024-02-16 18:00:00-05:00,103.6,103.75,103.41,103.75,0.0
2024-02-20 04:00:00-05:00,103.43,103.43,102.84,102.97,0.0
2024-02-20 05:00:00-05:00,102.97,103.02,102.8,102.85,0.0
2024-02-20 06:00:00-05:00,102.85,103.0,102.8,102.8,0.0
2024-02-20 07:00:00-05:00,102.81,103.35,102.8,103.09,0.0
2024-02-20 08:00:00-05:00,103.09,103.42,102.72,103.22,0.0
2024-02-20 09:00:00-05:00,103.15,103.33,102.95,102.97,0.0
2024-02-20 09:30:00-05:00,102.51000213623047,102.9000015258789,102.16999816894531,102.51000213623047,1476430.0
2024-02-20 10:30:00-05:00,102.5199966430664,102.9749984741211,102.27999877929688,102.80999755859375,744057.0
2024-02-20 11:30:00-05:00,102.80000305175781,103.83999633789062,102.69000244140625,103.36000061035156,1266662.0
2024-02-20 12:30:00-05:00,103.36000061035156,103.37000274658203,102.95999908447266,103.18000030517578,643980.0
2024-02-20 13:30:00-05:00,103.17500305175781,103.30000305175781,103.02999877929688,103.19999694824219,585251.0
2024-02-20 14:30:00-05:00,103.20999908447266,103.49500274658203,103.05000305175781,103.47000122070312,717549.0
2024-02-20 15:30:00-05:00,103.4749984741211,103.49970245361328,103.05120086669922,103.33000183105469,1261413.0
2024-02-20 16:00:00-05:00,103.3,103.75,103.12,103.32,0.0
2024-02-20 17:00:00-05:00,103.22,103.5,103.01,103.3,0.0
2024-02-20 18:00:00-05:00,103.13,103.49,103.01,103.49,0.0
2024-02-21 04:00:00-05:00,103.16,103.16,103.07,103.15,0.0
2024-02-21 05:00:00-05:00,103.15,103.16,103.0,103.01,0.0
2024-02-21 06:00:00-05:00,103.03,103.15,103.01,103.09,0.0
2024-02-21 07:00:00-05:00,103.09,103.25,102.99,103.25,0.0
2024-02-21 08:00:00-05:00,103.23,103.26,102.84,103.2,0.0
2024-02-21 09:00:00-05:00,103.02,103.2,102.89,103.08,0.0
2024-02-21 09:30:00-05:00,103.3499984741211,104.13999938964844,102.93000030517578,104.13999938964844,1544875.0
2024-02-21 10:30:00-05:00,104.13999938964844,104.43000030517578,103.62999725341797,104.30180358886719,1160147.0
2024-02-21 11:30:00-05:00,104.30500030517578,105.05000305175781,104.1500015258789,104.97000122070312,1160844.0
2024-02-21 12:30:00-05:00,104.98600006103516,105.5199966430664,104.87010192871094,105.23999786376953,1190744.0
2024-02-21 13:30:00-05:00,105.25,105.4800033569336,104.94000244140625,105.0,904116.0
2024-02-21 14:30:00-05:00,105.0,105.06500244140625,104.54000091552734,104.75,817199.0
2024-02-21 15:30:00-05:00,104.75,105.31999969482422,104.74500274658203,105.30000305175781,1378139.0
2024-02-21 16:00:00-05:00,105.27,105.27,104.81,105.03,0.0
2024-02-21 17:00:00-05:00,105.13,105.3,105.03,105.26,0.0
2024-02-21 18:00:00-05:00,105.3,105.4,105.25,105.3901,0.0
2024-02-22 04:00:00-05:00,105.63,105.71,105.27,105.71,0.0
2024-02-22 05:00:00-05:00,105.71,105.9,105.64,105.7,0.0
2024-02-22 06:00:00-05:00,105.82,105.82,105.56,105.56,0.0
2024-02-22 07:00:00-05:00,105.6,105.9,105.58,105.75,0.0
2024-02-22 08:00:00-05:00,105.61,105.85,105.38,105.65,0.0
2024-02-22 09:00:00-05:00,105.66,105.85,102.48,105.83,0.0
2024-02-22 09:30:00-05:00,105.80000305175781,106.01000213623047,104.63999938964844,104.7957992553711,998277.0
2024-02-22 10:30:00-05:00,104.77999877929688,104.88999938964844,104.29000091552734,104.33000183105469,912827.0
2024-02-22 11:30:00-05:00,104.36000061035156,104.58000183105469,104.19020080566406,104.33999633789062,662092.0
2024-02-22 12:30:00-05:00,104.3499984741211,104.5,104.08000183105469,104.49500274658203,612085.0
2024-02-22 13:30:00-05:00,104.49500274658203,104.88999938964844,104.37000274658203,104.86000061035156,642664.0
2024-02-22 14:30:00-05:00,104.8499984741211,104.87000274658203,104.4478988647461,104.68499755859375,780964.0
2024-02-22 15:30:00-05:00,104.69000244140625,105.12999725341797,104.55000305175781,105.08000183105469,983932.0
2024-02-22 16:00:00-05:00,105.08,105.08,104.4,104.97,0.0
2024-02-22 17:00:00-05:00,104.97,104.97,104.87,104.88,0.0
2024-02-22 18:00:00-05:00,104.97,105.18,104.89,105.16,0.0
2024-02-23 04:00:00-05:00,104.95,104.99,104.73,104.81,0.0
2024-02-23 05:00:00-05:00,104.73,104.95,104.73,104.95,0.0
2024-02-23 06:00:00-05:00,104.94,104.94,104.8,104.9,0.0
2024-02-23 07:00:00-05:00,104.94,104.95,104.81,104.95,0.0
2024-02-23 08:00:00-05:00,104.95,105.18,104.67,105.18,0.0
2024-02-23 09:00:00-05:00,105.15,105.42,104.9,104.9,0.0
2024-02-23 09:30:00-05:00,105.26000213623047,106.5999984741211,105.19000244140625,106.52999877929688,1094718.0
2024-02-23 10:30:00-05:00,106.54000091552734,106.62000274658203,105.80000305175781,106.04000091552734,674160.0
2024-02-23 11:30:00-05:00,106.02999877929688,106.05999755859375,105.62000274658203,105.77999877929688,626706.0
2024-02-23 12:30:00-05:00,105.77999877929688,105.91999816894531,105.4800033569336,105.875,516281.0
2024-02-23 13:30:00-05:00,105.875,105.93000030517578,105.47000122070312,105.51000213623047,560892.0
2024-02-23 14:30:00-05:00,105.51000213623047,105.82499694824219,105.47000122070312,105.71499633789062,539675.0
2024-02-23 15:30:00-05:00,105.72000122070312,105.86000061035156,105.58999633789062,105.62000274658203,1037772.0
2024-02-23 16:00:00-05:00,105.63,105.88,104.8,105.58,0.0
2024-02-23 17:00:00-05:00,105.52,105.62,105.21,105.53,0.0
2024-02-23 18:00:00-05:00,105.21,105.62,105.21,105.27,0.0
2024-02-26 04:00:00-05:00,105.47,105.74,105.06,105.63,0.0
2024-02-26 05:00:00-05:00,105.46,105.68,105.39,105.52,0.0
2024-02-26 06:00:00-05:00,105.61,105.61,105.4,105.43,0.0
2024-02-26 07:00:00-05:00,105.44,105.67,105.42,105.6,0.0
2024-02-26 08:00:00-05:00,105.5,106.38,105.35,105.54,0.0
2024-02-26 09:00:00-05:00,105.5,105.6,105.3,105.44,0.0
2024-02-26 09:30:00-05:00,105.05500030517578,106.0999984741211,104.77999877929688,105.66500091552734,917019.0
2024-02-26 10:30:00-05:00,105.66999816894531,105.78710174560547,105.0,105.11000061035156,567846.0
2024-02-26 11:30:00-05:00,105.11000061035156,105.29000091552734,104.76000213623047,104.86499786376953,502627.0
2024-02-26 12:30:00-05:00,104.86000061035156,104.87000274658203,104.06999969482422,104.16000366210938,581406.0
2024-02-26 13:30:00-05:00,104.15499877929688,104.45999908447266,103.76000213623047,104.45050048828125,630320.0
2024-02-26 14:30:00-05:00,104.45989990234375,104.86000061035156,104.41999816894531,104.7300033569336,514580.0
2024-02-26 15:30:00-05:00,104.7300033569336,104.8550033569336,104.48999786376953,104.5250015258789,869235.0
2024-02-26 16:00:00-05:00,104.54,104.6827,104.44,104.48,0.0
2024-02-26 17:00:00-05:00,104.48,104.52,104.4,104.48,0.0
2024-02-26 18:00:00-05:00,104.48,104.5,104.4,104.5,0.0
2024-02-27 04:00:00-05:00,104.4,104.6,104.34,104.6,0.0
2024-02-27 05:00:00-05:00,104.58,104.74,104.47,104.51,0.0
2024-02-27 06:00:00-05:00,104.5,104.74,104.47,104.47,0.0
2024-02-27 07:00:00-05:00,104.54,104.8,104.46,104.77,0.0
2024-02-27 08:00:00-05:00,104.77,105.3,104.39,104.62,0.0
2024-02-27 09:00:00-05:00,104.5,104.77,104.4,104.7,0.0
2024-02-27 09:30:00-05:00,104.6500015258789,105.19999694824219,104.19999694824219,104.30000305175781,839245.0
2024-02-27 10:30:00-05:00,104.30000305175781,104.46499633789062,104.1050033569336,104.3550033569336,553530.0
2024-02-27 11:30:00-05:00,104.3550033569336,104.44999694824219,104.08000183105469,104.0999984741211,876259.0
2024-02-27 12:30:00-05:00,104.1050033569336,104.26000213623047,103.99500274658203,104.02999877929688,499412.0
2024-02-27 13:30:00-05:00,104.02999877929688,104.73999786376953,103.98999786376953,104.5199966430664,496369.0
2024-02-27 14:30:00-05:00,104.5199966430664,104.98500061035156,104.49500274658203,104.8949966430664,563839.0
2024-02-27 15:30:00-05:00,104.88999938964844,105.24500274658203,104.83999633789062,105.1500015258789,808978.0
2024-02-27 16:00:00-05:00,105.15,105.16,105.05,105.051,0.0
2024-02-27 17:00:00-05:00,105.07,105.3,105.07,105.21,0.0
2024-02-27 18:00:00-05:00,105.25,105.25,105.05,105.14,0.0
2024-02-28 04:00:00-05:00,104.95,105.1,104.66,104.99,0.0
2024-02-28 05:00:00-05:00,104.99,104.99,104.51,104.67,0.0
2024-02-28 06:00:00-05:00,104.63,104.67,104.63,104.67,0.0
2024-02-28 07:00:00-05:00,104.67,104.85,104.48,104.66,0.0
2024-02-28 08:00:00-05:00,104.51,104.96,104.4,104.48,0.0
2024-02-28 09:00:00-05:00,104.67,104.8,104.4,104.54,0.0
2024-02-28 09:30:00-05:00,104.0999984741211,104.5250015258789,103.69999694824219,104.3949966430664,777123.0
2024-02-28 10:30:00-05:00,104.3949966430664,105.1500015258789,104.37999725341797,105.05159759521484,486130.0
2024-02-28 11:30:00-05:00,105.05999755859375,105.44000244140625,104.98999786376953,105.01000213623047,497383.0
2024-02-28 12:30:00-05:00,105.0,105.02999877929688,104.52999877929688,104.93000030517578,404286.0
2024-02-28 13:30:00-05:00,104.93000030517578,105.00509643554688,104.61499786376953,104.68499755859375,373745.0
2024-02-28 14:30:00-05:00,104.69999694824219,104.70999908447266,104.33999633789062,104.46499633789062,369498.0
2024-02-28 15:30:00-05:00,104.46499633789062,104.53500366210938,104.2699966430664,104.33999633789062,639205.0
2024-02-28 16:00:00-05:00,104.35,104.78,104.1,104.28,0.0
2024-02-28 17:00:00-05:00,104.29,104.3,104.2,104.29,0.0
2024-02-28 18:00:00-05:00,104.3,104.34,104.2,104.2,0.0
2024-02-29 04:00:00-05:00,104.2,111.49,104.0,104.0,0.0
2024-02-29 05:00:00-05:00,104.0,104.32,103.99,104.32,0.0
2024-02-29 06:00:00-05:00,104.33,104.5,104.01,104.46,0.0
2024-02-29 07:00:00-05:00,104.34,104.46,104.11,104.13,0.0
2024-02-29 08:00:00-05:00,104.3,104.5,104.04,104.08,0.0
2024-02-29 09:00:00-05:00,104.18,105.27,104.05,105.27,0.0
2024-02-29 09:30:00-05:00,104.9800033569336,105.56999969482422,104.69000244140625,105.0199966430664,1036978.0
2024-02-29 10:30:00-05:00,105.01499938964844,105.1500015258789,104.73999786376953,104.73999786376953,532390.0
2024-02-29 11:30:00-05:00,104.74539947509766,104.75,103.94000244140625,103.94499969482422,978600.0
2024-02-29 12:30:00-05:00,103.94999694824219,104.30000305175781,103.9000015258789,104.1050033569336,714901.0
2024-02-29 13:30:00-05:00,104.12000274658203,104.15899658203125,103.68000030517578,103.72000122070312,786897.0
2024-02-29 14:30:00-05:00,103.71499633789062,104.02999877929688,103.69499969482422,103.91000366210938,717394.0
2024-02-29 15:30:00-05:00,103.91999816894531,104.0999984741211,103.80000305175781,103.81999969482422,1337063.0
2024-02-29 16:00:00-05:00,103.93,103.98,103.76,103.9,0.0
2024-02-29 17:00:00-05:00,103.85,103.93,103.83,103.87,0.0
2024-02-29 18:00:00-05:00,103.87,103.92,103.86,103.92,0.0
2024-03-01 04:00:00-05:00,103.9,103.93,103.8,103.85,0.0
2024-03-01 05:00:00-05:00,103.85,104.15,103.6,103.6,0.0
2024-03-01 06:00:00-05:00,103.61,103.88,103.6,103.72,0.0
2024-03-01 07:00:00-05:00,103.73,103.96,103.57,103.83,0.0
2024-03-01 08:00:00-05:00,103.8,104.02,103.5,103.72,0.0
2024-03-01 09:00:00-05:00,103.81,104.08,103.7,104.08,0.0
2024-03-01 09:30:00-05:00,103.87000274658203,103.94000244140625,101.87000274658203,102.5,1302274.0
2024-03-01 10:30:00-05:00,102.52999877929688,103.08000183105469,102.13500213623047,102.2300033569336,945404.0
2024-03-01 11:30:00-05:00,102.22000122070312,102.5199966430664,102.19999694824219,102.47000122070312,707758.0
2024-03-01 12:30:00-05:00,102.47000122070312,102.69000244140625,102.37999725341797,102.5999984741211,612506.0
2024-03-01 13:30:00-05:00,102.5999984741211,102.69999694824219,102.44000244140625,102.56999969482422,675297.0
2024-03-01 14:30:00-05:00,102.57499694824219,102.58000183105469,102.13999938964844,102.15750122070312,806807.0
2024-03-01 15:30:00-05:00,102.16500091552734,102.16999816894531,101.83000183105469,101.87000274658203,1286597.0
2024-03-01 16:00:00-05:00,101.88,101.99,101.63,101.86,0.0
2024-03-01 17:00:00-05:00,101.86,101.87,101.7,101.86,0.0
2024-03-01 18:00:00-05:00,101.86,101.87,101.8,101.87,0.0
2024-03-04 04:00:00-05:00,102.3,102.3,101.53,101.57,0.0
2024-03-04 05:00:00-05:00,101.58,102.0,101.5,101.99,0.0
2024-03-04 06:00:00-05:00,102.0,102.2,101.7,101.75,0.0
2024-03-04 07:00:00-05:00,101.75,101.91,101.61,101.61,0.0
2024-03-04 08:00:00-05:00,101.78,102.15,101.52,101.66,0.0
2024-03-04 09:00:00-05:00,101.66,101.88,101.34,101.5,0.0
2024-03-04 09:30:00-05:00,101.6500015258789,101.7699966430664,99.77010345458984,100.23999786376953,2320449.0
2024-03-04 10:30:00-05:00,100.23999786376953,100.25,99.48999786376953,99.62000274658203,1476050.0
2024-03-04 11:30:00-05:00,99.62439727783203,100.18000030517578,99.59500122070312,99.83999633789062,1042603.0
2024-03-04 12:30:00-05:00,99.83999633789062,99.83999633789062,99.375,99.5376968383789,1088381.0
2024-03-04 13:30:00-05:00,99.54000091552734,99.93000030517578,99.01000213623047,99.93000030517578,1276817.0
2024-03-04 14:30:00-05:00,99.93000030517578,100.26000213623047,99.73999786376953,99.83999633789062,971396.0
2024-03-04 15:30:00-05:00,99.8499984741211,99.875,99.5,99.52999877929688,1836328.0
2024-03-04 16:00:00-05:00,99.54,100.12,99.1,99.33,0.0
2024-03-04 17:00:00-05:00,99.33,99.47,99.26,99.46,0.0
2024-03-04 18:00:00-05:00,99.46,99.46,99.3,99.45,0.0
2024-03-05 04:00:00-05:00,99.59,99.65,99.24,99.38,0.0
2024-03-05 05:00:00-05:00,99.38,99.39,99.05,99.2,0.0
2024-03-05 06:00:00-05:00,99.19,99.2,99.1,99.19,0.0
2024-03-05 07:00:00-05:00,99.2,99.38,98.94,98.98,0.0
2024-03-05 08:00:00-05:00,98.98,99.72,98.63,98.83,0.0
2024-03-05 09:00:00-05:00,98.9,99.0,98.8,99.0,0.0
2024-03-05 09:30:00-05:00,99.0,99.16999816894531,98.4800033569336,98.94999694824219,1659884.0
2024-03-05 10:30:00-05:00,98.94000244140625,99.12999725341797,98.66500091552734,98.70999908447266,792973.0
2024-03-05 11:30:00-05:00,98.70999908447266,99.0,98.48999786376953,98.9800033569336,937034.0
2024-03-05 12:30:00-05:00,98.9800033569336,99.12999725341797,98.57499694824219,98.66999816894531,628746.0
2024-03-05 13:30:00-05:00,98.66000366210938,98.79000091552734,98.35160064697266,98.48999786376953,914543.0
2024-03-05 14:30:00-05:00,98.48999786376953,98.62999725341797,98.0,98.1449966430664,1019057.0
2024-03-05 15:30:00-05:00,98.13999938964844,98.37999725341797,98.12000274658203,98.31999969482422,1409886.0
2024-03-05 16:00:00-05:00,98.31,99.4,98.1,98.35,0.0
2024-03-05 17:00:00-05:00,98.35,98.55,98.33,98.5,0.0
2024-03-05 18:00:00-05:00,98.48,98.5,98.34,98.5,0.0
2024-03-06 04:00:00-05:00,98.71,98.88,98.5,98.6,0.0
2024-03-06 05:00:00-05:00,98.6,98.94,98.57,98.93,0.0
2024-03-06 06:00:00-05:00,98.93,99.1,98.85,99.0,0.0
2024-03-06 07:00:00-05:00,99.0,100.14,97.7,98.48,0.0
2024-03-06 08:00:00-05:00,98.48,99.5,97.95,99.0,0.0
2024-03-06 09:00:00-05:00,98.88,99.5,98.87,99.25,0.0
2024-03-06 09:30:00-05:00,100.0,100.0999984741211,98.19499969482422,98.21990203857422,2181194.0
2024-03-06 10:30:00-05:00,98.22000122070312,98.2699966430664,97.67500305175781,97.87999725341797,1547453.0
2024-03-06 11:30:00-05:00,97.88999938964844,98.19000244140625,97.52999877929688,97.98500061035156,1207672.0
2024-03-06 12:30:00-05:00,97.98500061035156,98.0,97.58499908447266,97.84500122070312,783849.0
2024-03-06 13:30:00-05:00,97.8499984741211,97.85859680175781,97.05999755859375,97.35009765625,1021785.0
2024-03-06 14:30:00-05:00,97.3510971069336,97.53880310058594,97.22000122070312,97.41500091552734,655097.0
2024-03-06 15:30:00-05:00,97.41500091552734,97.83999633789062,97.2699966430664,97.66000366210938,991525.0
2024-03-06 16:00:00-05:00,97.63,97.97,95.659706,97.65,0.0
2024-03-06 17:00:00-05:00,97.65,97.65,97.55,97.59,0.0
2024-03-06 18:00:00-05:00,97.59,97.6,97.27,97.6,0.0
2024-03-07 04:00:00-05:00,97.55,97.87,97.49,97.64,0.0
2024-03-07 05:00:00-05:00,97.64,97.78,97.35,97.54,0.0
2024-03-07 06:00:00-05:00,97.52,97.77,97.51,97.73,0.0
2024-03-07 07:00:00-05:00,97.73,97.93,97.7,97.72,0.0
2024-03-07 08:00:00-05:00,97.72,98.47,97.41,97.7,0.0
2024-03-07 09:00:00-05:00,97.74,98.0,97.61,97.89,0.0
2024-03-07 09:30:00-05:00,97.98999786376953,98.32499694824219,97.68000030517578,98.0,1891908.0
2024-03-07 10:30:00-05:00,98.0,98.4000015258789,97.94999694824219,98.16999816894531,883606.0
2024-03-07 11:30:00-05:00,98.16000366210938,98.30999755859375,97.94999694824219,97.98500061035156,760720.0
2024-03-07 12:30:00-05:00,97.98500061035156,98.19000244140625,97.79499816894531,98.17140197753906,609620.0
2024-03-07 13:30:00-05:00,98.18000030517578,98.2699966430664,98.08499908447266,98.18499755859375,673242.0
2024-03-07 14:30:00-05:00,98.18000030517578,98.20999908447266,97.8499984741211,97.8550033569336,773533.0
2024-03-07 15:30:00-05:00,97.8550033569336,98.25,97.84500122070312,98.18000030517578,1080988.0
2024-03-07 16:00:00-05:00,98.18,100.065,98.11,98.18,0.0
2024-03-07 17:00:00-05:00,98.19,98.2,98.1,98.19,0.0
2024-03-07 18:00:00-05:00,98.19,98.2,98.01,98.01,0.0
2024-03-08 04:00:00-05:00,98.15,98.39,98.15,98.19,0.0
2024-03-08 05:00:00-05:00,98.36,98.47,98.19,98.36,0.0
2024-03-08 06:00:00-05:00,98.54,98.78,98.34,98.35,0.0
2024-03-08 07:00:00-05:00,98.47,98.49,98.18,98.19,0.0
2024-03-08 08:00:00-05:00,98.19,98.9,98.11,98.43,0.0
2024-03-08 09:00:00-05:00,98.25,98.62,97.5,98.5,0.0
2024-03-08 09:30:00-05:00,98.48999786376953,99.2300033569336,98.13999938964844,98.55000305175781,2624867.0
2024-03-08 10:30:00-05:00,98.55999755859375,98.94999694824219,98.0199966430664,98.73999786376953,858503.0
2024-03-08 11:30:00-05:00,98.75,99.05999755859375,98.70500183105469,98.92990112304688,553362.0
2024-03-08 12:30:00-05:00,98.94999694824219,98.95999908447266,98.36000061035156,98.44999694824219,477013.0
2024-03-08 13:30:00-05:00,98.43000030517578,98.83999633789062,98.19000244140625,98.83000183105469,589758.0
2024-03-08 14:30:00-05:00,98.83000183105469,99.23400115966797,98.76000213623047,98.76689910888672,681266.0
2024-03-08 15:30:00-05:00,98.76000213623047,99.31500244140625,98.73999786376953,99.18000030517578,983183.0
2024-03-08 16:00:00-05:00,99.16,99.3,95.214836,99.18,0.0
2024-03-08 17:00:00-05:00,99.18,99.2,99.06,99.16,0.0
2024-03-08 18:00:00-05:00,99.1,99.16,99.05,99.1,0.0
2024-03-11 04:00:00-04:00,99.15,99.15,98.88,99.02,0.0
2024-03-11 05:00:00-04:00,99.03,99.09,98.8,98.88,0.0
2024-03-11 06:00:00-04:00,99.0,99.18,98.88,99.15,0.0
2024-03-11 07:00:00-04:00,99.15,99.39,98.89,99.3,0.0
2024-03-11 08:00:00-04:00,99.31,100.2,97.0,99.0,0.0
2024-03-11 09:00:00-04:00,99.01,99.4,98.75,99.15,0.0
2024-03-11 09:30:00-04:00,99.9000015258789,101.20999908447266,99.44000244140625,100.5,1705701.0
2024-03-11 10:30:00-04:00,100.49720001220703,101.37999725341797,100.41999816894531,101.3499984741211,918099.0
2024-03-11 11:30:00-04:00,101.35990142822266,101.6500015258789,101.12999725341797,101.46499633789062,819119.0
2024-03-11 12:30:00-04:00,101.47000122070312,101.76000213623047,101.30500030517578,101.63500213623047,718361.0
2024-03-11 13:30:00-04:00,101.63500213623047,101.7300033569336,101.44999694824219,101.5250015258789,568898.0
2024-03-11 14:30:00-04:00,101.5250015258789,101.69000244140625,101.42500305175781,101.45500183105469,710616.0
2024-03-11 15:30:00-04:00,101.44999694824219,101.52999877929688,101.05000305175781,101.06999969482422,1501373.0
2024-03-11 16:00:00-04:00,101.08,101.42,100.89,101.08,0.0
2024-03-11 17:00:00-04:00,101.3,101.3,101.1,101.29,0.0
2024-03-11 18:00:00-04:00,101.29,101.42,101.1,101.38,0.0
2024-03-11 19:00:00-04:00,101.28,101.28,101.15,101.25,0.0
2024-03-12 04:00:00-04:00,101.45,101.74,101.39,101.67,0.0
2024-03-12 05:00:00-04:00,101.6,101.63,101.47,101.47,0.0
2024-03-12 06:00:00-04:00,101.55,101.59,101.25,101.45,0.0
2024-03-12 07:00:00-04:00,101.52,101.88,101.42,101.78,0.0
2024-03-12 08:00:00-04:00,101.61,101.9,101.08,101.405,0.0
2024-03-12 09:00:00-04:00,101.5,101.72,101.1,101.19,0.0
2024-03-12 09:30:00-04:00,100.79000091552734,101.1156005859375,100.0999984741211,101.06620025634766,1295492.0
2024-03-12 10:30:00-04:00,101.08000183105469,101.36499786376953,100.88999938964844,101.12000274658203,667932.0
2024-03-12 11:30:00-04:00,101.08999633789062,101.20999908447266,100.27999877929688,100.33000183105469,629839.0
2024-03-12 12:30:00-04:00,100.31999969482422,100.33999633789062,99.6500015258789,99.97360229492188,772290.0
2024-03-12 13:30:00-04:00,99.9749984741211,100.20999908447266,99.77999877929688,100.19499969482422,537154.0
2024-03-12 14:30:00-04:00,100.19499969482422,100.4800033569336,100.125,100.33989715576172,730483.0
2024-03-12 15:30:00-04:00,100.33499908447266,100.3949966430664,100.12000274658203,100.16999816894531,985003.0
2024-03-12 16:00:00-04:00,100.18,100.39,100.18,100.28,0.0
2024-03-12 17:00:00-04:00,100.28,100.29,100.02,100.29,0.0
2024-03-12 18:00:00-04:00,100.29,100.38,100.02,100.21,0.0
2024-03-12 19:00:00-04:00,100.25,100.38,100.02,100.37,0.0
2024-03-13 04:00:00-04:00,100.04,100.49,100.04,100.3,0.0
2024-03-13 05:00:00-04:00,100.3,100.3,99.9,100.12,0.0
2024-03-13 06:00:00-04:00,100.18,100.28,100.09,100.14,0.0
2024-03-13 07:00:00-04:00,100.16,100.49,100.16,100.45,0.0
2024-03-13 08:00:00-04:00,100.46,100.76,99.8537,100.29,0.0
2024-03-13 09:00:00-04:00,100.46,100.58,100.18,100.5,0.0
2024-03-13 09:30:00-04:00,100.61000061035156,101.06999969482422,100.3301010131836,100.7750015258789,1599468.0
2024-03-13 10:30:00-04:00,100.78500366210938,101.30999755859375,100.76000213623047,101.24500274658203,682100.0
2024-03-13 11:30:00-04:00,101.23999786376953,101.97000122070312,101.13999938964844,101.75499725341797,760180.0
2024-03-13 12:30:00-04:00,101.75,102.0,101.62000274658203,101.95500183105469,510355.0
2024-03-13 13:30:00-04:00,101.95500183105469,101.96499633789062,101.48999786376953,101.5199966430664,451454.0
2024-03-13 14:30:00-04:00,101.5250015258789,101.76499938964844,101.29000091552734,101.54499816894531,1007995.0
2024-03-13 15:30:00-04:00,101.54000091552734,101.71499633789062,101.3499984741211,101.37000274658203,903113.0
2024-03-13 16:00:00-04:00,101.36,104.17331,101.16,101.43,0.0
2024-03-13 17:00:00-04:00,101.43,101.55,101.26,101.49,0.0
2024-03-13 18:00:00-04:00,101.36,101.96,101.36,101.95,0.0
2024-03-13 19:00:00-04:00,101.95,101.95,101.5,101.95,0.0
2024-03-14 04:00:00-04:00,101.53,102.14,101.44,101.74,0.0
2024-03-14 05:00:00-04:00,101.72,102.08,101.69,102.02,0.0
2024-03-14 06:00:00-04:00,102.02,102.05,101.74,101.91,0.0
2024-03-14 07:00:00-04:00,101.91,101.93,101.65,101.79,0.0
2024-03-14 08:00:00-04:00,101.74,102.09,101.4,101.94,0.0
2024-03-14 09:00:00-04:00,101.85,102.04,101.5,102.04,0.0
2024-03-14 09:30:00-04:00,102.19999694824219,102.48999786376953,100.69999694824219,101.02999877929688,1147625.0
2024-03-14 10:30:00-04:00,101.04000091552734,101.26000213623047,100.52999877929688,100.8499984741211,696982.0
2024-03-14 11:30:00-04:00,100.83999633789062,101.0,100.31500244140625,100.7300033569336,801548.0
2024-03-14 12:30:00-04:00,100.7300033569336,100.80000305175781,100.20999908447266,100.21499633789062,492394.0
2024-03-14 13:30:00-04:00,100.20999908447266,100.61000061035156,100.1500015258789,100.4749984741211,660415.0
2024-03-14 14:30:00-04:00,100.4749984741211,100.51000213623047,100.16200256347656,100.2249984741211,801630.0
2024-03-14 15:30:00-04:00,100.2249984741211,100.33999633789062,100.09100341796875,100.29000091552734,1163073.0
2024-03-14 16:00:00-04:00,100.26,100.79,100.1367,100.4,0.0
2024-03-14 17:00:00-04:00,100.36,101.0,100.26,100.38,0.0
2024-03-14 18:00:00-04:00,100.39,101.0,100.26,100.26,0.0
2024-03-14 19:00:00-04:00,101.0,101.0,100.26,100.3,0.0
2024-03-15 04:00:00-04:00,100.3,100.99,100.3,100.78,0.0
2024-03-15 05:00:00-04:00,100.78,100.87,100.45,100.8,0.0
2024-03-15 06:00:00-04:00,100.8,100.98,100.44,100.9,0.0
2024-03-15 07:00:00-04:00,100.82,100.97,100.43,100.67,0.0
2024-03-15 08:00:00-04:00,100.68,100.98,99.0,100.1,0.0
2024-03-15 09:00:00-04:00,100.69,100.7,100.38,100.5,0.0
2024-03-15 09:30:00-04:00,100.30000305175781,101.16000366210938,99.80999755859375,100.01000213623047,2212190.0
2024-03-15 10:30:00-04:00,100.01000213623047,100.19999694824219,99.8550033569336,99.89440155029297,689394.0
2024-03-15 11:30:00-04:00,99.8949966430664,99.94000244140625,99.48999786376953,99.51000213623047,742335.0
2024-03-15 12:30:00-04:00,99.51499938964844,99.66000366210938,99.33999633789062,99.4000015258789,954418.0
2024-03-15 13:30:00-04:00,99.3949966430664,99.62999725341797,99.37999725341797,99.44999694824219,890286.0
2024-03-15 14:30:00-04:00,99.44000244140625,100.0250015258789,99.41999816894531,99.95999908447266,1652703.0
2024-03-15 15:30:00-04:00,99.95999908447266,99.97000122070312,99.4800033569336,99.66999816894531,1359859.0
2024-03-15 16:00:00-04:00,99.64,99.87,99.3,99.68,0.0
2024-03-15 17:00:00-04:00,99.68,99.7,99.51,99.63,0.0
2024-03-15 18:00:00-04:00,99.65,99.7,99.63,99.69,0.0
2024-03-15 19:00:00-04:00,99.68,99.72,99.55,99.68,0.0
2024-03-18 04:00:00-04:00,99.36,99.36,99.01,99.27,0.0
2024-03-18 05:00:00-04:00,99.27,99.3,99.03,99.24,0.0
2024-03-18 06:00:00-04:00,99.24,99.26,99.06,99.22,0.0
2024-03-18 07:00:00-04:00,99.08,99.49,99.08,99.44,0.0
2024-03-18 08:00:00-04:00,99.44,99.94,98.5,99.56,0.0
2024-03-18 09:00:00-04:00,99.5,99.7,98.9,99.17,0.0
2024-03-18 09:30:00-04:00,98.9800033569336,99.51000213623047,98.52030181884766,99.35340118408203,1594933.0
2024-03-18 10:30:00-04:00,99.3499984741211,99.62000274658203,99.18000030517578,99.23500061035156,777622.0
2024-03-18 11:30:00-04:00,99.25,99.5999984741211,99.0,99.48999786376953,734406.0
2024-03-18 12:30:00-04:00,99.4749984741211,99.65499877929688,99.3550033569336,99.5250015258789,488569.0
2024-03-18 13:30:00-04:00,99.5250015258789,99.52999877929688,99.08000183105469,99.31500244140625,532914.0
2024-03-18 14:30:00-04:00,99.31449890136719,99.43000030517578,99.08999633789062,99.08999633789062,718221.0
2024-03-18 15:30:00-04:00,99.08999633789062,99.16500091552734,98.68000030517578,98.73999786376953,1086024.0
2024-03-18 16:00:00-04:00,98.74,99.9,98.73,98.76,0.0
2024-03-18 17:00:00-04:00,98.76,98.85,98.74,98.8,0.0
2024-03-18 18:00:00-04:00,98.8,98.89,98.75,98.79,0.0
2024-03-18 19:00:00-04:00,98.76,98.89,98.75,98.86,0.0
2024-03-19 04:00:00-04:00,98.75,99.3,98.75,99.09,0.0
2024-03-19 05:00:00-04:00,99.09,99.1,98.79,99.0,0.0
2024-03-19 06:00:00-04:00,98.91,99.03,98.79,98.85,0.0
2024-03-19 07:00:00-04:00,98.85,99.02,98.5,98.67,0.0
2024-03-19 08:00:00-04:00,98.7,99.99,98.5,98.62,0.0
2024-03-19 09:00:00-04:00,98.5,98.99,98.5,98.67,0.0
2024-03-19 09:30:00-04:00,98.5,99.0199966430664,98.44000244140625,98.8604965209961,1055626.0
2024-03-19 10:30:00-04:00,98.87000274658203,99.44999694824219,98.83999633789062,99.42500305175781,558269.0
2024-03-19 11:30:00-04:00,99.42500305175781,99.83999633789062,99.42500305175781,99.76499938964844,630192.0
2024-03-19 12:30:00-04:00,99.7699966430664,99.87999725341797,99.58999633789062,99.60990142822266,512953.0
2024-03-19 13:30:00-04:00,99.61000061035156,99.9000015258789,99.56999969482422,99.78399658203125,514263.0
2024-03-19 14:30:00-04:00,99.7833023071289,99.86000061035156,99.68009948730469,99.73999786376953,529822.0
2024-03-19 15:30:00-04:00,99.7300033569336,100.04000091552734,99.61000061035156,99.95999908447266,896367.0
2024-03-19 16:00:00-04:00,99.96,100.07,99.66,99.94,0.0
2024-03-19 17:00:00-04:00,99.94,99.96,98.58,99.95,0.0
2024-03-19 18:00:00-04:00,99.95,99.96,99.8,99.94,0.0
2024-03-19 19:00:00-04:00,99.94,99.96,99.9,99.93,0.0
2024-03-20 04:00:00-04:00,99.82,99.96,99.82,99.91,0.0
2024-03-20 05:00:00-04:00,99.95,99.95,99.77,99.8,0.0
2024-03-20 06:00:00-04:00,99.8,99.83,99.8,99.83,0.0
2024-03-20 07:00:00-04:00,99.83,99.89,99.64,99.88,0.0
2024-03-20 08:00:00-04:00,99.88,100.08,99.25,100.04,0.0
2024-03-20 09:00:00-04:00,100.04,100.26,99.69,99.7232,0.0
2024-03-20 09:30:00-04:00,99.51029968261719,100.19000244140625,99.2300033569336,99.83000183105469,1028309.0
2024-03-20 10:30:00-04:00,99.83999633789062,99.88999938964844,99.5,99.79000091552734,750113.0
2024-03-20 11:30:00-04:00,99.80840301513672,99.83999633789062,99.31999969482422,99.3499984741211,568546.0
2024-03-20 12:30:00-04:00,99.36000061035156,99.36000061035156,99.05000305175781,99.09020233154297,519180.0
2024-03-20 13:30:00-04:00,99.08000183105469,99.5999984741211,99.02999877929688,99.5999984741211,699338.0
2024-03-20 14:30:00-04:00,99.62000274658203,100.44000244140625,99.30999755859375,100.12409973144531,1158274.0
2024-03-20 15:30:00-04:00,100.12000274658203,100.26000213623047,99.88999938964844,100.26000213623047,1823855.0
2024-03-20 16:00:00-04:00,100.27,100.57,99.39,100.42,0.0
2024-03-20 17:00:00-04:00,100.51,100.69,100.27,100.39,0.0
2024-03-20 18:00:00-04:00,100.39,100.69,100.33,100.45,0.0
2024-03-20 19:00:00-04:00,100.45,100.87,100.38,100.58,0.0
2024-03-21 04:00:00-04:00,101.15,101.15,100.62,100.83,0.0
2024-03-21 05:00:00-04:00,100.9,100.99,100.66,100.82,0.0
2024-03-21 06:00:00-04:00,100.82,100.89,100.61,100.76,0.0
2024-03-21 07:00:00-04:00,100.85,100.88,100.59,100.8,0.0
2024-03-21 08:00:00-04:00,100.8,101.21,100.51,100.6537,0.0
2024-03-21 09:00:00-04:00,100.77,100.94,100.25,100.47,0.0
2024-03-21 09:30:00-04:00,100.44000244140625,101.3499984741211,99.76000213623047,101.18990325927734,1752775.0
2024-03-21 10:30:00-04:00,101.17500305175781,101.31999969482422,100.83000183105469,101.11000061035156,1057906.0
2024-03-21 11:30:00-04:00,101.08999633789062,101.66999816894531,101.06500244140625,101.6500015258789,1129260.0
2024-03-21 12:30:00-04:00,101.6500015258789,101.91999816894531,101.48999786376953,101.73500061035156,1034035.0
2024-03-21 13:30:00-04:00,101.72000122070312,101.77999877929688,101.24500274658203,101.33039855957031,936517.0
2024-03-21 14:30:00-04:00,101.31999969482422,101.47000122070312,100.96730041503906,101.02999877929688,1575058.0
2024-03-21 15:30:00-04:00,101.02999877929688,101.2300033569336,100.80000305175781,100.80000305175781,2006187.0
2024-03-21 16:00:00-04:00,101.09,106.01,96.69,103.77,0.0
2024-03-21 17:00:00-04:00,103.76,108.4249,93.68,94.2,0.0
2024-03-21 18:00:00-04:00,94.2,94.97,93.63,94.74,0.0
2024-03-21 19:00:00-04:00,94.74,95.85,94.3097,95.11,0.0
2024-03-22 04:00:00-04:00,94.4,94.6,93.6,94.45,0.0
2024-03-22 05:00:00-04:00,94.45,94.85,93.7,94.45,0.0
2024-03-22 06:00:00-04:00,94.45,94.66,94.19,94.64,0.0
2024-03-22 07:00:00-04:00,94.65,94.95,94.16,94.41,0.0
2024-03-22 08:00:00-04:00,94.4,94.99,93.8238,94.6559,0.0
2024-03-22 09:00:00-04:00,94.7,95.37,94.0,94.1,0.0
2024-03-22 09:30:00-04:00,92.37000274658203,93.98999786376953,91.72000122070312,92.12999725341797,14876147.0
2024-03-22 10:30:00-04:00,92.13999938964844,93.19000244140625,91.91999816894531,93.01000213623047,5506066.0
2024-03-22 11:30:00-04:00,93.01000213623047,93.71990203857422,92.69999694824219,93.48999786376953,4469395.0
2024-03-22 12:30:00-04:00,93.49500274658203,94.63999938964844,93.30000305175781,94.37000274658203,3979511.0
2024-03-22 13:30:00-04:00,94.36509704589844,95.11000061035156,94.36000061035156,95.0,3539092.0
2024-03-22 14:30:00-04:00,95.01000213623047,95.16999816894531,94.0,94.31500244140625,2968954.0
2024-03-22 15:30:00-04:00,94.31500244140625,94.52999877929688,93.72010040283203,93.7300033569336,3807928.0
2024-03-22 16:00:00-04:00,93.78,94.12,93.7237,93.89,0.0
2024-03-22 17:00:00-04:00,93.88,95.21485,93.65,93.78,0.0
2024-03-22 18:00:00-04:00,93.88,93.93,93.7433,93.89,0.0
2024-03-22 19:00:00-04:00,93.89,93.95,93.85,93.88,0.0
2024-03-25 04:00:00-04:00,94.0,94.77,93.99,94.25,0.0
2024-03-25 05:00:00-04:00,94.25,94.48,94.22,94.48,0.0
2024-03-25 06:00:00-04:00,94.42,94.55,94.24,94.36,0.0
2024-03-25 07:00:00-04:00,94.4,94.4,94.05,94.32,0.0
2024-03-25 08:00:00-04:00,94.35,94.77,93.69,94.27,0.0
2024-03-25 09:00:00-04:00,94.27,94.35,93.78,94.23,0.0
2024-03-25 09:30:00-04:00,94.06999969482422,95.5199966430664,92.7699966430664,92.95999908447266,3747250.0
2024-03-25 10:30:00-04:00,92.97000122070312,93.83000183105469,92.9000015258789,93.68000030517578,1785966.0
2024-03-25 11:30:00-04:00,93.68000030517578,94.27999877929688,93.12999725341797,93.17500305175781,2356698.0
2024-03-25 12:30:00-04:00,93.17500305175781,93.63999938964844,93.1500015258789,93.45500183105469,891615.0
2024-03-25 13:30:00-04:00,93.44999694824219,93.5,93.08999633789062,93.30500030517578,1084955.0
2024-03-25 14:30:00-04:00,93.30999755859375,93.63500213623047,93.06500244140625,93.62999725341797,1226827.0
2024-03-25 15:30:00-04:00,93.62999725341797,93.83999633789062,93.51000213623047,93.7699966430664,1550561.0
2024-03-25 16:00:00-04:00,93.75,93.85,93.28,93.5214,0.0
2024-03-25 17:00:00-04:00,93.55,93.75,93.5,93.55,0.0
2024-03-25 18:00:00-04:00,93.54,93.74,93.5,93.55,0.0
2024-03-25 19:00:00-04:00,93.5,93.69,93.5,93.67,0.0
2024-03-26 04:00:00-04:00,94.64,95.0,93.8,93.97,0.0
2024-03-26 05:00:00-04:00,94.08,94.35,93.97,94.09,0.0
2024-03-26 06:00:00-04:00,94.09,94.23,94.06,94.15,0.0
2024-03-26 07:00:00-04:00,94.15,94.3,94.07,94.15,0.0
2024-03-26 08:00:00-04:00,94.16,94.66,93.8,94.09,0.0
2024-03-26 09:00:00-04:00,94.06,94.1,93.8,93.81,0.0
2024-03-26 09:30:00-04:00,93.73999786376953,93.86000061035156,92.88999938964844,93.12999725341797,2246417.0
2024-03-26 10:30:00-04:00,93.125,93.41000366210938,93.05000305175781,93.32499694824219,1034412.0
2024-03-26 11:30:00-04:00,93.33000183105469,93.3499984741211,93.0,93.09400177001953,1186447.0
2024-03-26 12:30:00-04:00,93.09269714355469,93.36000061035156,93.06999969482422,93.09500122070312,825281.0
2024-03-26 13:30:00-04:00,93.09500122070312,93.11000061035156,92.80500030517578,92.81500244140625,1400432.0
2024-03-26 14:30:00-04:00,92.81999969482422,92.93000030517578,92.56999969482422,92.58999633789062,1402884.0
2024-03-26 15:30:00-04:00,92.58499908447266,92.625,92.41000366210938,92.58999633789062,1600508.0
2024-03-26 16:00:00-04:00,92.58,92.74,88.4,92.73,0.0
2024-03-26 17:00:00-04:00,92.73,92.73,92.58,92.67,0.0
2024-03-26 18:00:00-04:00,92.72,92.72,92.52,92.6,0.0
2024-03-26 19:00:00-04:00,92.6,92.72,92.52,92.7,0.0
2024-03-27 04:00:00-04:00,93.0,93.48,92.93,93.06,0.0
2024-03-27 05:00:00-04:00,93.06,93.2,92.96,93.12,0.0
2024-03-27 06:00:00-04:00,93.2,93.2,92.95,93.14,0.0
2024-03-27 07:00:00-04:00,93.14,93.2,92.94,93.06,0.0
2024-03-27 08:00:00-04:00,93.06,93.6,92.8,92.92,0.0
2024-03-27 09:00:00-04:00,92.92,93.18,92.92,93.17,0.0
2024-03-27 09:30:00-04:00,93.2699966430664,93.30999755859375,92.31999969482422,92.54000091552734,3027048.0
2024-03-27 10:30:00-04:00,92.55000305175781,93.19000244140625,92.5250015258789,93.11000061035156,1688677.0
2024-03-27 11:30:00-04:00,93.11000061035156,93.54499816894531,92.98999786376953,93.50499725341797,940681.0
2024-03-27 12:30:00-04:00,93.50569915771484,93.94999694824219,93.50569915771484,93.56999969482422,980138.0
2024-03-27 13:30:00-04:00,93.55999755859375,93.66999816894531,93.27999877929688,93.54000091552734,907169.0
2024-03-27 14:30:00-04:00,93.55000305175781,93.8499984741211,93.30000305175781,93.83000183105469,1038166.0
2024-03-27 15:30:00-04:00,93.83000183105469,94.1500015258789,93.83000183105469,94.1500015258789,1642241.0
2024-03-27 16:00:00-04:00,94.09,94.35,93.8,94.2183,0.0
2024-03-27 17:00:00-04:00,94.1,94.22,91.168,94.19,0.0
2024-03-27 18:00:00-04:00,94.19,94.2,93.98,94.1,0.0
2024-03-27 19:00:00-04:00,94.0,94.08,93.51,94.0,0.0
2024-03-28 04:00:00-04:00,94.13,94.37,93.95,94.02,0.0
2024-03-28 05:00:00-04:00,94.12,94.37,94.03,94.12,0.0
2024-03-28 06:00:00-04:00,94.11,94.25,94.11,94.12,0.0
2024-03-28 07:00:00-04:00,94.13,94.44,94.13,94.22,0.0
2024-03-28 08:00:00-04:00,94.24,94.36,93.95,94.25,0.0
2024-03-28 09:00:00-04:00,94.3,94.31,94.07,94.09,0.0
2024-03-28 09:30:00-04:00,94.37000274658203,94.81420135498047,93.97000122070312,94.30010223388672,1508603.0
2024-03-28 10:30:00-04:00,94.30999755859375,94.3499984741211,93.73999786376953,93.79000091552734,2273073.0
2024-03-28 11:30:00-04:00,93.77999877929688,93.83999633789062,93.59500122070312,93.6050033569336,1146612.0
2024-03-28 12:30:00-04:00,93.6050033569336,93.86000061035156,93.45999908447266,93.86000061035156,848246.0
2024-03-28 13:30:00-04:00,93.8499984741211,93.92500305175781,93.43000030517578,93.91000366210938,1250659.0
2024-03-28 14:30:00-04:00,93.91000366210938,94.11000061035156,93.76000213623047,94.05999755859375,838128.0
2024-03-28 15:30:00-04:00,94.05999755859375,94.19999694824219,93.87999725341797,93.97000122070312,1233499.0
2024-03-28 16:00:00-04:00,93.98,94.47,93.92,93.97,0.0
2024-03-28 17:00:00-04:00,93.97,94.04,93.82,93.9,0.0
2024-03-28 18:00:00-04:00,94.05,98.921,93.89,93.9,0.0
2024-03-28 19:00:00-04:00,93.9,94.05,93.82,93.97,0.0
2024-04-01 04:00:00-04:00,94.3,94.98,94.13,94.26,0.0
2024-04-01 05:00:00-04:00,94.44,94.45,94.26,94.42,0.0
2024-04-01 06:00:00-04:00,94.44,94.45,94.31,94.41,0.0
2024-04-01 07:00:00-04:00,94.43,94.47,94.14,94.15,0.0
2024-04-01 08:00:00-04:00,94.15,95.0,94.13,94.15,0.0
2024-04-01 09:00:00-04:00,94.16,94.25,93.98,94.14,0.0
2024-04-01 09:30:00-04:00,93.80999755859375,93.91999816894531,91.8290023803711,91.8290023803711,2463750.0
2024-04-01 10:30:00-04:00,91.82489776611328,92.12000274658203,91.69100189208984,92.08999633789062,1478659.0
2024-04-01 11:30:00-04:00,92.08999633789062,92.33000183105469,91.94499969482422,92.16010284423828,1348223.0
2024-04-01 12:30:00-04:00,92.16000366210938,92.31999969482422,92.0999984741211,92.20500183105469,896351.0
2024-04-01 13:30:00-04:00,92.20500183105469,92.5,92.19499969482422,92.32499694824219,817800.0
2024-04-01 14:30:00-04:00,92.32499694824219,92.68000030517578,92.31999969482422,92.48999786376953,1092038.0
2024-04-01 15:30:00-04:00,92.49500274658203,92.625,92.38999938964844,92.5199966430664,1264029.0
2024-04-01 16:00:00-04:00,92.56,92.6,92.3,92.49,0.0
2024-04-01 17:00:00-04:00,92.49,92.56,92.3,92.34,0.0
2024-04-01 18:00:00-04:00,92.34,92.52,92.26,92.5,0.0
2024-04-01 19:00:00-04:00,92.52,92.56,92.34,92.36,0.0
2024-04-02 04:00:00-04:00,92.56,92.95,92.51,92.75,0.0
2024-04-02 05:00:00-04:00,92.75,92.75,92.55,92.66,0.0
2024-04-02 06:00:00-04:00,92.72,92.98,92.51,92.95,0.0
2024-04-02 07:00:00-04:00,92.95,92.99,92.63,92.72,0.0
2024-04-02 08:00:00-04:00,92.76,92.96,92.42,92.5,0.0
2024-04-02 09:00:00-04:00,92.5,92.51,91.72,91.77,0.0
2024-04-02 09:30:00-04:00,91.76000213623047,91.9000015258789,91.2300033569336,91.58999633789062,2663396.0
2024-04-02 10:30:00-04:00,91.58000183105469,91.58000183105469,91.04499816894531,91.06999969482422,1319365.0
2024-04-02 11:30:00-04:00,91.06999969482422,91.21499633789062,90.83000183105469,91.08999633789062,1325686.0
2024-04-02 12:30:00-04:00,91.09500122070312,91.23999786376953,90.8499984741211,90.8949966430664,680417.0
2024-04-02 13:30:00-04:00,90.8949966430664,90.9800033569336,90.63500213623047,90.8499984741211,897704.0
2024-04-02 14:30:00-04:00,90.8550033569336,91.18000030517578,90.7750015258789,91.125,1021106.0
2024-04-02 15:30:00-04:00,91.12020111083984,91.20999908447266,90.93000030517578,90.9800033569336,1582678.0
2024-04-02 16:00:00-04:00,90.96,93.74,90.8,91.05,0.0
2024-04-02 17:00:00-04:00,91.06,91.12,91.03,91.1,0.0
2024-04-02 18:00:00-04:00,91.1,91.11,90.95,91.11,0.0
2024-04-02 19:00:00-04:00,91.11,91.11,90.95,90.96,0.0
2024-04-03 04:00:00-04:00,90.95,91.45,90.9,91.2,0.0
2024-04-03 05:00:00-04:00,91.43,91.43,91.15,91.15,0.0
2024-04-03 06:00:00-04:00,91.13,91.24,91.1,91.15,0.0
2024-04-03 07:00:00-04:00,91.2,91.24,91.0,91.01,0.0
2024-04-03 08:00:00-04:00,91.06,91.4,90.75,90.9,0.0
2024-04-03 09:00:00-04:00,90.95,91.2,90.83,90.8312,0.0
2024-04-03 09:30:00-04:00,91.01000213623047,91.44000244140625,90.27999877929688,90.62999725341797,1659168.0
2024-04-03 10:30:00-04:00,90.625,91.04000091552734,90.58999633789062,90.875,925055.0
2024-04-03 11:30:00-04:00,90.87999725341797,91.12000274658203,90.66999816894531,90.9000015258789,1062940.0
2024-04-03 12:30:00-04:00,90.9000015258789,90.97000122070312,90.72000122070312,90.84600067138672,604272.0
2024-04-03 13:30:00-04:00,90.83999633789062,90.99579620361328,90.7699966430664,90.96499633789062,617162.0
2024-04-03 14:30:00-04:00,90.96499633789062,90.98999786376953,90.44999694824219,90.55500030517578,971157.0
2024-04-03 15:30:00-04:00,90.55500030517578,90.61000061035156,90.27999877929688,90.33999633789062,1534722.0
2024-04-03 16:00:00-04:00,90.33,95.6597,90.33,90.42,0.0
2024-04-03 17:00:00-04:00,90.43,90.45,90.34,90.4384,0.0
2024-04-03 18:00:00-04:00,90.44,90.46,90.34,90.4,0.0
2024-04-03 19:00:00-04:00,90.46,90.55,90.33,90.35,0.0
2024-04-04 04:00:00-04:00,90.61,90.75,90.55,90.7,0.0
2024-04-04 05:00:00-04:00,90.69,90.84,90.66,90.76,0.0
2024-04-04 06:00:00-04:00,90.76,90.87,90.65,90.75,0.0
2024-04-04 07:00:00-04:00,90.8,90.95,90.73,90.85,0.0
2024-04-04 08:00:00-04:00,90.85,91.0,90.6,90.78,0.0
2024-04-04 09:00:00-04:00,90.78,90.98,90.65,90.98,0.0
2024-04-04 09:30:00-04:00,90.94999694824219,91.05000305175781,90.2300033569336,90.35040283203125,1905173.0
2024-04-04 10:30:00-04:00,90.3499984741211,90.44999694824219,90.08000183105469,90.22000122070312,1344101.0
2024-04-04 11:30:00-04:00,90.2300033569336,90.5239028930664,90.13500213623047,90.46019744873047,957499.0
2024-04-04 12:30:00-04:00,90.47000122070312,90.48200225830078,90.13999938964844,90.29499816894531,768024.0
2024-04-04 13:30:00-04:00,90.28500366210938,90.36000061035156,89.37000274658203,89.38999938964844,1352460.0
2024-04-04 14:30:00-04:00,89.37999725341797,89.38150024414062,88.88999938964844,89.03379821777344,2072559.0
2024-04-04 15:30:00-04:00,89.02999877929688,89.37000274658203,89.00499725341797,89.06999969482422,2014893.0
2024-04-04 16:00:00-04:00,89.07,92.58,89.02,89.03,0.0
2024-04-04 17:00:00-04:00,89.03,89.05,89.0,89.05,0.0
2024-04-04 18:00:00-04:00,89.05,89.15,89.0,89.1,0.0
2024-04-04 19:00:00-04:00,89.12,89.17,89.0232,89.09,0.0
2024-04-05 04:00:00-04:00,89.4,89.5,89.2,89.49,0.0
2024-04-05 05:00:00-04:00,89.47,89.66,89.4,89.55,0.0
2024-04-05 06:00:00-04:00,89.65,89.7,89.4,89.57,0.0
2024-04-05 07:00:00-04:00,89.57,89.59,89.33,89.33,0.0
2024-04-05 08:00:00-04:00,89.42,89.81,89.07,89.5,0.0
2024-04-05 09:00:00-04:00,89.45,89.5,88.96,88.97,0.0
2024-04-05 09:30:00-04:00,89.1500015258789,90.25,89.01000213623047,89.54000091552734,2078657.0
2024-04-05 10:30:00-04:00,89.54010009765625,89.88500213623047,89.43000030517578,89.55000305175781,1524016.0
2024-04-05 11:30:00-04:00,89.54000091552734,89.75,89.41000366210938,89.62000274658203,695477.0
2024-04-05 12:30:00-04:00,89.61000061035156,89.61000061035156,89.22000122070312,89.24500274658203,622798.0
2024-04-05 13:30:00-04:00,89.25,89.36000061035156,88.98999786376953,89.0199966430664,794439.0
2024-04-05 14:30:00-04:00,89.02999877929688,89.08000183105469,88.82969665527344,88.93499755859375,1026808.0
2024-04-05 15:30:00-04:00,88.94000244140625,89.08000183105469,88.80000305175781,88.83999633789062,1323039.0
2024-04-05 16:00:00-04:00,88.84,89.06,88.83,88.9,0.0
2024-04-05 17:00:00-04:00,88.8993,88.95,88.84,88.9,0.0
2024-04-05 18:00:00-04:00,88.9,88.97,88.86,88.88,0.0
2024-04-05 19:00:00-04:00,88.88,88.99,88.87,88.99,0.0
2024-04-08 04:00:00-04:00,89.03,89.55,88.93,88.96,0.0
2024-04-08 05:00:00-04:00,88.99,89.22,88.95,89.22,0.0
2024-04-08 06:00:00-04:00,89.19,89.21,89.02,89.2,0.0
2024-04-08 07:00:00-04:00,89.2,89.26,89.1,89.2,0.0
2024-04-08 08:00:00-04:00,89.2,89.36,88.95,89.36,0.0
2024-04-08 09:00:00-04:00,89.36,89.43,89.105,89.32,0.0
2024-04-08 09:30:00-04:00,89.11000061035156,90.0,88.80000305175781,89.97000122070312,1895994.0
2024-04-08 10:30:00-04:00,89.97000122070312,90.08000183105469,89.75,90.00090026855469,1599247.0
2024-04-08 11:30:00-04:00,89.99500274658203,90.25,89.86019897460938,90.19999694824219,752744.0
2024-04-08 12:30:00-04:00,90.19999694824219,90.26000213623047,89.91500091552734,89.94999694824219,554653.0
2024-04-08 13:30:00-04:00,89.94999694824219,90.04000091552734,89.80500030517578,89.82499694824219,574658.0
2024-04-08 14:30:00-04:00,89.83000183105469,90.05000305175781,89.66999816894531,89.9000015258789,728712.0
2024-04-08 15:30:00-04:00,89.9000015258789,90.0199966430664,89.73999786376953,90.0,1061475.0
2024-04-08 16:00:00-04:00,90.0,90.2,89.91,90.1,0.0
2024-04-08 17:00:00-04:00,90.1093,90.2,90.0,90.04,0.0
2024-04-08 18:00:00-04:00,90.01,90.06,87.36284,90.06,0.0
2024-04-08 19:00:00-04:00,90.05,90.15,90.0,90.08,0.0
2024-04-09 04:00:00-04:00,90.24,90.29,89.9,90.19,0.0
2024-04-09 05:00:00-04:00,90.19,90.29,90.14,90.27,0.0
2024-04-09 06:00:00-04:00,90.3,90.34,90.2,90.27,0.0
2024-04-09 07:00:00-04:00,90.27,90.38,90.15,90.3,0.0
2024-04-09 08:00:00-04:00,90.3,90.46,90.0,90.35,0.0
2024-04-09 09:00:00-04:00,90.4,90.49,90.14,90.2,0.0
2024-04-09 09:30:00-04:00,90.0,90.9000015258789,89.87000274658203,90.76000213623047,1609185.0
2024-04-09 10:30:00-04:00,90.75,90.7509994506836,90.19999694824219,90.33999633789062,864312.0
2024-04-09 11:30:00-04:00,90.33999633789062,90.83999633789062,90.16999816894531,90.79499816894531,903048.0
2024-04-09 12:30:00-04:00,90.79000091552734,90.94000244140625,90.66500091552734,90.74500274658203,574276.0
2024-04-09 13:30:00-04:00,90.73500061035156,91.04000091552734,90.68000030517578,90.87000274658203,727969.0
2024-04-09 14:30:00-04:00,90.875,91.12000274658203,90.75,91.11000061035156,714205.0
2024-04-09 15:30:00-04:00,91.11000061035156,91.16000366210938,90.83999633789062,90.98999786376953,1031909.0
2024-04-09 16:00:00-04:00,91.0,91.09,90.9417,91.03,0.0
2024-04-09 17:00:00-04:00,91.04,91.06,91.0,91.0,0.0
2024-04-09 18:00:00-04:00,91.05,91.05,91.0,91.0207,0.0
2024-04-09 19:00:00-04:00,91.02,91.05,91.0,91.05,0.0
2024-04-10 04:00:00-04:00,91.23,91.27,91.03,91.18,0.0
2024-04-10 05:00:00-04:00,91.18,91.41,91.17,91.38,0.0
2024-04-10 06:00:00-04:00,91.38,91.4,91.12,91.23,0.0
2024-04-10 07:00:00-04:00,91.2,91.4,91.17,91.25,0.0
2024-04-10 08:00:00-04:00,91.28,91.4,91.05,91.36,0.0
2024-04-10 09:00:00-04:00,91.3,91.39,89.76,89.89,0.0
2024-04-10 09:30:00-04:00,89.9000015258789,90.0999984741211,89.29000091552734,89.61000061035156,1728359.0
2024-04-10 10:30:00-04:00,89.5999984741211,90.00969696044922,89.26000213623047,89.5167007446289,1049280.0
2024-04-10 11:30:00-04:00,89.5199966430664,89.58999633789062,89.19499969482422,89.36499786376953,638929.0
2024-04-10 12:30:00-04:00,89.36499786376953,89.44000244140625,88.9800033569336,89.11000061035156,691751.0
2024-04-10 13:30:00-04:00,89.09500122070312,89.14990234375,88.7699966430664,88.77999877929688,790661.0
2024-04-10 14:30:00-04:00,88.79499816894531,89.18000030517578,88.77999877929688,89.11000061035156,805137.0
2024-04-10 15:30:00-04:00,89.11000061035156,89.2249984741211,88.87000274658203,88.9800033569336,1065942.0
2024-04-10 16:00:00-04:00,88.98,91.16812,88.941,88.97,0.0
2024-04-10 17:00:00-04:00,88.97,89.0,88.9,89.0,0.0
2024-04-10 18:00:00-04:00,89.0,89.0,88.9122,89.0,0.0
2024-04-10 19:00:00-04:00,89.0,89.0,88.9,88.98,0.0
2024-04-11 04:00:00-04:00,89.1,89.32,89.06,89.18,0.0
2024-04-11 05:00:00-04:00,89.18,89.18,88.85,89.0,0.0
2024-04-11 06:00:00-04:00,89.0,91.24,88.92,90.71,0.0
2024-04-11 07:00:00-04:00,90.8,90.98,90.36,90.5,0.0
2024-04-11 08:00:00-04:00,90.44,90.9571,88.99,90.23,0.0
2024-04-11 09:00:00-04:00,90.3,91.18,90.23,90.96,0.0
2024-04-11 09:30:00-04:00,91.2300033569336,92.22989654541016,90.83000183105469,91.04000091552734,5176920.0
2024-04-11 10:30:00-04:00,91.02999877929688,91.48999786376953,91.01000213623047,91.25,1879829.0
2024-04-11 11:30:00-04:00,91.23999786376953,91.86000061035156,91.13999938964844,91.58999633789062,1506585.0
2024-04-11 12:30:00-04:00,91.5999984741211,92.41000366210938,91.56999969482422,92.05000305175781,1348143.0
2024-04-11 13:30:00-04:00,92.04499816894531,92.36000061035156,91.79000091552734,92.30000305175781,1265108.0
2024-04-11 14:30:00-04:00,92.30000305175781,92.3550033569336,91.88999938964844,92.1449966430664,1445721.0
2024-04-11 15:30:00-04:00,92.13999938964844,92.36000061035156,91.94999694824219,91.99500274658203,1561867.0
2024-04-11 16:00:00-04:00,92.0,92.49,91.13,92.08,0.0
2024-04-11 17:00:00-04:00,92.06,92.09,92.01,92.05,0.0
2024-04-11 18:00:00-04:00,92.09,92.18,92.05,92.16,0.0
2024-04-11 19:00:00-04:00,92.12,92.18,92.01,92.15,0.0
2024-04-12 04:00:00-04:00,92.07,92.35,92.07,92.25,0.0
2024-04-12 05:00:00-04:00,92.25,92.34,92.11,92.16,0.0
2024-04-12 06:00:00-04:00,92.15,92.19,92.06,92.12,0.0
2024-04-12 07:00:00-04:00,92.12,92.15,91.82,91.82,0.0
2024-04-12 08:00:00-04:00,91.87,92.36,91.8,92.15,0.0
2024-04-12 09:00:00-04:00,92.16,92.3,91.66,91.96,0.0
2024-04-12 09:30:00-04:00,92.01000213623047,92.4800033569336,91.12000274658203,92.12999725341797,2330741.0
2024-04-12 10:30:00-04:00,92.13500213623047,92.81999969482422,91.93000030517578,92.27999877929688,1729369.0
2024-04-12 11:30:00-04:00,92.29000091552734,92.87000274658203,92.28040313720703,92.43000030517578,1135908.0
2024-04-12 12:30:00-04:00,92.41999816894531,92.5199966430664,91.73999786376953,91.80000305175781,1042445.0
2024-04-12 13:30:00-04:00,91.80500030517578,92.16000366210938,91.72000122070312,91.94000244140625,895920.0
2024-04-12 14:30:00-04:00,91.94499969482422,91.98999786376953,91.66000366210938,91.66500091552734,902500.0
2024-04-12 15:30:00-04:00,91.66000366210938,92.0199966430664,91.58499908447266,92.01000213623047,1109121.0
2024-04-12 16:00:00-04:00,92.0,92.25,91.23,92.09,0.0
2024-04-12 17:00:00-04:00,92.09,92.09,91.8001,92.0,0.0
2024-04-12 18:00:00-04:00,92.0,92.0,91.8,91.804,0.0
2024-04-12 19:00:00-04:00,91.87,92.0,91.805,91.86,0.0
2024-04-15 04:00:00-04:00,92.19,92.66,92.0,92.59,0.0
2024-04-15 05:00:00-04:00,92.64,92.74,92.51,92.62,0.0
2024-04-15 06:00:00-04:00,92.52,92.7,92.45,92.56,0.0
2024-04-15 07:00:00-04:00,92.56,92.68,92.45,92.57,0.0
2024-04-15 08:00:00-04:00,92.57,92.85,91.54,92.73,0.0
2024-04-15 09:00:00-04:00,92.76,92.99,92.55,92.89,0.0
2024-04-15 09:30:00-04:00,93.58999633789062,93.66000366210938,92.9000015258789,93.24009704589844,2277892.0
2024-04-15 10:30:00-04:00,93.25,93.83000183105469,93.01210021972656,93.69499969482422,1550798.0
2024-04-15 11:30:00-04:00,93.69989776611328,93.91999816894531,93.36499786376953,93.5,1274616.0
2024-04-15 12:30:00-04:00,93.51000213623047,93.60530090332031,93.28170013427734,93.29000091552734,951572.0
2024-04-15 13:30:00-04:00,93.29499816894531,93.30500030517578,92.61499786376953,92.80500030517578,1394470.0
2024-04-15 14:30:00-04:00,92.80500030517578,92.8949966430664,92.54000091552734,92.73999786376953,1317163.0
2024-04-15 15:30:00-04:00,92.74500274658203,93.20500183105469,92.74500274658203,93.11000061035156,1515236.0
2024-04-15 16:00:00-04:00,93.1,93.13,92.6,92.6,0.0
2024-04-15 17:00:00-04:00,92.94,93.17,92.77,93.1,0.0
2024-04-15 18:00:00-04:00,93.01,93.49,93.0,93.1,0.0
2024-04-15 19:00:00-04:00,93.0,93.1,92.6,92.99,0.0
2024-04-16 04:00:00-04:00,92.7,93.02,92.46,92.8,0.0
2024-04-16 05:00:00-04:00,92.72,92.79,92.53,92.65,0.0
2024-04-16 06:00:00-04:00,92.64,92.65,92.5,92.54,0.0
2024-04-16 07:00:00-04:00,92.54,92.88,92.39,92.7,0.0
2024-04-16 08:00:00-04:00,92.7,93.08,92.49,92.9,0.0
2024-04-16 09:00:00-04:00,92.9,93.1,92.81,93.08,0.0
2024-04-16 09:30:00-04:00,93.04000091552734,93.11000061035156,91.6500015258789,92.78500366210938,1618432.0
2024-04-16 10:30:00-04:00,92.7750015258789,93.30000305175781,92.61499786376953,92.97000122070312,1354477.0
2024-04-16 11:30:00-04:00,92.95999908447266,94.19000244140625,92.9000015258789,93.50540161132812,2272166.0
2024-04-16 12:30:00-04:00,93.51000213623047,93.88999938964844,93.45249938964844,93.47599792480469,947662.0
2024-04-16 13:30:00-04:00,93.48999786376953,93.8936996459961,93.22000122070312,93.3499984741211,956382.0
2024-04-16 14:30:00-04:00,93.3499984741211,93.77999877929688,93.2300033569336,93.7699966430664,671751.0
2024-04-16 15:30:00-04:00,93.76499938964844,93.76499938964844,93.24500274658203,93.37999725341797,1293891.0
2024-04-16 16:00:00-04:00,93.38,93.69,90.7588,93.3865,0.0
2024-04-16 17:00:00-04:00,93.28,93.69,93.25,93.39,0.0
2024-04-16 18:00:00-04:00,93.69,93.69,93.3,93.4,0.0
2024-04-16 19:00:00-04:00,93.69,93.89,93.39,93.44,0.0
2024-04-17 04:00:00-04:00,93.76,93.93,93.58,93.77,0.0
2024-04-17 05:00:00-04:00,93.77,94.12,93.75,93.96,0.0
2024-04-17 06:00:00-04:00,93.92,94.32,93.92,94.28,0.0
2024-04-17 07:00:00-04:00,94.28,94.44,94.14,94.21,0.0
2024-04-17 08:00:00-04:00,94.23,94.4,93.13,94.08,0.0
2024-04-17 09:00:00-04:00,94.09,94.31,94.08,94.3088,0.0
2024-04-17 09:30:00-04:00,94.61000061035156,95.06999969482422,93.97000122070312,94.04000091552734,2420025.0
2024-04-17 10:30:00-04:00,94.02999877929688,94.19000244140625,93.66000366210938,94.07499694824219,1157067.0
2024-04-17 11:30:00-04:00,94.05999755859375,94.30609893798828,93.94999694824219,94.2699966430664,955113.0
2024-04-17 12:30:00-04:00,94.2699966430664,94.72000122070312,94.09500122070312,94.61000061035156,904435.0
2024-04-17 13:30:00-04:00,94.61000061035156,95.05000305175781,94.55000305175781,94.80999755859375,938022.0
2024-04-17 14:30:00-04:00,94.81999969482422,95.0199966430664,94.33999633789062,94.49500274658203,880746.0
2024-04-17 15:30:00-04:00,94.5,95.04000091552734,94.49500274658203,94.83000183105469,1431505.0
2024-04-17 16:00:00-04:00,94.83,95.04,92.7129,94.79,0.0
2024-04-17 17:00:00-04:00,94.78,94.85,94.65,94.8,0.0
2024-04-17 18:00:00-04:00,94.74,94.99,94.73,94.75,0.0
2024-04-17 19:00:00-04:00,94.99,94.99,94.75,94.75,0.0
2024-04-18 04:00:00-04:00,95.0,95.1,94.84,94.85,0.0
2024-04-18 05:00:00-04:00,94.84,94.99,94.77,94.9,0.0
2024-04-18 06:00:00-04:00,94.9,95.04,94.9,94.93,0.0
2024-04-18 07:00:00-04:00,94.92,95.09,94.81,94.91,0.0
2024-04-18 08:00:00-04:00,94.96,95.15,94.78,94.95,0.0
2024-04-18 09:00:00-04:00,95.0,95.14,94.8,95.04,0.0
2024-04-18 09:30:00-04:00,95.16000366210938,95.56999969482422,94.75,95.55729675292969,1365544.0
2024-04-18 10:30:00-04:00,95.54440307617188,95.6500015258789,95.25,95.30000305175781,986144.0
2024-04-18 11:30:00-04:00,95.30500030517578,95.39949798583984,95.05000305175781,95.2300033569336,734507.0
2024-04-18 12:30:00-04:00,95.2300033569336,95.23999786376953,94.52999877929688,94.80000305175781,835449.0
2024-04-18 13:30:00-04:00,94.78500366210938,95.0999984741211,94.55999755859375,94.99500274658203,825419.0
2024-04-18 14:30:00-04:00,94.99500274658203,95.625,94.93000030517578,95.55500030517578,1209749.0
2024-04-18 15:30:00-04:00,95.55999755859375,95.87999725341797,95.5,95.7300033569336,1765529.0
2024-04-18 16:00:00-04:00,95.74,95.86,89.3645,89.3645,0.0
2024-04-18 17:00:00-04:00,95.57,95.7,95.56,95.67,0.0
2024-04-18 18:00:00-04:00,95.68,95.74,95.65,95.7,0.0
2024-04-18 19:00:00-04:00,95.73,95.74,95.5,95.73,0.0
2024-04-19 04:00:00-04:00,94.0,94.93,94.0,94.85,0.0
2024-04-19 05:00:00-04:00,94.9,95.2,94.85,95.15,0.0
2024-04-19 06:00:00-04:00,94.99,95.19,94.91,95.07,0.0
2024-04-19 07:00:00-04:00,95.01,95.3,95.0,95.26,0.0
2024-04-19 08:00:00-04:00,95.27,95.71,93.0,95.4,0.0
2024-04-19 09:00:00-04:00,95.65,95.73,95.165,95.39,0.0
2024-04-19 09:30:00-04:00,95.41999816894531,96.22000122070312,95.3301010131836,96.16999816894531,1845989.0
2024-04-19 10:30:00-04:00,96.15850067138672,96.18000030517578,95.66000366210938,95.86000061035156,1956238.0
2024-04-19 11:30:00-04:00,95.83999633789062,96.0199966430664,94.94000244140625,95.0,1013755.0
2024-04-19 12:30:00-04:00,95.01000213623047,95.4000015258789,94.73670196533203,95.31400299072266,665245.0
2024-04-19 13:30:00-04:00,95.32279968261719,95.43000030517578,95.08999633789062,95.12999725341797,624197.0
2024-04-19 14:30:00-04:00,95.12999725341797,95.29000091552734,94.97000122070312,95.18000030517578,1576053.0
2024-04-19 15:30:00-04:00,95.18000030517578,95.19999694824219,94.48999786376953,94.52999877929688,1723094.0
2024-04-19 16:00:00-04:00,94.53,95.0,94.51,94.73,0.0
2024-04-19 17:00:00-04:00,94.57,95.2148,94.53,94.55,0.0
2024-04-19 18:00:00-04:00,94.58,94.75,94.51,94.51,0.0
2024-04-19 19:00:00-04:00,94.5,94.51,94.3,94.4,0.0
2024-04-22 04:00:00-04:00,94.53,94.98,94.53,94.81,0.0
2024-04-22 05:00:00-04:00,94.9,94.96,94.71,94.9,0.0
2024-04-22 06:00:00-04:00,94.9,94.95,94.82,94.95,0.0
2024-04-22 07:00:00-04:00,94.9,94.95,94.65,94.71,0.0
2024-04-22 08:00:00-04:00,94.81,95.09,94.53,94.91,0.0
2024-04-22 09:00:00-04:00,94.8,95.13,94.71,95.13,0.0
2024-04-22 09:30:00-04:00,94.62999725341797,94.97000122070312,93.94000244140625,94.55999755859375,2391073.0
2024-04-22 10:30:00-04:00,94.57499694824219,94.58999633789062,94.0,94.11000061035156,709875.0
2024-04-22 11:30:00-04:00,94.11000061035156,94.2300033569336,93.8499984741211,94.00499725341797,644038.0
2024-04-22 12:30:00-04:00,94.00499725341797,94.80500030517578,93.91999816894531,94.75,763182.0
2024-04-22 13:30:00-04:00,94.76000213623047,95.05999755859375,94.70999908447266,94.81500244140625,770289.0
2024-04-22 14:30:00-04:00,94.81500244140625,94.94499969482422,94.55000305175781,94.63500213623047,740072.0
2024-04-22 15:30:00-04:00,94.63500213623047,94.63500213623047,94.18000030517578,94.19000244140625,1157785.0
2024-04-22 16:00:00-04:00,94.19,94.81,94.01,94.03,0.0
2024-04-22 17:00:00-04:00,94.04,94.32,94.03,94.03,0.0
2024-04-22 18:00:00-04:00,94.24,94.32,94.03,94.03,0.0
2024-04-22 19:00:00-04:00,94.18,94.32,94.03,94.11,0.0
2024-04-23 04:00:00-04:00,94.49,94.49,94.31,94.49,0.0
2024-04-23 05:00:00-04:00,94.49,94.49,94.35,94.35,0.0
2024-04-23 06:00:00-04:00,94.45,94.45,94.35,94.45,0.0
2024-04-23 07:00:00-04:00,94.45,94.73,94.45,94.46,0.0
2024-04-23 08:00:00-04:00,94.5,94.7157,94.19,94.19,0.0
2024-04-23 09:00:00-04:00,94.19,94.785,94.19,94.45,0.0
2024-04-23 09:30:00-04:00,94.37000274658203,94.72000122070312,94.01000213623047,94.37999725341797,1521692.0
2024-04-23 10:30:00-04:00,94.37000274658203,94.66000366210938,94.29000091552734,94.36000061035156,763651.0
2024-04-23 11:30:00-04:00,94.36000061035156,94.56999969482422,94.1050033569336,94.45379638671875,632526.0
2024-04-23 12:30:00-04:00,94.44499969482422,94.67500305175781,94.36499786376953,94.64900207519531,570447.0
2024-04-23 13:30:00-04:00,94.6417007446289,94.66999816894531,94.36000061035156,94.44000244140625,621435.0
2024-04-23 14:30:00-04:00,94.44499969482422,94.50499725341797,94.26000213623047,94.3010025024414,462091.0
2024-04-23 15:30:00-04:00,94.30500030517578,94.32499694824219,93.91000366210938,94.02999877929688,914649.0
2024-04-23 16:00:00-04:00,94.02,94.36,93.95,94.1,0.0
2024-04-23 17:00:00-04:00,94.12,94.19,94.02,94.02,0.0
2024-04-23 18:00:00-04:00,94.02,94.1,94.0,94.0,0.0
2024-04-23 19:00:00-04:00,94.08,94.1,93.89,94.05,0.0
2024-04-24 04:00:00-04:00,94.25,94.39,94.1,94.2,0.0
2024-04-24 05:00:00-04:00,94.29,94.35,94.1,94.11,0.0
2024-04-24 06:00:00-04:00,94.12,94.29,94.1,94.25,0.0
2024-04-24 07:00:00-04:00,94.17,94.26,94.16,94.18,0.0
2024-04-24 08:00:00-04:00,94.17,94.32,93.94,94.07,0.0
2024-04-24 09:00:00-04:00,94.09,94.1,93.79,93.8,0.0
2024-04-24 09:30:00-04:00,94.0999984741211,94.81999969482422,94.0999984741211,94.66500091552734,1493132.0
2024-04-24 10:30:00-04:00,94.66999816894531,94.91000366210938,94.52999877929688,94.80000305175781,594538.0
2024-04-24 11:30:00-04:00,94.80999755859375,95.19090270996094,94.77999877929688,95.16500091552734,565946.0
2024-04-24 12:30:00-04:00,95.16000366210938,95.16000366210938,94.87999725341797,95.08999633789062,484421.0
2024-04-24 13:30:00-04:00,95.07499694824219,95.12999725341797,94.62999725341797,94.69740295410156,960714.0
2024-04-24 14:30:00-04:00,94.69000244140625,94.77999877929688,94.61000061035156,94.7322998046875,722722.0
2024-04-24 15:30:00-04:00,94.7300033569336,94.73500061035156,94.55000305175781,94.62000274658203,717509.0
2024-04-24 16:00:00-04:00,94.64,94.71,91.1681,94.7,0.0
2024-04-24 17:00:00-04:00,94.53,95.0,94.52,94.54,0.0
2024-04-24 18:00:00-04:00,94.54,95.0,94.54,94.89,0.0
2024-04-24 19:00:00-04:00,94.54,94.8777,94.4,94.6,0.0
2024-04-25 04:00:00-04:00,94.26,94.64,94.07,94.6,0.0
2024-04-25 05:00:00-04:00,94.6,94.65,94.6,94.64,0.0
2024-04-25 06:00:00-04:00,94.64,94.72,94.64,94.66,0.0
2024-04-25 07:00:00-04:00,94.72,94.74,94.55,94.66,0.0
2024-04-25 08:00:00-04:00,94.73,94.9,94.19,94.6,0.0
2024-04-25 09:00:00-04:00,94.73,94.73,93.8,93.8,0.0
2024-04-25 09:30:00-04:00,94.0,94.78910064697266,92.44000244140625,92.87000274658203,1106720.0
2024-04-25 10:30:00-04:00,92.87000274658203,93.31999969482422,92.81999969482422,93.29000091552734,607757.0
2024-04-25 11:30:00-04:00,93.27999877929688,93.71499633789062,93.19000244140625,93.62999725341797,523975.0
2024-04-25 12:30:00-04:00,93.63999938964844,93.87000274658203,93.61000061035156,93.7322998046875,316706.0
2024-04-25 13:30:00-04:00,93.7300033569336,94.18000030517578,93.7300033569336,93.87000274658203,347205.0
2024-04-25 14:30:00-04:00,93.86000061035156,94.26000213623047,93.75,94.22109985351562,521580.0
2024-04-25 15:30:00-04:00,94.22000122070312,94.2300033569336,93.77999877929688,93.97000122070312,868130.0
2024-04-25 16:00:00-04:00,93.94,94.5,93.88,94.17,0.0
2024-04-25 17:00:00-04:00,94.29,94.49,93.96,94.01,0.0
2024-04-25 18:00:00-04:00,94.0,94.49,93.96,94.49,0.0
2024-04-25 19:00:00-04:00,93.96,94.49,93.96,94.0,0.0
2024-04-26 04:00:00-04:00,93.94,94.45,93.94,94.21,0.0
2024-04-26 05:00:00-04:00,94.21,94.49,94.2,94.23,0.0
2024-04-26 06:00:00-04:00,94.23,94.46,94.23,94.27,0.0
2024-04-26 07:00:00-04:00,94.27,94.47,94.27,94.39,0.0
2024-04-26 08:00:00-04:00,94.33,94.5,93.92,94.5,0.0
2024-04-26 09:00:00-04:00,94.45,94.68,94.21,94.5,0.0
2024-04-26 09:30:00-04:00,94.58999633789062,95.41739654541016,94.43000030517578,95.18000030517578,1253387.0
2024-04-26 10:30:00-04:00,95.19000244140625,95.23999786376953,94.56999969482422,94.56999969482422,681560.0
2024-04-26 11:30:00-04:00,94.56999969482422,94.70999908447266,94.45999908447266,94.56999969482422,645226.0
2024-04-26 12:30:00-04:00,94.56999969482422,94.58000183105469,94.32499694824219,94.36000061035156,515267.0
2024-04-26 13:30:00-04:00,94.37000274658203,94.43000030517578,94.0199966430664,94.06999969482422,540465.0
2024-04-26 14:30:00-04:00,94.05999755859375,94.15499877929688,93.91000366210938,94.1500015258789,556436.0
2024-04-26 15:30:00-04:00,94.15499877929688,94.16000366210938,93.91000366210938,94.11000061035156,860173.0
2024-04-26 16:00:00-04:00,94.12,94.6,88.4,94.19,0.0
2024-04-26 17:00:00-04:00,94.15,94.2,94.12,94.2,0.0
2024-04-26 18:00:00-04:00,94.2,94.3,94.12,94.12,0.0
2024-04-26 19:00:00-04:00,94.3,94.3,94.12,94.12,0.0
2024-04-29 04:00:00-04:00,94.22,94.93,94.22,94.58,0.0
2024-04-29 05:00:00-04:00,94.5,94.58,94.27,94.35,0.0
2024-04-29 06:00:00-04:00,94.35,94.53,94.23,94.25,0.0
2024-04-29 07:00:00-04:00,94.27,94.59,94.25,94.34,0.0
2024-04-29 08:00:00-04:00,94.3,95.35,94.2097,94.36,0.0
2024-04-29 09:00:00-04:00,94.4,94.5,94.2,94.5,0.0
2024-04-29 09:30:00-04:00,94.44000244140625,94.88999938964844,93.8499984741211,94.30000305175781,920588.0
2024-04-29 10:30:00-04:00,94.30000305175781,94.31999969482422,94.04000091552734,94.08999633789062,393783.0
2024-04-29 11:30:00-04:00,94.08999633789062,94.45999908447266,94.05999755859375,94.30999755859375,425732.0
2024-04-29 12:30:00-04:00,94.33000183105469,94.33999633789062,93.95999908447266,94.08999633789062,766819.0
2024-04-29 13:30:00-04:00,94.0999984741211,94.11000061035156,93.94000244140625,93.9800033569336,436074.0
2024-04-29 14:30:00-04:00,93.9800033569336,94.06999969482422,93.69999694824219,93.80000305175781,486530.0
2024-04-29 15:30:00-04:00,93.80999755859375,94.14990234375,93.76000213623047,94.08000183105469,926401.0
2024-04-29 16:00:00-04:00,94.08,94.5,94.06,94.1,0.0
2024-04-29 17:00:00-04:00,94.13,94.14,94.1,94.11,0.0
2024-04-29 18:00:00-04:00,94.11,94.15,94.08,94.08,0.0
2024-04-29 19:00:00-04:00,94.12,94.15,94.08,94.1,0.0
2024-04-30 04:00:00-04:00,94.05,94.08,93.93,93.93,0.0
2024-04-30 05:00:00-04:00,94.05,94.18,93.94,94.18,0.0
2024-04-30 06:00:00-04:00,94.02,94.04,93.9,93.93,0.0
2024-04-30 07:00:00-04:00,93.93,94.16,93.91,94.0,0.0
2024-04-30 08:00:00-04:00,94.0,94.24,93.8,93.8,0.0
2024-04-30 09:00:00-04:00,93.8,94.54,93.45,93.85,0.0
2024-04-30 09:30:00-04:00,92.91000366210938,93.51000213623047,92.72799682617188,93.02999877929688,1008696.0
2024-04-30 10:30:00-04:00,93.03990173339844,93.43000030517578,92.86000061035156,92.97000122070312,523940.0
2024-04-30 11:30:00-04:00,92.9800033569336,93.25,92.80999755859375,93.19000244140625,520339.0
2024-04-30 12:30:00-04:00,93.19999694824219,93.19999694824219,92.83499908447266,92.95999908447266,444545.0
2024-04-30 13:30:00-04:00,92.94950103759766,93.05999755859375,92.66000366210938,92.67500305175781,420926.0
2024-04-30 14:30:00-04:00,92.67500305175781,92.75499725341797,92.33999633789062,92.51000213623047,756862.0
2024-04-30 15:30:00-04:00,92.5199966430664,92.62999725341797,92.25,92.26000213623047,1184972.0
2024-04-30 16:00:00-04:00,92.26,92.6,92.1,92.31,0.0
2024-04-30 17:00:00-04:00,92.3,92.32,92.12,92.15,0.0
2024-04-30 18:00:00-04:00,92.15,93.11,92.03,92.32,0.0
2024-04-30 19:00:00-04:00,92.07,92.32,92.03,92.25,0.0
2024-05-01 04:00:00-04:00,92.26,92.29,92.03,92.03,0.0
2024-05-01 05:00:00-04:00,92.03,92.17,91.8,91.9,0.0
2024-05-01 06:00:00-04:00,92.0,92.21,91.68,91.68,0.0
2024-05-01 07:00:00-04:00,91.68,92.09,91.68,91.9,0.0
2024-05-01 08:00:00-04:00,91.9,95.23,91.88,92.06,0.0
2024-05-01 09:00:00-04:00,92.1133,93.305,92.0,92.05,0.0
2024-05-01 09:30:00-04:00,91.80999755859375,91.87000274658203,90.55999755859375,90.5999984741211,1628804.0
2024-05-01 10:30:00-04:00,90.61000061035156,90.70999908447266,90.08999633789062,90.4000015258789,1026451.0
2024-05-01 11:30:00-04:00,90.3949966430664,90.56999969482422,90.2406997680664,90.55999755859375,613241.0
2024-05-01 12:30:00-04:00,90.55000305175781,90.58999633789062,90.25,90.30999755859375,710547.0
2024-05-01 13:30:00-04:00,90.31999969482422,90.6875,90.2699966430664,90.6875,1550993.0
2024-05-01 14:30:00-04:00,90.69000244140625,91.58999633789062,90.36910247802734,91.30999755859375,1219817.0
2024-05-01 15:30:00-04:00,91.30999755859375,91.30999755859375,90.30999755859375,90.3197021484375,1630020.0
2024-05-01 16:00:00-04:00,90.31,95.6597,90.28,90.45,0.0
2024-05-01 17:00:00-04:00,90.43,91.0,90.34,90.62,0.0
2024-05-01 18:00:00-04:00,90.62,90.9,90.45,90.85,0.0
2024-05-01 19:00:00-04:00,90.63,90.98,90.41,90.85,0.0
2024-05-02 04:00:00-04:00,90.97,91.23,90.88,91.21,0.0
2024-05-02 05:00:00-04:00,91.21,91.27,90.99,91.06,0.0
2024-05-02 06:00:00-04:00,91.06,91.23,91.04,91.23,0.0
2024-05-02 07:00:00-04:00,91.16,91.25,91.09,91.1,0.0
2024-05-02 08:00:00-04:00,91.11,91.785,90.75,91.1,0.0
2024-05-02 09:00:00-04:00,91.192,91.4,90.34,91.1,0.0
2024-05-02 09:30:00-04:00,91.33000183105469,92.26000213623047,90.91000366210938,92.0199966430664,1502939.0
2024-05-02 10:30:00-04:00,92.01499938964844,92.01499938964844,91.33000183105469,91.60600280761719,718876.0
2024-05-02 11:30:00-04:00,91.61000061035156,91.875,91.45999908447266,91.62000274658203,809593.0
2024-05-02 12:30:00-04:00,91.625,92.0999984741211,91.51000213623047,91.95500183105469,624476.0
2024-05-02 13:30:00-04:00,91.95999908447266,92.33999633789062,91.91999816894531,92.23999786376953,611626.0
2024-05-02 14:30:00-04:00,92.23500061035156,92.44999694824219,92.22000122070312,92.34010314941406,734312.0
2024-05-02 15:30:00-04:00,92.3499984741211,92.43000030517578,92.13999938964844,92.43000030517578,1099900.0
2024-05-02 16:00:00-04:00,92.41,92.5,89.3645,92.44,0.0
2024-05-02 17:00:00-04:00,92.4362,92.48,92.34,92.37,0.0
2024-05-02 18:00:00-04:00,92.35,92.5,92.2,92.43,0.0
2024-05-02 19:00:00-04:00,92.23,92.49,92.22,92.45,0.0
2024-05-03 04:00:00-04:00,92.64,92.64,92.32,92.44,0.0
2024-05-03 05:00:00-04:00,92.44,92.48,92.38,92.4,0.0
2024-05-03 06:00:00-04:00,92.42,92.5,92.38,92.5,0.0
2024-05-03 07:00:00-04:00,92.5,92.54,92.39,92.5,0.0
2024-05-03 08:00:00-04:00,92.5,92.64,92.25,92.37,0.0
2024-05-03 09:00:00-04:00,92.5,93.8,92.41,93.15,0.0
2024-05-03 09:30:00-04:00,93.08999633789062,93.6500015258789,92.29000091552734,92.52010345458984,1217363.0
2024-05-03 10:30:00-04:00,92.54000091552734,92.61000061035156,91.88999938964844,91.96019744873047,695256.0
2024-05-03 11:30:00-04:00,91.9800033569336,92.30000305175781,91.87000274658203,92.24500274658203,627417.0
2024-05-03 12:30:00-04:00,92.25,92.33650207519531,92.11000061035156,92.23500061035156,478858.0
2024-05-03 13:30:00-04:00,92.23999786376953,92.38999938964844,92.21499633789062,92.33999633789062,417319.0
2024-05-03 14:30:00-04:00,92.33000183105469,92.4800033569336,92.27079772949219,92.33499908447266,587296.0
2024-05-03 15:30:00-04:00,92.33499908447266,92.44000244140625,92.1500015258789,92.1500015258789,852712.0
2024-05-03 16:00:00-04:00,92.15,95.2148,92.0,92.24,0.0
2024-05-03 17:00:00-04:00,92.2,92.28,92.15,92.24,0.0
2024-05-03 18:00:00-04:00,92.28,92.41,92.15,92.39,0.0
2024-05-03 19:00:00-04:00,92.41,92.41,92.25,92.32,0.0
2024-05-06 04:00:00-04:00,92.7,92.7,92.41,92.5,0.0
2024-05-06 05:00:00-04:00,92.59,92.72,92.55,92.55,0.0
2024-05-06 06:00:00-04:00,92.56,92.88,92.56,92.88,0.0
2024-05-06 07:00:00-04:00,92.88,92.94,92.76,92.8,0.0
2024-05-06 08:00:00-04:00,92.81,93.15,92.1,93.0,0.0
2024-05-06 09:00:00-04:00,93.01,93.3,92.76,93.0,0.0
2024-05-06 09:30:00-04:00,92.80999755859375,93.0,92.48999786376953,92.91000366210938,1048992.0
2024-05-06 10:30:00-04:00,92.91000366210938,93.02999877929688,92.58000183105469,92.62999725341797,760324.0
2024-05-06 11:30:00-04:00,92.62000274658203,92.83999633789062,92.4800033569336,92.56999969482422,558659.0
2024-05-06 12:30:00-04:00,92.56999969482422,93.13999938964844,92.54000091552734,93.13999938964844,873485.0
2024-05-06 13:30:00-04:00,93.13999938964844,93.33000183105469,93.12000274658203,93.20999908447266,635125.0
2024-05-06 14:30:00-04:00,93.20999908447266,93.2300033569336,92.87000274658203,92.94000244140625,846388.0
2024-05-06 15:30:00-04:00,92.94000244140625,93.37000274658203,92.87000274658203,93.36000061035156,1096013.0
2024-05-06 16:00:00-04:00,93.36,93.48,87.3628,93.33,0.0
2024-05-06 17:00:00-04:00,93.36,93.36,93.0,93.28,0.0
2024-05-06 18:00:00-04:00,93.32,93.32,93.05,93.29,0.0
2024-05-06 19:00:00-04:00,93.07,93.3,93.0,93.1,0.0
2024-05-07 04:00:00-04:00,93.65,93.9,93.35,93.5,0.0
2024-05-07 05:00:00-04:00,93.5,94.5,93.48,94.19,0.0
2024-05-07 06:00:00-04:00,94.44,94.7,94.14,94.2,0.0
2024-05-07 07:00:00-04:00,94.2,94.48,93.52,93.67,0.0
2024-05-07 08:00:00-04:00,93.67,94.2633,93.36,94.1,0.0
2024-05-07 09:00:00-04:00,94.1,94.2,93.86,94.14,0.0
2024-05-07 09:30:00-04:00,94.08000183105469,94.13999938964844,93.22000122070312,93.93000030517578,1824151.0
2024-05-07 10:30:00-04:00,93.91999816894531,94.31500244140625,93.69999694824219,93.69999694824219,783257.0
2024-05-07 11:30:00-04:00,93.70999908447266,93.73999786376953,93.38999938964844,93.58000183105469,607426.0
2024-05-07 12:30:00-04:00,93.58000183105469,93.58999633789062,93.26000213623047,93.37000274658203,461749.0
2024-05-07 13:30:00-04:00,93.37999725341797,93.62000274658203,93.20999908447266,93.58999633789062,514997.0
2024-05-07 14:30:00-04:00,93.5999984741211,93.79000091552734,93.4800033569336,93.69719696044922,579136.0
2024-05-07 15:30:00-04:00,93.69000244140625,93.87999725341797,93.6500015258789,93.7699966430664,848417.0
2024-05-07 16:00:00-04:00,93.78,93.91,93.712,93.8,0.0
2024-05-07 17:00:00-04:00,93.8,93.8,93.72,93.77,0.0
2024-05-07 18:00:00-04:00,93.77,93.8,93.7,93.75,0.0
2024-05-07 19:00:00-04:00,93.711,93.8,93.71,93.76,0.0
2024-05-08 04:00:00-04:00,93.78,93.82,93.78,93.78,0.0
2024-05-08 05:00:00-04:00,93.96,94.0,93.8,93.99,0.0
2024-05-08 06:00:00-04:00,93.99,93.99,93.79,93.98,0.0
2024-05-08 07:00:00-04:00,93.98,93.98,93.72,93.73,0.0
2024-05-08 08:00:00-04:00,93.72,94.0,93.35,93.42,0.0
2024-05-08 09:00:00-04:00,93.37,93.9,93.25,93.25,0.0
2024-05-08 09:30:00-04:00,93.12000274658203,93.38999938964844,92.7300033569336,92.94999694824219,884563.0
2024-05-08 10:30:00-04:00,92.95999908447266,93.44110107421875,92.94999694824219,93.4000015258789,470975.0
2024-05-08 11:30:00-04:00,93.3906021118164,93.52999877929688,93.27999877929688,93.31999969482422,309774.0
2024-05-08 12:30:00-04:00,93.33000183105469,93.3385009765625,93.11000061035156,93.1500015258789,318909.0
2024-05-08 13:30:00-04:00,93.1500015258789,93.41000366210938,93.1500015258789,93.3499984741211,337312.0
2024-05-08 14:30:00-04:00,93.33999633789062,93.36000061035156,93.12000274658203,93.26000213623047,408085.0
2024-05-08 15:30:00-04:00,93.26000213623047,93.63999938964844,93.2300033569336,93.58000183105469,576803.0
2024-05-08 16:00:00-04:00,93.59,93.6503,91.1681,93.56,0.0
2024-05-08 17:00:00-04:00,93.55,93.59,93.3,93.5,0.0
2024-05-08 18:00:00-04:00,93.5,93.59,93.43,93.59,0.0
2024-05-08 19:00:00-04:00,93.5892,93.59,93.45,93.51,0.0
2024-05-09 04:00:00-04:00,93.55,93.74,93.51,93.69,0.0
2024-05-09 05:00:00-04:00,93.68,93.68,93.52,93.52,0.0
2024-05-09 06:00:00-04:00,93.52,93.55,93.31,93.53,0.0
2024-05-09 07:00:00-04:00,93.53,93.62,93.53,93.56,0.0
2024-05-09 08:00:00-04:00,93.56,93.75,93.45,93.68,0.0
2024-05-09 09:00:00-04:00,93.68,93.75,93.51,93.71,0.0
2024-05-09 09:30:00-04:00,93.63999938964844,93.77999877929688,93.01000213623047,93.54000091552734,1367379.0
2024-05-09 10:30:00-04:00,93.54000091552734,93.74500274658203,93.29000091552734,93.41999816894531,671260.0
2024-05-09 11:30:00-04:00,93.41000366210938,93.61000061035156,93.25,93.30000305175781,496704.0
2024-05-09 12:30:00-04:00,93.30000305175781,93.94999694824219,93.30000305175781,93.93499755859375,481946.0
2024-05-09 13:30:00-04:00,93.94000244140625,93.9800033569336,93.61000061035156,93.62000274658203,668938.0
2024-05-09 14:30:00-04:00,93.61000061035156,93.63999938964844,93.26499938964844,93.27999877929688,583823.0
2024-05-09 15:30:00-04:00,93.27999877929688,93.41999816894531,93.20999908447266,93.38999938964844,901649.0
2024-05-09 16:00:00-04:00,93.39,93.5,93.21,93.39,0.0
2024-05-09 17:00:00-04:00,93.47,93.5,93.39,93.49,0.0
2024-05-09 18:00:00-04:00,93.49,93.59,93.39,93.59,0.0
2024-05-09 19:00:00-04:00,93.52,93.56,93.39,93.42,0.0
2024-05-10 04:00:00-04:00,93.66,94.0,93.53,93.76,0.0
2024-05-10 05:00:00-04:00,93.91,93.91,93.75,93.89,0.0
2024-05-10 06:00:00-04:00,93.82,93.91,93.73,93.73,0.0
2024-05-10 07:00:00-04:00,93.82,93.9,93.66,93.76,0.0
2024-05-10 08:00:00-04:00,93.76,93.91,93.4,93.89,0.0
2024-05-10 09:00:00-04:00,93.7,93.89,93.2387,93.82,0.0
2024-05-10 09:30:00-04:00,93.06999969482422,93.13500213623047,92.0,92.05500030517578,2077049.0
2024-05-10 10:30:00-04:00,92.05999755859375,92.12999725341797,91.77999877929688,91.86000061035156,1309176.0
2024-05-10 11:30:00-04:00,91.8499984741211,91.91999816894531,91.37999725341797,91.41999816894531,1140876.0
2024-05-10 12:30:00-04:00,91.41999816894531,91.47000122070312,91.19000244140625,91.45999908447266,973978.0
2024-05-10 13:30:00-04:00,91.45999908447266,91.62999725341797,91.22000122070312,91.29000091552734,748650.0
2024-05-10 14:30:00-04:00,91.2699966430664,91.2750015258789,90.91000366210938,90.94000244140625,1107410.0
2024-05-10 15:30:00-04:00,90.94999694824219,91.18000030517578,90.87999725341797,90.91200256347656,1904792.0
2024-05-10 16:00:00-04:00,90.94,91.5793,90.89,90.96,0.0
2024-05-10 17:00:00-04:00,90.96,90.99,90.7732,90.7732,0.0
2024-05-10 18:00:00-04:00,90.89,90.9,90.8,90.8985,0.0
2024-05-10 19:00:00-04:00,90.9,90.94,90.85,90.9,0.0
2024-05-13 04:00:00-04:00,90.94,91.39,90.94,91.24,0.0
2024-05-13 05:00:00-04:00,91.28,91.5,91.24,91.38,0.0
2024-05-13 06:00:00-04:00,91.38,91.5,91.21,91.44,0.0
2024-05-13 07:00:00-04:00,91.42,91.5,91.23,91.35,0.0
2024-05-13 08:00:00-04:00,91.33,91.64,90.85,91.48,0.0
2024-05-13 09:00:00-04:00,91.46,94.53,91.3032,91.79,0.0
2024-05-13 09:30:00-04:00,91.2699966430664,92.4749984741211,91.1500015258789,92.07499694824219,2364658.0
2024-05-13 10:30:00-04:00,92.07499694824219,92.44999694824219,91.75,91.75,802566.0
2024-05-13 11:30:00-04:00,91.7300033569336,91.94249725341797,91.62000274658203,91.8499984741211,681475.0
2024-05-13 12:30:00-04:00,91.8499984741211,92.04000091552734,91.7699966430664,91.94999694824219,714242.0
2024-05-13 13:30:00-04:00,91.95500183105469,92.2396011352539,91.94999694824219,92.22000122070312,548594.0
2024-05-13 14:30:00-04:00,92.22000122070312,92.47000122070312,92.19999694824219,92.36499786376953,862845.0
2024-05-13 15:30:00-04:00,92.36000061035156,92.7699966430664,92.31999969482422,92.73999786376953,1238070.0
2024-05-13 16:00:00-04:00,92.72,92.74,91.13,92.55,0.0
2024-05-13 17:00:00-04:00,92.56,92.7,92.5,92.5,0.0
2024-05-13 18:00:00-04:00,92.56,92.7,92.5,92.516,0.0
2024-05-13 19:00:00-04:00,92.5,92.7,92.5,92.5,0.0
2024-05-14 04:00:00-04:00,92.7,92.94,92.7,92.93,0.0
2024-05-14 05:00:00-04:00,92.93,92.97,92.85,92.95,0.0
2024-05-14 06:00:00-04:00,92.96,93.0,92.85,92.9,0.0
2024-05-14 07:00:00-04:00,92.99,93.0,92.69,92.8,0.0
2024-05-14 08:00:00-04:00,92.69,93.2337,92.45,92.75,0.0
2024-05-14 09:00:00-04:00,92.81,93.25,92.42,93.0,0.0
2024-05-14 09:30:00-04:00,92.98999786376953,94.33999633789062,92.98999786376953,93.56999969482422,1718526.0
2024-05-14 10:30:00-04:00,93.55000305175781,93.56999969482422,93.16999816894531,93.3499984741211,677492.0
2024-05-14 11:30:00-04:00,93.34500122070312,93.44000244140625,93.05000305175781,93.13999938964844,701507.0
2024-05-14 12:30:00-04:00,93.13500213623047,93.22000122070312,92.91000366210938,93.05000305175781,628650.0
2024-05-14 13:30:00-04:00,93.05000305175781,93.07499694824219,92.73999786376953,92.92340087890625,734174.0
2024-05-14 14:30:00-04:00,92.94000244140625,93.02989959716797,92.5999984741211,92.95999908447266,906884.0
2024-05-14 15:30:00-04:00,92.95500183105469,93.06999969482422,92.77999877929688,92.79000091552734,992752.0
2024-05-14 16:00:00-04:00,92.79,93.14,90.7588,92.8,0.0
2024-05-14 17:00:00-04:00,92.99,92.99,92.7601,92.7601,0.0
2024-05-14 18:00:00-04:00,92.91,92.98,92.76,92.9,0.0
2024-05-14 19:00:00-04:00,92.85,92.95,92.76,92.95,0.0
2024-05-15 04:00:00-04:00,92.95,93.09,92.5,92.99,0.0
2024-05-15 05:00:00-04:00,92.98,93.09,92.98,93.09,0.0
2024-05-15 06:00:00-04:00,93.09,93.09,92.98,92.98,0.0
2024-05-15 07:00:00-04:00,93.03,93.5,93.03,93.03,0.0
2024-05-15 08:00:00-04:00,93.1,93.4,92.67,92.86,0.0
2024-05-15 09:00:00-04:00,92.8511,93.79,92.8511,93.21,0.0
2024-05-15 09:30:00-04:00,92.29000091552734,92.62000274658203,91.75,92.30500030517578,1995920.0
2024-05-15 10:30:00-04:00,92.30000305175781,92.47000122070312,91.93000030517578,92.2300033569336,4596317.0
2024-05-15 11:30:00-04:00,92.25,92.41999816894531,91.30999755859375,91.31999969482422,1436169.0
2024-05-15 12:30:00-04:00,91.31999969482422,91.4636001586914,90.87000274658203,91.4000015258789,1894089.0
2024-05-15 13:30:00-04:00,91.41000366210938,91.41000366210938,90.91999816894531,90.95500183105469,1366911.0
2024-05-15 14:30:00-04:00,90.95500183105469,91.19999694824219,90.8499984741211,91.07050323486328,1274588.0
2024-05-15 15:30:00-04:00,91.06999969482422,91.69999694824219,91.05000305175781,91.68000030517578,1842601.0
2024-05-15 16:00:00-04:00,91.67,92.7129,91.1,91.59,0.0
2024-05-15 17:00:00-04:00,91.58,91.67,91.55,91.6,0.0
2024-05-15 18:00:00-04:00,91.6,91.6,91.55,91.6,0.0
2024-05-15 19:00:00-04:00,91.5983,91.95,91.57,91.8,0.0
2024-05-16 04:00:00-04:00,92.16,92.16,91.85,91.89,0.0
2024-05-16 05:00:00-04:00,91.91,92.04,91.82,91.91,0.0
2024-05-16 06:00:00-04:00,91.85,92.0,91.8,91.92,0.0
2024-05-16 07:00:00-04:00,91.93,91.99,91.85,91.85,0.0
2024-05-16 08:00:00-04:00,91.85,92.16,91.17,91.88,0.0
2024-05-16 09:00:00-04:00,91.91,91.91,91.35,91.49,0.0
2024-05-16 09:30:00-04:00,91.69000244140625,92.83999633789062,91.52999877929688,92.5999984741211,1935488.0
2024-05-16 10:30:00-04:00,92.61000061035156,92.63999938964844,92.33000183105469,92.41999816894531,1206699.0
2024-05-16 11:30:00-04:00,92.41200256347656,92.66999816894531,92.30999755859375,92.63999938964844,899779.0
2024-05-16 12:30:00-04:00,92.63500213623047,92.6500015258789,92.27839660644531,92.33999633789062,796627.0
2024-05-16 13:30:00-04:00,92.33999633789062,92.38999938964844,92.05000305175781,92.16000366210938,1291211.0
2024-05-16 14:30:00-04:00,92.16120147705078,92.2300033569336,91.80000305175781,91.91000366210938,1940948.0
2024-05-16 15:30:00-04:00,91.9000015258789,91.94000244140625,91.7300033569336,91.7699966430664,2015821.0
2024-05-16 16:00:00-04:00,91.77,91.95,89.3645,91.77,0.0
2024-05-16 17:00:00-04:00,91.77,92.1,89.3645,91.79,0.0
2024-05-16 18:00:00-04:00,91.9,91.9,91.75,91.81,0.0
2024-05-16 19:00:00-04:00,91.88,91.91,91.75,91.83,0.0
2024-05-17 04:00:00-04:00,92.12,92.26,91.9,91.93,0.0
2024-05-17 05:00:00-04:00,91.93,91.93,91.8,91.93,0.0
2024-05-17 06:00:00-04:00,91.8,91.99,91.8,91.9,0.0
2024-05-17 07:00:00-04:00,91.98,92.0,91.91,91.94,0.0
2024-05-17 08:00:00-04:00,91.99,92.38,91.8,91.81,0.0
2024-05-17 09:00:00-04:00,91.88,92.14,91.8122,92.02,0.0
2024-05-17 09:30:00-04:00,92.01000213623047,92.29000091552734,91.33999633789062,91.91000366210938,1892668.0
2024-05-17 10:30:00-04:00,91.90339660644531,92.19000244140625,91.83999633789062,92.08200073242188,1219606.0
2024-05-17 11:30:00-04:00,92.08999633789062,92.22000122070312,91.87999725341797,91.87999725341797,1539473.0
2024-05-17 12:30:00-04:00,91.87000274658203,91.98999786376953,91.73999786376953,91.80000305175781,708113.0
2024-05-17 13:30:00-04:00,91.8009033203125,91.96900177001953,91.69999694824219,91.92659759521484,2258270.0
2024-05-17 14:30:00-04:00,91.92500305175781,92.08000183105469,91.87000274658203,92.04000091552734,945871.0
2024-05-17 15:30:00-04:00,92.02999877929688,92.19000244140625,91.99500274658203,92.18499755859375,1558382.0
2024-05-17 16:00:00-04:00,92.18,92.18,91.7,92.12,0.0
2024-05-17 17:00:00-04:00,92.09,95.2148,92.0,92.1783,0.0
2024-05-17 18:00:00-04:00,92.18,92.18,92.09,92.18,0.0
2024-05-17 19:00:00-04:00,92.18,92.2,92.09,92.1998,0.0
2024-05-20 04:00:00-04:00,92.5,92.5,92.2,92.3,0.0
2024-05-20 05:00:00-04:00,92.3,92.3,92.21,92.27,0.0
2024-05-20 06:00:00-04:00,92.27,92.32,92.21,92.32,0.0
2024-05-20 07:00:00-04:00,92.32,92.34,92.2,92.25,0.0
2024-05-20 08:00:00-04:00,92.26,92.65,92.19,92.26,0.0
2024-05-20 09:00:00-04:00,92.28,92.3,92.11,92.12,0.0
2024-05-20 09:30:00-04:00,92.25,92.69999694824219,91.91000366210938,92.30999755859375,1642408.0
2024-05-20 10:30:00-04:00,92.306396484375,92.306396484375,91.58999633789062,91.62000274658203,1141248.0
2024-05-20 11:30:00-04:00,91.62999725341797,91.73999786376953,91.2249984741211,91.29000091552734,913211.0
2024-05-20 12:30:00-04:00,91.29149627685547,91.38999938964844,91.0199966430664,91.04499816894531,820406.0
2024-05-20 13:30:00-04:00,91.04000091552734,91.11940002441406,90.83000183105469,91.0999984741211,1196915.0
2024-05-20 14:30:00-04:00,91.11000061035156,91.58999633789062,91.0999984741211,91.57499694824219,973798.0
2024-05-20 15:30:00-04:00,91.57499694824219,91.80000305175781,91.38999938964844,91.77999877929688,1288195.0
2024-05-20 16:00:00-04:00,91.77,91.85,87.3628,91.82,0.0
2024-05-20 17:00:00-04:00,91.77,91.85,91.77,91.85,0.0
2024-05-20 18:00:00-04:00,91.83,91.85,91.68,91.7,0.0
2024-05-20 19:00:00-04:00,91.7682,91.77,91.68,91.68,0.0
2024-05-21 04:00:00-04:00,91.68,91.92,91.65,91.77,0.0
2024-05-21 05:00:00-04:00,91.8,91.98,91.66,91.91,0.0
2024-05-21 06:00:00-04:00,91.91,91.91,91.77,91.77,0.0
2024-05-21 07:00:00-04:00,91.77,91.85,91.72,91.75,0.0
2024-05-21 08:00:00-04:00,91.67,92.0,91.55,91.85,0.0
2024-05-21 09:00:00-04:00,91.88,91.98,91.55,91.75,0.0
2024-05-21 09:30:00-04:00,91.56999969482422,92.01000213623047,91.44999694824219,91.83999633789062,1124910.0
2024-05-21 10:30:00-04:00,91.83999633789062,92.37999725341797,91.80999755859375,92.3499984741211,1063734.0
2024-05-21 11:30:00-04:00,92.36000061035156,92.41000366210938,91.86000061035156,92.0999984741211,914301.0
2024-05-21 12:30:00-04:00,92.0999984741211,92.19000244140625,92.04000091552734,92.12999725341797,505148.0
2024-05-21 13:30:00-04:00,92.13999938964844,92.23999786376953,92.05000305175781,92.22000122070312,536800.0
2024-05-21 14:30:00-04:00,92.22000122070312,92.44000244140625,92.1500015258789,92.44000244140625,787926.0
2024-05-21 15:30:00-04:00,92.43499755859375,92.8499984741211,92.41000366210938,92.83000183105469,1197999.0
2024-05-21 16:00:00-04:00,92.82,92.83,91.8,92.73,0.0
2024-05-21 17:00:00-04:00,92.48,92.74,92.48,92.7,0.0
2024-05-21 18:00:00-04:00,92.69,92.73,92.51,92.66,0.0
2024-05-21 19:00:00-04:00,92.66,92.88,92.62,92.82,0.0
2024-05-22 04:00:00-04:00,92.9,92.95,92.59,92.77,0.0
2024-05-22 05:00:00-04:00,92.7,92.7,92.54,92.7,0.0
2024-05-22 06:00:00-04:00,92.62,92.76,92.62,92.62,0.0
2024-05-22 07:00:00-04:00,92.7,92.78,92.62,92.7,0.0
2024-05-22 08:00:00-04:00,92.64,92.89,92.51,92.8,0.0
2024-05-22 09:00:00-04:00,92.8,92.85,92.65,92.67,0.0
2024-05-22 09:30:00-04:00,91.94999694824219,92.75,91.6500015258789,92.56999969482422,1573404.0
2024-05-22 10:30:00-04:00,92.56500244140625,92.61000061035156,92.29000091552734,92.45500183105469,844961.0
2024-05-22 11:30:00-04:00,92.44999694824219,92.69000244140625,92.37999725341797,92.67500305175781,478975.0
2024-05-22 12:30:00-04:00,92.68000030517578,92.76000213623047,92.58000183105469,92.69499969482422,491533.0
2024-05-22 13:30:00-04:00,92.69000244140625,92.72000122070312,92.27999877929688,92.44000244140625,649772.0
2024-05-22 14:30:00-04:00,92.44000244140625,92.48999786376953,92.31999969482422,92.3499984741211,755213.0
2024-05-22 15:30:00-04:00,92.3550033569336,92.55000305175781,92.31500244140625,92.5,1038751.0
2024-05-22 16:00:00-04:00,92.5,92.68,91.1681,92.47,0.0
2024-05-22 17:00:00-04:00,92.47,92.5,92.0,92.38,0.0
2024-05-22 18:00:00-04:00,92.0914,92.57,92.05,92.35,0.0
2024-05-22 19:00:00-04:00,92.34,92.57,92.05,92.44,0.0
2024-05-23 04:00:00-04:00,92.7,92.7,92.43,92.65,0.0
2024-05-23 05:00:00-04:00,92.53,92.53,92.1,92.24,0.0
2024-05-23 06:00:00-04:00,92.24,92.25,92.06,92.17,0.0
2024-05-23 07:00:00-04:00,92.24,92.3,92.1,92.17,0.0
2024-05-23 08:00:00-04:00,92.29,92.7,92.05,92.5538,0.0
2024-05-23 09:00:00-04:00,92.55,92.7,92.55,92.66,0.0
2024-05-23 09:30:00-04:00,92.44999694824219,92.58000183105469,91.73500061035156,91.80999755859375,1414365.0
2024-05-23 10:30:00-04:00,91.80999755859375,91.97899627685547,91.61219787597656,91.68000030517578,735581.0
2024-05-23 11:30:00-04:00,91.68000030517578,92.16000366210938,91.68000030517578,92.1500015258789,650601.0
2024-05-23 12:30:00-04:00,92.16000366210938,92.18000030517578,91.89790344238281,91.9800033569336,621044.0
2024-05-23 13:30:00-04:00,91.9802017211914,91.98999786376953,91.22000122070312,91.29000091552734,949959.0
2024-05-23 14:30:00-04:00,91.29000091552734,91.38500213623047,91.18000030517578,91.22000122070312,931009.0
2024-05-23 15:30:00-04:00,91.22000122070312,91.46499633789062,91.1500015258789,91.4000015258789,1371117.0
2024-05-23 16:00:00-04:00,91.4,91.6,91.36,91.53,0.0
2024-05-23 17:00:00-04:00,91.53,91.53,91.4,91.48,0.0
2024-05-23 18:00:00-04:00,91.48,91.6,91.38,91.6,0.0
2024-05-23 19:00:00-04:00,91.49,91.6,91.38,91.47,0.0
2024-05-24 04:00:00-04:00,91.55,91.55,91.3,91.52,0.0
2024-05-24 05:00:00-04:00,91.52,91.96,91.42,91.71,0.0
2024-05-24 06:00:00-04:00,91.71,91.8,91.71,91.76,0.0
2024-05-24 07:00:00-04:00,91.76,91.86,91.65,91.75,0.0
2024-05-24 08:00:00-04:00,91.66,91.98,91.05,91.78,0.0
2024-05-24 09:00:00-04:00,91.77,92.0,91.685,91.86,0.0
2024-05-24 09:30:00-04:00,91.7699966430664,92.20010375976562,91.58000183105469,91.73999786376953,1498618.0
2024-05-24 10:30:00-04:00,91.74800109863281,91.80000305175781,91.48999786376953,91.66000366210938,919206.0
2024-05-24 11:30:00-04:00,91.66000366210938,91.90499877929688,91.63999938964844,91.8104019165039,668963.0
2024-05-24 12:30:00-04:00,91.81999969482422,91.95999908447266,91.76000213623047,91.95500183105469,448445.0
2024-05-24 13:30:00-04:00,91.94999694824219,92.06999969482422,91.79000091552734,91.80999755859375,629040.0
2024-05-24 14:30:00-04:00,91.80999755859375,91.91999816894531,91.7699966430664,91.86000061035156,826674.0
2024-05-24 15:30:00-04:00,91.8499984741211,91.90499877929688,91.69000244140625,91.73999786376953,1152357.0
2024-05-24 16:00:00-04:00,91.74,91.9,91.6065,91.88,0.0
2024-05-24 17:00:00-04:00,91.87,91.92,91.6,91.6,0.0
2024-05-24 18:00:00-04:00,91.79,91.92,91.6,91.8,0.0
2024-05-24 19:00:00-04:00,91.8,91.92,91.6,91.68,0.0
2024-05-28 04:00:00-04:00,92.0,92.39,91.7,92.0,0.0
2024-05-28 05:00:00-04:00,92.0,92.18,91.85,92.15,0.0
2024-05-28 06:00:00-04:00,92.15,92.16,91.97,91.97,0.0
2024-05-28 07:00:00-04:00,91.97,92.06,91.85,91.9,0.0
2024-05-28 08:00:00-04:00,91.92,92.39,91.7,91.9,0.0
2024-05-28 09:00:00-04:00,91.9,91.9,91.75,91.76,0.0
2024-05-28 09:30:00-04:00,91.73999786376953,92.51499938964844,91.3499984741211,92.11000061035156,3434440.0
2024-05-28 10:30:00-04:00,92.11000061035156,92.13999938964844,91.91999816894531,91.92669677734375,1125484.0
2024-05-28 11:30:00-04:00,91.92839813232422,91.97000122070312,91.87000274658203,91.91999816894531,644979.0
2024-05-28 12:30:00-04:00,91.92500305175781,92.05000305175781,91.82499694824219,91.95999908447266,360669.0
2024-05-28 13:30:00-04:00,91.95999908447266,92.05000305175781,91.91000366210938,92.00499725341797,572840.0
2024-05-28 14:30:00-04:00,92.01000213623047,92.01000213623047,91.81500244140625,91.8949966430664,829023.0
2024-05-28 15:30:00-04:00,91.8949966430664,92.0999984741211,91.87000274658203,91.98999786376953,1625084.0
2024-05-28 16:00:00-04:00,91.98,92.08,91.89,91.89,0.0
2024-05-28 17:00:00-04:00,91.89,92.01,88.4,91.75,0.0
2024-05-28 18:00:00-04:00,92.0,92.07,91.75,91.99,0.0
2024-05-28 19:00:00-04:00,92.07,92.2,91.81,92.01,0.0
2024-05-29 04:00:00-04:00,91.93,92.01,91.5,91.61,0.0
2024-05-29 05:00:00-04:00,91.61,91.61,91.5,91.61,0.0
2024-05-29 06:00:00-04:00,91.61,91.61,91.5,91.59,0.0
2024-05-29 07:00:00-04:00,91.59,92.0,91.51,91.65,0.0
2024-05-29 08:00:00-04:00,91.69,92.5,91.5,92.0,0.0
2024-05-29 09:00:00-04:00,92.02,92.3,91.7,91.9,0.0
2024-05-29 09:30:00-04:00,91.68000030517578,92.2249984741211,91.37999725341797,92.22000122070312,1417949.0
2024-05-29 10:30:00-04:00,92.22000122070312,92.72000122070312,92.04199981689453,92.625,1253898.0
2024-05-29 11:30:00-04:00,92.62000274658203,92.6500015258789,92.2300033569336,92.26000213623047,650199.0
2024-05-29 12:30:00-04:00,92.2699966430664,92.38999938964844,91.9800033569336,92.38999938964844,495599.0
2024-05-29 13:30:00-04:00,92.38999938964844,92.38999938964844,92.1500015258789,92.1500015258789,377530.0
2024-05-29 14:30:00-04:00,92.1500015258789,92.16500091552734,91.77999877929688,91.9000015258789,626972.0
2024-05-29 15:30:00-04:00,91.8949966430664,91.9000015258789,91.55000305175781,91.66999816894531,1049774.0
2024-05-29 16:00:00-04:00,91.67,93.25,91.5,91.65,0.0
2024-05-29 17:00:00-04:00,95.6597,95.6597,91.5,91.67,0.0
2024-05-29 18:00:00-04:00,91.67,92.12,91.5,91.894,0.0
2024-05-29 19:00:00-04:00,91.64,91.9,91.5,91.67,0.0
2024-05-30 04:00:00-04:00,92.0,92.0,91.52,91.66,0.0
2024-05-30 05:00:00-04:00,91.56,91.66,91.54,91.57,0.0
2024-05-30 06:00:00-04:00,91.53,91.59,91.52,91.52,0.0
2024-05-30 07:00:00-04:00,91.52,92.25,91.52,92.09,0.0
2024-05-30 08:00:00-04:00,92.1,92.5,91.5,92.37,0.0
2024-05-30 09:00:00-04:00,92.4,92.5,92.28,92.29,0.0
2024-05-30 09:30:00-04:00,92.2300033569336,93.41999816894531,91.95999908447266,93.34590148925781,1689113.0
2024-05-30 10:30:00-04:00,93.33999633789062,93.5199966430664,93.05400085449219,93.23999786376953,1167100.0
2024-05-30 11:30:00-04:00,93.24500274658203,93.7300033569336,93.08000183105469,93.5999984741211,1343252.0
2024-05-30 12:30:00-04:00,93.59500122070312,93.875,93.4800033569336,93.69499969482422,912695.0
2024-05-30 13:30:00-04:00,93.69499969482422,93.72830200195312,93.29010009765625,93.3499984741211,615873.0
2024-05-30 14:30:00-04:00,93.34989929199219,93.40989685058594,93.16000366210938,93.40499877929688,880660.0
2024-05-30 15:30:00-04:00,93.41000366210938,93.48999786376953,93.13500213623047,93.47000122070312,1186885.0
2024-05-30 16:00:00-04:00,93.45,93.78,89.3645,93.36,0.0
2024-05-30 17:00:00-04:00,93.15,93.5,89.3645,93.4,0.0
2024-05-30 18:00:00-04:00,93.4,93.7,93.39,93.4,0.0
2024-05-30 19:00:00-04:00,93.49,93.5,93.39,93.39,0.0
2024-05-31 04:00:00-04:00,93.37,93.45,93.0,93.45,0.0
2024-05-31 05:00:00-04:00,93.38,93.49,93.2,93.37,0.0
2024-05-31 06:00:00-04:00,93.36,93.43,93.25,93.43,0.0
2024-05-31 07:00:00-04:00,93.4,93.44,93.39,93.4,0.0
2024-05-31 08:00:00-04:00,93.4,93.89,93.25,93.45,0.0
2024-05-31 09:00:00-04:00,93.5,93.93,93.42,93.8,0.0
2024-05-31 09:30:00-04:00,93.5,94.05999755859375,92.97000122070312,93.25,1333470.0
2024-05-31 10:30:00-04:00,93.26000213623047,93.94000244140625,93.16999816894531,93.69999694824219,734981.0
2024-05-31 11:30:00-04:00,93.69999694824219,93.87999725341797,93.6050033569336,93.83000183105469,503082.0
2024-05-31 12:30:00-04:00,93.83499908447266,94.16000366210938,93.69999694824219,94.1449966430664,469822.0
2024-05-31 13:30:00-04:00,94.1449966430664,94.37000274658203,94.1449966430664,94.29499816894531,689327.0
2024-05-31 14:30:00-04:00,94.30000305175781,94.3499984741211,94.08499908447266,94.19999694824219,1348505.0
2024-05-31 15:30:00-04:00,94.19000244140625,95.06999969482422,94.11000061035156,95.05999755859375,1812259.0
2024-05-31 16:00:00-04:00,95.05,95.48,94.61,95.2148,0.0
2024-05-31 17:00:00-04:00,95.06,95.15,94.3041,95.05,0.0
2024-05-31 18:00:00-04:00,95.03,95.31,94.5355,95.06,0.0
2024-05-31 19:00:00-04:00,95.06,95.12,95.05,95.12,0.0
2024-06-03 04:00:00-04:00,94.89,94.99,94.69,94.93,0.0
2024-06-03 05:00:00-04:00,94.92,94.98,94.79,94.88,0.0
2024-06-03 06:00:00-04:00,94.81,94.9,94.47,94.74,0.0
2024-06-03 07:00:00-04:00,94.67,94.97,94.67,94.9,0.0
2024-06-03 08:00:00-04:00,94.85,95.03,94.6,94.77,0.0
2024-06-03 09:00:00-04:00,94.6211,94.98,94.6,94.8,0.0
2024-06-03 09:30:00-04:00,94.5199966430664,95.25,94.33999633789062,94.37999725341797,1949834.0
2024-06-03 10:30:00-04:00,94.36000061035156,94.62000274658203,94.05000305175781,94.29000091552734,758238.0
2024-06-03 11:30:00-04:00,94.30000305175781,94.45999908447266,94.16999816894531,94.26000213623047,549788.0
2024-06-03 12:30:00-04:00,94.26000213623047,94.5999984741211,94.22000122070312,94.3499984741211,877764.0
2024-06-03 13:30:00-04:00,94.33999633789062,94.52999877929688,94.1500015258789,94.26000213623047,493022.0
2024-06-03 14:30:00-04:00,94.2699966430664,94.52999877929688,94.22000122070312,94.43810272216797,723987.0
2024-06-03 15:30:00-04:00,94.43000030517578,94.63999938964844,94.3499984741211,94.44000244140625,1861457.0
2024-06-03 16:00:00-04:00,94.42,94.59,94.36,94.42,0.0
2024-06-03 17:00:00-04:00,94.42,94.8,94.4,94.45,0.0
2024-06-03 18:00:00-04:00,94.44,94.6,94.4,94.4,0.0
2024-06-03 19:00:00-04:00,94.44,94.55,94.2,94.2,0.0
2024-06-04 04:00:00-04:00,94.28,94.58,94.13,94.58,0.0
2024-06-04 05:00:00-04:00,94.5,94.5,94.0,94.19,0.0
2024-06-04 06:00:00-04:00,94.19,94.19,93.82,93.82,0.0
2024-06-04 07:00:00-04:00,93.86,94.11,93.83,93.92,0.0
2024-06-04 08:00:00-04:00,93.92,94.65,93.7,94.09,0.0
2024-06-04 09:00:00-04:00,94.1,94.3,94.1,94.26,0.0
2024-06-04 09:30:00-04:00,94.29000091552734,95.05000305175781,93.80000305175781,94.66000366210938,1882760.0
2024-06-04 10:30:00-04:00,94.6500015258789,94.91999816894531,94.19999694824219,94.22000122070312,919628.0
2024-06-04 11:30:00-04:00,94.2249984741211,94.2300033569336,93.41000366210938,93.94999694824219,899545.0
2024-06-04 12:30:00-04:00,93.94000244140625,94.41999816894531,93.93000030517578,94.41999816894531,427413.0
2024-06-04 13:30:00-04:00,94.44000244140625,95.11000061035156,94.41999816894531,95.11000061035156,744517.0
2024-06-04 14:30:00-04:00,95.11000061035156,95.11000061035156,94.41999816894531,94.61000061035156,610750.0
2024-06-04 15:30:00-04:00,94.5999984741211,94.77999877929688,94.40499877929688,94.73999786376953,763147.0
2024-06-04 16:00:00-04:00,94.74,94.74,94.26,94.365,0.0
2024-06-04 17:00:00-04:00,94.245,94.74,94.1,94.6,0.0
2024-06-04 18:00:00-04:00,94.73,95.05,94.6,94.61,0.0
2024-06-04 19:00:00-04:00,94.68,95.05,94.63,94.81,0.0
2024-06-05 04:00:00-04:00,94.89,95.23,94.83,95.09,0.0
2024-06-05 05:00:00-04:00,95.09,95.09,94.82,94.98,0.0
2024-06-05 06:00:00-04:00,94.98,95.0,94.88,94.88,0.0
2024-06-05 07:00:00-04:00,94.88,94.97,94.74,94.92,0.0
2024-06-05 08:00:00-04:00,94.94,95.23,94.66,94.8,0.0
2024-06-05 09:00:00-04:00,94.8,95.1,94.445,95.0,0.0
2024-06-05 09:30:00-04:00,95.31500244140625,95.31999969482422,93.69999694824219,93.76000213623047,1047687.0
2024-06-05 10:30:00-04:00,93.75,94.06999969482422,93.72000122070312,94.0199966430664,640050.0
2024-06-05 11:30:00-04:00,94.01709747314453,94.40499877929688,93.98999786376953,94.22000122070312,693537.0
2024-06-05 12:30:00-04:00,94.22000122070312,94.44999694824219,93.97000122070312,94.0,455890.0
2024-06-05 13:30:00-04:00,93.99500274658203,94.08999633789062,93.87999725341797,94.02999877929688,462137.0
2024-06-05 14:30:00-04:00,94.02860260009766,94.25,94.0199966430664,94.16000366210938,467793.0
2024-06-05 15:30:00-04:00,94.16000366210938,94.32499694824219,93.98999786376953,94.30999755859375,1039970.0
2024-06-05 16:00:00-04:00,94.32,95.0,94.25,94.32,0.0
2024-06-05 17:00:00-04:00,91.1681,94.85,91.1681,94.1597,0.0
2024-06-05 18:00:00-04:00,94.2495,94.3192,94.05,94.3192,0.0
2024-06-05 19:00:00-04:00,94.32,94.32,94.25,94.3185,0.0
2024-06-06 04:00:00-04:00,94.3,94.38,94.3,94.36,0.0
2024-06-06 05:00:00-04:00,94.38,95.2,94.37,94.84,0.0
2024-06-06 06:00:00-04:00,94.85,94.97,94.74,94.92,0.0
2024-06-06 07:00:00-04:00,94.94,94.94,94.6,94.65,0.0
2024-06-06 08:00:00-04:00,94.65,94.88,94.25,94.71,0.0
2024-06-06 09:00:00-04:00,94.71,94.71,94.32,94.67,0.0
2024-06-06 09:30:00-04:00,94.86000061035156,95.04000091552734,93.98999786376953,94.7699966430664,1245719.0
2024-06-06 10:30:00-04:00,94.76000213623047,94.79000091552734,94.41100311279297,94.68000030517578,725844.0
2024-06-06 11:30:00-04:00,94.66999816894531,96.19000244140625,94.56999969482422,95.47000122070312,1758478.0
2024-06-06 12:30:00-04:00,95.47000122070312,96.48999786376953,95.37999725341797,96.4749984741211,1224004.0
2024-06-06 13:30:00-04:00,96.48999786376953,96.79499816894531,95.69000244140625,95.88500213623047,1055990.0
2024-06-06 14:30:00-04:00,95.87999725341797,96.25,95.37000274658203,95.44999694824219,1520554.0
2024-06-06 15:30:00-04:00,95.44499969482422,95.93000030517578,95.43000030517578,95.76000213623047,1266713.0
2024-06-06 16:00:00-04:00,95.72,95.82,95.52,95.72,0.0
2024-06-06 17:00:00-04:00,95.61,95.84,95.55,95.6,0.0
2024-06-06 18:00:00-04:00,95.68,95.81,95.6,95.6075,0.0
2024-06-06 19:00:00-04:00,95.72,95.9,95.6,95.65,0.0
2024-06-07 04:00:00-04:00,95.85,95.98,95.65,95.76,0.0
2024-06-07 05:00:00-04:00,95.69,95.8,95.53,95.55,0.0
2024-06-07 06:00:00-04:00,95.56,95.58,95.51,95.52,0.0
2024-06-07 07:00:00-04:00,95.52,95.71,95.51,95.64,0.0
2024-06-07 08:00:00-04:00,95.55,96.0,95.5,95.6,0.0
2024-06-07 09:00:00-04:00,95.55,95.72,95.0,95.43,0.0
2024-06-07 09:30:00-04:00,95.38999938964844,96.95999908447266,95.30000305175781,96.79000091552734,1833535.0
2024-06-07 10:30:00-04:00,96.79000091552734,97.8499984741211,96.5199966430664,97.80000305175781,1529109.0
2024-06-07 11:30:00-04:00,97.80000305175781,97.87999725341797,97.44000244140625,97.7300033569336,1044946.0
2024-06-07 12:30:00-04:00,97.7300033569336,97.94000244140625,97.45999908447266,97.55999755859375,848107.0
2024-06-07 13:30:00-04:00,97.55000305175781,97.55999755859375,96.83039855957031,96.94000244140625,666527.0
2024-06-07 14:30:00-04:00,96.93000030517578,97.0999984741211,96.79000091552734,96.84500122070312,536429.0
2024-06-07 15:30:00-04:00,96.8499984741211,97.04000091552734,96.5199966430664,96.56999969482422,1211607.0
2024-06-07 16:00:00-04:00,96.55,97.05,96.52,96.59,0.0
2024-06-07 17:00:00-04:00,96.6,96.66,96.55,96.6,0.0
2024-06-07 18:00:00-04:00,96.61,97.05,96.56,96.76,0.0
2024-06-07 19:00:00-04:00,96.72,96.76,96.56,96.73,0.0
2024-06-10 04:00:00-04:00,96.6,96.73,96.43,96.5,0.0
2024-06-10 05:00:00-04:00,96.5,96.5,96.3,96.42,0.0
2024-06-10 06:00:00-04:00,96.31,96.33,96.1,96.2,0.0
2024-06-10 07:00:00-04:00,96.2,96.44,96.12,96.39,0.0
2024-06-10 08:00:00-04:00,96.45,98.0,96.0849,96.37,0.0
2024-06-10 09:00:00-04:00,96.316,96.55,96.06,96.3,0.0
2024-06-10 09:30:00-04:00,95.7300033569336,96.98999786376953,95.59529876708984,96.0199966430664,1722335.0
2024-06-10 10:30:00-04:00,96.02529907226562,96.37999725341797,95.91999816894531,96.37999725341797,696115.0
2024-06-10 11:30:00-04:00,96.37999725341797,96.37999725341797,96.08999633789062,96.1500015258789,562640.0
2024-06-10 12:30:00-04:00,96.13999938964844,96.1500015258789,95.91999816894531,96.01000213623047,439325.0
2024-06-10 13:30:00-04:00,96.01000213623047,96.25640106201172,95.95999908447266,96.16999816894531,453920.0
2024-06-10 14:30:00-04:00,96.17870330810547,96.19499969482422,96.0199966430664,96.08999633789062,573609.0
2024-06-10 15:30:00-04:00,96.08999633789062,96.1050033569336,95.83999633789062,96.0199966430664,1103628.0
2024-06-10 16:00:00-04:00,96.0,96.5,95.82,96.0,0.0
2024-06-10 17:00:00-04:00,96.0,96.09,95.91,96.0,0.0
2024-06-10 18:00:00-04:00,96.0,96.49,95.91,96.45,0.0
2024-06-10 19:00:00-04:00,96.3,96.45,95.92,96.0,0.0
2024-06-11 04:00:00-04:00,95.89,96.01,95.5,95.99,0.0
2024-06-11 05:00:00-04:00,95.99,95.99,95.78,95.94,0.0
2024-06-11 06:00:00-04:00,95.82,95.93,95.56,95.74,0.0
2024-06-11 07:00:00-04:00,95.74,95.84,95.57,95.66,0.0
2024-06-11 08:00:00-04:00,95.66,96.04,95.5,95.65,0.0
2024-06-11 09:00:00-04:00,95.7,96.0,95.51,95.73,0.0
2024-06-11 09:30:00-04:00,95.5199966430664,95.75499725341797,94.5199966430664,95.01000213623047,2084007.0
2024-06-11 10:30:00-04:00,94.9800033569336,95.36000061035156,94.7699966430664,94.88500213623047,811190.0
2024-06-11 11:30:00-04:00,94.88999938964844,95.22000122070312,94.70020294189453,94.91999816894531,520643.0
2024-06-11 12:30:00-04:00,94.91000366210938,95.19000244140625,94.88500213623047,95.16000366210938,385650.0
2024-06-11 13:30:00-04:00,95.16999816894531,95.7300033569336,95.1449966430664,95.70999908447266,571979.0
2024-06-11 14:30:00-04:00,95.72000122070312,95.99500274658203,95.68000030517578,95.81999969482422,538049.0
2024-06-11 15:30:00-04:00,95.81999969482422,95.95999908447266,95.72000122070312,95.87000274658203,924931.0
2024-06-11 16:00:00-04:00,95.87,95.87192,95.07,95.85,0.0
2024-06-11 17:00:00-04:00,95.72,95.86,95.72,95.85,0.0
2024-06-11 18:00:00-04:00,95.85,95.85,90.7588,95.85,0.0
2024-06-11 19:00:00-04:00,95.85,95.86,95.06,95.77,0.0
2024-06-12 04:00:00-04:00,95.73,96.36,95.73,95.93,0.0
2024-06-12 05:00:00-04:00,95.93,95.95,95.51,95.65,0.0
2024-06-12 06:00:00-04:00,95.65,95.75,95.61,95.65,0.0
2024-06-12 07:00:00-04:00,95.75,95.94,95.69,95.83,0.0
2024-06-12 08:00:00-04:00,95.82,96.13,95.19,95.8834,0.0
2024-06-12 09:00:00-04:00,95.92,96.94,95.92,96.73,0.0
2024-06-12 09:30:00-04:00,96.3499984741211,96.5,94.76499938964844,94.86000061035156,1221903.0
2024-06-12 10:30:00-04:00,94.8499984741211,95.27059936523438,94.62300109863281,94.62300109863281,815058.0
2024-06-12 11:30:00-04:00,94.62999725341797,94.82499694824219,94.12000274658203,94.16999816894531,985310.0
2024-06-12 12:30:00-04:00,94.18000030517578,94.34500122070312,93.95500183105469,94.05000305175781,1206988.0
2024-06-12 13:30:00-04:00,94.05000305175781,94.16999816894531,93.70999908447266,94.11000061035156,1011208.0
2024-06-12 14:30:00-04:00,94.12000274658203,94.16999816894531,93.5,93.56999969482422,1226879.0
2024-06-12 15:30:00-04:00,93.56999969482422,93.81500244140625,93.53009796142578,93.65499877929688,1678789.0
2024-06-12 16:00:00-04:00,93.66,94.09,92.7129,94.02,0.0
2024-06-12 17:00:00-04:00,94.02,94.08,93.78,94.02,0.0
2024-06-12 18:00:00-04:00,94.02,94.02,93.68,94.0,0.0
2024-06-12 19:00:00-04:00,93.93,94.0,93.8,93.85,0.0
2024-06-13 04:00:00-04:00,93.69,94.06,93.69,93.8,0.0
2024-06-13 05:00:00-04:00,93.85,94.0,93.8,93.97,0.0
2024-06-13 06:00:00-04:00,93.94,94.23,93.94,94.04,0.0
2024-06-13 07:00:00-04:00,94.13,94.25,94.0,94.09,0.0
2024-06-13 08:00:00-04:00,94.13,94.3,93.67,94.13,0.0
2024-06-13 09:00:00-04:00,94.14,96.44,93.88,93.9,0.0
2024-06-13 09:30:00-04:00,94.04000091552734,94.52999877929688,93.72000122070312,93.87259674072266,1817411.0
2024-06-13 10:30:00-04:00,93.87000274658203,94.18000030517578,93.76000213623047,94.11000061035156,616166.0
2024-06-13 11:30:00-04:00,94.11949920654297,94.19999694824219,93.83999633789062,93.88999938964844,569076.0
2024-06-13 12:30:00-04:00,93.88999938964844,94.0999984741211,93.8499984741211,94.0199966430664,530254.0
2024-06-13 13:30:00-04:00,94.0270004272461,94.25,93.87999725341797,94.23500061035156,681022.0
2024-06-13 14:30:00-04:00,94.23999786376953,94.2699966430664,94.0199966430664,94.05000305175781,627785.0
2024-06-13 15:30:00-04:00,94.05000305175781,94.34500122070312,93.94979858398438,94.13999938964844,1545188.0
2024-06-13 16:00:00-04:00,94.09,94.34,89.3645,94.18,0.0
2024-06-13 17:00:00-04:00,89.3645,94.26,89.3645,94.15,0.0
2024-06-13 18:00:00-04:00,94.18,94.26,94.05,94.18,0.0
2024-06-13 19:00:00-04:00,94.18,94.48,94.01,94.2,0.0
2024-06-14 04:00:00-04:00,94.56,94.56,94.13,94.13,0.0
2024-06-14 05:00:00-04:00,94.14,94.38,94.0,94.03,0.0
2024-06-14 06:00:00-04:00,94.04,94.04,93.53,93.72,0.0
2024-06-14 07:00:00-04:00,93.73,94.01,93.51,93.55,0.0
2024-06-14 08:00:00-04:00,93.89,94.6,93.5,93.9,0.0
2024-06-14 09:00:00-04:00,93.9,94.18,93.7045,93.73,0.0
2024-06-14 09:30:00-04:00,93.80000305175781,94.77999877929688,93.7249984741211,93.76000213623047,1311315.0
2024-06-14 10:30:00-04:00,93.76000213623047,93.80000305175781,93.30020141601562,93.52999877929688,733392.0
2024-06-14 11:30:00-04:00,93.54000091552734,93.79000091552734,93.47000122070312,93.66999816894531,490981.0
2024-06-14 12:30:00-04:00,93.66999816894531,94.01899719238281,93.66999816894531,93.93000030517578,561022.0
2024-06-14 13:30:00-04:00,93.92500305175781,93.92500305175781,93.50240325927734,93.62000274658203,546353.0
2024-06-14 14:30:00-04:00,93.62999725341797,93.80999755859375,93.56999969482422,93.63999938964844,592924.0
2024-06-14 15:30:00-04:00,93.63999938964844,93.7300033569336,93.3499984741211,93.38999938964844,1119523.0
2024-06-14 16:00:00-04:00,93.39,95.2148,93.39,93.4,0.0
2024-06-14 17:00:00-04:00,93.42,93.59,93.39,93.59,0.0
2024-06-14 18:00:00-04:00,93.58,93.59,93.39,93.49,0.0
2024-06-14 19:00:00-04:00,93.4,93.49,93.38,93.38,0.0
2024-06-17 04:00:00-04:00,93.38,93.69,93.31,93.55,0.0
2024-06-17 05:00:00-04:00,93.48,93.55,93.31,93.49,0.0
2024-06-17 06:00:00-04:00,93.49,93.49,93.23,93.3,0.0
2024-06-17 07:00:00-04:00,93.24,93.3,93.16,93.26,0.0
2024-06-17 08:00:00-04:00,93.26,93.58,93.1,93.15,0.0
2024-06-17 09:00:00-04:00,93.15,93.39,92.55,92.8,0.0
2024-06-17 09:30:00-04:00,92.01000213623047,93.87999725341797,92.01000213623047,93.56999969482422,1368464.0
2024-06-17 10:30:00-04:00,93.58000183105469,94.16000366210938,93.5199966430664,94.08200073242188,585139.0
2024-06-17 11:30:00-04:00,94.08499908447266,94.5,94.0,94.48999786376953,550033.0
2024-06-17 12:30:00-04:00,94.5,94.73999786376953,94.43000030517578,94.7300033569336,432611.0
2024-06-17 13:30:00-04:00,94.7208023071289,95.05000305175781,94.67500305175781,94.95500183105469,550224.0
2024-06-17 14:30:00-04:00,94.95999908447266,95.0,94.79499816894531,95.0,535910.0
2024-06-17 15:30:00-04:00,94.98380279541016,95.12000274658203,94.87999725341797,95.01000213623047,969323.0
2024-06-17 16:00:00-04:00,95.0,95.05,94.25,94.98,0.0
2024-06-17 17:00:00-04:00,94.98,95.0,94.89,94.89,0.0
2024-06-17 18:00:00-04:00,94.97,95.09,94.88,95.05,0.0
2024-06-17 19:00:00-04:00,95.05,95.09,95.0,95.0,0.0
2024-06-18 04:00:00-04:00,95.11,95.2,95.0,95.04,0.0
2024-06-18 05:00:00-04:00,95.0,95.04,94.76,94.76,0.0
2024-06-18 06:00:00-04:00,94.76,94.91,94.75,94.9,0.0
2024-06-18 07:00:00-04:00,94.92,94.96,94.78,94.93,0.0
2024-06-18 08:00:00-04:00,94.97,95.35,94.51,94.78,0.0
2024-06-18 09:00:00-04:00,94.9,95.0,94.5109,94.7,0.0
2024-06-18 09:30:00-04:00,94.66999816894531,94.87000274658203,94.20999908447266,94.55999755859375,1274723.0
2024-06-18 10:30:00-04:00,94.55500030517578,95.07319641113281,94.4000015258789,94.9800033569336,800256.0
2024-06-18 11:30:00-04:00,94.98040008544922,95.26000213623047,94.73999786376953,94.94000244140625,697914.0
2024-06-18 12:30:00-04:00,94.92040252685547,94.94000244140625,94.62999725341797,94.7239990234375,376943.0
2024-06-18 13:30:00-04:00,94.70999908447266,95.04000091552734,94.68000030517578,94.9800033569336,417325.0
2024-06-18 14:30:00-04:00,94.9800033569336,95.01000213623047,94.51000213623047,94.70999908447266,542150.0
2024-06-18 15:30:00-04:00,94.71499633789062,94.8499984741211,94.62000274658203,94.79000091552734,771153.0
2024-06-18 16:00:00-04:00,94.78,94.97,94.78,94.9,0.0
2024-06-18 17:00:00-04:00,94.78,94.9332,94.67,94.78,0.0
2024-06-18 18:00:00-04:00,94.94,94.94,94.78,94.94,0.0
2024-06-18 19:00:00-04:00,94.79,94.94,94.79,94.812,0.0
2024-06-20 04:00:00-04:00,95.0,95.0,94.78,94.9,0.0
2024-06-20 05:00:00-04:00,94.78,94.89,94.61,94.68,0.0
2024-06-20 06:00:00-04:00,94.69,94.71,94.61,94.63,0.0
2024-06-20 07:00:00-04:00,94.66,94.7,94.5,94.55,0.0
2024-06-20 08:00:00-04:00,94.54,95.45,94.25,94.49,0.0
2024-06-20 09:00:00-04:00,94.42,94.43,94.11,94.11,0.0
2024-06-20 09:30:00-04:00,93.87999725341797,95.51499938964844,93.52159881591797,95.44999694824219,2217334.0
2024-06-20 10:30:00-04:00,95.43000030517578,96.08999633789062,95.2699966430664,95.3499984741211,950759.0
2024-06-20 11:30:00-04:00,95.33999633789062,95.65499877929688,95.16999816894531,95.51000213623047,715025.0
2024-06-20 12:30:00-04:00,95.5199966430664,95.86000061035156,95.37000274658203,95.76000213623047,598442.0
2024-06-20 13:30:00-04:00,95.7699966430664,96.0,95.68000030517578,95.79109954833984,817106.0
2024-06-20 14:30:00-04:00,95.7844009399414,96.0,95.58999633789062,95.66000366210938,1010462.0
2024-06-20 15:30:00-04:00,95.6500015258789,95.66000366210938,95.3738021850586,95.56999969482422,1284383.0
2024-06-20 16:00:00-04:00,95.57,95.93,94.78,95.46,0.0
2024-06-20 17:00:00-04:00,95.46,95.57,91.1681,95.4,0.0
2024-06-20 18:00:00-04:00,95.35,95.47,95.33,95.4695,0.0
2024-06-20 19:00:00-04:00,95.47,95.47,95.4,95.4691,0.0
2024-06-21 04:00:00-04:00,96.06,96.98,96.06,96.63,0.0
2024-06-21 05:00:00-04:00,96.63,96.73,96.44,96.47,0.0
2024-06-21 06:00:00-04:00,96.46,96.82,96.45,96.77,0.0
2024-06-21 07:00:00-04:00,96.77,97.05,96.6,96.75,0.0
2024-06-21 08:00:00-04:00,96.74,97.0,91.84505,96.8,0.0
2024-06-21 09:00:00-04:00,96.83,96.96,96.65,96.82,0.0
2024-06-21 09:30:00-04:00,95.95999908447266,96.64689636230469,95.41999816894531,96.33000183105469,4327434.0
2024-06-21 10:30:00-04:00,96.31999969482422,96.61000061035156,95.93000030517578,95.94999694824219,1174778.0
2024-06-21 11:30:00-04:00,95.94000244140625,96.69999694824219,95.81999969482422,96.63999938964844,1100172.0
2024-06-21 12:30:00-04:00,96.63999938964844,97.02999877929688,96.56999969482422,96.75,939610.0
2024-06-21 13:30:00-04:00,96.75,96.98999786376953,96.41000366210938,96.97000122070312,761882.0
2024-06-21 14:30:00-04:00,96.9800033569336,97.0199966430664,96.66999816894531,96.74500274658203,689532.0
2024-06-21 15:30:00-04:00,96.75,97.20899963378906,96.63999938964844,97.12999725341797,1327218.0
2024-06-21 16:00:00-04:00,97.11,97.25,96.89,97.23,0.0
2024-06-21 17:00:00-04:00,97.1816,97.23,97.09,97.18,0.0
2024-06-21 18:00:00-04:00,97.23,97.23,97.18,97.23,0.0
2024-06-21 19:00:00-04:00,97.23,97.31,97.22,97.22,0.0
2024-06-24 04:00:00-04:00,97.4,97.5,97.23,97.44,0.0
2024-06-24 05:00:00-04:00,97.41,97.5,97.4,97.47,0.0
2024-06-24 06:00:00-04:00,97.43,97.49,97.4,97.47,0.0
2024-06-24 07:00:00-04:00,97.47,97.7,97.47,97.62,0.0
2024-06-24 08:00:00-04:00,97.61,97.79,97.08,97.76,0.0
2024-06-24 09:00:00-04:00,97.74,97.95,95.95,97.75,0.0
2024-06-24 09:30:00-04:00,97.30000305175781,97.9292984008789,96.68000030517578,97.30999755859375,1664205.0
2024-06-24 10:30:00-04:00,97.30000305175781,98.04000091552734,97.23999786376953,97.69999694824219,1028372.0
2024-06-24 11:30:00-04:00,97.69999694824219,97.87999725341797,97.51000213623047,97.62999725341797,832252.0
2024-06-24 12:30:00-04:00,97.63500213623047,97.90989685058594,97.26000213623047,97.31999969482422,976784.0
2024-06-24 13:30:00-04:00,97.33000183105469,97.52999877929688,97.13999938964844,97.45469665527344,1046101.0
2024-06-24 14:30:00-04:00,97.44999694824219,97.55999755859375,97.1500015258789,97.41000366210938,697487.0
2024-06-24 15:30:00-04:00,97.41899871826172,97.55740356445312,97.16999816894531,97.16999816894531,1119139.0
2024-06-24 16:00:00-04:00,97.17,97.5,97.13,97.26,0.0
2024-06-24 17:00:00-04:00,97.33,97.33,97.21,97.29,0.0
2024-06-24 18:00:00-04:00,97.2127,97.33,97.17,97.22,0.0
2024-06-24 19:00:00-04:00,97.25,97.51,97.25,97.25,0.0
2024-06-25 04:00:00-04:00,97.01,97.34,97.01,97.3,0.0
2024-06-25 05:00:00-04:00,97.29,97.32,97.18,97.23,0.0
2024-06-25 06:00:00-04:00,97.31,97.42,97.2,97.31,0.0
2024-06-25 07:00:00-04:00,97.31,97.31,97.18,97.2,0.0
2024-06-25 08:00:00-04:00,97.26,97.64,97.0532,97.18,0.0
2024-06-25 09:00:00-04:00,97.21,97.28,95.87,97.24,0.0
2024-06-25 09:30:00-04:00,97.30999755859375,97.63999938964844,96.41000366210938,96.41999816894531,1318653.0
2024-06-25 10:30:00-04:00,96.41999816894531,96.54000091552734,95.58999633789062,95.66000366210938,1065416.0
2024-06-25 11:30:00-04:00,95.6500015258789,95.77079772949219,95.51499938964844,95.65499877929688,801491.0
2024-06-25 12:30:00-04:00,95.66000366210938,95.66020202636719,95.23999786376953,95.36000061035156,609713.0
2024-06-25 13:30:00-04:00,95.36000061035156,95.36499786376953,94.98999786376953,95.12000274658203,709802.0
2024-06-25 14:30:00-04:00,95.11000061035156,95.16000366210938,94.83000183105469,95.05000305175781,803442.0
2024-06-25 15:30:00-04:00,95.05000305175781,95.11000061035156,94.5,94.79000091552734,1174483.0
2024-06-25 16:00:00-04:00,94.75,95.022,94.51,94.9,0.0
2024-06-25 17:00:00-04:00,94.9,95.0,94.85,94.93,0.0
2024-06-25 18:00:00-04:00,94.9201,95.65,94.85,95.0,0.0
2024-06-25 19:00:00-04:00,95.0,95.0,94.9,94.91,0.0
2024-06-26 04:00:00-04:00,95.5,95.5,94.81,95.0,0.0
2024-06-26 05:00:00-04:00,95.02,95.19,95.0,95.09,0.0
2024-06-26 06:00:00-04:00,95.09,95.14,95.0,95.03,0.0
2024-06-26 07:00:00-04:00,95.1,95.12,94.81,94.85,0.0
2024-06-26 08:00:00-04:00,94.81,95.15,94.64,94.75,0.0
2024-06-26 09:00:00-04:00,94.85,94.85,94.5,94.58,0.0
2024-06-26 09:30:00-04:00,94.08999633789062,94.41000366210938,93.1500015258789,93.83999633789062,1794932.0
2024-06-26 10:30:00-04:00,93.83000183105469,94.0999984741211,93.43000030517578,93.52999877929688,1001197.0
2024-06-26 11:30:00-04:00,93.53500366210938,94.04989624023438,93.37000274658203,93.83000183105469,1080420.0
2024-06-26 12:30:00-04:00,93.84989929199219,94.4800033569336,93.79000091552734,94.29000091552734,678753.0
2024-06-26 13:30:00-04:00,94.30000305175781,94.33000183105469,93.91000366210938,94.31999969482422,977103.0
2024-06-26 14:30:00-04:00,94.30999755859375,94.31999969482422,93.91000366210938,94.12000274658203,767274.0
2024-06-26 15:30:00-04:00,94.11499786376953,94.22000122070312,94.01000213623047,94.05999755859375,1252742.0
2024-06-26 16:00:00-04:00,94.06,95.6597,93.8,94.0,0.0
2024-06-26 17:00:00-04:00,94.0,94.24,93.99,94.16,0.0
2024-06-26 18:00:00-04:00,94.24,94.5,94.15,94.35,0.0
2024-06-26 19:00:00-04:00,94.34,94.56,94.25,94.35,0.0
2024-06-27 04:00:00-04:00,94.39,94.39,94.1,94.2,0.0
2024-06-27 05:00:00-04:00,94.3,94.36,94.0,94.36,0.0
2024-06-27 06:00:00-04:00,94.22,94.35,94.13,94.21,0.0
2024-06-27 07:00:00-04:00,94.29,94.3,94.06,94.09,0.0
2024-06-27 08:00:00-04:00,94.06,94.43,94.0,94.26,0.0
2024-06-27 09:00:00-04:00,94.25,94.29,94.06,94.22,0.0
2024-06-27 09:30:00-04:00,93.7699966430664,94.37000274658203,93.38999938964844,93.9800033569336,2295221.0
2024-06-27 10:30:00-04:00,93.98999786376953,94.55999755859375,93.93000030517578,94.36000061035156,1435816.0
2024-06-27 11:30:00-04:00,94.3499984741211,94.73999786376953,94.33000183105469,94.48999786376953,1207013.0
2024-06-27 12:30:00-04:00,94.4800033569336,94.54000091552734,94.20500183105469,94.29000091552734,1156805.0
2024-06-27 13:30:00-04:00,94.2968978881836,94.31999969482422,93.76000213623047,93.86730194091797,1141777.0
2024-06-27 14:30:00-04:00,93.8499984741211,94.35040283203125,93.7699966430664,94.33999633789062,1836001.0
2024-06-27 15:30:00-04:00,94.3499984741211,94.6500015258789,94.0999984741211,94.25,3192061.0
2024-06-27 16:00:00-04:00,94.225,98.88,87.9,88.49,0.0
2024-06-27 17:00:00-04:00,88.49,89.0,82.8,83.67,0.0
2024-06-27 18:00:00-04:00,83.7,84.4,82.35,82.62,0.0
2024-06-27 19:00:00-04:00,82.62,82.94,82.37,82.52,0.0
2024-06-28 04:00:00-04:00,82.32,82.56,80.67,80.85,0.0
2024-06-28 05:00:00-04:00,80.84,81.19,80.48,80.63,0.0
2024-06-28 06:00:00-04:00,80.55,80.98,80.01,80.45,0.0
2024-06-28 07:00:00-04:00,80.47,80.88,80.06,80.23,0.0
2024-06-28 08:00:00-04:00,80.22,82.99,79.65,79.89,0.0
2024-06-28 09:00:00-04:00,79.9,79.9,79.08,79.18,0.0
2024-06-28 09:30:00-04:00,77.12999725341797,79.05000305175781,76.05999755859375,76.22000122070312,41144769.0
2024-06-28 10:30:00-04:00,76.2249984741211,76.56999969482422,75.75,76.18499755859375,20634800.0
2024-06-28 11:30:00-04:00,76.18000030517578,76.38990020751953,75.32009887695312,75.33999633789062,13723717.0
2024-06-28 12:30:00-04:00,75.33360290527344,75.98999786376953,74.76000213623047,75.18499755859375,15513783.0
2024-06-28 13:30:00-04:00,75.18499755859375,75.44000244140625,74.91000366210938,75.08000183105469,8753553.0
2024-06-28 14:30:00-04:00,75.08000183105469,75.30000305175781,74.55000305175781,75.0250015258789,12763910.0
2024-06-28 15:30:00-04:00,75.02890014648438,75.48999786376953,74.84989929199219,75.37000274658203,10809937.0
2024-06-28 16:00:00-04:00,75.41,96.62,75.22,75.35,0.0
2024-06-28 17:00:00-04:00,75.35,118.4261,75.34,75.42,0.0
2024-06-28 18:00:00-04:00,75.4,75.42,75.12,75.16,0.0
2024-06-28 19:00:00-04:00,75.17,75.33,75.15,75.21,0.0
2024-07-01 04:00:00-04:00,76.42,76.42,75.6,75.68,0.0
2024-07-01 05:00:00-04:00,75.68,75.99,75.55,75.7,0.0
2024-07-01 06:00:00-04:00,75.69,75.8,75.58,75.76,0.0
2024-07-01 07:00:00-04:00,75.77,75.81,75.41,75.42,0.0
2024-07-01 08:00:00-04:00,75.43,76.3,75.37,75.87,0.0
2024-07-01 09:00:00-04:00,75.88,78.79,75.5,75.73,0.0
2024-07-01 09:30:00-04:00,75.5,76.16010284423828,74.29000091552734,75.62999725341797,14862564.0
2024-07-01 10:30:00-04:00,75.625,75.69000244140625,74.70999908447266,75.08999633789062,8181152.0
2024-07-01 11:30:00-04:00,75.08000183105469,75.48999786376953,74.93000030517578,75.2750015258789,2344145.0
2024-07-01 12:30:00-04:00,75.2771987915039,76.37000274658203,75.2750015258789,76.16000366210938,4013750.0
2024-07-01 13:30:00-04:00,76.16500091552734,77.05999755859375,76.0999984741211,76.80000305175781,4453441.0
2024-07-01 14:30:00-04:00,76.79499816894531,77.02999877929688,76.66500091552734,76.69499969482422,4039857.0
2024-07-01 15:30:00-04:00,76.69000244140625,76.91999816894531,76.55999755859375,76.83000183105469,3547197.0
2024-07-01 16:00:00-04:00,76.83,76.97,76.31,76.93,0.0
2024-07-01 17:00:00-04:00,76.93,77.08,76.83,77.05,0.0
2024-07-01 18:00:00-04:00,77.0402,77.07,76.9,76.96,0.0
2024-07-01 19:00:00-04:00,76.96,76.96,76.68,76.75,0.0
2024-07-02 04:00:00-04:00,76.9,76.9,76.42,76.65,0.0
2024-07-02 05:00:00-04:00,76.62,76.7,76.51,76.68,0.0
2024-07-02 06:00:00-04:00,76.69,76.69,76.54,76.61,0.0
2024-07-02 07:00:00-04:00,76.61,76.7,76.45,76.46,0.0
2024-07-02 08:00:00-04:00,76.46,76.9,76.25,76.78,0.0
2024-07-02 09:00:00-04:00,76.75,76.93,76.66,76.71,0.0
2024-07-02 09:30:00-04:00,76.81999969482422,76.94000244140625,75.38999938964844,75.7750015258789,7856528.0
2024-07-02 10:30:00-04:00,75.77200317382812,76.09500122070312,75.4800033569336,75.91000366210938,3093074.0
2024-07-02 11:30:00-04:00,75.91400146484375,75.98899841308594,75.45999908447266,75.66999816894531,2760833.0
2024-07-02 12:30:00-04:00,75.66999816894531,75.91999816894531,75.55999755859375,75.875,2096555.0
2024-07-02 13:30:00-04:00,75.875,76.25,75.82080078125,76.0999984741211,1859898.0
2024-07-02 14:30:00-04:00,76.0999984741211,76.2300033569336,75.93000030517578,76.0199966430664,1858842.0
2024-07-02 15:30:00-04:00,76.0199966430664,76.19999694824219,75.95999908447266,76.05999755859375,2451166.0
2024-07-02 16:00:00-04:00,76.04,76.2,75.9,75.98,0.0
2024-07-02 17:00:00-04:00,75.98,76.04,75.95,76.018,0.0
2024-07-02 18:00:00-04:00,76.02,76.04,76.0,76.02,0.0
2024-07-02 19:00:00-04:00,76.0,76.05,76.0,76.04,0.0
2024-07-03 04:00:00-04:00,76.02,76.28,76.02,76.19,0.0
2024-07-03 05:00:00-04:00,76.19,76.3,76.11,76.22,0.0
2024-07-03 06:00:00-04:00,76.23,76.29,76.15,76.15,0.0
2024-07-03 07:00:00-04:00,76.15,76.31,76.14,76.28,0.0
2024-07-03 08:00:00-04:00,76.28,76.33,76.04,76.27,0.0
2024-07-03 09:00:00-04:00,76.27,76.78,75.75,75.89,0.0
2024-07-03 09:30:00-04:00,75.5,75.91999816894531,75.11000061035156,75.2699966430664,4748389.0
2024-07-03 10:30:00-04:00,75.2699966430664,75.4000015258789,75.0198974609375,75.23999786376953,3349630.0
2024-07-03 11:30:00-04:00,75.2300033569336,75.43000030517578,75.05999755859375,75.13500213623047,3821065.0
2024-07-03 13:00:00-04:00,75.12999725341797,75.3499984741211,75.02999877929688,75.23989868164062,0.0
2024-07-03 14:00:00-04:00,75.2399,91.1681,75.2,75.22,0.0
2024-07-03 15:00:00-04:00,75.22,75.32,75.2,75.28,0.0
2024-07-03 16:00:00-04:00,75.2799,75.4,75.25,75.35,0.0
2024-07-05 04:00:00-04:00,75.35,75.93,75.28,75.44,0.0
2024-07-05 05:00:00-04:00,75.44,75.63,75.44,75.59,0.0
2024-07-05 06:00:00-04:00,75.59,75.68,75.55,75.58,0.0
2024-07-05 07:00:00-04:00,75.61,75.7,75.49,75.51,0.0
2024-07-05 08:00:00-04:00,75.54,75.7,75.24,75.61,0.0
2024-07-05 09:00:00-04:00,75.59,75.75,75.48,75.55,0.0
2024-07-05 09:30:00-04:00,75.36000061035156,76.08999633789062,75.18000030517578,75.3499984741211,4990240.0
2024-07-05 10:30:00-04:00,75.3499984741211,75.80000305175781,75.16000366210938,75.72850036621094,2733704.0
2024-07-05 11:30:00-04:00,75.7249984741211,76.04000091552734,75.20999908447266,75.2300033569336,2184541.0
2024-07-05 12:30:00-04:00,75.239501953125,75.37010192871094,74.86000061035156,74.86470031738281,2250210.0
2024-07-05 13:30:00-04:00,74.86499786376953,75.16999816894531,74.77999877929688,75.11000061035156,1725372.0
2024-07-05 14:30:00-04:00,75.11499786376953,75.69000244140625,75.0999984741211,75.57499694824219,1818270.0
2024-07-05 15:30:00-04:00,75.58000183105469,75.75,75.43000030517578,75.44000244140625,1757045.0
2024-07-05 16:00:00-04:00,75.43,75.5484,75.33,75.37,0.0
2024-07-05 17:00:00-04:00,75.3799,75.44,75.37,75.4,0.0
2024-07-05 18:00:00-04:00,75.39,75.47,75.38,75.46,0.0
2024-07-05 19:00:00-04:00,75.46,75.49,75.41,75.45,0.0
2024-07-08 04:00:00-04:00,75.64,75.69,75.4,75.65,0.0
2024-07-08 05:00:00-04:00,75.65,75.7,75.61,75.67,0.0
2024-07-08 06:00:00-04:00,75.67,75.77,75.63,75.74,0.0
2024-07-08 07:00:00-04:00,75.73,75.77,75.65,75.68,0.0
2024-07-08 08:00:00-04:00,75.68,75.7793,75.5032,75.69,0.0
2024-07-08 09:00:00-04:00,75.68,75.76,75.345,75.65,0.0
2024-07-08 09:30:00-04:00,75.05500030517578,75.48999786376953,74.12000274658203,74.3198013305664,5635259.0
2024-07-08 10:30:00-04:00,74.31009674072266,74.31009674072266,73.4000015258789,73.5,6006095.0
2024-07-08 11:30:00-04:00,73.50499725341797,73.5999984741211,73.0,73.5999984741211,4729551.0
2024-07-08 12:30:00-04:00,73.59619903564453,73.81999969482422,73.4000015258789,73.67350006103516,2319112.0
2024-07-08 13:30:00-04:00,73.66999816894531,74.03500366210938,73.30000305175781,73.41010284423828,2612022.0
2024-07-08 14:30:00-04:00,73.41500091552734,73.46499633789062,73.20999908447266,73.2750015258789,2266151.0
2024-07-08 15:30:00-04:00,73.2748031616211,73.30000305175781,73.02999877929688,73.08000183105469,3550066.0
2024-07-08 16:00:00-04:00,73.08,73.28,73.0493,73.27,0.0
2024-07-08 17:00:00-04:00,73.27,73.31,73.05,73.31,0.0
2024-07-08 18:00:00-04:00,73.3,73.45,73.24,73.32,0.0
2024-07-08 19:00:00-04:00,73.32,73.34,73.17,73.1717,0.0
2024-07-09 04:00:00-04:00,73.0,73.68,73.0,73.53,0.0
2024-07-09 05:00:00-04:00,73.53,73.55,73.44,73.55,0.0
2024-07-09 06:00:00-04:00,73.49,73.58,73.32,73.45,0.0
2024-07-09 07:00:00-04:00,73.45,73.53,73.33,73.35,0.0
2024-07-09 08:00:00-04:00,73.38,73.73,73.0,73.31,0.0
2024-07-09 09:00:00-04:00,73.32,73.38,73.15,73.377,0.0
2024-07-09 09:30:00-04:00,73.30000305175781,74.05000305175781,73.12000274658203,73.86299896240234,5047188.0
2024-07-09 10:30:00-04:00,73.86000061035156,74.13999938964844,73.51000213623047,73.55999755859375,2876808.0
2024-07-09 11:30:00-04:00,73.55999755859375,73.78970336914062,72.95999908447266,73.11000061035156,3081844.0
2024-07-09 12:30:00-04:00,73.0999984741211,73.2300033569336,72.87000274658203,73.0250015258789,2629766.0
2024-07-09 13:30:00-04:00,73.0199966430664,73.1449966430664,72.72000122070312,72.72000122070312,2303539.0
2024-07-09 14:30:00-04:00,72.73500061035156,72.9000015258789,72.48999786376953,72.58999633789062,2737842.0
2024-07-09 15:30:00-04:00,72.58999633789062,72.59500122070312,72.37999725341797,72.47000122070312,2852708.0
2024-07-09 16:00:00-04:00,72.46,72.9455,72.32,72.47,0.0
2024-07-09 17:00:00-04:00,72.47,72.5,72.37,72.3997,0.0
2024-07-09 18:00:00-04:00,72.3997,72.46,72.3812,72.44,0.0
2024-07-09 19:00:00-04:00,72.45,72.5,72.4,72.47,0.0
2024-07-10 04:00:00-04:00,72.67,72.76,72.5,72.69,0.0
2024-07-10 05:00:00-04:00,72.72,72.74,72.66,72.74,0.0
2024-07-10 06:00:00-04:00,72.74,72.79,72.7,72.71,0.0
2024-07-10 07:00:00-04:00,72.71,72.73,72.53,72.6,0.0
2024-07-10 08:00:00-04:00,72.62,72.85,72.52,72.6202,0.0
2024-07-10 09:00:00-04:00,72.63,73.305,72.59,72.68,0.0
2024-07-10 09:30:00-04:00,72.26000213623047,72.63999938964844,71.93000030517578,72.2300033569336,4162894.0
2024-07-10 10:30:00-04:00,72.2300033569336,72.23999786376953,71.7300033569336,71.9749984741211,3919710.0
2024-07-10 11:30:00-04:00,71.9749984741211,72.08999633789062,71.68000030517578,71.77999877929688,2890456.0
2024-07-10 12:30:00-04:00,71.77999877929688,71.91999816894531,71.66999816894531,71.81999969482422,2324822.0
2024-07-10 13:30:00-04:00,71.83000183105469,71.98999786376953,71.77999877929688,71.87999725341797,1924358.0
2024-07-10 14:30:00-04:00,71.87860107421875,72.30000305175781,71.7699966430664,72.1449966430664,2313760.0
2024-07-10 15:30:00-04:00,72.13999938964844,72.5999984741211,72.08000183105469,72.5199966430664,2135434.0
2024-07-10 16:00:00-04:00,72.54,72.6,72.4,72.49,0.0
2024-07-10 17:00:00-04:00,72.49,72.54,72.43,72.5,0.0
2024-07-10 18:00:00-04:00,72.51,72.51,72.43,72.45,0.0
2024-07-10 19:00:00-04:00,72.5,72.51,72.43,72.5,0.0
2024-07-11 04:00:00-04:00,72.6,72.68,72.56,72.62,0.0
2024-07-11 05:00:00-04:00,72.63,72.7,72.62,72.69,0.0
2024-07-11 06:00:00-04:00,72.69,72.69,72.58,72.62,0.0
2024-07-11 07:00:00-04:00,72.6,72.7,72.47,72.48,0.0
2024-07-11 08:00:00-04:00,72.5,72.75,72.46,72.57,0.0
2024-07-11 09:00:00-04:00,72.59,72.99,72.45,72.59,0.0
2024-07-11 09:30:00-04:00,72.69999694824219,73.75,72.29000091552734,73.18309783935547,4048024.0
2024-07-11 10:30:00-04:00,73.19000244140625,73.71499633789062,73.08000183105469,73.52999877929688,2043782.0
2024-07-11 11:30:00-04:00,73.5199966430664,73.5979995727539,72.87999725341797,73.10990142822266,1780133.0
2024-07-11 12:30:00-04:00,73.1001968383789,73.30999755859375,73.06999969482422,73.12000274658203,1144486.0
2024-07-11 13:30:00-04:00,73.11849975585938,73.6500015258789,73.0999984741211,73.48500061035156,2253071.0
2024-07-11 14:30:00-04:00,73.48970031738281,73.73500061035156,73.06999969482422,73.25,1674802.0
2024-07-11 15:30:00-04:00,73.25,73.41000366210938,73.06999969482422,73.37999725341797,1499838.0
2024-07-11 16:00:00-04:00,73.39,73.49,73.32,73.38,0.0
2024-07-11 17:00:00-04:00,73.36,73.43,73.34,73.39,0.0
2024-07-11 18:00:00-04:00,73.37,73.42,73.23,73.42,0.0
2024-07-11 19:00:00-04:00,73.3,73.5,73.3,73.47,0.0
2024-07-12 04:00:00-04:00,74.0,74.0,73.5,73.7,0.0
2024-07-12 05:00:00-04:00,73.71,73.85,73.7,73.76,0.0
2024-07-12 06:00:00-04:00,73.79,73.95,73.76,73.94,0.0
2024-07-12 07:00:00-04:00,73.94,73.95,73.65,73.89,0.0
2024-07-12 08:00:00-04:00,73.89,73.94,73.57,73.89,0.0
2024-07-12 09:00:00-04:00,73.8,73.85,73.66,73.7,0.0
2024-07-12 09:30:00-04:00,73.56999969482422,73.94999694824219,73.1719970703125,73.54000091552734,2993171.0
2024-07-12 10:30:00-04:00,73.54000091552734,74.05000305175781,73.37999725341797,73.87000274658203,2033176.0
2024-07-12 11:30:00-04:00,73.87220001220703,73.87220001220703,73.2699966430664,73.36000061035156,1678857.0
2024-07-12 12:30:00-04:00,73.37000274658203,73.63999938964844,73.27999877929688,73.63009643554688,2166303.0
2024-07-12 13:30:00-04:00,73.63500213623047,73.80000305175781,73.58999633789062,73.7300033569336,1118632.0
2024-07-12 14:30:00-04:00,73.7300033569336,73.73139953613281,73.54000091552734,73.59500122070312,1069375.0
2024-07-12 15:30:00-04:00,73.58999633789062,73.63999938964844,73.31999969482422,73.44000244140625,1772815.0
2024-07-12 16:00:00-04:00,73.44,73.47,73.37,73.45,0.0
2024-07-12 17:00:00-04:00,73.45,73.45,73.41,73.44,0.0
2024-07-12 18:00:00-04:00,73.44,73.45,73.37,73.37,0.0
2024-07-12 19:00:00-04:00,73.4,73.45,73.36,73.4497,0.0
2024-07-15 04:00:00-04:00,73.7,73.93,73.41,73.46,0.0
2024-07-15 05:00:00-04:00,73.56,73.59,73.32,73.35,0.0
2024-07-15 06:00:00-04:00,73.36,73.4,73.33,73.37,0.0
2024-07-15 07:00:00-04:00,73.36,73.4,73.29,73.39,0.0
2024-07-15 08:00:00-04:00,73.35,73.91,73.27,73.39,0.0
2024-07-15 09:00:00-04:00,73.32,73.49,73.3,73.35,0.0
2024-07-15 09:30:00-04:00,73.0,73.00599670410156,72.19999694824219,72.2300033569336,4179995.0
2024-07-15 10:30:00-04:00,72.2249984741211,72.6875,72.05999755859375,72.57879638671875,2289969.0
2024-07-15 11:30:00-04:00,72.58000183105469,72.65499877929688,72.18000030517578,72.20999908447266,1989805.0
2024-07-15 12:30:00-04:00,72.2155990600586,72.30000305175781,71.97000122070312,71.98999786376953,2142983.0
2024-07-15 13:30:00-04:00,71.98999786376953,72.08000183105469,71.7699966430664,72.02999877929688,2113489.0
2024-07-15 14:30:00-04:00,72.03839874267578,72.08999633789062,71.72000122070312,71.72000122070312,1772204.0
2024-07-15 15:30:00-04:00,71.72000122070312,71.7499008178711,71.23999786376953,71.31999969482422,3778571.0
2024-07-15 16:00:00-04:00,71.31,72.3333,71.17,71.48,0.0
2024-07-15 17:00:00-04:00,71.47,71.55,71.31,71.51,0.0
2024-07-15 18:00:00-04:00,71.5,71.6,71.48,71.54,0.0
2024-07-15 19:00:00-04:00,71.55,71.59,71.51,71.55,0.0
2024-07-16 04:00:00-04:00,71.5,71.79,71.38,71.52,0.0
2024-07-16 05:00:00-04:00,71.52,71.65,71.5,71.61,0.0
2024-07-16 06:00:00-04:00,71.61,71.79,71.59,71.78,0.0
2024-07-16 07:00:00-04:00,71.79,71.79,71.47,71.58,0.0
2024-07-16 08:00:00-04:00,71.58,71.83,71.47,71.64,0.0
2024-07-16 09:00:00-04:00,71.64,72.92,71.41,71.56,0.0
2024-07-16 09:30:00-04:00,71.51000213623047,72.63999938964844,71.51000213623047,72.04499816894531,4465558.0
2024-07-16 10:30:00-04:00,72.04000091552734,72.23999786376953,71.93000030517578,72.16000366210938,2184226.0
2024-07-16 11:30:00-04:00,72.1500015258789,72.73999786376953,72.02999877929688,72.55850219726562,5001029.0
2024-07-16 12:30:00-04:00,72.55000305175781,72.58999633789062,72.37000274658203,72.49500274658203,1723802.0
2024-07-16 13:30:00-04:00,72.48999786376953,72.81999969482422,72.41999816894531,72.69999694824219,1755061.0
2024-07-16 14:30:00-04:00,72.69999694824219,72.88999938964844,72.55000305175781,72.85880279541016,1556279.0
2024-07-16 15:30:00-04:00,72.8550033569336,72.95999908447266,72.73500061035156,72.80999755859375,1905866.0
2024-07-16 16:00:00-04:00,72.8,72.96,72.0196,72.81,0.0
2024-07-16 17:00:00-04:00,72.81,72.94,72.77,72.89,0.0
2024-07-16 18:00:00-04:00,72.88,72.9,72.8,72.89,0.0
2024-07-16 19:00:00-04:00,72.89,72.89,72.7293,72.84,0.0
2024-07-17 04:00:00-04:00,73.23,73.23,72.55,72.6,0.0
2024-07-17 05:00:00-04:00,72.53,72.89,72.51,72.84,0.0
2024-07-17 06:00:00-04:00,72.85,72.89,72.77,72.82,0.0
2024-07-17 07:00:00-04:00,72.82,72.93,72.6,72.69,0.0
2024-07-17 08:00:00-04:00,72.65,73.0,72.4,72.5,0.0
2024-07-17 09:00:00-04:00,72.504,72.65,72.46,72.64,0.0
2024-07-17 09:30:00-04:00,72.52999877929688,73.33999633789062,72.5,72.6709976196289,2844069.0
2024-07-17 10:30:00-04:00,72.67140197753906,73.0198974609375,72.56999969482422,72.94999694824219,1398335.0
2024-07-17 11:30:00-04:00,72.94999694824219,73.1239013671875,72.77999877929688,72.96499633789062,1184065.0
2024-07-17 12:30:00-04:00,72.95999908447266,73.0199966430664,72.51000213623047,72.61000061035156,899097.0
2024-07-17 13:30:00-04:00,72.60009765625,73.25,72.55039978027344,73.2300033569336,959011.0
2024-07-17 14:30:00-04:00,73.23999786376953,73.26000213623047,72.91000366210938,72.98999786376953,1041616.0
2024-07-17 15:30:00-04:00,72.98999786376953,73.12000274658203,72.83000183105469,73.05999755859375,1141298.0
2024-07-17 16:00:00-04:00,73.07,73.24,72.9,73.0602,0.0
2024-07-17 17:00:00-04:00,73.07,73.11,72.95,73.11,0.0
2024-07-17 18:00:00-04:00,73.1,73.11,73.0,73.0564,0.0
2024-07-17 19:00:00-04:00,73.09,73.11,73.0,73.03,0.0
2024-07-18 04:00:00-04:00,72.89,73.4,72.89,73.24,0.0
2024-07-18 05:00:00-04:00,73.24,73.24,73.11,73.22,0.0
2024-07-18 06:00:00-04:00,73.19,73.2,73.07,73.15,0.0
2024-07-18 07:00:00-04:00,73.15,73.19,73.03,73.14,0.0
2024-07-18 08:00:00-04:00,73.12,73.5,73.03,73.19,0.0
2024-07-18 09:00:00-04:00,73.18,73.19,72.8738,72.8738,0.0
2024-07-18 09:30:00-04:00,72.97000122070312,73.93000030517578,72.97000122070312,73.58999633789062,2582687.0
2024-07-18 10:30:00-04:00,73.58499908447266,73.91000366210938,73.47000122070312,73.510498046875,1475652.0
2024-07-18 11:30:00-04:00,73.51000213623047,73.52999877929688,72.88999938964844,72.91500091552734,1473680.0
2024-07-18 12:30:00-04:00,72.91999816894531,73.22000122070312,72.75,73.22000122070312,1330625.0
2024-07-18 13:30:00-04:00,73.22000122070312,73.31999969482422,72.9000015258789,72.91000366210938,894829.0
2024-07-18 14:30:00-04:00,72.91500091552734,73.06500244140625,72.51000213623047,72.51000213623047,1231190.0
2024-07-18 15:30:00-04:00,72.51000213623047,72.58760070800781,72.3499984741211,72.4000015258789,1618223.0
2024-07-18 16:00:00-04:00,72.38,72.55,72.24,72.49,0.0
2024-07-18 17:00:00-04:00,72.5,72.69,72.38,72.5,0.0
2024-07-18 18:00:00-04:00,72.54,72.69,72.41,72.58,0.0
2024-07-18 19:00:00-04:00,72.58,72.59,72.45,72.57,0.0
2024-07-19 04:00:00-04:00,72.57,72.6,72.38,72.55,0.0
2024-07-19 05:00:00-04:00,72.55,72.64,72.45,72.55,0.0
2024-07-19 06:00:00-04:00,72.55,72.58,72.49,72.5,0.0
2024-07-19 07:00:00-04:00,72.52,72.6,72.48,72.58,0.0
2024-07-19 08:00:00-04:00,72.55,72.8,72.35,72.435,0.0
2024-07-19 09:00:00-04:00,72.44,72.47,72.31,72.31,0.0
2024-07-19 09:30:00-04:00,72.30000305175781,72.4800033569336,71.94999694824219,72.19760131835938,2241735.0
2024-07-19 10:30:00-04:00,72.19999694824219,72.66000366210938,72.13999938964844,72.26000213623047,987724.0
2024-07-19 11:30:00-04:00,72.25499725341797,72.30989837646484,71.87999725341797,71.95999908447266,1096958.0
2024-07-19 12:30:00-04:00,71.97000122070312,72.27790069580078,71.85160064697266,72.18000030517578,1175629.0
2024-07-19 13:30:00-04:00,72.16999816894531,72.45999908447266,72.06999969482422,72.36000061035156,714907.0
2024-07-19 14:30:00-04:00,72.36229705810547,72.7300033569336,72.31999969482422,72.54000091552734,1450019.0
2024-07-19 15:30:00-04:00,72.54000091552734,72.81999969482422,72.4802017211914,72.72000122070312,1908590.0
2024-07-19 16:00:00-04:00,72.7,72.77,72.59,72.68,0.0
2024-07-19 17:00:00-04:00,72.69,72.8,72.65,72.65,0.0
2024-07-19 18:00:00-04:00,72.7,72.76,71.85,72.69,0.0
2024-07-19 19:00:00-04:00,72.69,72.74,72.13,72.7,0.0
2024-07-22 04:00:00-04:00,72.9,73.0,72.82,72.99,0.0
2024-07-22 05:00:00-04:00,72.99,73.0,72.94,72.99,0.0
2024-07-22 06:00:00-04:00,72.99,73.0,72.96,72.99,0.0
2024-07-22 07:00:00-04:00,72.99,73.0,72.84,72.85,0.0
2024-07-22 08:00:00-04:00,72.88,73.1,72.7,73.0,0.0
2024-07-22 09:00:00-04:00,72.99,73.14,72.9,73.09,0.0
2024-07-22 09:30:00-04:00,73.12000274658203,74.37000274658203,73.07029724121094,74.26000213623047,5830563.0
2024-07-22 10:30:00-04:00,74.25,74.58999633789062,74.12000274658203,74.2300033569336,2594316.0
2024-07-22 11:30:00-04:00,74.23500061035156,74.55000305175781,74.0,74.45500183105469,1456758.0
2024-07-22 12:30:00-04:00,74.45500183105469,75.33999633789062,74.44999694824219,75.19999694824219,2310280.0
2024-07-22 13:30:00-04:00,75.19499969482422,75.26000213623047,74.87999725341797,75.11000061035156,1470173.0
2024-07-22 14:30:00-04:00,75.1050033569336,75.20999908447266,74.94999694824219,75.08000183105469,1523646.0
2024-07-22 15:30:00-04:00,75.08999633789062,75.14820098876953,74.80999755859375,74.86000061035156,1954161.0
2024-07-22 16:00:00-04:00,74.86,74.97,74.75,74.7506,0.0
2024-07-22 17:00:00-04:00,74.75,74.86,74.75,74.83,0.0
2024-07-22 18:00:00-04:00,74.82,74.86,74.8,74.86,0.0
2024-07-22 19:00:00-04:00,74.85,74.86,72.2,74.84,0.0
2024-07-23 04:00:00-04:00,75.05,75.05,74.71,74.78,0.0
2024-07-23 05:00:00-04:00,74.83,74.85,74.78,74.82,0.0
2024-07-23 06:00:00-04:00,74.85,74.86,74.81,74.83,0.0
2024-07-23 07:00:00-04:00,74.84,74.97,74.74,74.8,0.0
2024-07-23 08:00:00-04:00,74.86,75.35,74.7,74.76,0.0
2024-07-23 09:00:00-04:00,74.8,74.9,74.71,74.71,0.0
2024-07-23 09:30:00-04:00,74.62999725341797,75.04000091552734,74.3499984741211,74.38500213623047,2173074.0
2024-07-23 10:30:00-04:00,74.38999938964844,74.6500015258789,73.86000061035156,74.0199966430664,1768883.0
2024-07-23 11:30:00-04:00,74.0199966430664,74.08999633789062,73.80999755859375,73.84500122070312,1140882.0
2024-07-23 12:30:00-04:00,73.83999633789062,73.8499984741211,73.63999938964844,73.66500091552734,910404.0
2024-07-23 13:30:00-04:00,73.66000366210938,74.0,73.55999755859375,73.96499633789062,842239.0
2024-07-23 14:30:00-04:00,73.97000122070312,74.01000213623047,73.68000030517578,73.68879699707031,811441.0
2024-07-23 15:30:00-04:00,73.66000366210938,73.68000030517578,73.23999786376953,73.41999816894531,2271843.0
2024-07-23 16:00:00-04:00,73.41,73.46,73.31,73.34,0.0
2024-07-23 17:00:00-04:00,73.33,73.4,73.2,73.21,0.0
2024-07-23 18:00:00-04:00,73.23,73.38,73.1,73.28,0.0
2024-07-23 19:00:00-04:00,73.15,73.28,73.1,73.1,0.0
2024-07-24 04:00:00-04:00,73.14,73.35,73.08,73.09,0.0
2024-07-24 05:00:00-04:00,73.19,73.3,73.1,73.21,0.0
2024-07-24 06:00:00-04:00,73.21,73.33,73.2,73.29,0.0
2024-07-24 07:00:00-04:00,73.3,73.32,73.16,73.25,0.0
2024-07-24 08:00:00-04:00,73.25,73.39,73.0635,73.08,0.0
2024-07-24 09:00:00-04:00,73.08,73.15,73.0,73.03,0.0
2024-07-24 09:30:00-04:00,73.25,73.38999938964844,72.2300033569336,72.51499938964844,2931236.0
2024-07-24 10:30:00-04:00,72.51499938964844,72.56999969482422,72.16000366210938,72.18499755859375,2124538.0
2024-07-24 11:30:00-04:00,72.16999816894531,72.19000244140625,71.58999633789062,71.59770202636719,2226645.0
2024-07-24 12:30:00-04:00,71.59500122070312,71.69000244140625,71.37000274658203,71.43000030517578,1875335.0
2024-07-24 13:30:00-04:00,71.41999816894531,71.70500183105469,71.4000015258789,71.57499694824219,1788524.0
2024-07-24 14:30:00-04:00,71.55999755859375,71.63500213623047,71.29000091552734,71.54499816894531,1715844.0
2024-07-24 15:30:00-04:00,71.54499816894531,71.66000366210938,71.08000183105469,71.12000274658203,3056917.0
2024-07-24 16:00:00-04:00,71.12,71.6,71.09,71.14,0.0
2024-07-24 17:00:00-04:00,71.14,71.5,71.09,71.2,0.0
2024-07-24 18:00:00-04:00,71.15,71.34,71.12,71.17,0.0
2024-07-24 19:00:00-04:00,71.18,71.38,71.15,71.2886,0.0
2024-07-25 04:00:00-04:00,71.5,71.5,71.0,71.1,0.0
2024-07-25 05:00:00-04:00,71.1,71.53,71.1,71.23,0.0
2024-07-25 06:00:00-04:00,71.23,71.29,71.0,71.12,0.0
2024-07-25 07:00:00-04:00,71.12,71.3,71.05,71.23,0.0
2024-07-25 08:00:00-04:00,71.23,71.51,71.01,71.25,0.0
2024-07-25 09:00:00-04:00,71.25,71.47,71.1,71.35,0.0
2024-07-25 09:30:00-04:00,71.52999877929688,72.0999984741211,70.91000366210938,71.76499938964844,3888945.0
2024-07-25 10:30:00-04:00,71.75,71.87000274658203,71.30999755859375,71.53990173339844,2235802.0
2024-07-25 11:30:00-04:00,71.52999877929688,72.12999725341797,71.5199966430664,72.05850219726562,1496227.0
2024-07-25 12:30:00-04:00,72.05509948730469,72.25869750976562,71.86000061035156,71.9000015258789,1176278.0
2024-07-25 13:30:00-04:00,71.91719818115234,72.43000030517578,71.86000061035156,72.27999877929688,1092159.0
2024-07-25 14:30:00-04:00,72.2699966430664,72.29460144042969,71.83499908447266,72.06500244140625,1064832.0
2024-07-25 15:30:00-04:00,72.06500244140625,72.08999633789062,71.41000366210938,71.43000030517578,1587621.0
2024-07-25 16:00:00-04:00,71.41,72.2855,71.25,71.53,0.0
2024-07-25 17:00:00-04:00,71.49,71.54,71.4,71.52,0.0
2024-07-25 18:00:00-04:00,71.51,71.8,71.41,71.55,0.0
2024-07-25 19:00:00-04:00,71.51,71.57,71.45,71.5,0.0
2024-07-26 04:00:00-04:00,72.0,72.19,71.78,72.07,0.0
2024-07-26 05:00:00-04:00,72.07,72.21,72.02,72.14,0.0
2024-07-26 06:00:00-04:00,72.1,72.18,72.02,72.15,0.0
2024-07-26 07:00:00-04:00,72.16,72.18,71.93,72.06,0.0
2024-07-26 08:00:00-04:00,72.06,72.2174,71.41,72.05,0.0
2024-07-26 09:00:00-04:00,72.06,72.14,72.01,72.02,0.0
2024-07-26 09:30:00-04:00,72.0,72.72000122070312,71.87000274658203,72.38999938964844,2034183.0
2024-07-26 10:30:00-04:00,72.37999725341797,72.37999725341797,72.01000213623047,72.2300033569336,1194132.0
2024-07-26 11:30:00-04:00,72.23999786376953,72.68000030517578,72.19999694824219,72.41999816894531,878574.0
2024-07-26 12:30:00-04:00,72.42500305175781,72.76000213623047,72.37000274658203,72.75,745523.0
2024-07-26 13:30:00-04:00,72.75,72.77999877929688,72.37999725341797,72.55000305175781,826549.0
2024-07-26 14:30:00-04:00,72.55000305175781,72.66999816894531,72.40499877929688,72.61000061035156,880736.0
2024-07-26 15:30:00-04:00,72.61000061035156,72.62999725341797,72.41000366210938,72.56999969482422,1300156.0
2024-07-26 16:00:00-04:00,72.56,72.59,71.2565,72.5005,0.0
2024-07-26 17:00:00-04:00,72.56,72.59,72.5,72.51,0.0
2024-07-26 18:00:00-04:00,72.55,72.59,72.5,72.55,0.0
2024-07-26 19:00:00-04:00,72.55,72.56,72.5,72.52,0.0
2024-07-29 04:00:00-04:00,72.55,72.86,72.55,72.82,0.0
2024-07-29 05:00:00-04:00,72.79,72.86,72.76,72.76,0.0
2024-07-29 06:00:00-04:00,72.76,72.87,72.76,72.84,0.0
2024-07-29 07:00:00-04:00,72.84,72.85,72.62,72.76,0.0
2024-07-29 08:00:00-04:00,72.75,73.13,72.54,72.75,0.0
2024-07-29 09:00:00-04:00,72.75,72.75,72.51,72.5617,0.0
2024-07-29 09:30:00-04:00,72.5,73.47000122070312,72.19999694824219,73.42500305175781,2441811.0
2024-07-29 10:30:00-04:00,73.42500305175781,73.63999938964844,73.26000213623047,73.56999969482422,1526776.0
2024-07-29 11:30:00-04:00,73.56099700927734,73.86990356445312,73.36000061035156,73.66999816894531,1113504.0
2024-07-29 12:30:00-04:00,73.66999816894531,73.79000091552734,73.54070281982422,73.67500305175781,834403.0
2024-07-29 13:30:00-04:00,73.67019653320312,73.70999908447266,73.33999633789062,73.60749816894531,967661.0
2024-07-29 14:30:00-04:00,73.61000061035156,73.68000030517578,73.19000244140625,73.43399810791016,1022752.0
2024-07-29 15:30:00-04:00,73.43499755859375,73.58000183105469,73.38999938964844,73.55000305175781,1384442.0
2024-07-29 16:00:00-04:00,73.55,73.61,73.4,73.43,0.0
2024-07-29 17:00:00-04:00,73.43,73.55,73.41,73.45,0.0
2024-07-29 18:00:00-04:00,73.47,73.65,73.45,73.54,0.0
2024-07-29 19:00:00-04:00,73.51,73.55,73.28,73.33,0.0
2024-07-30 04:00:00-04:00,73.55,73.57,73.4,73.52,0.0
2024-07-30 05:00:00-04:00,73.51,73.57,73.45,73.47,0.0
2024-07-30 06:00:00-04:00,73.47,73.57,73.47,73.53,0.0
2024-07-30 07:00:00-04:00,73.53,73.6,73.45,73.57,0.0
2024-07-30 08:00:00-04:00,73.54,73.84,73.4,73.69,0.0
2024-07-30 09:00:00-04:00,73.69,73.86,73.6,73.86,0.0
2024-07-30 09:30:00-04:00,73.69000244140625,74.29000091552734,73.51000213623047,74.16999816894531,1866684.0
2024-07-30 10:30:00-04:00,74.16000366210938,74.22000122070312,73.59989929199219,73.82499694824219,904102.0
2024-07-30 11:30:00-04:00,73.82499694824219,73.94000244140625,73.62000274658203,73.70999908447266,763446.0
2024-07-30 12:30:00-04:00,73.72000122070312,73.95500183105469,73.45500183105469,73.56379699707031,786045.0
2024-07-30 13:30:00-04:00,73.5624008178711,73.97000122070312,73.55000305175781,73.75,651520.0
2024-07-30 14:30:00-04:00,73.73999786376953,73.94000244140625,73.66000366210938,73.91010284423828,783880.0
2024-07-30 15:30:00-04:00,73.91500091552734,74.48999786376953,73.8949966430664,74.31009674072266,1605767.0
2024-07-30 16:00:00-04:00,74.32,74.36,73.59,74.0,0.0
2024-07-30 17:00:00-04:00,73.9904,74.25,73.91,74.24,0.0
2024-07-30 18:00:00-04:00,74.09,74.26,74.0,74.11,0.0
2024-07-30 19:00:00-04:00,74.11,74.21,74.1,74.21,0.0
2024-07-31 04:00:00-04:00,74.46,74.52,74.34,74.48,0.0
2024-07-31 05:00:00-04:00,74.48,74.55,74.46,74.5,0.0
2024-07-31 06:00:00-04:00,74.5,74.6,74.47,74.55,0.0
2024-07-31 07:00:00-04:00,74.56,74.6,74.48,74.58,0.0
2024-07-31 08:00:00-04:00,74.55,74.65,74.22,74.5,0.0
2024-07-31 09:00:00-04:00,74.52,74.65,72.55,74.53,0.0
2024-07-31 09:30:00-04:00,74.5,75.11000061035156,73.94999694824219,74.84500122070312,2515651.0
2024-07-31 10:30:00-04:00,74.8499984741211,75.22000122070312,74.7249984741211,74.98999786376953,1445675.0
2024-07-31 11:30:00-04:00,74.99500274658203,75.2300033569336,74.73999786376953,74.87650299072266,1262615.0
2024-07-31 12:30:00-04:00,74.87000274658203,74.94999694824219,74.68000030517578,74.79450225830078,989059.0
2024-07-31 13:30:00-04:00,74.79000091552734,75.13999938964844,74.66999816894531,75.05999755859375,1039197.0
2024-07-31 14:30:00-04:00,75.05500030517578,75.43000030517578,74.82099914550781,74.88999938964844,1740873.0
2024-07-31 15:30:00-04:00,74.88999938964844,75.13999938964844,74.79000091552734,74.86000061035156,1605284.0
2024-07-31 16:00:00-04:00,74.86,74.99,74.69,74.7894,0.0
2024-07-31 17:00:00-04:00,74.73,74.86,74.7,74.7,0.0
2024-07-31 18:00:00-04:00,74.72,74.95,74.72,74.8517,0.0
2024-07-31 19:00:00-04:00,74.88,74.99,74.8,74.94,0.0
2024-08-01 04:00:00-04:00,74.94,75.4,74.68,74.71,0.0
2024-08-01 05:00:00-04:00,74.71,74.9,74.71,74.84,0.0
2024-08-01 06:00:00-04:00,74.84,74.84,74.71,74.78,0.0
2024-08-01 07:00:00-04:00,74.78,75.0,74.71,74.91,0.0
2024-08-01 08:00:00-04:00,74.93,75.02,74.7,74.8,0.0
2024-08-01 09:00:00-04:00,74.8,74.86,74.7,74.79,0.0
2024-08-01 09:30:00-04:00,74.3499984741211,74.79000091552734,74.0199966430664,74.08000183105469,2252594.0
2024-08-01 10:30:00-04:00,74.06999969482422,74.47000122070312,73.83000183105469,73.86000061035156,1299602.0
2024-08-01 11:30:00-04:00,73.8644027709961,74.22000122070312,73.73999786376953,73.9800033569336,1093561.0
2024-08-01 12:30:00-04:00,73.98500061035156,73.98500061035156,73.54000091552734,73.63999938964844,887339.0
2024-08-01 13:30:00-04:00,73.62010192871094,73.80999755859375,73.37000274658203,73.58869934082031,725496.0
2024-08-01 14:30:00-04:00,73.58000183105469,73.58499908447266,73.26000213623047,73.57499694824219,848960.0
2024-08-01 15:30:00-04:00,73.58000183105469,73.86000061035156,73.55999755859375,73.83999633789062,1173010.0
2024-08-01 16:00:00-04:00,73.85,73.96,73.23,73.44,0.0
2024-08-01 17:00:00-04:00,73.44,73.83,73.2,73.33,0.0
2024-08-01 18:00:00-04:00,73.3,74.86,73.21,73.21,0.0
2024-08-01 19:00:00-04:00,73.2,73.39,73.11,73.33,0.0
2024-08-02 04:00:00-04:00,73.11,73.2,72.77,72.86,0.0
2024-08-02 05:00:00-04:00,72.84,72.87,72.71,72.74,0.0
2024-08-02 06:00:00-04:00,72.71,72.8,72.61,72.7,0.0
2024-08-02 07:00:00-04:00,72.7,72.85,72.62,72.76,0.0
2024-08-02 08:00:00-04:00,72.75,73.85,72.61,72.64,0.0
2024-08-02 09:00:00-04:00,72.65,73.85,72.3,72.58,0.0
2024-08-02 09:30:00-04:00,72.83000183105469,73.66999816894531,71.91999816894531,73.11000061035156,2588077.0
2024-08-02 10:30:00-04:00,73.12000274658203,73.25,72.63500213623047,73.0999984741211,1481939.0
2024-08-02 11:30:00-04:00,73.1050033569336,73.5,73.1050033569336,73.44989776611328,1014572.0
2024-08-02 12:30:00-04:00,73.44499969482422,73.58000183105469,73.18000030517578,73.3550033569336,894661.0
2024-08-02 13:30:00-04:00,73.3499984741211,73.75,73.28500366210938,73.75,1137370.0
2024-08-02 14:30:00-04:00,73.75,73.95999908447266,73.62999725341797,73.91999816894531,1163087.0
2024-08-02 15:30:00-04:00,73.91999816894531,74.125,73.73999786376953,74.00499725341797,1744187.0
2024-08-02 16:00:00-04:00,74.01,94.75,67.2621,74.01,0.0
2024-08-02 17:00:00-04:00,73.96,74.01,73.73,73.7456,0.0
2024-08-02 18:00:00-04:00,73.96,74.01,73.73,73.94,0.0
2024-08-02 19:00:00-04:00,73.98,73.98,73.8,73.8005,0.0
2024-08-05 04:00:00-04:00,71.42,72.19,70.0,72.07,0.0
2024-08-05 05:00:00-04:00,72.02,72.24,70.54,70.79,0.0
2024-08-05 06:00:00-04:00,70.81,70.99,70.31,70.8,0.0
2024-08-05 07:00:00-04:00,70.9,71.79,70.6,71.47,0.0
2024-08-05 08:00:00-04:00,71.46,74.01,69.5,70.12,0.0
2024-08-05 09:00:00-04:00,70.18,72.805,69.8,70.16,0.0
2024-08-05 09:30:00-04:00,71.05999755859375,72.62000274658203,70.75019836425781,71.61000061035156,3086438.0
2024-08-05 10:30:00-04:00,71.61000061035156,72.3499984741211,71.5999984741211,72.0999984741211,1423417.0
2024-08-05 11:30:00-04:00,72.0999984741211,72.44000244140625,71.98999786376953,72.01570129394531,1315737.0
2024-08-05 12:30:00-04:00,72.0176010131836,72.16000366210938,71.68000030517578,71.86000061035156,1255131.0
2024-08-05 13:30:00-04:00,71.8499984741211,72.08000183105469,71.54000091552734,71.72000122070312,1111685.0
2024-08-05 14:30:00-04:00,71.7300033569336,71.76499938964844,71.29000091552734,71.48999786376953,1134531.0
2024-08-05 15:30:00-04:00,71.48999786376953,71.49549865722656,71.16000366210938,71.43000030517578,1653314.0
2024-08-05 16:00:00-04:00,71.42,71.6,71.25,71.6,0.0
2024-08-05 17:00:00-04:00,71.6,71.61,68.9634,71.58,0.0
2024-08-05 18:00:00-04:00,71.58,72.0,71.52,71.94,0.0
2024-08-05 19:00:00-04:00,71.95,71.95,71.62,71.84,0.0
2024-08-06 04:00:00-04:00,71.6,72.22,71.53,71.86,0.0
2024-08-06 05:00:00-04:00,71.86,71.88,71.69,71.76,0.0
2024-08-06 06:00:00-04:00,71.81,71.81,71.5,71.57,0.0
2024-08-06 07:00:00-04:00,71.64,72.0,71.62,71.75,0.0
2024-08-06 08:00:00-04:00,71.8,74.56,71.5035,72.0,0.0
2024-08-06 09:00:00-04:00,72.0,72.19,71.75,72.15,0.0
2024-08-06 09:30:00-04:00,71.66500091552734,73.04000091552734,71.51000213623047,72.9010009765625,2289236.0
2024-08-06 10:30:00-04:00,72.9375,73.16000366210938,72.55999755859375,72.62000274658203,1671360.0
2024-08-06 11:30:00-04:00,72.62999725341797,73.08999633789062,72.58999633789062,72.74500274658203,844533.0
2024-08-06 12:30:00-04:00,72.73760223388672,72.91000366210938,72.52999877929688,72.77999877929688,897936.0
2024-08-06 13:30:00-04:00,72.77999877929688,73.18499755859375,72.73999786376953,73.15499877929688,1003562.0
2024-08-06 14:30:00-04:00,73.16000366210938,73.23999786376953,72.62000274658203,72.83999633789062,1191596.0
2024-08-06 15:30:00-04:00,72.8499984741211,72.92400360107422,72.44999694824219,72.5,1604300.0
2024-08-06 16:00:00-04:00,72.5,72.922,71.075,72.35,0.0
2024-08-06 17:00:00-04:00,72.3497,72.5,72.08,72.08,0.0
2024-08-06 18:00:00-04:00,72.09,72.36,72.08,72.35,0.0
2024-08-06 19:00:00-04:00,72.36,72.36,72.2,72.2,0.0
2024-08-07 04:00:00-04:00,72.82,72.86,72.5,72.73,0.0
2024-08-07 05:00:00-04:00,72.84,72.89,72.67,72.68,0.0
2024-08-07 06:00:00-04:00,72.68,73.0,72.68,72.9,0.0
2024-08-07 07:00:00-04:00,72.99,73.15,72.75,72.89,0.0
2024-08-07 08:00:00-04:00,72.97,73.1,72.3,73.0,0.0
2024-08-07 09:00:00-04:00,73.0,73.01,72.8129,72.83,0.0
2024-08-07 09:30:00-04:00,72.87999725341797,74.02999877929688,72.76000213623047,73.75499725341797,1554929.0
2024-08-07 10:30:00-04:00,73.76000213623047,74.20999908447266,73.76000213623047,74.08999633789062,1020294.0
2024-08-07 11:30:00-04:00,74.09500122070312,74.21189880371094,73.80999755859375,74.04000091552734,823736.0
2024-08-07 12:30:00-04:00,74.06999969482422,74.08000183105469,73.4000015258789,73.48999786376953,1354414.0
2024-08-07 13:30:00-04:00,73.48999786376953,73.64550018310547,72.90499877929688,73.04000091552734,767831.0
2024-08-07 14:30:00-04:00,73.01000213623047,73.04000091552734,72.7699966430664,72.89620208740234,683822.0
2024-08-07 15:30:00-04:00,72.88999938964844,72.88999938964844,72.5250015258789,72.62000274658203,1234991.0
2024-08-07 16:00:00-04:00,72.62,72.79,72.41,72.42,0.0
2024-08-07 17:00:00-04:00,72.43,72.62,72.33,72.35,0.0
2024-08-07 18:00:00-04:00,72.34,72.5,72.25,72.32,0.0
2024-08-07 19:00:00-04:00,72.3,72.5,72.02,72.2,0.0
2024-08-08 04:00:00-04:00,72.72,72.72,72.31,72.4,0.0
2024-08-08 05:00:00-04:00,72.4,72.74,72.38,72.7,0.0
2024-08-08 06:00:00-04:00,72.71,72.73,72.48,72.54,0.0
2024-08-08 07:00:00-04:00,72.5,72.58,72.5,72.55,0.0
2024-08-08 08:00:00-04:00,72.55,73.03,72.2262,72.65,0.0
2024-08-08 09:00:00-04:00,72.65,73.34,72.62,73.11,0.0
2024-08-08 09:30:00-04:00,73.2300033569336,73.9000015258789,73.04499816894531,73.80010223388672,2269582.0
2024-08-08 10:30:00-04:00,73.80000305175781,73.86000061035156,73.41000366210938,73.76000213623047,990910.0
2024-08-08 11:30:00-04:00,73.75,74.17500305175781,73.7249984741211,74.01499938964844,992220.0
2024-08-08 12:30:00-04:00,74.01499938964844,74.0999984741211,73.69999694824219,74.05999755859375,808440.0
2024-08-08 13:30:00-04:00,74.05999755859375,74.19999694824219,73.86219787597656,73.94999694824219,927060.0
2024-08-08 14:30:00-04:00,73.94999694824219,74.11000061035156,73.7300033569336,74.0199966430664,767939.0
2024-08-08 15:30:00-04:00,74.0199966430664,74.20999908447266,73.86000061035156,74.18000030517578,973883.0
2024-08-08 16:00:00-04:00,74.19,74.21,73.84,74.2,0.0
2024-08-08 17:00:00-04:00,74.19,74.21,74.08,74.0987,0.0
2024-08-08 18:00:00-04:00,74.15,74.19,74.08,74.08,0.0
2024-08-08 19:00:00-04:00,74.18,74.23,74.08,74.23,0.0
2024-08-09 04:00:00-04:00,74.0,74.37,74.0,74.1,0.0
2024-08-09 05:00:00-04:00,74.11,74.39,74.11,74.33,0.0
2024-08-09 06:00:00-04:00,74.34,74.38,74.2,74.2,0.0
2024-08-09 07:00:00-04:00,74.2,74.28,74.14,74.18,0.0
2024-08-09 08:00:00-04:00,74.16,74.34,74.0,74.19,0.0
2024-08-09 09:00:00-04:00,74.19,74.19,73.8,74.05,0.0
2024-08-09 09:30:00-04:00,74.12000274658203,74.58000183105469,73.36599731445312,73.9749984741211,1262205.0
2024-08-09 10:30:00-04:00,73.9800033569336,74.1500015258789,73.7300033569336,73.91000366210938,680244.0
2024-08-09 11:30:00-04:00,73.91999816894531,74.06999969482422,73.77999877929688,73.83499908447266,705219.0
2024-08-09 12:30:00-04:00,73.83499908447266,74.33000183105469,73.83000183105469,74.31999969482422,1455073.0
2024-08-09 13:30:00-04:00,74.31500244140625,74.38999938964844,74.01000213623047,74.08000183105469,730893.0
2024-08-09 14:30:00-04:00,74.08999633789062,74.19000244140625,74.01000213623047,74.07499694824219,682415.0
2024-08-09 15:30:00-04:00,74.08000183105469,74.41000366210938,74.03050231933594,74.33000183105469,874321.0
2024-08-09 16:00:00-04:00,74.34,74.5,74.22,74.49,0.0
2024-08-09 17:00:00-04:00,74.39,74.49,74.2,74.25,0.0
2024-08-09 18:00:00-04:00,74.3,74.34,74.2,74.33,0.0
2024-08-09 19:00:00-04:00,74.295,74.34,74.29,74.33,0.0
2024-08-12 04:00:00-04:00,74.34,74.69,74.34,74.42,0.0
2024-08-12 05:00:00-04:00,74.47,74.47,74.37,74.42,0.0
2024-08-12 06:00:00-04:00,74.42,74.44,74.38,74.4,0.0
2024-08-12 07:00:00-04:00,74.4,74.4,74.32,74.39,0.0
2024-08-12 08:00:00-04:00,74.39,74.6988,74.28,74.4,0.0
2024-08-12 09:00:00-04:00,74.45,74.5,74.34,74.39,0.0
2024-08-12 09:30:00-04:00,74.70999908447266,75.0,74.12000274658203,74.66000366210938,1326216.0
2024-08-12 10:30:00-04:00,74.66010284423828,74.87000274658203,74.26000213623047,74.33999633789062,851759.0
2024-08-12 11:30:00-04:00,74.33000183105469,74.73999786376953,74.22000122070312,74.5291976928711,695159.0
2024-08-12 12:30:00-04:00,74.5199966430664,74.56999969482422,74.16000366210938,74.30999755859375,614102.0
2024-08-12 13:30:00-04:00,74.31999969482422,74.38999938964844,74.05039978027344,74.16999816894531,667214.0
2024-08-12 14:30:00-04:00,74.16000366210938,74.57520294189453,74.1500015258789,74.5250015258789,867958.0
2024-08-12 15:30:00-04:00,74.5250015258789,74.67500305175781,74.25,74.63999938964844,1276115.0
2024-08-12 16:00:00-04:00,74.64,74.75,74.47,74.57,0.0
2024-08-12 17:00:00-04:00,74.58,74.63,74.47,74.6288,0.0
2024-08-12 18:00:00-04:00,74.6288,74.63,74.47,74.47,0.0
2024-08-12 19:00:00-04:00,74.59,74.63,74.5,74.62,0.0
2024-08-13 04:00:00-04:00,74.75,74.75,74.01,74.63,0.0
2024-08-13 05:00:00-04:00,74.63,74.77,74.5,74.56,0.0
2024-08-13 06:00:00-04:00,74.56,74.7,74.52,74.58,0.0
2024-08-13 07:00:00-04:00,74.58,74.58,74.38,74.49,0.0
2024-08-13 08:00:00-04:00,74.49,74.9988,74.0012,74.86,0.0
2024-08-13 09:00:00-04:00,74.9,75.25,74.819,75.17,0.0
2024-08-13 09:30:00-04:00,75.25,77.375,75.06999969482422,77.375,4498524.0
2024-08-13 10:30:00-04:00,77.37830352783203,78.66999816894531,77.23049926757812,78.12010192871094,5102018.0
2024-08-13 11:30:00-04:00,78.13500213623047,79.05000305175781,77.98999786376953,78.63999938964844,2997831.0
2024-08-13 12:30:00-04:00,78.64109802246094,79.04000091552734,78.5250015258789,78.63500213623047,1949391.0
2024-08-13 13:30:00-04:00,78.63500213623047,78.73999786376953,78.37000274658203,78.38500213623047,1397318.0
2024-08-13 14:30:00-04:00,78.38500213623047,78.6449966430664,78.27999877929688,78.55500030517578,1406749.0
2024-08-13 15:30:00-04:00,78.55500030517578,78.62999725341797,78.19000244140625,78.48500061035156,2725124.0
2024-08-13 16:00:00-04:00,78.485,78.66,78.32,78.42,0.0
2024-08-13 17:00:00-04:00,78.42,78.47,78.32,78.35,0.0
2024-08-13 18:00:00-04:00,78.32,78.45,78.32,78.4,0.0
2024-08-13 19:00:00-04:00,78.37,78.45,78.35,78.4488,0.0
2024-08-14 04:00:00-04:00,78.19,78.5,78.01,78.33,0.0
2024-08-14 05:00:00-04:00,78.26,78.33,78.01,78.04,0.0
2024-08-14 06:00:00-04:00,78.09,78.2,78.04,78.18,0.0
2024-08-14 07:00:00-04:00,78.12,78.26,78.05,78.2,0.0
2024-08-14 08:00:00-04:00,78.2,78.5,78.01,78.2,0.0
2024-08-14 09:00:00-04:00,78.2,78.57,77.95,78.28,0.0
2024-08-14 09:30:00-04:00,78.0,78.30999755859375,77.43499755859375,77.69499969482422,2543114.0
2024-08-14 10:30:00-04:00,77.69000244140625,78.2300033569336,77.41999816894531,78.0,1331588.0
2024-08-14 11:30:00-04:00,78.01000213623047,78.38999938964844,77.93000030517578,78.04070281982422,862207.0
2024-08-14 12:30:00-04:00,78.04000091552734,78.83999633789062,78.00499725341797,78.83999633789062,1384036.0
2024-08-14 13:30:00-04:00,78.83999633789062,78.98500061035156,78.66000366210938,78.97000122070312,989877.0
2024-08-14 14:30:00-04:00,78.96990203857422,79.08999633789062,78.76000213623047,78.76499938964844,1355224.0
2024-08-14 15:30:00-04:00,78.76000213623047,78.89700317382812,78.47000122070312,78.47000122070312,1589063.0
2024-08-14 16:00:00-04:00,78.52,82.71,78.52,82.5,0.0
2024-08-14 17:00:00-04:00,82.5,82.8,78.52,81.77,0.0
2024-08-14 18:00:00-04:00,81.75,81.8,80.83,81.04,0.0
2024-08-14 19:00:00-04:00,81.04,81.2,80.95,81.13,0.0
2024-08-15 04:00:00-04:00,81.34,82.34,81.0,81.2,0.0
2024-08-15 05:00:00-04:00,81.23,81.43,80.53,81.4,0.0
2024-08-15 06:00:00-04:00,81.35,81.75,81.3,81.61,0.0
2024-08-15 07:00:00-04:00,81.62,81.89,81.35,81.85,0.0
2024-08-15 08:00:00-04:00,81.81,82.22,80.7943,81.85,0.0
2024-08-15 09:00:00-04:00,81.85,82.7,81.82,82.51,0.0
2024-08-15 09:30:00-04:00,82.0999984741211,82.12999725341797,80.66999816894531,81.43990325927734,7050896.0
2024-08-15 10:30:00-04:00,81.43099975585938,81.97000122070312,81.36499786376953,81.4000015258789,2526325.0
2024-08-15 11:30:00-04:00,81.4000015258789,81.73999786376953,81.24009704589844,81.65499877929688,1712582.0
2024-08-15 12:30:00-04:00,81.65499877929688,82.22000122070312,81.61000061035156,82.22000122070312,2021350.0
2024-08-15 13:30:00-04:00,82.2249984741211,82.37999725341797,81.91999816894531,82.35130310058594,1799116.0
2024-08-15 14:30:00-04:00,82.36000061035156,83.05999755859375,82.30000305175781,82.45999908447266,2925417.0
2024-08-15 15:30:00-04:00,82.45500183105469,82.62999725341797,82.3499984741211,82.52999877929688,2659321.0
2024-08-15 16:00:00-04:00,82.53,82.69,82.09,82.5,0.0
2024-08-15 17:00:00-04:00,82.47,86.5486,82.25,82.25,0.0
2024-08-15 18:00:00-04:00,82.34,82.52,82.25,82.5,0.0
2024-08-15 19:00:00-04:00,82.5,82.7,82.41,82.68,0.0
2024-08-16 04:00:00-04:00,82.85,82.99,82.5,82.64,0.0
2024-08-16 05:00:00-04:00,82.63,82.9,82.55,82.86,0.0
2024-08-16 06:00:00-04:00,82.86,82.92,82.67,82.69,0.0
2024-08-16 07:00:00-04:00,82.7,83.56,82.5,83.16,0.0
2024-08-16 08:00:00-04:00,83.18,83.36,82.3312,82.84,0.0
2024-08-16 09:00:00-04:00,82.83,82.99,81.9,82.75,0.0
2024-08-16 09:30:00-04:00,82.87999725341797,83.48999786376953,82.44000244140625,83.26000213623047,3113491.0
2024-08-16 10:30:00-04:00,83.25090026855469,83.7300033569336,83.05999755859375,83.61000061035156,2225116.0
2024-08-16 11:30:00-04:00,83.62000274658203,83.94000244140625,83.44000244140625,83.46009826660156,1575148.0
2024-08-16 12:30:00-04:00,83.45999908447266,83.68000030517578,83.3301010131836,83.625,1182238.0
2024-08-16 13:30:00-04:00,83.62999725341797,83.79000091552734,83.3499984741211,83.48500061035156,1201300.0
2024-08-16 14:30:00-04:00,83.48500061035156,83.6395034790039,83.21499633789062,83.31759643554688,1215597.0
2024-08-16 15:30:00-04:00,83.31500244140625,83.41000366210938,83.23500061035156,83.25,1826337.0
2024-08-16 16:00:00-04:00,83.25,83.4,83.07,83.34,0.0
2024-08-16 17:00:00-04:00,83.33,87.9752,83.23,83.3,0.0
2024-08-16 18:00:00-04:00,83.39,83.39,83.28,83.3,0.0
2024-08-16 19:00:00-04:00,83.3,83.38,83.23,83.23,0.0
2024-08-19 04:00:00-04:00,83.15,83.44,83.11,83.28,0.0
2024-08-19 05:00:00-04:00,83.25,83.28,82.93,83.11,0.0
2024-08-19 06:00:00-04:00,83.04,83.07,82.8,82.95,0.0
2024-08-19 07:00:00-04:00,83.0,83.35,82.94,83.31,0.0
2024-08-19 08:00:00-04:00,83.31,83.7488,82.9212,83.65,0.0
2024-08-19 09:00:00-04:00,83.65,83.71,83.45,83.5,0.0
2024-08-19 09:30:00-04:00,83.2300033569336,83.98999786376953,83.1510009765625,83.62000274658203,1911485.0
2024-08-19 10:30:00-04:00,83.61000061035156,83.66000366210938,83.2699966430664,83.3949966430664,1294650.0
2024-08-19 11:30:00-04:00,83.4000015258789,83.41999816894531,82.91999816894531,83.20999908447266,1194460.0
2024-08-19 12:30:00-04:00,83.19999694824219,83.5199966430664,83.05999755859375,83.23999786376953,704509.0
2024-08-19 13:30:00-04:00,83.23999786376953,83.47000122070312,83.22010040283203,83.45999908447266,806673.0
2024-08-19 14:30:00-04:00,83.45500183105469,83.67500305175781,83.44000244140625,83.61000061035156,851724.0
2024-08-19 15:30:00-04:00,83.61000061035156,83.61000061035156,83.16999816894531,83.29000091552734,1093640.0
2024-08-19 16:00:00-04:00,83.28,83.32,83.0,83.28,0.0
2024-08-19 17:00:00-04:00,83.26,83.3,83.15,83.25,0.0
2024-08-19 18:00:00-04:00,83.15,83.3,83.15,83.2013,0.0
2024-08-19 19:00:00-04:00,83.3,83.31,83.2,83.31,0.0
2024-08-20 04:00:00-04:00,83.28,83.52,83.2,83.37,0.0
2024-08-20 05:00:00-04:00,83.36,83.44,83.28,83.4,0.0
2024-08-20 06:00:00-04:00,83.4,83.45,83.38,83.4,0.0
2024-08-20 07:00:00-04:00,83.4,83.48,83.35,83.37,0.0
2024-08-20 08:00:00-04:00,83.37,83.49,83.2,83.4,0.0
2024-08-20 09:00:00-04:00,83.36,83.41,83.31,83.32,0.0
2024-08-20 09:30:00-04:00,83.48999786376953,83.9000015258789,82.80999755859375,82.98999786376953,1608938.0
2024-08-20 10:30:00-04:00,82.99500274658203,83.22000122070312,82.77999877929688,82.81999969482422,1253777.0
2024-08-20 11:30:00-04:00,82.80999755859375,83.0,82.7699966430664,82.88379669189453,680159.0
2024-08-20 12:30:00-04:00,82.87999725341797,83.51000213623047,82.87999725341797,83.51000213623047,756957.0
2024-08-20 13:30:00-04:00,83.5,83.68000030517578,83.46499633789062,83.49500274658203,712596.0
2024-08-20 14:30:00-04:00,83.49819946289062,83.62999725341797,83.44999694824219,83.51000213623047,715697.0
2024-08-20 15:30:00-04:00,83.5199966430664,83.70500183105469,83.5199966430664,83.56999969482422,866259.0
2024-08-20 16:00:00-04:00,83.56,83.75,83.235,83.48,0.0
2024-08-20 17:00:00-04:00,83.38,83.56,83.38,83.4,0.0
2024-08-20 18:00:00-04:00,83.4,83.67,83.4,83.5,0.0
2024-08-20 19:00:00-04:00,83.52,83.67,83.42,83.56,0.0
2024-08-21 04:00:00-04:00,83.56,83.6,83.51,83.59,0.0
2024-08-21 05:00:00-04:00,83.58,83.6,83.55,83.58,0.0
2024-08-21 06:00:00-04:00,83.59,83.59,83.54,83.58,0.0
2024-08-21 07:00:00-04:00,83.59,83.84,83.59,83.73,0.0
2024-08-21 08:00:00-04:00,83.8,83.9,83.51,83.87,0.0
2024-08-21 09:00:00-04:00,83.87,83.89,83.565,83.81,0.0
2024-08-21 09:30:00-04:00,83.66999816894531,84.2300033569336,83.22000122070312,83.73999786376953,1594219.0
2024-08-21 10:30:00-04:00,83.73999786376953,84.23999786376953,83.72000122070312,84.03369903564453,1049432.0
2024-08-21 11:30:00-04:00,84.02999877929688,84.16000366210938,83.7699966430664,83.90499877929688,581026.0
2024-08-21 12:30:00-04:00,83.91000366210938,84.16999816894531,83.83999633789062,84.0199966430664,493314.0
2024-08-21 13:30:00-04:00,84.0199966430664,84.12999725341797,83.87999725341797,84.11000061035156,466232.0
2024-08-21 14:30:00-04:00,84.11499786376953,84.16999816894531,83.80999755859375,83.93000030517578,734373.0
2024-08-21 15:30:00-04:00,83.91999816894531,84.08000183105469,83.87000274658203,83.9800033569336,921889.0
2024-08-21 16:00:00-04:00,84.0,84.23,83.7,84.04,0.0
2024-08-21 17:00:00-04:00,84.0022,86.6997,83.97,84.05,0.0
2024-08-21 18:00:00-04:00,84.01,84.09,83.8,84.09,0.0
2024-08-21 19:00:00-04:00,84.06,84.09,83.95,84.07,0.0
2024-08-22 04:00:00-04:00,83.52,84.09,83.52,83.98,0.0
2024-08-22 05:00:00-04:00,83.99,84.0,83.9,84.0,0.0
2024-08-22 06:00:00-04:00,84.02,84.09,84.0,84.09,0.0
2024-08-22 07:00:00-04:00,84.09,84.09,84.0,84.04,0.0
2024-08-22 08:00:00-04:00,84.05,84.09,83.85,84.05,0.0
2024-08-22 09:00:00-04:00,84.04,84.3,84.01,84.28,0.0
2024-08-22 09:30:00-04:00,84.44999694824219,84.68000030517578,83.73999786376953,83.94999694824219,1489085.0
2024-08-22 10:30:00-04:00,83.94499969482422,84.4800033569336,83.83000183105469,84.081298828125,986647.0
2024-08-22 11:30:00-04:00,84.08499908447266,84.2699966430664,83.81999969482422,83.95999908447266,730169.0
2024-08-22 12:30:00-04:00,83.95500183105469,84.0999984741211,83.79000091552734,83.9000015258789,1242362.0
2024-08-22 13:30:00-04:00,83.91999816894531,83.94000244140625,83.51000213623047,83.7300033569336,539132.0
2024-08-22 14:30:00-04:00,83.7249984741211,83.7699966430664,83.41999816894531,83.44000244140625,732206.0
2024-08-22 15:30:00-04:00,83.44999694824219,83.51000213623047,83.20999908447266,83.41000366210938,1350939.0
2024-08-22 16:00:00-04:00,83.4,83.9855,83.34,83.42,0.0
2024-08-22 17:00:00-04:00,83.42,89.3645,83.41,83.42,0.0
2024-08-22 18:00:00-04:00,83.43,83.68,83.42,83.44,0.0
2024-08-22 19:00:00-04:00,83.4201,83.46,83.41,83.45,0.0
2024-08-23 04:00:00-04:00,83.5,83.58,83.41,83.53,0.0
2024-08-23 05:00:00-04:00,83.52,83.84,83.52,83.72,0.0
2024-08-23 06:00:00-04:00,83.83,83.93,83.76,83.87,0.0
2024-08-23 07:00:00-04:00,83.81,83.9,83.72,83.77,0.0
2024-08-23 08:00:00-04:00,83.77,84.0,83.45,83.7345,0.0
2024-08-23 09:00:00-04:00,83.52,83.74,83.5,83.69,0.0
2024-08-23 09:30:00-04:00,83.33999633789062,84.23999786376953,83.22000122070312,83.83999633789062,1416513.0
2024-08-23 10:30:00-04:00,83.83999633789062,83.8949966430664,83.37999725341797,83.875,845889.0
2024-08-23 11:30:00-04:00,83.875,83.95999908447266,83.33000183105469,83.41000366210938,589150.0
2024-08-23 12:30:00-04:00,83.41000366210938,83.66000366210938,83.26000213623047,83.62000274658203,504970.0
2024-08-23 13:30:00-04:00,83.62000274658203,83.9800033569336,83.6050033569336,83.80000305175781,657110.0
2024-08-23 14:30:00-04:00,83.80000305175781,84.0,83.69999694824219,83.99500274658203,849053.0
2024-08-23 15:30:00-04:00,83.98999786376953,84.2300033569336,83.88999938964844,84.02999877929688,1585020.0
2024-08-23 16:00:00-04:00,84.05,84.615,78.52,83.96,0.0
2024-08-23 17:00:00-04:00,83.97,83.99,83.8,83.84,0.0
2024-08-23 18:00:00-04:00,83.81,84.05,83.81,83.8762,0.0
2024-08-23 19:00:00-04:00,83.96,84.05,83.84,84.0,0.0
2024-08-26 04:00:00-04:00,84.0,84.08,83.8,84.05,0.0
2024-08-26 05:00:00-04:00,84.02,84.15,84.01,84.03,0.0
2024-08-26 06:00:00-04:00,84.05,84.05,83.74,83.74,0.0
2024-08-26 07:00:00-04:00,83.74,83.84,83.28,83.4,0.0
2024-08-26 08:00:00-04:00,83.39,84.19,83.2,83.22,0.0
2024-08-26 09:00:00-04:00,83.23,83.63,83.22,83.6,0.0
2024-08-26 09:30:00-04:00,83.47000122070312,84.23999786376953,83.37999725341797,84.20500183105469,1633500.0
2024-08-26 10:30:00-04:00,84.20999908447266,84.44999694824219,84.09500122070312,84.21790313720703,947051.0
2024-08-26 11:30:00-04:00,84.21499633789062,84.5,84.16999816894531,84.49500274658203,749118.0
2024-08-26 12:30:00-04:00,84.49500274658203,84.50499725341797,84.27999877929688,84.37010192871094,641040.0
2024-08-26 13:30:00-04:00,84.37999725341797,84.48999786376953,83.9800033569336,84.17500305175781,713531.0
2024-08-26 14:30:00-04:00,84.17500305175781,84.3499984741211,84.13999938964844,84.1449966430664,665681.0
2024-08-26 15:30:00-04:00,84.1449966430664,84.29000091552734,84.07499694824219,84.27999877929688,1138213.0
2024-08-26 16:00:00-04:00,84.28,84.28,84.11,84.12,0.0
2024-08-26 17:00:00-04:00,84.14,88.4,84.09,84.13,0.0
2024-08-26 18:00:00-04:00,84.13,84.24,84.11,84.16,0.0
2024-08-26 19:00:00-04:00,84.2391,84.24,84.11,84.24,0.0
2024-08-27 04:00:00-04:00,84.18,84.49,84.13,84.4,0.0
2024-08-27 05:00:00-04:00,84.3,84.38,84.21,84.24,0.0
2024-08-27 06:00:00-04:00,84.24,84.26,84.22,84.22,0.0
2024-08-27 07:00:00-04:00,84.22,84.22,84.15,84.17,0.0
2024-08-27 08:00:00-04:00,84.16,84.5388,84.0,84.19,0.0
2024-08-27 09:00:00-04:00,84.09,84.23,83.52,83.9,0.0
2024-08-27 09:30:00-04:00,84.06999969482422,84.54000091552734,83.62999725341797,84.53500366210938,4395950.0
2024-08-27 10:30:00-04:00,84.53500366210938,84.98999786376953,84.45800018310547,84.86000061035156,1086433.0
2024-08-27 11:30:00-04:00,84.86000061035156,85.11000061035156,84.5999984741211,85.11000061035156,1102637.0
2024-08-27 12:30:00-04:00,85.09500122070312,85.19000244140625,84.94000244140625,85.18499755859375,841120.0
2024-08-27 13:30:00-04:00,85.18499755859375,85.3499984741211,85.08999633789062,85.25599670410156,920519.0
2024-08-27 14:30:00-04:00,85.25499725341797,85.2750015258789,85.02999877929688,85.17500305175781,860100.0
2024-08-27 15:30:00-04:00,85.17500305175781,85.38999938964844,85.06999969482422,85.30000305175781,1304794.0
2024-08-27 16:00:00-04:00,85.29,85.41,85.1,85.12,0.0
2024-08-27 17:00:00-04:00,85.12,85.3,85.12,85.3,0.0
2024-08-27 18:00:00-04:00,85.19,85.3,85.04,85.19,0.0
2024-08-27 19:00:00-04:00,85.19,85.29,84.9,85.25,0.0
2024-08-28 04:00:00-04:00,85.1,85.32,85.02,85.06,0.0
2024-08-28 05:00:00-04:00,85.07,85.24,85.06,85.19,0.0
2024-08-28 06:00:00-04:00,85.19,85.2,85.15,85.18,0.0
2024-08-28 07:00:00-04:00,85.19,85.5,84.95,85.06,0.0
2024-08-28 08:00:00-04:00,85.03,85.35,84.59,84.86,0.0
2024-08-28 09:00:00-04:00,84.94,85.16,84.82,85.05,0.0
2024-08-28 09:30:00-04:00,85.05000305175781,85.43000030517578,84.6500015258789,84.66999816894531,1319351.0
2024-08-28 10:30:00-04:00,84.66000366210938,84.87000274658203,83.79000091552734,83.94999694824219,869281.0
2024-08-28 11:30:00-04:00,83.95999908447266,84.05000305175781,82.8427963256836,82.97000122070312,1329326.0
2024-08-28 12:30:00-04:00,82.95999908447266,83.33999633789062,82.44000244140625,82.54499816894531,1055120.0
2024-08-28 13:30:00-04:00,82.54499816894531,82.6500015258789,81.93009948730469,81.95500183105469,1252555.0
2024-08-28 14:30:00-04:00,81.95500183105469,82.70999908447266,81.87999725341797,82.69000244140625,1631354.0
2024-08-28 15:30:00-04:00,82.69999694824219,82.93000030517578,82.58000183105469,82.77999877929688,1476580.0
2024-08-28 16:00:00-04:00,82.79,82.95,82.25,82.78,0.0
2024-08-28 17:00:00-04:00,82.78,82.88,81.781,82.45,0.0
2024-08-28 18:00:00-04:00,82.45,82.6,82.25,82.57,0.0
2024-08-28 19:00:00-04:00,82.53,82.6,82.25,82.43,0.0
2024-08-29 04:00:00-04:00,82.48,83.01,82.48,82.7,0.0
2024-08-29 05:00:00-04:00,82.72,83.0,82.72,83.0,0.0
2024-08-29 06:00:00-04:00,83.0,83.11,82.94,83.1,0.0
2024-08-29 07:00:00-04:00,83.1,83.1,82.97,82.99,0.0
2024-08-29 08:00:00-04:00,82.99,83.1,82.6312,83.03,0.0
2024-08-29 09:00:00-04:00,82.99,83.1,82.79,83.02,0.0
2024-08-29 09:30:00-04:00,83.44999694824219,83.80999755859375,82.86000061035156,83.70999908447266,1025885.0
2024-08-29 10:30:00-04:00,83.70500183105469,83.88500213623047,83.61000061035156,83.77999877929688,946227.0
2024-08-29 11:30:00-04:00,83.79000091552734,83.88999938964844,83.62049865722656,83.75050354003906,613716.0
2024-08-29 12:30:00-04:00,83.75499725341797,83.80999755859375,83.55999755859375,83.56500244140625,437856.0
2024-08-29 13:30:00-04:00,83.56500244140625,83.86000061035156,83.47000122070312,83.69000244140625,747297.0
2024-08-29 14:30:00-04:00,83.68000030517578,83.69000244140625,83.33999633789062,83.53500366210938,683135.0
2024-08-29 15:30:00-04:00,83.54000091552734,83.55999755859375,83.22000122070312,83.26000213623047,928407.0
2024-08-29 16:00:00-04:00,83.26,83.55,82.63,83.4,0.0
2024-08-29 17:00:00-04:00,83.43,83.69,83.26,83.52,0.0
2024-08-29 18:00:00-04:00,83.51,83.54,83.26,83.37,0.0
2024-08-29 19:00:00-04:00,83.36,83.39,83.26,83.26,0.0
2024-08-30 04:00:00-04:00,83.98,83.98,83.4,83.4,0.0
2024-08-30 05:00:00-04:00,83.4,83.58,83.34,83.54,0.0
2024-08-30 06:00:00-04:00,83.54,83.59,83.44,83.52,0.0
2024-08-30 07:00:00-04:00,83.55,83.69,83.52,83.66,0.0
2024-08-30 08:00:00-04:00,83.65,83.98,83.35,83.63,0.0
2024-08-30 09:00:00-04:00,83.51,83.66,73.07,83.48,0.0
2024-08-30 09:30:00-04:00,83.5999984741211,83.87999725341797,82.05999755859375,82.09500122070312,1972660.0
2024-08-30 10:30:00-04:00,82.09500122070312,82.75,82.05000305175781,82.69000244140625,2258380.0
2024-08-30 11:30:00-04:00,82.69000244140625,82.87999725341797,82.37000274658203,82.44999694824219,940218.0
2024-08-30 12:30:00-04:00,82.44999694824219,82.5,82.19999694824219,82.2750015258789,551451.0
2024-08-30 13:30:00-04:00,82.2750015258789,82.70999908447266,82.26000213623047,82.55000305175781,1090829.0
2024-08-30 14:30:00-04:00,82.54409790039062,82.93000030517578,82.54000091552734,82.8499984741211,1112591.0
2024-08-30 15:30:00-04:00,82.8499984741211,83.5,82.70500183105469,83.30999755859375,1842493.0
2024-08-30 16:00:00-04:00,83.31,84.28,82.99,83.49,0.0
2024-08-30 17:00:00-04:00,83.49,86.8772,83.14,83.3888,0.0
2024-08-30 18:00:00-04:00,83.39,83.39,83.12,83.2999,0.0
2024-08-30 19:00:00-04:00,83.25,83.3,83.12,83.29,0.0
2024-09-03 04:00:00-04:00,83.29,83.29,82.91,82.93,0.0
2024-09-03 05:00:00-04:00,82.92,82.93,82.63,82.68,0.0
2024-09-03 06:00:00-04:00,82.68,82.68,82.38,82.46,0.0
2024-09-03 07:00:00-04:00,82.47,82.55,82.34,82.49,0.0
2024-09-03 08:00:00-04:00,82.49,83.2388,82.2012,82.64,0.0
2024-09-03 09:00:00-04:00,82.65,83.865,82.53,82.54,0.0
2024-09-03 09:30:00-04:00,82.70999908447266,82.94000244140625,81.01000213623047,81.25,1802291.0
2024-09-03 10:30:00-04:00,81.23999786376953,81.9728012084961,81.1500015258789,81.94000244140625,879873.0
2024-09-03 11:30:00-04:00,81.94000244140625,82.11000061035156,81.7300033569336,81.9800033569336,674736.0
2024-09-03 12:30:00-04:00,81.97000122070312,82.11000061035156,81.8499984741211,82.05999755859375,599746.0
2024-09-03 13:30:00-04:00,82.05000305175781,82.05999755859375,81.4800033569336,81.51499938964844,693770.0
2024-09-03 14:30:00-04:00,81.51499938964844,81.625,81.33000183105469,81.42500305175781,1094514.0
2024-09-03 15:30:00-04:00,81.43000030517578,81.47000122070312,81.01000213623047,81.33000183105469,1612855.0
2024-09-03 16:00:00-04:00,81.32,83.49,81.2,81.52,0.0
2024-09-03 17:00:00-04:00,81.52,86.5748,80.86,81.0,0.0
2024-09-03 18:00:00-04:00,81.0,81.29,80.98,81.07,0.0
2024-09-03 19:00:00-04:00,81.05,81.29,81.0,81.21,0.0
2024-09-04 04:00:00-04:00,81.25,81.34,80.72,80.74,0.0
2024-09-04 05:00:00-04:00,80.87,81.05,80.81,80.85,0.0
2024-09-04 06:00:00-04:00,80.85,80.9,80.8,80.82,0.0
2024-09-04 07:00:00-04:00,80.81,80.87,80.74,80.81,0.0
2024-09-04 08:00:00-04:00,80.81,81.32,80.649,80.75,0.0
2024-09-04 09:00:00-04:00,80.82,80.86,80.65,80.71,0.0
2024-09-04 09:30:00-04:00,80.0999984741211,80.70999908447266,79.66999816894531,80.26000213623047,4582042.0
2024-09-04 10:30:00-04:00,80.26499938964844,80.70999908447266,80.20500183105469,80.30999755859375,1026421.0
2024-09-04 11:30:00-04:00,80.30999755859375,80.87999725341797,80.20999908447266,80.76000213623047,739014.0
2024-09-04 12:30:00-04:00,80.7699966430664,80.86000061035156,80.62999725341797,80.7249984741211,437280.0
2024-09-04 13:30:00-04:00,80.72000122070312,80.91999816894531,80.61000061035156,80.7249984741211,620341.0
2024-09-04 14:30:00-04:00,80.72000122070312,80.77999877929688,80.48999786376953,80.73999786376953,730228.0
2024-09-04 15:30:00-04:00,80.73750305175781,81.08999633789062,80.60230255126953,81.0199966430664,1050298.0
2024-09-04 16:00:00-04:00,81.02,81.05,80.51,81.02,0.0
2024-09-04 17:00:00-04:00,81.01,85.7633,80.97,81.03,0.0
2024-09-04 18:00:00-04:00,81.02,81.12,80.97,81.01,0.0
2024-09-04 19:00:00-04:00,81.1,81.1,80.5,80.84,0.0
2024-09-05 04:00:00-04:00,80.95,81.18,80.9,81.08,0.0
2024-09-05 05:00:00-04:00,81.2,81.2,81.07,81.08,0.0
2024-09-05 06:00:00-04:00,81.08,81.14,81.0,81.12,0.0
2024-09-05 07:00:00-04:00,81.12,81.13,81.01,81.12,0.0
2024-09-05 08:00:00-04:00,81.12,81.9088,80.5,80.5,0.0
2024-09-05 09:00:00-04:00,81.03,81.13,80.77,81.02,0.0
2024-09-05 09:30:00-04:00,81.12999725341797,81.24040222167969,80.41999816894531,80.58000183105469,1054980.0
2024-09-05 10:30:00-04:00,80.58999633789062,80.70500183105469,80.33999633789062,80.44000244140625,585769.0
2024-09-05 11:30:00-04:00,80.44499969482422,80.61990356445312,80.29000091552734,80.37000274658203,579334.0
2024-09-05 12:30:00-04:00,80.37000274658203,80.44999694824219,80.20999908447266,80.27749633789062,773731.0
2024-09-05 13:30:00-04:00,80.29000091552734,80.94999694824219,80.21499633789062,80.8550033569336,849287.0
2024-09-05 14:30:00-04:00,80.8550033569336,80.95999908447266,80.59500122070312,80.83999633789062,699990.0
2024-09-05 15:30:00-04:00,80.83000183105469,81.01640319824219,80.73999786376953,80.83000183105469,866707.0
2024-09-05 16:00:00-04:00,80.84,81.2,80.66,80.78,0.0
2024-09-05 17:00:00-04:00,80.73,80.83,80.73,80.8,0.0
2024-09-05 18:00:00-04:00,80.81,80.83,80.74,80.77,0.0
2024-09-05 19:00:00-04:00,80.7406,80.83,80.74,80.75,0.0
2024-09-06 04:00:00-04:00,80.84,80.88,80.4,80.4,0.0
2024-09-06 05:00:00-04:00,80.51,80.57,80.12,80.2,0.0
2024-09-06 06:00:00-04:00,80.2,80.31,80.14,80.23,0.0
2024-09-06 07:00:00-04:00,80.23,80.43,80.21,80.32,0.0
2024-09-06 08:00:00-04:00,80.33,80.83,80.0291,80.28,0.0
2024-09-06 09:00:00-04:00,80.33,80.83,80.24,80.8,0.0
2024-09-06 09:30:00-04:00,80.87999725341797,81.87999725341797,80.73999786376953,81.2300033569336,1237664.0
2024-09-06 10:30:00-04:00,81.23500061035156,81.4800033569336,80.80500030517578,80.83999633789062,843963.0
2024-09-06 11:30:00-04:00,80.83499908447266,80.98999786376953,80.3550033569336,80.3917007446289,789429.0
2024-09-06 12:30:00-04:00,80.40499877929688,80.93000030517578,80.3499984741211,80.69999694824219,610503.0
2024-09-06 13:30:00-04:00,80.69000244140625,80.87999725341797,80.55999755859375,80.73500061035156,762603.0
2024-09-06 14:30:00-04:00,80.73999786376953,80.94999694824219,80.67500305175781,80.86959838867188,832974.0
2024-09-06 15:30:00-04:00,80.875,80.9800033569336,80.56999969482422,80.62999725341797,1104877.0
2024-09-06 16:00:00-04:00,80.65,80.87,80.2,80.45,0.0
2024-09-06 17:00:00-04:00,80.48,80.6,80.18,80.3,0.0
2024-09-06 18:00:00-04:00,80.3,80.6,80.24,80.3075,0.0
2024-09-06 19:00:00-04:00,80.37,80.6,80.3,80.51,0.0
2024-09-09 04:00:00-04:00,80.5,81.32,80.5,81.09,0.0
2024-09-09 05:00:00-04:00,81.02,81.12,81.0,81.04,0.0
2024-09-09 06:00:00-04:00,81.07,81.1,81.01,81.01,0.0
2024-09-09 07:00:00-04:00,81.01,81.16,81.0,81.1,0.0
2024-09-09 08:00:00-04:00,81.09,81.25,80.6512,81.03,0.0
2024-09-09 09:00:00-04:00,81.1,81.1,80.8,81.1,0.0
2024-09-09 09:30:00-04:00,80.75,81.58000183105469,80.5,81.05999755859375,1011416.0
2024-09-09 10:30:00-04:00,81.05000305175781,81.05999755859375,80.33000183105469,80.48999786376953,722812.0
2024-09-09 11:30:00-04:00,80.48999786376953,80.69999694824219,80.46009826660156,80.69000244140625,414796.0
2024-09-09 12:30:00-04:00,80.68000030517578,80.68000030517578,80.15499877929688,80.19200134277344,646741.0
2024-09-09 13:30:00-04:00,80.18000030517578,80.2699966430664,79.43000030517578,79.43000030517578,1087229.0
2024-09-09 14:30:00-04:00,79.42500305175781,79.58000183105469,79.01499938964844,79.54499816894531,1250155.0
2024-09-09 15:30:00-04:00,79.54499816894531,79.70999908447266,79.44000244140625,79.5,1270690.0
2024-09-09 16:00:00-04:00,79.49,79.79,79.4115,79.57,0.0
2024-09-09 17:00:00-04:00,79.58,81.5398,79.45,79.71,0.0
2024-09-09 18:00:00-04:00,79.71,79.79,79.51,79.64,0.0
2024-09-09 19:00:00-04:00,79.643,79.65,79.41,79.54,0.0
2024-09-10 04:00:00-04:00,79.5,79.76,79.4,79.74,0.0
2024-09-10 05:00:00-04:00,79.74,79.75,79.12,79.13,0.0
2024-09-10 06:00:00-04:00,79.13,79.31,79.09,79.13,0.0
2024-09-10 07:00:00-04:00,79.13,79.29,79.1,79.29,0.0
2024-09-10 08:00:00-04:00,79.29,79.85,79.15,79.4,0.0
2024-09-10 09:00:00-04:00,79.4,79.5,79.26,79.49,0.0
2024-09-10 09:30:00-04:00,79.55999755859375,79.55999755859375,78.08000183105469,78.19000244140625,1868881.0
2024-09-10 10:30:00-04:00,78.18000030517578,78.25990295410156,77.86000061035156,78.16000366210938,1389606.0
2024-09-10 11:30:00-04:00,78.16999816894531,78.25,77.55000305175781,77.5999984741211,1156162.0
2024-09-10 12:30:00-04:00,77.58999633789062,77.88999938964844,77.58999633789062,77.79000091552734,900831.0
2024-09-10 13:30:00-04:00,77.78500366210938,77.94000244140625,77.63999938964844,77.8949966430664,977317.0
2024-09-10 14:30:00-04:00,77.88999938964844,78.12999725341797,77.75499725341797,78.06999969482422,1007478.0
2024-09-10 15:30:00-04:00,78.06999969482422,78.19000244140625,77.91999816894531,78.08999633789062,1182716.0
2024-09-10 16:00:00-04:00,78.09,78.17,78.05,78.06,0.0
2024-09-10 17:00:00-04:00,78.06,78.2,77.96,78.05,0.0
2024-09-10 18:00:00-04:00,78.07,78.09,77.9,78.07,0.0
2024-09-10 19:00:00-04:00,78.08,78.09,77.9864,78.09,0.0
2024-09-11 04:00:00-04:00,78.1,78.33,77.92,78.06,0.0
2024-09-11 05:00:00-04:00,78.03,78.2,77.92,78.03,0.0
2024-09-11 06:00:00-04:00,78.03,78.19,77.96,78.12,0.0
2024-09-11 07:00:00-04:00,78.08,78.16,78.01,78.14,0.0
2024-09-11 08:00:00-04:00,78.16,78.33,77.71,78.0002,0.0
2024-09-11 09:00:00-04:00,78.01,78.15,77.51,78.09,0.0
2024-09-11 09:30:00-04:00,78.01000213623047,78.2699966430664,76.94999694824219,76.95999908447266,1870494.0
2024-09-11 10:30:00-04:00,76.9800033569336,77.0718002319336,76.74210357666016,77.05000305175781,1126573.0
2024-09-11 11:30:00-04:00,77.04499816894531,77.4800033569336,77.0199966430664,77.375,741711.0
2024-09-11 12:30:00-04:00,77.37000274658203,77.9354019165039,77.19999694824219,77.70999908447266,899220.0
2024-09-11 13:30:00-04:00,77.72000122070312,78.02999877929688,77.66000366210938,77.94499969482422,579993.0
2024-09-11 14:30:00-04:00,77.94499969482422,78.23999786376953,77.91999816894531,78.09500122070312,656378.0
2024-09-11 15:30:00-04:00,78.09500122070312,78.58999633789062,78.02999877929688,78.37999725341797,1217468.0
2024-09-11 16:00:00-04:00,78.455,78.53,77.99,78.3,0.0
2024-09-11 17:00:00-04:00,78.39,78.4,78.15,78.32,0.0
2024-09-11 18:00:00-04:00,78.32,78.4,78.21,78.32,0.0
2024-09-11 19:00:00-04:00,78.38,78.4,78.25,78.35,0.0
2024-09-12 04:00:00-04:00,78.59,78.59,78.09,78.3,0.0
2024-09-12 05:00:00-04:00,78.21,78.4,78.19,78.39,0.0
2024-09-12 06:00:00-04:00,78.4,78.81,78.4,78.74,0.0
2024-09-12 07:00:00-04:00,78.74,78.75,78.56,78.63,0.0
2024-09-12 08:00:00-04:00,78.69,79.05,78.0112,78.5,0.0
2024-09-12 09:00:00-04:00,78.4975,78.5,78.3,78.5,0.0
2024-09-12 09:30:00-04:00,78.36329650878906,79.0,77.52999877929688,78.11000061035156,1463806.0
2024-09-12 10:30:00-04:00,78.11000061035156,78.27999877929688,77.93000030517578,78.0199966430664,759468.0
2024-09-12 11:30:00-04:00,78.0199966430664,78.19499969482422,77.87999725341797,78.0999984741211,708153.0
2024-09-12 12:30:00-04:00,78.0999984741211,78.31999969482422,78.02999877929688,78.19999694824219,469995.0
2024-09-12 13:30:00-04:00,78.19499969482422,78.54000091552734,78.16500091552734,78.37999725341797,576621.0
2024-09-12 14:30:00-04:00,78.37100219726562,78.5999984741211,78.29499816894531,78.47000122070312,899446.0
2024-09-12 15:30:00-04:00,78.47000122070312,78.55000305175781,78.33499908447266,78.41000366210938,1121717.0
2024-09-12 16:00:00-04:00,78.4,78.56,78.21,78.379,0.0
2024-09-12 17:00:00-04:00,78.38,78.5,78.0665,78.5,0.0
2024-09-12 18:00:00-04:00,78.46,78.46,78.31,78.38,0.0
2024-09-12 19:00:00-04:00,78.38,78.51,78.31,78.51,0.0
2024-09-13 04:00:00-04:00,78.4,78.9,78.4,78.62,0.0
2024-09-13 05:00:00-04:00,78.6,78.75,78.5,78.75,0.0
2024-09-13 06:00:00-04:00,78.84,78.89,78.75,78.82,0.0
2024-09-13 07:00:00-04:00,78.82,78.94,78.67,78.67,0.0
2024-09-13 08:00:00-04:00,78.75,78.9888,78.14,78.79,0.0
2024-09-13 09:00:00-04:00,78.7591,78.88,78.5225,78.76,0.0
2024-09-13 09:30:00-04:00,78.30000305175781,79.19999694824219,78.11000061035156,79.05999755859375,1157803.0
2024-09-13 10:30:00-04:00,79.06999969482422,79.48999786376953,78.81999969482422,78.88749694824219,640113.0
2024-09-13 11:30:00-04:00,78.88999938964844,79.05979919433594,78.58999633789062,78.61000061035156,645548.0
2024-09-13 12:30:00-04:00,78.6050033569336,78.88999938964844,78.57959747314453,78.87000274658203,475352.0
2024-09-13 13:30:00-04:00,78.87000274658203,79.18000030517578,78.81999969482422,78.91000366210938,539871.0
2024-09-13 14:30:00-04:00,78.91000366210938,79.06999969482422,78.8949966430664,78.97000122070312,654353.0
2024-09-13 15:30:00-04:00,78.97000122070312,79.05999755859375,78.9000015258789,79.0199966430664,754722.0
2024-09-13 16:00:00-04:00,79.01,79.1,78.98,79.05,0.0
2024-09-13 17:00:00-04:00,79.03,79.18,74.1783,78.82,0.0
2024-09-13 18:00:00-04:00,78.82,79.18,78.82,78.98,0.0
2024-09-13 19:00:00-04:00,79.0,79.18,78.85,79.01,0.0
2024-09-16 04:00:00-04:00,79.2,79.41,79.17,79.37,0.0
2024-09-16 05:00:00-04:00,79.38,79.38,79.18,79.29,0.0
2024-09-16 06:00:00-04:00,79.28,79.3,79.21,79.21,0.0
2024-09-16 07:00:00-04:00,79.22,79.28,79.15,79.17,0.0
2024-09-16 08:00:00-04:00,79.2,79.5,79.06,79.15,0.0
2024-09-16 09:00:00-04:00,79.01,79.18,79.0,79.06,0.0
2024-09-16 09:30:00-04:00,79.5999984741211,79.8550033569336,78.8499984741211,78.98500061035156,2046980.0
2024-09-16 10:30:00-04:00,78.98999786376953,79.2249984741211,78.68949890136719,79.12999725341797,760644.0
2024-09-16 11:30:00-04:00,79.12999725341797,79.29000091552734,78.97000122070312,79.18000030517578,686691.0
2024-09-16 12:30:00-04:00,79.19000244140625,79.38289642333984,79.11499786376953,79.37999725341797,572844.0
2024-09-16 13:30:00-04:00,79.37999725341797,79.83000183105469,79.27999877929688,79.81500244140625,955227.0
2024-09-16 14:30:00-04:00,79.80999755859375,79.98999786376953,79.74980163574219,79.81999969482422,1171345.0
2024-09-16 15:30:00-04:00,79.82990264892578,79.9000015258789,79.67500305175781,79.83999633789062,1291505.0
2024-09-16 16:00:00-04:00,79.8,80.0,78.255,79.8,0.0
2024-09-16 17:00:00-04:00,79.8,79.84,79.76,79.8,0.0
2024-09-16 18:00:00-04:00,79.85,79.9,79.76,79.79,0.0
2024-09-16 19:00:00-04:00,79.8,79.9,79.76,79.893,0.0
2024-09-17 04:00:00-04:00,79.9,80.07,79.78,80.07,0.0
2024-09-17 05:00:00-04:00,80.08,80.09,80.0,80.07,0.0
2024-09-17 06:00:00-04:00,80.07,80.1,80.03,80.08,0.0
2024-09-17 07:00:00-04:00,80.07,80.09,80.02,80.02,0.0
2024-09-17 08:00:00-04:00,80.02,80.2,79.78,80.0,0.0
2024-09-17 09:00:00-04:00,80.02,80.04,79.92,80.01,0.0
2024-09-17 09:30:00-04:00,80.01000213623047,80.6500015258789,79.86000061035156,80.5999984741211,1478761.0
2024-09-17 10:30:00-04:00,80.5999984741211,80.87000274658203,80.51000213623047,80.7300033569336,885665.0
2024-09-17 11:30:00-04:00,80.7300033569336,80.9800033569336,80.61000061035156,80.80500030517578,878035.0
2024-09-17 12:30:00-04:00,80.80000305175781,80.81999969482422,80.2249984741211,80.54399871826172,537223.0
2024-09-17 13:30:00-04:00,80.55000305175781,80.58499908447266,80.21499633789062,80.28009796142578,581437.0
2024-09-17 14:30:00-04:00,80.27999877929688,80.58999633789062,80.23999786376953,80.54000091552734,681870.0
2024-09-17 15:30:00-04:00,80.52999877929688,80.7699966430664,80.51499938964844,80.66999816894531,1627936.0
2024-09-17 16:00:00-04:00,80.64,80.74,80.36,80.6688,0.0
2024-09-17 17:00:00-04:00,80.54,80.8,80.48,80.78,0.0
2024-09-17 18:00:00-04:00,80.48,80.8,80.48,80.65,0.0
2024-09-17 19:00:00-04:00,80.65,80.79,80.48,80.75,0.0
2024-09-18 04:00:00-04:00,80.57,80.8,80.57,80.6,0.0
2024-09-18 05:00:00-04:00,80.6,80.7,80.6,80.6,0.0
2024-09-18 06:00:00-04:00,80.65,80.97,80.61,80.95,0.0
2024-09-18 07:00:00-04:00,80.98,80.98,80.81,80.82,0.0
2024-09-18 08:00:00-04:00,80.82,80.97,80.6,80.86,0.0
2024-09-18 09:00:00-04:00,80.81,80.86,80.03,80.63,0.0
2024-09-18 09:30:00-04:00,80.66000366210938,80.9800033569336,80.2300033569336,80.62000274658203,1378333.0
2024-09-18 10:30:00-04:00,80.61000061035156,81.1500015258789,80.54000091552734,80.95999908447266,746870.0
2024-09-18 11:30:00-04:00,80.94999694824219,81.08999633789062,80.80000305175781,81.0,567669.0
2024-09-18 12:30:00-04:00,80.99500274658203,81.29000091552734,80.91500091552734,80.97000122070312,556934.0
2024-09-18 13:30:00-04:00,80.95999908447266,81.75499725341797,80.6500015258789,81.38500213623047,929374.0
2024-09-18 14:30:00-04:00,81.38999938964844,81.7345962524414,80.77999877929688,81.48999786376953,1209118.0
2024-09-18 15:30:00-04:00,81.48999786376953,81.56999969482422,80.75,80.94999694824219,1014627.0
2024-09-18 16:00:00-04:00,80.9,81.5,80.52,81.0,0.0
2024-09-18 17:00:00-04:00,81.06,86.6997,80.9,81.05,0.0
2024-09-18 18:00:00-04:00,81.1,81.4699,81.0,81.01,0.0
2024-09-18 19:00:00-04:00,81.06,81.41,81.01,81.2,0.0
2024-09-19 04:00:00-04:00,81.3,82.2,81.3,81.87,0.0
2024-09-19 05:00:00-04:00,81.87,82.0,81.84,82.0,0.0
2024-09-19 06:00:00-04:00,81.99,82.14,81.94,82.05,0.0
2024-09-19 07:00:00-04:00,82.05,82.39,82.0,82.13,0.0
2024-09-19 08:00:00-04:00,82.15,82.35,78.84,82.09,0.0
2024-09-19 09:00:00-04:00,82.15,82.25,80.695,82.23,0.0
2024-09-19 09:30:00-04:00,82.5999984741211,83.12000274658203,82.1500015258789,82.20999908447266,1792048.0
2024-09-19 10:30:00-04:00,82.20999908447266,82.23999786376953,81.70999908447266,81.83000183105469,935209.0
2024-09-19 11:30:00-04:00,81.83999633789062,82.31999969482422,81.8145980834961,82.28500366210938,525769.0
2024-09-19 12:30:00-04:00,82.28500366210938,82.38929748535156,82.16500091552734,82.31500244140625,477856.0
2024-09-19 13:30:00-04:00,82.318603515625,82.44000244140625,80.83000183105469,81.04499816894531,1482177.0
2024-09-19 14:30:00-04:00,81.05000305175781,81.18000030517578,80.47000122070312,81.0,1964001.0
2024-09-19 15:30:00-04:00,80.98999786376953,81.01000213623047,80.72029876708984,80.97000122070312,1549403.0
2024-09-19 16:00:00-04:00,80.98,89.25,80.85,89.08,0.0
2024-09-19 17:00:00-04:00,89.07,93.6964,87.1,87.13,0.0
2024-09-19 18:00:00-04:00,87.1455,87.79,86.5601,87.17,0.0
2024-09-19 19:00:00-04:00,87.04,87.34,86.76,87.097,0.0
2024-09-20 04:00:00-04:00,86.33,87.0,86.02,86.4,0.0
2024-09-20 05:00:00-04:00,86.4,86.9,86.39,86.6,0.0
2024-09-20 06:00:00-04:00,86.6,86.69,85.61,86.0,0.0
2024-09-20 07:00:00-04:00,86.08,86.5,85.27,85.87,0.0
2024-09-20 08:00:00-04:00,85.87,87.48,80.98,87.35,0.0
2024-09-20 09:00:00-04:00,87.35,88.27,87.18,87.8,0.0
2024-09-20 09:30:00-04:00,87.87000274658203,88.0,84.80500030517578,85.375,20476294.0
2024-09-20 10:30:00-04:00,85.37999725341797,86.4800033569336,85.31009674072266,86.23500061035156,5555664.0
2024-09-20 11:30:00-04:00,86.2300033569336,86.24919891357422,85.56999969482422,86.12999725341797,3338030.0
2024-09-20 12:30:00-04:00,86.13500213623047,86.4800033569336,85.69999694824219,86.11990356445312,3108617.0
2024-09-20 13:30:00-04:00,86.11000061035156,86.30999755859375,85.52999877929688,85.78099822998047,2857242.0
2024-09-20 14:30:00-04:00,85.7699966430664,85.88999938964844,85.30999755859375,85.69999694824219,2490675.0
2024-09-20 15:30:00-04:00,85.69999694824219,86.75,85.59030151367188,86.56999969482422,5479331.0
2024-09-20 16:00:00-04:00,86.55,86.79,86.31,86.38,0.0
2024-09-20 17:00:00-04:00,86.38,86.39,86.31,86.39,0.0
2024-09-20 18:00:00-04:00,86.36,86.39,86.36,86.3715,0.0
2024-09-20 19:00:00-04:00,86.38,86.4,86.36,86.3706,0.0
2024-09-23 04:00:00-04:00,86.52,87.0,86.26,86.26,0.0
2024-09-23 05:00:00-04:00,86.26,86.6,86.0,86.03,0.0
2024-09-23 06:00:00-04:00,86.02,86.27,85.3,85.42,0.0
2024-09-23 07:00:00-04:00,85.52,85.8,85.31,85.6,0.0
2024-09-23 08:00:00-04:00,85.57,86.98,85.2,85.6,0.0
2024-09-23 09:00:00-04:00,85.6,86.92,85.22,85.24,0.0
2024-09-23 09:30:00-04:00,85.4000015258789,86.05000305175781,85.05000305175781,85.79499816894531,3562155.0
2024-09-23 10:30:00-04:00,85.80000305175781,86.04000091552734,85.47000122070312,85.70999908447266,1870752.0
2024-09-23 11:30:00-04:00,85.70999908447266,85.98999786376953,85.4800033569336,85.84549713134766,1694175.0
2024-09-23 12:30:00-04:00,85.8499984741211,86.4800033569336,85.83999633789062,86.42500305175781,1524308.0
2024-09-23 13:30:00-04:00,86.41999816894531,86.50811767578125,86.09500122070312,86.30000305175781,1330656.0
2024-09-23 14:30:00-04:00,86.30000305175781,86.52999877929688,85.98500061035156,86.19499969482422,1495155.0
2024-09-23 15:30:00-04:00,86.19499969482422,86.2699966430664,85.78009796142578,86.19000244140625,2542545.0
2024-09-23 16:00:00-04:00,86.2,86.34,86.11,86.14,0.0
2024-09-23 17:00:00-04:00,86.18,86.2,86.11,86.16,0.0
2024-09-23 18:00:00-04:00,86.12,86.2,86.11,86.16,0.0
2024-09-23 19:00:00-04:00,86.12,86.2,86.11,86.1955,0.0
2024-09-24 04:00:00-04:00,86.21,86.94,86.07,86.93,0.0
2024-09-24 05:00:00-04:00,86.9,86.92,86.71,86.71,0.0
2024-09-24 06:00:00-04:00,86.8,87.2,86.72,87.07,0.0
2024-09-24 07:00:00-04:00,87.14,87.17,86.36,86.9,0.0
2024-09-24 08:00:00-04:00,86.89,87.36,86.05,87.11,0.0
2024-09-24 09:00:00-04:00,87.1633,87.39,86.95,87.3,0.0
2024-09-24 09:30:00-04:00,87.44000244140625,88.1500015258789,87.19999694824219,87.84500122070312,4256716.0
2024-09-24 10:30:00-04:00,87.8499984741211,88.27999877929688,87.55999755859375,87.65499877929688,1698726.0
2024-09-24 11:30:00-04:00,87.66000366210938,87.82499694824219,87.3499984741211,87.3550033569336,1231002.0
2024-09-24 12:30:00-04:00,87.3499984741211,87.43000030517578,86.65499877929688,87.18000030517578,1312430.0
2024-09-24 13:30:00-04:00,87.18000030517578,87.48999786376953,87.06999969482422,87.16500091552734,946433.0
2024-09-24 14:30:00-04:00,87.16999816894531,87.48999786376953,86.97000122070312,87.22000122070312,1147328.0
2024-09-24 15:30:00-04:00,87.22000122070312,87.52999877929688,87.08999633789062,87.47000122070312,2116605.0
2024-09-24 16:00:00-04:00,87.46,92.0999,87.34,87.59,0.0
2024-09-24 17:00:00-04:00,87.51,87.6,87.48,87.52,0.0
2024-09-24 18:00:00-04:00,87.5,87.5992,87.46,87.53,0.0
2024-09-24 19:00:00-04:00,87.6,87.6,87.45,87.45,0.0
2024-09-25 04:00:00-04:00,87.47,87.65,87.11,87.14,0.0
2024-09-25 05:00:00-04:00,87.11,87.22,87.1,87.19,0.0
2024-09-25 06:00:00-04:00,87.2,87.32,87.14,87.21,0.0
2024-09-25 07:00:00-04:00,87.21,87.4,87.21,87.3,0.0
2024-09-25 08:00:00-04:00,87.3,87.66,87.15,87.3,0.0
2024-09-25 09:00:00-04:00,87.48,87.53,87.26,87.53,0.0
2024-09-25 09:30:00-04:00,87.8499984741211,88.0199966430664,87.23999786376953,87.76000213623047,1649389.0
2024-09-25 10:30:00-04:00,87.75,87.97000122070312,87.27999877929688,87.80000305175781,1346308.0
2024-09-25 11:30:00-04:00,87.80000305175781,88.00029754638672,87.6791000366211,87.79000091552734,1088564.0
2024-09-25 12:30:00-04:00,87.79499816894531,87.9000015258789,87.52999877929688,87.81999969482422,1355138.0
2024-09-25 13:30:00-04:00,87.81999969482422,87.99500274658203,87.66999816894531,87.99500274658203,836302.0
2024-09-25 14:30:00-04:00,87.99500274658203,88.09500122070312,87.77999877929688,87.97000122070312,1263956.0
2024-09-25 15:30:00-04:00,87.95999908447266,88.08999633789062,87.68000030517578,88.02999877929688,2684826.0
2024-09-25 16:00:00-04:00,88.04,88.0999,87.75,87.91,0.0
2024-09-25 17:00:00-04:00,87.95,91.1681,87.91,87.99,0.0
2024-09-25 18:00:00-04:00,87.99,88.0,87.91,88.0,0.0
2024-09-25 19:00:00-04:00,88.0,88.06,87.8899,87.99,0.0
2024-09-26 04:00:00-04:00,88.25,90.32,88.24,90.2,0.0
2024-09-26 05:00:00-04:00,90.18,90.3,89.53,90.0,0.0
2024-09-26 06:00:00-04:00,90.0,90.2,89.51,89.64,0.0
2024-09-26 07:00:00-04:00,89.6,89.7,89.37,89.54,0.0
2024-09-26 08:00:00-04:00,89.54,90.1,88.0,89.94,0.0
2024-09-26 09:00:00-04:00,89.94,90.43,87.97,90.32,0.0
2024-09-26 09:30:00-04:00,89.91999816894531,90.62000274658203,89.58439636230469,89.69000244140625,3469960.0
2024-09-26 10:30:00-04:00,89.69499969482422,89.8499984741211,89.16999816894531,89.73500061035156,1716778.0
2024-09-26 11:30:00-04:00,89.72000122070312,90.01000213623047,89.25,89.29499816894531,1490699.0
2024-09-26 12:30:00-04:00,89.29000091552734,89.4000015258789,89.08000183105469,89.37999725341797,915025.0
2024-09-26 13:30:00-04:00,89.37999725341797,89.58000183105469,89.25499725341797,89.27452850341797,874002.0
2024-09-26 14:30:00-04:00,89.2699966430664,89.37000274658203,89.06500244140625,89.12000274658203,1919183.0
2024-09-26 15:30:00-04:00,89.125,89.43000030517578,89.05000305175781,89.33999633789062,1489940.0
2024-09-26 16:00:00-04:00,89.39,89.49,89.25,89.38,0.0
2024-09-26 17:00:00-04:00,89.38,94.2256,88.4,89.3899,0.0
2024-09-26 18:00:00-04:00,89.38,89.44,89.25,89.38,0.0
2024-09-26 19:00:00-04:00,89.38,89.44,89.2565,89.35,0.0
2024-09-27 04:00:00-04:00,89.33,89.6,89.32,89.55,0.0
2024-09-27 05:00:00-04:00,89.63,89.92,89.5,89.73,0.0
2024-09-27 06:00:00-04:00,89.73,89.83,89.62,89.68,0.0
2024-09-27 07:00:00-04:00,89.69,89.75,89.48,89.49,0.0
2024-09-27 08:00:00-04:00,89.49,89.8488,89.0312,89.55,0.0
2024-09-27 09:00:00-04:00,89.57,89.95,89.56,89.7,0.0
2024-09-27 09:30:00-04:00,89.44999694824219,90.0999984741211,89.20999908447266,89.91999816894531,1540858.0
2024-09-27 10:30:00-04:00,89.91000366210938,90.26000213623047,89.81999969482422,89.94999694824219,1098964.0
2024-09-27 11:30:00-04:00,89.94999694824219,90.19999694824219,89.88999938964844,90.06999969482422,973907.0
2024-09-27 12:30:00-04:00,90.05999755859375,90.1760025024414,89.95999908447266,89.98249816894531,887994.0
2024-09-27 13:30:00-04:00,89.9800033569336,89.9800033569336,89.70500183105469,89.70999908447266,583158.0
2024-09-27 14:30:00-04:00,89.70999908447266,89.83000183105469,89.48500061035156,89.70999908447266,827137.0
2024-09-27 15:30:00-04:00,89.70999908447266,89.72000122070312,89.41999816894531,89.43000030517578,1181464.0
2024-09-27 16:00:00-04:00,89.43,89.59,89.3,89.43,0.0
2024-09-27 17:00:00-04:00,89.42,89.8,86.5193,89.49,0.0
2024-09-27 18:00:00-04:00,89.49,89.49,89.39,89.44,0.0
2024-09-27 19:00:00-04:00,89.26,89.6,89.25,89.51,0.0
2024-09-30 04:00:00-04:00,89.18,90.0,89.18,89.52,0.0
2024-09-30 05:00:00-04:00,89.56,89.9,89.5,89.78,0.0
2024-09-30 06:00:00-04:00,89.73,89.78,89.6,89.7,0.0
2024-09-30 07:00:00-04:00,89.69,89.69,89.21,89.26,0.0
2024-09-30 08:00:00-04:00,89.3,90.1788,89.12,89.35,0.0
2024-09-30 09:00:00-04:00,89.38,89.46,89.2,89.27,0.0
2024-09-30 09:30:00-04:00,89.33999633789062,89.54000091552734,88.33000183105469,88.44999694824219,2693891.0
2024-09-30 10:30:00-04:00,88.45999908447266,89.05599975585938,88.45999908447266,88.80000305175781,1250964.0
2024-09-30 11:30:00-04:00,88.87000274658203,88.87999725341797,88.27999877929688,88.27999877929688,1098936.0
2024-09-30 12:30:00-04:00,88.28690338134766,88.37000274658203,88.01000213623047,88.23999786376953,1269262.0
2024-09-30 13:30:00-04:00,88.23930358886719,88.45999908447266,87.7249984741211,87.8550033569336,1103097.0
2024-09-30 14:30:00-04:00,87.86000061035156,88.30000305175781,87.80000305175781,88.18499755859375,1253819.0
2024-09-30 15:30:00-04:00,88.18499755859375,88.56999969482422,88.18280029296875,88.37000274658203,1747114.0
2024-09-30 16:00:00-04:00,88.4,88.54,88.3,88.45,0.0
2024-09-30 17:00:00-04:00,88.5,88.5,86.5748,88.32,0.0
2024-09-30 18:00:00-04:00,88.4,88.44,88.3,88.3001,0.0
2024-09-30 19:00:00-04:00,88.3797,88.4,88.3,88.31,0.0
2024-10-01 04:00:00-04:00,88.3,88.38,88.11,88.38,0.0
2024-10-01 05:00:00-04:00,88.32,88.43,88.32,88.39,0.0
2024-10-01 06:00:00-04:00,88.35,88.45,88.32,88.4,0.0
2024-10-01 07:00:00-04:00,88.41,88.5,88.31,88.4,0.0
2024-10-01 08:00:00-04:00,88.41,88.546,88.18,88.54,0.0
2024-10-01 09:00:00-04:00,88.4896,88.4896,88.02,88.04,0.0
2024-10-01 09:30:00-04:00,88.0,88.69000244140625,87.70999908447266,88.47000122070312,2591884.0
2024-10-01 10:30:00-04:00,88.48999786376953,88.96990203857422,88.16999816894531,88.95999908447266,1438315.0
2024-10-01 11:30:00-04:00,88.94999694824219,89.37999725341797,88.83000183105469,89.0999984741211,1230911.0
2024-10-01 12:30:00-04:00,89.08999633789062,89.23999786376953,88.66000366210938,88.70999908447266,1119322.0
2024-10-01 13:30:00-04:00,88.69999694824219,89.61499786376953,88.68000030517578,89.58000183105469,1363775.0
2024-10-01 14:30:00-04:00,89.58000183105469,89.63500213623047,89.18000030517578,89.19499969482422,1412277.0
2024-10-01 15:30:00-04:00,89.19000244140625,89.44000244140625,89.06500244140625,89.12999725341797,2274210.0
2024-10-01 16:00:00-04:00,89.13,92.9,85.5,86.5619,0.0
2024-10-01 17:00:00-04:00,86.6,89.13,81.3,84.75,0.0
2024-10-01 18:00:00-04:00,84.75,85.0,84.212,84.43,0.0
2024-10-01 19:00:00-04:00,84.4,84.43,83.7,83.85,0.0
2024-10-02 04:00:00-04:00,84.9,84.9,83.92,83.99,0.0
2024-10-02 05:00:00-04:00,83.98,84.85,83.98,84.69,0.0
2024-10-02 06:00:00-04:00,84.6,84.79,84.12,84.21,0.0
2024-10-02 07:00:00-04:00,84.2,84.38,81.78,82.6,0.0
2024-10-02 08:00:00-04:00,82.53,89.13,81.66,82.0806,0.0
2024-10-02 09:00:00-04:00,82.1,82.99,81.82,82.75,0.0
2024-10-02 09:30:00-04:00,82.88500213623047,84.29000091552734,81.7699966430664,82.69999694824219,11410680.0
2024-10-02 10:30:00-04:00,82.70651245117188,84.62999725341797,82.55000305175781,84.19000244140625,5369373.0
2024-10-02 11:30:00-04:00,84.19999694824219,84.19999694824219,83.5801010131836,83.61000061035156,2634696.0
2024-10-02 12:30:00-04:00,83.6167984008789,85.2300033569336,83.30000305175781,83.56999969482422,2615444.0
2024-10-02 13:30:00-04:00,83.56999969482422,83.66999816894531,83.18000030517578,83.56999969482422,2135156.0
2024-10-02 14:30:00-04:00,83.56500244140625,83.70999908447266,82.8499984741211,83.43499755859375,2545977.0
2024-10-02 15:30:00-04:00,83.44999694824219,83.58989715576172,82.93000030517578,83.11000061035156,3923414.0
2024-10-02 16:00:00-04:00,83.8,83.8,82.53,83.21,0.0
2024-10-02 17:00:00-04:00,83.1,113.388,83.0,83.24,0.0
2024-10-02 18:00:00-04:00,83.25,83.4,83.12,83.27,0.0
2024-10-02 19:00:00-04:00,83.2712,83.35,83.21,83.31,0.0
2024-10-03 04:00:00-04:00,83.27,83.32,82.8,82.91,0.0
2024-10-03 05:00:00-04:00,82.99,82.99,82.74,82.96,0.0
2024-10-03 06:00:00-04:00,82.95,82.95,82.77,82.9,0.0
2024-10-03 07:00:00-04:00,82.9,82.99,82.4,82.7,0.0
2024-10-03 08:00:00-04:00,82.71,83.9,82.5,82.82,0.0
2024-10-03 09:00:00-04:00,82.86,82.86,82.5,82.5,0.0
2024-10-03 09:30:00-04:00,82.4000015258789,83.77999877929688,82.30829620361328,82.87999725341797,3151961.0
2024-10-03 10:30:00-04:00,82.88999938964844,83.13999938964844,82.6073989868164,83.0199966430664,1332741.0
2024-10-03 11:30:00-04:00,83.0199966430664,83.05999755859375,82.47000122070312,82.75,1701996.0
2024-10-03 12:30:00-04:00,82.75,82.84500122070312,82.23600006103516,82.2698974609375,1847890.0
2024-10-03 13:30:00-04:00,82.25,82.32499694824219,81.9800033569336,82.2500991821289,1734785.0
2024-10-03 14:30:00-04:00,82.25499725341797,82.2699966430664,82.0,82.07099914550781,1853693.0
2024-10-03 15:30:00-04:00,82.08000183105469,82.2698974609375,82.0,82.0999984741211,2705892.0
2024-10-03 16:00:00-04:00,82.1,82.715,82.0,82.0,0.0
2024-10-03 17:00:00-04:00,82.11,82.14,82.0,82.0995,0.0
2024-10-03 18:00:00-04:00,82.08,82.33,82.01,82.3,0.0
2024-10-03 19:00:00-04:00,82.2,82.29,82.1,82.29,0.0
2024-10-04 04:00:00-04:00,82.78,82.82,82.37,82.42,0.0
2024-10-04 05:00:00-04:00,82.43,82.45,82.26,82.42,0.0
2024-10-04 06:00:00-04:00,82.42,82.43,82.29,82.33,0.0
2024-10-04 07:00:00-04:00,82.3,82.46,82.29,82.4,0.0
2024-10-04 08:00:00-04:00,82.4,82.87,82.29,82.54,0.0
2024-10-04 09:00:00-04:00,82.71,83.05,82.1,82.85,0.0
2024-10-04 09:30:00-04:00,82.62999725341797,83.54000091552734,82.36000061035156,82.36000061035156,2244121.0
2024-10-04 10:30:00-04:00,82.37000274658203,82.91999816894531,82.33599853515625,82.44999694824219,952652.0
2024-10-04 11:30:00-04:00,82.44000244140625,82.83999633789062,82.41000366210938,82.83000183105469,855949.0
2024-10-04 12:30:00-04:00,82.82499694824219,82.90499877929688,82.54499816894531,82.56500244140625,791541.0
2024-10-04 13:30:00-04:00,82.56500244140625,82.58999633789062,82.0999984741211,82.13999938964844,898739.0
2024-10-04 14:30:00-04:00,82.1449966430664,82.34500122070312,82.12000274658203,82.27400207519531,843436.0
2024-10-04 15:30:00-04:00,82.2750015258789,82.37000274658203,82.12010192871094,82.26000213623047,1490759.0
2024-10-04 16:00:00-04:00,82.25,82.43,82.152,82.21,0.0
2024-10-04 17:00:00-04:00,82.2098,82.25,82.15,82.25,0.0
2024-10-04 18:00:00-04:00,82.25,82.25,82.2,82.2,0.0
2024-10-04 19:00:00-04:00,82.21,82.91,82.2,82.34,0.0
2024-10-07 04:00:00-04:00,83.0,83.0,82.24,82.47,0.0
2024-10-07 05:00:00-04:00,82.44,83.09,82.41,82.53,0.0
2024-10-07 06:00:00-04:00,82.53,82.61,82.26,82.61,0.0
2024-10-07 07:00:00-04:00,82.58,82.68,82.4,82.45,0.0
2024-10-07 08:00:00-04:00,82.44,83.0,82.2,82.34,0.0
2024-10-07 09:00:00-04:00,82.34,82.4,82.28,82.37,0.0
2024-10-07 09:30:00-04:00,82.13999938964844,82.47000122070312,81.12999725341797,81.2300033569336,2579803.0
2024-10-07 10:30:00-04:00,81.23999786376953,81.25,80.58000183105469,80.68000030517578,1496702.0
2024-10-07 11:30:00-04:00,80.68499755859375,80.70500183105469,80.30500030517578,80.6500015258789,1286496.0
2024-10-07 12:30:00-04:00,80.6500015258789,80.98500061035156,80.51000213623047,80.79000091552734,845754.0
2024-10-07 13:30:00-04:00,80.79499816894531,80.80000305175781,80.4000015258789,80.43000030517578,874776.0
2024-10-07 14:30:00-04:00,80.42500305175781,80.62999725341797,80.08999633789062,80.62560272216797,1270187.0
2024-10-07 15:30:00-04:00,80.62999725341797,80.97000122070312,80.52999877929688,80.83000183105469,1635778.0
2024-10-07 16:00:00-04:00,80.83,80.99,80.5597,80.9,0.0
2024-10-07 17:00:00-04:00,80.83,80.93,80.8,80.91,0.0
2024-10-07 18:00:00-04:00,80.9192,80.92,80.77,80.846,0.0
2024-10-07 19:00:00-04:00,80.75,80.86,80.54,80.86,0.0
2024-10-08 04:00:00-04:00,81.06,81.06,79.85,80.03,0.0
2024-10-08 05:00:00-04:00,80.03,80.25,79.54,80.0,0.0
2024-10-08 06:00:00-04:00,79.97,80.19,79.93,79.99,0.0
2024-10-08 07:00:00-04:00,79.99,80.45,79.83,80.18,0.0
2024-10-08 08:00:00-04:00,80.18,80.9,79.8526,80.37,0.0
2024-10-08 09:00:00-04:00,80.32,80.4,80.06,80.18,0.0
2024-10-08 09:30:00-04:00,80.75,81.41999816894531,79.93000030517578,80.32990264892578,2343448.0
2024-10-08 10:30:00-04:00,80.31999969482422,80.4000015258789,80.01000213623047,80.26219940185547,1876779.0
2024-10-08 11:30:00-04:00,80.2699966430664,80.55500030517578,80.23999786376953,80.47420501708984,1056307.0
2024-10-08 12:30:00-04:00,80.47969818115234,80.69999694824219,80.40499877929688,80.69999694824219,726188.0
2024-10-08 13:30:00-04:00,80.69000244140625,81.01000213623047,80.62999725341797,80.92500305175781,913291.0
2024-10-08 14:30:00-04:00,80.92240142822266,81.00499725341797,80.71499633789062,80.76499938964844,1444193.0
2024-10-08 15:30:00-04:00,80.76000213623047,80.83999633789062,80.70500183105469,80.7699966430664,1211930.0
2024-10-08 16:00:00-04:00,80.78,81.0,80.73,80.74,0.0
2024-10-08 17:00:00-04:00,80.74,80.97,80.694,80.77,0.0
2024-10-08 18:00:00-04:00,80.77,80.958,80.7312,80.78,0.0
2024-10-08 19:00:00-04:00,80.77,80.93,80.73,80.79,0.0
2024-10-09 04:00:00-04:00,81.0,81.0,80.58,80.61,0.0
2024-10-09 05:00:00-04:00,80.61,80.95,80.61,80.85,0.0
2024-10-09 06:00:00-04:00,80.86,81.0,80.79,81.0,0.0
2024-10-09 07:00:00-04:00,81.0,81.07,80.81,80.95,0.0
2024-10-09 08:00:00-04:00,80.95,87.8405,80.5812,80.84,0.0
2024-10-09 09:00:00-04:00,80.92,81.0,80.7,81.0,0.0
2024-10-09 09:30:00-04:00,81.13999938964844,82.12000274658203,81.06999969482422,81.9800033569336,2025441.0
2024-10-09 10:30:00-04:00,81.9749984741211,82.3949966430664,81.83000183105469,82.2699966430664,1376215.0
2024-10-09 11:30:00-04:00,82.2699966430664,82.79000091552734,82.08000183105469,82.59500122070312,1893173.0
2024-10-09 12:30:00-04:00,82.59500122070312,82.80000305175781,82.45999908447266,82.76499938964844,964047.0
2024-10-09 13:30:00-04:00,82.76499938964844,82.92500305175781,82.66000366210938,82.69499969482422,1057377.0
2024-10-09 14:30:00-04:00,82.69000244140625,82.76000213623047,82.4800033569336,82.73999786376953,1227958.0
2024-10-09 15:30:00-04:00,82.73999786376953,82.81999969482422,82.44000244140625,82.45999908447266,1631249.0
2024-10-09 16:00:00-04:00,82.45,82.75,82.1,82.45,0.0
2024-10-09 17:00:00-04:00,82.45,82.79,81.5398,82.4262,0.0
2024-10-09 18:00:00-04:00,82.4262,82.65,82.42,82.45,0.0
2024-10-09 19:00:00-04:00,82.46,82.65,82.46,82.5,0.0
2024-10-10 04:00:00-04:00,82.8,82.8,82.34,82.44,0.0
2024-10-10 05:00:00-04:00,82.43,82.43,82.25,82.3,0.0
2024-10-10 06:00:00-04:00,82.28,83.85,82.22,83.67,0.0
2024-10-10 07:00:00-04:00,83.67,83.75,83.55,83.56,0.0
2024-10-10 08:00:00-04:00,83.56,83.8,82.2191,83.49,0.0
2024-10-10 09:00:00-04:00,83.45,83.48,83.09,83.28,0.0
2024-10-10 09:30:00-04:00,83.4000015258789,83.44999694824219,82.1500015258789,82.47000122070312,2495962.0
2024-10-10 10:30:00-04:00,82.47000122070312,82.48999786376953,82.13999938964844,82.27999877929688,982096.0
2024-10-10 11:30:00-04:00,82.29000091552734,82.43990325927734,82.13999938964844,82.375,678579.0
2024-10-10 12:30:00-04:00,82.375,82.46990203857422,82.16999816894531,82.28500366210938,720717.0
2024-10-10 13:30:00-04:00,82.27999877929688,82.40499877929688,82.1449966430664,82.19000244140625,567722.0
2024-10-10 14:30:00-04:00,82.19000244140625,82.33000183105469,82.11000061035156,82.2300033569336,771571.0
2024-10-10 15:30:00-04:00,82.2300033569336,82.23600006103516,82.02999877929688,82.12000274658203,1161746.0
2024-10-10 16:00:00-04:00,82.12,82.24,82.02,82.1797,0.0
2024-10-10 17:00:00-04:00,82.18,86.5486,80.3696,82.2445,0.0
2024-10-10 18:00:00-04:00,82.2,82.25,82.14,82.25,0.0
2024-10-10 19:00:00-04:00,82.19,82.49,82.1,82.4599,0.0
2024-10-11 04:00:00-04:00,82.4,82.57,82.06,82.1,0.0
2024-10-11 05:00:00-04:00,82.22,82.26,82.09,82.11,0.0
2024-10-11 06:00:00-04:00,82.12,82.2,82.08,82.14,0.0
2024-10-11 07:00:00-04:00,82.14,82.41,82.1,82.13,0.0
2024-10-11 08:00:00-04:00,82.19,82.74,81.9,82.1,0.0
2024-10-11 09:00:00-04:00,82.12,82.2,82.0,82.19,0.0
2024-10-11 09:30:00-04:00,82.04000091552734,82.2699966430664,81.18000030517578,81.76000213623047,2529321.0
2024-10-11 10:30:00-04:00,81.75,82.01499938964844,81.41999816894531,81.62000274658203,1622673.0
2024-10-11 11:30:00-04:00,81.625,81.90499877929688,81.59010314941406,81.86499786376953,952784.0
2024-10-11 12:30:00-04:00,81.86000061035156,81.86000061035156,81.55000305175781,81.76499938964844,532904.0
2024-10-11 13:30:00-04:00,81.76499938964844,82.02875518798828,81.66000366210938,81.94499969482422,606345.0
2024-10-11 14:30:00-04:00,81.94499969482422,82.19000244140625,81.81999969482422,82.125,905157.0
2024-10-11 15:30:00-04:00,82.125,82.18000030517578,81.98999786376953,82.1500015258789,1428438.0
2024-10-11 16:00:00-04:00,82.145515,86.8772,81.96,82.0794,0.0
2024-10-11 17:00:00-04:00,82.08,82.08,81.98,82.05,0.0
2024-10-11 18:00:00-04:00,82.04,82.07,82.03,82.03,0.0
2024-10-11 19:00:00-04:00,82.0317,82.06,81.97,82.0,0.0
2024-10-14 04:00:00-04:00,82.28,82.48,82.1,82.16,0.0
2024-10-14 05:00:00-04:00,82.15,82.22,82.14,82.17,0.0
2024-10-14 06:00:00-04:00,82.17,82.4,82.15,82.4,0.0
2024-10-14 07:00:00-04:00,82.38,82.41,82.2,82.33,0.0
2024-10-14 08:00:00-04:00,82.25,82.66,82.1,82.29,0.0
2024-10-14 09:00:00-04:00,82.29,82.3,81.85,82.23,0.0
2024-10-14 09:30:00-04:00,82.0,82.04000091552734,80.80000305175781,81.1250991821289,2078918.0
2024-10-14 10:30:00-04:00,81.12999725341797,81.45500183105469,81.06999969482422,81.3302993774414,942922.0
2024-10-14 11:30:00-04:00,81.33499908447266,81.8550033569336,81.29000091552734,81.83000183105469,993556.0
2024-10-14 12:30:00-04:00,81.83000183105469,81.88500213623047,81.66999816894531,81.69499969482422,465758.0
2024-10-14 13:30:00-04:00,81.68499755859375,81.71499633789062,81.4800033569336,81.59500122070312,580923.0
2024-10-14 14:30:00-04:00,81.59500122070312,81.66500091552734,81.5000991821289,81.53500366210938,567130.0
2024-10-14 15:30:00-04:00,81.52999877929688,81.69000244140625,81.45999908447266,81.62999725341797,1173927.0
2024-10-14 16:00:00-04:00,81.65,81.67,81.4709,81.5498,0.0
2024-10-14 17:00:00-04:00,81.55,81.7,81.53,81.56,0.0
2024-10-14 18:00:00-04:00,81.62,81.65,81.5075,81.65,0.0
2024-10-14 19:00:00-04:00,81.65,81.7,81.56,81.69,0.0
2024-10-15 04:00:00-04:00,81.94,81.94,81.57,81.59,0.0
2024-10-15 05:00:00-04:00,81.58,81.74,81.37,81.5,0.0
2024-10-15 06:00:00-04:00,81.48,81.5,81.38,81.49,0.0
2024-10-15 07:00:00-04:00,81.49,81.56,81.38,81.4,0.0
2024-10-15 08:00:00-04:00,81.43,81.99,81.32,81.63,0.0
2024-10-15 09:00:00-04:00,81.45,81.63,81.4,81.48,0.0
2024-10-15 09:30:00-04:00,81.05000305175781,82.58999633789062,81.05000305175781,82.52010345458984,2016626.0
2024-10-15 10:30:00-04:00,82.5199966430664,82.5999984741211,82.27999877929688,82.44999694824219,903600.0
2024-10-15 11:30:00-04:00,82.45999908447266,82.72000122070312,82.08000183105469,82.43499755859375,1460193.0
2024-10-15 12:30:00-04:00,82.43499755859375,82.44000244140625,82.13999938964844,82.18000030517578,792311.0
2024-10-15 13:30:00-04:00,82.18000030517578,82.43499755859375,82.0999984741211,82.34300231933594,560414.0
2024-10-15 14:30:00-04:00,82.34500122070312,82.44499969482422,82.19400024414062,82.2750015258789,673254.0
2024-10-15 15:30:00-04:00,82.26499938964844,82.31500244140625,82.08499908447266,82.13999938964844,1308006.0
2024-10-15 16:00:00-04:00,82.17,82.35,82.0,82.16,0.0
2024-10-15 17:00:00-04:00,82.14,82.4318,82.05,82.17,0.0
2024-10-15 18:00:00-04:00,82.13,82.2,82.1,82.1,0.0
2024-10-15 19:00:00-04:00,82.12,82.2,82.1025,82.15,0.0
2024-10-16 04:00:00-04:00,82.68,82.68,81.6,81.82,0.0
2024-10-16 05:00:00-04:00,81.82,82.07,81.75,81.85,0.0
2024-10-16 06:00:00-04:00,81.89,82.0,81.88,81.99,0.0
2024-10-16 07:00:00-04:00,82.0,82.13,81.99,82.13,0.0
2024-10-16 08:00:00-04:00,82.13,82.31,81.6,82.2,0.0
2024-10-16 09:00:00-04:00,82.2,82.24,82.0,82.16,0.0
2024-10-16 09:30:00-04:00,82.13999938964844,82.94000244140625,82.05000305175781,82.74500274658203,1337614.0
2024-10-16 10:30:00-04:00,82.7416000366211,83.09500122070312,82.70500183105469,83.01000213623047,1018500.0
2024-10-16 11:30:00-04:00,83.0,83.44999694824219,83.0,83.31500244140625,1194259.0
2024-10-16 12:30:00-04:00,83.30999755859375,83.73999786376953,83.22000122070312,83.54499816894531,1042461.0
2024-10-16 13:30:00-04:00,83.54499816894531,83.97000122070312,83.52999877929688,83.96499633789062,1107718.0
2024-10-16 14:30:00-04:00,83.97000122070312,84.08000183105469,83.91999816894531,83.92500305175781,954549.0
2024-10-16 15:30:00-04:00,83.92610168457031,84.08999633789062,83.72000122070312,83.94000244140625,2190368.0
2024-10-16 16:00:00-04:00,83.93,84.09,83.7877,83.9,0.0
2024-10-16 17:00:00-04:00,83.91,86.6997,83.88,83.97,0.0
2024-10-16 18:00:00-04:00,83.97,83.9793,83.88,83.9188,0.0
2024-10-16 19:00:00-04:00,83.9,83.96,83.8,83.933,0.0
2024-10-17 04:00:00-04:00,83.95,84.12,83.75,84.09,0.0
2024-10-17 05:00:00-04:00,84.05,84.05,83.81,83.98,0.0
2024-10-17 06:00:00-04:00,83.99,84.12,83.91,84.1,0.0
2024-10-17 07:00:00-04:00,84.1,84.16,83.91,84.0,0.0
2024-10-17 08:00:00-04:00,84.0,84.1515,83.56,83.9,0.0
2024-10-17 09:00:00-04:00,83.9,84.1,83.8,84.0,0.0
2024-10-17 09:30:00-04:00,84.11000061035156,84.76200103759766,83.5999984741211,83.89839935302734,2950971.0
2024-10-17 10:30:00-04:00,83.90499877929688,84.00499725341797,83.77999877929688,83.88999938964844,748828.0
2024-10-17 11:30:00-04:00,83.88999938964844,83.99500274658203,83.76475524902344,83.8550033569336,724052.0
2024-10-17 12:30:00-04:00,83.86000061035156,83.93499755859375,83.71170043945312,83.81500244140625,410339.0
2024-10-17 13:30:00-04:00,83.8113021850586,83.93000030517578,83.69999694824219,83.78500366210938,625645.0
2024-10-17 14:30:00-04:00,83.77999877929688,83.87999725341797,83.59010314941406,83.77999877929688,748190.0
2024-10-17 15:30:00-04:00,83.77999877929688,83.88269805908203,83.37999725341797,83.41000366210938,1362422.0
2024-10-17 16:00:00-04:00,83.4,83.8,83.23,83.4,0.0
2024-10-17 17:00:00-04:00,83.4,89.3645,83.37,83.49,0.0
2024-10-17 18:00:00-04:00,83.4185,83.58,83.41,83.58,0.0
2024-10-17 19:00:00-04:00,83.58,83.6,83.41,83.4145,0.0
2024-10-18 04:00:00-04:00,83.55,83.99,83.28,83.75,0.0
2024-10-18 05:00:00-04:00,83.69,83.94,83.69,83.78,0.0
2024-10-18 06:00:00-04:00,83.78,83.78,83.51,83.63,0.0
2024-10-18 07:00:00-04:00,83.66,83.78,83.52,83.57,0.0
2024-10-18 08:00:00-04:00,83.61,83.88,83.0,83.85,0.0
2024-10-18 09:00:00-04:00,83.82,83.88,83.4,83.66,0.0
2024-10-18 09:30:00-04:00,83.77999877929688,83.94999694824219,83.04000091552734,83.1500015258789,1411874.0
2024-10-18 10:30:00-04:00,83.1500015258789,83.19000244140625,82.70349884033203,82.83000183105469,801284.0
2024-10-18 11:30:00-04:00,82.82499694824219,83.22000122070312,82.80999755859375,83.12000274658203,560272.0
2024-10-18 12:30:00-04:00,83.125,83.12999725341797,82.80000305175781,82.81999969482422,639130.0
2024-10-18 13:30:00-04:00,82.82499694824219,82.8988037109375,82.69999694824219,82.84200286865234,474033.0
2024-10-18 14:30:00-04:00,82.83999633789062,82.86000061035156,82.63999938964844,82.68000030517578,651910.0
2024-10-18 15:30:00-04:00,82.67500305175781,82.9800033569336,82.62999725341797,82.91000366210938,1302957.0
2024-10-18 16:00:00-04:00,82.92,82.98,82.85366,82.93,0.0
2024-10-18 17:00:00-04:00,82.96,82.97,82.8,82.92,0.0
2024-10-18 18:00:00-04:00,82.8,82.92,82.8,82.92,0.0
2024-10-18 19:00:00-04:00,82.9,82.92,82.81,82.81,0.0
2024-10-21 04:00:00-04:00,83.0,83.0,82.65,82.81,0.0
2024-10-21 05:00:00-04:00,82.8,82.95,82.72,82.74,0.0
2024-10-21 06:00:00-04:00,82.82,82.86,82.64,82.71,0.0
2024-10-21 07:00:00-04:00,82.67,82.86,82.67,82.72,0.0
2024-10-21 08:00:00-04:00,82.75,83.0,82.63,82.73,0.0
2024-10-21 09:00:00-04:00,82.79,82.89,82.7,82.8,0.0
2024-10-21 09:30:00-04:00,82.8499984741211,83.08999633789062,82.33000183105469,82.44000244140625,981785.0
2024-10-21 10:30:00-04:00,82.43800354003906,82.46499633789062,81.76000213623047,81.83999633789062,794807.0
2024-10-21 11:30:00-04:00,81.84369659423828,81.88999938964844,81.69000244140625,81.75,532455.0
2024-10-21 12:30:00-04:00,81.75499725341797,81.93000030517578,81.7300033569336,81.88999938964844,995159.0
2024-10-21 13:30:00-04:00,81.87999725341797,81.9000015258789,81.63999938964844,81.66500091552734,426031.0
2024-10-21 14:30:00-04:00,81.66999816894531,81.91000366210938,81.55000305175781,81.79000091552734,585748.0
2024-10-21 15:30:00-04:00,81.79000091552734,81.80000305175781,81.44000244140625,81.48999786376953,1204796.0
2024-10-21 16:00:00-04:00,81.48,82.2,81.48,81.86,0.0
2024-10-21 17:00:00-04:00,81.88,81.91,81.48,81.85,0.0
2024-10-21 18:00:00-04:00,81.85,81.91,81.79,81.86,0.0
2024-10-21 19:00:00-04:00,81.86,81.88,81.75,81.77,0.0
2024-10-22 04:00:00-04:00,82.0,82.0,81.6,81.77,0.0
2024-10-22 05:00:00-04:00,81.58,81.75,81.52,81.53,0.0
2024-10-22 06:00:00-04:00,81.54,81.74,81.52,81.68,0.0
2024-10-22 07:00:00-04:00,81.66,81.77,81.47,81.51,0.0
2024-10-22 08:00:00-04:00,81.6,81.9988,81.46,81.55,0.0
2024-10-22 09:00:00-04:00,81.55,81.6,81.0,81.28,0.0
2024-10-22 09:30:00-04:00,81.3499984741211,82.41999816894531,81.2300033569336,82.16429901123047,1275833.0
2024-10-22 10:30:00-04:00,82.16000366210938,82.23999786376953,81.51499938964844,81.58000183105469,915039.0
2024-10-22 11:30:00-04:00,81.57499694824219,81.65499877929688,81.38999938964844,81.48999786376953,849528.0
2024-10-22 12:30:00-04:00,81.48500061035156,81.71099853515625,81.43499755859375,81.50499725341797,633693.0
2024-10-22 13:30:00-04:00,81.50499725341797,81.83999633789062,81.4749984741211,81.68599700927734,638614.0
2024-10-22 14:30:00-04:00,81.68499755859375,81.68990325927734,81.28500366210938,81.31999969482422,826071.0
2024-10-22 15:30:00-04:00,81.32499694824219,81.5199966430664,81.28500366210938,81.41999816894531,1065011.0
2024-10-22 16:00:00-04:00,81.42,81.59,81.38,81.41,0.0
2024-10-22 17:00:00-04:00,81.41,81.44,81.31,81.4,0.0
2024-10-22 18:00:00-04:00,81.37,81.44,81.29,81.41,0.0
2024-10-22 19:00:00-04:00,81.41,81.59,81.29,81.44,0.0
2024-10-23 04:00:00-04:00,81.76,81.76,81.29,81.41,0.0
2024-10-23 05:00:00-04:00,81.41,81.42,81.33,81.42,0.0
2024-10-23 06:00:00-04:00,81.42,81.42,81.29,81.29,0.0
2024-10-23 07:00:00-04:00,81.29,81.29,80.98,81.27,0.0
2024-10-23 08:00:00-04:00,81.29,81.77,81.18,81.3,0.0
2024-10-23 09:00:00-04:00,81.2,81.42,81.12,81.3,0.0
2024-10-23 09:30:00-04:00,81.0,81.0374984741211,80.30000305175781,80.79000091552734,1327732.0
2024-10-23 10:30:00-04:00,80.80000305175781,80.80999755859375,80.3104019165039,80.47989654541016,844654.0
2024-10-23 11:30:00-04:00,80.4749984741211,80.70999908447266,80.44000244140625,80.50270080566406,560088.0
2024-10-23 12:30:00-04:00,80.5,80.5199966430664,80.1500015258789,80.22219848632812,831857.0
2024-10-23 13:30:00-04:00,80.22000122070312,80.2249984741211,79.79100036621094,79.9749984741211,811485.0
2024-10-23 14:30:00-04:00,79.9749984741211,80.23190307617188,79.9646987915039,80.18000030517578,680198.0
2024-10-23 15:30:00-04:00,80.16999816894531,80.20500183105469,79.98999786376953,80.05999755859375,1063844.0
2024-10-23 16:00:00-04:00,80.05,80.4,80.0,80.12,0.0
2024-10-23 17:00:00-04:00,80.19,81.781,80.05,80.1799,0.0
2024-10-23 18:00:00-04:00,80.18,80.2,80.1,80.2,0.0
2024-10-23 19:00:00-04:00,80.2,80.2,80.1,80.1999,0.0
2024-10-24 04:00:00-04:00,80.33,80.36,80.0,80.26,0.0
2024-10-24 05:00:00-04:00,80.37,80.39,80.26,80.35,0.0
2024-10-24 06:00:00-04:00,80.37,80.58,80.35,80.58,0.0
2024-10-24 07:00:00-04:00,80.58,80.58,80.36,80.42,0.0
2024-10-24 08:00:00-04:00,80.42,80.59,80.1,80.33,0.0
2024-10-24 09:00:00-04:00,80.33,80.4,80.25,80.2537,0.0
2024-10-24 09:30:00-04:00,80.5,80.80000305175781,79.81999969482422,79.94999694824219,1251731.0
2024-10-24 10:30:00-04:00,79.94499969482422,79.9800033569336,79.51499938964844,79.57499694824219,899222.0
2024-10-24 11:30:00-04:00,79.56999969482422,79.56999969482422,79.08000183105469,79.26000213623047,931179.0
2024-10-24 12:30:00-04:00,79.26000213623047,79.61499786376953,79.24500274658203,79.44999694824219,600394.0
2024-10-24 13:30:00-04:00,79.44000244140625,79.56999969482422,79.18000030517578,79.19499969482422,552746.0
2024-10-24 14:30:00-04:00,79.19989776611328,79.44499969482422,79.16000366210938,79.36000061035156,740583.0
2024-10-24 15:30:00-04:00,79.36499786376953,79.41000366210938,79.02999877929688,79.08000183105469,1248215.0
2024-10-24 16:00:00-04:00,79.04,79.34133,79.01,79.16,0.0
2024-10-24 17:00:00-04:00,79.1799,80.3696,79.04,79.31,0.0
2024-10-24 18:00:00-04:00,79.276,79.31,79.11,79.2,0.0
2024-10-24 19:00:00-04:00,79.2101,79.29,79.1,79.27,0.0
2024-10-25 04:00:00-04:00,79.3,79.63,79.26,79.55,0.0
2024-10-25 05:00:00-04:00,79.55,79.67,79.5,79.6,0.0
2024-10-25 06:00:00-04:00,79.59,79.69,79.59,79.64,0.0
2024-10-25 07:00:00-04:00,79.65,79.68,79.53,79.57,0.0
2024-10-25 08:00:00-04:00,79.58,79.6888,79.14,79.48,0.0
2024-10-25 09:00:00-04:00,79.56,79.58,79.45,79.5,0.0
2024-10-25 09:30:00-04:00,79.22000122070312,79.58000183105469,79.01000213623047,79.31999969482422,1704811.0
2024-10-25 10:30:00-04:00,79.31500244140625,79.37999725341797,78.97000122070312,79.0,1125563.0
2024-10-25 11:30:00-04:00,78.99500274658203,79.08000183105469,78.79000091552734,78.99500274658203,1007735.0
2024-10-25 12:30:00-04:00,78.98999786376953,79.1500015258789,78.87000274658203,78.90499877929688,633427.0
2024-10-25 13:30:00-04:00,78.90499877929688,78.93589782714844,78.63240051269531,78.79000091552734,1630924.0
2024-10-25 14:30:00-04:00,78.77999877929688,78.86599731445312,78.54000091552734,78.57363891601562,656664.0
2024-10-25 15:30:00-04:00,78.57499694824219,78.87000274658203,78.52010345458984,78.83999633789062,1230953.0
2024-10-25 16:00:00-04:00,78.85,79.0,78.55,78.71,0.0
2024-10-25 17:00:00-04:00,78.7,78.77,78.68,78.72,0.0
2024-10-25 18:00:00-04:00,78.72,78.76,78.69,78.7598,0.0
2024-10-25 19:00:00-04:00,78.76,78.76,78.7,78.7,0.0
2024-10-28 04:00:00-04:00,78.8,79.25,78.8,79.15,0.0
2024-10-28 05:00:00-04:00,79.17,79.24,79.11,79.18,0.0
2024-10-28 06:00:00-04:00,79.2,79.25,79.0,79.06,0.0
2024-10-28 07:00:00-04:00,79.07,79.18,79.02,79.1,0.0
2024-10-28 08:00:00-04:00,79.06,79.3,78.7012,79.15,0.0
2024-10-28 09:00:00-04:00,79.11,82.3699,79.04,79.24,0.0
2024-10-28 09:30:00-04:00,79.31999969482422,79.63999938964844,78.91000366210938,79.26000213623047,1167879.0
2024-10-28 10:30:00-04:00,79.26000213623047,79.46499633789062,79.22000122070312,79.24500274658203,645207.0
2024-10-28 11:30:00-04:00,79.25,79.37999725341797,79.08000183105469,79.20989990234375,595359.0
2024-10-28 12:30:00-04:00,79.19499969482422,79.27999877929688,78.94499969482422,79.23999786376953,744083.0
2024-10-28 13:30:00-04:00,79.24230194091797,79.3499984741211,78.91000366210938,79.00499725341797,682576.0
2024-10-28 14:30:00-04:00,79.00499725341797,79.01000213623047,78.81999969482422,78.93499755859375,686473.0
2024-10-28 15:30:00-04:00,78.94000244140625,79.05500030517578,78.9000015258789,78.94000244140625,861069.0
2024-10-28 16:00:00-04:00,78.91,79.215,78.91,79.12,0.0
2024-10-28 17:00:00-04:00,79.11,79.15,78.98,79.05,0.0
2024-10-28 18:00:00-04:00,79.05,79.15,78.98,79.13,0.0
2024-10-28 19:00:00-04:00,79.09,79.14,79.0,79.1,0.0
2024-10-29 04:00:00-04:00,80.3,80.3,78.92,79.17,0.0
2024-10-29 05:00:00-04:00,79.3,79.37,79.15,79.2,0.0
2024-10-29 06:00:00-04:00,79.2,79.29,79.0,79.09,0.0
2024-10-29 07:00:00-04:00,79.09,79.2,78.92,79.1,0.0
2024-10-29 08:00:00-04:00,79.02,79.49,78.92,79.02,0.0
2024-10-29 09:00:00-04:00,79.03,79.05,78.7,78.86,0.0
2024-10-29 09:30:00-04:00,78.87999725341797,78.94999694824219,78.19999694824219,78.7300033569336,1582007.0
2024-10-29 10:30:00-04:00,78.7300033569336,79.13999938964844,78.70999908447266,79.13469696044922,982794.0
2024-10-29 11:30:00-04:00,79.12999725341797,79.47000122070312,79.0199966430664,79.16999816894531,864392.0
2024-10-29 12:30:00-04:00,79.16999816894531,79.20999908447266,79.01000213623047,79.03500366210938,451933.0
2024-10-29 13:30:00-04:00,79.04000091552734,79.04000091552734,78.80339813232422,78.81199645996094,461367.0
2024-10-29 14:30:00-04:00,78.80999755859375,78.91999816894531,78.7300033569336,78.76000213623047,686982.0
2024-10-29 15:30:00-04:00,78.76000213623047,78.79000091552734,78.38999938964844,78.44000244140625,923226.0
2024-10-29 16:00:00-04:00,78.44,78.89,78.34,78.4401,0.0
2024-10-29 17:00:00-04:00,78.4401,78.75,78.4,78.54,0.0
2024-10-29 18:00:00-04:00,78.54,78.75,78.45,78.46,0.0
2024-10-29 19:00:00-04:00,78.61,78.68,78.46,78.59,0.0
2024-10-30 04:00:00-04:00,79.23,79.23,78.59,78.8,0.0
2024-10-30 05:00:00-04:00,78.8,78.81,78.61,78.7,0.0
2024-10-30 06:00:00-04:00,78.7,78.78,78.56,78.57,0.0
2024-10-30 07:00:00-04:00,78.59,78.65,78.42,78.57,0.0
2024-10-30 08:00:00-04:00,78.51,79.23,78.41,78.54,0.0
2024-10-30 09:00:00-04:00,78.53,78.57,78.27,78.27,0.0
2024-10-30 09:30:00-04:00,78.0,78.11000061035156,77.27999877929688,77.33000183105469,3056549.0
2024-10-30 10:30:00-04:00,77.33000183105469,77.44999694824219,76.69999694824219,76.8499984741211,2730797.0
2024-10-30 11:30:00-04:00,76.8550033569336,77.16999816894531,76.73500061035156,77.05999755859375,1808810.0
2024-10-30 12:30:00-04:00,77.05000305175781,77.21499633789062,76.80169677734375,76.80999755859375,918285.0
2024-10-30 13:30:00-04:00,76.80999755859375,76.95500183105469,76.73999786376953,76.7699966430664,963748.0
2024-10-30 14:30:00-04:00,76.7699966430664,76.80500030517578,76.5999984741211,76.6050033569336,1159694.0
2024-10-30 15:30:00-04:00,76.6050033569336,76.61000061035156,76.41999816894531,76.41999816894531,2349827.0
2024-10-30 16:00:00-04:00,76.43,76.66,74.2496,76.6,0.0
2024-10-30 17:00:00-04:00,76.65,76.66,76.1883,76.55,0.0
2024-10-30 18:00:00-04:00,76.55,76.6,76.5,76.5,0.0
2024-10-30 19:00:00-04:00,76.52,76.66,76.5,76.5399,0.0
2024-10-31 04:00:00-04:00,76.5,76.93,76.28,76.32,0.0
2024-10-31 05:00:00-04:00,76.45,76.45,76.06,76.26,0.0
2024-10-31 06:00:00-04:00,76.27,76.34,76.15,76.19,0.0
2024-10-31 07:00:00-04:00,76.3,76.35,76.13,76.28,0.0
2024-10-31 08:00:00-04:00,76.29,76.9388,76.04,76.34,0.0
2024-10-31 09:00:00-04:00,76.42,76.45,76.11,76.23,0.0
2024-10-31 09:30:00-04:00,76.19999694824219,76.29000091552734,75.19999694824219,75.30000305175781,2394619.0
2024-10-31 10:30:00-04:00,75.29499816894531,76.08999633789062,75.26000213623047,75.88999938964844,1518721.0
2024-10-31 11:30:00-04:00,75.88999938964844,76.0,75.61000061035156,75.98500061035156,1275985.0
2024-10-31 12:30:00-04:00,75.98500061035156,76.59500122070312,75.91999816894531,76.56999969482422,1175886.0
2024-10-31 13:30:00-04:00,76.57499694824219,76.77999877929688,76.43000030517578,76.76499938964844,1009157.0
2024-10-31 14:30:00-04:00,76.76499938964844,76.87999725341797,76.58499908447266,76.60009765625,1234862.0
2024-10-31 15:30:00-04:00,76.6094970703125,77.33999633789062,76.55000305175781,77.13999938964844,2498005.0
2024-10-31 16:00:00-04:00,77.13,77.39,76.85,77.13,0.0
2024-10-31 17:00:00-04:00,77.13,77.33,77.05,77.28,0.0
2024-10-31 18:00:00-04:00,77.28,77.3,77.08,77.0812,0.0
2024-10-31 19:00:00-04:00,77.19,77.3,77.08,77.18,0.0
2024-11-01 04:00:00-04:00,77.49,77.94,77.15,77.28,0.0
2024-11-01 05:00:00-04:00,77.29,77.76,77.25,77.56,0.0
2024-11-01 06:00:00-04:00,77.54,77.62,77.51,77.6,0.0
2024-11-01 07:00:00-04:00,77.6,77.63,77.51,77.56,0.0
2024-11-01 08:00:00-04:00,77.6,77.63,77.0,77.59,0.0
2024-11-01 09:00:00-04:00,77.58,77.75,77.5,77.6,0.0
2024-11-01 09:30:00-04:00,77.05000305175781,77.70999908447266,76.95999908447266,77.67500305175781,2110586.0
2024-11-01 10:30:00-04:00,77.69000244140625,78.00019836425781,77.45999908447266,77.9801025390625,1083262.0
2024-11-01 11:30:00-04:00,77.98999786376953,77.98999786376953,77.375,77.44499969482422,806276.0
2024-11-01 12:30:00-04:00,77.47000122070312,77.69000244140625,77.44999694824219,77.66999816894531,697675.0
2024-11-01 13:30:00-04:00,77.66999816894531,77.96499633789062,77.30000305175781,77.94000244140625,930624.0
2024-11-01 14:30:00-04:00,77.93499755859375,78.0999984741211,77.91000366210938,77.9375991821289,967165.0
2024-11-01 15:30:00-04:00,77.9375991821289,78.12999725341797,77.79432678222656,78.05999755859375,1497775.0
2024-11-01 16:00:00-04:00,78.06,78.16,78.01,78.16,0.0
2024-11-01 17:00:00-04:00,78.14,78.15,73.0752,78.09,0.0
2024-11-01 18:00:00-04:00,78.1,78.1,78.0,78.08,0.0
2024-11-01 19:00:00-04:00,78.1,78.1,78.0,78.0,0.0
2024-11-04 04:00:00-05:00,78.1,78.5,78.01,78.18,0.0
2024-11-04 05:00:00-05:00,78.16,78.38,78.1,78.35,0.0
2024-11-04 06:00:00-05:00,78.35,78.35,78.22,78.24,0.0
2024-11-04 07:00:00-05:00,78.23,78.23,78.0,78.19,0.0
2024-11-04 08:00:00-05:00,78.19,78.59,78.0,78.25,0.0
2024-11-04 09:00:00-05:00,78.25,78.35,77.065,78.18,0.0
2024-11-04 09:30:00-05:00,77.98999786376953,78.55000305175781,77.77999877929688,78.42500305175781,1040311.0
2024-11-04 10:30:00-05:00,78.44000244140625,78.48999786376953,77.68000030517578,77.83000183105469,784515.0
2024-11-04 11:30:00-05:00,77.83000183105469,77.93000030517578,77.5250015258789,77.65499877929688,701708.0
2024-11-04 12:30:00-05:00,77.66000366210938,77.73999786376953,77.4000015258789,77.46499633789062,550137.0
2024-11-04 13:30:00-05:00,77.44999694824219,77.56999969482422,77.23999786376953,77.48500061035156,695244.0
2024-11-04 14:30:00-05:00,77.47000122070312,77.5999984741211,77.33499908447266,77.3949966430664,707619.0
2024-11-04 15:30:00-05:00,77.38999938964844,77.4000015258789,77.11499786376953,77.19000244140625,993427.0
2024-11-04 16:00:00-05:00,77.19,77.5,77.14,77.19,0.0
2024-11-04 17:00:00-05:00,77.17,77.24,77.0512,77.2389,0.0
2024-11-04 18:00:00-05:00,77.16,77.24,77.16,77.19,0.0
2024-11-05 04:00:00-05:00,77.5,77.54,77.27,77.5,0.0
2024-11-05 05:00:00-05:00,77.5,77.71,77.5,77.63,0.0
2024-11-05 06:00:00-05:00,77.63,77.63,77.36,77.53,0.0
2024-11-05 07:00:00-05:00,77.53,77.54,77.37,77.41,0.0
2024-11-05 08:00:00-05:00,77.41,77.87,77.2,77.29,0.0
2024-11-05 09:00:00-05:00,77.29,77.98,77.17,77.2,0.0
2024-11-05 09:30:00-05:00,77.25,77.48999786376953,77.0,77.2300033569336,1172195.0
2024-11-05 10:30:00-05:00,77.2300033569336,77.61000061035156,77.20999908447266,77.31500244140625,752993.0
2024-11-05 11:30:00-05:00,77.31999969482422,77.70999908447266,77.31999969482422,77.69000244140625,568885.0
2024-11-05 12:30:00-05:00,77.69000244140625,77.95999908447266,77.67327117919922,77.8550033569336,568039.0
2024-11-05 13:30:00-05:00,77.8499984741211,77.98500061035156,77.69499969482422,77.73989868164062,454993.0
2024-11-05 14:30:00-05:00,77.73500061035156,77.94000244140625,77.71009826660156,77.875,631666.0
2024-11-05 15:30:00-05:00,77.87000274658203,78.0,77.75499725341797,77.98999786376953,816180.0
2024-11-05 16:00:00-05:00,77.98,78.14,73.8832,78.13,0.0
2024-11-05 17:00:00-05:00,78.05,78.1,77.75,77.98,0.0
2024-11-05 18:00:00-05:00,77.98,78.0,77.75,78.0,0.0
2024-11-06 04:00:00-05:00,78.41,78.58,77.63,77.7,0.0
2024-11-06 05:00:00-05:00,77.8,77.97,77.35,77.42,0.0
2024-11-06 06:00:00-05:00,77.41,77.44,77.0,77.23,0.0
2024-11-06 07:00:00-05:00,77.21,77.38,77.03,77.25,0.0
2024-11-06 08:00:00-05:00,77.26,78.5,77.01,77.22,0.0
2024-11-06 09:00:00-05:00,77.13,77.3,77.05,77.26,0.0
2024-11-06 09:30:00-05:00,76.87000274658203,76.94999694824219,75.41000366210938,75.95500183105469,3812077.0
2024-11-06 10:30:00-05:00,75.94010162353516,75.94999694824219,75.4446029663086,75.58999633789062,1683828.0
2024-11-06 11:30:00-05:00,75.58999633789062,75.80999755859375,75.38999938964844,75.48380279541016,1402029.0
2024-11-06 12:30:00-05:00,75.48989868164062,75.69999694824219,75.12000274658203,75.48999786376953,1334059.0
2024-11-06 13:30:00-05:00,75.48500061035156,75.54000091552734,75.12999725341797,75.28500366210938,1258433.0
2024-11-06 14:30:00-05:00,75.30000305175781,75.62470245361328,75.28500366210938,75.48999786376953,1350346.0
2024-11-06 15:30:00-05:00,75.48999786376953,75.5999984741211,75.29000091552734,75.29000091552734,1984412.0
2024-11-06 16:00:00-05:00,75.32,75.48,75.26,75.32,0.0
2024-11-06 17:00:00-05:00,75.31,80.05,73.5615,75.33,0.0
2024-11-06 18:00:00-05:00,75.37,75.49,75.32,75.4899,0.0
2024-11-07 04:00:00-05:00,75.56,75.84,75.46,75.47,0.0
2024-11-07 05:00:00-05:00,75.49,75.7,75.47,75.7,0.0
2024-11-07 06:00:00-05:00,75.7,76.24,75.7,76.14,0.0
2024-11-07 07:00:00-05:00,76.15,76.46,75.76,75.85,0.0
2024-11-07 08:00:00-05:00,75.87,76.4988,75.32,76.17,0.0
2024-11-07 09:00:00-05:00,76.2,76.45,76.0,76.4,0.0
2024-11-07 09:30:00-05:00,75.69999694824219,76.23999786376953,75.20999908447266,76.16999816894531,2621554.0
2024-11-07 10:30:00-05:00,76.16999816894531,76.37000274658203,75.80000305175781,75.82499694824219,1227277.0
2024-11-07 11:30:00-05:00,75.83999633789062,76.3550033569336,75.74500274658203,76.27999877929688,1203444.0
2024-11-07 12:30:00-05:00,76.2750015258789,76.32499694824219,76.12999725341797,76.2300033569336,715021.0
2024-11-07 13:30:00-05:00,76.2300033569336,76.2300033569336,75.875,76.06500244140625,802881.0
2024-11-07 14:30:00-05:00,76.05999755859375,76.29000091552734,75.98500061035156,76.07499694824219,1381270.0
2024-11-07 15:30:00-05:00,76.07050323486328,76.08999633789062,75.83999633789062,75.91999816894531,1524770.0
2024-11-07 16:00:00-05:00,75.91,76.1,75.9,76.0,0.0
2024-11-07 17:00:00-05:00,76.05,80.3696,75.92,75.96,0.0
2024-11-07 18:00:00-05:00,76.05,76.08,75.92,76.05,0.0
2024-11-08 04:00:00-05:00,75.8,76.18,75.8,75.95,0.0
2024-11-08 05:00:00-05:00,75.99,76.0,75.8,75.88,0.0
2024-11-08 06:00:00-05:00,75.87,75.87,75.61,75.63,0.0
2024-11-08 07:00:00-05:00,75.61,75.78,75.57,75.71,0.0
2024-11-08 08:00:00-05:00,75.7,76.33,75.33,75.4,0.0
2024-11-08 09:00:00-05:00,75.48,76.065,75.36,75.5,0.0
2024-11-08 09:30:00-05:00,75.5,76.45999908447266,75.25,76.30999755859375,1863871.0
2024-11-08 10:30:00-05:00,76.31500244140625,76.55500030517578,76.16000366210938,76.2249984741211,954313.0
2024-11-08 11:30:00-05:00,76.23500061035156,76.27999877929688,76.0,76.05010223388672,974680.0
2024-11-08 12:30:00-05:00,76.05500030517578,76.12999725341797,75.82499694824219,75.95500183105469,656396.0
2024-11-08 13:30:00-05:00,75.95500183105469,76.0,75.80000305175781,75.83499908447266,610478.0
2024-11-08 14:30:00-05:00,75.83499908447266,76.04000091552734,75.80999755859375,75.99500274658203,803774.0
2024-11-08 15:30:00-05:00,75.99500274658203,76.0,75.81500244140625,75.88999938964844,1202824.0
2024-11-08 16:00:00-05:00,75.88,76.0,75.83,75.86,0.0
2024-11-08 17:00:00-05:00,75.86,75.92,74.6032,75.9,0.0
2024-11-08 18:00:00-05:00,75.9,75.92,75.85,75.92,0.0
2024-11-11 04:00:00-05:00,75.93,76.34,75.93,76.18,0.0
2024-11-11 05:00:00-05:00,76.18,76.19,76.1,76.13,0.0
2024-11-11 06:00:00-05:00,76.13,76.21,76.02,76.04,0.0
2024-11-11 07:00:00-05:00,76.08,76.21,76.04,76.1,0.0
2024-11-11 08:00:00-05:00,76.16,76.5988,75.8,76.06,0.0
2024-11-11 09:00:00-05:00,76.07,76.11,75.89,75.96,0.0
2024-11-11 09:30:00-05:00,76.1500015258789,77.4000015258789,76.0999984741211,76.70999908447266,2666003.0
2024-11-11 10:30:00-05:00,76.7249984741211,76.83000183105469,76.52999877929688,76.54399871826172,788402.0
2024-11-11 11:30:00-05:00,76.55000305175781,76.75,76.48999786376953,76.69000244140625,930465.0
2024-11-11 12:30:00-05:00,76.68000030517578,76.76000213623047,76.51000213623047,76.56999969482422,482312.0
2024-11-11 13:30:00-05:00,76.56999969482422,76.5999984741211,76.33000183105469,76.33399963378906,535017.0
2024-11-11 14:30:00-05:00,76.33000183105469,76.5,76.30999755859375,76.41999816894531,500754.0
2024-11-11 15:30:00-05:00,76.41999816894531,76.5999984741211,76.3499984741211,76.58999633789062,947887.0
2024-11-11 16:00:00-05:00,76.6,76.75,76.3,76.65,0.0
2024-11-11 17:00:00-05:00,76.68,81.5398,76.6,76.71,0.0
2024-11-11 18:00:00-05:00,76.71,76.74,76.61,76.71,0.0
2024-11-12 04:00:00-05:00,76.6,76.68,76.19,76.41,0.0
2024-11-12 05:00:00-05:00,76.41,76.52,76.3,76.35,0.0
2024-11-12 06:00:00-05:00,76.35,76.63,76.01,76.26,0.0
2024-11-12 07:00:00-05:00,76.27,76.39,76.26,76.39,0.0
2024-11-12 08:00:00-05:00,76.39,77.3288,76.2,76.3,0.0
2024-11-12 09:00:00-05:00,76.3,76.48,76.0,76.18,0.0
2024-11-12 09:30:00-05:00,76.45999908447266,77.37000274658203,76.30000305175781,77.0,1671219.0
2024-11-12 10:30:00-05:00,77.00499725341797,77.0999984741211,76.30999755859375,76.30999755859375,993739.0
2024-11-12 11:30:00-05:00,76.31500244140625,76.5199966430664,76.13999938964844,76.50350189208984,827137.0
2024-11-12 12:30:00-05:00,76.51000213623047,76.56999969482422,76.23500061035156,76.29440307617188,1278555.0
2024-11-12 13:30:00-05:00,76.29499816894531,76.68920135498047,76.27999877929688,76.59500122070312,810784.0
2024-11-12 14:30:00-05:00,76.59010314941406,76.95999908447266,76.52999877929688,76.79499816894531,865111.0
2024-11-12 15:30:00-05:00,76.79000091552734,76.8499984741211,76.56500244140625,76.66000366210938,1031596.0
2024-11-12 16:00:00-05:00,76.66,76.8,76.5,76.75,0.0
2024-11-12 17:00:00-05:00,76.71,76.78,76.5,76.65,0.0
2024-11-12 18:00:00-05:00,76.75,76.75,76.5,76.66,0.0
2024-11-13 04:00:00-05:00,77.05,77.05,76.6,76.74,0.0
2024-11-13 05:00:00-05:00,76.75,76.77,76.64,76.76,0.0
2024-11-13 06:00:00-05:00,76.72,76.77,76.66,76.71,0.0
2024-11-13 07:00:00-05:00,76.71,76.76,76.57,76.63,0.0
2024-11-13 08:00:00-05:00,76.62,77.1,75.88,76.64,0.0
2024-11-13 09:00:00-05:00,76.72,77.1,76.64,76.8237,0.0
2024-11-13 09:30:00-05:00,76.91000366210938,77.22000122070312,76.68000030517578,76.77999877929688,1049864.0
2024-11-13 10:30:00-05:00,76.7699966430664,76.80999755859375,76.47000122070312,76.55000305175781,635331.0
2024-11-13 11:30:00-05:00,76.55000305175781,76.70999908447266,76.51789855957031,76.65869903564453,467687.0
2024-11-13 12:30:00-05:00,76.66000366210938,76.7750015258789,76.63500213623047,76.72000122070312,423992.0
2024-11-13 13:30:00-05:00,76.70500183105469,76.7300033569336,76.6050033569336,76.66500091552734,585746.0
2024-11-13 14:30:00-05:00,76.66000366210938,76.69779968261719,76.51000213623047,76.57499694824219,749625.0
2024-11-13 15:30:00-05:00,76.57499694824219,76.68000030517578,76.4800033569336,76.5199966430664,793863.0
2024-11-13 16:00:00-05:00,76.52,76.94,74.2496,76.68,0.0
2024-11-13 17:00:00-05:00,76.65,76.75,76.58,76.75,0.0
2024-11-13 18:00:00-05:00,76.75,76.75,76.34,76.6,0.0
2024-11-14 04:00:00-05:00,76.85,76.85,76.56,76.75,0.0
2024-11-14 05:00:00-05:00,76.6,76.74,76.4,76.5,0.0
2024-11-14 06:00:00-05:00,76.46,76.69,76.41,76.43,0.0
2024-11-14 07:00:00-05:00,76.47,76.64,76.41,76.61,0.0
2024-11-14 08:00:00-05:00,76.61,76.85,76.06,76.66,0.0
2024-11-14 09:00:00-05:00,76.55,76.69,76.4,76.59,0.0
2024-11-14 09:30:00-05:00,76.68000030517578,76.9800033569336,76.05999755859375,76.54499816894531,1213039.0
2024-11-14 10:30:00-05:00,76.55000305175781,76.81500244140625,76.3499984741211,76.75440216064453,698604.0
2024-11-14 11:30:00-05:00,76.75,76.91000366210938,76.36000061035156,76.46537017822266,695977.0
2024-11-14 12:30:00-05:00,76.47000122070312,76.5999984741211,76.33999633789062,76.3499984741211,582593.0
2024-11-14 13:30:00-05:00,76.36000061035156,76.38990020751953,76.08000183105469,76.19499969482422,582021.0
2024-11-14 14:30:00-05:00,76.19000244140625,76.28500366210938,75.81999969482422,75.99500274658203,831751.0
2024-11-14 15:30:00-05:00,75.99500274658203,76.0199966430664,75.66999816894531,75.67500305175781,1160327.0
2024-11-14 16:00:00-05:00,75.68,76.4,75.6,76.35,0.0
2024-11-14 17:00:00-05:00,76.36,76.6,72.9882,76.47,0.0
2024-11-14 18:00:00-05:00,76.45,76.48,76.25,76.3,0.0
2024-11-15 04:00:00-05:00,77.07,77.1,76.41,76.46,0.0
2024-11-15 05:00:00-05:00,76.46,76.66,76.3,76.55,0.0
2024-11-15 06:00:00-05:00,76.55,76.65,76.51,76.63,0.0
2024-11-15 07:00:00-05:00,76.63,76.79,76.4,76.62,0.0
2024-11-15 08:00:00-05:00,76.72,77.1,76.03,76.92,0.0
2024-11-15 09:00:00-05:00,76.91,76.97,76.5671,76.75,0.0
2024-11-15 09:30:00-05:00,76.0,76.81749725341797,75.61000061035156,76.70999908447266,2698931.0
2024-11-15 10:30:00-05:00,76.70999908447266,76.7249984741211,76.16000366210938,76.61000061035156,2217059.0
2024-11-15 11:30:00-05:00,76.61000061035156,76.76000213623047,76.49500274658203,76.61000061035156,894584.0
2024-11-15 12:30:00-05:00,76.61000061035156,77.41999816894531,76.5824966430664,77.41999816894531,1163525.0
2024-11-15 13:30:00-05:00,77.41000366210938,77.6500015258789,76.83219909667969,76.85590362548828,1917535.0
2024-11-15 14:30:00-05:00,76.8550033569336,77.37000274658203,76.69000244140625,77.03500366210938,1047489.0
2024-11-15 15:30:00-05:00,77.02999877929688,77.05999755859375,76.6050033569336,76.66999816894531,1609909.0
2024-11-15 16:00:00-05:00,76.66,81.6031,76.66,76.75,0.0
2024-11-15 17:00:00-05:00,76.75,77.02,76.68,76.8,0.0
2024-11-15 18:00:00-05:00,76.8,77.0,76.68,76.89,0.0
2024-11-18 04:00:00-05:00,77.77,77.77,76.66,76.73,0.0
2024-11-18 05:00:00-05:00,76.84,76.9,76.72,76.85,0.0
2024-11-18 06:00:00-05:00,76.85,76.87,76.66,76.7,0.0
2024-11-18 07:00:00-05:00,76.69,76.69,76.2,76.4,0.0
2024-11-18 08:00:00-05:00,76.4,77.5,76.08,76.37,0.0
2024-11-18 09:00:00-05:00,76.37,76.45,76.28,76.35,0.0
2024-11-18 09:30:00-05:00,76.16000366210938,76.19999694824219,74.375,74.75399780273438,3394050.0
2024-11-18 10:30:00-05:00,74.7300033569336,74.87000274658203,74.25,74.34500122070312,1584271.0
2024-11-18 11:30:00-05:00,74.34500122070312,74.70500183105469,74.34500122070312,74.56999969482422,1274995.0
2024-11-18 12:30:00-05:00,74.56500244140625,74.7699966430664,74.5,74.71009826660156,863074.0
2024-11-18 13:30:00-05:00,74.71499633789062,75.12000274658203,74.54239654541016,74.86000061035156,1163647.0
2024-11-18 14:30:00-05:00,74.86000061035156,74.86000061035156,74.66999816894531,74.84850311279297,920487.0
2024-11-18 15:30:00-05:00,74.84719848632812,74.93000030517578,74.63999938964844,74.87000274658203,1507610.0
2024-11-18 16:00:00-05:00,74.87,76.66,74.8,74.95,0.0
2024-11-18 17:00:00-05:00,74.95,75.0,74.91,75.0,0.0
2024-11-18 18:00:00-05:00,74.99,75.14,74.95,74.98,0.0
2024-11-19 04:00:00-05:00,75.36,75.4,74.73,74.73,0.0
2024-11-19 05:00:00-05:00,74.8,74.82,74.51,74.76,0.0
2024-11-19 06:00:00-05:00,74.75,74.76,74.62,74.7,0.0
2024-11-19 07:00:00-05:00,74.62,74.72,74.39,74.51,0.0
2024-11-19 08:00:00-05:00,74.51,75.59,74.34,74.45,0.0
2024-11-19 09:00:00-05:00,74.42,80.98,74.1,74.3,0.0
2024-11-19 09:30:00-05:00,74.5,74.7300033569336,73.5999984741211,74.08999633789062,2318461.0
2024-11-19 10:30:00-05:00,74.08300018310547,74.33999633789062,73.93000030517578,74.00499725341797,2283572.0
2024-11-19 11:30:00-05:00,74.0,74.27999877929688,73.90499877929688,74.08499908447266,955897.0
2024-11-19 12:30:00-05:00,74.08000183105469,74.16000366210938,73.91000366210938,73.9749984741211,667988.0
2024-11-19 13:30:00-05:00,73.97000122070312,74.36000061035156,73.86000061035156,74.05999755859375,997476.0
2024-11-19 14:30:00-05:00,74.06999969482422,74.08000183105469,73.86000061035156,73.8949966430664,908164.0
2024-11-19 15:30:00-05:00,73.88999938964844,74.0999984741211,73.79499816894531,73.91999816894531,1800801.0
2024-11-19 16:00:00-05:00,73.91,74.0,73.75,73.95,0.0
2024-11-19 17:00:00-05:00,73.94,73.95,73.9004,73.9496,0.0
2024-11-19 18:00:00-05:00,73.93,74.0,73.91,74.0,0.0
2024-11-20 04:00:00-05:00,74.21,74.61,74.03,74.17,0.0
2024-11-20 05:00:00-05:00,74.1,74.2,74.06,74.08,0.0
2024-11-20 06:00:00-05:00,74.08,74.18,74.0,74.09,0.0
2024-11-20 07:00:00-05:00,74.03,74.05,73.6,73.76,0.0
2024-11-20 08:00:00-05:00,73.73,74.9788,73.65,73.79,0.0
2024-11-20 09:00:00-05:00,73.8,74.53,73.7,73.74,0.0
2024-11-20 09:30:00-05:00,73.66000366210938,73.83999633789062,72.94000244140625,73.05999755859375,2167127.0
2024-11-20 10:30:00-05:00,73.05000305175781,73.19000244140625,72.87000274658203,72.87760162353516,1320980.0
2024-11-20 11:30:00-05:00,72.87249755859375,73.02069854736328,72.70999908447266,72.97989654541016,1095960.0
2024-11-20 12:30:00-05:00,72.95999908447266,73.00499725341797,72.80000305175781,72.87999725341797,942273.0
2024-11-20 13:30:00-05:00,72.87999725341797,72.95999908447266,72.75,72.94499969482422,758015.0
2024-11-20 14:30:00-05:00,72.94499969482422,72.95999908447266,72.80000305175781,72.92500305175781,1060171.0
2024-11-20 15:30:00-05:00,72.92500305175781,73.41999816894531,72.91999816894531,73.33499908447266,1608498.0
2024-11-20 16:00:00-05:00,73.33,73.7,72.915,73.39,0.0
2024-11-20 17:00:00-05:00,73.39,74.3815,73.2,73.38,0.0
2024-11-20 18:00:00-05:00,73.37,73.42,73.25,73.42,0.0
2024-11-21 04:00:00-05:00,73.9,73.9,72.7,73.21,0.0
2024-11-21 05:00:00-05:00,73.3,73.46,73.2,73.46,0.0
2024-11-21 06:00:00-05:00,73.42,73.47,73.27,73.27,0.0
2024-11-21 07:00:00-05:00,73.28,73.5,73.27,73.45,0.0
2024-11-21 08:00:00-05:00,73.45,73.9,73.2,73.45,0.0
2024-11-21 09:00:00-05:00,73.44,73.68,73.33,73.61,0.0
2024-11-21 09:30:00-05:00,73.36000061035156,73.94999694824219,73.19999694824219,73.55999755859375,2192122.0
2024-11-21 10:30:00-05:00,73.54000091552734,74.63999938964844,73.5199966430664,74.44499969482422,1649484.0
2024-11-21 11:30:00-05:00,74.44740295410156,74.83499908447266,74.26000213623047,74.80999755859375,1400934.0
2024-11-21 12:30:00-05:00,74.80999755859375,75.16000366210938,74.78500366210938,75.08000183105469,878888.0
2024-11-21 13:30:00-05:00,75.08499908447266,75.37999725341797,75.01000213623047,75.3499984741211,838379.0
2024-11-21 14:30:00-05:00,75.36000061035156,75.55999755859375,75.29000091552734,75.48400115966797,1774029.0
2024-11-21 15:30:00-05:00,75.4800033569336,75.5,75.08000183105469,75.09500122070312,2343315.0
2024-11-21 16:00:00-05:00,75.09,75.45,75.0,75.2,0.0
2024-11-21 17:00:00-05:00,75.2916,80.3696,75.09,75.1,0.0
2024-11-21 18:00:00-05:00,75.2,75.24,75.09,75.17,0.0
2024-11-22 04:00:00-05:00,75.5,75.72,75.2,75.2,0.0
2024-11-22 05:00:00-05:00,75.29,75.65,75.16,75.6,0.0
2024-11-22 06:00:00-05:00,75.55,75.7,75.35,75.59,0.0
2024-11-22 07:00:00-05:00,75.58,75.65,75.47,75.51,0.0
2024-11-22 08:00:00-05:00,75.53,76.27,75.2473,76.22,0.0
2024-11-22 09:00:00-05:00,76.2,76.4,73.825,76.05,0.0
2024-11-22 09:30:00-05:00,76.125,77.01000213623047,75.8499984741211,75.91000366210938,3888781.0
2024-11-22 10:30:00-05:00,75.91000366210938,77.0999984741211,75.83000183105469,76.95020294189453,1471650.0
2024-11-22 11:30:00-05:00,76.96420288085938,77.21790313720703,76.80000305175781,77.05000305175781,1017471.0
2024-11-22 12:30:00-05:00,77.05000305175781,77.42579650878906,76.96009826660156,77.27999877929688,897478.0
2024-11-22 13:30:00-05:00,77.27999877929688,77.47000122070312,76.95999908447266,76.96499633789062,1107203.0
2024-11-22 14:30:00-05:00,76.96499633789062,77.18000030517578,76.90499877929688,77.0199966430664,952200.0
2024-11-22 15:30:00-05:00,77.01499938964844,77.5,77.0,77.37999725341797,1487811.0
2024-11-22 16:00:00-05:00,77.38,77.59,76.9,77.46,0.0
2024-11-22 17:00:00-05:00,77.45,77.59,77.4,77.5,0.0
2024-11-22 18:00:00-05:00,77.44,77.59,77.4,77.52,0.0
2024-11-25 04:00:00-05:00,78.47,78.48,77.9,78.48,0.0
2024-11-25 05:00:00-05:00,78.48,78.6,78.4,78.51,0.0
2024-11-25 06:00:00-05:00,78.51,78.51,78.4,78.46,0.0
2024-11-25 07:00:00-05:00,78.46,78.5,78.23,78.28,0.0
2024-11-25 08:00:00-05:00,78.31,78.6,77.8,78.25,0.0
2024-11-25 09:00:00-05:00,78.25,78.26,77.4,78.25,0.0
2024-11-25 09:30:00-05:00,78.5,79.0,78.41000366210938,78.93499755859375,5485214.0
2024-11-25 10:30:00-05:00,78.93000030517578,79.85990142822266,78.92500305175781,79.27999877929688,1727950.0
2024-11-25 11:30:00-05:00,79.27999877929688,79.66000366210938,79.16000366210938,79.31999969482422,1101884.0
2024-11-25 12:30:00-05:00,79.32499694824219,79.48999786376953,78.93360137939453,79.42121887207031,890877.0
2024-11-25 13:30:00-05:00,79.42990112304688,79.63999938964844,79.19999694824219,79.21499633789062,680053.0
2024-11-25 14:30:00-05:00,79.21499633789062,79.45999908447266,79.13999938964844,79.28500366210938,741706.0
2024-11-25 15:30:00-05:00,79.28500366210938,79.33499908447266,79.12000274658203,79.27999877929688,1284239.0
2024-11-25 16:00:00-05:00,79.26,79.4,79.0,79.33,0.0
2024-11-25 17:00:00-05:00,79.33,79.34,79.27,79.32,0.0
2024-11-25 18:00:00-05:00,79.32,79.49,78.65,78.85,0.0
2024-11-26 04:00:00-05:00,78.38,79.0,78.38,78.72,0.0
2024-11-26 05:00:00-05:00,78.72,78.74,78.65,78.68,0.0
2024-11-26 06:00:00-05:00,78.69,78.71,78.31,78.38,0.0
2024-11-26 07:00:00-05:00,78.43,78.9,78.1,78.82,0.0
2024-11-26 08:00:00-05:00,78.82,79.1,78.1,79.1,0.0
2024-11-26 09:00:00-05:00,79.02,79.41,79.0,79.2813,0.0
2024-11-26 09:30:00-05:00,78.9000015258789,78.9000015258789,77.87000274658203,77.96499633789062,2065865.0
2024-11-26 10:30:00-05:00,77.95999908447266,78.56999969482422,77.89309692382812,78.33999633789062,889625.0
2024-11-26 11:30:00-05:00,78.33499908447266,78.44000244140625,78.12999725341797,78.16500091552734,754418.0
2024-11-26 12:30:00-05:00,78.16999816894531,78.2699966430664,78.02999877929688,78.12999725341797,606725.0
2024-11-26 13:30:00-05:00,78.12000274658203,78.18000030517578,77.7249984741211,77.80999755859375,815027.0
2024-11-26 14:30:00-05:00,77.80010223388672,77.88500213623047,77.6500015258789,77.69999694824219,980708.0
2024-11-26 15:30:00-05:00,77.69499969482422,77.79000091552734,77.572998046875,77.61000061035156,1239792.0
2024-11-26 16:00:00-05:00,77.61,77.88,77.59,77.66,0.0
2024-11-26 17:00:00-05:00,77.61,77.67,77.6,77.66,0.0
2024-11-26 18:00:00-05:00,77.67,77.74,77.52,77.67,0.0
2024-11-27 04:00:00-05:00,77.75,78.11,77.75,77.89,0.0
2024-11-27 05:00:00-05:00,77.89,77.89,77.67,77.77,0.0
2024-11-27 06:00:00-05:00,77.77,77.87,77.77,77.84,0.0
2024-11-27 07:00:00-05:00,77.83,77.96,77.79,77.81,0.0
2024-11-27 08:00:00-05:00,77.81,78.38,77.61,77.9,0.0
2024-11-27 09:00:00-05:00,77.85,78.02,77.85,78.02,0.0
2024-11-27 09:30:00-05:00,77.61000061035156,78.9800033569336,77.58999633789062,78.88999938964844,1456485.0
2024-11-27 10:30:00-05:00,78.8949966430664,79.04499816894531,78.56999969482422,78.6050033569336,1108037.0
2024-11-27 11:30:00-05:00,78.5999984741211,78.65519714355469,78.41000366210938,78.44000244140625,632503.0
2024-11-27 12:30:00-05:00,78.44499969482422,78.54000091552734,78.37000274658203,78.45610046386719,566862.0
2024-11-27 13:30:00-05:00,78.45999908447266,78.66999816894531,78.44000244140625,78.59500122070312,765175.0
2024-11-27 14:30:00-05:00,78.59030151367188,78.75,78.47000122070312,78.51000213623047,761883.0
2024-11-27 15:30:00-05:00,78.51000213623047,78.58999633789062,78.21499633789062,78.30999755859375,1491201.0
2024-11-27 16:00:00-05:00,78.31,78.6,76.63,78.44,0.0
2024-11-27 17:00:00-05:00,78.44,78.44,74.2496,78.43,0.0
2024-11-27 18:00:00-05:00,78.25,78.43,78.25,78.35,0.0
2024-11-29 04:00:00-05:00,78.49,78.95,78.31,78.56,0.0
2024-11-29 05:00:00-05:00,78.52,78.66,78.52,78.6,0.0
2024-11-29 06:00:00-05:00,78.65,78.68,78.6,78.65,0.0
2024-11-29 07:00:00-05:00,78.65,78.87,78.65,78.75,0.0
2024-11-29 08:00:00-05:00,78.72,79.1788,74.7999,78.78,0.0
2024-11-29 09:00:00-05:00,78.6667,78.79,78.38,78.6,0.0
2024-11-29 09:30:00-05:00,78.19999694824219,79.18000030517578,78.02999877929688,78.86000061035156,2548609.0
2024-11-29 10:30:00-05:00,78.83999633789062,79.18000030517578,78.81999969482422,79.0199966430664,969407.0
2024-11-29 11:30:00-05:00,79.0199966430664,79.06999969482422,78.87000274658203,79.00499725341797,968366.0
2024-11-29 13:00:00-05:00,79.00499725341797,79.1500015258789,78.7699966430664,78.88500213623047,0.0
2024-11-29 14:00:00-05:00,78.91,78.97,78.77,78.89,0.0
2024-11-29 15:00:00-05:00,78.89,78.97,78.8,78.93,0.0
2024-11-29 16:00:00-05:00,78.93,78.97,78.77,78.95,0.0
2024-12-02 04:00:00-05:00,78.85,79.0,78.38,78.41,0.0
2024-12-02 05:00:00-05:00,78.37,78.65,78.3,78.52,0.0
2024-12-02 06:00:00-05:00,78.57,78.65,78.38,78.56,0.0
2024-12-02 07:00:00-05:00,78.56,78.6,78.23,78.38,0.0
2024-12-02 08:00:00-05:00,78.37,79.27,78.2101,78.53,0.0
2024-12-02 09:00:00-05:00,78.53,78.61,78.35,78.37,0.0
2024-12-02 09:30:00-05:00,77.91500091552734,78.38999938964844,77.19999694824219,78.02999877929688,1935976.0
2024-12-02 10:30:00-05:00,78.0199966430664,78.80000305175781,77.97100067138672,78.3499984741211,1244115.0
2024-12-02 11:30:00-05:00,78.3550033569336,78.7699966430664,78.20999908447266,78.70999908447266,821965.0
2024-12-02 12:30:00-05:00,78.70439910888672,78.9761962890625,78.62000274658203,78.83999633789062,696951.0
2024-12-02 13:30:00-05:00,78.83499908447266,78.875,78.54499816894531,78.66000366210938,666250.0
2024-12-02 14:30:00-05:00,78.66000366210938,78.875,78.63999938964844,78.7750015258789,902655.0
2024-12-02 15:30:00-05:00,78.7699966430664,79.0999984741211,78.62999725341797,79.08999633789062,1815802.0
2024-12-02 16:00:00-05:00,79.09,79.25,78.9,79.17,0.0
2024-12-02 17:00:00-05:00,79.18,79.21,79.08,79.14,0.0
2024-12-02 18:00:00-05:00,79.14,79.21,79.0,79.15,0.0
2024-12-03 04:00:00-05:00,79.09,79.1,79.0,79.08,0.0
2024-12-03 05:00:00-05:00,79.04,79.08,78.98,79.0,0.0
2024-12-03 06:00:00-05:00,79.0,79.06,78.99,79.03,0.0
2024-12-03 07:00:00-05:00,79.05,79.11,79.0,79.1,0.0
2024-12-03 08:00:00-05:00,79.09,79.2,78.895,79.1017,0.0
2024-12-03 09:00:00-05:00,79.1,79.3,79.09,79.11,0.0
2024-12-03 09:30:00-05:00,79.0,79.08999633789062,77.61009979248047,78.40499877929688,1983721.0
2024-12-03 10:30:00-05:00,78.40499877929688,78.97480010986328,78.33480072021484,78.88500213623047,872382.0
2024-12-03 11:30:00-05:00,78.88999938964844,79.4000015258789,78.69999694824219,79.2249984741211,861915.0
2024-12-03 12:30:00-05:00,79.22989654541016,79.25,78.87999725341797,78.91000366210938,998864.0
2024-12-03 13:30:00-05:00,78.91500091552734,78.9999008178711,78.69999694824219,78.9666976928711,701165.0
2024-12-03 14:30:00-05:00,78.96499633789062,79.05999755859375,78.9000015258789,78.9000015258789,980983.0
2024-12-03 15:30:00-05:00,78.90499877929688,79.05999755859375,78.80000305175781,78.86000061035156,1192665.0
2024-12-03 16:00:00-05:00,78.86,79.05,73.8832,78.75,0.0
2024-12-03 17:00:00-05:00,78.7504,78.85,78.75,78.85,0.0
2024-12-03 18:00:00-05:00,78.78,78.85,78.75,78.85,0.0
2024-12-04 04:00:00-05:00,78.99,79.12,78.98,78.98,0.0
2024-12-04 05:00:00-05:00,78.98,79.0,78.95,78.98,0.0
2024-12-04 06:00:00-05:00,78.95,79.0,78.95,78.96,0.0
2024-12-04 07:00:00-05:00,79.0,79.0,77.25,77.69,0.0
2024-12-04 08:00:00-05:00,77.6,79.24,77.0,77.03,0.0
2024-12-04 09:00:00-05:00,77.04,77.77,77.0,77.4,0.0
2024-12-04 09:30:00-05:00,77.6449966430664,78.0,77.0999984741211,77.9197998046875,4838890.0
2024-12-04 10:30:00-05:00,77.91000366210938,78.29000091552734,77.66000366210938,78.22000122070312,1122300.0
2024-12-04 11:30:00-05:00,78.21820068359375,78.30000305175781,77.97000122070312,78.04209899902344,890365.0
2024-12-04 12:30:00-05:00,78.04499816894531,78.05000305175781,77.77999877929688,77.87000274658203,990172.0
2024-12-04 13:30:00-05:00,77.87000274658203,78.05770111083984,77.7699966430664,78.05500030517578,744180.0
2024-12-04 14:30:00-05:00,78.05500030517578,78.25,78.00379943847656,78.12999725341797,693770.0
2024-12-04 15:30:00-05:00,78.13480377197266,78.51000213623047,78.04499816894531,78.37999725341797,1127915.0
2024-12-04 16:00:00-05:00,78.38,78.53,78.28,78.33,0.0
2024-12-04 17:00:00-05:00,78.32,78.37,73.5615,78.37,0.0
2024-12-04 18:00:00-05:00,78.35,78.35,78.2,78.223,0.0
2024-12-05 04:00:00-05:00,78.2,78.3,78.08,78.15,0.0
2024-12-05 05:00:00-05:00,78.14,78.35,78.13,78.31,0.0
2024-12-05 06:00:00-05:00,78.32,78.34,78.29,78.31,0.0
2024-12-05 07:00:00-05:00,78.31,78.37,78.22,78.3,0.0
2024-12-05 08:00:00-05:00,78.24,78.42,77.97,78.3,0.0
2024-12-05 09:00:00-05:00,78.3,78.37,78.0,78.37,0.0
2024-12-05 09:30:00-05:00,78.26000213623047,78.86499786376953,78.0999984741211,78.77999877929688,1712435.0
2024-12-05 10:30:00-05:00,78.79000091552734,78.9000015258789,78.5,78.7699966430664,780574.0
2024-12-05 11:30:00-05:00,78.7699966430664,78.86000061035156,78.5199966430664,78.5250015258789,691136.0
2024-12-05 12:30:00-05:00,78.52999877929688,78.76000213623047,78.45999908447266,78.58570098876953,493205.0
2024-12-05 13:30:00-05:00,78.58499908447266,78.72000122070312,78.45500183105469,78.4749984741211,689976.0
2024-12-05 14:30:00-05:00,78.4749984741211,78.7300033569336,78.46499633789062,78.62000274658203,1121423.0
2024-12-05 15:30:00-05:00,78.62000274658203,78.73999786376953,78.54499816894531,78.56999969482422,1209996.0
2024-12-05 16:00:00-05:00,78.58,78.92,78.45,78.69,0.0
2024-12-05 17:00:00-05:00,78.71,80.3696,78.58,78.95,0.0
2024-12-05 18:00:00-05:00,78.93,78.94,78.66,78.7,0.0
2024-12-06 04:00:00-05:00,79.02,79.09,78.93,78.98,0.0
2024-12-06 05:00:00-05:00,78.98,79.05,78.96,79.0,0.0
2024-12-06 06:00:00-05:00,79.0,79.15,79.0,79.05,0.0
2024-12-06 07:00:00-05:00,79.06,79.11,78.98,79.09,0.0
2024-12-06 08:00:00-05:00,79.1,79.2,78.9165,79.05,0.0
2024-12-06 09:00:00-05:00,79.06,79.58,79.04,79.28,0.0
2024-12-06 09:30:00-05:00,79.22000122070312,80.8949966430664,79.01000213623047,80.83499908447266,2836232.0
2024-12-06 10:30:00-05:00,80.81999969482422,81.18000030517578,80.5302963256836,80.96499633789062,1752547.0
2024-12-06 11:30:00-05:00,80.95999908447266,80.95999908447266,79.77999877929688,79.81999969482422,1610177.0
2024-12-06 12:30:00-05:00,79.83000183105469,80.1500015258789,79.69010162353516,79.92500305175781,753130.0
2024-12-06 13:30:00-05:00,79.92500305175781,80.1500015258789,79.58000183105469,79.63999938964844,963266.0
2024-12-06 14:30:00-05:00,79.62090301513672,79.73999786376953,79.25,79.30500030517578,1087828.0
2024-12-06 15:30:00-05:00,79.30000305175781,79.31999969482422,78.83999633789062,78.86000061035156,1989107.0
2024-12-06 16:00:00-05:00,78.86,79.466,78.73,79.14,0.0
2024-12-06 17:00:00-05:00,79.0,79.14,74.6032,79.02,0.0
2024-12-06 18:00:00-05:00,79.02,79.09,78.8,79.0,0.0
2024-12-09 04:00:00-05:00,78.48,79.67,78.48,79.41,0.0
2024-12-09 05:00:00-05:00,79.4,79.43,79.3,79.34,0.0
2024-12-09 06:00:00-05:00,79.34,79.43,79.11,79.4,0.0
2024-12-09 07:00:00-05:00,79.4,79.56,79.38,79.51,0.0
2024-12-09 08:00:00-05:00,79.51,80.0598,78.96,79.9821,0.0
2024-12-09 09:00:00-05:00,79.98,80.0,79.8,79.86,0.0
2024-12-09 09:30:00-05:00,79.44000244140625,79.44999694824219,78.30999755859375,78.68009948730469,2130508.0
2024-12-09 10:30:00-05:00,78.68000030517578,79.33499908447266,78.30000305175781,78.45320129394531,2127048.0
2024-12-09 11:30:00-05:00,78.45999908447266,78.97000122070312,78.30999755859375,78.33999633789062,984571.0
2024-12-09 12:30:00-05:00,78.36009979248047,78.37000274658203,77.95999908447266,78.15499877929688,1094355.0
2024-12-09 13:30:00-05:00,78.15499877929688,78.26000213623047,78.0250015258789,78.1050033569336,914449.0
2024-12-09 14:30:00-05:00,78.11000061035156,78.11219787597656,77.70999908447266,77.7699966430664,1240728.0
2024-12-09 15:30:00-05:00,77.7699966430664,77.88999938964844,77.5199966430664,77.6500015258789,1991094.0
2024-12-09 16:00:00-05:00,77.66,81.5398,77.5,77.7,0.0
2024-12-09 17:00:00-05:00,77.7,77.73,77.51,77.7,0.0
2024-12-09 18:00:00-05:00,77.72,77.73,77.51,77.61,0.0
2024-12-10 04:00:00-05:00,77.6,77.97,77.5,77.57,0.0
2024-12-10 05:00:00-05:00,77.51,77.66,77.5,77.64,0.0
2024-12-10 06:00:00-05:00,77.64,77.86,77.6,77.86,0.0
2024-12-10 07:00:00-05:00,77.86,77.88,77.56,77.65,0.0
2024-12-10 08:00:00-05:00,77.64,77.99,77.5,77.58,0.0
2024-12-10 09:00:00-05:00,77.71,77.72,77.52,77.54,0.0
2024-12-10 09:30:00-05:00,77.5,77.91999816894531,77.20999908447266,77.5,1564347.0
2024-12-10 10:30:00-05:00,77.5,78.02999877929688,77.375,78.01000213623047,1286946.0
2024-12-10 11:30:00-05:00,78.0,78.07949829101562,77.45999908447266,77.48999786376953,970241.0
2024-12-10 12:30:00-05:00,77.49500274658203,77.62229919433594,77.16999816894531,77.33000183105469,989819.0
2024-12-10 13:30:00-05:00,77.33740234375,77.3499984741211,76.9800033569336,77.26699829101562,1185156.0
2024-12-10 14:30:00-05:00,77.26499938964844,77.29000091552734,76.99500274658203,77.00499725341797,1425131.0
2024-12-10 15:30:00-05:00,77.0,77.01000213623047,76.62000274658203,76.76499938964844,2237133.0
2024-12-10 16:00:00-05:00,76.74,79.16,76.7,76.77,0.0
2024-12-10 17:00:00-05:00,76.75,76.86,76.74,76.83,0.0
2024-12-10 18:00:00-05:00,76.86,76.99,76.77,76.97,0.0
2024-12-11 04:00:00-05:00,77.04,77.04,76.48,76.68,0.0
2024-12-11 05:00:00-05:00,76.68,76.69,76.62,76.68,0.0
2024-12-11 06:00:00-05:00,76.66,76.82,76.66,76.73,0.0
2024-12-11 07:00:00-05:00,76.7,76.8,76.62,76.65,0.0
2024-12-11 08:00:00-05:00,76.66,77.1,76.61,76.9,0.0
2024-12-11 09:00:00-05:00,76.85,77.24,76.84,76.91,0.0
2024-12-11 09:30:00-05:00,76.79000091552734,77.91000366210938,76.30999755859375,77.78500366210938,1912177.0
2024-12-11 10:30:00-05:00,77.80000305175781,78.6500015258789,77.73500061035156,78.52970123291016,1369115.0
2024-12-11 11:30:00-05:00,78.51270294189453,78.9800033569336,78.44999694824219,78.58000183105469,1186198.0
2024-12-11 12:30:00-05:00,78.58499908447266,78.86000061035156,78.5,78.66500091552734,830278.0
2024-12-11 13:30:00-05:00,78.66500091552734,78.68000030517578,78.1332015991211,78.33999633789062,827279.0
2024-12-11 14:30:00-05:00,78.33999633789062,78.625,78.27999877929688,78.61000061035156,938262.0
2024-12-11 15:30:00-05:00,78.61000061035156,78.9800033569336,78.58499908447266,78.83000183105469,1842264.0
2024-12-11 16:00:00-05:00,78.85,79.1349,78.61,78.75,0.0
2024-12-11 17:00:00-05:00,78.75,84.2963,74.2496,78.73,0.0
2024-12-11 18:00:00-05:00,78.77,78.85,78.73,78.83,0.0
2024-12-12 04:00:00-05:00,78.98,78.98,78.72,78.88,0.0
2024-12-12 05:00:00-05:00,78.76,79.01,78.75,79.01,0.0
2024-12-12 06:00:00-05:00,78.92,78.95,78.78,78.88,0.0
2024-12-12 07:00:00-05:00,78.84,78.84,78.71,78.75,0.0
2024-12-12 08:00:00-05:00,78.77,79.22,78.3912,78.9,0.0
2024-12-12 09:00:00-05:00,78.94,78.94,78.69,78.86,0.0
2024-12-12 09:30:00-05:00,78.70999908447266,79.37000274658203,78.55000305175781,78.91000366210938,1305328.0
2024-12-12 10:30:00-05:00,78.91999816894531,78.95999908447266,78.50499725341797,78.75,746911.0
2024-12-12 11:30:00-05:00,78.75499725341797,78.81739807128906,78.4800033569336,78.625,628770.0
2024-12-12 12:30:00-05:00,78.62000274658203,78.6500015258789,78.4000015258789,78.52999877929688,559842.0
2024-12-12 13:30:00-05:00,78.52999877929688,78.52999877929688,78.13999938964844,78.1500015258789,594618.0
2024-12-12 14:30:00-05:00,78.15499877929688,78.31999969482422,78.06999969482422,78.08999633789062,804980.0
2024-12-12 15:30:00-05:00,78.08999633789062,78.09500122070312,77.8550033569336,77.9800033569336,1293454.0
2024-12-12 16:00:00-05:00,77.96,78.33,77.91,77.97,0.0
2024-12-12 17:00:00-05:00,78.0,78.52,72.9882,78.12,0.0
2024-12-12 18:00:00-05:00,78.1,78.19,77.93,78.01,0.0
2024-12-13 04:00:00-05:00,78.26,78.47,78.05,78.18,0.0
2024-12-13 05:00:00-05:00,78.18,78.48,78.09,78.27,0.0
2024-12-13 06:00:00-05:00,78.27,78.28,78.17,78.21,0.0
2024-12-13 07:00:00-05:00,78.2,78.24,77.45,77.74,0.0
2024-12-13 08:00:00-05:00,77.76,79.3488,77.45,78.18,0.0
2024-12-13 09:00:00-05:00,77.88,78.18,77.65,77.88,0.0
2024-12-13 09:30:00-05:00,77.3499984741211,77.83000183105469,77.02459716796875,77.24500274658203,1642953.0
2024-12-13 10:30:00-05:00,77.24500274658203,77.5,77.11280059814453,77.36000061035156,1111645.0
2024-12-13 11:30:00-05:00,77.37000274658203,77.56079864501953,76.98500061035156,77.08999633789062,836930.0
2024-12-13 12:30:00-05:00,77.08000183105469,77.095703125,76.80000305175781,76.81999969482422,595499.0
2024-12-13 13:30:00-05:00,76.81600189208984,77.04499816894531,76.76499938964844,77.00499725341797,629149.0
2024-12-13 14:30:00-05:00,77.01000213623047,77.44000244140625,76.95500183105469,77.17500305175781,875492.0
2024-12-13 15:30:00-05:00,77.17500305175781,77.47000122070312,77.13500213623047,77.25,1205716.0
2024-12-13 16:00:00-05:00,77.25,77.35,77.0,77.09,0.0
2024-12-13 17:00:00-05:00,77.09,77.42,77.0,77.16,0.0
2024-12-13 18:00:00-05:00,77.25,77.25,77.15,77.18,0.0
2024-12-16 04:00:00-05:00,77.68,77.74,77.22,77.32,0.0
2024-12-16 05:00:00-05:00,77.3,77.46,77.3,77.44,0.0
2024-12-16 06:00:00-05:00,77.44,77.45,77.3,77.35,0.0
2024-12-16 07:00:00-05:00,77.32,77.35,77.02,77.2,0.0
2024-12-16 08:00:00-05:00,77.2,77.79,77.0,77.25,0.0
2024-12-16 09:00:00-05:00,77.25,77.27,77.0,77.0516,0.0
2024-12-16 09:30:00-05:00,76.76000213623047,79.0199966430664,76.66000366210938,78.75,2446505.0
2024-12-16 10:30:00-05:00,78.75,78.8499984741211,77.87999725341797,77.93009948730469,1393406.0
2024-12-16 11:30:00-05:00,77.94999694824219,78.13999938964844,77.7300033569336,77.75,1080460.0
2024-12-16 12:30:00-05:00,77.7499008178711,78.19999694824219,77.65499877929688,77.69000244140625,989899.0
2024-12-16 13:30:00-05:00,77.70999908447266,77.7477035522461,77.2249984741211,77.26499938964844,897577.0
2024-12-16 14:30:00-05:00,77.26499938964844,77.6050033569336,77.23999786376953,77.41500091552734,894949.0
2024-12-16 15:30:00-05:00,77.41950225830078,77.59500122070312,77.08999633789062,77.20999908447266,1323102.0
2024-12-16 16:00:00-05:00,77.2,77.95,77.1,77.17,0.0
2024-12-16 17:00:00-05:00,77.12,77.3,77.12,77.2899,0.0
2024-12-16 18:00:00-05:00,77.28,77.3,77.12,77.2,0.0
2024-12-17 04:00:00-05:00,77.2,77.38,77.07,77.31,0.0
2024-12-17 05:00:00-05:00,77.22,77.34,77.21,77.23,0.0
2024-12-17 06:00:00-05:00,77.21,77.35,77.21,77.32,0.0
2024-12-17 07:00:00-05:00,77.31,77.47,77.21,77.27,0.0
2024-12-17 08:00:00-05:00,77.26,77.67,76.94,77.2,0.0
2024-12-17 09:00:00-05:00,77.41,77.43,77.18,77.26,0.0
2024-12-17 09:30:00-05:00,77.36000061035156,78.53589630126953,77.25,78.14250183105469,2439561.0
2024-12-17 10:30:00-05:00,78.12999725341797,78.54000091552734,77.94999694824219,78.44000244140625,1465872.0
2024-12-17 11:30:00-05:00,78.44000244140625,78.7699966430664,78.41000366210938,78.48500061035156,1064464.0
2024-12-17 12:30:00-05:00,78.48500061035156,78.5634994506836,78.30000305175781,78.52999877929688,767704.0
2024-12-17 13:30:00-05:00,78.52999877929688,78.56999969482422,78.2249984741211,78.31500244140625,1054306.0
2024-12-17 14:30:00-05:00,78.30999755859375,78.30999755859375,77.8499984741211,77.88999938964844,939341.0
2024-12-17 15:30:00-05:00,77.9000015258789,78.01000213623047,77.79000091552734,77.97000122070312,1303062.0
2024-12-17 16:00:00-05:00,78.0,78.56,73.8832,78.11,0.0
2024-12-17 17:00:00-05:00,78.11,78.56,78.0,78.1982,0.0
2024-12-17 18:00:00-05:00,78.2,78.2,77.95,78.1,0.0
2024-12-18 04:00:00-05:00,78.28,78.28,78.11,78.12,0.0
2024-12-18 05:00:00-05:00,78.11,78.17,78.11,78.15,0.0
2024-12-18 06:00:00-05:00,78.17,78.27,78.14,78.24,0.0
2024-12-18 07:00:00-05:00,78.25,78.25,78.12,78.14,0.0
2024-12-18 08:00:00-05:00,78.12,78.5,76.825,78.21,0.0
2024-12-18 09:00:00-05:00,78.24,78.32,78.0,78.0,0.0
2024-12-18 09:30:00-05:00,77.9800033569336,78.55000305175781,77.3499984741211,78.32499694824219,2248775.0
2024-12-18 10:30:00-05:00,78.33000183105469,78.87999725341797,78.25,78.87999725341797,1335998.0
2024-12-18 11:30:00-05:00,78.87999725341797,79.0,78.67070007324219,78.8499984741211,929290.0
2024-12-18 12:30:00-05:00,78.8499984741211,78.97000122070312,78.69999694824219,78.9000015258789,792339.0
2024-12-18 13:30:00-05:00,78.8949966430664,78.93190002441406,78.16999816894531,78.19999694824219,1730288.0
2024-12-18 14:30:00-05:00,78.22000122070312,78.41000366210938,77.5999984741211,77.75,1809605.0
2024-12-18 15:30:00-05:00,77.77999877929688,77.88999938964844,76.83999633789062,76.87999725341797,1993368.0
2024-12-18 16:00:00-05:00,76.95,78.18,76.66,77.0,0.0
2024-12-18 17:00:00-05:00,77.02,81.781,76.9,77.04,0.0
2024-12-18 18:00:00-05:00,77.03,77.17,76.95,77.04,0.0
2024-12-19 04:00:00-05:00,77.3,77.43,77.18,77.21,0.0
2024-12-19 05:00:00-05:00,77.19,77.24,77.09,77.21,0.0
2024-12-19 06:00:00-05:00,77.21,77.29,77.2,77.25,0.0
2024-12-19 07:00:00-05:00,77.2,77.37,77.03,77.32,0.0
2024-12-19 08:00:00-05:00,77.32,77.95,77.0,77.8,0.0
2024-12-19 09:00:00-05:00,77.9,77.9,77.51,77.51,0.0
2024-12-19 09:30:00-05:00,76.94000244140625,77.94000244140625,76.69999694824219,77.0,2565501.0
2024-12-19 10:30:00-05:00,77.0,77.24500274658203,76.43000030517578,77.0199966430664,2107093.0
2024-12-19 11:30:00-05:00,77.01000213623047,77.1500015258789,76.76000213623047,76.77999877929688,1730611.0
2024-12-19 12:30:00-05:00,76.79499816894531,77.04000091552734,76.7300033569336,76.80999755859375,1354324.0
2024-12-19 13:30:00-05:00,76.80000305175781,77.07499694824219,76.75,76.94000244140625,1478456.0
2024-12-19 14:30:00-05:00,76.93009948730469,77.27999877929688,76.80000305175781,77.11000061035156,1933488.0
2024-12-19 15:30:00-05:00,77.12000274658203,77.36000061035156,76.91999816894531,77.0999984741211,2896490.0
2024-12-19 16:00:00-05:00,77.1,86.24,76.0,82.15,0.0
2024-12-19 17:00:00-05:00,81.93,83.46,73.53,77.6,0.0
2024-12-19 18:00:00-05:00,77.69,78.25,77.0,77.61,0.0
2024-12-20 04:00:00-05:00,76.8,76.8,74.0,74.5,0.0
2024-12-20 05:00:00-05:00,74.46,74.85,73.5,74.67,0.0
2024-12-20 06:00:00-05:00,74.7,74.8,73.78,73.84,0.0
2024-12-20 07:00:00-05:00,74.02,74.27,71.21,71.45,0.0
2024-12-20 08:00:00-05:00,71.48,76.95,71.0,71.85,0.0
2024-12-20 09:00:00-05:00,71.86,73.88,71.78,73.54,0.0
2024-12-20 09:30:00-05:00,75.95999908447266,78.0,74.85870361328125,76.44499969482422,15399643.0
2024-12-20 10:30:00-05:00,76.43000030517578,76.79000091552734,75.70999908447266,76.45999908447266,2952471.0
2024-12-20 11:30:00-05:00,76.45999908447266,77.30000305175781,76.18000030517578,77.19000244140625,3096644.0
2024-12-20 12:30:00-05:00,77.17019653320312,77.3499984741211,76.38999938964844,76.5625,2207680.0
2024-12-20 13:30:00-05:00,76.56999969482422,76.69999694824219,76.12999725341797,76.62999725341797,2114883.0
2024-12-20 14:30:00-05:00,76.62000274658203,77.11499786376953,76.43350219726562,76.61000061035156,2714133.0
2024-12-20 15:30:00-05:00,76.62000274658203,77.22000122070312,76.16000366210938,76.96499633789062,4895167.0
2024-12-20 16:00:00-05:00,76.94,77.1,76.33,76.65,0.0
2024-12-20 17:00:00-05:00,76.65,76.94,74.3815,76.59,0.0
2024-12-20 18:00:00-05:00,76.58,76.8,76.53,76.8,0.0
2024-12-23 04:00:00-05:00,77.1,77.1,76.55,76.59,0.0
2024-12-23 05:00:00-05:00,76.57,76.62,76.39,76.56,0.0
2024-12-23 06:00:00-05:00,76.57,76.6,76.37,76.39,0.0
2024-12-23 07:00:00-05:00,76.42,76.71,76.29,76.33,0.0
2024-12-23 08:00:00-05:00,76.34,77.2,76.21,76.3,0.0
2024-12-23 09:00:00-05:00,76.32,76.94,76.29,76.37,0.0
2024-12-23 09:30:00-05:00,76.32499694824219,78.40570068359375,76.30000305175781,76.87000274658203,3637459.0
2024-12-23 10:30:00-05:00,76.87000274658203,77.0,76.48999786376953,76.48999786376953,1325072.0
2024-12-23 11:30:00-05:00,76.4800033569336,76.55000305175781,76.01000213623047,76.04000091552734,1273127.0
2024-12-23 12:30:00-05:00,76.05000305175781,76.23999786376953,75.73999786376953,76.05500030517578,1430749.0
2024-12-23 13:30:00-05:00,76.05000305175781,76.16999816894531,75.87999725341797,75.90499877929688,1235079.0
2024-12-23 14:30:00-05:00,75.91000366210938,76.45999908447266,75.77999877929688,76.38999938964844,1703396.0
2024-12-23 15:30:00-05:00,76.38999938964844,76.86000061035156,76.33149719238281,76.75,1656737.0
2024-12-23 16:00:00-05:00,76.76,76.9,76.64,76.66,0.0
2024-12-23 17:00:00-05:00,76.68,76.75,76.5,76.67,0.0
2024-12-23 18:00:00-05:00,76.62,76.76,76.6,76.75,0.0
2024-12-24 04:00:00-05:00,77.0,77.0,76.5,76.65,0.0
2024-12-24 05:00:00-05:00,76.64,76.74,76.54,76.64,0.0
2024-12-24 06:00:00-05:00,76.71,76.79,76.65,76.72,0.0
2024-12-24 07:00:00-05:00,76.72,76.74,76.64,76.7,0.0
2024-12-24 08:00:00-05:00,76.7,76.8,76.5,76.74,0.0
2024-12-24 09:00:00-05:00,76.71,76.88,76.6712,76.8,0.0
2024-12-24 09:30:00-05:00,76.75,77.10990142822266,76.36000061035156,76.5136947631836,1326074.0
2024-12-24 10:30:00-05:00,76.52149963378906,76.88500213623047,76.4800033569336,76.7177963256836,1033123.0
2024-12-24 11:30:00-05:00,76.71179962158203,76.79000091552734,76.5,76.62999725341797,894351.0
2024-12-24 13:00:00-05:00,76.62999725341797,76.79000091552734,76.38500213623047,76.69999694824219,0.0
2024-12-24 14:00:00-05:00,76.6981,76.79,76.6,76.65,0.0
2024-12-24 15:00:00-05:00,76.6,76.7,76.6,76.64,0.0
2024-12-24 16:00:00-05:00,76.6,76.79,76.5,76.63,0.0
2024-12-26 04:00:00-05:00,76.59,76.97,76.4,76.42,0.0
2024-12-26 05:00:00-05:00,76.54,76.6,76.43,76.44,0.0
2024-12-26 06:00:00-05:00,76.44,76.49,76.4,76.45,0.0
2024-12-26 07:00:00-05:00,76.5,76.59,76.47,76.59,0.0
2024-12-26 08:00:00-05:00,76.58,77.16,76.1277,76.575,0.0
2024-12-26 09:00:00-05:00,76.58,76.63,76.5,76.5,0.0
2024-12-26 09:30:00-05:00,76.5999984741211,77.45999908447266,76.54000091552734,76.72000122070312,1315164.0
2024-12-26 10:30:00-05:00,76.72000122070312,77.00250244140625,76.62999725341797,76.77999877929688,670223.0
2024-12-26 11:30:00-05:00,76.77999877929688,76.97000122070312,76.73999786376953,76.8499984741211,596835.0
2024-12-26 12:30:00-05:00,76.87000274658203,77.16999816894531,76.84200286865234,77.16000366210938,554139.0
2024-12-26 13:30:00-05:00,77.16000366210938,77.16999816894531,76.9800033569336,77.11000061035156,550215.0
2024-12-26 14:30:00-05:00,77.1050033569336,77.1500015258789,77.02999877929688,77.12000274658203,518983.0
2024-12-26 15:30:00-05:00,77.11499786376953,77.13999938964844,76.87000274658203,76.93000030517578,1036102.0
2024-12-26 16:00:00-05:00,76.94,77.03,76.9,76.9,0.0
2024-12-26 17:00:00-05:00,76.91,76.98,71.7715,76.94,0.0
2024-12-26 18:00:00-05:00,76.94,77.04,76.88,76.98,0.0
2024-12-27 04:00:00-05:00,76.82,76.82,76.62,76.68,0.0
2024-12-27 05:00:00-05:00,76.65,76.68,76.59,76.65,0.0
2024-12-27 06:00:00-05:00,76.65,76.82,76.65,76.82,0.0
2024-12-27 07:00:00-05:00,76.8,76.9,76.78,76.85,0.0
2024-12-27 08:00:00-05:00,76.8,76.94,76.57,76.72,0.0
2024-12-27 09:00:00-05:00,76.72,76.76,76.59,76.64,0.0
2024-12-27 09:30:00-05:00,76.5199966430664,76.93000030517578,76.22010040283203,76.33999633789062,1002402.0
2024-12-27 10:30:00-05:00,76.33999633789062,76.56999969482422,76.2699966430664,76.4800033569336,662319.0
2024-12-27 11:30:00-05:00,76.47000122070312,76.48999786376953,75.86499786376953,75.90859985351562,745772.0
2024-12-27 12:30:00-05:00,75.9000015258789,76.13999938964844,75.80000305175781,76.11000061035156,694900.0
2024-12-27 13:30:00-05:00,76.0999984741211,76.41000366210938,76.07019805908203,76.37220001220703,531482.0
2024-12-27 14:30:00-05:00,76.375,76.44999694824219,76.19499969482422,76.2699966430664,605348.0
2024-12-27 15:30:00-05:00,76.26000213623047,76.6500015258789,76.23500061035156,76.41999816894531,983709.0
2024-12-27 16:00:00-05:00,76.42,76.45,76.21,76.3799,0.0
2024-12-27 17:00:00-05:00,76.38,76.45,73.0752,76.37,0.0
2024-12-27 18:00:00-05:00,76.38,76.42,76.3,76.42,0.0
2024-12-30 04:00:00-05:00,76.42,76.59,76.1,76.11,0.0
2024-12-30 05:00:00-05:00,76.11,76.22,76.11,76.2,0.0
2024-12-30 06:00:00-05:00,76.2,76.21,76.13,76.13,0.0
2024-12-30 07:00:00-05:00,76.15,76.2,76.11,76.19,0.0
2024-12-30 08:00:00-05:00,76.19,76.59,75.8,75.87,0.0
2024-12-30 09:00:00-05:00,75.87,75.87,75.6,75.71,0.0
2024-12-30 09:30:00-05:00,75.5999984741211,75.7699966430664,74.58999633789062,74.68000030517578,1864390.0
2024-12-30 10:30:00-05:00,74.69000244140625,74.91000366210938,74.55000305175781,74.80999755859375,1122832.0
2024-12-30 11:30:00-05:00,74.80000305175781,75.1500015258789,74.79000091552734,75.0780029296875,1054493.0
2024-12-30 12:30:00-05:00,75.06999969482422,75.30500030517578,75.0,75.08999633789062,684827.0
2024-12-30 13:30:00-05:00,75.08000183105469,75.3499984741211,75.02999877929688,75.19999694824219,880173.0
2024-12-30 14:30:00-05:00,75.20989990234375,75.25,75.06999969482422,75.06999969482422,891713.0
2024-12-30 15:30:00-05:00,75.07499694824219,75.08999633789062,74.68000030517578,74.68000030517578,1303385.0
2024-12-30 16:00:00-05:00,74.71,78.85,74.58,74.76,0.0
2024-12-30 17:00:00-05:00,74.8,74.84,74.65,74.76,0.0
2024-12-30 18:00:00-05:00,74.73,74.84,74.6,74.7608,0.0
2024-12-31 04:00:00-05:00,74.59,74.76,74.5,74.74,0.0
2024-12-31 05:00:00-05:00,74.69,74.87,74.66,74.79,0.0
2024-12-31 06:00:00-05:00,74.79,74.83,74.72,74.79,0.0
2024-12-31 07:00:00-05:00,74.79,74.79,74.68,74.78,0.0
2024-12-31 08:00:00-05:00,74.77,74.88,74.17,74.83,0.0
2024-12-31 09:00:00-05:00,74.81,74.89,74.74,74.89,0.0
2024-12-31 09:30:00-05:00,74.9000015258789,75.9800033569336,74.77999877929688,75.87000274658203,1628497.0
2024-12-31 10:30:00-05:00,75.87000274658203,76.38500213623047,75.63999938964844,75.68000030517578,1068958.0
2024-12-31 11:30:00-05:00,75.68499755859375,75.7249984741211,75.44499969482422,75.5,870802.0
2024-12-31 12:30:00-05:00,75.5,75.81999969482422,75.45999908447266,75.61000061035156,762482.0
2024-12-31 13:30:00-05:00,75.5999984741211,75.91500091552734,75.47000122070312,75.52999877929688,628893.0
2024-12-31 14:30:00-05:00,75.5250015258789,75.80999755859375,75.4685287475586,75.79499816894531,805215.0
2024-12-31 15:30:00-05:00,75.80500030517578,75.88999938964844,75.6050033569336,75.69000244140625,1263246.0
2024-12-31 16:00:00-05:00,75.67,75.74,73.8832,75.68,0.0
2024-12-31 17:00:00-05:00,75.68,75.74,75.4,75.65,0.0
2024-12-31 18:00:00-05:00,75.64,75.65,75.4,75.6498,0.0
2025-01-02 04:00:00-05:00,76.45,76.45,75.65,76.1,0.0
2025-01-02 05:00:00-05:00,76.05,76.16,75.79,76.0,0.0
2025-01-02 06:00:00-05:00,75.97,76.2,75.96,76.13,0.0
2025-01-02 07:00:00-05:00,76.12,76.33,76.05,76.23,0.0
2025-01-02 08:00:00-05:00,76.24,77.1298,75.67,76.2,0.0
2025-01-02 09:00:00-05:00,76.02,76.2,76.01,76.13,0.0
2025-01-02 09:30:00-05:00,76.25,76.69000244140625,74.94999694824219,75.08999633789062,1770865.0
2025-01-02 10:30:00-05:00,75.06500244140625,75.25,74.19999694824219,74.38999938964844,1244293.0
2025-01-02 11:30:00-05:00,74.4000015258789,74.5198974609375,73.91999816894531,73.94999694824219,1301492.0
2025-01-02 12:30:00-05:00,73.94999694824219,73.94999694824219,73.51000213623047,73.58999633789062,1134396.0
2025-01-02 13:30:00-05:00,73.58999633789062,73.58999633789062,73.23999786376953,73.55999755859375,1154436.0
2025-01-02 14:30:00-05:00,73.55000305175781,73.7699966430664,73.29000091552734,73.74500274658203,1292474.0
2025-01-02 15:30:00-05:00,73.75,73.83000183105469,73.58999633789062,73.66999816894531,1563289.0
2025-01-02 16:00:00-05:00,73.67,74.182,73.55,73.73,0.0
2025-01-02 17:00:00-05:00,73.74,73.77,73.5615,73.7581,0.0
2025-01-02 18:00:00-05:00,73.74,73.77,73.68,73.73,0.0
2025-01-03 04:00:00-05:00,74.29,74.38,74.01,74.14,0.0
2025-01-03 05:00:00-05:00,74.15,74.15,74.03,74.09,0.0
2025-01-03 06:00:00-05:00,74.09,74.09,73.93,73.99,0.0
2025-01-03 07:00:00-05:00,73.99,74.03,73.89,73.93,0.0
2025-01-03 08:00:00-05:00,73.96,74.54,73.8,73.98,0.0
2025-01-03 09:00:00-05:00,73.94,74.2,73.863,74.05,0.0
2025-01-03 09:30:00-05:00,73.91999816894531,74.19000244140625,73.12999725341797,73.56999969482422,2004310.0
2025-01-03 10:30:00-05:00,73.56999969482422,73.58999633789062,73.01000213623047,73.1676025390625,1244436.0
2025-01-03 11:30:00-05:00,73.1500015258789,73.41999816894531,73.12000274658203,73.2699966430664,906474.0
2025-01-03 12:30:00-05:00,73.2699966430664,73.30999755859375,73.12999725341797,73.27999877929688,731540.0
2025-01-03 13:30:00-05:00,73.2750015258789,73.51000213623047,73.2300033569336,73.4749984741211,876755.0
2025-01-03 14:30:00-05:00,73.4749984741211,73.6449966430664,73.37000274658203,73.63999938964844,976597.0
2025-01-03 15:30:00-05:00,73.6449966430664,73.6500015258789,73.27999877929688,73.31999969482422,1462203.0
2025-01-03 16:00:00-05:00,73.33,73.56,73.3,73.42,0.0
2025-01-03 17:00:00-05:00,73.4016,74.6032,68.4177,73.45,0.0
2025-01-03 18:00:00-05:00,73.4499,73.56,73.41,73.55,0.0
2025-01-06 04:00:00-05:00,73.79,74.0,73.6,73.7,0.0
2025-01-06 05:00:00-05:00,73.74,73.77,73.63,73.7,0.0
2025-01-06 06:00:00-05:00,73.7,73.91,73.64,73.87,0.0
2025-01-06 07:00:00-05:00,73.86,74.28,73.84,74.15,0.0
2025-01-06 08:00:00-05:00,74.16,74.4,73.61,74.34,0.0
2025-01-06 09:00:00-05:00,74.35,74.68,74.22,74.33,0.0
2025-01-06 09:30:00-05:00,73.75,74.31999969482422,72.70999908447266,72.94999694824219,3320950.0
2025-01-06 10:30:00-05:00,72.94000244140625,73.0,72.61000061035156,72.9000015258789,1954305.0
2025-01-06 11:30:00-05:00,72.91000366210938,73.0199966430664,72.77999877929688,72.77999877929688,1183217.0
2025-01-06 12:30:00-05:00,72.78309631347656,72.80000305175781,72.51000213623047,72.5479965209961,1438141.0
2025-01-06 13:30:00-05:00,72.54000091552734,72.61239624023438,72.30010223388672,72.51000213623047,1366976.0
2025-01-06 14:30:00-05:00,72.51499938964844,72.56999969482422,72.16000366210938,72.2699966430664,1366949.0
2025-01-06 15:30:00-05:00,72.26000213623047,72.30000305175781,71.97000122070312,72.01000213623047,2361374.0
2025-01-06 16:00:00-05:00,72.04,73.75,72.0,72.25,0.0
2025-01-06 17:00:00-05:00,72.2,72.36,72.16,72.27,0.0
2025-01-06 18:00:00-05:00,72.28,72.35,72.26,72.3,0.0
2025-01-07 04:00:00-05:00,72.64,72.64,72.32,72.46,0.0
2025-01-07 05:00:00-05:00,72.46,72.48,72.36,72.4,0.0
2025-01-07 06:00:00-05:00,72.44,72.45,72.36,72.4,0.0
2025-01-07 07:00:00-05:00,72.4,72.42,72.28,72.37,0.0
2025-01-07 08:00:00-05:00,72.37,72.6188,72.25,72.26,0.0
2025-01-07 09:00:00-05:00,72.26,72.46,72.26,72.39,0.0
2025-01-07 09:30:00-05:00,72.4000015258789,73.33000183105469,72.25,73.23999786376953,2652274.0
2025-01-07 10:30:00-05:00,73.23500061035156,73.44000244140625,72.36000061035156,72.48179626464844,1546188.0
2025-01-07 11:30:00-05:00,72.47000122070312,72.51000213623047,72.08000183105469,72.22000122070312,1140753.0
2025-01-07 12:30:00-05:00,72.20999908447266,72.29149627685547,72.0199966430664,72.1500015258789,856412.0
2025-01-07 13:30:00-05:00,72.1449966430664,72.37000274658203,72.01499938964844,72.3499984741211,817801.0
2025-01-07 14:30:00-05:00,72.33999633789062,72.47000122070312,72.08999633789062,72.11750030517578,851818.0
2025-01-07 15:30:00-05:00,72.12999725341797,72.20500183105469,71.9800033569336,72.11000061035156,1301071.0
2025-01-07 16:00:00-05:00,72.11,72.27,72.05,72.22,0.0
2025-01-07 17:00:00-05:00,72.18,72.22,72.11,72.22,0.0
2025-01-07 18:00:00-05:00,72.22,72.22,72.12,72.12,0.0
2025-01-08 04:00:00-05:00,72.32,72.43,72.1,72.32,0.0
2025-01-08 05:00:00-05:00,72.31,72.44,72.3,72.37,0.0
2025-01-08 06:00:00-05:00,72.45,72.46,72.3,72.36,0.0
2025-01-08 07:00:00-05:00,72.3,72.34,71.79,71.91,0.0
2025-01-08 08:00:00-05:00,71.91,72.4798,71.6,72.0,0.0
2025-01-08 09:00:00-05:00,72.01,72.09,71.84,71.95,0.0
2025-01-08 09:30:00-05:00,71.52989959716797,71.81999969482422,71.2500991821289,71.4000015258789,2207322.0
2025-01-08 10:30:00-05:00,71.40299987792969,71.73989868164062,71.33999633789062,71.37000274658203,2105294.0
2025-01-08 11:30:00-05:00,71.37000274658203,71.43000030517578,71.16500091552734,71.18000030517578,1411639.0
2025-01-08 12:30:00-05:00,71.18499755859375,71.2699966430664,71.01000213623047,71.2300033569336,1466624.0
2025-01-08 13:30:00-05:00,71.23500061035156,71.375,71.08000183105469,71.36129760742188,1086089.0
2025-01-08 14:30:00-05:00,71.36000061035156,71.3637924194336,71.19000244140625,71.29499816894531,854720.0
2025-01-08 15:30:00-05:00,71.29000091552734,71.3550033569336,71.12999725341797,71.25499725341797,1277989.0
2025-01-08 16:00:00-05:00,71.29,72.54,71.26,71.3101,0.0
2025-01-08 17:00:00-05:00,71.31,74.2496,66.2751,71.3394,0.0
2025-01-08 18:00:00-05:00,71.34,71.34,71.26,71.29,0.0
2025-01-10 04:00:00-05:00,71.5,71.5,71.2,71.26,0.0
2025-01-10 05:00:00-05:00,71.28,72.8,71.25,72.66,0.0
2025-01-10 06:00:00-05:00,72.64,72.76,72.37,72.37,0.0
2025-01-10 07:00:00-05:00,72.39,72.39,71.94,72.09,0.0
2025-01-10 08:00:00-05:00,72.06,72.7,71.1,71.97,0.0
2025-01-10 09:00:00-05:00,71.9,72.39,71.46,71.95,0.0
2025-01-10 09:30:00-05:00,71.8499984741211,72.37000274658203,71.38079833984375,71.5199966430664,3635955.0
2025-01-10 10:30:00-05:00,71.51000213623047,71.94999694824219,71.44999694824219,71.87000274658203,1937238.0
2025-01-10 11:30:00-05:00,71.86499786376953,72.38999938964844,71.67500305175781,72.1614990234375,1612150.0
2025-01-10 12:30:00-05:00,72.16000366210938,72.3499984741211,71.93000030517578,72.25499725341797,1455795.0
2025-01-10 13:30:00-05:00,72.25499725341797,72.31999969482422,71.81999969482422,71.94000244140625,1270736.0
2025-01-10 14:30:00-05:00,71.94000244140625,71.94000244140625,71.33499908447266,71.39659881591797,1449277.0
2025-01-10 15:30:00-05:00,71.38999938964844,71.44499969482422,71.08999633789062,71.19999694824219,1954061.0
2025-01-10 16:00:00-05:00,71.2,71.37,71.08,71.34,0.0
2025-01-10 17:00:00-05:00,71.31,76.27,71.25,71.36,0.0
2025-01-10 18:00:00-05:00,71.35,71.37,67.7183,71.36,0.0
2025-01-13 04:00:00-05:00,71.5,71.62,70.87,70.94,0.0
2025-01-13 05:00:00-05:00,70.97,71.17,70.9,71.11,0.0
2025-01-13 06:00:00-05:00,71.12,71.18,71.0,71.12,0.0
2025-01-13 07:00:00-05:00,71.11,71.23,71.03,71.15,0.0
2025-01-13 08:00:00-05:00,71.15,71.6288,70.9,71.19,0.0
2025-01-13 09:00:00-05:00,71.18,71.25,71.01,71.11,0.0
2025-01-13 09:30:00-05:00,71.16999816894531,72.01000213623047,70.77999877929688,71.88999938964844,2589397.0
2025-01-13 10:30:00-05:00,71.9000015258789,72.5999984741211,71.6500015258789,72.33999633789062,2087256.0
2025-01-13 11:30:00-05:00,72.3301010131836,72.41000366210938,72.06999969482422,72.125,1125326.0
2025-01-13 12:30:00-05:00,72.125,72.14739990234375,71.90010070800781,71.9749984741211,892461.0
2025-01-13 13:30:00-05:00,71.9749984741211,72.26000213623047,71.91000366210938,72.22000122070312,1084223.0
2025-01-13 14:30:00-05:00,72.21499633789062,72.57559967041016,72.18499755859375,72.33499908447266,2185713.0
2025-01-13 15:30:00-05:00,72.33999633789062,72.375,72.05000305175781,72.08000183105469,1579010.0
2025-01-13 16:00:00-05:00,72.07,72.46,72.0,72.28,0.0
2025-01-13 17:00:00-05:00,72.26,72.39,72.1,72.39,0.0
2025-01-13 18:00:00-05:00,72.39,72.45,72.3,72.4496,0.0
2025-01-14 04:00:00-05:00,72.34,72.73,72.34,72.63,0.0
2025-01-14 05:00:00-05:00,72.72,72.74,72.57,72.63,0.0
2025-01-14 06:00:00-05:00,72.57,72.64,72.5,72.5,0.0
2025-01-14 07:00:00-05:00,72.5,72.54,71.97,72.21,0.0
2025-01-14 08:00:00-05:00,72.2,72.7788,71.9999,72.21,0.0
2025-01-14 09:00:00-05:00,72.23,72.56,71.896,72.08,0.0
2025-01-14 09:30:00-05:00,72.06999969482422,72.21009826660156,71.20999908447266,71.44999694824219,1924008.0
2025-01-14 10:30:00-05:00,71.43000030517578,71.54000091552734,70.81999969482422,70.96730041503906,1586768.0
2025-01-14 11:30:00-05:00,70.94999694824219,71.0199966430664,70.62000274658203,70.72000122070312,1383966.0
2025-01-14 12:30:00-05:00,70.72000122070312,70.99159240722656,70.70999908447266,70.98719787597656,1023162.0
2025-01-14 13:30:00-05:00,70.9813003540039,71.0,70.80000305175781,70.84239959716797,802085.0
2025-01-14 14:30:00-05:00,70.83999633789062,70.95999908447266,70.55999755859375,70.70999908447266,1322165.0
2025-01-14 15:30:00-05:00,70.69999694824219,71.22000122070312,70.52999877929688,71.19000244140625,2002554.0
2025-01-14 16:00:00-05:00,71.17,73.8832,71.01,71.1687,0.0
2025-01-14 17:00:00-05:00,71.12,71.25,71.11,71.24,0.0
2025-01-14 18:00:00-05:00,71.25,71.25,71.11,71.25,0.0
2025-01-15 04:00:00-05:00,71.52,71.57,71.34,71.35,0.0
2025-01-15 05:00:00-05:00,71.35,71.44,71.28,71.33,0.0
2025-01-15 06:00:00-05:00,71.35,71.42,71.35,71.39,0.0
2025-01-15 07:00:00-05:00,71.39,71.46,71.35,71.4,0.0
2025-01-15 08:00:00-05:00,71.4,71.57,71.17,71.4196,0.0
2025-01-15 09:00:00-05:00,71.4,72.2,71.4,72.0,0.0
2025-01-15 09:30:00-05:00,71.9800033569336,72.25,71.4000015258789,71.43000030517578,2638535.0
2025-01-15 10:30:00-05:00,71.44000244140625,71.58000183105469,71.16999816894531,71.23999786376953,1114324.0
2025-01-15 11:30:00-05:00,71.23999786376953,71.23999786376953,70.83999633789062,71.11000061035156,997524.0
2025-01-15 12:30:00-05:00,71.11000061035156,71.27999877929688,71.01000213623047,71.1500015258789,769830.0
2025-01-15 13:30:00-05:00,71.16000366210938,71.29989624023438,71.12999725341797,71.2300033569336,608508.0
2025-01-15 14:30:00-05:00,71.2300033569336,71.30999755859375,71.09500122070312,71.11000061035156,795379.0
2025-01-15 15:30:00-05:00,71.11000061035156,71.1500015258789,70.9800033569336,71.06999969482422,1373668.0
2025-01-15 16:00:00-05:00,71.07,71.26,71.07,71.17,0.0
2025-01-15 17:00:00-05:00,71.16,71.4,68.5402,71.2,0.0
2025-01-15 18:00:00-05:00,71.1983,71.21,71.14,71.14,0.0
2025-01-16 04:00:00-05:00,71.29,71.47,71.28,71.33,0.0
2025-01-16 05:00:00-05:00,71.33,71.34,71.2,71.21,0.0
2025-01-16 06:00:00-05:00,71.24,71.48,71.22,71.4,0.0
2025-01-16 07:00:00-05:00,71.4,71.4,71.02,71.18,0.0
2025-01-16 08:00:00-05:00,71.18,71.5088,70.98,71.11,0.0
2025-01-16 09:00:00-05:00,71.11,72.03,70.96,71.1,0.0
2025-01-16 09:30:00-05:00,70.9000015258789,71.05999755859375,70.31500244140625,70.53600311279297,2304214.0
2025-01-16 10:30:00-05:00,70.52999877929688,70.76000213623047,70.44000244140625,70.61000061035156,1298073.0
2025-01-16 11:30:00-05:00,70.5999984741211,70.8499984741211,70.46499633789062,70.7699966430664,1147023.0
2025-01-16 12:30:00-05:00,70.77359771728516,70.94999694824219,70.66500091552734,70.84500122070312,764847.0
2025-01-16 13:30:00-05:00,70.83999633789062,71.0199966430664,70.79000091552734,70.98500061035156,1040081.0
2025-01-16 14:30:00-05:00,70.98500061035156,71.05999755859375,70.72000122070312,70.76499938964844,1102840.0
2025-01-16 15:30:00-05:00,70.7699966430664,71.2300033569336,70.7699966430664,71.08999633789062,1615158.0
2025-01-16 16:00:00-05:00,71.11,71.2,70.8,71.15,0.0
2025-01-16 17:00:00-05:00,71.06,71.15,71.0,71.05,0.0
2025-01-16 18:00:00-05:00,71.06,71.11,71.0,71.1,0.0
2025-01-17 04:00:00-05:00,71.25,71.35,71.21,71.32,0.0
2025-01-17 05:00:00-05:00,71.34,71.38,71.28,71.28,0.0
2025-01-17 06:00:00-05:00,71.28,71.31,70.0,71.24,0.0
2025-01-17 07:00:00-05:00,71.24,71.29,71.16,71.23,0.0
2025-01-17 08:00:00-05:00,71.22,71.5088,71.1,71.2208,0.0
2025-01-17 09:00:00-05:00,71.4,71.74,71.2207,71.58,0.0
2025-01-17 09:30:00-05:00,71.43000030517578,71.5199966430664,71.01020050048828,71.20999908447266,2484798.0
2025-01-17 10:30:00-05:00,71.20999908447266,71.36000061035156,71.12999725341797,71.23500061035156,1055251.0
2025-01-17 11:30:00-05:00,71.25,71.30999755859375,71.08000183105469,71.2300033569336,785305.0
2025-01-17 12:30:00-05:00,71.2300033569336,71.2750015258789,71.05999755859375,71.072998046875,613056.0
2025-01-17 13:30:00-05:00,71.05999755859375,71.33000183105469,71.05000305175781,71.20500183105469,864070.0
2025-01-17 14:30:00-05:00,71.20500183105469,71.23999786376953,71.06999969482422,71.16950225830078,682750.0
2025-01-17 15:30:00-05:00,71.16000366210938,71.18990325927734,70.83999633789062,70.83999633789062,1395664.0
2025-01-17 16:00:00-05:00,71.0,71.395,70.84,71.0,0.0
2025-01-17 17:00:00-05:00,70.99,71.1,68.4177,71.09,0.0
2025-01-17 18:00:00-05:00,71.08,71.18,70.99,71.1,0.0
2025-01-21 04:00:00-05:00,71.1,71.48,71.08,71.17,0.0
2025-01-21 05:00:00-05:00,71.19,71.2,71.12,71.16,0.0
2025-01-21 06:00:00-05:00,71.16,71.17,71.12,71.16,0.0
2025-01-21 07:00:00-05:00,71.14,71.17,71.06,71.15,0.0
2025-01-21 08:00:00-05:00,71.15,71.6588,71.03,71.2,0.0
2025-01-21 09:00:00-05:00,71.29,71.34,70.84,71.2,0.0
2025-01-21 09:30:00-05:00,71.30000305175781,72.23999786376953,71.13999938964844,72.04000091552734,2548155.0
2025-01-21 10:30:00-05:00,72.02999877929688,72.31999969482422,71.94999694824219,72.30999755859375,1321458.0
2025-01-21 11:30:00-05:00,72.31790161132812,73.0,72.30000305175781,72.63999938964844,1988008.0
2025-01-21 12:30:00-05:00,72.63999938964844,72.83999633789062,72.59010314941406,72.67379760742188,840457.0
2025-01-21 13:30:00-05:00,72.66999816894531,72.80000305175781,72.58999633789062,72.6050033569336,767838.0
2025-01-21 14:30:00-05:00,72.5999984741211,73.08000183105469,72.56999969482422,73.06999969482422,1986110.0
2025-01-21 15:30:00-05:00,73.06999969482422,73.2699966430664,72.83000183105469,73.18000030517578,1412215.0
2025-01-21 16:00:00-05:00,73.17,73.27,73.1,73.22,0.0
2025-01-21 17:00:00-05:00,73.2,74.3815,73.1,73.2585,0.0
2025-01-21 18:00:00-05:00,73.2,73.26,73.15,73.23,0.0
2025-01-22 04:00:00-05:00,73.25,73.55,73.25,73.38,0.0
2025-01-22 05:00:00-05:00,73.39,73.49,73.36,73.4,0.0
2025-01-22 06:00:00-05:00,73.41,73.45,73.32,73.4,0.0
2025-01-22 07:00:00-05:00,73.39,73.46,73.32,73.32,0.0
2025-01-22 08:00:00-05:00,73.32,73.52,73.21,73.42,0.0
2025-01-22 09:00:00-05:00,73.426,73.49,73.33,73.34,0.0
2025-01-22 09:30:00-05:00,73.375,74.23999786376953,73.01000213623047,74.15499877929688,2221499.0
2025-01-22 10:30:00-05:00,74.16000366210938,74.43000030517578,73.95999908447266,74.37200164794922,2003523.0
2025-01-22 11:30:00-05:00,74.37999725341797,74.69999694824219,74.37000274658203,74.5999984741211,1252438.0
2025-01-22 12:30:00-05:00,74.58999633789062,74.61000061035156,73.87930297851562,74.05000305175781,1117118.0
2025-01-22 13:30:00-05:00,74.05999755859375,74.16000366210938,73.73999786376953,73.82499694824219,1153097.0
2025-01-22 14:30:00-05:00,73.81999969482422,73.87000274658203,73.62000274658203,73.71499633789062,1161591.0
2025-01-22 15:30:00-05:00,73.71499633789062,74.11000061035156,73.69999694824219,74.00499725341797,2148540.0
2025-01-22 16:00:00-05:00,74.04,74.3,73.64,74.02,0.0
2025-01-22 17:00:00-05:00,74.0202,77.0729,74.0,74.0,0.0
2025-01-22 18:00:00-05:00,74.01,74.1,71.706,74.05,0.0
2025-01-23 04:00:00-05:00,74.05,74.1,73.51,74.0,0.0
2025-01-23 05:00:00-05:00,74.03,74.03,73.73,73.89,0.0
2025-01-23 06:00:00-05:00,73.88,73.9,73.76,73.83,0.0
2025-01-23 07:00:00-05:00,73.82,73.89,73.79,73.85,0.0
2025-01-23 08:00:00-05:00,73.85,74.24,73.6,74.0,0.0
2025-01-23 09:00:00-05:00,74.1,74.1,73.7,73.7,0.0
2025-01-23 09:30:00-05:00,73.33999633789062,73.5,72.37000274658203,72.80000305175781,2046355.0
2025-01-23 10:30:00-05:00,72.80000305175781,73.29000091552734,72.66000366210938,73.19499969482422,1054813.0
2025-01-23 11:30:00-05:00,73.19999694824219,73.59980010986328,73.05010223388672,73.54000091552734,970484.0
2025-01-23 12:30:00-05:00,73.55000305175781,73.98999786376953,73.54000091552734,73.9800033569336,759571.0
2025-01-23 13:30:00-05:00,73.9800033569336,74.12000274658203,73.7301025390625,73.77999877929688,959376.0
2025-01-23 14:30:00-05:00,73.78500366210938,74.13999938964844,73.78399658203125,74.11000061035156,1133869.0
2025-01-23 15:30:00-05:00,74.1050033569336,74.5,74.09500122070312,74.29000091552734,2135285.0
2025-01-23 16:00:00-05:00,74.29,74.5,73.91,74.2001,0.0
2025-01-23 17:00:00-05:00,74.27,74.2707,74.2,74.2707,0.0
2025-01-23 18:00:00-05:00,74.27,74.3684,74.2,74.35,0.0
2025-01-24 04:00:00-05:00,74.25,74.64,74.25,74.53,0.0
2025-01-24 05:00:00-05:00,74.5,74.56,74.39,74.45,0.0
2025-01-24 06:00:00-05:00,74.45,74.48,74.44,74.47,0.0
2025-01-24 07:00:00-05:00,74.45,74.5,74.45,74.48,0.0
2025-01-24 08:00:00-05:00,74.48,74.64,74.0,74.56,0.0
2025-01-24 09:00:00-05:00,74.55,74.62,74.4,74.49,0.0
2025-01-24 09:30:00-05:00,74.06999969482422,74.25,73.4000015258789,73.94499969482422,1851914.0
2025-01-24 10:30:00-05:00,73.95500183105469,74.19000244140625,73.7699966430664,73.83999633789062,957190.0
2025-01-24 11:30:00-05:00,73.83999633789062,73.9000015258789,73.58000183105469,73.80999755859375,757707.0
2025-01-24 12:30:00-05:00,73.80580139160156,74.0,73.70999908447266,73.79000091552734,562009.0
2025-01-24 13:30:00-05:00,73.79440307617188,73.82499694824219,73.41000366210938,73.43499755859375,698406.0
2025-01-24 14:30:00-05:00,73.43499755859375,73.47899627685547,73.30999755859375,73.34500122070312,840089.0
2025-01-24 15:30:00-05:00,73.3499984741211,73.68000030517578,73.25,73.56999969482422,1351239.0
2025-01-24 16:00:00-05:00,73.56,74.165,73.26,73.58,0.0
2025-01-24 17:00:00-05:00,73.51,73.58,73.0752,73.58,0.0
2025-01-24 18:00:00-05:00,73.58,73.75,73.53,73.57,0.0
2025-01-27 04:00:00-05:00,72.7,73.22,72.7,72.95,0.0
2025-01-27 05:00:00-05:00,72.99,73.0,72.71,72.79,0.0
2025-01-27 06:00:00-05:00,72.71,73.1,72.71,72.98,0.0
2025-01-27 07:00:00-05:00,73.0,73.12,72.81,73.03,0.0
2025-01-27 08:00:00-05:00,73.04,73.44,72.58,73.22,0.0
2025-01-27 09:00:00-05:00,73.145,73.45,73.0,73.31,0.0
2025-01-27 09:30:00-05:00,73.44000244140625,75.30000305175781,73.41999816894531,75.13999938964844,2374632.0
2025-01-27 10:30:00-05:00,75.1500015258789,75.56999969482422,75.0250015258789,75.2300033569336,1861289.0
2025-01-27 11:30:00-05:00,75.2300033569336,75.73999786376953,75.22000122070312,75.56999969482422,1431782.0
2025-01-27 12:30:00-05:00,75.56500244140625,75.8499984741211,75.27999877929688,75.48999786376953,1138962.0
2025-01-27 13:30:00-05:00,75.48500061035156,75.62999725341797,75.34010314941406,75.48999786376953,970060.0
2025-01-27 14:30:00-05:00,75.48500061035156,75.6322021484375,75.37999725341797,75.56300354003906,801950.0
2025-01-27 15:30:00-05:00,75.56999969482422,75.7699966430664,75.52999877929688,75.58999633789062,1629309.0
2025-01-27 16:00:00-05:00,75.58,75.75,75.5,75.52,0.0
2025-01-27 17:00:00-05:00,75.52,75.57,71.7715,75.5,0.0
2025-01-27 18:00:00-05:00,75.51,75.57,75.0,75.52,0.0
2025-01-28 04:00:00-05:00,75.35,75.48,75.16,75.32,0.0
2025-01-28 05:00:00-05:00,75.31,75.4,75.31,75.35,0.0
2025-01-28 06:00:00-05:00,75.34,75.41,75.21,75.25,0.0
2025-01-28 07:00:00-05:00,75.25,75.54,75.18,75.31,0.0
2025-01-28 08:00:00-05:00,75.31,75.57,75.0312,75.51,0.0
2025-01-28 09:00:00-05:00,75.39,75.48,74.0784,75.11,0.0
2025-01-28 09:30:00-05:00,75.32499694824219,75.5,74.9000015258789,75.0199966430664,1261128.0
2025-01-28 10:30:00-05:00,75.02999877929688,75.5999984741211,74.94999694824219,75.08499908447266,1582063.0
2025-01-28 11:30:00-05:00,75.0895004272461,75.11000061035156,74.16000366210938,74.45999908447266,969794.0
2025-01-28 12:30:00-05:00,74.4583969116211,74.72000122070312,74.41999816894531,74.61000061035156,603091.0
2025-01-28 13:30:00-05:00,74.61000061035156,74.80000305175781,74.4000015258789,74.42160034179688,672940.0
2025-01-28 14:30:00-05:00,74.41999816894531,74.66580200195312,74.3550033569336,74.51499938964844,718561.0
2025-01-28 15:30:00-05:00,74.51000213623047,74.597900390625,74.34500122070312,74.37000274658203,1020199.0
2025-01-28 16:00:00-05:00,74.39,75.17,73.45,74.33,0.0
2025-01-28 17:00:00-05:00,74.35,74.39,74.25,74.33,0.0
2025-01-28 18:00:00-05:00,74.32,74.33,74.14,74.2767,0.0
2025-01-29 04:00:00-05:00,74.26,74.46,74.1,74.26,0.0
2025-01-29 05:00:00-05:00,74.28,74.4,74.18,74.4,0.0
2025-01-29 06:00:00-05:00,74.4,74.57,74.33,74.55,0.0
2025-01-29 07:00:00-05:00,74.55,74.59,74.39,74.47,0.0
2025-01-29 08:00:00-05:00,74.47,74.61,74.0412,74.363,0.0
2025-01-29 09:00:00-05:00,74.3719,74.43,72.0219,74.37,0.0
2025-01-29 09:30:00-05:00,74.44999694824219,75.0999984741211,74.31999969482422,74.88999938964844,1213518.0
2025-01-29 10:30:00-05:00,74.88999938964844,76.2699966430664,74.69999694824219,76.16999816894531,1809214.0
2025-01-29 11:30:00-05:00,76.16999816894531,76.44999694824219,76.06999969482422,76.41000366210938,1234910.0
2025-01-29 12:30:00-05:00,76.4115982055664,76.63999938964844,76.26000213623047,76.61000061035156,897923.0
2025-01-29 13:30:00-05:00,76.61000061035156,76.69000244140625,76.25,76.4000015258789,1023899.0
2025-01-29 14:30:00-05:00,76.38999938964844,77.11499786376953,76.38999938964844,76.8324966430664,2187713.0
2025-01-29 15:30:00-05:00,76.83999633789062,76.88999938964844,76.55999755859375,76.58999633789062,2216938.0
2025-01-29 16:00:00-05:00,76.585,76.77,76.4,76.665,0.0
2025-01-29 17:00:00-05:00,76.59,76.76,73.5615,76.67,0.0
2025-01-29 18:00:00-05:00,76.67,76.8,76.61,76.6135,0.0
2025-01-30 04:00:00-05:00,77.05,77.33,76.72,76.82,0.0
2025-01-30 05:00:00-05:00,76.81,76.87,76.74,76.78,0.0
2025-01-30 06:00:00-05:00,76.78,76.79,76.65,76.77,0.0
2025-01-30 07:00:00-05:00,76.67,76.76,76.61,76.62,0.0
2025-01-30 08:00:00-05:00,76.65,77.0,76.59,76.71,0.0
2025-01-30 09:00:00-05:00,76.79,76.9,76.63,76.78,0.0
2025-01-30 09:30:00-05:00,76.8499984741211,77.9000015258789,76.8499984741211,77.82499694824219,1752729.0
2025-01-30 10:30:00-05:00,77.82499694824219,77.88500213623047,77.41999816894531,77.81999969482422,1294072.0
2025-01-30 11:30:00-05:00,77.83000183105469,78.28820037841797,77.83000183105469,78.26499938964844,1072546.0
2025-01-30 12:30:00-05:00,78.26499938964844,78.55999755859375,78.1500015258789,78.54000091552734,1071950.0
2025-01-30 13:30:00-05:00,78.55000305175781,78.72000122070312,78.25,78.33999633789062,1028831.0
2025-01-30 14:30:00-05:00,78.33000183105469,78.7699966430664,78.26000213623047,78.69999694824219,1129844.0
2025-01-30 15:30:00-05:00,78.70500183105469,78.70999908447266,77.95999908447266,78.31999969482422,2087816.0
2025-01-30 16:00:00-05:00,78.33,78.4,77.6402,77.99,0.0
2025-01-30 17:00:00-05:00,77.9982,80.3696,77.78,78.33,0.0
2025-01-30 18:00:00-05:00,78.33,78.55,78.33,78.55,0.0
2025-01-31 04:00:00-05:00,78.41,78.5,78.01,78.12,0.0
2025-01-31 05:00:00-05:00,78.12,78.33,78.11,78.26,0.0
2025-01-31 06:00:00-05:00,78.27,78.43,78.16,78.36,0.0
2025-01-31 07:00:00-05:00,78.36,78.4,78.22,78.26,0.0
2025-01-31 08:00:00-05:00,78.26,78.72,78.01,78.13,0.0
2025-01-31 09:00:00-05:00,78.1,78.28,78.08,78.197,0.0
2025-01-31 09:30:00-05:00,78.11000061035156,78.8644027709961,77.8499984741211,78.54000091552734,1844570.0
2025-01-31 10:30:00-05:00,78.54000091552734,78.75,77.9800033569336,78.17520141601562,1047765.0
2025-01-31 11:30:00-05:00,78.17500305175781,78.45582580566406,77.87999725341797,78.45582580566406,1208251.0
2025-01-31 12:30:00-05:00,78.45999908447266,78.54000091552734,78.11000061035156,78.19000244140625,734880.0
2025-01-31 13:30:00-05:00,78.19999694824219,78.20999908447266,77.55000305175781,77.73500061035156,1266299.0
2025-01-31 14:30:00-05:00,77.73999786376953,77.80889892578125,76.76000213623047,76.91999816894531,1890449.0
2025-01-31 15:30:00-05:00,76.91999816894531,77.18499755859375,76.80000305175781,76.87000274658203,2423378.0
2025-01-31 16:00:00-05:00,76.9,77.08,76.68,76.75,0.0
2025-01-31 17:00:00-05:00,76.75,76.9,74.6032,76.75,0.0
2025-01-31 18:00:00-05:00,76.72,76.75,76.68,76.69,0.0
2025-02-03 04:00:00-05:00,75.12,75.12,73.94,74.92,0.0
2025-02-03 05:00:00-05:00,74.8,74.94,74.6,74.88,0.0
2025-02-03 06:00:00-05:00,74.92,75.42,74.92,75.23,0.0
2025-02-03 07:00:00-05:00,75.17,75.28,74.85,75.05,0.0
2025-02-03 08:00:00-05:00,75.06,75.273,73.6,75.09,0.0
2025-02-03 09:00:00-05:00,75.13,75.2,74.85,74.9248,0.0
2025-02-03 09:30:00-05:00,74.9000015258789,75.1500015258789,73.22000122070312,74.62000274658203,3893838.0
2025-02-03 10:30:00-05:00,74.5999984741211,75.25,74.55999755859375,74.93000030517578,1860743.0
2025-02-03 11:30:00-05:00,74.93000030517578,75.75,74.91500091552734,75.5199966430664,1444467.0
2025-02-03 12:30:00-05:00,75.5199966430664,76.05000305175781,75.36000061035156,75.98999786376953,1509030.0
2025-02-03 13:30:00-05:00,76.0,76.66175079345703,75.9000015258789,76.56999969482422,1726952.0
2025-02-03 14:30:00-05:00,76.56999969482422,76.69000244140625,76.37999725341797,76.4749984741211,1734044.0
2025-02-03 15:30:00-05:00,76.4800033569336,76.63999938964844,76.19000244140625,76.58999633789062,2788472.0
2025-02-03 16:00:00-05:00,76.59,76.97,75.866,76.82,0.0
2025-02-03 17:00:00-05:00,76.85,76.96,76.59,76.87,0.0
2025-02-03 18:00:00-05:00,76.87,76.97,76.59,76.9,0.0
2025-02-04 04:00:00-05:00,76.8,76.8,76.08,76.09,0.0
2025-02-04 05:00:00-05:00,76.09,76.31,75.86,76.18,0.0
2025-02-04 06:00:00-05:00,76.18,76.38,76.11,76.38,0.0
2025-02-04 07:00:00-05:00,76.3,76.35,75.94,76.11,0.0
2025-02-04 08:00:00-05:00,76.06,76.88,75.68,75.7,0.0
2025-02-04 09:00:00-05:00,75.76,76.0,75.5,76.0,0.0
2025-02-04 09:30:00-05:00,77.55000305175781,78.16000366210938,76.75,76.80999755859375,2523795.0
2025-02-04 10:30:00-05:00,76.80000305175781,77.08000183105469,76.58499908447266,76.80000305175781,911759.0
2025-02-04 11:30:00-05:00,76.79000091552734,76.91999816894531,76.06999969482422,76.11000061035156,655703.0
2025-02-04 12:30:00-05:00,76.12000274658203,76.87999725341797,76.04000091552734,76.7699966430664,1512885.0
2025-02-04 13:30:00-05:00,76.7699966430664,76.91999816894531,76.55999755859375,76.74500274658203,764059.0
2025-02-04 14:30:00-05:00,76.73500061035156,76.87999725341797,76.47000122070312,76.49520111083984,898552.0
2025-02-04 15:30:00-05:00,76.49500274658203,76.88999938964844,76.4749984741211,76.72000122070312,1420537.0
2025-02-04 16:00:00-05:00,76.72,76.9,76.33,76.6601,0.0
2025-02-04 17:00:00-05:00,76.66,76.74,74.88,76.58,0.0
2025-02-04 18:00:00-05:00,76.64,76.72,76.55,76.65,0.0
2025-02-05 04:00:00-05:00,76.7,76.7,76.0,76.31,0.0
2025-02-05 05:00:00-05:00,76.43,76.43,76.1,76.11,0.0
2025-02-05 06:00:00-05:00,76.21,76.47,76.21,76.3,0.0
2025-02-05 07:00:00-05:00,76.4,76.5,76.35,76.35,0.0
2025-02-05 08:00:00-05:00,76.4,76.95,76.2,76.39,0.0
2025-02-05 09:00:00-05:00,76.39,76.75,76.39,76.7,0.0
2025-02-05 09:30:00-05:00,76.30000305175781,76.78880310058594,74.88009643554688,75.58999633789062,1770117.0
2025-02-05 10:30:00-05:00,75.58000183105469,75.66500091552734,74.72000122070312,75.13999938964844,1324080.0
2025-02-05 11:30:00-05:00,75.13999938964844,75.2699966430664,74.69999694824219,74.80359649658203,777718.0
2025-02-05 12:30:00-05:00,74.80999755859375,74.88999938964844,74.47000122070312,74.68000030517578,841684.0
2025-02-05 13:30:00-05:00,74.68000030517578,75.02999877929688,74.66999816894531,74.83999633789062,917711.0
2025-02-05 14:30:00-05:00,74.83000183105469,74.83499908447266,74.44940185546875,74.55000305175781,929744.0
2025-02-05 15:30:00-05:00,74.55000305175781,74.7300033569336,74.4000015258789,74.58000183105469,1573327.0
2025-02-05 16:00:00-05:00,74.57,74.73,74.535,74.63,0.0
2025-02-05 17:00:00-05:00,74.6,74.64,74.2496,74.64,0.0
2025-02-05 18:00:00-05:00,74.63,74.64,74.57,74.6,0.0
2025-02-06 04:00:00-05:00,74.8,74.8,74.57,74.78,0.0
2025-02-06 05:00:00-05:00,74.79,74.8,74.68,74.74,0.0
2025-02-06 06:00:00-05:00,74.75,74.8,74.33,74.69,0.0
2025-02-06 07:00:00-05:00,74.64,74.95,74.63,74.8,0.0
2025-02-06 08:00:00-05:00,74.83,75.0,74.58,74.99,0.0
2025-02-06 09:00:00-05:00,74.97,75.29,74.97,74.97,0.0
2025-02-06 09:30:00-05:00,75.23999786376953,75.4000015258789,74.44000244140625,74.62999725341797,1442758.0
2025-02-06 10:30:00-05:00,74.625,74.72000122070312,74.36000061035156,74.37999725341797,941997.0
2025-02-06 11:30:00-05:00,74.37000274658203,74.44999694824219,74.02010345458984,74.37999725341797,885839.0
2025-02-06 12:30:00-05:00,74.38580322265625,74.52999877929688,72.80000305175781,73.12999725341797,2617165.0
2025-02-06 13:30:00-05:00,73.1500015258789,73.20999908447266,72.26499938964844,72.30000305175781,2761306.0
2025-02-06 14:30:00-05:00,72.29000091552734,72.39569854736328,71.9000015258789,72.12999725341797,2554649.0
2025-02-06 15:30:00-05:00,72.13999938964844,72.26000213623047,71.62999725341797,71.7300033569336,2999564.0
2025-02-06 16:00:00-05:00,71.74,76.605,71.36,71.7197,0.0
2025-02-06 17:00:00-05:00,71.72,72.9882,67.0589,71.88,0.0
2025-02-06 18:00:00-05:00,71.8773,71.9,71.8,71.89,0.0
2025-02-07 04:00:00-05:00,72.02,72.2,72.0,72.12,0.0
2025-02-07 05:00:00-05:00,72.17,72.19,70.94,71.17,0.0
2025-02-07 06:00:00-05:00,71.16,71.43,71.0,71.37,0.0
2025-02-07 07:00:00-05:00,71.37,71.43,71.2,71.41,0.0
2025-02-07 08:00:00-05:00,71.41,72.1793,70.9987,71.32,0.0
2025-02-07 09:00:00-05:00,71.32,71.43,71.1,71.23,0.0
2025-02-07 09:30:00-05:00,70.55500030517578,70.80999755859375,69.33000183105469,69.40499877929688,8087437.0
2025-02-07 10:30:00-05:00,69.38999938964844,70.44000244140625,69.33999633789062,70.0,3259903.0
2025-02-07 11:30:00-05:00,70.01000213623047,70.30999755859375,69.87999725341797,69.97000122070312,2100156.0
2025-02-07 12:30:00-05:00,69.97000122070312,70.08000183105469,69.77999877929688,69.86000061035156,1776822.0
2025-02-07 13:30:00-05:00,69.86000061035156,69.9999008178711,69.5199966430664,69.61000061035156,1706931.0
2025-02-07 14:30:00-05:00,69.61000061035156,69.69499969482422,69.04499816894531,69.15499877929688,2715059.0
2025-02-07 15:30:00-05:00,69.15499877929688,69.20999908447266,68.62000274658203,68.69000244140625,4966972.0
2025-02-07 16:00:00-05:00,68.68,69.5434,67.7183,68.8896,0.0
2025-02-07 17:00:00-05:00,68.88,69.13,68.68,69.04,0.0
2025-02-07 18:00:00-05:00,69.01,69.05,68.81,68.88,0.0
2025-02-10 04:00:00-05:00,69.63,69.63,68.88,69.5,0.0
2025-02-10 05:00:00-05:00,69.59,69.59,69.36,69.56,0.0
2025-02-10 06:00:00-05:00,69.57,69.7,69.51,69.6,0.0
2025-02-10 07:00:00-05:00,69.59,69.67,69.19,69.42,0.0
2025-02-10 08:00:00-05:00,69.42,69.7,68.9,69.4,0.0
2025-02-10 09:00:00-05:00,69.4,69.98,69.35,69.89,0.0
2025-02-10 09:30:00-05:00,69.36000061035156,70.91999816894531,69.12000274658203,70.63999938964844,4343028.0
2025-02-10 10:30:00-05:00,70.63999938964844,70.7698974609375,70.30000305175781,70.52999877929688,1892465.0
2025-02-10 11:30:00-05:00,70.54000091552734,70.62999725341797,70.0999984741211,70.2249984741211,1216881.0
2025-02-10 12:30:00-05:00,70.2249984741211,70.7300033569336,70.1500015258789,70.62249755859375,1100388.0
2025-02-10 13:30:00-05:00,70.625,70.72799682617188,70.43499755859375,70.69499969482422,1369887.0
2025-02-10 14:30:00-05:00,70.69499969482422,70.86000061035156,70.41999816894531,70.62999725341797,1611354.0
2025-02-10 15:30:00-05:00,70.62000274658203,70.94999694824219,70.57499694824219,70.94000244140625,2511912.0
2025-02-10 16:00:00-05:00,70.94,70.96,70.81,70.89,0.0
2025-02-10 17:00:00-05:00,70.9,70.94,70.82,70.9299,0.0
2025-02-10 18:00:00-05:00,70.93,70.93,70.8,70.85,0.0
2025-02-11 04:00:00-05:00,70.8,70.85,70.52,70.76,0.0
2025-02-11 05:00:00-05:00,70.77,70.85,70.7,70.84,0.0
2025-02-11 06:00:00-05:00,70.84,70.91,70.82,70.88,0.0
2025-02-11 07:00:00-05:00,70.88,70.92,70.77,70.77,0.0
2025-02-11 08:00:00-05:00,70.8,70.93,70.5612,70.86,0.0
2025-02-11 09:00:00-05:00,70.9384,76.2843,70.75,70.78,0.0
2025-02-11 09:30:00-05:00,70.56999969482422,71.98999786376953,70.51000213623047,71.625,2732328.0
2025-02-11 10:30:00-05:00,71.62000274658203,71.7699966430664,71.2750015258789,71.47000122070312,1082138.0
2025-02-11 11:30:00-05:00,71.47000122070312,71.63999938964844,71.31999969482422,71.5199966430664,924282.0
2025-02-11 12:30:00-05:00,71.51000213623047,71.55000305175781,71.125,71.125,542249.0
2025-02-11 13:30:00-05:00,71.125,71.44000244140625,71.125,71.28500366210938,913635.0
2025-02-11 14:30:00-05:00,71.29000091552734,71.38999938964844,71.04499816894531,71.18000030517578,823276.0
2025-02-11 15:30:00-05:00,71.18000030517578,71.46499633789062,71.16999816894531,71.33999633789062,1234694.0
2025-02-11 16:00:00-05:00,71.35,73.8832,71.21,71.29,0.0
2025-02-11 17:00:00-05:00,71.29,71.4,71.15,71.4,0.0
2025-02-11 18:00:00-05:00,71.3446,71.4,71.15,71.38,0.0
2025-02-12 04:00:00-05:00,71.4,71.53,71.38,71.51,0.0
2025-02-12 05:00:00-05:00,71.47,71.52,71.46,71.5,0.0
2025-02-12 06:00:00-05:00,71.52,71.64,71.5,71.63,0.0
2025-02-12 07:00:00-05:00,71.61,71.86,71.61,71.83,0.0
2025-02-12 08:00:00-05:00,71.8,71.9,71.35,71.55,0.0
2025-02-12 09:00:00-05:00,71.57,71.6408,70.6,70.74,0.0
2025-02-12 09:30:00-05:00,70.5999984741211,71.32520294189453,70.33000183105469,71.31999969482422,1683523.0
2025-02-12 10:30:00-05:00,71.33000183105469,71.58999633789062,71.22000122070312,71.32730102539062,951536.0
2025-02-12 11:30:00-05:00,71.31999969482422,72.11000061035156,71.30000305175781,72.04000091552734,1158630.0
2025-02-12 12:30:00-05:00,72.02999877929688,72.07499694824219,71.79000091552734,71.83999633789062,802472.0
2025-02-12 13:30:00-05:00,71.83999633789062,72.32499694824219,71.79139709472656,72.29499816894531,1297835.0
2025-02-12 14:30:00-05:00,72.29000091552734,72.44999694824219,72.04000091552734,72.10009765625,1059307.0
2025-02-12 15:30:00-05:00,72.1050033569336,72.44999694824219,71.80000305175781,72.26000213623047,1640008.0
2025-02-12 16:00:00-05:00,72.26,72.49,72.2,72.32,0.0
2025-02-12 17:00:00-05:00,72.32,72.45,68.5402,72.34,0.0
2025-02-12 18:00:00-05:00,72.35,72.48,72.34,72.43,0.0
2025-02-13 04:00:00-05:00,72.45,72.45,72.23,72.3,0.0
2025-02-13 05:00:00-05:00,72.28,72.43,72.28,72.4,0.0
2025-02-13 06:00:00-05:00,72.4,72.46,72.08,72.14,0.0
2025-02-13 07:00:00-05:00,72.13,72.7,72.07,72.6,0.0
2025-02-13 08:00:00-05:00,72.54,72.72,72.09,72.32,0.0
2025-02-13 09:00:00-05:00,72.48,72.75,72.3,72.62,0.0
2025-02-13 09:30:00-05:00,72.86000061035156,73.04550170898438,71.62999725341797,72.51000213623047,1687856.0
2025-02-13 10:30:00-05:00,72.50499725341797,72.69000244140625,72.36000061035156,72.66000366210938,1017904.0
2025-02-13 11:30:00-05:00,72.66010284423828,72.88159942626953,72.45089721679688,72.70999908447266,709211.0
2025-02-13 12:30:00-05:00,72.70999908447266,72.95999908447266,72.66000366210938,72.94999694824219,586692.0
2025-02-13 13:30:00-05:00,72.94999694824219,73.30999755859375,72.80999755859375,73.2593002319336,963255.0
2025-02-13 14:30:00-05:00,73.25,73.5999984741211,73.25,73.5199966430664,1352920.0
2025-02-13 15:30:00-05:00,73.5250015258789,73.58000183105469,73.16999816894531,73.22000122070312,1664837.0
2025-02-13 16:00:00-05:00,73.21,73.54,72.76,73.15,0.0
2025-02-13 17:00:00-05:00,73.14,73.21,73.0,73.06,0.0
2025-02-13 18:00:00-05:00,73.19,73.3,73.01,73.25,0.0
2025-02-14 04:00:00-05:00,73.32,73.57,73.25,73.34,0.0
2025-02-14 05:00:00-05:00,73.39,73.4,73.26,73.29,0.0
2025-02-14 06:00:00-05:00,73.29,73.33,73.23,73.33,0.0
2025-02-14 07:00:00-05:00,73.29,73.37,73.28,73.3,0.0
2025-02-14 08:00:00-05:00,73.32,73.5988,73.1,73.24,0.0
2025-02-14 09:00:00-05:00,73.24,73.45,72.84,73.45,0.0
2025-02-14 09:30:00-05:00,73.16999816894531,73.16999816894531,72.33999633789062,72.68000030517578,1954563.0
2025-02-14 10:30:00-05:00,72.68000030517578,73.1500015258789,72.66000366210938,72.93000030517578,924085.0
2025-02-14 11:30:00-05:00,72.93499755859375,73.2300033569336,72.91000366210938,73.05999755859375,672802.0
2025-02-14 12:30:00-05:00,73.06500244140625,73.41999816894531,73.0199966430664,73.36000061035156,638226.0
2025-02-14 13:30:00-05:00,73.3550033569336,73.5,73.13999938964844,73.20500183105469,912565.0
2025-02-14 14:30:00-05:00,73.20500183105469,73.37999725341797,73.11000061035156,73.23500061035156,952793.0
2025-02-14 15:30:00-05:00,73.23999786376953,73.29000091552734,72.94999694824219,73.02999877929688,1356412.0
2025-02-14 16:00:00-05:00,73.04,73.16,72.95,73.05,0.0
2025-02-14 17:00:00-05:00,73.08,73.2,68.4177,73.1,0.0
2025-02-14 18:00:00-05:00,73.15,73.15,72.93,73.0994,0.0
2025-02-18 04:00:00-05:00,73.7,73.7,72.71,73.34,0.0
2025-02-18 05:00:00-05:00,73.38,73.49,73.33,73.36,0.0
2025-02-18 06:00:00-05:00,73.36,73.36,73.23,73.25,0.0
2025-02-18 07:00:00-05:00,73.25,73.35,73.22,73.29,0.0
2025-02-18 08:00:00-05:00,73.3,74.68,73.04,74.35,0.0
2025-02-18 09:00:00-05:00,74.25,74.7,72.92,74.5,0.0
2025-02-18 09:30:00-05:00,74.5,75.83999633789062,74.5,75.74500274658203,6135302.0
2025-02-18 10:30:00-05:00,75.73500061035156,76.52999877929688,75.52999877929688,76.33000183105469,3212995.0
2025-02-18 11:30:00-05:00,76.33000183105469,76.44000244140625,75.74500274658203,76.19499969482422,2318785.0
2025-02-18 12:30:00-05:00,76.19000244140625,76.38999938964844,75.9800033569336,76.19999694824219,1535290.0
2025-02-18 13:30:00-05:00,76.19000244140625,76.87000274658203,76.16500091552734,76.83000183105469,2708525.0
2025-02-18 14:30:00-05:00,76.82499694824219,77.1500015258789,76.82499694824219,77.0,2087556.0
2025-02-18 15:30:00-05:00,77.01000213623047,77.68000030517578,76.9977035522461,77.58999633789062,2831605.0
2025-02-18 16:00:00-05:00,77.59,77.72,76.211,77.25,0.0
2025-02-18 17:00:00-05:00,77.25,77.59,77.09,77.25,0.0
2025-02-18 18:00:00-05:00,77.25,77.32,77.09,77.16,0.0
2025-02-19 04:00:00-05:00,77.4,77.8,77.36,77.75,0.0
2025-02-19 05:00:00-05:00,77.78,77.86,77.6,77.64,0.0
2025-02-19 06:00:00-05:00,77.64,77.64,77.41,77.41,0.0
2025-02-19 07:00:00-05:00,77.44,77.45,76.92,77.03,0.0
2025-02-19 08:00:00-05:00,77.02,77.8674,76.75,76.88,0.0
2025-02-19 09:00:00-05:00,76.805,77.08,76.5,76.67,0.0
2025-02-19 09:30:00-05:00,76.81999969482422,77.66999816894531,76.80999755859375,77.57499694824219,2955428.0
2025-02-19 10:30:00-05:00,77.58090209960938,77.68000030517578,76.08999633789062,76.37000274658203,2600759.0
2025-02-19 11:30:00-05:00,76.36000061035156,76.69979858398438,76.13999938964844,76.3949966430664,1322648.0
2025-02-19 12:30:00-05:00,76.3949966430664,76.5999984741211,76.28269958496094,76.41000366210938,1003296.0
2025-02-19 13:30:00-05:00,76.4000015258789,76.69000244140625,76.12999725341797,76.58499908447266,1534834.0
2025-02-19 14:30:00-05:00,76.58999633789062,76.5999984741211,76.30000305175781,76.57499694824219,1218999.0
2025-02-19 15:30:00-05:00,76.58000183105469,76.97000122070312,76.58000183105469,76.7699966430664,1884321.0
2025-02-19 16:00:00-05:00,76.78,76.96,74.855,76.66,0.0
2025-02-19 17:00:00-05:00,76.6,76.78,76.6,76.77,0.0
2025-02-19 18:00:00-05:00,76.66,76.78,76.65,76.7591,0.0
2025-02-20 04:00:00-05:00,76.71,76.76,76.44,76.53,0.0
2025-02-20 05:00:00-05:00,76.52,76.68,76.52,76.68,0.0
2025-02-20 06:00:00-05:00,76.6,76.68,76.53,76.54,0.0
2025-02-20 07:00:00-05:00,76.57,76.57,76.43,76.48,0.0
2025-02-20 08:00:00-05:00,76.5,77.21,76.4,76.53,0.0
2025-02-20 09:00:00-05:00,76.53,76.75,76.46,76.75,0.0
2025-02-20 09:30:00-05:00,76.91000366210938,77.12999725341797,76.54000091552734,76.96499633789062,1540104.0
2025-02-20 10:30:00-05:00,76.96499633789062,77.18000030517578,76.77999877929688,76.77999877929688,2209497.0
2025-02-20 11:30:00-05:00,76.77999877929688,76.80770111083984,76.33999633789062,76.3646011352539,882566.0
2025-02-20 12:30:00-05:00,76.37999725341797,76.88999938964844,76.36000061035156,76.61000061035156,705387.0
2025-02-20 13:30:00-05:00,76.6050033569336,76.9800033569336,76.58000183105469,76.9563217163086,698924.0
2025-02-20 14:30:00-05:00,76.94999694824219,77.07499694824219,76.87999725341797,76.97899627685547,983039.0
2025-02-20 15:30:00-05:00,76.9749984741211,77.2699966430664,76.96499633789062,77.23999786376953,1474753.0
2025-02-20 16:00:00-05:00,77.23,77.2799,76.5,77.11,0.0
2025-02-20 17:00:00-05:00,77.107,77.2,74.3815,77.16,0.0
2025-02-20 18:00:00-05:00,77.16,77.22,77.02,77.215,0.0
2025-02-21 04:00:00-05:00,77.28,77.29,77.09,77.21,0.0
2025-02-21 05:00:00-05:00,77.23,77.42,77.22,77.38,0.0
2025-02-21 06:00:00-05:00,77.36,77.56,77.36,77.52,0.0
2025-02-21 07:00:00-05:00,77.51,77.56,77.22,77.45,0.0
2025-02-21 08:00:00-05:00,77.45,77.58,77.028,77.58,0.0
2025-02-21 09:00:00-05:00,77.58,77.6,77.5,77.6,0.0
2025-02-21 09:30:00-05:00,77.4000015258789,77.98999786376953,77.12000274658203,77.19000244140625,1715343.0
2025-02-21 10:30:00-05:00,77.19499969482422,77.30000305175781,76.9000015258789,77.01000213623047,1130791.0
2025-02-21 11:30:00-05:00,77.0,77.18000030517578,76.88240051269531,77.16999816894531,1018054.0
2025-02-21 12:30:00-05:00,77.16999816894531,77.23999786376953,76.55000305175781,76.62000274658203,1490753.0
2025-02-21 13:30:00-05:00,76.62000274658203,76.62999725341797,75.86000061035156,76.0,1308720.0
2025-02-21 14:30:00-05:00,76.00499725341797,76.22000122070312,75.86000061035156,76.16000366210938,1323954.0
2025-02-21 15:30:00-05:00,76.16000366210938,76.5199966430664,76.05500030517578,76.5,2155799.0
2025-02-21 16:00:00-05:00,76.5,76.81,76.14,76.4,0.0
2025-02-21 17:00:00-05:00,76.49,76.52,73.0752,76.45,0.0
2025-02-21 18:00:00-05:00,76.46,76.6,76.4,76.47,0.0
2025-02-24 04:00:00-05:00,77.84,78.22,77.63,78.06,0.0
2025-02-24 05:00:00-05:00,78.06,78.18,78.0,78.03,0.0
2025-02-24 06:00:00-05:00,78.09,78.75,78.0,78.43,0.0
2025-02-24 07:00:00-05:00,78.48,78.5,78.16,78.21,0.0
2025-02-24 08:00:00-05:00,78.24,78.68,76.35,78.39,0.0
2025-02-24 09:00:00-05:00,78.44,78.69,78.25,78.5,0.0
2025-02-24 09:30:00-05:00,78.87999725341797,81.08999633789062,78.75,80.36000061035156,8130949.0
2025-02-24 10:30:00-05:00,80.37999725341797,80.7667007446289,79.66000366210938,80.68000030517578,2786423.0
2025-02-24 11:30:00-05:00,80.66500091552734,80.80000305175781,80.02999877929688,80.23989868164062,2198108.0
2025-02-24 12:30:00-05:00,80.2300033569336,80.43000030517578,79.87999725341797,80.2750015258789,1570297.0
2025-02-24 13:30:00-05:00,80.27999877929688,80.82499694824219,80.2699966430664,80.4000015258789,1509311.0
2025-02-24 14:30:00-05:00,80.41999816894531,80.55500030517578,80.1675033569336,80.2699966430664,1587913.0
2025-02-24 15:30:00-05:00,80.26000213623047,80.48999786376953,80.16999816894531,80.30000305175781,2695107.0
2025-02-24 16:00:00-05:00,80.31,80.49,80.25,80.4509,0.0
2025-02-24 17:00:00-05:00,80.46,80.7,74.984,80.7,0.0
2025-02-24 18:00:00-05:00,80.66,80.7,80.45,80.52,0.0
2025-02-25 04:00:00-05:00,80.5,80.7,80.31,80.64,0.0
2025-02-25 05:00:00-05:00,80.63,80.69,79.95,80.29,0.0
2025-02-25 06:00:00-05:00,80.27,80.33,80.03,80.1,0.0
2025-02-25 07:00:00-05:00,80.12,80.58,80.08,80.5,0.0
2025-02-25 08:00:00-05:00,80.5,80.7,79.9391,80.65,0.0
2025-02-25 09:00:00-05:00,80.66,80.75,80.48,80.6,0.0
2025-02-25 09:30:00-05:00,80.30999755859375,80.94450378417969,80.05000305175781,80.33799743652344,3285268.0
2025-02-25 10:30:00-05:00,80.33309936523438,80.66000366210938,80.0999984741211,80.31500244140625,1544011.0
2025-02-25 11:30:00-05:00,80.30000305175781,80.87999725341797,80.23999786376953,80.66840362548828,1168401.0
2025-02-25 12:30:00-05:00,80.66500091552734,81.23999786376953,80.61000061035156,80.91000366210938,1478411.0
2025-02-25 13:30:00-05:00,80.91999816894531,81.29499816894531,80.83999633789062,81.06999969482422,1390348.0
2025-02-25 14:30:00-05:00,81.06999969482422,81.80000305175781,81.02999877929688,81.68499755859375,1912256.0
2025-02-25 15:30:00-05:00,81.69000244140625,81.95500183105469,81.47000122070312,81.72000122070312,2404192.0
2025-02-25 16:00:00-05:00,81.73,81.93,81.54,81.83,0.0
2025-02-25 17:00:00-05:00,81.92,81.92,81.72,81.78,0.0
2025-02-25 18:00:00-05:00,81.7619,81.96,81.7,81.769,0.0
2025-02-26 04:00:00-05:00,82.0,82.11,81.81,82.05,0.0
2025-02-26 05:00:00-05:00,82.07,82.36,81.95,81.99,0.0
2025-02-26 06:00:00-05:00,81.99,82.04,81.85,82.0,0.0
2025-02-26 07:00:00-05:00,81.96,82.06,81.93,82.0,0.0
2025-02-26 08:00:00-05:00,82.02,82.2502,81.76,81.997,0.0
2025-02-26 09:00:00-05:00,81.82,82.2,81.7,82.16,0.0
2025-02-26 09:30:00-05:00,82.0999984741211,82.33999633789062,81.13999938964844,82.31999969482422,4203411.0
2025-02-26 10:30:00-05:00,82.31999969482422,82.44000244140625,81.56999969482422,82.18499755859375,1795620.0
2025-02-26 11:30:00-05:00,82.19000244140625,82.43000030517578,81.83000183105469,81.9000015258789,1524644.0
2025-02-26 12:30:00-05:00,81.9000015258789,81.9749984741211,81.2300033569336,81.41500091552734,1083789.0
2025-02-26 13:30:00-05:00,81.41500091552734,81.42500305175781,80.83999633789062,81.05999755859375,1207357.0
2025-02-26 14:30:00-05:00,81.05999755859375,81.19000244140625,80.91000366210938,80.91999816894531,864932.0
2025-02-26 15:30:00-05:00,80.91999816894531,81.37999725341797,80.91000366210938,81.20999908447266,1254335.0
2025-02-26 16:00:00-05:00,81.17,81.48,80.275,81.22,0.0
2025-02-26 17:00:00-05:00,81.22,81.48,81.17,81.48,0.0
2025-02-26 18:00:00-05:00,81.48,81.48,81.17,81.2,0.0
2025-02-27 04:00:00-05:00,81.71,81.73,81.25,81.73,0.0
2025-02-27 05:00:00-05:00,81.64,81.84,81.64,81.83,0.0
2025-02-27 06:00:00-05:00,81.84,82.03,81.66,81.85,0.0
2025-02-27 07:00:00-05:00,81.85,82.02,81.71,81.95,0.0
2025-02-27 08:00:00-05:00,81.97,82.03,81.14,81.7,0.0
2025-02-27 09:00:00-05:00,81.7,81.88,80.8,81.0,0.0
2025-02-27 09:30:00-05:00,81.48999786376953,81.48999786376953,79.46009826660156,80.23999786376953,3262223.0
2025-02-27 10:30:00-05:00,80.23500061035156,80.76000213623047,80.11000061035156,80.5250015258789,858976.0
2025-02-27 11:30:00-05:00,80.5199966430664,80.69000244140625,79.95500183105469,80.2300033569336,859293.0
2025-02-27 12:30:00-05:00,80.24500274658203,80.70659637451172,80.19000244140625,80.69999694824219,512569.0
2025-02-27 13:30:00-05:00,80.69999694824219,80.81500244140625,80.20999908447266,80.21499633789062,731617.0
2025-02-27 14:30:00-05:00,80.20999908447266,80.31999969482422,80.02999877929688,80.08999633789062,1484147.0
2025-02-27 15:30:00-05:00,80.0999984741211,80.1449966430664,79.77999877929688,80.0199966430664,1971268.0
2025-02-27 16:00:00-05:00,80.02,80.33,79.71,79.76,0.0
2025-02-27 17:00:00-05:00,79.84,80.3696,79.71,79.72,0.0
2025-02-27 18:00:00-05:00,79.77,79.9,79.7,79.8,0.0
2025-02-28 04:00:00-05:00,79.45,79.7,78.92,79.26,0.0
2025-02-28 05:00:00-05:00,79.26,79.39,79.05,79.39,0.0
2025-02-28 06:00:00-05:00,79.37,79.41,79.05,79.07,0.0
2025-02-28 07:00:00-05:00,79.07,79.38,79.05,79.34,0.0
2025-02-28 08:00:00-05:00,79.28,79.97,79.06,79.26,0.0
2025-02-28 09:00:00-05:00,79.05,79.3,79.05,79.166,0.0
2025-02-28 09:30:00-05:00,79.25,80.0199966430664,79.20999908447266,79.72000122070312,1758185.0
2025-02-28 10:30:00-05:00,79.74500274658203,79.86499786376953,78.8499984741211,78.87999725341797,2616626.0
2025-02-28 11:30:00-05:00,78.87000274658203,79.2300033569336,78.80999755859375,78.98999786376953,1238646.0
2025-02-28 12:30:00-05:00,78.98999786376953,78.98999786376953,78.25700378417969,78.51499938964844,752133.0
2025-02-28 13:30:00-05:00,78.51000213623047,78.63999938964844,78.19999694824219,78.25642395019531,1213618.0
2025-02-28 14:30:00-05:00,78.25,78.69999694824219,78.18099975585938,78.66999816894531,901576.0
2025-02-28 15:30:00-05:00,78.68000030517578,79.47000122070312,78.5199966430664,79.43000030517578,1536573.0
2025-02-28 16:00:00-05:00,79.42,79.69,79.0,79.52,0.0
2025-02-28 17:00:00-05:00,79.54,79.54,74.6032,79.42,0.0
2025-02-28 18:00:00-05:00,79.22,79.43,79.22,79.39,0.0
2025-03-03 04:00:00-05:00,79.2,79.45,79.18,79.18,0.0
2025-03-03 05:00:00-05:00,79.3,79.43,79.24,79.35,0.0
2025-03-03 06:00:00-05:00,79.4,79.52,79.37,79.5,0.0
2025-03-03 07:00:00-05:00,79.5,79.82,79.49,79.66,0.0
2025-03-03 08:00:00-05:00,79.67,79.88,79.0,79.6,0.0
2025-03-03 09:00:00-05:00,79.6565,79.66,79.5,79.5,0.0
2025-03-03 09:30:00-05:00,79.98999786376953,80.95890045166016,79.73500061035156,80.26000213623047,1891114.0
2025-03-03 10:30:00-05:00,80.25499725341797,80.31999969482422,79.33999633789062,79.36499786376953,780787.0
2025-03-03 11:30:00-05:00,79.37000274658203,79.52999877929688,79.06999969482422,79.42050170898438,665758.0
2025-03-03 12:30:00-05:00,79.42500305175781,79.51000213623047,78.95999908447266,78.98999786376953,713938.0
2025-03-03 13:30:00-05:00,79.0,79.19000244140625,78.74500274658203,78.77999877929688,664530.0
2025-03-03 14:30:00-05:00,78.79000091552734,79.0,77.97000122070312,78.04499816894531,922307.0
2025-03-03 15:30:00-05:00,78.04499816894531,78.43000030517578,77.8904037475586,78.41999816894531,1265647.0
2025-03-03 16:00:00-05:00,78.41,79.35,78.2,78.44,0.0
2025-03-03 17:00:00-05:00,78.43,78.5,77.68,78.25,0.0
2025-03-03 18:00:00-05:00,78.38,78.41,78.03,78.16,0.0
2025-03-04 04:00:00-05:00,78.25,78.3,78.01,78.12,0.0
2025-03-04 05:00:00-05:00,78.29,78.29,77.9,77.96,0.0
2025-03-04 06:00:00-05:00,77.94,78.15,77.82,77.9,0.0
2025-03-04 07:00:00-05:00,77.87,78.14,77.82,77.82,0.0
2025-03-04 08:00:00-05:00,77.85,78.37,77.1,77.25,0.0
2025-03-04 09:00:00-05:00,77.25,77.45,77.0,77.42,0.0
2025-03-04 09:30:00-05:00,77.69999694824219,77.91000366210938,76.7750015258789,77.09500122070312,2790296.0
2025-03-04 10:30:00-05:00,77.09500122070312,77.55999755859375,76.87999725341797,76.98999786376953,1475152.0
2025-03-04 11:30:00-05:00,76.99500274658203,77.81999969482422,76.99500274658203,77.69580078125,786871.0
2025-03-04 12:30:00-05:00,77.68000030517578,77.95989990234375,77.50499725341797,77.80000305175781,493334.0
2025-03-04 13:30:00-05:00,77.79499816894531,78.2699966430664,77.72000122070312,78.10359954833984,753588.0
2025-03-04 14:30:00-05:00,78.11000061035156,78.64790344238281,78.0,78.37000274658203,863382.0
2025-03-04 15:30:00-05:00,78.37000274658203,78.38999938964844,77.25,77.31999969482422,1470660.0
2025-03-04 16:00:00-05:00,77.32,77.9,77.32,77.68,0.0
2025-03-04 17:00:00-05:00,77.5,77.75,77.5,77.65,0.0
2025-03-04 18:00:00-05:00,77.61,78.1,77.61,77.73,0.0
2025-03-05 04:00:00-05:00,77.87,77.87,77.58,77.82,0.0
2025-03-05 05:00:00-05:00,77.83,77.91,77.64,77.64,0.0
2025-03-05 06:00:00-05:00,77.64,77.8,77.6,77.68,0.0
2025-03-05 07:00:00-05:00,77.68,77.71,77.35,77.46,0.0
2025-03-05 08:00:00-05:00,77.58,77.9988,77.32,77.5,0.0
2025-03-05 09:00:00-05:00,77.5,77.83,77.02,77.02,0.0
2025-03-05 09:30:00-05:00,77.33000183105469,78.30500030517578,77.11000061035156,77.13999938964844,1321203.0
2025-03-05 10:30:00-05:00,77.125,77.18000030517578,76.52999877929688,76.69999694824219,938495.0
2025-03-05 11:30:00-05:00,76.69999694824219,77.02999877929688,76.45500183105469,76.94000244140625,669972.0
2025-03-05 12:30:00-05:00,76.94049835205078,77.0999984741211,76.69000244140625,76.97000122070312,520845.0
2025-03-05 13:30:00-05:00,76.9749984741211,77.69000244140625,76.9000015258789,77.45230102539062,1512014.0
2025-03-05 14:30:00-05:00,77.44999694824219,77.8499984741211,77.30999755859375,77.80500030517578,752000.0
2025-03-05 15:30:00-05:00,77.80500030517578,77.8499984741211,77.41000366210938,77.79000091552734,1371892.0
2025-03-05 16:00:00-05:00,77.81,77.88,74.2496,77.5983,0.0
2025-03-05 17:00:00-05:00,77.51,77.81,77.41,77.61,0.0
2025-03-05 18:00:00-05:00,77.74,77.81,77.41,77.61,0.0
2025-03-06 04:00:00-05:00,77.51,77.66,77.2,77.3,0.0
2025-03-06 05:00:00-05:00,77.28,77.39,77.02,77.2,0.0
2025-03-06 06:00:00-05:00,77.19,77.19,76.78,76.92,0.0
2025-03-06 07:00:00-05:00,76.88,77.16,76.88,76.98,0.0
2025-03-06 08:00:00-05:00,77.03,79.2488,76.3,76.5,0.0
2025-03-06 09:00:00-05:00,76.92,77.15,76.51,76.95,0.0
2025-03-06 09:30:00-05:00,76.73999786376953,78.33499908447266,76.73999786376953,78.01499938964844,1435497.0
2025-03-06 10:30:00-05:00,78.01499938964844,78.30000305175781,77.81999969482422,77.98999786376953,764125.0
2025-03-06 11:30:00-05:00,77.9800033569336,78.20999908447266,77.0199966430664,77.13999938964844,649308.0
2025-03-06 12:30:00-05:00,77.12999725341797,77.4000015258789,76.83000183105469,77.25,2226374.0
2025-03-06 13:30:00-05:00,77.25499725341797,77.79000091552734,77.0199966430664,77.48999786376953,835913.0
2025-03-06 14:30:00-05:00,77.48999786376953,77.98159790039062,77.36000061035156,77.69499969482422,869804.0
2025-03-06 15:30:00-05:00,77.70999908447266,78.04450225830078,77.66000366210938,77.70999908447266,1239297.0
2025-03-06 16:00:00-05:00,77.71,78.11,72.9882,77.75,0.0
2025-03-06 17:00:00-05:00,77.75,78.0,77.19,77.72,0.0
2025-03-06 18:00:00-05:00,77.71,77.8,77.3504,77.51,0.0
2025-03-07 04:00:00-05:00,77.73,77.75,77.14,77.66,0.0
2025-03-07 05:00:00-05:00,77.66,77.71,77.54,77.67,0.0
2025-03-07 06:00:00-05:00,77.67,77.83,77.66,77.83,0.0
2025-03-07 07:00:00-05:00,77.83,78.0,77.72,77.72,0.0
2025-03-07 08:00:00-05:00,77.73,78.0,77.3312,77.79,0.0
2025-03-07 09:00:00-05:00,77.79,78.0,77.3,77.3005,0.0
2025-03-07 09:30:00-05:00,77.88999938964844,79.0,77.56999969482422,77.79000091552734,1449721.0
2025-03-07 10:30:00-05:00,77.78500366210938,77.78500366210938,77.08499908447266,77.40499877929688,1239720.0
2025-03-07 11:30:00-05:00,77.41999816894531,77.58999633789062,76.97010040283203,77.51000213623047,1078350.0
2025-03-07 12:30:00-05:00,77.5,78.37000274658203,77.45999908447266,78.22000122070312,964512.0
2025-03-07 13:30:00-05:00,78.2300033569336,78.57499694824219,78.08999633789062,78.41000366210938,844998.0
2025-03-07 14:30:00-05:00,78.4198989868164,78.52580261230469,78.04000091552734,78.5199966430664,927376.0
2025-03-07 15:30:00-05:00,78.5199966430664,78.79499816894531,78.13999938964844,78.56999969482422,1453945.0
2025-03-07 16:00:00-05:00,78.59,78.79,78.48,78.63,0.0
2025-03-07 17:00:00-05:00,78.63,78.64,78.48,78.48,0.0
2025-03-07 18:00:00-05:00,78.4827,78.59,78.48,78.4814,0.0
2025-03-10 05:00:00-04:00,78.01,78.12,77.6,77.6,0.0
2025-03-10 06:00:00-04:00,77.61,77.87,77.52,77.65,0.0
2025-03-10 07:00:00-04:00,77.65,77.85,77.51,77.85,0.0
2025-03-10 08:00:00-04:00,77.85,78.9579,77.23,77.3,0.0
2025-03-10 09:00:00-04:00,77.45,78.59,77.23,77.5,0.0
2025-03-10 09:30:00-04:00,77.50499725341797,80.19000244140625,77.2699966430664,79.77999877929688,2575568.0
2025-03-10 10:30:00-04:00,79.80000305175781,80.12999725341797,79.0,79.05999755859375,2025240.0
2025-03-10 11:30:00-04:00,79.05999755859375,79.12000274658203,78.26000213623047,78.33000183105469,1385060.0
2025-03-10 12:30:00-04:00,78.33999633789062,78.56999969482422,77.74579620361328,77.76000213623047,1312639.0
2025-03-10 13:30:00-04:00,77.7699966430664,77.77999877929688,76.88999938964844,77.19000244140625,1387995.0
2025-03-10 14:30:00-04:00,77.16999816894531,77.2699966430664,76.36199951171875,76.56999969482422,1498457.0
2025-03-10 15:30:00-04:00,76.58000183105469,76.9000015258789,76.05999755859375,76.4000015258789,2635106.0
2025-03-10 16:00:00-04:00,76.3802,81.5398,76.02,81.5398,0.0
2025-03-10 17:00:00-04:00,76.4108,81.5398,76.0,76.1497,0.0
2025-03-10 18:00:00-04:00,76.41,76.6,76.01,76.09,0.0
2025-03-10 19:00:00-04:00,76.195,76.2,75.6,75.85,0.0
2025-03-11 04:00:00-04:00,75.97,77.0,75.97,76.72,0.0
2025-03-11 05:00:00-04:00,76.57,76.8,76.4,76.75,0.0
2025-03-11 06:00:00-04:00,76.79,76.8,76.53,76.63,0.0
2025-03-11 07:00:00-04:00,76.57,76.64,76.45,76.49,0.0
2025-03-11 08:00:00-04:00,76.49,76.99,75.96,76.51,0.0
2025-03-11 09:00:00-04:00,76.5,76.7,76.0,76.11,0.0
2025-03-11 09:30:00-04:00,75.91000366210938,76.08000183105469,74.36000061035156,74.85009765625,2798083.0
2025-03-11 10:30:00-04:00,74.8499984741211,75.17500305175781,74.56999969482422,74.83000183105469,1776113.0
2025-03-11 11:30:00-04:00,74.83000183105469,75.0199966430664,74.13999938964844,74.45999908447266,1010210.0
2025-03-11 12:30:00-04:00,74.47000122070312,74.51000213623047,73.62000274658203,73.9000015258789,1108756.0
2025-03-11 13:30:00-04:00,73.8949966430664,74.27999877929688,73.6500015258789,74.18000030517578,942434.0
2025-03-11 14:30:00-04:00,74.17500305175781,74.70999908447266,74.05999755859375,74.3949966430664,1092357.0
2025-03-11 15:30:00-04:00,74.41000366210938,74.55999755859375,74.12999725341797,74.16999816894531,1304677.0
2025-03-11 16:00:00-04:00,74.16,74.56,70.245,74.16,0.0
2025-03-11 17:00:00-04:00,74.15,74.34,74.03,74.21,0.0
2025-03-11 18:00:00-04:00,74.33,74.34,74.18,74.25,0.0
2025-03-11 19:00:00-04:00,74.1954,74.34,74.0,74.32,0.0
2025-03-12 04:00:00-04:00,74.47,74.75,74.17,74.57,0.0
2025-03-12 05:00:00-04:00,74.36,74.56,74.33,74.47,0.0
2025-03-12 06:00:00-04:00,74.44,74.57,74.39,74.55,0.0
2025-03-12 07:00:00-04:00,74.55,74.86,74.54,74.85,0.0
2025-03-12 08:00:00-04:00,74.8,75.4788,74.17,74.7,0.0
2025-03-12 09:00:00-04:00,74.85,75.63,74.4,74.4,0.0
2025-03-12 09:30:00-04:00,74.36000061035156,74.5,73.2300033569336,73.97000122070312,2635546.0
2025-03-12 10:30:00-04:00,73.97000122070312,74.0,73.37000274658203,73.61499786376953,1115500.0
2025-03-12 11:30:00-04:00,73.61499786376953,73.69999694824219,73.3550033569336,73.43499755859375,1005586.0
2025-03-12 12:30:00-04:00,73.45999908447266,73.77999877929688,73.37999725341797,73.7750015258789,952007.0
2025-03-12 13:30:00-04:00,73.7699966430664,73.94000244140625,73.46499633789062,73.69660186767578,738386.0
2025-03-12 14:30:00-04:00,73.7300033569336,73.80000305175781,73.41000366210938,73.51000213623047,1398417.0
2025-03-12 15:30:00-04:00,73.5199966430664,73.80000305175781,73.38999938964844,73.56999969482422,1656882.0
2025-03-12 16:00:00-04:00,73.58,73.7,69.6619,73.58,0.0
2025-03-12 17:00:00-04:00,73.58,73.58,73.55,73.58,0.0
2025-03-12 18:00:00-04:00,73.5,73.72,73.5,73.61,0.0
2025-03-12 19:00:00-04:00,73.68,73.85,73.6,73.85,0.0
2025-03-13 04:00:00-04:00,73.62,73.62,73.34,73.39,0.0
2025-03-13 05:00:00-04:00,73.39,73.59,73.39,73.56,0.0
2025-03-13 06:00:00-04:00,73.57,73.71,73.56,73.71,0.0
2025-03-13 07:00:00-04:00,73.76,73.86,73.61,73.68,0.0
2025-03-13 08:00:00-04:00,73.68,73.95,72.3958,73.57,0.0
2025-03-13 09:00:00-04:00,73.56,73.7,73.23,73.2758,0.0
2025-03-13 09:30:00-04:00,73.18000030517578,73.94000244140625,72.8499984741211,73.02359771728516,1746547.0
2025-03-13 10:30:00-04:00,73.02999877929688,73.19999694824219,72.2300033569336,72.33000183105469,1119783.0
2025-03-13 11:30:00-04:00,72.33000183105469,72.625,72.2699966430664,72.41999816894531,1062075.0
2025-03-13 12:30:00-04:00,72.41999816894531,72.63999938964844,71.80999755859375,71.86530303955078,906476.0
2025-03-13 13:30:00-04:00,71.86000061035156,72.67500305175781,71.66999816894531,72.62999725341797,1213360.0
2025-03-13 14:30:00-04:00,72.63999938964844,73.08000183105469,72.5426025390625,72.7499008178711,1527470.0
2025-03-13 15:30:00-04:00,72.75,72.90499877929688,72.56999969482422,72.625,1249129.0
2025-03-13 16:00:00-04:00,72.64,73.23,72.52,72.76,0.0
2025-03-13 17:00:00-04:00,72.77,72.86,72.64,72.7,0.0
2025-03-13 18:00:00-04:00,73.0,73.3,72.65,72.85,0.0
2025-03-13 19:00:00-04:00,72.85,73.17,72.8092,72.96,0.0
2025-03-14 04:00:00-04:00,73.54,73.54,72.68,73.1,0.0
2025-03-14 05:00:00-04:00,73.27,73.28,73.09,73.21,0.0
2025-03-14 06:00:00-04:00,73.23,73.56,73.23,73.43,0.0
2025-03-14 07:00:00-04:00,73.44,73.44,73.21,73.27,0.0
2025-03-14 08:00:00-04:00,73.26,73.5534,72.96,73.16,0.0
2025-03-14 09:00:00-04:00,73.11,78.59,72.64,73.25,0.0
2025-03-14 09:30:00-04:00,73.27999877929688,73.54000091552734,72.3499984741211,72.45999908447266,1364922.0
2025-03-14 10:30:00-04:00,72.44999694824219,72.5999984741211,72.0199966430664,72.05000305175781,1441448.0
2025-03-14 11:30:00-04:00,72.05000305175781,72.20600128173828,71.80999755859375,71.84500122070312,1193977.0
2025-03-14 12:30:00-04:00,71.84500122070312,72.08000183105469,71.47000122070312,71.5250015258789,1383482.0
2025-03-14 13:30:00-04:00,71.5199966430664,71.64099884033203,71.31500244140625,71.5250015258789,1213642.0
2025-03-14 14:30:00-04:00,71.52999877929688,71.63999938964844,71.41999816894531,71.4800033569336,1657350.0
2025-03-14 15:30:00-04:00,71.4749984741211,71.80999755859375,71.38999938964844,71.62999725341797,2056056.0
2025-03-14 16:00:00-04:00,71.63,71.8,68.4177,71.6585,0.0
2025-03-14 17:00:00-04:00,71.65,72.0,71.62,71.8799,0.0
2025-03-14 18:00:00-04:00,71.98,71.98,71.63,71.9,0.0
2025-03-14 19:00:00-04:00,71.9,71.99,71.75,71.8,0.0
2025-03-17 04:00:00-04:00,72.18,72.18,71.58,71.75,0.0
2025-03-17 05:00:00-04:00,71.74,71.74,71.58,71.65,0.0
2025-03-17 06:00:00-04:00,71.63,71.88,71.63,71.88,0.0
2025-03-17 07:00:00-04:00,71.85,71.9,71.74,71.76,0.0
2025-03-17 08:00:00-04:00,71.75,72.3988,71.5143,71.8809,0.0
2025-03-17 09:00:00-04:00,71.89,72.1,71.77,71.87,0.0
2025-03-17 09:30:00-04:00,72.13999938964844,73.94999694824219,72.02999877929688,73.0199966430664,3163597.0
2025-03-17 10:30:00-04:00,73.01000213623047,73.18000030517578,72.69000244140625,73.02999877929688,1607629.0
2025-03-17 11:30:00-04:00,73.01000213623047,73.11000061035156,72.80999755859375,72.88500213623047,1173322.0
2025-03-17 12:30:00-04:00,72.88500213623047,73.07499694824219,72.75,72.91500091552734,1002345.0
2025-03-17 13:30:00-04:00,72.91500091552734,73.54000091552734,72.8499984741211,73.36499786376953,1470576.0
2025-03-17 14:30:00-04:00,73.3499984741211,73.6500015258789,73.18000030517578,73.54000091552734,1207362.0
2025-03-17 15:30:00-04:00,73.54499816894531,73.9000015258789,73.45500183105469,73.66999816894531,2488156.0
2025-03-17 16:00:00-04:00,73.7,73.85,73.59,73.7,0.0
2025-03-17 17:00:00-04:00,73.72,73.89,73.5,73.7,0.0
2025-03-17 18:00:00-04:00,73.7,73.75,73.5,73.7,0.0
2025-03-17 19:00:00-04:00,73.7494,73.75,73.51,73.7,0.0
2025-03-18 04:00:00-04:00,73.89,74.26,73.7,73.81,0.0
2025-03-18 05:00:00-04:00,73.82,73.85,73.77,73.83,0.0
2025-03-18 06:00:00-04:00,73.83,73.96,73.72,73.79,0.0
2025-03-18 07:00:00-04:00,73.79,73.91,73.75,73.8,0.0
2025-03-18 08:00:00-04:00,73.8,73.9988,73.5,73.51,0.0
2025-03-18 09:00:00-04:00,73.6,73.6,73.16,73.45,0.0
2025-03-18 09:30:00-04:00,73.88999938964844,74.16000366210938,73.58000183105469,73.99500274658203,1891559.0
2025-03-18 10:30:00-04:00,73.98500061035156,74.05500030517578,73.2750015258789,73.27999877929688,907321.0
2025-03-18 11:30:00-04:00,73.27999877929688,73.4000015258789,73.06999969482422,73.16000366210938,682337.0
2025-03-18 12:30:00-04:00,73.1500015258789,73.19000244140625,72.72000122070312,73.04000091552734,952634.0
2025-03-18 13:30:00-04:00,73.05999755859375,73.3499984741211,73.05000305175781,73.125,840834.0
2025-03-18 14:30:00-04:00,73.12999725341797,73.45999908447266,73.09500122070312,73.44100189208984,880765.0
2025-03-18 15:30:00-04:00,73.44000244140625,73.47000122070312,73.25,73.30999755859375,971114.0
2025-03-18 16:00:00-04:00,73.31,73.9,73.24,73.4,0.0
2025-03-18 17:00:00-04:00,73.3,73.49,73.3,73.49,0.0
2025-03-18 18:00:00-04:00,73.49,73.49,73.1,73.4,0.0
2025-03-18 19:00:00-04:00,73.4803,73.49,73.1411,73.48,0.0
2025-03-19 04:00:00-04:00,73.46,73.53,73.33,73.41,0.0
2025-03-19 05:00:00-04:00,73.55,73.58,73.38,73.39,0.0
2025-03-19 06:00:00-04:00,73.45,73.52,73.31,73.35,0.0
2025-03-19 07:00:00-04:00,73.35,73.51,73.33,73.41,0.0
2025-03-19 08:00:00-04:00,73.39,73.7733,73.25,73.4,0.0
2025-03-19 09:00:00-04:00,73.4,73.4,73.2,73.3,0.0
2025-03-19 09:30:00-04:00,72.69000244140625,73.36000061035156,72.29000091552734,73.2699966430664,2273130.0
2025-03-19 10:30:00-04:00,73.2699966430664,73.43000030517578,72.68000030517578,72.97000122070312,991188.0
2025-03-19 11:30:00-04:00,72.95999908447266,73.11000061035156,72.75499725341797,72.81500244140625,793676.0
2025-03-19 12:30:00-04:00,72.81500244140625,72.91999816894531,72.5250015258789,72.55999755859375,930996.0
2025-03-19 13:30:00-04:00,72.56999969482422,72.65499877929688,72.29000091552734,72.46810150146484,1052499.0
2025-03-19 14:30:00-04:00,72.45999908447266,73.1500015258789,72.45500183105469,72.80999755859375,1782801.0
2025-03-19 15:30:00-04:00,72.81390380859375,73.00499725341797,72.76000213623047,72.97000122070312,1181086.0
2025-03-19 16:00:00-04:00,72.98,73.18,72.52,73.17,0.0
2025-03-19 17:00:00-04:00,73.1799,76.1883,73.17,73.25,0.0
2025-03-19 18:00:00-04:00,73.24,73.25,73.0,73.2,0.0
2025-03-19 19:00:00-04:00,73.2,73.56,73.11,73.35,0.0
2025-03-20 04:00:00-04:00,73.45,73.72,73.13,73.2,0.0
2025-03-20 05:00:00-04:00,73.21,73.36,73.06,73.06,0.0
2025-03-20 06:00:00-04:00,73.07,73.21,72.56,72.72,0.0
2025-03-20 07:00:00-04:00,72.69,73.07,72.59,72.9,0.0
2025-03-20 08:00:00-04:00,72.85,73.9988,72.65,72.82,0.0
2025-03-20 09:00:00-04:00,72.83,73.25,72.6,72.72,0.0
2025-03-20 09:30:00-04:00,72.91999816894531,73.55000305175781,72.01000213623047,73.37999725341797,3272429.0
2025-03-20 10:30:00-04:00,73.37999725341797,73.6500015258789,73.08999633789062,73.29000091552734,1677499.0
2025-03-20 11:30:00-04:00,73.27999877929688,73.27999877929688,72.3499984741211,72.41999816894531,1644876.0
2025-03-20 12:30:00-04:00,72.4000015258789,72.75,72.31999969482422,72.41999816894531,1952320.0
2025-03-20 13:30:00-04:00,72.41999816894531,72.61060333251953,72.16000366210938,72.20999908447266,1843981.0
2025-03-20 14:30:00-04:00,72.22000122070312,72.36990356445312,71.94499969482422,71.9800033569336,2161122.0
2025-03-20 15:30:00-04:00,71.9800033569336,72.18499755859375,71.5199966430664,71.86000061035156,3622496.0
2025-03-20 16:00:00-04:00,71.86,77.0,71.22,73.3,0.0
2025-03-20 17:00:00-04:00,73.3499,73.5,67.98,68.67,0.0
2025-03-20 18:00:00-04:00,68.6697,69.0,68.07,68.31,0.0
2025-03-20 19:00:00-04:00,68.31,68.47,68.08,68.17,0.0
2025-03-21 04:00:00-04:00,69.0,69.0,68.25,68.65,0.0
2025-03-21 05:00:00-04:00,68.65,68.67,67.59,67.8,0.0
2025-03-21 06:00:00-04:00,67.8,68.13,67.1,67.51,0.0
2025-03-21 07:00:00-04:00,67.44,67.96,67.02,67.26,0.0
2025-03-21 08:00:00-04:00,67.34,68.86,66.43,66.75,0.0
2025-03-21 09:00:00-04:00,66.73,71.86,65.74,65.95,0.0
2025-03-21 09:30:00-04:00,66.58999633789062,68.2699966430664,65.17009735107422,66.9000015258789,27322269.0
2025-03-21 10:30:00-04:00,66.9000015258789,67.56999969482422,66.66000366210938,67.49500274658203,8534032.0
2025-03-21 11:30:00-04:00,67.49500274658203,68.37999725341797,67.43000030517578,68.20500183105469,6457158.0
2025-03-21 12:30:00-04:00,68.20500183105469,68.7300033569336,67.62000274658203,67.63899993896484,4800697.0
2025-03-21 13:30:00-04:00,67.63009643554688,67.94000244140625,67.12000274658203,67.62000274658203,4097956.0
2025-03-21 14:30:00-04:00,67.5999984741211,68.08999633789062,67.43000030517578,67.83000183105469,4394632.0
2025-03-21 15:30:00-04:00,67.83000183105469,68.22000122070312,67.45980072021484,67.94000244140625,5445938.0
2025-03-21 16:00:00-04:00,67.94,68.1,67.65,68.04,0.0
2025-03-21 17:00:00-04:00,68.04,68.08,67.7183,68.07,0.0
2025-03-21 18:00:00-04:00,68.0692,68.15,67.2695,68.13,0.0
2025-03-21 19:00:00-04:00,68.13,68.15,67.95,67.99,0.0
2025-03-24 04:00:00-04:00,68.67,68.67,68.38,68.52,0.0
2025-03-24 05:00:00-04:00,68.52,68.6,68.47,68.53,0.0
2025-03-24 06:00:00-04:00,68.53,68.54,68.42,68.46,0.0
2025-03-24 07:00:00-04:00,68.48,68.48,68.2,68.31,0.0
2025-03-24 08:00:00-04:00,68.31,68.6688,68.2,68.4,0.0
2025-03-24 09:00:00-04:00,68.36,68.65,67.94,68.65,0.0
2025-03-24 09:30:00-04:00,68.55999755859375,68.88999938964844,67.16999816894531,67.29000091552734,5000192.0
2025-03-24 10:30:00-04:00,67.29000091552734,67.30999755859375,66.86000061035156,67.0,3012147.0
2025-03-24 11:30:00-04:00,67.00499725341797,67.1500015258789,66.9000015258789,67.05500030517578,2476261.0
2025-03-24 12:30:00-04:00,67.05500030517578,67.41999816894531,67.02999877929688,67.41000366210938,2355898.0
2025-03-24 13:30:00-04:00,67.40499877929688,67.43000030517578,66.68499755859375,66.83999633789062,3347903.0
2025-03-24 14:30:00-04:00,66.83499908447266,67.44999694824219,66.80000305175781,67.3949966430664,2969807.0
2025-03-24 15:30:00-04:00,67.4000015258789,67.56500244140625,67.2699966430664,67.38999938964844,3653177.0
2025-03-24 16:00:00-04:00,67.39,67.45,65.6847,67.3,0.0
2025-03-24 17:00:00-04:00,67.36,67.52,65.6847,67.45,0.0
2025-03-24 18:00:00-04:00,67.4488,67.53,67.35,67.4,0.0
2025-03-24 19:00:00-04:00,67.4,67.46,67.33,67.37,0.0
2025-03-25 04:00:00-04:00,67.4,67.5,67.33,67.36,0.0
2025-03-25 05:00:00-04:00,67.36,67.66,67.33,67.58,0.0
2025-03-25 06:00:00-04:00,67.58,67.7,67.56,67.59,0.0
2025-03-25 07:00:00-04:00,67.59,67.78,67.57,67.68,0.0
2025-03-25 08:00:00-04:00,67.68,67.78,67.19,67.69,0.0
2025-03-25 09:00:00-04:00,67.69,67.85,67.39,67.78,0.0
2025-03-25 09:30:00-04:00,67.55999755859375,68.04959869384766,66.77999877929688,66.92500305175781,3644872.0
2025-03-25 10:30:00-04:00,66.92420196533203,66.94000244140625,66.5,66.52999877929688,2422598.0
2025-03-25 11:30:00-04:00,66.5250015258789,66.72000122070312,66.4800033569336,66.63999938964844,1488319.0
2025-03-25 12:30:00-04:00,66.62999725341797,66.64839935302734,66.3550033569336,66.41500091552734,1258184.0
2025-03-25 13:30:00-04:00,66.41500091552734,66.55500030517578,66.25,66.29000091552734,1334111.0
2025-03-25 14:30:00-04:00,66.29000091552734,66.52999877929688,66.23500061035156,66.44499969482422,1510676.0
2025-03-25 15:30:00-04:00,66.44999694824219,66.70999908447266,66.3499984741211,66.54000091552734,2148364.0
2025-03-25 16:00:00-04:00,66.54,73.8832,66.41,66.56,0.0
2025-03-25 17:00:00-04:00,66.57,70.245,66.52,66.59,0.0
2025-03-25 18:00:00-04:00,66.59,66.6,66.5198,66.56,0.0
2025-03-25 19:00:00-04:00,66.56,66.56,66.5,66.56,0.0
2025-03-26 04:00:00-04:00,66.56,68.39,66.56,66.67,0.0
2025-03-26 05:00:00-04:00,66.66,66.7,66.62,66.67,0.0
2025-03-26 06:00:00-04:00,66.67,66.69,66.64,66.65,0.0
2025-03-26 07:00:00-04:00,66.67,66.7,66.56,66.62,0.0
2025-03-26 08:00:00-04:00,66.62,67.3788,66.5,66.6,0.0
2025-03-26 09:00:00-04:00,66.6,77.9851,66.5242,66.57,0.0
2025-03-26 09:30:00-04:00,66.37999725341797,66.58999633789062,65.82499694824219,65.99500274658203,3218176.0
2025-03-26 10:30:00-04:00,65.99500274658203,66.13500213623047,65.80500030517578,65.83000183105469,1515914.0
2025-03-26 11:30:00-04:00,65.83999633789062,65.875,65.4000015258789,65.54000091552734,1843672.0
2025-03-26 12:30:00-04:00,65.55000305175781,65.55000305175781,65.1240005493164,65.12550354003906,1733607.0
2025-03-26 13:30:00-04:00,65.12000274658203,65.25,65.05999755859375,65.24500274658203,1293199.0
2025-03-26 14:30:00-04:00,65.24500274658203,65.26499938964844,64.94999694824219,65.07499694824219,2128690.0
2025-03-26 15:30:00-04:00,65.08000183105469,65.87999725341797,65.04000091552734,65.73999786376953,3257119.0
2025-03-26 16:00:00-04:00,65.73,69.6619,64.982,65.71,0.0
2025-03-26 17:00:00-04:00,65.72,65.81,65.25,65.71,0.0
2025-03-26 18:00:00-04:00,65.64,65.71,65.5,65.58,0.0
2025-03-26 19:00:00-04:00,65.5015,65.57,65.27,65.3013,0.0
2025-03-27 04:00:00-04:00,65.74,65.74,65.35,65.62,0.0
2025-03-27 05:00:00-04:00,65.62,65.8,65.47,65.7,0.0
2025-03-27 06:00:00-04:00,65.7,65.8,65.6,65.71,0.0
2025-03-27 07:00:00-04:00,65.72,65.77,65.63,65.63,0.0
2025-03-27 08:00:00-04:00,65.62,65.8,65.4365,65.57,0.0
2025-03-27 09:00:00-04:00,65.6,65.78,65.57,65.66,0.0
2025-03-27 09:30:00-04:00,65.5,66.80999755859375,65.29000091552734,66.69999694824219,3379561.0
2025-03-27 10:30:00-04:00,66.69999694824219,67.0999984741211,66.58999633789062,66.875,2738995.0
2025-03-27 11:30:00-04:00,66.875,66.87999725341797,66.36000061035156,66.5199966430664,1951075.0
2025-03-27 12:30:00-04:00,66.5199966430664,66.66000366210938,66.27999877929688,66.30000305175781,1483880.0
2025-03-27 13:30:00-04:00,66.29499816894531,66.33000183105469,66.02999877929688,66.11499786376953,1144604.0
2025-03-27 14:30:00-04:00,66.11499786376953,66.36000061035156,65.95999908447266,66.33180236816406,1414682.0
2025-03-27 15:30:00-04:00,66.33499908447266,66.33499908447266,65.77999877929688,65.80999755859375,2002888.0
2025-03-27 16:00:00-04:00,65.8,86.5486,65.7,66.05,0.0
2025-03-27 17:00:00-04:00,66.04,66.05,65.8,66.03,0.0
2025-03-27 18:00:00-04:00,66.0296,66.03,65.85,65.95,0.0
2025-03-27 19:00:00-04:00,66.03,66.03,65.8,65.86,0.0
2025-03-28 04:00:00-04:00,66.0,66.49,65.78,65.82,0.0
2025-03-28 05:00:00-04:00,65.81,66.13,65.65,66.13,0.0
2025-03-28 06:00:00-04:00,66.07,66.18,66.0,66.12,0.0
2025-03-28 07:00:00-04:00,66.12,66.32,66.05,66.12,0.0
2025-03-28 08:00:00-04:00,66.11,66.49,65.75,66.15,0.0
2025-03-28 09:00:00-04:00,66.18,66.25,65.67,65.95,0.0
2025-03-28 09:30:00-04:00,65.86000061035156,65.86000061035156,64.04000091552734,64.09500122070312,3865807.0
2025-03-28 10:30:00-04:00,64.09500122070312,64.2750015258789,63.880001068115234,64.0,2633898.0
2025-03-28 11:30:00-04:00,63.994998931884766,64.12999725341797,63.70000076293945,63.72999954223633,2305873.0
2025-03-28 12:30:00-04:00,63.72880172729492,63.77000045776367,63.34000015258789,63.474998474121094,2168917.0
2025-03-28 13:30:00-04:00,63.47129821777344,63.56999969482422,63.21500015258789,63.2599983215332,1821789.0
2025-03-28 14:30:00-04:00,63.255001068115234,63.3849983215332,63.13999938964844,63.279998779296875,1707130.0
2025-03-28 15:30:00-04:00,63.28499984741211,63.439998626708984,63.224998474121094,63.290000915527344,2486605.0
2025-03-28 16:00:00-04:00,63.29,68.4177,63.15,63.2693,0.0
2025-03-28 17:00:00-04:00,63.27,74.6032,63.14,63.2,0.0
2025-03-28 18:00:00-04:00,63.21,63.29,63.15,63.29,0.0
2025-03-28 19:00:00-04:00,63.29,63.29,63.12,63.17,0.0
2025-03-31 04:00:00-04:00,63.42,63.42,63.0,63.0,0.0
2025-03-31 05:00:00-04:00,63.02,63.09,62.76,62.86,0.0
2025-03-31 06:00:00-04:00,62.9,62.95,62.75,62.94,0.0
2025-03-31 07:00:00-04:00,62.94,63.13,62.68,62.68,0.0
2025-03-31 08:00:00-04:00,62.69,63.2788,62.36,62.64,0.0
2025-03-31 09:00:00-04:00,62.6,62.7,62.5,62.65,0.0
2025-03-31 09:30:00-04:00,62.84000015258789,63.9900016784668,62.650001525878906,63.59000015258789,3990709.0
2025-03-31 10:30:00-04:00,63.59000015258789,63.970001220703125,63.470001220703125,63.505001068115234,1672911.0
2025-03-31 11:30:00-04:00,63.5,63.55500030517578,63.04999923706055,63.33000183105469,1510938.0
2025-03-31 12:30:00-04:00,63.31999969482422,63.400001525878906,63.029998779296875,63.18000030517578,1327428.0
2025-03-31 13:30:00-04:00,63.16999816894531,63.674400329589844,62.9900016784668,63.6349983215332,1288953.0
2025-03-31 14:30:00-04:00,63.6349983215332,63.79499816894531,63.400001525878906,63.6150016784668,1503579.0
2025-03-31 15:30:00-04:00,63.61000061035156,63.900001525878906,63.47999954223633,63.5099983215332,2275132.0
2025-03-31 16:00:00-04:00,63.51,69.782,63.33,63.42,0.0
2025-03-31 17:00:00-04:00,63.42,86.5748,63.33,63.4695,0.0
2025-03-31 18:00:00-04:00,63.4687,63.77,63.33,63.46,0.0
2025-03-31 19:00:00-04:00,63.46,63.77,63.4,63.47,0.0
2025-04-01 04:00:00-04:00,63.49,63.97,63.49,63.88,0.0
2025-04-01 05:00:00-04:00,63.85,63.92,63.79,63.89,0.0
2025-04-01 06:00:00-04:00,63.85,64.12,63.84,63.86,0.0
2025-04-01 07:00:00-04:00,63.83,63.87,63.66,63.66,0.0
2025-04-01 08:00:00-04:00,63.66,64.03,63.45,63.75,0.0
2025-04-01 09:00:00-04:00,63.7497,63.87,63.48,63.71,0.0
2025-04-01 09:30:00-04:00,63.83000183105469,64.04000091552734,63.29999923706055,63.7599983215332,2943868.0
2025-04-01 10:30:00-04:00,63.755001068115234,64.52999877929688,63.709999084472656,64.2699966430664,1560575.0
2025-04-01 11:30:00-04:00,64.26000213623047,65.04000091552734,64.23999786376953,64.73500061035156,1649912.0
2025-04-01 12:30:00-04:00,64.7300033569336,65.02999877929688,64.52999877929688,64.85859680175781,1060496.0
2025-04-01 13:30:00-04:00,64.8550033569336,65.16000366210938,64.76000213623047,64.80999755859375,1352068.0
2025-04-01 14:30:00-04:00,64.81999969482422,64.91999816894531,64.61000061035156,64.65499877929688,1408861.0
2025-04-01 15:30:00-04:00,64.66000366210938,64.88999938964844,64.63500213623047,64.77999877929688,1694531.0
2025-04-01 16:00:00-04:00,64.76,65.1085,64.65,64.76,0.0
2025-04-01 17:00:00-04:00,64.7637,65.1085,64.76,64.9,0.0
2025-04-01 18:00:00-04:00,64.8699,65.0,64.76,64.89,0.0
2025-04-01 19:00:00-04:00,64.85,64.9,64.76,64.86,0.0
2025-04-02 04:00:00-04:00,64.8,64.89,64.69,64.76,0.0
2025-04-02 05:00:00-04:00,64.76,64.78,64.71,64.77,0.0
2025-04-02 06:00:00-04:00,64.76,64.8,64.54,64.68,0.0
2025-04-02 07:00:00-04:00,64.63,64.7,64.32,64.41,0.0
2025-04-02 08:00:00-04:00,64.4,64.9888,64.2,64.22,0.0
2025-04-02 09:00:00-04:00,64.2,64.47,64.11,64.35,0.0
2025-04-02 09:30:00-04:00,64.30000305175781,64.81999969482422,64.16000366210938,64.44499969482422,1598871.0
2025-04-02 10:30:00-04:00,64.44499969482422,64.69499969482422,64.33999633789062,64.6500015258789,1603153.0
2025-04-02 11:30:00-04:00,64.65499877929688,65.0,64.5,64.56809997558594,804871.0
2025-04-02 12:30:00-04:00,64.56500244140625,65.4000015258789,64.55999755859375,65.16500091552734,1103150.0
2025-04-02 13:30:00-04:00,65.16419982910156,65.16500091552734,64.51000213623047,64.51000213623047,991615.0
2025-04-02 14:30:00-04:00,64.51499938964844,64.88999938964844,64.5,64.83999633789062,754365.0
2025-04-02 15:30:00-04:00,64.83149719238281,65.20500183105469,64.79010009765625,64.97000122070312,1292144.0
2025-04-02 16:00:00-04:00,64.965,65.43,60.81,60.86,0.0
2025-04-02 17:00:00-04:00,60.87,60.97,60.1,60.35,0.0
2025-04-02 18:00:00-04:00,60.35,60.75,60.04,60.5,0.0
2025-04-02 19:00:00-04:00,60.53,60.53,60.2,60.21,0.0
2025-04-03 04:00:00-04:00,61.0,61.0,59.2,59.56,0.0
2025-04-03 05:00:00-04:00,59.59,59.63,58.9,59.15,0.0
2025-04-03 06:00:00-04:00,59.15,59.46,58.8,58.8,0.0
2025-04-03 07:00:00-04:00,58.83,58.94,58.34,58.55,0.0
2025-04-03 08:00:00-04:00,58.55,60.9,57.3,57.45,0.0
2025-04-03 09:00:00-04:00,57.45,66.91,55.2,56.1023,0.0
2025-04-03 09:30:00-04:00,56.3650016784668,58.5,56.02000045776367,56.4370002746582,24091233.0
2025-04-03 10:30:00-04:00,56.43000030517578,58.0,56.15010070800781,57.44990158081055,9698372.0
2025-04-03 11:30:00-04:00,57.44499969482422,58.68000030517578,57.400001525878906,58.1349983215332,9037840.0
2025-04-03 12:30:00-04:00,58.1349983215332,58.21989822387695,57.029998779296875,57.04499816894531,4569698.0
2025-04-03 13:30:00-04:00,57.04100036621094,57.19900131225586,56.349998474121094,56.625,5268047.0
2025-04-03 14:30:00-04:00,56.625,56.654998779296875,55.75,55.939998626708984,7905293.0
2025-04-03 15:30:00-04:00,55.939998626708984,56.334999084472656,55.400001525878906,55.560001373291016,7771251.0
2025-04-03 16:00:00-04:00,55.565,80.459,55.22,56.1,0.0
2025-04-03 17:00:00-04:00,56.1,80.459,55.58,56.16,0.0
2025-04-03 18:00:00-04:00,56.1599,56.24,55.8,56.0,0.0
2025-04-03 19:00:00-04:00,55.9997,56.1,55.85,55.96,0.0
2025-04-04 04:00:00-04:00,56.3,56.32,55.78,56.08,0.0
2025-04-04 05:00:00-04:00,56.05,56.19,55.82,55.89,0.0
2025-04-04 06:00:00-04:00,55.89,55.89,53.84,54.0,0.0
2025-04-04 07:00:00-04:00,53.96,54.88,51.76,51.88,0.0
2025-04-04 08:00:00-04:00,51.88,56.3688,50.88,52.3599,0.0
2025-04-04 09:00:00-04:00,52.3599,53.0,51.91,52.42,0.0
2025-04-04 09:30:00-04:00,53.220001220703125,54.220001220703125,52.5,53.59000015258789,12747929.0
2025-04-04 10:30:00-04:00,53.59000015258789,58.880001068115234,53.0,57.559898376464844,20686563.0
2025-04-04 11:30:00-04:00,57.559898376464844,58.84000015258789,56.90999984741211,58.52069854736328,10713263.0
2025-04-04 12:30:00-04:00,58.52000045776367,58.665000915527344,57.18000030517578,57.92499923706055,5065649.0
2025-04-04 13:30:00-04:00,57.91999816894531,58.91999816894531,57.31999969482422,57.75,4132835.0
2025-04-04 14:30:00-04:00,57.75,59.165000915527344,57.29999923706055,58.81010055541992,5487458.0
2025-04-04 15:30:00-04:00,58.81999969482422,59.220001220703125,57.08000183105469,57.2400016784668,5249957.0
2025-04-04 16:00:00-04:00,57.23,58.4262,57.005,57.14,0.0
2025-04-04 17:00:00-04:00,57.15,57.25,57.0,57.19,0.0
2025-04-04 18:00:00-04:00,57.0,57.2,57.0,57.0007,0.0
2025-04-04 19:00:00-04:00,57.01,57.2,57.0,57.05,0.0
2025-04-07 04:00:00-04:00,55.58,56.11,54.0,54.43,0.0
2025-04-07 05:00:00-04:00,54.46,55.13,53.48,53.93,0.0
2025-04-07 06:00:00-04:00,54.06,56.1,53.84,55.53,0.0
2025-04-07 07:00:00-04:00,55.55,57.0,55.33,55.91,0.0
2025-04-07 08:00:00-04:00,55.92,56.82,53.4806,55.93,0.0
2025-04-07 09:00:00-04:00,55.9,56.25,54.8,55.48,0.0
2025-04-07 09:30:00-04:00,54.84000015258789,57.18000030517578,53.400001525878906,54.70209884643555,13138807.0
2025-04-07 10:30:00-04:00,54.68000030517578,55.65999984741211,53.689998626708984,53.724998474121094,5545802.0
2025-04-07 11:30:00-04:00,53.72999954223633,54.65999984741211,53.560001373291016,54.18000030517578,2999605.0
2025-04-07 12:30:00-04:00,54.150001525878906,54.7400016784668,53.439998626708984,54.560001373291016,3933015.0
2025-04-07 13:30:00-04:00,54.540000915527344,55.290000915527344,54.150001525878906,54.654998779296875,3836187.0
2025-04-07 14:30:00-04:00,54.65999984741211,55.52000045776367,54.640098571777344,54.810001373291016,5227358.0
2025-04-07 15:30:00-04:00,54.810001373291016,55.689998626708984,54.810001373291016,55.66999816894531,6342554.0
2025-04-07 16:00:00-04:00,55.67,65.6847,55.32,55.95,0.0
2025-04-07 17:00:00-04:00,55.949,56.16,55.61,56.1,0.0
2025-04-07 18:00:00-04:00,56.1,63.29,55.87,56.25,0.0
2025-04-07 19:00:00-04:00,56.11,56.46,56.0,56.4,0.0
2025-04-08 04:00:00-04:00,56.61,57.47,56.61,56.75,0.0
2025-04-08 05:00:00-04:00,56.82,57.36,56.74,57.07,0.0
2025-04-08 06:00:00-04:00,57.16,57.4,56.84,57.34,0.0
2025-04-08 07:00:00-04:00,57.29,57.91,57.25,57.74,0.0
2025-04-08 08:00:00-04:00,57.73,58.635,55.81,58.46,0.0
2025-04-08 09:00:00-04:00,58.46,58.67,58.05,58.45,0.0
2025-04-08 09:30:00-04:00,58.77000045776367,58.77000045776367,56.290000915527344,57.82500076293945,6801265.0
2025-04-08 10:30:00-04:00,57.82500076293945,57.900001525878906,56.09000015258789,56.112998962402344,3479020.0
2025-04-08 11:30:00-04:00,56.099998474121094,56.541900634765625,55.5,55.869998931884766,1899463.0
2025-04-08 12:30:00-04:00,55.8650016784668,55.93000030517578,53.95000076293945,54.02000045776367,3076934.0
2025-04-08 13:30:00-04:00,54.0,55.33000183105469,53.70000076293945,53.7599983215332,3868405.0
2025-04-08 14:30:00-04:00,53.779998779296875,54.40999984741211,53.0099983215332,53.290000915527344,2978554.0
2025-04-08 15:30:00-04:00,53.279998779296875,53.349998474121094,52.369998931884766,53.290000915527344,4303343.0
2025-04-08 16:00:00-04:00,53.29,73.8832,53.06,53.64,0.0
2025-04-08 17:00:00-04:00,53.61,53.91,53.27,53.8888,0.0
2025-04-08 18:00:00-04:00,53.86,53.89,52.51,53.01,0.0
2025-04-08 19:00:00-04:00,53.0098,53.01,52.33,52.5885,0.0
2025-04-09 04:00:00-04:00,53.65,54.4,53.65,54.0,0.0
2025-04-09 05:00:00-04:00,54.0,54.84,53.5,54.58,0.0
2025-04-09 06:00:00-04:00,54.54,54.65,53.93,54.0,0.0
2025-04-09 07:00:00-04:00,53.99,54.4,52.52,52.93,0.0
2025-04-09 08:00:00-04:00,52.92,54.67,52.05,52.24,0.0
2025-04-09 09:00:00-04:00,52.24,53.5,51.86,53.13,0.0
2025-04-09 09:30:00-04:00,53.279998779296875,54.2400016784668,52.79999923706055,53.375,6914558.0
2025-04-09 10:30:00-04:00,53.369998931884766,53.81999969482422,52.91999816894531,53.245033264160156,3301308.0
2025-04-09 11:30:00-04:00,53.27000045776367,53.38999938964844,52.47999954223633,53.2400016784668,2466870.0
2025-04-09 12:30:00-04:00,53.255001068115234,57.65999984741211,52.790000915527344,57.165000915527344,7328850.0
2025-04-09 13:30:00-04:00,57.157501220703125,59.4463005065918,56.790000915527344,59.189998626708984,9844099.0
2025-04-09 14:30:00-04:00,59.19499969482422,59.45000076293945,57.4900016784668,59.040000915527344,5464154.0
2025-04-09 15:30:00-04:00,59.02119827270508,59.54999923706055,58.5,59.29999923706055,5637338.0
2025-04-09 16:00:00-04:00,59.34,59.49,58.8,59.37,0.0
2025-04-09 17:00:00-04:00,59.4,59.5,58.85,58.85,0.0
2025-04-09 18:00:00-04:00,58.97,59.43,58.8,59.29,0.0
2025-04-09 19:00:00-04:00,59.2,59.49,59.01,59.23,0.0
2025-04-10 04:00:00-04:00,58.52,59.2,57.76,57.84,0.0
2025-04-10 05:00:00-04:00,57.85,57.98,57.32,57.59,0.0
2025-04-10 06:00:00-04:00,57.64,58.19,57.59,58.1,0.0
2025-04-10 07:00:00-04:00,58.13,58.22,57.65,57.79,0.0
2025-04-10 08:00:00-04:00,57.79,59.76,57.36,57.51,0.0
2025-04-10 09:00:00-04:00,57.55,59.32,57.29,57.9,0.0
2025-04-10 09:30:00-04:00,57.224998474121094,57.25,53.709999084472656,53.974998474121094,12180301.0
2025-04-10 10:30:00-04:00,53.974998474121094,54.43000030517578,53.15999984741211,53.269901275634766,7053573.0
2025-04-10 11:30:00-04:00,53.275001525878906,53.400001525878906,52.380001068115234,52.56209945678711,6256985.0
2025-04-10 12:30:00-04:00,52.560001373291016,53.540000915527344,52.279998779296875,52.54999923706055,5773172.0
2025-04-10 13:30:00-04:00,52.55500030517578,54.43000030517578,52.43000030517578,54.30500030517578,7163059.0
2025-04-10 14:30:00-04:00,54.30500030517578,54.810001373291016,53.620201110839844,54.20500183105469,6917341.0
2025-04-10 15:30:00-04:00,54.209999084472656,54.55500030517578,53.54999923706055,54.400001525878906,6460043.0
2025-04-10 16:00:00-04:00,54.4,54.5,54.02,54.45,0.0
2025-04-10 17:00:00-04:00,54.45,54.45,52.4262,54.3,0.0
2025-04-10 18:00:00-04:00,54.3,54.62,54.24,54.45,0.0
2025-04-10 19:00:00-04:00,54.49,54.62,54.08,54.1,0.0
2025-04-11 04:00:00-04:00,55.0,55.0,54.03,54.19,0.0
2025-04-11 05:00:00-04:00,54.18,54.23,53.59,54.23,0.0
2025-04-11 06:00:00-04:00,54.23,55.0,54.23,54.87,0.0
2025-04-11 07:00:00-04:00,54.84,54.94,54.5,54.51,0.0
2025-04-11 08:00:00-04:00,54.5,55.41,53.8642,54.52,0.0
2025-04-11 09:00:00-04:00,54.53,54.65,53.72,53.88,0.0
2025-04-11 09:30:00-04:00,54.400001525878906,54.630001068115234,52.93000030517578,52.959999084472656,4983209.0
2025-04-11 10:30:00-04:00,52.970001220703125,53.880001068115234,52.86000061035156,53.5,3212694.0
2025-04-11 11:30:00-04:00,53.505001068115234,54.1068000793457,53.20000076293945,53.900001525878906,2351590.0
2025-04-11 12:30:00-04:00,53.91999816894531,54.77000045776367,53.90999984741211,54.0,2320746.0
2025-04-11 13:30:00-04:00,54.025001525878906,55.029998779296875,53.89500045776367,54.150001525878906,2508930.0
2025-04-11 14:30:00-04:00,54.16859817504883,54.43000030517578,53.959999084472656,54.33000183105469,2458521.0
2025-04-11 15:30:00-04:00,54.33000183105469,54.63999938964844,54.189998626708984,54.369998931884766,3132543.0
2025-04-11 16:00:00-04:00,54.39,54.74,54.14,54.61,0.0
2025-04-11 17:00:00-04:00,54.58,54.65,54.33,54.45,0.0
2025-04-11 18:00:00-04:00,54.45,54.5,54.3,54.39,0.0
2025-04-11 19:00:00-04:00,54.39,54.42,54.3,54.3498,0.0
2025-04-14 04:00:00-04:00,55.14,55.57,55.02,55.23,0.0
2025-04-14 05:00:00-04:00,55.2,55.35,55.14,55.28,0.0
2025-04-14 06:00:00-04:00,55.28,55.3,55.0,55.2,0.0
2025-04-14 07:00:00-04:00,55.16,55.2,54.99,55.09,0.0
2025-04-14 08:00:00-04:00,55.11,55.6888,54.91,55.29,0.0
2025-04-14 09:00:00-04:00,55.2,55.5,55.2,55.461,0.0
2025-04-14 09:30:00-04:00,55.63999938964844,56.22999954223633,55.32500076293945,56.11000061035156,4791271.0
2025-04-14 10:30:00-04:00,56.11000061035156,56.68989944458008,55.900001525878906,55.92499923706055,3221240.0
2025-04-14 11:30:00-04:00,55.939998626708984,56.4900016784668,54.66999816894531,54.880001068115234,2596931.0
2025-04-14 12:30:00-04:00,54.880001068115234,55.755001068115234,54.8650016784668,55.435001373291016,1822214.0
2025-04-14 13:30:00-04:00,55.45000076293945,55.779998779296875,55.349998474121094,55.58369827270508,1371797.0
2025-04-14 14:30:00-04:00,55.58000183105469,55.75,55.39500045776367,55.73500061035156,1697754.0
2025-04-14 15:30:00-04:00,55.73500061035156,55.814998626708984,55.349998474121094,55.400001525878906,2166380.0
2025-04-14 16:00:00-04:00,55.4,55.68,54.5,55.42,0.0
2025-04-14 17:00:00-04:00,55.42,55.42,55.2,55.36,0.0
2025-04-14 18:00:00-04:00,55.37,55.46,55.2,55.25,0.0
2025-04-14 19:00:00-04:00,55.25,55.4,55.2,55.3,0.0
2025-04-15 04:00:00-04:00,56.09,56.09,55.69,55.78,0.0
2025-04-15 05:00:00-04:00,55.78,55.81,55.6,55.69,0.0
2025-04-15 06:00:00-04:00,55.69,55.89,55.61,55.76,0.0
2025-04-15 07:00:00-04:00,55.83,55.89,55.49,55.51,0.0
2025-04-15 08:00:00-04:00,55.51,56.09,54.9,54.9003,0.0
2025-04-15 09:00:00-04:00,55.09,55.24,54.9,55.24,0.0
2025-04-15 09:30:00-04:00,54.68000030517578,55.39339828491211,54.41999816894531,54.82500076293945,3344766.0
2025-04-15 10:30:00-04:00,54.83000183105469,54.959999084472656,54.529998779296875,54.77000045776367,1618110.0
2025-04-15 11:30:00-04:00,54.779998779296875,54.869998931884766,54.380001068115234,54.53499984741211,1333757.0
2025-04-15 12:30:00-04:00,54.540000915527344,54.654998779296875,54.25,54.310001373291016,1242466.0
2025-04-15 13:30:00-04:00,54.29999923706055,54.4379997253418,54.16659927368164,54.3849983215332,1746272.0
2025-04-15 14:30:00-04:00,54.380001068115234,54.904998779296875,54.380001068115234,54.724998474121094,2187009.0
2025-04-15 15:30:00-04:00,54.72999954223633,54.880001068115234,54.53499984741211,54.81999969482422,2001758.0
2025-04-15 16:00:00-04:00,54.8,54.96,54.58,54.79,0.0
2025-04-15 17:00:00-04:00,54.7884,54.9,54.23,54.23,0.0
2025-04-15 18:00:00-04:00,54.45,54.59,54.23,54.48,0.0
2025-04-15 19:00:00-04:00,54.45,54.5,54.33,54.4,0.0
2025-04-16 04:00:00-04:00,54.4,54.4,53.95,54.19,0.0
2025-04-16 05:00:00-04:00,54.36,55.3,54.21,54.89,0.0
2025-04-16 06:00:00-04:00,54.82,54.87,54.5,54.68,0.0
2025-04-16 07:00:00-04:00,54.68,54.77,54.53,54.62,0.0
2025-04-16 08:00:00-04:00,54.69,54.8793,53.93,54.65,0.0
2025-04-16 09:00:00-04:00,54.7483,54.85,54.5,54.5714,0.0
2025-04-16 09:30:00-04:00,54.720001220703125,55.150001525878906,54.40999984741211,54.72999954223633,3397451.0
2025-04-16 10:30:00-04:00,54.72999954223633,54.95000076293945,54.5099983215332,54.900001525878906,2595579.0
2025-04-16 11:30:00-04:00,54.900001525878906,54.91999816894531,54.529998779296875,54.814998626708984,1504382.0
2025-04-16 12:30:00-04:00,54.810001373291016,54.875,54.560001373291016,54.779998779296875,1042483.0
2025-04-16 13:30:00-04:00,54.779998779296875,54.779998779296875,53.970001220703125,54.22999954223633,1753533.0
2025-04-16 14:30:00-04:00,54.220001220703125,54.2400016784668,53.41999816894531,53.435001373291016,1969007.0
2025-04-16 15:30:00-04:00,53.45000076293945,53.71500015258789,53.34000015258789,53.56999969482422,3507830.0
2025-04-16 16:00:00-04:00,53.58,54.1008,53.53,53.7,0.0
2025-04-16 17:00:00-04:00,53.66,53.75,53.6,53.65,0.0
2025-04-16 18:00:00-04:00,53.64,53.75,53.6,53.67,0.0
2025-04-16 19:00:00-04:00,53.69,53.75,53.41,53.41,0.0
2025-04-17 04:00:00-04:00,53.94,54.4,53.94,54.21,0.0
2025-04-17 05:00:00-04:00,54.23,54.27,54.06,54.15,0.0
2025-04-17 06:00:00-04:00,54.12,54.23,54.01,54.1,0.0
2025-04-17 07:00:00-04:00,54.12,54.16,53.7,53.83,0.0
2025-04-17 08:00:00-04:00,53.83,73.1682,53.6,53.9103,0.0
2025-04-17 09:00:00-04:00,53.93,54.0,53.65,53.82,0.0
2025-04-17 09:30:00-04:00,53.81999969482422,54.59000015258789,53.650001525878906,54.005001068115234,2691122.0
2025-04-17 10:30:00-04:00,54.0099983215332,54.34000015258789,53.904998779296875,54.279998779296875,1699404.0
2025-04-17 11:30:00-04:00,54.290000915527344,55.0,54.22999954223633,54.959999084472656,3245153.0
2025-04-17 12:30:00-04:00,54.970001220703125,55.275001525878906,54.790000915527344,55.149898529052734,1953369.0
2025-04-17 13:30:00-04:00,55.150001525878906,55.900001525878906,55.13999938964844,55.79999923706055,2545344.0
2025-04-17 14:30:00-04:00,55.810001373291016,55.97999954223633,55.57500076293945,55.80500030517578,2312343.0
2025-04-17 15:30:00-04:00,55.810001373291016,56.02000045776367,55.709999084472656,55.7599983215332,2674113.0
2025-04-17 16:00:00-04:00,55.76,55.86,55.6,55.76,0.0
2025-04-17 17:00:00-04:00,55.7209,55.74,55.6,55.72,0.0
2025-04-17 18:00:00-04:00,55.66,55.73,55.56,55.65,0.0
2025-04-17 19:00:00-04:00,55.57,55.8,55.57,55.8,0.0
2025-04-21 04:00:00-04:00,55.44,55.44,54.87,55.06,0.0
2025-04-21 05:00:00-04:00,55.08,55.09,54.96,54.99,0.0
2025-04-21 06:00:00-04:00,54.99,55.09,54.98,55.07,0.0
2025-04-21 07:00:00-04:00,55.07,55.5,55.0,55.05,0.0
2025-04-21 08:00:00-04:00,55.09,55.76,54.8,55.17,0.0
2025-04-21 09:00:00-04:00,55.2,55.24,53.79,55.18,0.0
2025-04-21 09:30:00-04:00,55.22999954223633,55.310001373291016,54.220001220703125,54.23429870605469,2575984.0
2025-04-21 10:30:00-04:00,54.25,54.625,53.647701263427734,53.720001220703125,1698294.0
2025-04-21 11:30:00-04:00,53.724998474121094,54.150001525878906,53.5,54.084999084472656,1558050.0
2025-04-21 12:30:00-04:00,54.08000183105469,54.44990158081055,54.0702018737793,54.26499938964844,1253297.0
2025-04-21 13:30:00-04:00,54.2599983215332,54.970001220703125,54.2401008605957,54.893798828125,1544879.0
2025-04-21 14:30:00-04:00,54.900001525878906,55.3849983215332,54.67499923706055,55.29999923706055,1863339.0
2025-04-21 15:30:00-04:00,55.29999923706055,56.36000061035156,55.25,56.1349983215332,3991308.0
2025-04-21 16:00:00-04:00,56.135,58.4262,55.57,56.07,0.0
2025-04-21 17:00:00-04:00,56.06,58.4262,55.85,56.03,0.0
2025-04-21 18:00:00-04:00,56.09,56.3,55.85,56.28,0.0
2025-04-21 19:00:00-04:00,56.3,56.82,56.25,56.6999,0.0
2025-04-22 04:00:00-04:00,56.9,57.0,56.5,56.67,0.0
2025-04-22 05:00:00-04:00,56.68,56.82,56.63,56.79,0.0
2025-04-22 06:00:00-04:00,56.79,56.81,56.72,56.74,0.0
2025-04-22 07:00:00-04:00,56.74,56.77,56.53,56.59,0.0
2025-04-22 08:00:00-04:00,56.62,56.9988,56.49,56.76,0.0
2025-04-22 09:00:00-04:00,56.78,56.8,56.12,56.7898,0.0
2025-04-22 09:30:00-04:00,56.650001525878906,57.16999816894531,56.239498138427734,56.959999084472656,3310526.0
2025-04-22 10:30:00-04:00,56.959999084472656,57.61000061035156,56.91999816894531,57.2400016784668,2160017.0
2025-04-22 11:30:00-04:00,57.22999954223633,58.02000045776367,56.79999923706055,57.755001068115234,2625369.0
2025-04-22 12:30:00-04:00,57.77000045776367,58.09000015258789,56.93000030517578,57.02000045776367,2104791.0
2025-04-22 13:30:00-04:00,57.02000045776367,57.220001220703125,56.7599983215332,57.150001525878906,964228.0
2025-04-22 14:30:00-04:00,57.150001525878906,57.539798736572266,57.0099983215332,57.150001525878906,1407667.0
2025-04-22 15:30:00-04:00,57.150001525878906,57.22999954223633,56.939998626708984,57.06999969482422,1511398.0
2025-04-22 16:00:00-04:00,57.06,57.62,56.75,57.15,0.0
2025-04-22 17:00:00-04:00,57.14,58.9,57.06,58.7518,0.0
2025-04-22 18:00:00-04:00,58.75,58.9,58.24,58.76,0.0
2025-04-22 19:00:00-04:00,58.77,59.0,58.7,58.99,0.0
2025-04-23 04:00:00-04:00,58.56,59.02,58.56,58.99,0.0
2025-04-23 05:00:00-04:00,58.99,59.35,58.92,59.11,0.0
2025-04-23 06:00:00-04:00,59.13,59.25,58.81,59.15,0.0
2025-04-23 07:00:00-04:00,59.18,59.42,58.84,58.89,0.0
2025-04-23 08:00:00-04:00,58.89,59.49,58.62,59.0,0.0
2025-04-23 09:00:00-04:00,59.05,59.46,56.65,59.16,0.0
2025-04-23 09:30:00-04:00,59.0,59.20000076293945,58.08000183105469,58.130001068115234,6065761.0
2025-04-23 10:30:00-04:00,58.130001068115234,58.349998474121094,57.02000045776367,57.10649871826172,3616331.0
2025-04-23 11:30:00-04:00,57.099998474121094,57.2599983215332,56.70000076293945,56.994998931884766,2687543.0
2025-04-23 12:30:00-04:00,56.9900016784668,57.38999938964844,56.959999084472656,57.290000915527344,1284141.0
2025-04-23 13:30:00-04:00,57.310001373291016,57.849998474121094,57.04999923706055,57.511199951171875,1755124.0
2025-04-23 14:30:00-04:00,57.529998779296875,57.650001525878906,57.04999923706055,57.20500183105469,1521629.0
2025-04-23 15:30:00-04:00,57.209999084472656,57.5,57.13999938964844,57.400001525878906,1973462.0
2025-04-23 16:00:00-04:00,57.4,57.65,53.55,57.64,0.0
2025-04-23 17:00:00-04:00,57.64,57.65,57.41,57.46,0.0
2025-04-23 18:00:00-04:00,57.46,57.64,57.26,57.49,0.0
2025-04-23 19:00:00-04:00,57.4986,57.6,57.41,57.55,0.0
2025-04-24 04:00:00-04:00,57.38,57.38,56.84,56.9,0.0
2025-04-24 05:00:00-04:00,56.89,57.03,56.72,57.03,0.0
2025-04-24 06:00:00-04:00,57.03,57.24,56.93,57.24,0.0
2025-04-24 07:00:00-04:00,57.24,57.9,57.17,57.49,0.0
2025-04-24 08:00:00-04:00,57.43,57.8888,56.7212,57.46,0.0
2025-04-24 09:00:00-04:00,57.49,57.69,57.37,57.54,0.0
2025-04-24 09:30:00-04:00,57.810001373291016,58.2400016784668,57.130001068115234,57.994998931884766,2520186.0
2025-04-24 10:30:00-04:00,58.0,58.27000045776367,57.75,57.8849983215332,2031819.0
2025-04-24 11:30:00-04:00,57.8849983215332,57.95000076293945,57.63999938964844,57.83000183105469,1501039.0
2025-04-24 12:30:00-04:00,57.81999969482422,58.179901123046875,57.810001373291016,57.849998474121094,1507517.0
2025-04-24 13:30:00-04:00,57.86000061035156,58.09000015258789,57.720001220703125,57.8315315246582,1221348.0
2025-04-24 14:30:00-04:00,57.83000183105469,58.40999984741211,57.81629943847656,58.08000183105469,1958833.0
2025-04-24 15:30:00-04:00,58.09000015258789,58.69499969482422,58.08000183105469,58.5,1990559.0
2025-04-24 16:00:00-04:00,58.48,58.65,57.7,57.87,0.0
2025-04-24 17:00:00-04:00,57.88,58.0,57.84,57.98,0.0
2025-04-24 18:00:00-04:00,57.9786,58.15,57.96,58.1,0.0
2025-04-24 19:00:00-04:00,58.1,58.23,58.05,58.22,0.0
2025-04-25 04:00:00-04:00,58.26,58.5,58.16,58.25,0.0
2025-04-25 05:00:00-04:00,58.24,58.24,58.05,58.1,0.0
2025-04-25 06:00:00-04:00,58.13,58.15,58.01,58.08,0.0
2025-04-25 07:00:00-04:00,58.02,58.07,57.72,57.85,0.0
2025-04-25 08:00:00-04:00,57.88,58.69,57.7,57.9981,0.0
2025-04-25 09:00:00-04:00,58.0,58.239,57.9,58.02,0.0
2025-04-25 09:30:00-04:00,58.209999084472656,58.25,56.72999954223633,56.83000183105469,5118315.0
2025-04-25 10:30:00-04:00,56.83000183105469,57.63999938964844,56.61000061035156,57.51499938964844,2596665.0
2025-04-25 11:30:00-04:00,57.529998779296875,57.529998779296875,57.060001373291016,57.18000030517578,1311758.0
2025-04-25 12:30:00-04:00,57.189998626708984,57.74810028076172,57.16960144042969,57.685001373291016,1277466.0
2025-04-25 13:30:00-04:00,57.685001373291016,57.709999084472656,56.93000030517578,57.25239944458008,1790250.0
2025-04-25 14:30:00-04:00,57.2599983215332,57.47999954223633,57.15999984741211,57.31999969482422,1394243.0
2025-04-25 15:30:00-04:00,57.310001373291016,57.689998626708984,57.255001068115234,57.61000061035156,2019519.0
2025-04-25 16:00:00-04:00,57.61,58.5769,57.6,58.5769,0.0
2025-04-25 17:00:00-04:00,57.65,58.5769,57.62,57.69,0.0
2025-04-25 18:00:00-04:00,57.69,57.71,57.5,57.6,0.0
2025-04-25 19:00:00-04:00,57.6195,57.71,57.6,57.7099,0.0
2025-04-28 04:00:00-04:00,57.97,57.97,57.2,57.27,0.0
2025-04-28 05:00:00-04:00,57.41,57.5,57.25,57.5,0.0
2025-04-28 06:00:00-04:00,57.49,57.7,57.47,57.48,0.0
2025-04-28 07:00:00-04:00,57.46,57.51,57.31,57.4,0.0
2025-04-28 08:00:00-04:00,57.4,57.68,57.2308,57.44,0.0
2025-04-28 09:00:00-04:00,57.45,57.77,57.37,57.76,0.0
2025-04-28 09:30:00-04:00,57.72999954223633,58.08000183105469,57.25,57.57500076293945,3478116.0
2025-04-28 10:30:00-04:00,57.57500076293945,57.720001220703125,57.22999954223633,57.345001220703125,1620710.0
2025-04-28 11:30:00-04:00,57.34000015258789,57.61000061035156,57.0099983215332,57.084999084472656,963085.0
2025-04-28 12:30:00-04:00,57.08000183105469,57.290000915527344,56.810001373291016,56.810001373291016,839583.0
2025-04-28 13:30:00-04:00,56.83000183105469,57.1349983215332,56.79999923706055,57.099998474121094,1047917.0
2025-04-28 14:30:00-04:00,57.10499954223633,57.15999984741211,56.890098571777344,57.040000915527344,1273079.0
2025-04-28 15:30:00-04:00,57.040000915527344,57.40999984741211,56.974998474121094,57.32500076293945,1498821.0
2025-04-28 16:00:00-04:00,57.31,57.4,56.97,57.3,0.0
2025-04-28 17:00:00-04:00,57.3,57.31,57.023,57.2514,0.0
2025-04-28 18:00:00-04:00,57.3,57.31,57.19,57.27,0.0
2025-04-28 19:00:00-04:00,57.23,57.3,57.19,57.28,0.0
2025-04-29 04:00:00-04:00,57.38,57.69,57.3,57.45,0.0
2025-04-29 05:00:00-04:00,57.46,57.6,57.45,57.46,0.0
2025-04-29 06:00:00-04:00,57.46,57.59,57.4,57.44,0.0
2025-04-29 07:00:00-04:00,57.5,57.5,57.24,57.42,0.0
2025-04-29 08:00:00-04:00,57.41,58.22,57.21,57.29,0.0
2025-04-29 09:00:00-04:00,57.29,57.59,56.85,56.9996,0.0
2025-04-29 09:30:00-04:00,57.0,57.595001220703125,56.7400016784668,57.290000915527344,2231281.0
2025-04-29 10:30:00-04:00,57.2599983215332,57.7400016784668,57.2400016784668,57.4900016784668,1162314.0
2025-04-29 11:30:00-04:00,57.4900016784668,57.5,57.209999084472656,57.31399917602539,982902.0
2025-04-29 12:30:00-04:00,57.314998626708984,57.560001373291016,56.900001525878906,57.08000183105469,2560425.0
2025-04-29 13:30:00-04:00,57.07500076293945,57.38990020751953,57.029998779296875,57.13999938964844,1647307.0
2025-04-29 14:30:00-04:00,57.150001525878906,57.619998931884766,57.13999938964844,57.57500076293945,1405156.0
2025-04-29 15:30:00-04:00,57.58000183105469,57.63999938964844,57.47420120239258,57.54999923706055,1730937.0
2025-04-29 16:00:00-04:00,57.54,57.61,57.3,57.42,0.0
2025-04-29 17:00:00-04:00,57.43,57.56,57.3,57.45,0.0
2025-04-29 18:00:00-04:00,57.4,57.45,57.3,57.35,0.0
2025-04-29 19:00:00-04:00,57.44,57.45,57.22,57.2691,0.0
2025-04-30 04:00:00-04:00,57.57,57.63,57.33,57.41,0.0
2025-04-30 05:00:00-04:00,57.38,57.43,56.77,56.93,0.0
2025-04-30 06:00:00-04:00,56.91,57.14,56.91,57.08,0.0
2025-04-30 07:00:00-04:00,57.08,57.12,56.94,57.0,0.0
2025-04-30 08:00:00-04:00,56.99,57.8388,56.6117,56.67,0.0
2025-04-30 09:00:00-04:00,56.68,56.75,55.87,55.88,0.0
2025-04-30 09:30:00-04:00,55.86000061035156,56.0,54.75,55.7781982421875,4461374.0
2025-04-30 10:30:00-04:00,55.77000045776367,56.38999938964844,55.630001068115234,56.22999954223633,1500218.0
2025-04-30 11:30:00-04:00,56.23160171508789,56.310001373291016,55.5099983215332,55.5099983215332,1502803.0
2025-04-30 12:30:00-04:00,55.52000045776367,55.810001373291016,55.45199966430664,55.775001525878906,1154441.0
2025-04-30 13:30:00-04:00,55.77000045776367,56.310001373291016,55.57149887084961,56.18000030517578,1694678.0
2025-04-30 14:30:00-04:00,56.17499923706055,56.2400016784668,55.80500030517578,55.90999984741211,1236713.0
2025-04-30 15:30:00-04:00,55.90999984741211,56.584999084472656,55.875,56.38999938964844,1851081.0
2025-04-30 16:00:00-04:00,56.4,56.6,56.03,56.5019,0.0
2025-04-30 17:00:00-04:00,56.59,56.59,56.46,56.51,0.0
2025-04-30 18:00:00-04:00,56.51,56.6,56.4,56.6,0.0
2025-04-30 19:00:00-04:00,56.6,56.66,56.55,56.64,0.0
2025-05-01 04:00:00-04:00,56.78,56.78,56.28,56.52,0.0
2025-05-01 05:00:00-04:00,56.53,56.64,56.5,56.63,0.0
2025-05-01 06:00:00-04:00,56.6,57.14,56.58,57.1,0.0
2025-05-01 07:00:00-04:00,57.09,57.13,56.63,56.78,0.0
2025-05-01 08:00:00-04:00,56.75,57.2493,56.5,56.63,0.0
2025-05-01 09:00:00-04:00,56.64,66.7267,56.4,56.5799,0.0
2025-05-01 09:30:00-04:00,56.68000030517578,56.900001525878906,56.257999420166016,56.529998779296875,2114481.0
2025-05-01 10:30:00-04:00,56.529998779296875,57.099998474121094,56.5099983215332,57.005001068115234,1495084.0
2025-05-01 11:30:00-04:00,57.01499938964844,57.04999923706055,56.459999084472656,56.709999084472656,1122435.0
2025-05-01 12:30:00-04:00,56.709999084472656,57.099998474121094,56.56999969482422,57.00899887084961,1374536.0
2025-05-01 13:30:00-04:00,57.0,57.189998626708984,56.939998626708984,57.150001525878906,983865.0
2025-05-01 14:30:00-04:00,57.15999984741211,57.209999084472656,57.0,57.14500045776367,944516.0
2025-05-01 15:30:00-04:00,57.14830017089844,57.18000030517578,56.72999954223633,56.779998779296875,1271662.0
2025-05-01 16:00:00-04:00,56.76,57.18,56.61,56.87,0.0
2025-05-01 17:00:00-04:00,56.86,56.89,56.56,56.79,0.0
2025-05-01 18:00:00-04:00,56.73,56.8,56.55,56.7773,0.0
2025-05-01 19:00:00-04:00,56.67,56.79,56.55,56.78,0.0
2025-05-02 04:00:00-04:00,57.3,57.3,57.06,57.22,0.0
2025-05-02 05:00:00-04:00,57.22,57.22,57.05,57.12,0.0
2025-05-02 06:00:00-04:00,57.16,57.35,57.13,57.3,0.0
2025-05-02 07:00:00-04:00,57.3,57.46,57.25,57.3,0.0
2025-05-02 08:00:00-04:00,57.29,57.49,56.76,57.26,0.0
2025-05-02 09:00:00-04:00,57.37,57.86,57.31,57.73,0.0
2025-05-02 09:30:00-04:00,57.8650016784668,58.70000076293945,57.529998779296875,58.119998931884766,3497943.0
2025-05-02 10:30:00-04:00,58.12649917602539,58.220001220703125,57.33000183105469,57.35499954223633,2094177.0
2025-05-02 11:30:00-04:00,57.369998931884766,58.27000045776367,57.310001373291016,58.04999923706055,1587000.0
2025-05-02 12:30:00-04:00,58.04999923706055,58.310001373291016,57.90999984741211,58.0099983215332,982210.0
2025-05-02 13:30:00-04:00,58.000301361083984,58.2400016784668,57.95000076293945,58.209999084472656,756201.0
2025-05-02 14:30:00-04:00,58.20500183105469,58.59000015258789,58.08000183105469,58.529998779296875,1636925.0
2025-05-02 15:30:00-04:00,58.529998779296875,58.70000076293945,58.47999954223633,58.61000061035156,2691745.0
2025-05-02 16:00:00-04:00,58.61,58.85,58.27,58.72,0.0
2025-05-02 17:00:00-04:00,58.67,58.77,58.4262,58.7005,0.0
2025-05-02 18:00:00-04:00,58.71,58.8,58.7,58.75,0.0
2025-05-02 19:00:00-04:00,58.73,58.8102,58.7,58.8,0.0
2025-05-05 04:00:00-04:00,58.52,58.52,58.05,58.1,0.0
2025-05-05 05:00:00-04:00,58.05,58.05,57.85,57.98,0.0
2025-05-05 06:00:00-04:00,58.0,58.09,57.9,57.97,0.0
2025-05-05 07:00:00-04:00,57.93,58.2,57.93,58.1,0.0
2025-05-05 08:00:00-04:00,58.1,58.4,56.6638,58.0,0.0
2025-05-05 09:00:00-04:00,58.03,58.66,55.3,58.24,0.0
2025-05-05 09:30:00-04:00,58.1150016784668,58.34000015258789,57.290000915527344,57.790000915527344,4046882.0
2025-05-05 10:30:00-04:00,57.790000915527344,58.099998474121094,57.66999816894531,57.68000030517578,1637379.0
2025-05-05 11:30:00-04:00,57.68000030517578,57.720001220703125,57.41279983520508,57.630001068115234,1076187.0
2025-05-05 12:30:00-04:00,57.630001068115234,57.86000061035156,57.57500076293945,57.6598014831543,948490.0
2025-05-05 13:30:00-04:00,57.63999938964844,57.84000015258789,57.6245002746582,57.7599983215332,756601.0
2025-05-05 14:30:00-04:00,57.7599983215332,57.810001373291016,57.54999923706055,57.625,974979.0
2025-05-05 15:30:00-04:00,57.62990188598633,57.650001525878906,57.349998474121094,57.3849983215332,2010272.0
2025-05-05 16:00:00-04:00,57.35,58.2,57.21,57.25,0.0
2025-05-05 17:00:00-04:00,57.25,57.65,57.21,57.45,0.0
2025-05-05 18:00:00-04:00,57.45,57.49,57.32,57.47,0.0
2025-05-05 19:00:00-04:00,57.35,57.54,57.35,57.45,0.0
2025-05-06 04:00:00-04:00,57.55,57.63,57.04,57.04,0.0
2025-05-06 05:00:00-04:00,57.04,57.19,57.02,57.16,0.0
2025-05-06 06:00:00-04:00,57.16,57.24,57.04,57.09,0.0
2025-05-06 07:00:00-04:00,57.03,57.34,57.03,57.12,0.0
2025-05-06 08:00:00-04:00,57.2,57.79,57.0,57.2,0.0
2025-05-06 09:00:00-04:00,57.1981,57.22,56.97,57.1565,0.0
2025-05-06 09:30:00-04:00,57.150001525878906,57.599998474121094,56.85499954223633,57.470001220703125,2209965.0
2025-05-06 10:30:00-04:00,57.470001220703125,57.720001220703125,57.29999923706055,57.529998779296875,1496028.0
2025-05-06 11:30:00-04:00,57.529998779296875,57.68000030517578,57.209999084472656,57.380001068115234,1015923.0
2025-05-06 12:30:00-04:00,57.380001068115234,57.4900016784668,56.849998474121094,56.86000061035156,1008117.0
2025-05-06 13:30:00-04:00,56.869300842285156,57.07500076293945,56.790000915527344,57.05099868774414,955380.0
2025-05-06 14:30:00-04:00,57.04999923706055,57.099998474121094,56.93000030517578,57.054500579833984,855971.0
2025-05-06 15:30:00-04:00,57.060001373291016,57.310001373291016,57.040000915527344,57.04499816894531,1419904.0
2025-05-06 16:00:00-04:00,57.04,74.5497,56.8,56.89,0.0
2025-05-06 17:00:00-04:00,56.89,70.245,56.78,56.89,0.0
2025-05-06 18:00:00-04:00,56.89,58.3,56.89,58.25,0.0
2025-05-06 19:00:00-04:00,58.2499,58.25,58.0,58.2,0.0
2025-05-07 04:00:00-04:00,58.17,58.22,57.56,57.74,0.0
2025-05-07 05:00:00-04:00,57.75,57.93,57.75,57.88,0.0
2025-05-07 06:00:00-04:00,57.9,57.93,57.74,57.84,0.0
2025-05-07 07:00:00-04:00,57.83,57.9,57.65,57.86,0.0
2025-05-07 08:00:00-04:00,57.85,58.38,57.26,57.75,0.0
2025-05-07 09:00:00-04:00,57.74,57.89,57.04,57.66,0.0
2025-05-07 09:30:00-04:00,57.869998931884766,58.810001373291016,57.560001373291016,58.560001373291016,3533261.0
2025-05-07 10:30:00-04:00,58.56999969482422,58.790000915527344,58.040000915527344,58.34000015258789,1170761.0
2025-05-07 11:30:00-04:00,58.33000183105469,58.41999816894531,58.0,58.0099983215332,769414.0
2025-05-07 12:30:00-04:00,58.0099983215332,58.599998474121094,58.0,58.52000045776367,702372.0
2025-05-07 13:30:00-04:00,58.52000045776367,58.540000915527344,57.7599983215332,58.13999938964844,1005455.0
2025-05-07 14:30:00-04:00,58.150001525878906,58.54999923706055,58.09000015258789,58.150001525878906,996738.0
2025-05-07 15:30:00-04:00,58.13999938964844,58.72999954223633,58.130001068115234,58.61000061035156,1879369.0
2025-05-07 16:00:00-04:00,58.62,58.78,54.83,58.69,0.0
2025-05-07 17:00:00-04:00,58.7,58.71,58.55,58.63,0.0
2025-05-07 18:00:00-04:00,58.63,58.71,58.57,58.7,0.0
2025-05-07 19:00:00-04:00,58.6925,58.8,58.66,58.67,0.0
2025-05-08 04:00:00-04:00,58.8,59.25,58.8,59.2,0.0
2025-05-08 05:00:00-04:00,59.21,59.65,59.17,59.55,0.0
2025-05-08 06:00:00-04:00,59.55,60.34,59.51,60.03,0.0
2025-05-08 07:00:00-04:00,60.04,60.22,59.84,59.97,0.0
2025-05-08 08:00:00-04:00,59.97,60.27,58.88,59.8,0.0
2025-05-08 09:00:00-04:00,59.87,59.95,59.55,59.75,0.0
2025-05-08 09:30:00-04:00,59.689998626708984,59.900001525878906,58.86389923095703,59.45000076293945,3083025.0
2025-05-08 10:30:00-04:00,59.45000076293945,59.7599983215332,58.834999084472656,59.61000061035156,1890415.0
2025-05-08 11:30:00-04:00,59.619998931884766,60.099998474121094,59.5099983215332,59.92499923706055,1704514.0
2025-05-08 12:30:00-04:00,59.92499923706055,60.31999969482422,59.790000915527344,59.959999084472656,1391194.0
2025-05-08 13:30:00-04:00,59.970001220703125,59.97999954223633,59.201698303222656,59.24449920654297,1747434.0
2025-05-08 14:30:00-04:00,59.2400016784668,60.3849983215332,59.2400016784668,59.80979919433594,3024432.0
2025-05-08 15:30:00-04:00,59.79059982299805,59.82500076293945,58.79499816894531,58.8849983215332,4074306.0
2025-05-08 16:00:00-04:00,58.88,59.0,58.7517,58.9,0.0
2025-05-08 17:00:00-04:00,58.96,59.05,58.85,59.05,0.0
2025-05-08 18:00:00-04:00,59.0494,59.05,58.7717,58.91,0.0
2025-05-08 19:00:00-04:00,58.91,58.95,58.855,58.87,0.0
2025-05-09 04:00:00-04:00,59.14,59.28,59.06,59.2,0.0
2025-05-09 05:00:00-04:00,59.22,59.28,59.09,59.19,0.0
2025-05-09 06:00:00-04:00,59.13,59.47,59.13,59.43,0.0
2025-05-09 07:00:00-04:00,59.45,59.45,58.75,58.93,0.0
2025-05-09 08:00:00-04:00,59.04,59.38,58.7,59.1002,0.0
2025-05-09 09:00:00-04:00,59.1,59.38,58.91,59.31,0.0
2025-05-09 09:30:00-04:00,59.13999938964844,59.380001068115234,58.459999084472656,58.470001220703125,2453449.0
2025-05-09 10:30:00-04:00,58.474998474121094,58.790000915527344,58.40999984741211,58.64500045776367,1637324.0
2025-05-09 11:30:00-04:00,58.63999938964844,59.025001525878906,58.560001373291016,58.880001068115234,1265437.0
2025-05-09 12:30:00-04:00,58.875,58.8849983215332,58.60499954223633,58.724998474121094,1572939.0
2025-05-09 13:30:00-04:00,58.720001220703125,58.959999084472656,58.650001525878906,58.814998626708984,1069051.0
2025-05-09 14:30:00-04:00,58.814998626708984,58.880001068115234,58.5099983215332,58.54999923706055,1939051.0
2025-05-09 15:30:00-04:00,58.55500030517578,58.599998474121094,58.220001220703125,58.29999923706055,1999411.0
2025-05-09 16:00:00-04:00,58.3,58.5769,58.18,58.5769,0.0
2025-05-09 17:00:00-04:00,58.44,58.45,58.3,58.35,0.0
2025-05-09 18:00:00-04:00,58.43,58.43,56.12,58.39,0.0
2025-05-09 19:00:00-04:00,58.39,58.43,58.24,58.4,0.0
2025-05-12 04:00:00-04:00,61.24,61.93,60.72,61.45,0.0
2025-05-12 05:00:00-04:00,61.45,61.8,61.0,61.6,0.0
2025-05-12 06:00:00-04:00,61.6,62.29,61.6,62.29,0.0
2025-05-12 07:00:00-04:00,62.29,62.4,61.65,61.82,0.0
2025-05-12 08:00:00-04:00,61.9,71.4204,59.125,62.22,0.0
2025-05-12 09:00:00-04:00,62.25,62.35,62.0,62.18,0.0
2025-05-12 09:30:00-04:00,62.380001068115234,63.470001220703125,61.834999084472656,62.650001525878906,12080820.0
2025-05-12 10:30:00-04:00,62.630001068115234,62.79990005493164,61.92499923706055,62.290000915527344,3826077.0
2025-05-12 11:30:00-04:00,62.279998779296875,62.459999084472656,61.810001373291016,62.14500045776367,2526981.0
2025-05-12 12:30:00-04:00,62.150001525878906,62.720001220703125,62.1349983215332,62.5,2450720.0
2025-05-12 13:30:00-04:00,62.5,62.5099983215332,62.197898864746094,62.32500076293945,1743524.0
2025-05-12 14:30:00-04:00,62.32500076293945,62.47999954223633,62.20000076293945,62.36000061035156,1865017.0
2025-05-12 15:30:00-04:00,62.36539840698242,62.654998779296875,62.22999954223633,62.58000183105469,3068617.0
2025-05-12 16:00:00-04:00,62.58,66.2526,62.26,62.56,0.0
2025-05-12 17:00:00-04:00,62.52,66.2526,62.36,62.38,0.0
2025-05-12 18:00:00-04:00,62.38,62.5,62.23,62.33,0.0
2025-05-12 19:00:00-04:00,62.31,62.59,62.23,62.5,0.0
2025-05-13 04:00:00-04:00,62.4,62.52,62.22,62.22,0.0
2025-05-13 05:00:00-04:00,62.25,62.28,62.12,62.15,0.0
2025-05-13 06:00:00-04:00,62.15,62.44,62.15,62.29,0.0
2025-05-13 07:00:00-04:00,62.39,62.77,62.33,62.66,0.0
2025-05-13 08:00:00-04:00,62.63,62.77,62.1579,62.7,0.0
2025-05-13 09:00:00-04:00,62.7,63.0,62.69,62.89,0.0
2025-05-13 09:30:00-04:00,62.61000061035156,62.779998779296875,62.16999816894531,62.34000015258789,4056498.0
2025-05-13 10:30:00-04:00,62.35660171508789,62.56999969482422,61.970001220703125,62.54859924316406,2228285.0
2025-05-13 11:30:00-04:00,62.54499816894531,62.709999084472656,62.31999969482422,62.541481018066406,1385280.0
2025-05-13 12:30:00-04:00,62.540000915527344,62.5458984375,62.209999084472656,62.209999084472656,1268554.0
2025-05-13 13:30:00-04:00,62.20000076293945,62.59000015258789,62.19499969482422,62.474998474121094,1982506.0
2025-05-13 14:30:00-04:00,62.474998474121094,62.56999969482422,62.43000030517578,62.540000915527344,1134691.0
2025-05-13 15:30:00-04:00,62.540000915527344,62.630001068115234,62.34000015258789,62.345001220703125,2071961.0
2025-05-13 16:00:00-04:00,62.39,65.1085,62.3,62.38,0.0
2025-05-13 17:00:00-04:00,62.35,65.1085,62.22,62.28,0.0
2025-05-13 18:00:00-04:00,62.28,62.3,62.24,62.3,0.0
2025-05-13 19:00:00-04:00,62.2708,62.4,62.27,62.3997,0.0
2025-05-14 04:00:00-04:00,62.48,62.71,62.43,62.48,0.0
2025-05-14 05:00:00-04:00,62.48,62.51,62.31,62.41,0.0
2025-05-14 06:00:00-04:00,62.45,62.5,62.23,62.29,0.0
2025-05-14 07:00:00-04:00,62.3,62.39,62.24,62.31,0.0
2025-05-14 08:00:00-04:00,62.32,62.77,62.15,62.2,0.0
2025-05-14 09:00:00-04:00,62.2,62.25,62.0,62.24,0.0
2025-05-14 09:30:00-04:00,62.04999923706055,62.470001220703125,61.52000045776367,62.33000183105469,3095247.0
2025-05-14 10:30:00-04:00,62.32680130004883,62.630001068115234,62.029998779296875,62.439998626708984,1792017.0
2025-05-14 11:30:00-04:00,62.439998626708984,62.869998931884766,62.35020065307617,62.59000015258789,1571782.0
2025-05-14 12:30:00-04:00,62.599998474121094,62.709999084472656,62.0099983215332,62.11009979248047,963225.0
2025-05-14 13:30:00-04:00,62.119998931884766,62.22999954223633,61.904998779296875,61.94300079345703,843539.0
2025-05-14 14:30:00-04:00,61.939998626708984,62.20000076293945,61.939998626708984,62.02000045776367,881118.0
2025-05-14 15:30:00-04:00,62.02000045776367,62.06999969482422,61.66999816894531,61.71500015258789,1844290.0
2025-05-14 16:00:00-04:00,61.73,62.0,61.6,61.69,0.0
2025-05-14 17:00:00-04:00,61.73,65.3055,61.52,61.58,0.0
2025-05-14 18:00:00-04:00,61.61,61.85,61.53,61.72,0.0
2025-05-14 19:00:00-04:00,61.73,61.73,61.5,61.57,0.0
2025-05-15 04:00:00-04:00,61.6,61.61,61.3,61.4,0.0
2025-05-15 05:00:00-04:00,61.48,61.48,61.23,61.26,0.0
2025-05-15 06:00:00-04:00,61.23,61.5,61.12,61.45,0.0
2025-05-15 07:00:00-04:00,61.43,61.46,60.45,60.91,0.0
2025-05-15 08:00:00-04:00,60.96,61.73,60.4042,60.92,0.0
2025-05-15 09:00:00-04:00,60.9,61.0,60.4,60.6537,0.0
2025-05-15 09:30:00-04:00,60.6349983215332,62.303199768066406,60.42279815673828,61.849998474121094,3360473.0
2025-05-15 10:30:00-04:00,61.86000061035156,62.439998626708984,61.77000045776367,62.32500076293945,1966590.0
2025-05-15 11:30:00-04:00,62.334999084472656,62.68000030517578,62.22999954223633,62.5,1558172.0
2025-05-15 12:30:00-04:00,62.505001068115234,62.650001525878906,62.220001220703125,62.22999954223633,1140093.0
2025-05-15 13:30:00-04:00,62.22999954223633,62.22999954223633,61.92499923706055,62.099998474121094,1260499.0
2025-05-15 14:30:00-04:00,62.095001220703125,62.34000015258789,62.095001220703125,62.224998474121094,1381530.0
2025-05-15 15:30:00-04:00,62.22999954223633,62.5,62.22999954223633,62.40999984741211,1212855.0
2025-05-15 16:00:00-04:00,62.4,62.55,61.2,62.1,0.0
2025-05-15 17:00:00-04:00,62.2887,62.4,62.1,62.36,0.0
2025-05-15 18:00:00-04:00,62.38,62.4,62.15,62.37,0.0
2025-05-15 19:00:00-04:00,62.37,62.4,62.18,62.35,0.0
2025-05-16 04:00:00-04:00,62.28,62.67,62.28,62.53,0.0
2025-05-16 05:00:00-04:00,62.55,62.72,62.5,62.71,0.0
2025-05-16 06:00:00-04:00,62.73,62.75,62.62,62.73,0.0
2025-05-16 07:00:00-04:00,62.73,62.75,62.65,62.66,0.0
2025-05-16 08:00:00-04:00,62.71,62.85,62.2,62.8,0.0
2025-05-16 09:00:00-04:00,62.76,62.8,62.51,62.51,0.0
2025-05-16 09:30:00-04:00,62.50090026855469,63.540000915527344,62.50090026855469,63.349998474121094,3400268.0
2025-05-16 10:30:00-04:00,63.345001220703125,63.75,63.26499938964844,63.34000015258789,2134046.0
2025-05-16 11:30:00-04:00,63.359100341796875,63.65999984741211,63.34000015258789,63.470001220703125,1077216.0
2025-05-16 12:30:00-04:00,63.470001220703125,63.685001373291016,63.41999816894531,63.41999816894531,1072784.0
2025-05-16 13:30:00-04:00,63.43000030517578,63.599998474121094,63.275001525878906,63.380001068115234,972280.0
2025-05-16 14:30:00-04:00,63.380001068115234,63.4900016784668,63.31999969482422,63.34000015258789,998220.0
2025-05-16 15:30:00-04:00,63.334999084472656,63.415000915527344,63.09000015258789,63.099998474121094,1632442.0
2025-05-16 16:00:00-04:00,63.1,63.598,62.94,63.0,0.0
2025-05-16 17:00:00-04:00,62.95,63.14,62.05,62.8,0.0
2025-05-16 18:00:00-04:00,62.8,62.85,62.5,62.5,0.0
2025-05-16 19:00:00-04:00,62.5,62.55,62.23,62.3,0.0
2025-05-19 04:00:00-04:00,62.55,62.55,62.14,62.19,0.0
2025-05-19 05:00:00-04:00,62.16,62.26,61.96,62.18,0.0
2025-05-19 06:00:00-04:00,62.18,62.24,62.1,62.16,0.0
2025-05-19 07:00:00-04:00,62.17,62.21,62.11,62.15,0.0
2025-05-19 08:00:00-04:00,62.15,62.8065,62.05,62.18,0.0
2025-05-19 09:00:00-04:00,62.1799,62.34,62.11,62.21,0.0
2025-05-19 09:30:00-04:00,62.150001525878906,62.43000030517578,61.869998931884766,62.130001068115234,2279268.0
2025-05-19 10:30:00-04:00,62.119998931884766,62.25,61.869998931884766,62.09000015258789,1855781.0
2025-05-19 11:30:00-04:00,62.09000015258789,62.27000045776367,61.904998779296875,61.994998931884766,2524593.0
2025-05-19 12:30:00-04:00,61.994998931884766,62.06999969482422,61.7599983215332,62.025001525878906,1465989.0
2025-05-19 13:30:00-04:00,62.02000045776367,62.33000183105469,62.0099983215332,62.099998474121094,2484282.0
2025-05-19 14:30:00-04:00,62.095001220703125,62.14500045776367,61.90999984741211,61.95500183105469,897863.0
2025-05-19 15:30:00-04:00,61.959999084472656,62.076961517333984,61.900001525878906,62.04499816894531,1932737.0
2025-05-19 16:00:00-04:00,62.045,65.6847,61.5164,62.0792,0.0
2025-05-19 17:00:00-04:00,62.08,65.6847,62.0,62.0491,0.0
2025-05-19 18:00:00-04:00,62.04,62.05,62.0,62.05,0.0
2025-05-19 19:00:00-04:00,62.04,62.18,62.01,62.176,0.0
2025-05-20 04:00:00-04:00,62.06,62.29,61.95,62.04,0.0
2025-05-20 05:00:00-04:00,62.09,62.12,62.02,62.11,0.0
2025-05-20 06:00:00-04:00,62.15,62.4,62.12,62.14,0.0
2025-05-20 07:00:00-04:00,62.2,62.33,62.13,62.21,0.0
2025-05-20 08:00:00-04:00,62.21,63.6499,61.9512,62.19,0.0
2025-05-20 09:00:00-04:00,62.3,62.3,62.12,62.1301,0.0
2025-05-20 09:30:00-04:00,62.5,63.13990020751953,62.28010177612305,63.01919937133789,2532329.0
2025-05-20 10:30:00-04:00,63.01620101928711,63.189998626708984,62.709999084472656,62.939998626708984,1293513.0
2025-05-20 11:30:00-04:00,62.95000076293945,63.119998931884766,62.7599983215332,62.84000015258789,903628.0
2025-05-20 12:30:00-04:00,62.84000015258789,62.939998626708984,62.7599983215332,62.88999938964844,814917.0
2025-05-20 13:30:00-04:00,62.88999938964844,63.08000183105469,62.59000015258789,62.61000061035156,1326993.0
2025-05-20 14:30:00-04:00,62.599998474121094,62.7599983215332,62.459999084472656,62.5,965256.0
2025-05-20 15:30:00-04:00,62.5,62.63999938964844,62.470001220703125,62.54999923706055,1651854.0
2025-05-20 16:00:00-04:00,62.56,62.78,62.36,62.3986,0.0
2025-05-20 17:00:00-04:00,62.4,62.4,62.25,62.3,0.0
2025-05-20 18:00:00-04:00,62.36,62.36,62.25,62.3,0.0
2025-05-20 19:00:00-04:00,62.34,62.34,62.25,62.2996,0.0
2025-05-21 04:00:00-04:00,62.33,62.49,62.22,62.25,0.0
2025-05-21 05:00:00-04:00,62.28,62.28,61.97,62.02,0.0
2025-05-21 06:00:00-04:00,62.04,62.05,61.66,61.82,0.0
2025-05-21 07:00:00-04:00,61.82,61.99,61.79,61.98,0.0
2025-05-21 08:00:00-04:00,61.98,62.51,61.7,62.0,0.0
2025-05-21 09:00:00-04:00,61.98,62.425,61.69,61.7,0.0
2025-05-21 09:30:00-04:00,61.16999816894531,61.7599983215332,61.04999923706055,61.29999923706055,4398861.0
2025-05-21 10:30:00-04:00,61.29999923706055,61.51499938964844,61.08000183105469,61.480098724365234,1975661.0
2025-05-21 11:30:00-04:00,61.48500061035156,61.52830123901367,61.165000915527344,61.21500015258789,1006683.0
2025-05-21 12:30:00-04:00,61.21500015258789,61.31999969482422,60.28620147705078,60.349998474121094,1360837.0
2025-05-21 13:30:00-04:00,60.349998474121094,60.7599983215332,60.15999984741211,60.369998931884766,1617877.0
2025-05-21 14:30:00-04:00,60.36000061035156,60.54499816894531,59.95500183105469,60.07500076293945,1790035.0
2025-05-21 15:30:00-04:00,60.08000183105469,60.29999923706055,59.880001068115234,59.959999084472656,2772120.0
2025-05-21 16:00:00-04:00,59.98,60.2,59.85,60.11,0.0
2025-05-21 17:00:00-04:00,60.1,62.57,59.98,61.04,0.0
2025-05-21 18:00:00-04:00,61.2,61.22,60.78,60.9,0.0
2025-05-21 19:00:00-04:00,60.87,61.16,60.68,61.02,0.0
2025-05-22 04:00:00-04:00,61.0,61.16,60.96,61.14,0.0
2025-05-22 05:00:00-04:00,61.14,61.49,61.13,61.48,0.0
2025-05-22 06:00:00-04:00,61.48,61.5,61.2,61.28,0.0
2025-05-22 07:00:00-04:00,61.28,61.34,60.83,61.01,0.0
2025-05-22 08:00:00-04:00,60.91,61.3833,59.98,60.15,0.0
2025-05-22 09:00:00-04:00,60.13,61.0,60.11,60.9,0.0
2025-05-22 09:30:00-04:00,60.58000183105469,61.2599983215332,60.15999984741211,60.84000015258789,5578206.0
2025-05-22 10:30:00-04:00,60.82500076293945,61.005001068115234,60.505001068115234,60.525001525878906,1579489.0
2025-05-22 11:30:00-04:00,60.52000045776367,60.97999954223633,60.4900016784668,60.93000030517578,1071420.0
2025-05-22 12:30:00-04:00,60.939998626708984,61.025001525878906,60.7599983215332,60.90999984741211,962232.0
2025-05-22 13:30:00-04:00,60.904998779296875,61.279998779296875,60.869998931884766,61.167701721191406,1793464.0
2025-05-22 14:30:00-04:00,61.15999984741211,61.584999084472656,61.084999084472656,61.56999969482422,1690362.0
2025-05-22 15:30:00-04:00,61.57500076293945,61.6150016784668,61.275001525878906,61.29999923706055,1995717.0
2025-05-22 16:00:00-04:00,61.32,61.6,61.0,61.0,0.0
2025-05-22 17:00:00-04:00,61.11,61.35,61.0,61.22,0.0
2025-05-22 18:00:00-04:00,61.3468,61.35,61.22,61.35,0.0
2025-05-22 19:00:00-04:00,61.349,61.35,61.12,61.3,0.0
2025-05-23 04:00:00-04:00,61.24,61.56,61.24,61.43,0.0
2025-05-23 05:00:00-04:00,61.44,61.44,61.17,61.27,0.0
2025-05-23 06:00:00-04:00,61.21,61.28,61.14,61.16,0.0
2025-05-23 07:00:00-04:00,61.2,61.28,60.75,60.82,0.0
2025-05-23 08:00:00-04:00,60.87,61.5988,58.9,59.65,0.0
2025-05-23 09:00:00-04:00,59.7,59.79,59.1,59.3999,0.0
2025-05-23 09:30:00-04:00,59.86000061035156,60.380001068115234,59.4900016784668,59.779998779296875,3723623.0
2025-05-23 10:30:00-04:00,59.790000915527344,60.189998626708984,59.70000076293945,59.90999984741211,1694921.0
2025-05-23 11:30:00-04:00,59.900001525878906,60.08000183105469,59.779998779296875,59.875,1369036.0
2025-05-23 12:30:00-04:00,59.875,60.08000183105469,59.7400016784668,60.08000183105469,1079255.0
2025-05-23 13:30:00-04:00,60.06999969482422,60.279998779296875,59.9900016784668,60.029998779296875,949520.0
2025-05-23 14:30:00-04:00,60.03810119628906,60.209999084472656,60.0099983215332,60.17499923706055,1190821.0
2025-05-23 15:30:00-04:00,60.16999816894531,60.2599983215332,59.810001373291016,60.0099983215332,1802374.0
2025-05-23 16:00:00-04:00,60.02,60.26,59.88,60.08,0.0
2025-05-23 17:00:00-04:00,60.075,60.08,58.5769,59.99,0.0
2025-05-23 18:00:00-04:00,59.99,60.16,59.9,60.02,0.0
2025-05-23 19:00:00-04:00,60.0,60.01,59.96,59.96,0.0
2025-05-27 04:00:00-04:00,61.0,61.4,61.0,61.33,0.0
2025-05-27 05:00:00-04:00,61.36,61.38,61.18,61.26,0.0
2025-05-27 06:00:00-04:00,61.25,61.37,61.09,61.1,0.0
2025-05-27 07:00:00-04:00,61.13,61.25,60.7,60.87,0.0
2025-05-27 08:00:00-04:00,60.88,61.6335,60.02,61.02,0.0
2025-05-27 09:00:00-04:00,61.05,61.1,59.805,61.06,0.0
2025-05-27 09:30:00-04:00,61.130001068115234,61.75299835205078,60.8400993347168,61.595001220703125,3285362.0
2025-05-27 10:30:00-04:00,61.61000061035156,62.345001220703125,61.61000061035156,62.290000915527344,1926568.0
2025-05-27 11:30:00-04:00,62.29499816894531,62.45000076293945,62.15999984741211,62.279998779296875,1433090.0
2025-05-27 12:30:00-04:00,62.28110122680664,62.54999923706055,62.27000045776367,62.44300079345703,1156682.0
2025-05-27 13:30:00-04:00,62.439998626708984,62.595001220703125,62.33000183105469,62.48500061035156,1088409.0
2025-05-27 14:30:00-04:00,62.4900016784668,62.654998779296875,62.400001525878906,62.45500183105469,1612809.0
2025-05-27 15:30:00-04:00,62.45500183105469,62.84000015258789,62.39500045776367,62.814998626708984,2381974.0
2025-05-27 16:00:00-04:00,62.83,66.2526,62.4,62.78,0.0
2025-05-27 17:00:00-04:00,62.79,66.2526,62.5,62.83,0.0
2025-05-27 18:00:00-04:00,62.82,62.82,62.5,62.77,0.0
2025-05-27 19:00:00-04:00,62.77,62.84,62.77,62.83,0.0
2025-05-28 04:00:00-04:00,62.6,62.83,62.56,62.57,0.0
2025-05-28 05:00:00-04:00,62.6,62.67,62.5,62.5,0.0
2025-05-28 06:00:00-04:00,62.54,62.65,62.54,62.6,0.0
2025-05-28 07:00:00-04:00,62.63,62.8,62.58,62.71,0.0
2025-05-28 08:00:00-04:00,62.76,62.84,62.5,62.75,0.0
2025-05-28 09:00:00-04:00,62.75,62.88,62.6,62.76,0.0
2025-05-28 09:30:00-04:00,62.7400016784668,63.11000061035156,62.310001373291016,62.36000061035156,2188112.0
2025-05-28 10:30:00-04:00,62.36000061035156,62.369998931884766,61.89500045776367,62.01499938964844,1500416.0
2025-05-28 11:30:00-04:00,62.01499938964844,62.040000915527344,61.8650016784668,62.005001068115234,902516.0
2025-05-28 12:30:00-04:00,62.0099983215332,62.03850173950195,61.77000045776367,61.939998626708984,906578.0
2025-05-28 13:30:00-04:00,61.939998626708984,61.959999084472656,61.8025016784668,61.90999984741211,710386.0
2025-05-28 14:30:00-04:00,61.915000915527344,61.979801177978516,61.560001373291016,61.8849983215332,982908.0
2025-05-28 15:30:00-04:00,61.880001068115234,61.904998779296875,61.66999816894531,61.7599983215332,1222807.0
2025-05-28 16:00:00-04:00,61.78,62.56,61.72,61.85,0.0
2025-05-28 17:00:00-04:00,61.9,61.9,61.78,61.82,0.0
2025-05-28 18:00:00-04:00,61.83,61.95,61.77,61.95,0.0
2025-05-28 19:00:00-04:00,61.86,64.55,61.86,64.32,0.0
2025-05-29 04:00:00-04:00,63.95,64.32,63.8,63.87,0.0
2025-05-29 05:00:00-04:00,63.97,64.25,63.87,63.99,0.0
2025-05-29 06:00:00-04:00,63.98,64.01,63.26,63.31,0.0
2025-05-29 07:00:00-04:00,63.38,63.67,63.11,63.11,0.0
2025-05-29 08:00:00-04:00,63.1,64.23,62.0875,63.09,0.0
2025-05-29 09:00:00-04:00,63.09,63.21,61.78,62.88,0.0
2025-05-29 09:30:00-04:00,62.4900016784668,62.900001525878906,61.65999984741211,61.87580108642578,3807091.0
2025-05-29 10:30:00-04:00,61.875,62.06999969482422,61.720001220703125,62.0099983215332,1402612.0
2025-05-29 11:30:00-04:00,62.005001068115234,62.060001373291016,61.130001068115234,61.459999084472656,1176053.0
2025-05-29 12:30:00-04:00,61.450801849365234,61.6349983215332,61.334999084472656,61.540000915527344,1042024.0
2025-05-29 13:30:00-04:00,61.54499816894531,61.68000030517578,61.2400016784668,61.29499816894531,985466.0
2025-05-29 14:30:00-04:00,61.29499816894531,61.5,61.2599983215332,61.35499954223633,1085536.0
2025-05-29 15:30:00-04:00,61.35499954223633,61.55500030517578,61.279998779296875,61.439998626708984,1154179.0
2025-05-29 16:00:00-04:00,61.44,61.64,61.22,61.4,0.0
2025-05-29 17:00:00-04:00,61.49,61.5,61.36,61.4,0.0
2025-05-29 18:00:00-04:00,61.4,61.5,61.32,61.41,0.0
2025-05-29 19:00:00-04:00,61.34,61.44,61.3,61.3899,0.0
2025-05-30 04:00:00-04:00,61.29,61.53,61.05,61.48,0.0
2025-05-30 05:00:00-04:00,61.43,61.45,61.35,61.42,0.0
2025-05-30 06:00:00-04:00,61.39,61.52,61.37,61.51,0.0
2025-05-30 07:00:00-04:00,61.52,61.58,61.5,61.51,0.0
2025-05-30 08:00:00-04:00,61.51,61.75,60.6,60.7548,0.0
2025-05-30 09:00:00-04:00,60.81,61.4,60.75,61.09,0.0
2025-05-30 09:30:00-04:00,61.0,61.119998931884766,60.28499984741211,60.720001220703125,1867194.0
2025-05-30 10:30:00-04:00,60.709999084472656,60.869998931884766,60.422000885009766,60.849998474121094,1213305.0
2025-05-30 11:30:00-04:00,60.84000015258789,60.845001220703125,60.27000045776367,60.32500076293945,1260433.0
2025-05-30 12:30:00-04:00,60.31999969482422,60.42499923706055,60.099998474121094,60.41999816894531,1332894.0
2025-05-30 13:30:00-04:00,60.41999816894531,60.689998626708984,60.41999816894531,60.619998931884766,1203900.0
2025-05-30 14:30:00-04:00,60.619998931884766,60.86000061035156,60.52349853515625,60.849998474121094,1458382.0
2025-05-30 15:30:00-04:00,60.845001220703125,60.92499923706055,60.46500015258789,60.560001373291016,2303526.0
2025-05-30 16:00:00-04:00,60.56,60.8,58.4262,60.64,0.0
2025-05-30 17:00:00-04:00,60.64,60.7,58.4262,60.66,0.0
2025-05-30 18:00:00-04:00,60.66,60.68,60.5,60.58,0.0
2025-05-30 19:00:00-04:00,60.58,60.59,60.5,60.56,0.0
2025-06-02 04:00:00-04:00,60.1,60.24,59.92,60.05,0.0
2025-06-02 05:00:00-04:00,60.19,60.2,60.0,60.07,0.0
2025-06-02 06:00:00-04:00,60.12,60.15,60.0,60.06,0.0
2025-06-02 07:00:00-04:00,60.05,60.23,60.02,60.18,0.0
2025-06-02 08:00:00-04:00,60.18,60.47,59.87,60.25,0.0
2025-06-02 09:00:00-04:00,60.25,60.25,60.0,60.15,0.0
2025-06-02 09:30:00-04:00,60.04999923706055,60.869998931884766,59.599998474121094,60.71500015258789,2981338.0
2025-06-02 10:30:00-04:00,60.709999084472656,61.06999969482422,60.52000045776367,60.849998474121094,1444306.0
2025-06-02 11:30:00-04:00,60.849998474121094,61.18000030517578,60.82500076293945,60.900001525878906,1049609.0
2025-06-02 12:30:00-04:00,60.900001525878906,61.150001525878906,60.89500045776367,61.029998779296875,1496037.0
2025-06-02 13:30:00-04:00,61.025001525878906,61.2599983215332,60.810001373291016,61.209999084472656,1508360.0
2025-06-02 14:30:00-04:00,61.209999084472656,61.525001525878906,61.209999084472656,61.3849983215332,1655363.0
2025-06-02 15:30:00-04:00,61.3849983215332,61.599998474121094,61.31999969482422,61.58000183105469,1454935.0
2025-06-02 16:00:00-04:00,61.57,62.77,61.5,61.69,0.0
2025-06-02 17:00:00-04:00,61.69,61.79,61.57,61.68,0.0
2025-06-02 18:00:00-04:00,61.73,61.7393,61.57,61.6,0.0
2025-06-02 19:00:00-04:00,61.65,61.68,61.5,61.5,0.0
2025-06-03 04:00:00-04:00,61.58,61.58,61.11,61.2,0.0
2025-06-03 05:00:00-04:00,61.2,61.38,61.18,61.38,0.0
2025-06-03 06:00:00-04:00,61.38,61.38,60.5,61.2,0.0
2025-06-03 07:00:00-04:00,61.28,61.44,61.2,61.38,0.0
2025-06-03 08:00:00-04:00,61.38,61.6357,60.836,61.4,0.0
2025-06-03 09:00:00-04:00,61.4,61.65,61.25,61.46,0.0
2025-06-03 09:30:00-04:00,61.2400016784668,61.5,60.459999084472656,61.43000030517578,1647297.0
2025-06-03 10:30:00-04:00,61.425498962402344,61.95000076293945,61.380001068115234,61.95000076293945,1147362.0
2025-06-03 11:30:00-04:00,61.95500183105469,62.040000915527344,61.77000045776367,61.79499816894531,934951.0
2025-06-03 12:30:00-04:00,61.79460144042969,62.029998779296875,61.7599983215332,61.95500183105469,1012177.0
2025-06-03 13:30:00-04:00,61.95500183105469,62.075801849365234,61.810001373291016,62.07500076293945,1062943.0
2025-06-03 14:30:00-04:00,62.07500076293945,62.2599983215332,62.060001373291016,62.220001220703125,1172052.0
2025-06-03 15:30:00-04:00,62.224998474121094,62.44499969482422,62.20240020751953,62.36000061035156,1730152.0
2025-06-03 16:00:00-04:00,62.37,74.5497,62.1,62.34,0.0
2025-06-03 17:00:00-04:00,62.32,70.245,62.3,62.3855,0.0
2025-06-03 18:00:00-04:00,62.3855,62.44,62.3,62.42,0.0
2025-06-03 19:00:00-04:00,62.4333,62.5,62.38,62.44,0.0
2025-06-04 04:00:00-04:00,62.16,62.64,62.16,62.57,0.0
2025-06-04 05:00:00-04:00,62.58,62.63,62.53,62.54,0.0
2025-06-04 06:00:00-04:00,62.53,62.55,62.46,62.5,0.0
2025-06-04 07:00:00-04:00,62.53,62.54,62.41,62.44,0.0
2025-06-04 08:00:00-04:00,62.45,62.6388,62.27,62.3701,0.0
2025-06-04 09:00:00-04:00,62.45,62.55,62.24,62.36,0.0
2025-06-04 09:30:00-04:00,62.380001068115234,63.040000915527344,62.27000045776367,62.81999969482422,2017755.0
2025-06-04 10:30:00-04:00,62.83000183105469,62.939998626708984,62.5901985168457,62.709999084472656,1039874.0
2025-06-04 11:30:00-04:00,62.71500015258789,62.900001525878906,62.4900016784668,62.525001525878906,869004.0
2025-06-04 12:30:00-04:00,62.525001525878906,62.849998474121094,62.51499938964844,62.720001220703125,880043.0
2025-06-04 13:30:00-04:00,62.720001220703125,62.75,62.599998474121094,62.665000915527344,673683.0
2025-06-04 14:30:00-04:00,62.665000915527344,62.755001068115234,62.650001525878906,62.724998474121094,635234.0
2025-06-04 15:30:00-04:00,62.724998474121094,62.834999084472656,62.64500045776367,62.75,1589081.0
2025-06-04 16:00:00-04:00,62.75,64.982,62.7,62.72,0.0
2025-06-04 17:00:00-04:00,62.72,62.77,62.7,62.71,0.0
2025-06-04 18:00:00-04:00,62.71,62.7977,62.7,62.74,0.0
2025-06-04 19:00:00-04:00,62.77,62.8,62.5,62.8,0.0
2025-06-05 04:00:00-04:00,62.79,62.99,62.79,62.95,0.0
2025-06-05 05:00:00-04:00,62.95,62.98,62.82,62.92,0.0
2025-06-05 06:00:00-04:00,62.91,62.91,62.8,62.85,0.0
2025-06-05 07:00:00-04:00,62.85,62.87,62.75,62.8,0.0
2025-06-05 08:00:00-04:00,62.81,63.02,62.62,62.89,0.0
2025-06-05 09:00:00-04:00,62.82,63.25,62.65,63.1,0.0
2025-06-05 09:30:00-04:00,62.939998626708984,63.429901123046875,62.43000030517578,63.375,2252759.0
2025-06-05 10:30:00-04:00,63.369998931884766,63.65999984741211,63.125,63.470001220703125,1273090.0
2025-06-05 11:30:00-04:00,63.47999954223633,63.59000015258789,63.2599983215332,63.32500076293945,865590.0
2025-06-05 12:30:00-04:00,63.32500076293945,63.349998474121094,62.900001525878906,63.165000915527344,787999.0
2025-06-05 13:30:00-04:00,63.16999816894531,63.359901428222656,62.66999816894531,62.810001373291016,797163.0
2025-06-05 14:30:00-04:00,62.810001373291016,62.900001525878906,62.22999954223633,62.41999816894531,2347976.0
2025-06-05 15:30:00-04:00,62.43000030517578,62.779998779296875,62.42499923706055,62.63999938964844,1329681.0
2025-06-05 16:00:00-04:00,62.67,62.8901,61.2,61.41,0.0
2025-06-05 17:00:00-04:00,61.4,61.43,60.77,61.17,0.0
2025-06-05 18:00:00-04:00,61.28,61.5,61.15,61.45,0.0
2025-06-05 19:00:00-04:00,61.5,61.5,61.32,61.3953,0.0
2025-06-06 04:00:00-04:00,61.92,61.92,61.46,61.77,0.0
2025-06-06 05:00:00-04:00,61.76,61.85,61.59,61.74,0.0
2025-06-06 06:00:00-04:00,61.75,61.87,61.65,61.86,0.0
2025-06-06 07:00:00-04:00,61.85,61.91,61.64,61.84,0.0
2025-06-06 08:00:00-04:00,61.84,62.67,61.61,62.0297,0.0
2025-06-06 09:00:00-04:00,62.03,62.5,61.99,62.34,0.0
2025-06-06 09:30:00-04:00,62.40999984741211,63.09000015258789,62.400001525878906,62.7400016784668,3174257.0
2025-06-06 10:30:00-04:00,62.7400016784668,62.959999084472656,62.540000915527344,62.66999816894531,1444091.0
2025-06-06 11:30:00-04:00,62.66999816894531,62.720001220703125,62.380001068115234,62.459999084472656,958742.0
2025-06-06 12:30:00-04:00,62.45500183105469,62.494998931884766,62.1150016784668,62.29999923706055,1016018.0
2025-06-06 13:30:00-04:00,62.29999923706055,62.630001068115234,62.290000915527344,62.52000045776367,975657.0
2025-06-06 14:30:00-04:00,62.52000045776367,62.82500076293945,62.52000045776367,62.72999954223633,1257180.0
2025-06-06 15:30:00-04:00,62.720001220703125,62.86000061035156,62.685001373291016,62.810001373291016,1461268.0
2025-06-06 16:00:00-04:00,62.8,62.85,58.5769,62.6401,0.0
2025-06-06 17:00:00-04:00,62.79,62.82,58.5769,62.65,0.0
2025-06-06 18:00:00-04:00,62.72,62.82,62.6,62.7998,0.0
2025-06-06 19:00:00-04:00,62.8,62.9,62.79,62.88,0.0
2025-06-09 04:00:00-04:00,62.8,63.15,62.8,63.04,0.0
2025-06-09 05:00:00-04:00,63.11,63.28,63.03,63.19,0.0
2025-06-09 06:00:00-04:00,63.19,63.45,63.12,63.45,0.0
2025-06-09 07:00:00-04:00,63.43,63.44,63.18,63.26,0.0
2025-06-09 08:00:00-04:00,63.26,63.45,62.8597,63.23,0.0
2025-06-09 09:00:00-04:00,63.23,63.3,63.2,63.22,0.0
2025-06-09 09:30:00-04:00,63.29999923706055,63.459999084472656,62.330101013183594,62.40999984741211,2081241.0
2025-06-09 10:30:00-04:00,62.40999984741211,62.44499969482422,62.02000045776367,62.16999816894531,1560780.0
2025-06-09 11:30:00-04:00,62.16999816894531,62.27000045776367,62.040000915527344,62.05500030517578,1072632.0
2025-06-09 12:30:00-04:00,62.080101013183594,62.4900016784668,62.064998626708984,62.439998626708984,1052542.0
2025-06-09 13:30:00-04:00,62.45000076293945,62.54999923706055,62.30500030517578,62.30500030517578,799107.0
2025-06-09 14:30:00-04:00,62.29999923706055,62.36980056762695,62.08000183105469,62.154998779296875,1096355.0
2025-06-09 15:30:00-04:00,62.17100143432617,62.224998474121094,61.880001068115234,61.900001525878906,1877595.0
2025-06-09 16:00:00-04:00,61.91,66.2526,61.9,62.0,0.0
2025-06-09 17:00:00-04:00,62.04,66.2526,61.91,62.04,0.0
2025-06-09 18:00:00-04:00,62.04,62.05,62.0,62.05,0.0
2025-06-09 19:00:00-04:00,62.05,62.2,62.0,62.15,0.0
2025-06-10 04:00:00-04:00,62.18,62.28,61.92,62.01,0.0
2025-06-10 05:00:00-04:00,62.08,62.15,62.01,62.04,0.0
2025-06-10 06:00:00-04:00,62.05,62.14,62.02,62.06,0.0
2025-06-10 07:00:00-04:00,62.07,62.22,62.03,62.14,0.0
2025-06-10 08:00:00-04:00,62.11,62.26,61.84,62.11,0.0
2025-06-10 09:00:00-04:00,62.09,62.15,61.99,62.02,0.0
2025-06-10 09:30:00-04:00,62.380001068115234,63.70000076293945,62.25,63.63999938964844,2647461.0
2025-06-10 10:30:00-04:00,63.63999938964844,64.15499877929688,63.4900016784668,63.86000061035156,4158527.0
2025-06-10 11:30:00-04:00,63.869998931884766,64.05000305175781,63.59000015258789,63.70000076293945,1761597.0
2025-06-10 12:30:00-04:00,63.69499969482422,64.04000091552734,63.66600036621094,64.0199966430664,848676.0
2025-06-10 13:30:00-04:00,63.994998931884766,64.15450286865234,63.55970001220703,63.619998931884766,1313906.0
2025-06-10 14:30:00-04:00,63.6150016784668,64.11409759521484,63.56999969482422,64.04000091552734,1239811.0
2025-06-10 15:30:00-04:00,64.03500366210938,64.06999969482422,63.7400016784668,63.89500045776367,1433224.0
2025-06-10 16:00:00-04:00,63.87,68.353,63.7,63.9,0.0
2025-06-10 17:00:00-04:00,63.85,65.1085,63.76,63.8511,0.0
2025-06-10 18:00:00-04:00,63.86,63.95,63.85,63.9499,0.0
2025-06-10 19:00:00-04:00,63.92,64.1,63.7,63.99,0.0
2025-06-11 04:00:00-04:00,63.9,64.01,63.85,63.9,0.0
2025-06-11 05:00:00-04:00,63.87,63.97,63.87,63.93,0.0
2025-06-11 06:00:00-04:00,63.93,63.97,63.8,63.85,0.0
2025-06-11 07:00:00-04:00,63.85,63.92,63.81,63.92,0.0
2025-06-11 08:00:00-04:00,63.92,64.2,63.7,64.05,0.0
2025-06-11 09:00:00-04:00,64.05,64.5,64.05,64.35,0.0
2025-06-11 09:30:00-04:00,64.3949966430664,64.8499984741211,63.22999954223633,63.400001525878906,2582178.0
2025-06-11 10:30:00-04:00,63.41999816894531,63.724998474121094,63.218299865722656,63.334999084472656,1307361.0
2025-06-11 11:30:00-04:00,63.334999084472656,63.40999984741211,62.880001068115234,63.095001220703125,1009597.0
2025-06-11 12:30:00-04:00,63.099998474121094,63.380001068115234,63.099998474121094,63.380001068115234,613898.0
2025-06-11 13:30:00-04:00,63.380001068115234,63.400001525878906,62.61000061035156,62.654998779296875,854985.0
2025-06-11 14:30:00-04:00,62.654998779296875,62.97999954223633,62.58000183105469,62.94499969482422,1146842.0
2025-06-11 15:30:00-04:00,62.94499969482422,63.21500015258789,62.88399887084961,63.154998779296875,1549796.0
2025-06-11 16:00:00-04:00,63.11,66.2751,62.8,63.3,0.0
2025-06-11 17:00:00-04:00,63.21,66.2751,63.0636,63.14,0.0
2025-06-11 18:00:00-04:00,63.08,63.2,62.92,63.11,0.0
2025-06-11 19:00:00-04:00,63.1,63.12,62.92,62.95,0.0
2025-06-12 04:00:00-04:00,62.82,63.09,62.67,62.72,0.0
2025-06-12 05:00:00-04:00,62.75,62.85,62.62,62.85,0.0
2025-06-12 06:00:00-04:00,62.82,62.85,62.75,62.75,0.0
2025-06-12 07:00:00-04:00,62.78,62.84,62.66,62.7,0.0
2025-06-12 08:00:00-04:00,62.7,63.1588,62.52,62.64,0.0
2025-06-12 09:00:00-04:00,62.66,63.11,62.61,62.88,0.0
2025-06-12 09:30:00-04:00,62.7400016784668,62.7400016784668,61.7599983215332,62.5526008605957,2880596.0
2025-06-12 10:30:00-04:00,62.56999969482422,62.779998779296875,62.47999954223633,62.65999984741211,1392618.0
2025-06-12 11:30:00-04:00,62.65999984741211,62.77000045776367,62.51499938964844,62.61000061035156,639715.0
2025-06-12 12:30:00-04:00,62.599998474121094,62.93000030517578,62.5099983215332,62.744998931884766,779229.0
2025-06-12 13:30:00-04:00,62.75,62.86000061035156,62.560001373291016,62.630001068115234,515257.0
2025-06-12 14:30:00-04:00,62.630001068115234,62.790000915527344,62.5,62.724998474121094,776226.0
2025-06-12 15:30:00-04:00,62.724998474121094,62.849998474121094,62.685001373291016,62.81999969482422,1346169.0
2025-06-12 16:00:00-04:00,62.8,62.86,62.0,62.8,0.0
2025-06-12 17:00:00-04:00,62.8,62.8,62.57,62.77,0.0
2025-06-12 18:00:00-04:00,62.76,62.79,62.67,62.7,0.0
2025-06-12 19:00:00-04:00,62.71,62.78,62.57,62.6,0.0
2025-06-13 04:00:00-04:00,62.0,62.14,61.5,61.55,0.0
2025-06-13 05:00:00-04:00,61.64,61.71,61.53,61.58,0.0
2025-06-13 06:00:00-04:00,61.6,61.71,61.57,61.7,0.0
2025-06-13 07:00:00-04:00,61.7,61.99,61.7,61.85,0.0
2025-06-13 08:00:00-04:00,61.84,62.8,61.37,61.9,0.0
2025-06-13 09:00:00-04:00,61.95,62.8,61.68,61.699,0.0
2025-06-13 09:30:00-04:00,61.744998931884766,62.779998779296875,61.600101470947266,61.650001525878906,2767860.0
2025-06-13 10:30:00-04:00,61.709999084472656,62.01499938964844,61.639198303222656,62.0,1278261.0
2025-06-13 11:30:00-04:00,61.994998931884766,62.349998474121094,61.93000030517578,62.025001525878906,1380593.0
2025-06-13 12:30:00-04:00,62.02989959716797,62.099998474121094,61.900001525878906,61.90999984741211,875778.0
2025-06-13 13:30:00-04:00,61.90999984741211,61.97999954223633,61.31999969482422,61.31999969482422,976098.0
2025-06-13 14:30:00-04:00,61.31999969482422,61.36000061035156,60.150001525878906,60.28499984741211,3079321.0
2025-06-13 15:30:00-04:00,60.279998779296875,60.54999923706055,60.11000061035156,60.529998779296875,3619493.0
2025-06-13 16:00:00-04:00,60.52,60.86,60.4,60.74,0.0
2025-06-13 17:00:00-04:00,60.66,60.74,58.4262,60.61,0.0
2025-06-13 18:00:00-04:00,60.64,60.65,60.6,60.63,0.0
2025-06-13 19:00:00-04:00,60.64,60.74,60.6,60.7,0.0
2025-06-16 04:00:00-04:00,61.15,61.15,60.83,60.92,0.0
2025-06-16 05:00:00-04:00,60.92,61.0,60.8,60.84,0.0
2025-06-16 06:00:00-04:00,60.83,60.87,60.75,60.82,0.0
2025-06-16 07:00:00-04:00,60.8,60.87,60.75,60.82,0.0
2025-06-16 08:00:00-04:00,60.86,61.1788,60.6912,61.08,0.0
2025-06-16 09:00:00-04:00,61.09,61.15,61.01,61.1,0.0
2025-06-16 09:30:00-04:00,61.380001068115234,62.150001525878906,61.2400016784668,62.130001068115234,2519455.0
2025-06-16 10:30:00-04:00,62.130001068115234,62.18000030517578,61.41619873046875,61.5099983215332,2142554.0
2025-06-16 11:30:00-04:00,61.5099983215332,61.74760055541992,61.43000030517578,61.744998931884766,886225.0
2025-06-16 12:30:00-04:00,61.744998931884766,61.939998626708984,61.63010025024414,61.869998931884766,847111.0
2025-06-16 13:30:00-04:00,61.880001068115234,61.91999816894531,61.709999084472656,61.73500061035156,987164.0
2025-06-16 14:30:00-04:00,61.7400016784668,61.849998474121094,61.61009979248047,61.744998931884766,1518211.0
2025-06-16 15:30:00-04:00,61.75,62.040000915527344,61.744998931884766,61.90999984741211,2164006.0
2025-06-16 16:00:00-04:00,61.9,65.6847,61.5164,61.8,0.0
2025-06-16 17:00:00-04:00,61.8,65.6847,61.8,62.0,0.0
2025-06-16 18:00:00-04:00,62.0,62.0,61.7,61.72,0.0
2025-06-16 19:00:00-04:00,61.7025,61.8,61.527,61.527,0.0
2025-06-17 04:00:00-04:00,61.71,61.71,61.33,61.52,0.0
2025-06-17 05:00:00-04:00,61.52,61.63,61.3,61.39,0.0
2025-06-17 06:00:00-04:00,61.4,61.45,61.33,61.34,0.0
2025-06-17 07:00:00-04:00,61.35,61.4,61.24,61.4,0.0
2025-06-17 08:00:00-04:00,61.41,61.9825,61.27,61.51,0.0
2025-06-17 09:00:00-04:00,61.53,61.6,61.28,61.38,0.0
2025-06-17 09:30:00-04:00,61.14500045776367,61.189998626708984,60.56999969482422,61.0,3302566.0
2025-06-17 10:30:00-04:00,61.0,61.189998626708984,60.81999969482422,60.83000183105469,1180901.0
2025-06-17 11:30:00-04:00,60.82500076293945,60.974998474121094,60.470001220703125,60.90999984741211,1110484.0
2025-06-17 12:30:00-04:00,60.91999816894531,60.91999816894531,60.400001525878906,60.45000076293945,1013497.0
2025-06-17 13:30:00-04:00,60.43000030517578,60.57500076293945,59.904998779296875,59.95000076293945,1606203.0
2025-06-17 14:30:00-04:00,59.959999084472656,60.0099983215332,59.68000030517578,59.85499954223633,1967760.0
2025-06-17 15:30:00-04:00,59.86000061035156,60.095001220703125,59.85499954223633,59.9900016784668,1889324.0
2025-06-17 16:00:00-04:00,60.0,60.2,59.88,60.01,0.0
2025-06-17 17:00:00-04:00,60.1,62.655,59.95,59.96,0.0
2025-06-17 18:00:00-04:00,59.99,60.05,59.88,59.97,0.0
2025-06-17 19:00:00-04:00,59.97,60.0,59.83,59.9209,0.0
2025-06-18 04:00:00-04:00,60.2,60.4,60.2,60.26,0.0
2025-06-18 05:00:00-04:00,60.31,60.35,60.26,60.27,0.0
2025-06-18 06:00:00-04:00,60.3,60.33,60.21,60.29,0.0
2025-06-18 07:00:00-04:00,60.29,60.5,59.93,60.1,0.0
2025-06-18 08:00:00-04:00,60.1,60.6777,59.92,60.18,0.0
2025-06-18 09:00:00-04:00,60.16,60.18,60.0,60.0001,0.0
2025-06-18 09:30:00-04:00,60.0,60.44990158081055,59.83000183105469,60.1349983215332,2295762.0
2025-06-18 10:30:00-04:00,60.1349983215332,60.38999938964844,60.08000183105469,60.09749984741211,1461653.0
2025-06-18 11:30:00-04:00,60.099998474121094,60.119998931884766,59.95000076293945,60.04999923706055,898156.0
2025-06-18 12:30:00-04:00,60.040000915527344,60.25170135498047,59.709999084472656,59.88999938964844,1806393.0
2025-06-18 13:30:00-04:00,59.900001525878906,60.209999084472656,59.75,59.90999984741211,1496722.0
2025-06-18 14:30:00-04:00,59.915000915527344,60.0629997253418,59.380001068115234,59.400001525878906,2416331.0
2025-06-18 15:30:00-04:00,59.38999938964844,59.63999938964844,59.369998931884766,59.5099983215332,1814204.0
2025-06-18 16:00:00-04:00,59.51,60.0,59.51,59.63,0.0
2025-06-18 17:00:00-04:00,59.63,59.67,59.55,59.64,0.0
2025-06-18 18:00:00-04:00,59.61,59.71,59.57,59.69,0.0
2025-06-18 19:00:00-04:00,59.69,59.69,59.57,59.68,0.0
2025-06-20 04:00:00-04:00,59.8,59.9,59.5,59.72,0.0
2025-06-20 05:00:00-04:00,59.72,59.76,59.45,59.65,0.0
2025-06-20 06:00:00-04:00,59.67,59.71,59.56,59.69,0.0
2025-06-20 07:00:00-04:00,59.69,59.73,59.58,59.67,0.0
2025-06-20 08:00:00-04:00,59.73,60.25,59.48,60.07,0.0
2025-06-20 09:00:00-04:00,60.04,60.18,59.98,60.11,0.0
2025-06-20 09:30:00-04:00,59.75,60.04100036621094,59.400001525878906,59.77000045776367,4436503.0
2025-06-20 10:30:00-04:00,59.77000045776367,59.77000045776367,59.189998626708984,59.41999816894531,1579514.0
2025-06-20 11:30:00-04:00,59.43000030517578,59.63999938964844,59.369998931884766,59.60499954223633,836575.0
2025-06-20 12:30:00-04:00,59.60499954223633,59.709999084472656,59.5,59.5,705731.0
2025-06-20 13:30:00-04:00,59.47999954223633,59.70500183105469,59.380001068115234,59.654998779296875,759690.0
2025-06-20 14:30:00-04:00,59.654998779296875,59.709999084472656,59.5,59.540000915527344,923436.0
2025-06-20 15:30:00-04:00,59.540000915527344,59.810001373291016,59.470001220703125,59.790000915527344,1919413.0
2025-06-20 16:00:00-04:00,59.785,59.88,59.66,59.85,0.0
2025-06-20 17:00:00-04:00,59.85,59.99,58.5769,59.9001,0.0
2025-06-20 18:00:00-04:00,59.92,59.95,58.5769,59.91,0.0
2025-06-20 19:00:00-04:00,59.9292,59.93,59.82,59.9,0.0
2025-06-23 04:00:00-04:00,59.53,60.0,59.53,59.77,0.0
2025-06-23 05:00:00-04:00,59.76,59.82,59.71,59.76,0.0
2025-06-23 06:00:00-04:00,59.77,59.79,59.57,59.59,0.0
2025-06-23 07:00:00-04:00,59.59,59.65,59.53,59.54,0.0
2025-06-23 08:00:00-04:00,59.53,59.9,59.2,59.68,0.0
2025-06-23 09:00:00-04:00,59.57,59.68,59.35,59.6,0.0
2025-06-23 09:30:00-04:00,59.57500076293945,60.400001525878906,59.439998626708984,60.244998931884766,3058532.0
2025-06-23 10:30:00-04:00,60.2599983215332,60.459999084472656,59.97999954223633,60.14500045776367,1484182.0
2025-06-23 11:30:00-04:00,60.119998931884766,60.16999816894531,60.0,60.02859878540039,1076371.0
2025-06-23 12:30:00-04:00,60.040000915527344,60.68000030517578,59.78499984741211,60.66999816894531,1599010.0
2025-06-23 13:30:00-04:00,60.68000030517578,60.9900016784668,60.66999816894531,60.91999816894531,1435183.0
2025-06-23 14:30:00-04:00,60.92499923706055,61.29499816894531,60.91847610473633,61.26499938964844,1629756.0
2025-06-23 15:30:00-04:00,61.2599983215332,61.290000915527344,60.724998474121094,60.790000915527344,2708242.0
2025-06-23 16:00:00-04:00,60.78,61.14,60.6,60.71,0.0
2025-06-23 17:00:00-04:00,60.83,60.83,57.023,60.79,0.0
2025-06-23 18:00:00-04:00,60.8,61.22,60.7,61.1491,0.0
2025-06-23 19:00:00-04:00,61.15,61.3,61.09,61.29,0.0
2025-06-24 04:00:00-04:00,61.02,61.38,61.02,61.35,0.0
2025-06-24 05:00:00-04:00,61.34,61.35,61.26,61.3,0.0
2025-06-24 06:00:00-04:00,61.29,61.4,61.27,61.28,0.0
2025-06-24 07:00:00-04:00,61.27,61.42,61.22,61.34,0.0
2025-06-24 08:00:00-04:00,61.34,61.55,60.78,61.21,0.0
2025-06-24 09:00:00-04:00,61.29,61.31,61.2,61.31,0.0
2025-06-24 09:30:00-04:00,61.33000183105469,61.97999954223633,60.880001068115234,61.051998138427734,2787960.0
2025-06-24 10:30:00-04:00,61.060001373291016,61.2599983215332,60.72999954223633,60.869998931884766,1523170.0
2025-06-24 11:30:00-04:00,60.869998931884766,60.9197998046875,60.474998474121094,60.88999938964844,1263948.0
2025-06-24 12:30:00-04:00,60.89500045776367,61.22999954223633,60.86000061035156,61.1515998840332,1001913.0
2025-06-24 13:30:00-04:00,61.154998779296875,61.189998626708984,60.980098724365234,61.165000915527344,763218.0
2025-06-24 14:30:00-04:00,61.165000915527344,61.41749954223633,61.1150016784668,61.4099006652832,1369828.0
2025-06-24 15:30:00-04:00,61.404998779296875,61.51499938964844,61.345001220703125,61.404998779296875,1769064.0
2025-06-24 16:00:00-04:00,61.42,63.715,61.1061,61.4483,0.0
2025-06-24 17:00:00-04:00,61.41,65.1085,61.4,61.4003,0.0
2025-06-24 18:00:00-04:00,61.4,61.55,61.38,61.3988,0.0
2025-06-24 19:00:00-04:00,61.4,61.42,61.35,61.4099,0.0
2025-06-25 04:00:00-04:00,61.61,61.64,61.5,61.51,0.0
2025-06-25 05:00:00-04:00,61.51,61.51,61.28,61.32,0.0
2025-06-25 06:00:00-04:00,61.34,61.34,61.25,61.3,0.0
2025-06-25 07:00:00-04:00,61.3,61.48,61.26,61.44,0.0
2025-06-25 08:00:00-04:00,61.46,61.672,61.25,61.5048,0.0
2025-06-25 09:00:00-04:00,61.54,61.54,61.2,61.4001,0.0
2025-06-25 09:30:00-04:00,61.45000076293945,61.529998779296875,61.0099983215332,61.165000915527344,2217064.0
2025-06-25 10:30:00-04:00,61.16999816894531,61.20500183105469,60.849998474121094,60.959999084472656,1507832.0
2025-06-25 11:30:00-04:00,60.974998474121094,61.150001525878906,60.85499954223633,60.875999450683594,1025391.0
2025-06-25 12:30:00-04:00,60.869998931884766,60.91999816894531,60.36000061035156,60.54999923706055,1452030.0
2025-06-25 13:30:00-04:00,60.55500030517578,60.720001220703125,60.41999816894531,60.586299896240234,1053412.0
2025-06-25 14:30:00-04:00,60.58000183105469,61.005001068115234,60.56019973754883,60.94499969482422,1215953.0
2025-06-25 15:30:00-04:00,60.94499969482422,60.97999954223633,60.779998779296875,60.849998474121094,1714005.0
2025-06-25 16:00:00-04:00,60.83,61.05,60.62,60.8,0.0
2025-06-25 17:00:00-04:00,60.93,60.94,60.77,60.8299,0.0
2025-06-25 18:00:00-04:00,60.9393,61.1,60.8,60.95,0.0
2025-06-25 19:00:00-04:00,60.95,61.05,60.9,60.91,0.0
2025-06-26 04:00:00-04:00,61.05,61.3,61.01,61.25,0.0
2025-06-26 05:00:00-04:00,61.26,61.3,61.0,61.2,0.0
2025-06-26 06:00:00-04:00,61.25,61.25,61.18,61.25,0.0
2025-06-26 07:00:00-04:00,61.25,61.3,61.01,61.1,0.0
2025-06-26 08:00:00-04:00,61.09,61.3865,60.83,61.2299,0.0
2025-06-26 09:00:00-04:00,61.22,61.2471,61.14,61.15,0.0
2025-06-26 09:30:00-04:00,61.560001373291016,61.70000076293945,60.81999969482422,61.57500076293945,4337590.0
2025-06-26 10:30:00-04:00,61.58000183105469,61.83000183105469,61.42499923706055,61.650001525878906,2420587.0
2025-06-26 11:30:00-04:00,61.64500045776367,62.064998626708984,61.619998931884766,62.05500030517578,3354467.0
2025-06-26 12:30:00-04:00,62.05970001220703,62.2400016784668,61.88999938964844,62.029998779296875,2768203.0
2025-06-26 13:30:00-04:00,62.029998779296875,62.36000061035156,61.97999954223633,62.209999084472656,2646732.0
2025-06-26 14:30:00-04:00,62.209999084472656,62.459999084472656,62.119998931884766,62.275001525878906,3462260.0
2025-06-26 15:30:00-04:00,62.27000045776367,62.72999954223633,62.189998626708984,62.54999923706055,5143952.0
2025-06-26 16:00:00-04:00,62.54,64.3,60.29,61.5199,0.0
2025-06-26 17:00:00-04:00,61.51,68.54,60.64,68.5,0.0
2025-06-26 18:00:00-04:00,68.5,69.65,67.95,68.71,0.0
2025-06-26 19:00:00-04:00,68.71,69.25,68.5,69.25,0.0
2025-06-27 04:00:00-04:00,68.44,69.13,68.39,68.43,0.0
2025-06-27 05:00:00-04:00,68.42,68.81,68.37,68.68,0.0
2025-06-27 06:00:00-04:00,68.68,68.69,68.22,68.24,0.0
2025-06-27 07:00:00-04:00,68.25,69.3,68.11,68.91,0.0
2025-06-27 08:00:00-04:00,68.91,69.5,68.11,69.33,0.0
2025-06-27 09:00:00-04:00,69.27,69.68,69.0,69.17,0.0
2025-06-27 09:30:00-04:00,69.79000091552734,72.83989715576172,69.69000244140625,71.67379760742188,40362657.0
2025-06-27 10:30:00-04:00,71.69000244140625,72.63999938964844,71.22000122070312,72.29000091552734,11722033.0
2025-06-27 11:30:00-04:00,72.27999877929688,74.19000244140625,72.20999908447266,73.49500274658203,14860657.0
2025-06-27 12:30:00-04:00,73.49500274658203,73.55000305175781,71.8499984741211,72.04039764404297,11156162.0
2025-06-27 13:30:00-04:00,72.05000305175781,72.47000122070312,71.69999694824219,71.70999908447266,6913164.0
2025-06-27 14:30:00-04:00,71.70999908447266,72.58000183105469,71.51000213623047,72.36499786376953,7563022.0
2025-06-27 15:30:00-04:00,72.36000061035156,72.48999786376953,71.9800033569336,72.07499694824219,6739864.0
2025-06-27 16:00:00-04:00,72.04,72.12,71.89,71.96,0.0
2025-06-27 17:00:00-04:00,71.98,72.04,67.7183,71.9,0.0
2025-06-27 18:00:00-04:00,71.9482,72.06,71.8,72.04,0.0
2025-06-27 19:00:00-04:00,72.0,72.15,71.912,72.1,0.0
2025-06-30 04:00:00-04:00,71.92,73.87,71.22,71.85,0.0
2025-06-30 05:00:00-04:00,71.85,71.9,71.13,71.35,0.0
2025-06-30 06:00:00-04:00,71.35,71.6,71.15,71.46,0.0
2025-06-30 07:00:00-04:00,71.49,71.95,71.4,71.87,0.0
2025-06-30 08:00:00-04:00,71.86,73.1371,71.2422,71.651,0.0
2025-06-30 09:00:00-04:00,71.73,71.74,71.45,71.5731,0.0
2025-06-30 09:30:00-04:00,71.1449966430664,71.56999969482422,70.05999755859375,70.7300033569336,8714759.0
2025-06-30 10:30:00-04:00,70.73999786376953,71.66000366210938,70.36009979248047,71.30999755859375,4600328.0
2025-06-30 11:30:00-04:00,71.30999755859375,71.70500183105469,71.05000305175781,71.2699966430664,3364653.0
2025-06-30 12:30:00-04:00,71.2699966430664,71.58000183105469,71.0999984741211,71.27999877929688,1973218.0
2025-06-30 13:30:00-04:00,71.2738037109375,71.58999633789062,70.45500183105469,70.66000366210938,3097240.0
2025-06-30 14:30:00-04:00,70.6593017578125,70.80590057373047,70.29499816894531,70.66999816894531,2288510.0
2025-06-30 15:30:00-04:00,70.66999816894531,71.12999725341797,70.6449966430664,71.01499938964844,3069905.0
2025-06-30 16:00:00-04:00,71.04,71.745,70.9,71.0,0.0
2025-06-30 17:00:00-04:00,71.02,71.04,70.82,70.96,0.0
2025-06-30 18:00:00-04:00,70.97,70.99,70.61,70.91,0.0
2025-06-30 19:00:00-04:00,70.94,71.0,70.9,71.0,0.0
2025-07-01 04:00:00-04:00,70.99,71.02,70.6,70.87,0.0
2025-07-01 05:00:00-04:00,70.87,70.88,70.71,70.75,0.0
2025-07-01 06:00:00-04:00,70.75,70.85,70.66,70.77,0.0
2025-07-01 07:00:00-04:00,70.8,71.4,70.77,71.33,0.0
2025-07-01 08:00:00-04:00,71.34,71.55,70.5612,71.1504,0.0
2025-07-01 09:00:00-04:00,71.24,71.6,71.04,71.5,0.0
2025-07-01 09:30:00-04:00,71.98999786376953,73.82499694824219,71.83000183105469,73.5,6768323.0
2025-07-01 10:30:00-04:00,73.52999877929688,73.93000030517578,72.81999969482422,73.49500274658203,3785257.0
2025-07-01 11:30:00-04:00,73.48999786376953,73.93499755859375,73.26000213623047,73.38999938964844,2464140.0
2025-07-01 12:30:00-04:00,73.38999938964844,73.5,72.66000366210938,73.06999969482422,1930159.0
2025-07-01 13:30:00-04:00,73.06999969482422,73.13500213623047,72.7699966430664,73.05999755859375,1616961.0
2025-07-01 14:30:00-04:00,73.05999755859375,73.51000213623047,72.68000030517578,73.33999633789062,1796339.0
2025-07-01 15:30:00-04:00,73.3499984741211,73.57499694824219,73.20999908447266,73.38500213623047,3247834.0
2025-07-01 16:00:00-04:00,73.41,73.51,73.11,73.5,0.0
2025-07-01 17:00:00-04:00,73.5,73.58,73.3,73.34,0.0
2025-07-01 18:00:00-04:00,73.36,73.48,73.31,73.39,0.0
2025-07-01 19:00:00-04:00,73.43,73.5,73.36,73.4201,0.0
2025-07-02 04:00:00-04:00,73.55,73.8,73.42,73.65,0.0
2025-07-02 05:00:00-04:00,73.62,73.72,73.6,73.72,0.0
2025-07-02 06:00:00-04:00,73.71,73.74,73.6,73.71,0.0
2025-07-02 07:00:00-04:00,73.63,73.7,73.58,73.58,0.0
2025-07-02 08:00:00-04:00,73.59,73.88,72.99,73.15,0.0
2025-07-02 09:00:00-04:00,73.22,73.48,73.0,73.15,0.0
2025-07-02 09:30:00-04:00,73.16999816894531,76.19000244140625,73.02999877929688,75.9749984741211,7359283.0
2025-07-02 10:30:00-04:00,75.9800033569336,76.45999908447266,73.0,75.70999908447266,12689547.0
2025-07-02 11:30:00-04:00,75.69999694824219,76.41500091552734,75.51000213623047,76.2654037475586,3386482.0
2025-07-02 12:30:00-04:00,76.2699966430664,76.47000122070312,75.86000061035156,76.16999816894531,2139404.0
2025-07-02 13:30:00-04:00,76.16999816894531,76.56500244140625,75.94000244140625,76.52999877929688,1693785.0
2025-07-02 14:30:00-04:00,76.52010345458984,76.83999633789062,76.31999969482422,76.37999725341797,2955799.0
2025-07-02 15:30:00-04:00,76.37000274658203,76.79000091552734,76.36370086669922,76.43000030517578,3947443.0
2025-07-02 16:00:00-04:00,76.39,77.0,74.9267,76.5501,0.0
2025-07-02 17:00:00-04:00,76.55,76.83,74.9267,76.59,0.0
2025-07-02 18:00:00-04:00,76.668,76.7,76.5,76.59,0.0
2025-07-02 19:00:00-04:00,76.62,76.65,76.53,76.61,0.0
2025-07-03 04:00:00-04:00,76.68,76.72,76.27,76.3,0.0
2025-07-03 05:00:00-04:00,76.3,76.3,75.58,75.85,0.0
2025-07-03 06:00:00-04:00,75.76,75.92,75.67,75.91,0.0
2025-07-03 07:00:00-04:00,75.95,76.29,75.9,75.99,0.0
2025-07-03 08:00:00-04:00,76.05,77.01,75.596,75.92,0.0
2025-07-03 09:00:00-04:00,76.19,76.32,73.14,75.76,0.0
2025-07-03 09:30:00-04:00,76.26499938964844,77.02999877929688,75.73999786376953,75.81999969482422,4674764.0
2025-07-03 10:30:00-04:00,75.80999755859375,76.38999938964844,75.58000183105469,76.33000183105469,2223349.0
2025-07-03 11:30:00-04:00,76.33999633789062,76.72000122070312,76.14199829101562,76.31500244140625,2295063.0
2025-07-03 13:00:00-04:00,76.30999755859375,76.59600067138672,76.18450164794922,76.38999938964844,0.0
2025-07-03 14:00:00-04:00,76.32,80.3696,75.4544,76.42,0.0
2025-07-03 15:00:00-04:00,76.41,76.67,76.22,76.23,0.0
2025-07-03 16:00:00-04:00,76.22,76.4,76.2,76.22,0.0
2025-07-07 04:00:00-04:00,76.03,76.03,75.47,75.68,0.0
2025-07-07 05:00:00-04:00,75.71,75.73,75.3,75.36,0.0
2025-07-07 06:00:00-04:00,75.34,75.69,75.33,75.68,0.0
2025-07-07 07:00:00-04:00,75.66,76.09,75.55,76.03,0.0
2025-07-07 08:00:00-04:00,76.01,76.2,75.3,75.85,0.0
2025-07-07 09:00:00-04:00,75.77,75.85,75.5,75.5,0.0
2025-07-07 09:30:00-04:00,76.04000091552734,77.5,76.02999877929688,76.30039978027344,5103631.0
2025-07-07 10:30:00-04:00,76.29499816894531,76.3499984741211,75.84500122070312,75.93000030517578,1953661.0
2025-07-07 11:30:00-04:00,75.93000030517578,76.55000305175781,75.91999816894531,76.29499816894531,1359321.0
2025-07-07 12:30:00-04:00,76.29000091552734,76.49500274658203,76.1500015258789,76.375,1423474.0
2025-07-07 13:30:00-04:00,76.37000274658203,76.62000274658203,75.94999694824219,76.1449966430664,1240311.0
2025-07-07 14:30:00-04:00,76.1500015258789,76.58999633789062,76.0,76.43000030517578,1430998.0
2025-07-07 15:30:00-04:00,76.43000030517578,76.7300033569336,76.41000366210938,76.55000305175781,2114351.0
2025-07-07 16:00:00-04:00,76.53,76.6,71.1454,75.72,0.0
2025-07-07 17:00:00-04:00,75.95,76.53,71.1454,76.0,0.0
2025-07-07 18:00:00-04:00,75.78,76.2,75.76,75.91,0.0
2025-07-07 19:00:00-04:00,76.0,76.38,76.0,76.27,0.0
2025-07-08 04:00:00-04:00,76.39,76.39,75.93,75.94,0.0
2025-07-08 05:00:00-04:00,75.93,76.14,75.93,76.12,0.0
2025-07-08 06:00:00-04:00,76.12,76.17,76.01,76.06,0.0
2025-07-08 07:00:00-04:00,76.01,76.15,76.0,76.1,0.0
2025-07-08 08:00:00-04:00,76.05,76.721,75.8412,76.25,0.0
2025-07-08 09:00:00-04:00,76.26,76.48,76.13,76.41,0.0
2025-07-08 09:30:00-04:00,76.12999725341797,76.30000305175781,73.7699966430664,74.40979766845703,4736997.0
2025-07-08 10:30:00-04:00,74.40499877929688,74.68000030517578,73.91000366210938,74.04000091552734,3096009.0
2025-07-08 11:30:00-04:00,74.04000091552734,74.5,73.95999908447266,74.44000244140625,1949858.0
2025-07-08 12:30:00-04:00,74.44999694824219,74.52999877929688,73.7300033569336,73.75,1397399.0
2025-07-08 13:30:00-04:00,73.75,74.12979888916016,73.6500015258789,73.97000122070312,1242075.0
2025-07-08 14:30:00-04:00,73.9800033569336,74.0199966430664,73.75,73.91999816894531,1195379.0
2025-07-08 15:30:00-04:00,73.92500305175781,74.11499786376953,73.68000030517578,73.94999694824219,2259989.0
2025-07-08 16:00:00-04:00,73.92,74.0,73.7,73.9,0.0
2025-07-08 17:00:00-04:00,73.9,73.98,73.85,73.9,0.0
2025-07-08 18:00:00-04:00,73.92,74.05,73.86,73.87,0.0
2025-07-08 19:00:00-04:00,73.95,74.05,73.85,73.9,0.0
2025-07-09 04:00:00-04:00,73.83,73.95,73.69,73.88,0.0
2025-07-09 05:00:00-04:00,73.9,74.01,73.87,74.0,0.0
2025-07-09 06:00:00-04:00,74.0,74.1,74.0,74.1,0.0
2025-07-09 07:00:00-04:00,74.12,74.18,74.03,74.09,0.0
2025-07-09 08:00:00-04:00,74.07,74.15,73.69,74.05,0.0
2025-07-09 09:00:00-04:00,74.0501,74.22,73.92,74.1218,0.0
2025-07-09 09:30:00-04:00,74.12999725341797,74.91999816894531,73.87000274658203,74.19000244140625,2409062.0
2025-07-09 10:30:00-04:00,74.19000244140625,74.22000122070312,73.6500015258789,73.80000305175781,1292589.0
2025-07-09 11:30:00-04:00,73.80999755859375,74.00499725341797,73.6500015258789,73.83999633789062,814689.0
2025-07-09 12:30:00-04:00,73.83999633789062,74.01509857177734,73.69499969482422,73.79499816894531,756326.0
2025-07-09 13:30:00-04:00,73.79499816894531,73.9000015258789,73.52999877929688,73.69999694824219,1571177.0
2025-07-09 14:30:00-04:00,73.69999694824219,73.77999877929688,73.41999816894531,73.73999786376953,1012112.0
2025-07-09 15:30:00-04:00,73.7300033569336,73.75,73.55000305175781,73.58499908447266,2231452.0
2025-07-09 16:00:00-04:00,73.56,76.1883,73.45,73.49,0.0
2025-07-09 17:00:00-04:00,73.53,73.7,73.49,73.52,0.0
2025-07-09 18:00:00-04:00,73.57,73.75,73.49,73.66,0.0
2025-07-09 19:00:00-04:00,73.63,73.75,73.5,73.6,0.0
2025-07-10 04:00:00-04:00,73.45,73.45,72.79,73.01,0.0
2025-07-10 05:00:00-04:00,72.98,73.02,72.79,72.82,0.0
2025-07-10 06:00:00-04:00,72.92,72.93,72.84,72.9,0.0
2025-07-10 07:00:00-04:00,72.93,73.12,72.93,73.05,0.0
2025-07-10 08:00:00-04:00,73.08,73.7,72.61,72.87,0.0
2025-07-10 09:00:00-04:00,72.89,72.95,72.6,72.74,0.0
2025-07-10 09:30:00-04:00,73.12000274658203,75.11000061035156,72.94999694824219,75.0,3357276.0
2025-07-10 10:30:00-04:00,75.01000213623047,75.29000091552734,74.63999938964844,75.22000122070312,2026193.0
2025-07-10 11:30:00-04:00,75.22699737548828,75.41999816894531,74.91999816894531,75.32499694824219,1310360.0
2025-07-10 12:30:00-04:00,75.31999969482422,75.46499633789062,75.2300033569336,75.31999969482422,817970.0
2025-07-10 13:30:00-04:00,75.30999755859375,75.5,74.86499786376953,75.02999877929688,939162.0
2025-07-10 14:30:00-04:00,75.0250015258789,75.04499816894531,74.52010345458984,74.58999633789062,1399193.0
2025-07-10 15:30:00-04:00,74.5999984741211,74.75,74.44000244140625,74.62000274658203,1531548.0
2025-07-10 16:00:00-04:00,74.62,76.305,74.41,74.63,0.0
2025-07-10 17:00:00-04:00,74.67,74.75,74.33,74.67,0.0
2025-07-10 18:00:00-04:00,74.5,74.69,74.34,74.64,0.0
2025-07-10 19:00:00-04:00,74.64,74.75,74.52,74.72,0.0
2025-07-11 04:00:00-04:00,74.62,74.62,74.04,74.05,0.0
2025-07-11 05:00:00-04:00,74.05,74.19,74.05,74.06,0.0
2025-07-11 06:00:00-04:00,74.05,74.1,73.88,73.96,0.0
2025-07-11 07:00:00-04:00,73.99,74.04,73.9,74.0,0.0
2025-07-11 08:00:00-04:00,74.04,74.28,73.88,74.19,0.0
2025-07-11 09:00:00-04:00,74.19,74.2,73.98,74.1,0.0
2025-07-11 09:30:00-04:00,73.69000244140625,73.83999633789062,72.92120361328125,73.12999725341797,2218715.0
2025-07-11 10:30:00-04:00,73.122802734375,73.17500305175781,72.4000015258789,72.68000030517578,2012275.0
2025-07-11 11:30:00-04:00,72.69000244140625,72.7300033569336,72.45999908447266,72.54000091552734,1291555.0
2025-07-11 12:30:00-04:00,72.52999877929688,72.79000091552734,72.43000030517578,72.66000366210938,1108541.0
2025-07-11 13:30:00-04:00,72.66999816894531,72.86000061035156,72.5199966430664,72.63999938964844,922878.0
2025-07-11 14:30:00-04:00,72.6500015258789,72.8750991821289,72.53500366210938,72.83000183105469,1166446.0
2025-07-11 15:30:00-04:00,72.83000183105469,72.94000244140625,72.62999725341797,72.67500305175781,2020587.0
2025-07-11 16:00:00-04:00,72.67,72.75,67.7183,72.65,0.0
2025-07-11 17:00:00-04:00,72.75,73.0752,71.2717,72.66,0.0
2025-07-11 18:00:00-04:00,72.66,72.73,72.55,72.56,0.0
2025-07-11 19:00:00-04:00,72.7291,72.73,72.5,72.68,0.0
2025-07-14 04:00:00-04:00,72.45,72.68,72.04,72.18,0.0
2025-07-14 05:00:00-04:00,72.18,72.31,72.17,72.26,0.0
2025-07-14 06:00:00-04:00,72.26,72.36,72.22,72.28,0.0
2025-07-14 07:00:00-04:00,72.31,72.41,72.21,72.32,0.0
2025-07-14 08:00:00-04:00,72.33,72.55,72.0012,72.29,0.0
2025-07-14 09:00:00-04:00,72.31,72.4238,72.05,72.16,0.0
2025-07-14 09:30:00-04:00,72.33999633789062,72.41000366210938,71.66999816894531,71.69000244140625,2068948.0
2025-07-14 10:30:00-04:00,71.69000244140625,72.49500274658203,71.69000244140625,72.37999725341797,1141386.0
2025-07-14 11:30:00-04:00,72.37999725341797,72.58000183105469,71.02999877929688,72.20999908447266,2095862.0
2025-07-14 12:30:00-04:00,72.20999908447266,72.44999694824219,72.08999633789062,72.30500030517578,782774.0
2025-07-14 13:30:00-04:00,72.30000305175781,72.33499908447266,72.1449966430664,72.24859619140625,652855.0
2025-07-14 14:30:00-04:00,72.25,72.31999969482422,72.13999938964844,72.28500366210938,1226913.0
2025-07-14 15:30:00-04:00,72.27999877929688,72.4800033569336,72.23500061035156,72.2699966430664,1735972.0
2025-07-14 16:00:00-04:00,72.25,72.5,70.7175,72.08,0.0
2025-07-14 17:00:00-04:00,72.1,72.5,72.06,72.48,0.0
2025-07-14 18:00:00-04:00,72.23,72.48,72.05,72.25,0.0
2025-07-14 19:00:00-04:00,72.25,72.4,72.0,72.19,0.0
2025-07-15 04:00:00-04:00,72.24,72.4,72.12,72.32,0.0
2025-07-15 05:00:00-04:00,72.33,72.38,72.15,72.29,0.0
2025-07-15 06:00:00-04:00,72.29,72.45,72.26,72.44,0.0
2025-07-15 07:00:00-04:00,72.45,72.96,72.42,72.5,0.0
2025-07-15 08:00:00-04:00,72.5,72.81,72.084,72.4498,0.0
2025-07-15 09:00:00-04:00,72.44,72.72,72.31,72.4,0.0
2025-07-15 09:30:00-04:00,72.26000213623047,72.87999725341797,72.08000183105469,72.37999725341797,1628514.0
2025-07-15 10:30:00-04:00,72.37999725341797,72.4000015258789,72.04000091552734,72.33000183105469,1321167.0
2025-07-15 11:30:00-04:00,72.33999633789062,72.38500213623047,71.91999816894531,71.97000122070312,676463.0
2025-07-15 12:30:00-04:00,71.97000122070312,72.18499755859375,71.8302001953125,71.91000366210938,639884.0
2025-07-15 13:30:00-04:00,71.91000366210938,72.0,71.58000183105469,71.7750015258789,900930.0
2025-07-15 14:30:00-04:00,71.7750015258789,71.94999694824219,71.72000122070312,71.83999633789062,996173.0
2025-07-15 15:30:00-04:00,71.84500122070312,72.19999694824219,71.80130004882812,72.01000213623047,1617654.0
2025-07-15 16:00:00-04:00,71.99,74.8455,70.245,71.9,0.0
2025-07-15 17:00:00-04:00,71.9,72.16,71.88,71.9016,0.0
2025-07-15 18:00:00-04:00,71.95,72.25,71.88,71.88,0.0
2025-07-15 19:00:00-04:00,71.88,72.02,71.88,72.0,0.0
2025-07-16 04:00:00-04:00,71.81,71.9,71.59,71.76,0.0
2025-07-16 05:00:00-04:00,71.76,71.92,71.72,71.82,0.0
2025-07-16 06:00:00-04:00,71.82,71.85,71.78,71.82,0.0
2025-07-16 07:00:00-04:00,71.79,72.0,71.78,71.99,0.0
2025-07-16 08:00:00-04:00,71.96,72.16,71.65,72.16,0.0
2025-07-16 09:00:00-04:00,72.04,72.45,72.01,72.21,0.0
2025-07-16 09:30:00-04:00,71.9000015258789,72.70999908447266,71.87000274658203,72.0999984741211,1810518.0
2025-07-16 10:30:00-04:00,72.0999984741211,72.19000244140625,71.4749984741211,71.68000030517578,1169991.0
2025-07-16 11:30:00-04:00,71.68000030517578,71.87000274658203,71.1500015258789,71.70999908447266,932412.0
2025-07-16 12:30:00-04:00,71.69999694824219,72.0999984741211,71.48500061035156,71.79000091552734,891170.0
2025-07-16 13:30:00-04:00,71.78500366210938,72.16999816894531,71.7699966430664,72.03500366210938,836796.0
2025-07-16 14:30:00-04:00,72.03500366210938,72.19000244140625,71.95010375976562,72.16000366210938,750247.0
2025-07-16 15:30:00-04:00,72.1500015258789,72.26000213623047,72.0,72.08000183105469,1126299.0
2025-07-16 16:00:00-04:00,72.1,74.9267,69.6619,72.08,0.0
2025-07-16 17:00:00-04:00,72.09,72.1,72.0,72.0,0.0
2025-07-16 18:00:00-04:00,72.06,72.1,72.0,72.0,0.0
2025-07-16 19:00:00-04:00,72.0018,72.1,72.0,72.0,0.0
2025-07-17 04:00:00-04:00,72.02,72.06,71.9,71.9,0.0
2025-07-17 05:00:00-04:00,71.91,72.03,71.91,72.02,0.0
2025-07-17 06:00:00-04:00,72.05,72.09,71.93,72.0,0.0
2025-07-17 07:00:00-04:00,72.08,72.08,71.77,71.86,0.0
2025-07-17 08:00:00-04:00,71.94,72.2,71.7601,71.83,0.0
2025-07-17 09:00:00-04:00,72.0,72.1,71.8,72.1,0.0
2025-07-17 09:30:00-04:00,72.12000274658203,73.19999694824219,72.04000091552734,72.77999877929688,2104584.0
2025-07-17 10:30:00-04:00,72.7750015258789,73.20500183105469,72.69999694824219,72.91999816894531,1175874.0
2025-07-17 11:30:00-04:00,72.92500305175781,73.08999633789062,72.74500274658203,72.93000030517578,1065958.0
2025-07-17 12:30:00-04:00,72.93499755859375,73.16999816894531,72.87020111083984,72.95500183105469,625449.0
2025-07-17 13:30:00-04:00,72.95999908447266,73.09190368652344,72.93370056152344,73.02999877929688,547915.0
2025-07-17 14:30:00-04:00,73.03289794921875,73.1698989868164,72.96499633789062,73.02999877929688,684546.0
2025-07-17 15:30:00-04:00,73.0199966430664,73.12000274658203,72.91999816894531,73.00499725341797,1284691.0
2025-07-17 16:00:00-04:00,72.98,75.4544,72.92,72.98,0.0
2025-07-17 17:00:00-04:00,73.05,73.1,72.85,72.98,0.0
2025-07-17 18:00:00-04:00,73.09,73.15,72.9,73.0,0.0
2025-07-17 19:00:00-04:00,73.001,73.15,73.0,73.12,0.0
2025-07-18 04:00:00-04:00,73.2,73.2,73.07,73.18,0.0
2025-07-18 05:00:00-04:00,73.14,73.21,73.13,73.18,0.0
2025-07-18 06:00:00-04:00,73.19,73.19,73.15,73.16,0.0
2025-07-18 07:00:00-04:00,73.18,73.18,73.07,73.07,0.0
2025-07-18 08:00:00-04:00,73.06,73.21,72.9912,73.17,0.0
2025-07-18 09:00:00-04:00,73.2094,73.25,73.04,73.25,0.0
2025-07-18 09:30:00-04:00,73.2750015258789,73.2750015258789,72.13999938964844,72.16999816894531,1722673.0
2025-07-18 10:30:00-04:00,72.16000366210938,72.48999786376953,72.12000274658203,72.3550033569336,970818.0
2025-07-18 11:30:00-04:00,72.36000061035156,72.58499908447266,72.30000305175781,72.45500183105469,686401.0
2025-07-18 12:30:00-04:00,72.45500183105469,72.75,72.44999694824219,72.65499877929688,546522.0
2025-07-18 13:30:00-04:00,72.66000366210938,72.71240234375,72.47000122070312,72.55500030517578,534552.0
2025-07-18 14:30:00-04:00,72.55999755859375,72.69000244140625,72.36499786376953,72.67500305175781,881117.0
2025-07-18 15:30:00-04:00,72.68000030517578,72.69000244140625,72.37000274658203,72.48999786376953,1395501.0
2025-07-18 16:00:00-04:00,72.47,72.71,72.01,72.55,0.0
2025-07-18 17:00:00-04:00,72.47,74.6032,68.4177,72.6,0.0
2025-07-18 18:00:00-04:00,72.6,72.6,72.3,72.48,0.0
2025-07-18 19:00:00-04:00,72.49,72.7,72.3,72.59,0.0
2025-07-21 04:00:00-04:00,72.39,72.63,72.32,72.6,0.0
2025-07-21 05:00:00-04:00,72.55,72.71,72.55,72.66,0.0
2025-07-21 06:00:00-04:00,72.66,72.75,72.65,72.7,0.0
2025-07-21 07:00:00-04:00,72.69,72.79,72.61,72.71,0.0
2025-07-21 08:00:00-04:00,72.65,72.8788,72.05,72.7,0.0
2025-07-21 09:00:00-04:00,72.71,72.84,72.47,72.75,0.0
2025-07-21 09:30:00-04:00,72.93000030517578,74.33000183105469,72.91000366210938,74.2699966430664,2615773.0
2025-07-21 10:30:00-04:00,74.27999877929688,74.72000122070312,73.95010375976562,74.70999908447266,1991375.0
2025-07-21 11:30:00-04:00,74.72000122070312,74.80999755859375,74.16000366210938,74.2042007446289,1146357.0
2025-07-21 12:30:00-04:00,74.20999908447266,74.79000091552734,74.20010375976562,74.76499938964844,795458.0
2025-07-21 13:30:00-04:00,74.76499938964844,74.80999755859375,74.4906997680664,74.63500213623047,1728922.0
2025-07-21 14:30:00-04:00,74.63500213623047,74.63999938964844,74.0199966430664,74.12000274658203,965961.0
2025-07-21 15:30:00-04:00,74.12000274658203,74.30500030517578,74.0,74.06500244140625,1604943.0
2025-07-21 16:00:00-04:00,74.02,74.57,69.782,74.04,0.0
2025-07-21 17:00:00-04:00,74.08,74.3815,71.9605,74.19,0.0
2025-07-21 18:00:00-04:00,73.92,74.19,73.91,73.93,0.0
2025-07-21 19:00:00-04:00,74.13,74.21,73.93,74.178,0.0
2025-07-22 04:00:00-04:00,74.13,74.21,73.99,74.06,0.0
2025-07-22 05:00:00-04:00,73.98,74.1,73.94,73.97,0.0
2025-07-22 06:00:00-04:00,73.96,73.97,73.85,73.88,0.0
2025-07-22 07:00:00-04:00,73.9,73.98,73.79,73.96,0.0
2025-07-22 08:00:00-04:00,73.95,74.3905,73.85,74.09,0.0
2025-07-22 09:00:00-04:00,74.03,74.22,74.02,74.12,0.0
2025-07-22 09:30:00-04:00,74.5,75.44999694824219,74.06999969482422,74.41999816894531,2688236.0
2025-07-22 10:30:00-04:00,74.43000030517578,74.55999755859375,74.04000091552734,74.37999725341797,1540726.0
2025-07-22 11:30:00-04:00,74.37999725341797,75.51000213623047,74.34500122070312,74.65899658203125,1018280.0
2025-07-22 12:30:00-04:00,74.65499877929688,75.05999755859375,74.61019897460938,75.02999877929688,792777.0
2025-07-22 13:30:00-04:00,75.03500366210938,75.08999633789062,74.7699966430664,74.95999908447266,702695.0
2025-07-22 14:30:00-04:00,74.95999908447266,75.54000091552734,74.95999908447266,75.41999816894531,1208811.0
2025-07-22 15:30:00-04:00,75.42500305175781,75.48999786376953,75.29000091552734,75.3550033569336,1506676.0
2025-07-22 16:00:00-04:00,75.39,75.55,75.26,75.35,0.0
2025-07-22 17:00:00-04:00,75.37,75.45,75.26,75.31,0.0
2025-07-22 18:00:00-04:00,75.45,75.45,75.28,75.3791,0.0
2025-07-22 19:00:00-04:00,75.39,75.55,75.35,75.49,0.0
2025-07-23 04:00:00-04:00,75.38,75.75,75.38,75.66,0.0
2025-07-23 05:00:00-04:00,75.68,75.82,75.63,75.8,0.0
2025-07-23 06:00:00-04:00,75.8,76.0,75.78,75.94,0.0
2025-07-23 07:00:00-04:00,75.99,76.08,75.86,75.89,0.0
2025-07-23 08:00:00-04:00,75.87,76.05,75.35,75.75,0.0
2025-07-23 09:00:00-04:00,75.96,75.9688,75.39,75.78,0.0
2025-07-23 09:30:00-04:00,76.16999816894531,76.98500061035156,75.81999969482422,76.95999908447266,2365125.0
2025-07-23 10:30:00-04:00,76.95999908447266,77.0999984741211,76.5,76.79499816894531,1880688.0
2025-07-23 11:30:00-04:00,76.79499816894531,77.20999908447266,76.59819793701172,76.80000305175781,2948370.0
2025-07-23 12:30:00-04:00,76.80000305175781,76.83999633789062,76.27839660644531,76.41999816894531,1059741.0
2025-07-23 13:30:00-04:00,76.41999816894531,76.7300033569336,76.41899871826172,76.7052993774414,883868.0
2025-07-23 14:30:00-04:00,76.70500183105469,76.7300033569336,76.53500366210938,76.72000122070312,917549.0
2025-07-23 15:30:00-04:00,76.7249984741211,77.03500366210938,76.72000122070312,76.7699966430664,1679681.0
2025-07-23 16:00:00-04:00,76.77,76.83,74.2496,76.68,0.0
2025-07-23 17:00:00-04:00,76.5012,77.07,76.2119,76.5,0.0
2025-07-23 18:00:00-04:00,76.57,76.58,76.25,76.5755,0.0
2025-07-23 19:00:00-04:00,76.4,76.7,76.4,76.7,0.0
2025-07-24 04:00:00-04:00,76.76,76.76,76.28,76.45,0.0
2025-07-24 05:00:00-04:00,76.39,76.54,76.39,76.43,0.0
2025-07-24 06:00:00-04:00,76.43,76.48,76.4,76.42,0.0
2025-07-24 07:00:00-04:00,76.4,76.48,76.32,76.39,0.0
2025-07-24 08:00:00-04:00,76.41,76.64,76.2757,76.42,0.0
2025-07-24 09:00:00-04:00,76.5,76.5,76.13,76.45,0.0
2025-07-24 09:30:00-04:00,76.51000213623047,77.54000091552734,76.25,77.23999786376953,1634019.0
2025-07-24 10:30:00-04:00,77.25,77.30999755859375,76.69999694824219,76.81999969482422,802011.0
2025-07-24 11:30:00-04:00,76.81999969482422,77.00499725341797,75.45999908447266,75.58930206298828,1704414.0
2025-07-24 12:30:00-04:00,75.58499908447266,75.81999969482422,75.40499877929688,75.68499755859375,1092074.0
2025-07-24 13:30:00-04:00,75.6531982421875,75.91999816894531,75.62000274658203,75.91840362548828,888128.0
2025-07-24 14:30:00-04:00,75.92500305175781,75.9552993774414,75.52999877929688,75.56500244140625,858463.0
2025-07-24 15:30:00-04:00,75.56999969482422,75.6050033569336,75.43000030517578,75.44999694824219,1405435.0
2025-07-24 16:00:00-04:00,75.42,76.72976,72.9882,75.54,0.0
2025-07-24 17:00:00-04:00,75.45,75.54,75.45,75.45,0.0
2025-07-24 18:00:00-04:00,75.52,75.7,75.47,75.51,0.0
2025-07-24 19:00:00-04:00,75.51,75.6,75.34,75.569,0.0
2025-07-25 04:00:00-04:00,75.56,75.56,75.16,75.33,0.0
2025-07-25 05:00:00-04:00,75.35,75.5,75.26,75.4,0.0
2025-07-25 06:00:00-04:00,75.33,75.36,75.19,75.3,0.0
2025-07-25 07:00:00-04:00,75.32,75.45,75.27,75.34,0.0
2025-07-25 08:00:00-04:00,75.34,75.75,75.09,75.67,0.0
2025-07-25 09:00:00-04:00,75.62,75.75,75.32,75.6,0.0
2025-07-25 09:30:00-04:00,75.91000366210938,76.56999969482422,75.53500366210938,75.69000244140625,1754072.0
2025-07-25 10:30:00-04:00,75.69000244140625,75.87000274658203,75.52999877929688,75.66000366210938,741588.0
2025-07-25 11:30:00-04:00,75.65360260009766,75.79000091552734,75.56999969482422,75.74500274658203,531951.0
2025-07-25 12:30:00-04:00,75.74500274658203,75.94999694824219,75.69999694824219,75.94999694824219,386478.0
2025-07-25 13:30:00-04:00,75.94499969482422,76.19499969482422,75.94000244140625,76.13500213623047,632638.0
2025-07-25 14:30:00-04:00,76.13899993896484,76.44499969482422,76.08000183105469,76.38500213623047,751694.0
2025-07-25 15:30:00-04:00,76.38500213623047,76.41999816894531,76.25499725341797,76.29000091552734,1095528.0
2025-07-25 16:00:00-04:00,76.27,76.36,76.2,76.29,0.0
2025-07-25 17:00:00-04:00,76.29,76.3,71.2717,76.22,0.0
2025-07-25 18:00:00-04:00,76.29,76.29,76.21,76.26,0.0
2025-07-25 19:00:00-04:00,76.2,76.29,76.0,76.27,0.0
2025-07-28 04:00:00-04:00,76.25,76.69,76.25,76.55,0.0
2025-07-28 05:00:00-04:00,76.57,78.35,76.54,78.28,0.0
2025-07-28 06:00:00-04:00,78.28,78.95,77.93,78.81,0.0
2025-07-28 07:00:00-04:00,78.85,79.71,78.73,79.14,0.0
2025-07-28 08:00:00-04:00,79.15,79.74,76.37,79.33,0.0
2025-07-28 09:00:00-04:00,79.32,79.66,79.03,79.08,0.0
2025-07-28 09:30:00-04:00,79.0,79.98999786376953,77.55999755859375,79.1449966430664,7298608.0
2025-07-28 10:30:00-04:00,79.1500015258789,79.65499877929688,78.89009857177734,79.2238998413086,3330012.0
2025-07-28 11:30:00-04:00,79.2249984741211,79.44999694824219,79.12999725341797,79.13999938964844,1820915.0
2025-07-28 12:30:00-04:00,79.13500213623047,79.38999938964844,78.90470123291016,79.18499755859375,1388968.0
2025-07-28 13:30:00-04:00,79.18499755859375,79.36000061035156,79.0250015258789,79.13500213623047,1526184.0
2025-07-28 14:30:00-04:00,79.13500213623047,79.37000274658203,78.84190368652344,78.8949966430664,1581546.0
2025-07-28 15:30:00-04:00,78.8949966430664,79.41000366210938,78.8135986328125,79.23999786376953,2321287.0
2025-07-28 16:00:00-04:00,79.24,84.1012,65.6847,79.57,0.0
2025-07-28 17:00:00-04:00,66.5345,79.75,59.5497,79.67,0.0
2025-07-28 18:00:00-04:00,79.64,79.67,79.55,79.61,0.0
2025-07-28 19:00:00-04:00,79.61,79.61,79.55,79.5501,0.0
2025-07-29 04:00:00-04:00,79.62,79.74,79.51,79.68,0.0
2025-07-29 05:00:00-04:00,79.67,79.7,79.4,79.49,0.0
2025-07-29 06:00:00-04:00,79.61,79.65,79.36,79.55,0.0
2025-07-29 07:00:00-04:00,79.52,79.7,78.94,79.23,0.0
2025-07-29 08:00:00-04:00,79.51,79.77,78.84,79.3236,0.0
2025-07-29 09:00:00-04:00,79.33,79.39,79.33,79.35,0.0
2025-07-29 09:30:00-04:00,78.76000213623047,79.23999786376953,77.76270294189453,79.23999786376953,2913709.0
2025-07-29 10:30:00-04:00,79.23500061035156,79.37000274658203,78.0,78.16000366210938,1518224.0
2025-07-29 11:30:00-04:00,78.16000366210938,78.27999877929688,77.94010162353516,78.12010192871094,1094230.0
2025-07-29 12:30:00-04:00,78.12999725341797,78.5250015258789,77.8499984741211,78.4000015258789,810153.0
2025-07-29 13:30:00-04:00,78.4000015258789,78.45999908447266,77.96735382080078,78.07499694824219,874659.0
2025-07-29 14:30:00-04:00,78.06999969482422,78.36000061035156,78.05500030517578,78.18000030517578,2336608.0
2025-07-29 15:30:00-04:00,78.19000244140625,78.4800033569336,78.19000244140625,78.33999633789062,1420512.0
2025-07-29 16:00:00-04:00,78.35,78.5,77.95,78.05,1260241.0
