Date,open,high,low,close,volume
2023-08-29 17:00:00-04:00,184.37,184.49,184.32,184.38,0.0
2023-08-29 18:00:00-04:00,184.38,184.74,184.38,184.6,0.0
2023-08-29 19:00:00-04:00,184.56,184.6,184.4,184.55,0.0
2023-08-30 04:00:00-04:00,184.53,184.53,183.01,184.02,0.0
2023-08-30 05:00:00-04:00,184.08,184.18,183.5,183.66,0.0
2023-08-30 06:00:00-04:00,183.71,183.85,183.53,183.84,0.0
2023-08-30 07:00:00-04:00,183.84,184.19,183.8,184.11,0.0
2023-08-30 08:00:00-04:00,184.1,185.18,183.535,184.66,0.0
2023-08-30 09:00:00-04:00,184.66,184.9,179.72,184.5995,0.0
2023-08-30 09:30:00-04:00,184.94000244140625,187.6699981689453,184.74000549316406,186.18499755859375,19124821.0
2023-08-30 10:30:00-04:00,186.19000244140625,186.8000030517578,186.1300048828125,186.6300048828125,6789360.0
2023-08-30 11:30:00-04:00,186.6300048828125,187.49000549316406,186.61000061035156,187.42999267578125,5270270.0
2023-08-30 12:30:00-04:00,187.44000244140625,187.77000427246094,187.1999969482422,187.29010009765625,4476042.0
2023-08-30 13:30:00-04:00,187.3000030517578,187.58999633789062,186.64999389648438,186.85000610351562,5268054.0
2023-08-30 14:30:00-04:00,186.85000610351562,187.67999267578125,186.77999877929688,187.38499450683594,5148496.0
2023-08-30 15:30:00-04:00,187.38999938964844,187.7899932861328,187.32000732421875,187.6699981689453,7064215.0
2023-08-30 16:00:00-04:00,187.68,187.85,186.9281,187.6496,0.0
2023-08-30 17:00:00-04:00,187.65,187.66,175.7564,187.65,0.0
2023-08-30 18:00:00-04:00,187.64,187.66,187.6,187.66,0.0
2023-08-30 19:00:00-04:00,187.65,187.66,187.54,187.62,0.0
2023-08-31 04:00:00-04:00,187.62,188.0,187.5,187.79,0.0
2023-08-31 05:00:00-04:00,187.76,187.77,187.26,187.37,0.0
2023-08-31 06:00:00-04:00,187.38,187.67,187.17,187.65,0.0
2023-08-31 07:00:00-04:00,187.66,188.0,187.44,187.97,0.0
2023-08-31 08:00:00-04:00,187.96,188.39,187.205,188.3,0.0
2023-08-31 09:00:00-04:00,188.3,188.33,187.6,187.72,0.0
2023-08-31 09:30:00-04:00,187.83999633789062,188.50990295410156,187.64999389648438,188.3300018310547,9863175.0
2023-08-31 10:30:00-04:00,188.33999633789062,188.75999450683594,188.11500549316406,188.49000549316406,5013288.0
2023-08-31 11:30:00-04:00,188.48500061035156,188.64810180664062,187.77999877929688,187.97999572753906,4094095.0
2023-08-31 12:30:00-04:00,187.97999572753906,188.1699981689453,187.47999572753906,188.13999938964844,4773378.0
2023-08-31 13:30:00-04:00,188.13999938964844,188.67999267578125,187.82980346679688,188.59500122070312,3665165.0
2023-08-31 14:30:00-04:00,188.59500122070312,189.05999755859375,188.4149932861328,188.91009521484375,5624889.0
2023-08-31 15:30:00-04:00,188.9199981689453,189.1199951171875,187.75,187.8699951171875,9079211.0
2023-08-31 16:00:00-04:00,187.87,188.25,187.63,188.13,0.0
2023-08-31 17:00:00-04:00,188.13,189.9224,187.82942,188.14,0.0
2023-08-31 18:00:00-04:00,188.13,188.25,187.95,188.06,0.0
2023-08-31 19:00:00-04:00,188.06,188.23,187.91,188.06,0.0
2023-09-01 04:00:00-04:00,188.33,188.54,188.11,188.19,0.0
2023-09-01 05:00:00-04:00,188.19,188.52,188.19,188.4,0.0
2023-09-01 06:00:00-04:00,188.4,188.55,188.33,188.53,0.0
2023-09-01 07:00:00-04:00,188.53,188.67,188.44,188.65,0.0
2023-09-01 08:00:00-04:00,188.65,188.75,188.0,188.55,0.0
2023-09-01 09:00:00-04:00,188.57,189.39,187.945,189.1,0.0
2023-09-01 09:30:00-04:00,189.48500061035156,189.9199981689453,188.27999877929688,189.27999877929688,12242102.0
2023-09-01 10:30:00-04:00,189.27000427246094,189.27999877929688,188.31100463867188,188.66000366210938,5217745.0
2023-09-01 11:30:00-04:00,188.67999267578125,189.2100067138672,188.360107421875,189.11500549316406,4230174.0
2023-09-01 12:30:00-04:00,189.11000061035156,189.32000732421875,188.83999633789062,189.0,3233746.0
2023-09-01 13:30:00-04:00,188.99000549316406,189.22500610351562,188.6300048828125,188.7200927734375,3052530.0
2023-09-01 14:30:00-04:00,188.72000122070312,189.0800018310547,188.52000427246094,189.0500030517578,3627574.0
2023-09-01 15:30:00-04:00,189.0500030517578,189.5399932861328,188.94000244140625,189.47000122070312,4793086.0
2023-09-01 16:00:00-04:00,189.47,189.47,176.0,189.23,0.0
2023-09-01 17:00:00-04:00,189.23,189.24,189.14,189.2,0.0
2023-09-01 18:00:00-04:00,189.2,189.3409,177.97713,189.27,0.0
2023-09-01 19:00:00-04:00,189.29,189.3,189.2,189.28,0.0
2023-09-05 04:00:00-04:00,190.0,190.0,187.3,187.44,0.0
2023-09-05 05:00:00-04:00,187.46,187.98,187.4,187.98,0.0
2023-09-05 06:00:00-04:00,187.98,188.01,187.51,187.69,0.0
2023-09-05 07:00:00-04:00,187.7,187.78,187.45,187.57,0.0
2023-09-05 08:00:00-04:00,187.57,189.77,187.275,187.49,0.0
2023-09-05 09:00:00-04:00,187.49,187.94,187.31,187.41,0.0
2023-09-05 09:30:00-04:00,188.27999877929688,189.07000732421875,187.61000061035156,188.6699981689453,13565557.0
2023-09-05 10:30:00-04:00,188.6649932861328,189.61000061035156,188.2899932861328,189.14999389648438,7398289.0
2023-09-05 11:30:00-04:00,189.1649932861328,189.75999450683594,188.97999572753906,189.58729553222656,3666857.0
2023-09-05 12:30:00-04:00,189.58999633789062,189.80999755859375,189.19500732421875,189.22999572753906,3751400.0
2023-09-05 13:30:00-04:00,189.22999572753906,189.8800048828125,189.16000366210938,189.83999633789062,2548172.0
2023-09-05 14:30:00-04:00,189.84500122070312,189.9499969482422,189.47000122070312,189.5478057861328,3515932.0
2023-09-05 15:30:00-04:00,189.5449981689453,189.97999572753906,189.52000427246094,189.69000244140625,4426456.0
2023-09-05 16:00:00-04:00,189.69,189.78,178.9672,189.56,0.0
2023-09-05 17:00:00-04:00,189.55,196.61433,176.2884,189.545,0.0
2023-09-05 18:00:00-04:00,189.54,189.74,189.5,189.73,0.0
2023-09-05 19:00:00-04:00,189.7,189.8,189.53,189.7,0.0
2023-09-06 04:00:00-04:00,189.43,189.53,188.2,188.4,0.0
2023-09-06 05:00:00-04:00,188.4,188.48,188.02,188.27,0.0
2023-09-06 06:00:00-04:00,188.25,188.46,188.25,188.4,0.0
2023-09-06 07:00:00-04:00,188.4,188.78,188.21,188.72,0.0
2023-09-06 08:00:00-04:00,188.72,189.7,188.0115,188.43,0.0
2023-09-06 09:00:00-04:00,188.43,188.49,188.08,188.11,0.0
2023-09-06 09:30:00-04:00,188.52000427246094,188.73500061035156,183.92999267578125,184.1699981689453,21161767.0
2023-09-06 10:30:00-04:00,184.14999389648438,184.64999389648438,183.52999877929688,184.02000427246094,9791448.0
2023-09-06 11:30:00-04:00,184.02999877929688,184.32000732421875,183.16000366210938,183.2104034423828,7041474.0
2023-09-06 12:30:00-04:00,183.2100067138672,183.4199981689453,182.77000427246094,182.9154052734375,6669291.0
2023-09-06 13:30:00-04:00,182.91000366210938,183.1699981689453,182.1300048828125,182.63429260253906,6995038.0
2023-09-06 14:30:00-04:00,182.63499450683594,182.89999389648438,181.47000122070312,181.52000427246094,9282024.0
2023-09-06 15:30:00-04:00,181.52999877929688,183.02000427246094,181.49000549316406,182.88999938964844,11908074.0
2023-09-06 16:00:00-04:00,182.9,183.0,182.72,182.77,0.0
2023-09-06 17:00:00-04:00,182.79,182.91,182.32,182.65,0.0
2023-09-06 18:00:00-04:00,182.655,182.88,175.4432,182.7,0.0
2023-09-06 19:00:00-04:00,182.69,182.8,182.56,182.565,0.0
2023-09-07 04:00:00-04:00,181.48,181.98,177.0,177.89,0.0
2023-09-07 05:00:00-04:00,177.89,178.47,177.21,177.82,0.0
2023-09-07 06:00:00-04:00,177.83,178.9,177.77,177.99,0.0
2023-09-07 07:00:00-04:00,177.99,178.35,177.22,177.75,0.0
2023-09-07 08:00:00-04:00,177.74,182.91,177.255,177.54,0.0
2023-09-07 09:00:00-04:00,177.54,182.91,175.99,176.34,0.0
2023-09-07 09:30:00-04:00,175.17999267578125,177.7198944091797,173.67999267578125,176.25,46268048.0
2023-09-07 10:30:00-04:00,176.08999633789062,178.2100067138672,175.72999572753906,177.3300018310547,14542878.0
2023-09-07 11:30:00-04:00,177.17999267578125,177.7100067138672,176.64999389648438,177.25999450683594,9294593.0
2023-09-07 12:30:00-04:00,177.25,177.67999267578125,175.9499969482422,176.5814971923828,7789750.0
2023-09-07 13:30:00-04:00,176.58999633789062,177.14999389648438,176.2830047607422,176.52499389648438,7294225.0
2023-09-07 14:30:00-04:00,176.52000427246094,177.4600067138672,176.49000549316406,177.4600067138672,7666558.0
2023-09-07 15:30:00-04:00,177.468994140625,178.13999938964844,177.44000244140625,177.55999755859375,10212878.0
2023-09-07 16:00:00-04:00,177.56,178.33,176.68285,178.21,0.0
2023-09-07 17:00:00-04:00,178.22,178.3,167.89099,178.03,0.0
2023-09-07 18:00:00-04:00,178.03,178.15,177.95,178.04,0.0
2023-09-07 19:00:00-04:00,178.04,178.22,177.75,178.1,0.0
2023-09-08 04:00:00-04:00,178.35,179.0,177.5,177.78,0.0
2023-09-08 05:00:00-04:00,177.78,178.14,177.18,177.5,0.0
2023-09-08 06:00:00-04:00,177.52,177.78,177.16,177.74,0.0
2023-09-08 07:00:00-04:00,177.75,177.89,177.0,177.33,0.0
2023-09-08 08:00:00-04:00,177.35,179.78,177.05,177.22,0.0
2023-09-08 09:00:00-04:00,177.215,178.5,177.21,178.27,0.0
2023-09-08 09:30:00-04:00,178.35000610351562,180.23899841308594,178.3300018310547,179.52499389648438,18465837.0
2023-09-08 10:30:00-04:00,179.52999877929688,179.8800048828125,178.6999969482422,179.81179809570312,9907577.0
2023-09-08 11:30:00-04:00,179.82000732421875,180.1999969482422,179.27999877929688,179.55499267578125,6904523.0
2023-09-08 12:30:00-04:00,179.5500030517578,179.7949981689453,179.2100067138672,179.5850067138672,4543261.0
2023-09-08 13:30:00-04:00,179.58999633789062,179.91000366210938,178.74009704589844,178.8802032470703,5928016.0
2023-09-08 14:30:00-04:00,178.88499450683594,179.05499267578125,177.80999755859375,177.94500732421875,7905873.0
2023-09-08 15:30:00-04:00,177.94000244140625,178.33999633789062,177.7899932861328,178.19000244140625,6222769.0
2023-09-08 16:00:00-04:00,178.18,178.91,178.18,178.59,0.0
2023-09-08 17:00:00-04:00,178.61,178.76,175.27916,178.7,0.0
2023-09-08 18:00:00-04:00,178.68,178.87,178.65,178.76,0.0
2023-09-08 19:00:00-04:00,178.76,178.78,178.62,178.705,0.0
2023-09-11 04:00:00-04:00,179.35,179.95,179.31,179.69,0.0
2023-09-11 05:00:00-04:00,179.69,179.73,179.33,179.7,0.0
2023-09-11 06:00:00-04:00,179.69,179.7,179.4,179.6,0.0
2023-09-11 07:00:00-04:00,179.59,179.83,179.46,179.78,0.0
2023-09-11 08:00:00-04:00,179.79,180.65,179.07,180.63,0.0
2023-09-11 09:00:00-04:00,180.6333,180.84,178.18,180.6,0.0
2023-09-11 09:30:00-04:00,180.0677032470703,180.3000030517578,177.39999389648438,177.88999938964844,17201323.0
2023-09-11 10:30:00-04:00,177.89999389648438,178.9499969482422,177.33999633789062,178.75,7795305.0
2023-09-11 11:30:00-04:00,178.75,178.86000061035156,178.21009826660156,178.68499755859375,5391092.0
2023-09-11 12:30:00-04:00,178.68910217285156,179.30239868164062,178.3300018310547,179.26499938964844,4906207.0
2023-09-11 13:30:00-04:00,179.27000427246094,179.5500030517578,179.00999450683594,179.51499938964844,4669579.0
2023-09-11 14:30:00-04:00,179.51499938964844,179.92999267578125,179.36000061035156,179.69500732421875,5243855.0
2023-09-11 15:30:00-04:00,179.6999969482422,179.9499969482422,179.16000366210938,179.3800048828125,6113050.0
2023-09-11 16:00:00-04:00,179.43,179.43,179.06,179.1,0.0
2023-09-11 17:00:00-04:00,179.085,179.22,179.0,179.07,0.0
2023-09-11 18:00:00-04:00,179.1,185.77145,179.05,179.265,0.0
2023-09-11 19:00:00-04:00,179.265,179.65,179.24,179.6,0.0
2023-09-12 04:00:00-04:00,180.41,180.5,179.03,179.42,0.0
2023-09-12 05:00:00-04:00,179.42,179.84,179.26,179.76,0.0
2023-09-12 06:00:00-04:00,179.75,179.97,179.5,179.93,0.0
2023-09-12 07:00:00-04:00,179.94,180.03,179.68,179.84,0.0
2023-09-12 08:00:00-04:00,179.83,188.56,179.0615,179.9,0.0
2023-09-12 09:00:00-04:00,179.9,186.31,173.74,179.42,0.0
2023-09-12 09:30:00-04:00,179.49000549316406,180.1300048828125,177.4600067138672,177.5500030517578,14031054.0
2023-09-12 10:30:00-04:00,177.5500030517578,177.77999877929688,176.22999572753906,176.6999969482422,11245527.0
2023-09-12 11:30:00-04:00,176.71200561523438,177.18020629882812,176.52000427246094,176.60499572753906,7173805.0
2023-09-12 12:30:00-04:00,176.61000061035156,177.8699951171875,176.39500427246094,177.5699005126953,7438948.0
2023-09-12 13:30:00-04:00,177.57000732421875,177.85009765625,174.82000732421875,176.10000610351562,20649861.0
2023-09-12 14:30:00-04:00,176.11000061035156,176.75,175.00039672851562,175.72000122070312,12509398.0
2023-09-12 15:30:00-04:00,175.72000122070312,176.4600067138672,175.49009704589844,176.30999755859375,9412994.0
2023-09-12 16:00:00-04:00,176.31,176.83,175.58,176.39,0.0
2023-09-12 17:00:00-04:00,176.4,176.59,164.18599,176.44,0.0
2023-09-12 18:00:00-04:00,176.47,176.48,176.34,176.38,0.0
2023-09-12 19:00:00-04:00,176.39,176.45,176.31,176.35,0.0
2023-09-13 04:00:00-04:00,176.35,177.0,176.06,176.65,0.0
2023-09-13 05:00:00-04:00,176.63,176.9,175.4,175.85,0.0
2023-09-13 06:00:00-04:00,175.87,175.87,175.19,175.36,0.0
2023-09-13 07:00:00-04:00,175.38,176.29,175.21,175.94,0.0
2023-09-13 08:00:00-04:00,175.93,177.0,175.185,176.4002,0.0
2023-09-13 09:00:00-04:00,176.66,177.4982,175.28,177.09,0.0
2023-09-13 09:30:00-04:00,176.50999450683594,177.3000030517578,174.07000732421875,175.18960571289062,21766845.0
2023-09-13 10:30:00-04:00,175.19000244140625,175.5,174.6699981689453,175.2165069580078,12005313.0
2023-09-13 11:30:00-04:00,175.1999969482422,176.22000122070312,174.8699951171875,175.72000122070312,8109672.0
2023-09-13 12:30:00-04:00,175.72999572753906,175.77000427246094,175.25999450683594,175.32130432128906,5648279.0
2023-09-13 13:30:00-04:00,175.3300018310547,175.5,174.75,174.83999633789062,5865480.0
2023-09-13 14:30:00-04:00,174.83999633789062,175.19000244140625,174.36000061035156,175.05999755859375,8235325.0
2023-09-13 15:30:00-04:00,175.06500244140625,175.19940185546875,173.97999572753906,174.16000366210938,11235045.0
2023-09-13 16:00:00-04:00,174.2,179.65,173.85,173.96,0.0
2023-09-13 17:00:00-04:00,173.96,182.1441,162.69972,174.06,0.0
2023-09-13 18:00:00-04:00,174.11,174.19,174.0,174.03,0.0
2023-09-13 19:00:00-04:00,174.02,174.15,174.0,174.09,0.0
2023-09-14 04:00:00-04:00,175.0,175.0,174.21,174.55,0.0
2023-09-14 05:00:00-04:00,174.55,174.91,174.5,174.78,0.0
2023-09-14 06:00:00-04:00,174.82,175.06,174.65,175.0,0.0
2023-09-14 07:00:00-04:00,174.99,175.17,174.65,174.7,0.0
2023-09-14 08:00:00-04:00,174.69,175.175,174.34,174.75,0.0
2023-09-14 09:00:00-04:00,174.72,174.745,174.09,174.6,0.0
2023-09-14 09:30:00-04:00,174.0,175.6300048828125,173.5800018310547,174.80999755859375,15837677.0
2023-09-14 10:30:00-04:00,174.80999755859375,175.75999450683594,174.80999755859375,175.38999938964844,8766723.0
2023-09-14 11:30:00-04:00,175.38999938964844,176.0,174.8300018310547,175.52000427246094,5558002.0
2023-09-14 12:30:00-04:00,175.50999450683594,175.97000122070312,175.02000427246094,175.7946014404297,5541936.0
2023-09-14 13:30:00-04:00,175.8000030517578,176.0399932861328,175.3000030517578,175.3699951171875,5192134.0
2023-09-14 14:30:00-04:00,175.36500549316406,176.10000610351562,175.30999755859375,175.6699981689453,5023774.0
2023-09-14 15:30:00-04:00,175.6699981689453,175.86000061035156,175.55999755859375,175.67999267578125,5327480.0
2023-09-14 16:00:00-04:00,175.71,176.73,174.085,175.61,0.0
2023-09-14 17:00:00-04:00,175.61,181.46182,174.463,175.65,0.0
2023-09-14 18:00:00-04:00,175.665,175.88,175.6,175.76,0.0
2023-09-14 19:00:00-04:00,175.78,175.93,175.7,175.81,0.0
2023-09-15 04:00:00-04:00,176.0,176.44,176.0,176.11,0.0
2023-09-15 05:00:00-04:00,176.1,176.3,175.91,176.09,0.0
2023-09-15 06:00:00-04:00,176.1,176.38,176.03,176.29,0.0
2023-09-15 07:00:00-04:00,176.29,176.5,175.81,176.0,0.0
2023-09-15 08:00:00-04:00,175.96,176.88,175.52,176.07,0.0
2023-09-15 09:00:00-04:00,176.04,177.5,175.74,177.08,0.0
2023-09-15 09:30:00-04:00,175.85000610351562,176.05999755859375,174.5500030517578,175.16000366210938,28875723.0
2023-09-15 10:30:00-04:00,175.14999389648438,175.3800048828125,174.52499389648438,174.86570739746094,8301989.0
2023-09-15 11:30:00-04:00,174.86000061035156,175.14999389648438,174.58999633789062,174.74000549316406,5925317.0
2023-09-15 12:30:00-04:00,174.72999572753906,175.0399932861328,174.00999450683594,174.0800018310547,5505065.0
2023-09-15 13:30:00-04:00,174.07000732421875,174.6300048828125,173.82000732421875,174.2449951171875,6242467.0
2023-09-15 14:30:00-04:00,174.24000549316406,174.8000030517578,174.13870239257812,174.76499938964844,6186199.0
2023-09-15 15:30:00-04:00,174.77000427246094,175.1199951171875,174.6300048828125,174.9600067138672,9404404.0
2023-09-15 16:00:00-04:00,175.01,175.2,174.415,175.01,0.0
2023-09-15 17:00:00-04:00,175.01,181.8556,164.2925,174.93,0.0
2023-09-15 18:00:00-04:00,174.93,174.98,173.835,174.925,0.0
2023-09-15 19:00:00-04:00,174.925,174.93,174.7,174.83,0.0
2023-09-18 04:00:00-04:00,175.6,175.9,175.51,175.69,0.0
2023-09-18 05:00:00-04:00,175.69,175.9,175.63,175.71,0.0
2023-09-18 06:00:00-04:00,175.72,175.9,175.63,175.83,0.0
2023-09-18 07:00:00-04:00,175.83,175.96,175.42,175.47,0.0
2023-09-18 08:00:00-04:00,175.49,176.1,174.6,175.31,0.0
2023-09-18 09:00:00-04:00,175.32,176.355,171.645,176.15,0.0
2023-09-18 09:30:00-04:00,176.47999572753906,178.97999572753906,176.1699981689453,177.0218963623047,22986329.0
2023-09-18 10:30:00-04:00,177.0319061279297,177.83999633789062,176.44000244140625,177.80999755859375,7649414.0
2023-09-18 11:30:00-04:00,177.8000030517578,178.64999389648438,177.7449951171875,178.5449981689453,5913851.0
2023-09-18 12:30:00-04:00,178.5449981689453,179.2100067138672,178.5449981689453,179.11500549316406,6522049.0
2023-09-18 13:30:00-04:00,179.1199951171875,179.3800048828125,178.8699951171875,178.9600067138672,4692584.0
2023-09-18 14:30:00-04:00,178.96499633789062,179.07000732421875,178.27000427246094,178.41909790039062,5151407.0
2023-09-18 15:30:00-04:00,178.4149932861328,178.4149932861328,177.77499389648438,177.97999572753906,6221950.0
2023-09-18 16:00:00-04:00,177.97,178.08,175.38,177.9,0.0
2023-09-18 17:00:00-04:00,177.92,179.13577,166.09337,177.99,0.0
2023-09-18 18:00:00-04:00,177.99,178.6,177.91,178.4,0.0
2023-09-18 19:00:00-04:00,178.38,178.5,178.21,178.5,0.0
2023-09-19 04:00:00-04:00,178.6,178.63,178.43,178.55,0.0
2023-09-19 05:00:00-04:00,178.55,178.76,178.42,178.75,0.0
2023-09-19 06:00:00-04:00,178.75,178.85,178.46,178.49,0.0
2023-09-19 07:00:00-04:00,178.48,178.89,178.46,178.89,0.0
2023-09-19 08:00:00-04:00,178.9,178.99,177.73,178.52,0.0
2023-09-19 09:00:00-04:00,178.52,178.6,175.91,177.77,0.0
2023-09-19 09:30:00-04:00,177.52000427246094,178.6699981689453,177.1300048828125,177.75999450683594,13717340.0
2023-09-19 10:30:00-04:00,177.77000427246094,177.77000427246094,177.14999389648438,177.5850067138672,4986178.0
2023-09-19 11:30:00-04:00,177.5800018310547,178.1999969482422,177.5,178.13499450683594,4831585.0
2023-09-19 12:30:00-04:00,178.13999938964844,178.5800018310547,177.77999877929688,178.5800018310547,4485361.0
2023-09-19 13:30:00-04:00,178.5800018310547,179.38999938964844,178.57000732421875,179.13499450683594,5953775.0
2023-09-19 14:30:00-04:00,179.1300048828125,179.6300048828125,178.74000549316406,179.10499572753906,5357277.0
2023-09-19 15:30:00-04:00,179.10000610351562,179.44000244140625,178.92999267578125,179.08999633789062,4759565.0
2023-09-19 16:00:00-04:00,179.1,179.35,179.03,179.155,0.0
2023-09-19 17:00:00-04:00,179.14,184.12717,167.00291,179.14,0.0
2023-09-19 18:00:00-04:00,179.1404,179.2,179.07,179.16,0.0
2023-09-19 19:00:00-04:00,179.17,179.18,178.88,178.995,0.0
2023-09-20 04:00:00-04:00,178.42,179.2,178.42,179.17,0.0
2023-09-20 05:00:00-04:00,179.16,179.46,179.16,179.28,0.0
2023-09-20 06:00:00-04:00,179.28,179.4,179.2,179.25,0.0
2023-09-20 07:00:00-04:00,179.27,179.39,178.52,178.54,0.0
2023-09-20 08:00:00-04:00,178.57,179.445,178.09,178.7,0.0
2023-09-20 09:00:00-04:00,178.66,179.2986,178.63,179.13,0.0
2023-09-20 09:30:00-04:00,179.25999450683594,179.69500732421875,177.25999450683594,177.5800018310547,11888750.0
2023-09-20 10:30:00-04:00,177.58999633789062,178.02000427246094,176.86000061035156,176.98500061035156,6443832.0
2023-09-20 11:30:00-04:00,176.98500061035156,177.63999938964844,176.94500732421875,177.63999938964844,3895126.0
2023-09-20 12:30:00-04:00,177.64999389648438,177.75999450683594,177.30999755859375,177.5,2860366.0
2023-09-20 13:30:00-04:00,177.5,177.79510498046875,176.5800018310547,177.1699981689453,7442547.0
2023-09-20 14:30:00-04:00,177.1699981689453,177.77999877929688,176.33999633789062,176.75999450683594,7722325.0
2023-09-20 15:30:00-04:00,176.77000427246094,176.8300018310547,175.39999389648438,175.49000549316406,8164723.0
2023-09-20 16:00:00-04:00,175.49,179.14,175.33,175.56,0.0
2023-09-20 17:00:00-04:00,175.535,180.37361,175.45,175.6,0.0
2023-09-20 18:00:00-04:00,175.59,176.5887,175.31,175.42,0.0
2023-09-20 19:00:00-04:00,175.38,175.59,175.0,175.0,0.0
2023-09-21 04:00:00-04:00,175.0,175.1,174.68,174.81,0.0
2023-09-21 05:00:00-04:00,174.8,174.82,174.53,174.68,0.0
2023-09-21 06:00:00-04:00,174.67,174.72,174.43,174.57,0.0
2023-09-21 07:00:00-04:00,174.58,174.66,174.2,174.3,0.0
2023-09-21 08:00:00-04:00,174.31,175.17,174.2,174.56,0.0
2023-09-21 09:00:00-04:00,174.52,178.91,173.7,173.87,0.0
2023-09-21 09:30:00-04:00,175.1699981689453,176.05999755859375,174.58999633789062,175.39520263671875,16014441.0
2023-09-21 10:30:00-04:00,175.3946990966797,176.3000030517578,174.82000732421875,174.9199981689453,6964271.0
2023-09-21 11:30:00-04:00,174.9199981689453,175.6999969482422,174.8300018310547,175.11500549316406,7618030.0
2023-09-21 12:30:00-04:00,175.11000061035156,175.4949951171875,174.86000061035156,175.30999755859375,5142611.0
2023-09-21 13:30:00-04:00,175.3101043701172,175.5399932861328,174.6300048828125,174.66000366210938,4546305.0
2023-09-21 14:30:00-04:00,174.66000366210938,175.0,174.22000122070312,174.27000427246094,5610628.0
2023-09-21 15:30:00-04:00,174.26499938964844,174.5449981689453,173.86000061035156,173.92999267578125,7023086.0
2023-09-21 16:00:00-04:00,173.92,174.61,173.79,173.88,0.0
2023-09-21 17:00:00-04:00,173.895,174.6151,163.09367,173.85,0.0
2023-09-21 18:00:00-04:00,173.85,174.32,173.81,174.1033,0.0
2023-09-21 19:00:00-04:00,174.135,174.23,174.02,174.14,0.0
2023-09-22 04:00:00-04:00,174.15,175.1,174.15,174.62,0.0
2023-09-22 05:00:00-04:00,174.62,174.86,174.58,174.77,0.0
2023-09-22 06:00:00-04:00,174.78,175.1,174.75,174.85,0.0
2023-09-22 07:00:00-04:00,174.89,175.06,174.58,174.77,0.0
2023-09-22 08:00:00-04:00,174.8,175.48,174.09,175.375,0.0
2023-09-22 09:00:00-04:00,175.45,175.815,173.475,175.25,0.0
2023-09-22 09:30:00-04:00,174.6699981689453,175.38999938964844,174.0500030517578,175.2758026123047,10497072.0
2023-09-22 10:30:00-04:00,175.2899932861328,176.6199951171875,175.2823944091797,176.3800048828125,8923173.0
2023-09-22 11:30:00-04:00,176.3800048828125,176.75,175.94000244140625,176.61000061035156,5882339.0
2023-09-22 12:30:00-04:00,176.6199951171875,177.07899475097656,175.5800018310547,175.6999969482422,6590040.0
2023-09-22 13:30:00-04:00,175.67999267578125,175.67999267578125,174.9600067138672,175.1300048828125,5107772.0
2023-09-22 14:30:00-04:00,175.1199951171875,175.99000549316406,174.80999755859375,175.69000244140625,5389547.0
2023-09-22 15:30:00-04:00,175.68499755859375,175.78500366210938,174.6199951171875,174.74000549316406,6325268.0
2023-09-22 16:00:00-04:00,174.79,175.0638,174.68,175.02,0.0
2023-09-22 17:00:00-04:00,175.02,175.27922,164.05757,174.94,0.0
2023-09-22 18:00:00-04:00,174.94,175.0,174.9,174.93,0.0
2023-09-22 19:00:00-04:00,174.96,175.25,174.9,174.95,0.0
2023-09-25 04:00:00-04:00,175.58,175.58,174.84,174.9,0.0
2023-09-25 05:00:00-04:00,174.9,174.92,173.9,174.4,0.0
2023-09-25 06:00:00-04:00,174.45,174.96,174.34,174.83,0.0
2023-09-25 07:00:00-04:00,174.83,175.19,174.66,175.04,0.0
2023-09-25 08:00:00-04:00,175.02,175.62,173.895,174.37,0.0
2023-09-25 09:00:00-04:00,174.37,175.15,174.21,174.4,0.0
2023-09-25 09:30:00-04:00,174.1999969482422,175.5500030517578,174.14999389648438,174.47000122070312,10347795.0
2023-09-25 10:30:00-04:00,174.4600067138672,176.5399932861328,174.3699951171875,176.27000427246094,6689826.0
2023-09-25 11:30:00-04:00,176.28799438476562,176.97000122070312,175.8800048828125,176.8800048828125,5521525.0
2023-09-25 12:30:00-04:00,176.88499450683594,176.91000366210938,176.0399932861328,176.1300048828125,4345407.0
2023-09-25 13:30:00-04:00,176.14999389648438,176.3675994873047,175.67999267578125,175.77499389648438,4024629.0
2023-09-25 14:30:00-04:00,175.7700958251953,176.12899780273438,174.97000122070312,175.61050415039062,5475304.0
2023-09-25 15:30:00-04:00,175.61000061035156,176.14999389648438,175.3699951171875,176.08999633789062,4708932.0
2023-09-25 16:00:00-04:00,176.08,176.5,175.525,176.3,0.0
2023-09-25 17:00:00-04:00,176.3,176.34,176.08,176.18,0.0
2023-09-25 18:00:00-04:00,176.16,176.22,176.11,176.16,0.0
2023-09-25 19:00:00-04:00,176.17,176.23,175.95,176.1,0.0
2023-09-26 04:00:00-04:00,175.35,175.35,174.99,175.21,0.0
2023-09-26 05:00:00-04:00,175.24,175.24,174.91,175.06,0.0
2023-09-26 06:00:00-04:00,175.08,175.22,174.9,175.14,0.0
2023-09-26 07:00:00-04:00,175.14,175.39,175.04,175.34,0.0
2023-09-26 08:00:00-04:00,175.36,176.08,174.8,175.36,0.0
2023-09-26 09:00:00-04:00,175.33,176.08,174.265,174.9,0.0
2023-09-26 09:30:00-04:00,174.82000732421875,175.1999969482422,172.47999572753906,173.10000610351562,15789905.0
2023-09-26 10:30:00-04:00,173.08999633789062,173.64999389648438,172.4149932861328,172.57000732421875,7904418.0
2023-09-26 11:30:00-04:00,172.5800018310547,173.19000244140625,172.52000427246094,173.00999450683594,5378958.0
2023-09-26 12:30:00-04:00,173.00999450683594,173.52999877929688,172.84500122070312,172.84500122070312,4194456.0
2023-09-26 13:30:00-04:00,172.85499572753906,173.0050048828125,172.22000122070312,172.30020141601562,5275716.0
2023-09-26 14:30:00-04:00,172.30499267578125,172.44000244140625,171.66000366210938,171.74000549316406,7371366.0
2023-09-26 15:30:00-04:00,171.74000549316406,172.3300018310547,171.72000122070312,171.89999389648438,8556952.0
2023-09-26 16:00:00-04:00,171.9,172.3,171.89,172.195,0.0
2023-09-26 17:00:00-04:00,172.195,172.26,164.186,172.11,0.0
2023-09-26 18:00:00-04:00,172.11,172.19,171.99,172.1,0.0
2023-09-26 19:00:00-04:00,172.02,172.4,172.02,172.4,0.0
2023-09-27 04:00:00-04:00,172.71,173.49,172.42,172.95,0.0
2023-09-27 05:00:00-04:00,172.9,173.03,172.81,172.88,0.0
2023-09-27 06:00:00-04:00,172.85,172.88,172.54,172.79,0.0
2023-09-27 07:00:00-04:00,172.8,172.87,172.47,172.86,0.0
2023-09-27 08:00:00-04:00,172.84,173.56,172.26,172.83,0.0
2023-09-27 09:00:00-04:00,172.83,173.12,172.57,172.97,0.0
2023-09-27 09:30:00-04:00,172.6199951171875,173.0399932861328,170.30999755859375,171.27000427246094,14619741.0
2023-09-27 10:30:00-04:00,171.25,171.47999572753906,170.27000427246094,170.97500610351562,6917499.0
2023-09-27 11:30:00-04:00,170.97999572753906,171.0800018310547,169.63999938964844,169.83999633789062,6897103.0
2023-09-27 12:30:00-04:00,169.85000610351562,170.1999969482422,169.2899932861328,169.3000030517578,6176660.0
2023-09-27 13:30:00-04:00,169.29989624023438,170.10000610351562,169.0500030517578,170.07000732421875,5755630.0
2023-09-27 14:30:00-04:00,170.06500244140625,170.9600067138672,170.02999877929688,170.16000366210938,8680644.0
2023-09-27 15:30:00-04:00,170.16000366210938,170.47999572753906,169.75999450683594,170.42999267578125,8671175.0
2023-09-27 16:00:00-04:00,170.43,174.335,169.76,170.43,0.0
2023-09-27 17:00:00-04:00,170.44,182.144,162.69975,170.4875,0.0
2023-09-27 18:00:00-04:00,170.47,170.5,170.2,170.29,0.0
2023-09-27 19:00:00-04:00,170.29,170.42,170.22,170.39,0.0
2023-09-28 04:00:00-04:00,170.38,170.41,169.8,169.82,0.0
2023-09-28 05:00:00-04:00,169.83,170.0,169.6,169.77,0.0
2023-09-28 06:00:00-04:00,169.7,170.29,169.6,169.96,0.0
2023-09-28 07:00:00-04:00,169.95,170.26,169.93,170.02,0.0
2023-09-28 08:00:00-04:00,170.03,170.58,169.4,169.87,0.0
2023-09-28 09:00:00-04:00,169.87,171.79,169.4,169.82,0.0
2023-09-28 09:30:00-04:00,169.33999633789062,170.00999450683594,167.6199951171875,169.1300048828125,15189658.0
2023-09-28 10:30:00-04:00,169.13999938964844,170.67999267578125,168.69000244140625,170.5,8618775.0
2023-09-28 11:30:00-04:00,170.5,172.02999877929688,170.47079467773438,171.88999938964844,7088514.0
2023-09-28 12:30:00-04:00,171.88999938964844,171.9149932861328,170.86000061035156,170.88999938964844,4825213.0
2023-09-28 13:30:00-04:00,170.8820037841797,171.1649932861328,170.42999267578125,171.1300048828125,4681956.0
2023-09-28 14:30:00-04:00,171.13499450683594,171.67999267578125,170.30999755859375,171.5800018310547,4835316.0
2023-09-28 15:30:00-04:00,171.5800018310547,171.63999938964844,170.44000244140625,170.69000244140625,5724842.0
2023-09-28 16:00:00-04:00,170.66,173.18,170.55,171.0,0.0
2023-09-28 17:00:00-04:00,170.43,171.02,170.43,170.97,0.0
2023-09-28 18:00:00-04:00,170.97,171.24,170.94,171.0,0.0
2023-09-28 19:00:00-04:00,170.99,174.463,161.33966,170.85,0.0
2023-09-29 04:00:00-04:00,170.81,172.2,170.81,172.11,0.0
2023-09-29 05:00:00-04:00,172.11,172.37,171.97,172.18,0.0
2023-09-29 06:00:00-04:00,172.18,172.3,172.01,172.21,0.0
2023-09-29 07:00:00-04:00,172.25,172.3,171.62,171.64,0.0
2023-09-29 08:00:00-04:00,171.74,177.625,170.99,171.9498,0.0
2023-09-29 09:00:00-04:00,171.95,172.75,170.69,172.59,0.0
2023-09-29 09:30:00-04:00,172.02000427246094,173.07000732421875,171.77000427246094,172.25,11049307.0
2023-09-29 10:30:00-04:00,172.27000427246094,172.77000427246094,172.02000427246094,172.05999755859375,5432567.0
2023-09-29 11:30:00-04:00,172.05999755859375,172.08999633789062,171.5301055908203,171.8350067138672,3810317.0
2023-09-29 12:30:00-04:00,171.83999633789062,171.92999267578125,170.72999572753906,171.22999572753906,3723090.0
2023-09-29 13:30:00-04:00,171.22999572753906,171.3000030517578,170.3800048828125,170.5399932861328,3930145.0
2023-09-29 14:30:00-04:00,170.5449981689453,171.7100067138672,170.34100341796875,171.28990173339844,5505006.0
2023-09-29 15:30:00-04:00,171.27999877929688,171.9199981689453,170.75999450683594,171.22000122070312,6445307.0
2023-09-29 16:00:00-04:00,171.21,171.75,168.02,171.58,0.0
2023-09-29 17:00:00-04:00,171.59,181.65688,164.2925,171.45,0.0
2023-09-29 18:00:00-04:00,171.5,171.55,171.21,171.3,0.0
2023-09-29 19:00:00-04:00,171.25,171.48,171.2,171.33,0.0
2023-10-02 04:00:00-04:00,172.19,173.0,171.71,172.54,0.0
2023-10-02 05:00:00-04:00,172.55,172.78,171.9,172.0,0.0
2023-10-02 06:00:00-04:00,171.96,172.29,171.03,171.37,0.0
2023-10-02 07:00:00-04:00,171.32,171.98,171.04,171.94,0.0
2023-10-02 08:00:00-04:00,171.94,173.22,171.045,171.315,0.0
2023-10-02 09:00:00-04:00,171.315,172.81,171.0,171.3,0.0
2023-10-02 09:30:00-04:00,171.22000122070312,174.0399932861328,170.92999267578125,173.3300018310547,12402556.0
2023-10-02 10:30:00-04:00,173.35000610351562,174.3000030517578,172.83999633789062,174.10459899902344,6937293.0
2023-10-02 11:30:00-04:00,174.1199951171875,174.2100067138672,172.82000732421875,173.35000610351562,5325939.0
2023-10-02 12:30:00-04:00,173.36000061035156,173.47000122070312,172.72999572753906,173.30999755859375,3752202.0
2023-10-02 13:30:00-04:00,173.30999755859375,173.7100067138672,172.77000427246094,172.78990173339844,4113658.0
2023-10-02 14:30:00-04:00,172.78199768066406,173.2100067138672,172.5330047607422,173.0,4726767.0
2023-10-02 15:30:00-04:00,173.0,173.77999877929688,172.75,173.75,6420476.0
2023-10-02 16:00:00-04:00,173.75,173.96,171.21,173.725,0.0
2023-10-02 17:00:00-04:00,173.74,179.1358,163.93683,173.65,0.0
2023-10-02 18:00:00-04:00,173.665,173.9,173.64,173.72,0.0
2023-10-02 19:00:00-04:00,173.69,173.97,173.62,173.85,0.0
2023-10-03 04:00:00-04:00,173.85,173.94,173.23,173.85,0.0
2023-10-03 05:00:00-04:00,173.85,173.87,173.25,173.53,0.0
2023-10-03 06:00:00-04:00,173.53,173.59,173.23,173.58,0.0
2023-10-03 07:00:00-04:00,173.63,173.72,172.61,172.72,0.0
2023-10-03 08:00:00-04:00,172.72,173.8,172.35,172.77,0.0
2023-10-03 09:00:00-04:00,172.7,174.355,170.6365,172.16,0.0
2023-10-03 09:30:00-04:00,172.2550048828125,173.6300048828125,170.82000732421875,171.1717987060547,11761888.0
2023-10-03 10:30:00-04:00,171.17999267578125,171.98500061035156,171.07000732421875,171.6300048828125,6639286.0
2023-10-03 11:30:00-04:00,171.63999938964844,172.36500549316406,171.36000061035156,172.26400756835938,4492914.0
2023-10-03 12:30:00-04:00,172.27999877929688,172.80499267578125,171.96490478515625,172.00180053710938,4727540.0
2023-10-03 13:30:00-04:00,172.00999450683594,172.1300048828125,171.55099487304688,171.85000610351562,3774205.0
2023-10-03 14:30:00-04:00,171.85000610351562,172.39999389648438,171.7899932861328,171.86000061035156,4821504.0
2023-10-03 15:30:00-04:00,171.85499572753906,172.52000427246094,171.77999877929688,172.4600067138672,6252137.0
2023-10-03 16:00:00-04:00,172.47,172.565,172.06,172.12,0.0
2023-10-03 17:00:00-04:00,172.08,196.45,167.00291,172.02,0.0
2023-10-03 18:00:00-04:00,172.05,188.08,171.92,172.08,0.0
2023-10-03 19:00:00-04:00,172.08,172.16,170.85,170.88,0.0
2023-10-04 04:00:00-04:00,170.0,170.48,169.26,170.22,0.0
2023-10-04 05:00:00-04:00,170.16,170.49,169.8,170.45,0.0
2023-10-04 06:00:00-04:00,170.45,170.95,170.35,170.74,0.0
2023-10-04 07:00:00-04:00,170.73,171.26,170.33,170.84,0.0
2023-10-04 08:00:00-04:00,170.84,172.4,169.27,171.23,0.0
2023-10-04 09:00:00-04:00,171.23,173.39,171.21,171.31,0.0
2023-10-04 09:30:00-04:00,171.08999633789062,172.74000549316406,170.97000122070312,172.38999938964844,13074765.0
2023-10-04 10:30:00-04:00,172.39500427246094,173.49000549316406,172.1300048828125,172.86000061035156,8356128.0
2023-10-04 11:30:00-04:00,172.86000061035156,173.2899932861328,172.5,173.1699981689453,4452327.0
2023-10-04 12:30:00-04:00,173.1699981689453,173.25999450683594,172.64500427246094,172.67999267578125,3158072.0
2023-10-04 13:30:00-04:00,172.67999267578125,172.9199981689453,172.35000610351562,172.74000549316406,3835275.0
2023-10-04 14:30:00-04:00,172.74000549316406,173.81500244140625,172.61000061035156,173.7698974609375,5119455.0
2023-10-04 15:30:00-04:00,173.77000427246094,174.2100067138672,173.3699951171875,173.63999938964844,7816168.0
2023-10-04 16:00:00-04:00,173.65,173.66,173.11,173.53,0.0
2023-10-04 17:00:00-04:00,173.52,180.37361,173.21,173.31,0.0
2023-10-04 18:00:00-04:00,173.34,173.45,173.25,173.35,0.0
2023-10-04 19:00:00-04:00,173.33,173.44,173.26,173.27,0.0
2023-10-05 04:00:00-04:00,173.39,173.44,173.11,173.36,0.0
2023-10-05 05:00:00-04:00,173.33,173.46,172.78,173.0,0.0
2023-10-05 06:00:00-04:00,173.06,173.36,172.86,173.3,0.0
2023-10-05 07:00:00-04:00,173.3,173.69,173.3,173.43,0.0
2023-10-05 08:00:00-04:00,173.48,174.14,172.805,173.655,0.0
2023-10-05 09:00:00-04:00,173.66,173.69,172.8,173.185,0.0
2023-10-05 09:30:00-04:00,173.7899932861328,174.4080047607422,173.07000732421875,173.69000244140625,9578634.0
2023-10-05 10:30:00-04:00,173.69000244140625,173.75619506835938,172.67999267578125,173.60000610351562,6597067.0
2023-10-05 11:30:00-04:00,173.60499572753906,174.02999877929688,173.26499938964844,173.97000122070312,5261407.0
2023-10-05 12:30:00-04:00,173.96009826660156,174.16000366210938,173.6199951171875,174.158203125,4292030.0
2023-10-05 13:30:00-04:00,174.14999389648438,175.1999969482422,173.9600067138672,174.95989990234375,6318028.0
2023-10-05 14:30:00-04:00,174.9499969482422,175.4499969482422,174.8699951171875,175.1199951171875,4890794.0
2023-10-05 15:30:00-04:00,175.1199951171875,175.22000122070312,174.83999633789062,174.97999572753906,4853082.0
2023-10-05 16:00:00-04:00,174.97,174.98,172.9,174.82,0.0
2023-10-05 17:00:00-04:00,174.82,174.91,163.09367,174.765,0.0
2023-10-05 18:00:00-04:00,174.765,174.85,174.75,174.78,0.0
2023-10-05 19:00:00-04:00,174.77,174.81,174.66,174.75,0.0
2023-10-06 04:00:00-04:00,174.77,175.23,174.77,174.93,0.0
2023-10-06 05:00:00-04:00,174.92,175.07,174.82,175.0,0.0
2023-10-06 06:00:00-04:00,175.0,175.5,174.99,175.48,0.0
2023-10-06 07:00:00-04:00,175.48,175.59,175.26,175.39,0.0
2023-10-06 08:00:00-04:00,175.39,175.59,174.13,175.335,0.0
2023-10-06 09:00:00-04:00,175.27,175.54,172.6,173.635,0.0
2023-10-06 09:30:00-04:00,173.8000030517578,175.05999755859375,173.17999267578125,174.80999755859375,11096512.0
2023-10-06 10:30:00-04:00,174.8000030517578,175.6699981689453,174.72999572753906,175.4499969482422,7955406.0
2023-10-06 11:30:00-04:00,175.4499969482422,177.0500030517578,175.42999267578125,176.67010498046875,7166594.0
2023-10-06 12:30:00-04:00,176.67999267578125,177.36000061035156,176.4499969482422,177.16000366210938,5056666.0
2023-10-06 13:30:00-04:00,177.1699981689453,177.5399932861328,177.10000610351562,177.5290985107422,4054867.0
2023-10-06 14:30:00-04:00,177.52999877929688,177.9550018310547,177.4199981689453,177.94000244140625,5634496.0
2023-10-06 15:30:00-04:00,177.93499755859375,177.99000549316406,177.39999389648438,177.49000549316406,7319309.0
2023-10-06 16:00:00-04:00,177.47,177.71,175.08,177.56,0.0
2023-10-06 17:00:00-04:00,177.51,182.72981,169.79277,177.55,0.0
2023-10-06 18:00:00-04:00,177.54,177.59,177.46,177.54,0.0
2023-10-06 19:00:00-04:00,177.53,177.78,177.51,177.71,0.0
2023-10-09 04:00:00-04:00,176.3,176.3,175.73,175.86,0.0
2023-10-09 05:00:00-04:00,175.84,176.2,175.81,176.06,0.0
2023-10-09 06:00:00-04:00,176.06,176.4,175.81,176.14,0.0
2023-10-09 07:00:00-04:00,176.14,176.23,175.82,175.99,0.0
2023-10-09 08:00:00-04:00,175.99,176.4,175.41,176.275,0.0
2023-10-09 09:00:00-04:00,176.29,176.99,176.04,176.8,0.0
2023-10-09 09:30:00-04:00,176.80999755859375,177.36000061035156,175.8000030517578,176.8699951171875,9359311.0
2023-10-09 10:30:00-04:00,176.8699951171875,177.125,176.19000244140625,177.0850067138672,4686689.0
2023-10-09 11:30:00-04:00,177.0749969482422,178.07000732421875,176.8699951171875,177.61000061035156,4765690.0
2023-10-09 12:30:00-04:00,177.60000610351562,177.97000122070312,177.43499755859375,177.9499969482422,2606059.0
2023-10-09 13:30:00-04:00,177.9600067138672,178.97000122070312,177.94000244140625,178.83999633789062,5257785.0
2023-10-09 14:30:00-04:00,178.84500122070312,179.0500030517578,178.4199981689453,178.89999389648438,5031854.0
2023-10-09 15:30:00-04:00,178.89999389648438,179.0500030517578,178.6649932861328,178.99000549316406,5217876.0
2023-10-09 16:00:00-04:00,179.0,179.02,173.835,178.855,0.0
2023-10-09 17:00:00-04:00,178.855,178.9,176.86905,178.855,0.0
2023-10-09 18:00:00-04:00,178.84,178.89,178.79,178.88,0.0
2023-10-09 19:00:00-04:00,178.89,179.0,178.8,178.95,0.0
2023-10-10 04:00:00-04:00,179.0,179.29,178.82,179.25,0.0
2023-10-10 05:00:00-04:00,179.23,179.37,179.09,179.18,0.0
2023-10-10 06:00:00-04:00,179.18,179.2,179.05,179.15,0.0
2023-10-10 07:00:00-04:00,179.15,179.19,178.08,178.25,0.0
2023-10-10 08:00:00-04:00,178.26,179.39,177.61,178.23,0.0
2023-10-10 09:00:00-04:00,178.29,178.99,176.25,178.33,0.0
2023-10-10 09:30:00-04:00,178.10000610351562,179.30999755859375,178.10000610351562,179.1851043701172,9164127.0
2023-10-10 10:30:00-04:00,179.1909942626953,179.67999267578125,179.0399932861328,179.47999572753906,5374796.0
2023-10-10 11:30:00-04:00,179.48500061035156,179.72000122070312,179.33999633789062,179.610107421875,3098344.0
2023-10-10 12:30:00-04:00,179.6199951171875,179.69000244140625,178.13999938964844,178.4499969482422,4901581.0
2023-10-10 13:30:00-04:00,178.4600067138672,178.57589721679688,177.9499969482422,178.1699981689453,4369971.0
2023-10-10 14:30:00-04:00,178.19000244140625,178.90989685058594,177.9600067138672,178.7899932861328,4901034.0
2023-10-10 15:30:00-04:00,178.7899932861328,178.8000030517578,178.1199951171875,178.41000366210938,5623523.0
2023-10-10 16:00:00-04:00,178.42,178.59,171.96,178.35,0.0
2023-10-10 17:00:00-04:00,178.15,178.49,168.32762,178.34,0.0
2023-10-10 18:00:00-04:00,178.36,178.46,178.32,178.41,0.0
2023-10-10 19:00:00-04:00,178.44,178.54,178.41,178.54,0.0
2023-10-11 04:00:00-04:00,178.66,178.7,178.36,178.46,0.0
2023-10-11 05:00:00-04:00,178.41,178.61,178.24,178.35,0.0
2023-10-11 06:00:00-04:00,178.37,178.64,178.27,178.52,0.0
2023-10-11 07:00:00-04:00,178.51,178.9,178.48,178.8,0.0
2023-10-11 08:00:00-04:00,178.82,178.92,178.12,178.22,0.0
2023-10-11 09:00:00-04:00,178.2,178.49,177.62,178.3,0.0
2023-10-11 09:30:00-04:00,178.1999969482422,178.9575958251953,177.60000610351562,178.27999877929688,9911043.0
2023-10-11 10:30:00-04:00,178.27999877929688,179.32000732421875,178.13099670410156,178.5883026123047,6752681.0
2023-10-11 11:30:00-04:00,178.58999633789062,178.9499969482422,178.36500549316406,178.57009887695312,3901012.0
2023-10-11 12:30:00-04:00,178.5800018310547,178.74200439453125,178.27000427246094,178.5906982421875,3560007.0
2023-10-11 13:30:00-04:00,178.58999633789062,179.3800048828125,178.36000061035156,178.9499969482422,3720449.0
2023-10-11 14:30:00-04:00,178.9499969482422,179.2899932861328,178.89999389648438,179.1699981689453,5572352.0
2023-10-11 15:30:00-04:00,179.1699981689453,179.85000610351562,179.13999938964844,179.75,5787619.0
2023-10-11 16:00:00-04:00,179.74,180.3883,179.73,180.24,0.0
2023-10-11 17:00:00-04:00,180.21,185.77148,175.75642,180.21,0.0
2023-10-11 18:00:00-04:00,180.21,180.33,180.21,180.28,0.0
2023-10-11 19:00:00-04:00,180.29,180.38,180.2,180.36,0.0
2023-10-12 04:00:00-04:00,180.4,180.5,180.06,180.43,0.0
2023-10-12 05:00:00-04:00,180.42,180.64,180.38,180.59,0.0
2023-10-12 06:00:00-04:00,180.59,180.64,180.43,180.51,0.0
2023-10-12 07:00:00-04:00,180.47,180.54,180.21,180.23,0.0
2023-10-12 08:00:00-04:00,180.23,180.655,180.01,180.4399,0.0
2023-10-12 09:00:00-04:00,180.35,180.44,179.47,179.85,0.0
2023-10-12 09:30:00-04:00,180.07000732421875,182.14990234375,179.83999633789062,181.72000122070312,13432759.0
2023-10-12 10:30:00-04:00,181.72999572753906,182.33999633789062,181.4600067138672,181.77000427246094,8055060.0
2023-10-12 11:30:00-04:00,181.76499938964844,182.2899932861328,181.50999450683594,182.27000427246094,5426017.0
2023-10-12 12:30:00-04:00,182.27999877929688,182.27999877929688,180.3300018310547,180.3549041748047,5641539.0
2023-10-12 13:30:00-04:00,180.33999633789062,180.6300048828125,179.0399932861328,179.63999938964844,6607337.0
2023-10-12 14:30:00-04:00,179.63499450683594,180.47999572753906,179.49000549316406,180.39999389648438,4772922.0
2023-10-12 15:30:00-04:00,180.39999389648438,180.81500244140625,180.38999938964844,180.72999572753906,5779607.0
2023-10-12 16:00:00-04:00,180.71,181.2,180.69,181.09,0.0
2023-10-12 17:00:00-04:00,181.1,189.9224,174.463,181.2,0.0
2023-10-12 18:00:00-04:00,181.19,181.23,180.71,181.1,0.0
2023-10-12 19:00:00-04:00,181.11,181.52,181.1,181.43,0.0
2023-10-13 04:00:00-04:00,180.95,181.2,180.94,181.0,0.0
2023-10-13 05:00:00-04:00,180.97,181.0,180.51,180.67,0.0
2023-10-13 06:00:00-04:00,180.7,180.77,180.01,180.09,0.0
2023-10-13 07:00:00-04:00,180.13,180.45,180.05,180.38,0.0
2023-10-13 08:00:00-04:00,180.36,181.33,173.76,180.305,0.0
2023-10-13 09:00:00-04:00,180.33,181.29,180.25,181.215,0.0
2023-10-13 09:30:00-04:00,181.4199981689453,181.92999267578125,180.36000061035156,180.52999877929688,9761566.0
2023-10-13 10:30:00-04:00,180.52000427246094,180.76499938964844,178.9499969482422,179.19000244140625,6274151.0
2023-10-13 11:30:00-04:00,179.19000244140625,179.3625030517578,178.47000122070312,179.2550048828125,5900854.0
2023-10-13 12:30:00-04:00,179.25999450683594,179.47000122070312,178.22000122070312,178.25999450683594,4418100.0
2023-10-13 13:30:00-04:00,178.26100158691406,179.30999755859375,178.13999938964844,179.24000549316406,5205186.0
2023-10-13 14:30:00-04:00,179.2449951171875,179.74000549316406,178.85000610351562,178.93499755859375,5632908.0
2023-10-13 15:30:00-04:00,178.94000244140625,179.08999633789062,178.52000427246094,178.8699951171875,5735444.0
2023-10-13 16:00:00-04:00,178.88,189.94,178.54,178.67,0.0
2023-10-13 17:00:00-04:00,178.665,187.77512,177.97708,178.57,0.0
2023-10-13 18:00:00-04:00,178.58,178.65,178.53,178.595,0.0
2023-10-13 19:00:00-04:00,178.59,178.64,178.33,178.36,0.0
2023-10-16 04:00:00-04:00,178.9,178.9,178.16,178.69,0.0
2023-10-16 05:00:00-04:00,178.54,178.84,178.5,178.52,0.0
2023-10-16 06:00:00-04:00,178.49,178.66,175.81,176.83,0.0
2023-10-16 07:00:00-04:00,176.83,177.57,176.6,177.46,0.0
2023-10-16 08:00:00-04:00,177.44,179.1,175.995,177.5,0.0
2023-10-16 09:00:00-04:00,177.47,178.2,177.43,177.91,0.0
2023-10-16 09:30:00-04:00,176.75,178.54750061035156,176.50999450683594,178.44500732421875,13685450.0
2023-10-16 10:30:00-04:00,178.44400024414062,178.99000549316406,178.2949981689453,178.50900268554688,6155862.0
2023-10-16 11:30:00-04:00,178.52000427246094,178.69000244140625,177.625,177.82000732421875,4772017.0
2023-10-16 12:30:00-04:00,177.8300018310547,177.94000244140625,176.85000610351562,177.46499633789062,5480319.0
2023-10-16 13:30:00-04:00,177.47000122070312,178.35459899902344,177.4300994873047,178.1300048828125,4678814.0
2023-10-16 14:30:00-04:00,178.125,178.82000732421875,177.89999389648438,178.7899932861328,4680497.0
2023-10-16 15:30:00-04:00,178.7899932861328,179.0,178.39999389648438,178.6750030517578,6982113.0
2023-10-16 16:00:00-04:00,178.67,178.86,178.5,178.72,0.0
2023-10-16 17:00:00-04:00,178.71,181.85558,174.51228,178.67,0.0
2023-10-16 18:00:00-04:00,178.71,178.75,178.57,178.63,0.0
2023-10-16 19:00:00-04:00,178.625,178.7,178.5,178.7,0.0
2023-10-17 04:00:00-04:00,178.68,178.75,178.28,178.34,0.0
2023-10-17 05:00:00-04:00,178.33,178.38,177.81,178.2,0.0
2023-10-17 06:00:00-04:00,178.15,178.26,177.97,178.1,0.0
2023-10-17 07:00:00-04:00,178.11,178.18,177.95,177.98,0.0
2023-10-17 08:00:00-04:00,178.0,178.71,177.855,178.17,0.0
2023-10-17 09:00:00-04:00,178.15,178.38,177.25,177.26,0.0
2023-10-17 09:30:00-04:00,176.64500427246094,176.99000549316406,174.8000030517578,176.4499969482422,15753761.0
2023-10-17 10:30:00-04:00,176.4499969482422,177.25,176.32000732421875,177.08999633789062,7402615.0
2023-10-17 11:30:00-04:00,177.0800018310547,178.30999755859375,177.0800018310547,178.22500610351562,5269444.0
2023-10-17 12:30:00-04:00,178.22999572753906,178.4199981689453,177.66000366210938,177.6678009033203,4501217.0
2023-10-17 13:30:00-04:00,177.66099548339844,177.8300018310547,176.9499969482422,177.09890747070312,5642528.0
2023-10-17 14:30:00-04:00,177.08999633789062,177.33999633789062,176.36500549316406,176.77000427246094,6304509.0
2023-10-17 15:30:00-04:00,176.77999877929688,177.3000030517578,176.44500732421875,177.13999938964844,6288297.0
2023-10-17 16:00:00-04:00,177.13,177.24,176.9,176.965,0.0
2023-10-17 17:00:00-04:00,176.95,184.12717,167.00291,177.05,0.0
2023-10-17 18:00:00-04:00,177.1,177.1,176.92,176.96,0.0
2023-10-17 19:00:00-04:00,176.94,176.99,176.5,176.7,0.0
2023-10-18 04:00:00-04:00,176.69,176.92,176.47,176.61,0.0
2023-10-18 05:00:00-04:00,176.6,176.77,176.38,176.44,0.0
2023-10-18 06:00:00-04:00,176.39,176.4,175.8,175.97,0.0
2023-10-18 07:00:00-04:00,175.98,176.1,175.69,175.87,0.0
2023-10-18 08:00:00-04:00,175.87,176.98,175.41,175.75,0.0
2023-10-18 09:00:00-04:00,175.7593,175.8,175.57,175.68,0.0
2023-10-18 09:30:00-04:00,175.5800018310547,177.5749969482422,175.4199981689453,176.6199951171875,11694290.0
2023-10-18 10:30:00-04:00,176.60499572753906,177.1199951171875,175.7550048828125,176.72999572753906,7097323.0
2023-10-18 11:30:00-04:00,176.72999572753906,177.52999877929688,176.63009643554688,176.82000732421875,5348489.0
2023-10-18 12:30:00-04:00,176.82000732421875,177.3699951171875,176.22500610351562,177.1199951171875,5355115.0
2023-10-18 13:30:00-04:00,177.1199951171875,177.1300048828125,176.22000122070312,176.69500732421875,4533374.0
2023-10-18 14:30:00-04:00,176.68499755859375,176.9149932861328,175.77999877929688,175.87989807128906,5250110.0
2023-10-18 15:30:00-04:00,175.8800048828125,176.08999633789062,175.11000061035156,175.781005859375,6442293.0
2023-10-18 16:00:00-04:00,175.781,175.94,175.44,175.67,0.0
2023-10-18 17:00:00-04:00,175.68,180.37361,166.09341,175.62,0.0
2023-10-18 18:00:00-04:00,175.57,175.79,175.47,175.55,0.0
2023-10-18 19:00:00-04:00,175.55,175.7,175.48,175.5,0.0
2023-10-19 04:00:00-04:00,175.1,175.41,174.87,175.0,0.0
2023-10-19 05:00:00-04:00,174.96,175.19,174.89,175.15,0.0
2023-10-19 06:00:00-04:00,175.1,175.66,175.1,175.64,0.0
2023-10-19 07:00:00-04:00,175.63,175.8,175.53,175.57,0.0
2023-10-19 08:00:00-04:00,175.57,175.84,174.78,175.5,0.0
2023-10-19 09:00:00-04:00,175.56,176.885,175.13,176.325,0.0
2023-10-19 09:30:00-04:00,176.0399932861328,177.3300018310547,175.84500122070312,176.2100067138672,11060282.0
2023-10-19 10:30:00-04:00,176.2100067138672,176.8699951171875,175.63499450683594,176.24989318847656,5651756.0
2023-10-19 11:30:00-04:00,176.25,177.5399932861328,176.10000610351562,176.67999267578125,7386700.0
2023-10-19 12:30:00-04:00,176.69000244140625,177.83999633789062,175.4600067138672,177.77999877929688,6868129.0
2023-10-19 13:30:00-04:00,177.8000030517578,177.8300018310547,176.50999450683594,176.58999633789062,5131914.0
2023-10-19 14:30:00-04:00,176.58999633789062,176.58999633789062,175.52000427246094,175.74000549316406,7026256.0
2023-10-19 15:30:00-04:00,175.72999572753906,176.05999755859375,175.19000244140625,175.4499969482422,4705299.0
2023-10-19 16:00:00-04:00,175.45,175.46,174.9,175.26,0.0
2023-10-19 17:00:00-04:00,175.26,182.6058,163.09367,175.04,0.0
2023-10-19 18:00:00-04:00,175.03,175.18,174.94,174.95,0.0
2023-10-19 19:00:00-04:00,174.94,175.04,174.62,174.93,0.0
2023-10-20 04:00:00-04:00,174.95,175.12,174.5,175.06,0.0
2023-10-20 05:00:00-04:00,175.08,175.32,174.72,174.72,0.0
2023-10-20 06:00:00-04:00,174.73,174.97,174.68,174.68,0.0
2023-10-20 07:00:00-04:00,174.77,175.11,174.64,174.99,0.0
2023-10-20 08:00:00-04:00,174.99,175.28,174.49,174.66,0.0
2023-10-20 09:00:00-04:00,174.7,174.87,174.61,174.75,0.0
2023-10-20 09:30:00-04:00,175.30999755859375,175.4199981689453,174.07000732421875,174.24000549316406,13576409.0
2023-10-20 10:30:00-04:00,174.24000549316406,174.25999450683594,172.63999938964844,172.86990356445312,9848621.0
2023-10-20 11:30:00-04:00,172.8800048828125,173.83999633789062,172.6699981689453,173.55999755859375,6364462.0
2023-10-20 12:30:00-04:00,173.57000732421875,174.72000122070312,173.55999755859375,174.17999267578125,6019902.0
2023-10-20 13:30:00-04:00,174.18499755859375,174.38999938964844,173.4600067138672,173.5800018310547,4406928.0
2023-10-20 14:30:00-04:00,173.55999755859375,173.86000061035156,173.125,173.3800048828125,5284310.0
2023-10-20 15:30:00-04:00,173.3699951171875,173.49000549316406,172.8000030517578,172.83999633789062,6774830.0
2023-10-20 16:00:00-04:00,172.84,182.26,172.83,172.95,0.0
2023-10-20 17:00:00-04:00,172.9406,175.2792,164.05757,172.865,0.0
2023-10-20 18:00:00-04:00,172.86,172.88,172.69,172.71,0.0
2023-10-20 19:00:00-04:00,172.75,172.8,172.61,172.78,0.0
2023-10-23 04:00:00-04:00,172.78,172.96,171.54,171.79,0.0
2023-10-23 05:00:00-04:00,171.75,171.9,170.0,170.63,0.0
2023-10-23 06:00:00-04:00,170.64,170.64,170.16,170.37,0.0
2023-10-23 07:00:00-04:00,170.4,171.17,170.37,170.96,0.0
2023-10-23 08:00:00-04:00,170.96,173.24,170.125,171.26,0.0
2023-10-23 09:00:00-04:00,171.335,175.325,170.6,170.85,0.0
2023-10-23 09:30:00-04:00,171.58999633789062,171.91000366210938,169.92999267578125,171.58999633789062,15939825.0
2023-10-23 10:30:00-04:00,171.58999633789062,172.91029357910156,171.1699981689453,172.80999755859375,6828633.0
2023-10-23 11:30:00-04:00,172.80999755859375,172.98500061035156,172.27999877929688,172.83999633789062,5567383.0
2023-10-23 12:30:00-04:00,172.86000061035156,173.63999938964844,172.63999938964844,173.30999755859375,4597769.0
2023-10-23 13:30:00-04:00,173.30999755859375,174.00999450683594,173.13900756835938,173.3800048828125,4849773.0
2023-10-23 14:30:00-04:00,173.38999938964844,173.72500610351562,173.0850067138672,173.13299560546875,5131178.0
2023-10-23 15:30:00-04:00,173.14500427246094,173.25999450683594,172.75999450683594,172.9600067138672,5236992.0
2023-10-23 16:00:00-04:00,173.12,173.23,172.78,173.025,0.0
2023-10-23 17:00:00-04:00,173.01,173.04,172.75,172.95,0.0
2023-10-23 18:00:00-04:00,172.86,172.96,172.71,172.875,0.0
2023-10-23 19:00:00-04:00,172.875,173.23,162.5071,173.165,0.0
2023-10-24 04:00:00-04:00,173.0,173.79,173.0,173.35,0.0
2023-10-24 05:00:00-04:00,173.31,173.54,173.06,173.54,0.0
2023-10-24 06:00:00-04:00,173.5,173.97,173.3,173.36,0.0
2023-10-24 07:00:00-04:00,173.34,173.63,173.3,173.42,0.0
2023-10-24 08:00:00-04:00,173.43,173.89,172.9,173.36,0.0
2023-10-24 09:00:00-04:00,173.34,173.39,173.03,173.24,0.0
2023-10-24 09:30:00-04:00,173.0500030517578,173.30999755859375,171.80999755859375,172.8300018310547,10973848.0
2023-10-24 10:30:00-04:00,172.8249053955078,172.88999938964844,172.1300048828125,172.30499267578125,5390228.0
2023-10-24 11:30:00-04:00,172.30999755859375,173.02000427246094,171.98280334472656,172.0800018310547,4403856.0
2023-10-24 12:30:00-04:00,172.10000610351562,172.1999969482422,171.4499969482422,172.19000244140625,3752948.0
2023-10-24 13:30:00-04:00,172.1999053955078,172.75999450683594,171.9199981689453,172.75999450683594,3410631.0
2023-10-24 14:30:00-04:00,172.75,173.6699981689453,172.67999267578125,173.5850067138672,5963929.0
2023-10-24 15:30:00-04:00,173.5850067138672,173.6649932861328,173.22999572753906,173.38999938964844,4601374.0
2023-10-24 16:00:00-04:00,173.39,173.93,171.68,173.3,0.0
2023-10-24 17:00:00-04:00,173.265,173.44,164.186,173.04,0.0
2023-10-24 18:00:00-04:00,173.04,173.44,172.9,173.18,0.0
2023-10-24 19:00:00-04:00,173.02,173.2,172.9,172.9,0.0
2023-10-25 04:00:00-04:00,173.5,173.5,172.34,172.63,0.0
2023-10-25 05:00:00-04:00,172.63,172.76,172.27,172.51,0.0
2023-10-25 06:00:00-04:00,172.52,172.7,172.36,172.51,0.0
2023-10-25 07:00:00-04:00,172.62,172.99,172.59,172.79,0.0
2023-10-25 08:00:00-04:00,172.84,173.25,172.275,172.54,0.0
2023-10-25 09:00:00-04:00,172.54,172.72,172.0,172.09,0.0
2023-10-25 09:30:00-04:00,171.8800048828125,172.24000549316406,170.8300018310547,172.1300048828125,11042020.0
2023-10-25 10:30:00-04:00,172.1300048828125,173.05999755859375,171.8800048828125,172.44500732421875,7738217.0
2023-10-25 11:30:00-04:00,172.44500732421875,172.60000610351562,171.5399932861328,171.76499938964844,4440866.0
2023-10-25 12:30:00-04:00,171.75999450683594,172.0500030517578,171.05999755859375,171.14500427246094,5032990.0
2023-10-25 13:30:00-04:00,171.13999938964844,171.6197967529297,170.77000427246094,171.4199981689453,5060830.0
2023-10-25 14:30:00-04:00,171.42999267578125,171.5399932861328,170.64999389648438,171.1750030517578,4546917.0
2023-10-25 15:30:00-04:00,171.17779541015625,171.42999267578125,170.86000061035156,171.08999633789062,6991582.0
2023-10-25 16:00:00-04:00,171.09,175.88603,170.11,170.49,0.0
2023-10-25 17:00:00-04:00,170.5,182.144,162.69975,170.4,0.0
2023-10-25 18:00:00-04:00,170.36,170.57,169.32,169.77,0.0
2023-10-25 19:00:00-04:00,169.77,169.86,169.25,169.4,0.0
2023-10-26 04:00:00-04:00,168.13,169.63,168.13,169.09,0.0
2023-10-26 05:00:00-04:00,169.16,169.52,168.86,169.5,0.0
2023-10-26 06:00:00-04:00,169.48,169.83,169.14,169.75,0.0
2023-10-26 07:00:00-04:00,169.75,169.85,169.21,169.48,0.0
2023-10-26 08:00:00-04:00,169.47,171.1,168.05,169.86,0.0
2023-10-26 09:00:00-04:00,169.97,172.885,169.59,170.4497,0.0
2023-10-26 09:30:00-04:00,170.3699951171875,171.37750244140625,168.1300048828125,168.66000366210938,13990133.0
2023-10-26 10:30:00-04:00,168.64999389648438,168.9499969482422,166.83999633789062,166.94960021972656,10641541.0
2023-10-26 11:30:00-04:00,166.94500732421875,167.52999877929688,165.97000122070312,166.29739379882812,8539868.0
2023-10-26 12:30:00-04:00,166.2899932861328,166.6999969482422,165.72000122070312,165.9499969482422,5923516.0
2023-10-26 13:30:00-04:00,165.9499969482422,167.38290405273438,165.6699981689453,167.17999267578125,6261731.0
2023-10-26 14:30:00-04:00,167.1699981689453,167.94000244140625,166.89999389648438,167.31430053710938,6614410.0
2023-10-26 15:30:00-04:00,167.30999755859375,167.44000244140625,166.375,166.75999450683594,8082422.0
2023-10-26 16:00:00-04:00,166.76,167.14,166.5,166.68,0.0
2023-10-26 17:00:00-04:00,166.69,174.46303,161.33966,166.32,0.0
2023-10-26 18:00:00-04:00,166.28,170.99,166.11,166.47,0.0
2023-10-26 19:00:00-04:00,166.47,167.3,166.4,167.25,0.0
2023-10-27 04:00:00-04:00,167.25,167.68,167.19,167.29,0.0
2023-10-27 05:00:00-04:00,167.29,167.7,167.25,167.3,0.0
2023-10-27 06:00:00-04:00,167.33,167.58,167.11,167.38,0.0
2023-10-27 07:00:00-04:00,167.34,167.53,166.56,166.6,0.0
2023-10-27 08:00:00-04:00,166.62,167.695,166.304,166.6,0.0
2023-10-27 09:00:00-04:00,166.6,169.655,166.25,167.2067,0.0
2023-10-27 09:30:00-04:00,166.91000366210938,168.77000427246094,166.19000244140625,168.16000366210938,13125053.0
2023-10-27 10:30:00-04:00,168.16000366210938,168.9600067138672,167.38999938964844,168.73500061035156,6386633.0
2023-10-27 11:30:00-04:00,168.75,168.81809997558594,167.52000427246094,167.75999450683594,3987468.0
2023-10-27 12:30:00-04:00,167.77000427246094,167.96310424804688,166.8300018310547,167.19000244140625,4730969.0
2023-10-27 13:30:00-04:00,167.17999267578125,167.97999572753906,166.92999267578125,167.69500732421875,6106335.0
2023-10-27 14:30:00-04:00,167.6999969482422,168.24000549316406,167.4499969482422,167.99000549316406,6000178.0
2023-10-27 15:30:00-04:00,167.99000549316406,168.33999633789062,167.49000549316406,168.28500366210938,6380136.0
2023-10-27 16:00:00-04:00,168.29,168.34,167.51,167.805,0.0
2023-10-27 17:00:00-04:00,167.86,177.97705,164.2925,167.99,0.0
2023-10-27 18:00:00-04:00,167.99,168.09,167.91,167.985,0.0
2023-10-27 19:00:00-04:00,168.0,168.05,167.97,168.0199,0.0
2023-10-30 04:00:00-04:00,168.02,169.14,168.02,168.8,0.0
2023-10-30 05:00:00-04:00,168.8,169.49,168.71,169.16,0.0
2023-10-30 06:00:00-04:00,169.25,169.27,168.92,169.0,0.0
2023-10-30 07:00:00-04:00,169.01,169.32,168.91,169.1,0.0
2023-10-30 08:00:00-04:00,169.13,169.47,168.0,168.705,0.0
2023-10-30 09:00:00-04:00,168.705,170.99,167.475,168.54,0.0
2023-10-30 09:30:00-04:00,169.02000427246094,171.1699981689453,168.8699951171875,169.375,12638771.0
2023-10-30 10:30:00-04:00,169.37989807128906,170.1999969482422,169.2100067138672,169.6699981689453,6708135.0
2023-10-30 11:30:00-04:00,169.6699981689453,170.16000366210938,169.41000366210938,169.46609497070312,3707282.0
2023-10-30 12:30:00-04:00,169.46499633789062,170.0500030517578,169.0500030517578,169.91990661621094,4478492.0
2023-10-30 13:30:00-04:00,169.9199981689453,170.49000549316406,169.8800048828125,170.36000061035156,4232265.0
2023-10-30 14:30:00-04:00,170.35000610351562,170.82000732421875,169.84019470214844,169.85499572753906,6108040.0
2023-10-30 15:30:00-04:00,169.85000610351562,170.47999572753906,169.84500122070312,170.24000549316406,5989283.0
2023-10-30 16:00:00-04:00,170.23,170.3,169.9,169.96,0.0
2023-10-30 17:00:00-04:00,169.945,179.1358,167.38792,169.92,0.0
2023-10-30 18:00:00-04:00,169.9,170.0,169.8,169.87,0.0
2023-10-30 19:00:00-04:00,169.88,169.94,169.7,169.7,0.0
2023-10-31 04:00:00-04:00,169.6,169.6,169.28,169.54,0.0
2023-10-31 05:00:00-04:00,169.5,169.87,169.47,169.61,0.0
2023-10-31 06:00:00-04:00,169.63,170.27,169.56,169.97,0.0
2023-10-31 07:00:00-04:00,169.97,170.1,169.62,169.73,0.0
2023-10-31 08:00:00-04:00,169.71,170.195,168.25,170.08,0.0
2023-10-31 09:00:00-04:00,170.03,170.795,168.596,168.67,0.0
2023-10-31 09:30:00-04:00,169.35000610351562,169.5500030517578,167.89999389648438,169.1300048828125,9517172.0
2023-10-31 10:30:00-04:00,169.14999389648438,169.8699951171875,168.75,169.22999572753906,5158750.0
2023-10-31 11:30:00-04:00,169.22999572753906,169.7899932861328,168.84500122070312,169.5500030517578,4428156.0
2023-10-31 12:30:00-04:00,169.5500030517578,170.2949981689453,169.27000427246094,170.28199768066406,3888208.0
2023-10-31 13:30:00-04:00,170.2899932861328,170.75,169.9499969482422,169.9600067138672,4143238.0
2023-10-31 14:30:00-04:00,169.94000244140625,170.77000427246094,169.93099975585938,170.64500427246094,3494370.0
2023-10-31 15:30:00-04:00,170.63999938964844,170.89999389648438,170.3800048828125,170.7899932861328,4547702.0
2023-10-31 16:00:00-04:00,170.77,170.77,170.17,170.23,0.0
2023-10-31 17:00:00-04:00,170.23,173.42175,163.93683,170.36,0.0
2023-10-31 18:00:00-04:00,170.36,170.45,170.22,170.35,0.0
2023-10-31 19:00:00-04:00,170.39,170.45,170.01,170.38,0.0
2023-11-01 04:00:00-04:00,170.49,170.76,170.15,170.2,0.0
2023-11-01 05:00:00-04:00,170.19,170.39,169.89,169.95,0.0
2023-11-01 06:00:00-04:00,170.0,170.17,169.85,169.92,0.0
2023-11-01 07:00:00-04:00,169.98,170.11,169.8,169.86,0.0
2023-11-01 08:00:00-04:00,169.83,170.62,169.45,169.9,0.0
2023-11-01 09:00:00-04:00,169.9,170.84,169.89,170.59,0.0
2023-11-01 09:30:00-04:00,171.0,171.97000122070312,170.1199951171875,171.8300018310547,10298739.0
2023-11-01 10:30:00-04:00,171.8300018310547,172.0800018310547,171.0,171.42999267578125,6770956.0
2023-11-01 11:30:00-04:00,171.42999267578125,172.0,171.19500732421875,171.89999389648438,3513567.0
2023-11-01 12:30:00-04:00,171.91000366210938,172.3800048828125,171.6300048828125,172.16200256347656,3736963.0
2023-11-01 13:30:00-04:00,172.16000366210938,172.7100067138672,171.94000244140625,172.61000061035156,4819939.0
2023-11-01 14:30:00-04:00,172.625,174.1199951171875,172.10000610351562,173.91000366210938,10052004.0
2023-11-01 15:30:00-04:00,173.91000366210938,174.22999572753906,173.61000061035156,173.9199981689453,7382594.0
2023-11-01 16:00:00-04:00,173.91,175.01,173.76,174.29,0.0
2023-11-01 17:00:00-04:00,174.265,180.37361,173.97,174.405,0.0
2023-11-01 18:00:00-04:00,174.41,174.75,174.36,174.7,0.0
2023-11-01 19:00:00-04:00,174.7,175.05,174.7,174.74,0.0
2023-11-02 04:00:00-04:00,174.7,175.23,174.61,175.16,0.0
2023-11-02 05:00:00-04:00,175.16,175.49,175.02,175.48,0.0
2023-11-02 06:00:00-04:00,175.48,175.67,175.37,175.48,0.0
2023-11-02 07:00:00-04:00,175.43,175.93,175.31,175.64,0.0
2023-11-02 08:00:00-04:00,175.61,175.95,174.6,175.85,0.0
2023-11-02 09:00:00-04:00,175.8,176.8,175.8,176.125,0.0
2023-11-02 09:30:00-04:00,175.52000427246094,177.08999633789062,175.4600067138672,176.8699951171875,12660603.0
2023-11-02 10:30:00-04:00,176.8800048828125,177.66000366210938,176.6199951171875,176.7740020751953,9566990.0
2023-11-02 11:30:00-04:00,176.77000427246094,177.10000610351562,176.41000366210938,176.97999572753906,6002941.0
2023-11-02 12:30:00-04:00,176.97999572753906,177.31500244140625,176.77999877929688,177.08799743652344,5823586.0
2023-11-02 13:30:00-04:00,177.0800018310547,177.61000061035156,177.0800018310547,177.30999755859375,5561287.0
2023-11-02 14:30:00-04:00,177.30209350585938,177.72000122070312,177.19000244140625,177.22999572753906,7714957.0
2023-11-02 15:30:00-04:00,177.23500061035156,177.77999877929688,177.1699981689453,177.77999877929688,9466400.0
2023-11-02 16:00:00-04:00,177.57,181.9,169.72,175.915,0.0
2023-11-02 17:00:00-04:00,175.922,178.224,169.33,171.535,0.0
2023-11-02 18:00:00-04:00,171.56,173.11,171.11,172.29,0.0
2023-11-02 19:00:00-04:00,172.16,172.4,171.2,171.55,0.0
2023-11-03 04:00:00-04:00,172.39,172.5,171.91,172.21,0.0
2023-11-03 05:00:00-04:00,172.27,172.66,171.5,171.59,0.0
2023-11-03 06:00:00-04:00,171.62,172.3,171.54,172.06,0.0
2023-11-03 07:00:00-04:00,172.06,172.8,171.85,172.74,0.0
2023-11-03 08:00:00-04:00,172.74,174.59,171.515,174.41,0.0
2023-11-03 09:00:00-04:00,174.41,182.22,173.5,173.79,0.0
2023-11-03 09:30:00-04:00,174.24000549316406,176.39999389648438,173.35000610351562,174.7100067138672,28550758.0
2023-11-03 10:30:00-04:00,174.6999969482422,175.94000244140625,174.66000366210938,174.8000030517578,9711814.0
2023-11-03 11:30:00-04:00,174.8000030517578,176.49000549316406,174.60000610351562,176.33999633789062,7570993.0
2023-11-03 12:30:00-04:00,176.35000610351562,176.4499969482422,175.7100067138672,175.7678985595703,5533801.0
2023-11-03 13:30:00-04:00,175.76170349121094,175.88999938964844,175.07000732421875,175.78990173339844,6023082.0
2023-11-03 14:30:00-04:00,175.77999877929688,176.46749877929688,175.67999267578125,176.04010009765625,6461456.0
2023-11-03 15:30:00-04:00,176.0399932861328,176.82000732421875,175.9499969482422,176.6300048828125,7080006.0
2023-11-03 16:00:00-04:00,176.63,176.85,176.01,176.74,0.0
2023-11-03 17:00:00-04:00,177.57,177.57,175.27916,176.64,0.0
2023-11-03 18:00:00-04:00,176.64,176.7,176.62,176.6891,0.0
2023-11-03 19:00:00-04:00,176.68,176.74,176.6,176.655,0.0
2023-11-06 04:00:00-05:00,177.66,177.66,176.66,176.9,0.0
2023-11-06 05:00:00-05:00,176.84,177.05,176.84,176.91,0.0
2023-11-06 06:00:00-05:00,176.91,176.98,176.56,176.61,0.0
2023-11-06 07:00:00-05:00,176.61,176.84,176.35,176.38,0.0
2023-11-06 08:00:00-05:00,176.36,177.25,176.07,176.2,0.0
2023-11-06 09:00:00-05:00,176.21,176.58,176.15,176.31,0.0
2023-11-06 09:30:00-05:00,176.3800048828125,178.86000061035156,176.2100067138672,178.25999450683594,19458592.0
2023-11-06 10:30:00-05:00,178.25999450683594,179.42999267578125,178.2100067138672,179.08999633789062,8179075.0
2023-11-06 11:30:00-05:00,179.08999633789062,179.38999938964844,178.7100067138672,178.889892578125,5026147.0
2023-11-06 12:30:00-05:00,178.88499450683594,179.05999755859375,178.00999450683594,178.3300018310547,4910582.0
2023-11-06 13:30:00-05:00,178.3249969482422,178.76499938964844,178.02000427246094,178.75990295410156,4555749.0
2023-11-06 14:30:00-05:00,178.75,179.32000732421875,178.67999267578125,179.10000610351562,5086313.0
2023-11-06 15:30:00-05:00,179.11000061035156,179.3300018310547,178.6999969482422,179.2899932861328,6666486.0
2023-11-06 16:00:00-05:00,179.3,179.33,178.93,179.085,0.0
2023-11-06 17:00:00-05:00,179.1,179.165,176.65,179.07,0.0
2023-11-06 18:00:00-05:00,179.06,182.7298,176.65,179.0,0.0
2023-11-07 04:00:00-05:00,178.98,178.98,178.52,178.52,0.0
2023-11-07 05:00:00-05:00,178.56,178.73,178.37,178.64,0.0
2023-11-07 06:00:00-05:00,178.64,178.66,178.34,178.37,0.0
2023-11-07 07:00:00-05:00,178.37,178.66,178.2,178.54,0.0
2023-11-07 08:00:00-05:00,178.53,178.95,178.1767,178.71,0.0
2023-11-07 09:00:00-05:00,178.72,178.98,178.6,178.81,0.0
2023-11-07 09:30:00-05:00,179.17999267578125,180.82000732421875,179.00999450683594,180.7100067138672,16268674.0
2023-11-07 10:30:00-05:00,180.69500732421875,181.59500122070312,180.52999877929688,181.4550018310547,8190077.0
2023-11-07 11:30:00-05:00,181.4550018310547,181.63999938964844,180.52000427246094,181.1750030517578,7493420.0
2023-11-07 12:30:00-05:00,181.1750030517578,182.16000366210938,180.93499755859375,182.01499938964844,6208182.0
2023-11-07 13:30:00-05:00,182.01849365234375,182.44000244140625,181.92999267578125,182.3408966064453,5219872.0
2023-11-07 14:30:00-05:00,182.35000610351562,182.42999267578125,181.89999389648438,182.19830322265625,5513486.0
2023-11-07 15:30:00-05:00,182.19500732421875,182.33999633789062,181.5500030517578,181.8800048828125,8142789.0
2023-11-07 16:00:00-05:00,181.89,182.11,176.45,181.86,0.0
2023-11-07 17:00:00-05:00,179.23,181.95,176.869,181.88,0.0
2023-11-07 18:00:00-05:00,181.84,181.94,181.73,181.875,0.0
2023-11-08 04:00:00-05:00,181.93,181.93,181.61,181.67,0.0
2023-11-08 05:00:00-05:00,181.66,181.99,181.63,181.87,0.0
2023-11-08 06:00:00-05:00,181.87,181.97,181.8,181.86,0.0
2023-11-08 07:00:00-05:00,181.89,181.9,181.61,181.76,0.0
2023-11-08 08:00:00-05:00,181.77,182.07,181.39,181.9,0.0
2023-11-08 09:00:00-05:00,181.96,181.9905,181.51,181.86,0.0
2023-11-08 09:30:00-05:00,182.35000610351562,183.4499969482422,182.17999267578125,182.49850463867188,13792847.0
2023-11-08 10:30:00-05:00,182.49000549316406,182.98500061035156,182.0,182.14999389648438,6325309.0
2023-11-08 11:30:00-05:00,182.14999389648438,182.5,181.58999633789062,181.88999938964844,5030995.0
2023-11-08 12:30:00-05:00,181.89999389648438,182.5800018310547,181.74000549316406,182.50999450683594,4014911.0
2023-11-08 13:30:00-05:00,182.50999450683594,182.88999938964844,182.4600067138672,182.77499389648438,3100003.0
2023-11-08 14:30:00-05:00,182.77999877929688,182.85000610351562,182.3699951171875,182.78500366210938,4758437.0
2023-11-08 15:30:00-05:00,182.7899932861328,183.00999450683594,182.62249755859375,182.88999938964844,5331712.0
2023-11-08 16:00:00-05:00,182.905,182.98,182.72,182.76,0.0
2023-11-08 17:00:00-05:00,181.82,182.89,175.75633,182.8,0.0
2023-11-08 18:00:00-05:00,182.79,182.79,182.33,182.6,0.0
2023-11-09 04:00:00-05:00,182.43,182.8,181.51,182.19,0.0
2023-11-09 05:00:00-05:00,182.19,182.3,181.98,182.25,0.0
2023-11-09 06:00:00-05:00,182.24,182.48,182.09,182.15,0.0
2023-11-09 07:00:00-05:00,182.15,182.65,182.11,182.4,0.0
2023-11-09 08:00:00-05:00,182.4,182.86,182.07,182.4,0.0
2023-11-09 09:00:00-05:00,182.49,182.89,182.2,182.56,0.0
2023-11-09 09:30:00-05:00,182.9600067138672,183.5500030517578,182.60000610351562,182.6300048828125,9703743.0
2023-11-09 10:30:00-05:00,182.63499450683594,183.97970581054688,182.47999572753906,183.53500366210938,6858126.0
2023-11-09 11:30:00-05:00,183.5399932861328,184.1199951171875,183.47999572753906,183.57000732421875,5025374.0
2023-11-09 12:30:00-05:00,183.5800018310547,184.01499938964844,182.69000244140625,183.6999969482422,5877391.0
2023-11-09 13:30:00-05:00,183.6999969482422,183.72999572753906,182.33999633789062,182.82000732421875,7012436.0
2023-11-09 14:30:00-05:00,182.82000732421875,182.8300018310547,181.80999755859375,181.86000061035156,5497017.0
2023-11-09 15:30:00-05:00,181.85000610351562,182.47999572753906,181.8300018310547,182.44000244140625,5102309.0
2023-11-09 16:00:00-05:00,182.44,182.64,182.21,182.49,0.0
2023-11-09 17:00:00-05:00,182.47,193.87982,174.463,182.28,0.0
2023-11-09 18:00:00-05:00,182.28,182.57,182.21,182.37,0.0
2023-11-10 04:00:00-05:00,181.76,182.38,181.76,181.89,0.0
2023-11-10 05:00:00-05:00,181.86,182.38,181.78,181.95,0.0
2023-11-10 06:00:00-05:00,181.95,182.28,181.9,182.11,0.0
2023-11-10 07:00:00-05:00,182.09,182.49,181.88,182.44,0.0
2023-11-10 08:00:00-05:00,182.48,183.07,181.67,182.92,0.0
2023-11-10 09:00:00-05:00,182.92,183.49,182.88,183.43,0.0
2023-11-10 09:30:00-05:00,183.71099853515625,184.7899932861328,183.52999877929688,183.7799072265625,13042014.0
2023-11-10 10:30:00-05:00,183.77999877929688,184.94000244140625,183.61500549316406,184.75,6727223.0
2023-11-10 11:30:00-05:00,184.75999450683594,185.0,184.42999267578125,184.94000244140625,4269310.0
2023-11-10 12:30:00-05:00,184.94009399414062,185.50999450683594,184.8800048828125,185.40499877929688,6479424.0
2023-11-10 13:30:00-05:00,185.40499877929688,185.97500610351562,185.39999389648438,185.85000610351562,5159113.0
2023-11-10 14:30:00-05:00,185.85000610351562,186.1300048828125,185.55499267578125,186.1199951171875,6857111.0
2023-11-10 15:30:00-05:00,186.11000061035156,186.56500244140625,185.9550018310547,186.33999633789062,9456815.0
2023-11-10 16:00:00-05:00,186.335,186.51,176.62,186.11,0.0
2023-11-10 17:00:00-05:00,182.17,186.4,177.97708,186.01,0.0
2023-11-10 18:00:00-05:00,186.01,186.1,185.94,186.025,0.0
2023-11-13 04:00:00-05:00,184.66,186.17,184.66,185.53,0.0
2023-11-13 05:00:00-05:00,185.53,185.66,185.47,185.65,0.0
2023-11-13 06:00:00-05:00,185.62,185.77,185.53,185.58,0.0
2023-11-13 07:00:00-05:00,185.58,186.26,185.46,186.13,0.0
2023-11-13 08:00:00-05:00,186.13,186.4,185.03,186.04,0.0
2023-11-13 09:00:00-05:00,186.04,188.1,184.295,185.61,0.0
2023-11-13 09:30:00-05:00,185.82000732421875,186.02999877929688,184.2100067138672,184.76609802246094,11087334.0
2023-11-13 10:30:00-05:00,184.77000427246094,185.13999938964844,184.38999938964844,184.9600067138672,5748681.0
2023-11-13 11:30:00-05:00,184.9600067138672,185.13499450683594,184.5,184.56500244140625,5079289.0
2023-11-13 12:30:00-05:00,184.57000732421875,184.92990112304688,184.38999938964844,184.55999755859375,2665925.0
2023-11-13 13:30:00-05:00,184.57000732421875,185.00999450683594,184.4600067138672,184.99009704589844,2982413.0
2023-11-13 14:30:00-05:00,184.99000549316406,185.0800018310547,184.7299041748047,184.9499969482422,3878074.0
2023-11-13 15:30:00-05:00,184.9600067138672,185.00999450683594,184.61050415039062,184.77000427246094,4422642.0
2023-11-13 16:00:00-05:00,184.77,184.84,182.38,184.74,0.0
2023-11-13 17:00:00-05:00,184.72,196.61433,175.47937,184.775,0.0
2023-11-13 18:00:00-05:00,184.75,184.95,184.7,184.855,0.0
2023-11-14 04:00:00-05:00,184.99,185.47,184.87,185.39,0.0
2023-11-14 05:00:00-05:00,185.35,185.4,185.02,185.27,0.0
2023-11-14 06:00:00-05:00,185.25,185.28,184.92,185.16,0.0
2023-11-14 07:00:00-05:00,185.16,185.24,184.98,185.04,0.0
2023-11-14 08:00:00-05:00,185.04,185.48,184.8,185.3,0.0
2023-11-14 09:00:00-05:00,185.33,188.1,185.05,187.6448,0.0
2023-11-14 09:30:00-05:00,187.33999633789062,187.52000427246094,186.3000030517578,187.4499969482422,16941276.0
2023-11-14 10:30:00-05:00,187.44000244140625,187.47999572753906,186.67999267578125,186.9259033203125,5319775.0
2023-11-14 11:30:00-05:00,186.9250030517578,187.22000122070312,186.41000366210938,187.05499267578125,4868237.0
2023-11-14 12:30:00-05:00,187.05999755859375,187.5,187.00999450683594,187.4600067138672,3663476.0
2023-11-14 13:30:00-05:00,187.4600067138672,187.49000549316406,186.82000732421875,187.4136962890625,4558716.0
2023-11-14 14:30:00-05:00,187.4149932861328,188.11000061035156,187.4149932861328,187.91200256347656,7317327.0
2023-11-14 15:30:00-05:00,187.9199981689453,188.02999877929688,187.2100067138672,187.44000244140625,6872181.0
2023-11-14 16:00:00-05:00,187.44,187.59,187.13,187.19,0.0
2023-11-14 17:00:00-05:00,187.24,193.953,174.51228,187.24,0.0
2023-11-14 18:00:00-05:00,187.24,187.44,187.2,187.33,0.0
2023-11-15 04:00:00-05:00,187.67,187.99,187.4,187.77,0.0
2023-11-15 05:00:00-05:00,187.77,187.88,187.69,187.88,0.0
2023-11-15 06:00:00-05:00,187.88,188.07,187.87,187.97,0.0
2023-11-15 07:00:00-05:00,187.97,188.53,187.93,188.24,0.0
2023-11-15 08:00:00-05:00,188.26,188.5217,187.44,188.36,0.0
2023-11-15 09:00:00-05:00,188.36,188.88,187.115,187.8,0.0
2023-11-15 09:30:00-05:00,187.84500122070312,188.6999969482422,187.8000030517578,188.14999389648438,11861855.0
2023-11-15 10:30:00-05:00,188.16000366210938,189.5,188.11000061035156,189.4149932861328,8051018.0
2023-11-15 11:30:00-05:00,189.4149932861328,189.4499053955078,188.52999877929688,189.1199951171875,5324873.0
2023-11-15 12:30:00-05:00,189.1199951171875,189.1699981689453,188.46499633789062,189.03500366210938,4164889.0
2023-11-15 13:30:00-05:00,189.031005859375,189.0800018310547,188.39999389648438,188.77000427246094,4508244.0
2023-11-15 14:30:00-05:00,188.77000427246094,188.77999877929688,187.9550018310547,188.19500732421875,3069538.0
2023-11-15 15:30:00-05:00,188.1999969482422,188.55999755859375,187.77999877929688,188.08999633789062,5901858.0
2023-11-15 16:00:00-05:00,188.11,188.6,183.31,188.11,0.0
2023-11-15 17:00:00-05:00,188.1,198.10355,180.37361,188.075,0.0
2023-11-15 18:00:00-05:00,188.06,189.64,188.03,189.0,0.0
2023-11-16 04:00:00-05:00,188.77,188.77,188.18,188.46,0.0
2023-11-16 05:00:00-05:00,188.46,188.55,188.17,188.36,0.0
2023-11-16 06:00:00-05:00,188.36,188.41,188.07,188.19,0.0
2023-11-16 07:00:00-05:00,188.19,188.34,187.74,187.79,0.0
2023-11-16 08:00:00-05:00,187.77,188.6238,187.69,188.39,0.0
2023-11-16 09:00:00-05:00,188.32,189.23,187.845,189.13,0.0
2023-11-16 09:30:00-05:00,189.92999267578125,190.9600067138672,189.63999938964844,190.0854034423828,18705132.0
2023-11-16 10:30:00-05:00,190.10000610351562,190.2100067138672,188.80999755859375,189.00999450683594,6893426.0
2023-11-16 11:30:00-05:00,189.00999450683594,189.66000366210938,188.72000122070312,189.64500427246094,4821908.0
2023-11-16 12:30:00-05:00,189.63999938964844,189.97999572753906,188.64999389648438,189.3300018310547,3843638.0
2023-11-16 13:30:00-05:00,189.3249969482422,189.57000732421875,188.97999572753906,189.35499572753906,3451913.0
2023-11-16 14:30:00-05:00,189.35000610351562,189.73500061035156,189.22000122070312,189.4250030517578,4436262.0
2023-11-16 15:30:00-05:00,189.4250030517578,189.8699951171875,189.33999633789062,189.76890563964844,5829780.0
2023-11-16 16:00:00-05:00,189.77,190.17,184.615,190.09,0.0
2023-11-16 17:00:00-05:00,190.1,190.17,183.0,189.99,0.0
2023-11-16 18:00:00-05:00,189.99,190.05,189.72,190.045,0.0
2023-11-17 04:00:00-05:00,190.48,190.48,189.53,190.1,0.0
2023-11-17 05:00:00-05:00,190.1,190.22,190.05,190.21,0.0
2023-11-17 06:00:00-05:00,190.22,190.32,190.05,190.1,0.0
2023-11-17 07:00:00-05:00,190.06,190.19,189.81,190.03,0.0
2023-11-17 08:00:00-05:00,190.06,190.39,189.61,190.28,0.0
2023-11-17 09:00:00-05:00,190.25,190.34,189.71,189.935,0.0
2023-11-17 09:30:00-05:00,190.25,190.3800048828125,188.57000732421875,189.5800018310547,14964688.0
2023-11-17 10:30:00-05:00,189.5850067138672,189.75999450683594,188.8699951171875,189.05149841308594,5463980.0
2023-11-17 11:30:00-05:00,189.05999755859375,189.4600067138672,188.82000732421875,188.9676055908203,3598292.0
2023-11-17 12:30:00-05:00,188.96499633789062,189.61000061035156,188.89999389648438,189.48500061035156,3093549.0
2023-11-17 13:30:00-05:00,189.49000549316406,189.89999389648438,189.35000610351562,189.73500061035156,3674072.0
2023-11-17 14:30:00-05:00,189.73500061035156,190.17999267578125,189.5800018310547,189.88800048828125,4775134.0
2023-11-17 15:30:00-05:00,189.88499450683594,189.9600067138672,189.52000427246094,189.7100067138672,5381674.0
2023-11-17 16:00:00-05:00,189.69,189.99,189.58,189.94,0.0
2023-11-17 17:00:00-05:00,189.89,202.41408,189.69,189.9,0.0
2023-11-17 18:00:00-05:00,189.89,190.0,189.76,189.96,0.0
2023-11-20 04:00:00-05:00,189.7,189.7,188.92,189.58,0.0
2023-11-20 05:00:00-05:00,189.55,189.68,189.5,189.59,0.0
2023-11-20 06:00:00-05:00,189.54,189.88,189.48,189.86,0.0
2023-11-20 07:00:00-05:00,189.84,189.84,189.49,189.5,0.0
2023-11-20 08:00:00-05:00,189.47,190.1,189.11,190.045,0.0
2023-11-20 09:00:00-05:00,189.99,190.3,189.95,190.215,0.0
2023-11-20 09:30:00-05:00,189.88999938964844,191.66900634765625,189.8800048828125,190.71499633789062,10886688.0
2023-11-20 10:30:00-05:00,190.72000122070312,191.3699951171875,190.52999877929688,191.1649932861328,5212746.0
2023-11-20 11:30:00-05:00,191.1699981689453,191.5500030517578,191.08999633789062,191.22999572753906,3453437.0
2023-11-20 12:30:00-05:00,191.25,191.8000030517578,191.0800018310547,191.625,4827400.0
2023-11-20 13:30:00-05:00,191.6199951171875,191.77000427246094,191.3300018310547,191.5198974609375,3173051.0
2023-11-20 14:30:00-05:00,191.50999450683594,191.90499877929688,191.5,191.875,3980122.0
2023-11-20 15:30:00-05:00,191.875,191.875,191.16000366210938,191.49099731445312,5319166.0
2023-11-20 16:00:00-05:00,191.5,191.6614,186.7343,191.4885,0.0
2023-11-20 17:00:00-05:00,191.49,200.06319,178.99,191.47,0.0
2023-11-20 18:00:00-05:00,191.52,191.62,191.46,191.52,0.0
2023-11-21 04:00:00-05:00,191.6,191.6,191.2,191.32,0.0
2023-11-21 05:00:00-05:00,191.31,191.37,191.0,191.17,0.0
2023-11-21 06:00:00-05:00,191.16,191.29,190.9,191.04,0.0
2023-11-21 07:00:00-05:00,191.01,191.39,191.0,191.28,0.0
2023-11-21 08:00:00-05:00,191.27,191.56,190.84,191.02,0.0
2023-11-21 09:00:00-05:00,191.0,191.375,190.57,190.88,0.0
2023-11-21 09:30:00-05:00,191.41000366210938,191.52000427246094,190.27000427246094,190.34750366210938,8992766.0
2023-11-21 10:30:00-05:00,190.35000610351562,190.47000122070312,189.74000549316406,189.94200134277344,5681421.0
2023-11-21 11:30:00-05:00,189.94000244140625,190.32000732421875,189.8300018310547,190.27499389648438,3359800.0
2023-11-21 12:30:00-05:00,190.27699279785156,190.60000610351562,190.0399932861328,190.1199951171875,3112369.0
2023-11-21 13:30:00-05:00,190.1199951171875,190.61500549316406,190.0850067138672,190.3800048828125,2874142.0
2023-11-21 14:30:00-05:00,190.38279724121094,190.7100067138672,190.2899932861328,190.64999389648438,3442863.0
2023-11-21 15:30:00-05:00,190.64500427246094,190.72999572753906,190.2899932861328,190.66000366210938,5535871.0
2023-11-21 16:00:00-05:00,190.65,190.77,190.2151,190.53,0.0
2023-11-21 17:00:00-05:00,190.5115,200.51308,164.186,190.64,0.0
2023-11-21 18:00:00-05:00,190.64,190.655,190.36,190.57,0.0
2023-11-22 04:00:00-05:00,189.7,190.7,189.7,190.46,0.0
2023-11-22 05:00:00-05:00,190.47,190.7,190.4,190.6,0.0
2023-11-22 06:00:00-05:00,190.64,190.98,190.58,190.9,0.0
2023-11-22 07:00:00-05:00,190.93,191.15,190.65,191.06,0.0
2023-11-22 08:00:00-05:00,191.1,191.15,190.04,191.12,0.0
2023-11-22 09:00:00-05:00,191.09,191.44,190.805,191.27,0.0
2023-11-22 09:30:00-05:00,192.36000061035156,192.92999267578125,191.42999267578125,191.93150329589844,11546645.0
2023-11-22 10:30:00-05:00,191.9499969482422,192.3699951171875,191.38999938964844,191.66000366210938,4786188.0
2023-11-22 11:30:00-05:00,191.66000366210938,191.9600067138672,191.47999572753906,191.9149932861328,3340080.0
2023-11-22 12:30:00-05:00,191.9149932861328,192.08999633789062,191.63999938964844,192.0050048828125,3467320.0
2023-11-22 13:30:00-05:00,192.00999450683594,192.03030395507812,191.49000549316406,191.63499450683594,3409564.0
2023-11-22 14:30:00-05:00,191.63999938964844,191.63999938964844,190.8249969482422,191.5124969482422,3992146.0
2023-11-22 15:30:00-05:00,191.52000427246094,191.6999969482422,191.22000122070312,191.3000030517578,3537662.0
2023-11-22 16:00:00-05:00,191.3,191.47,186.7343,191.33,0.0
2023-11-22 17:00:00-05:00,191.32,191.36,182.144,191.31,0.0
2023-11-22 18:00:00-05:00,191.31,191.35,191.21,191.28,0.0
2023-11-24 04:00:00-05:00,191.2,191.26,190.89,191.14,0.0
2023-11-24 05:00:00-05:00,191.11,191.16,191.04,191.07,0.0
2023-11-24 06:00:00-05:00,191.07,191.11,190.78,190.93,0.0
2023-11-24 07:00:00-05:00,190.93,190.93,190.68,190.9,0.0
2023-11-24 08:00:00-05:00,190.87,191.38,190.61,190.71,0.0
2023-11-24 09:00:00-05:00,190.72,190.89,186.7343,190.71,0.0
2023-11-24 09:30:00-05:00,190.8699951171875,190.89999389648438,189.3000030517578,189.4600067138672,7873135.0
2023-11-24 10:30:00-05:00,189.47000122070312,189.6699981689453,189.25,189.61000061035156,4853829.0
2023-11-24 11:30:00-05:00,189.60000610351562,189.7888946533203,189.35000610351562,189.5399932861328,3827135.0
2023-11-24 13:00:00-05:00,189.5399932861328,190.0399932861328,189.51809692382812,189.8997039794922,0.0
2023-11-24 14:00:00-05:00,189.895,198.0243,177.97708,189.95,0.0
2023-11-24 15:00:00-05:00,189.94,190.09,189.92,189.99,0.0
2023-11-24 16:00:00-05:00,189.955,189.99,189.85,189.85,0.0
2023-11-27 04:00:00-05:00,189.32,189.85,189.14,189.33,0.0
2023-11-27 05:00:00-05:00,189.3,189.44,189.22,189.43,0.0
2023-11-27 06:00:00-05:00,189.42,189.56,189.38,189.43,0.0
2023-11-27 07:00:00-05:00,189.43,189.74,189.33,189.57,0.0
2023-11-27 08:00:00-05:00,189.58,190.08,188.9,189.885,0.0
2023-11-27 09:00:00-05:00,189.9,189.97,189.35,189.37,0.0
2023-11-27 09:30:00-05:00,190.25070190429688,190.29989624023438,188.89999389648438,189.05999755859375,8344466.0
2023-11-27 10:30:00-05:00,189.07000732421875,189.5,189.00999450683594,189.4949951171875,3959357.0
2023-11-27 11:30:00-05:00,189.49000549316406,190.50999450683594,189.44000244140625,190.3699951171875,4866435.0
2023-11-27 12:30:00-05:00,190.37899780273438,190.6699981689453,190.25579833984375,190.36500549316406,2958636.0
2023-11-27 13:30:00-05:00,190.36500549316406,190.36500549316406,189.9499969482422,190.07000732421875,2711904.0
2023-11-27 14:30:00-05:00,190.0749969482422,190.0749969482422,189.52000427246094,189.83999633789062,3148374.0
2023-11-27 15:30:00-05:00,189.85000610351562,190.05999755859375,189.60499572753906,189.77000427246094,4637560.0
2023-11-27 16:00:00-05:00,189.77,190.14,189.77,189.93,0.0
2023-11-27 17:00:00-05:00,189.93,202.33441,179.13577,190.065,0.0
2023-11-27 18:00:00-05:00,190.08,190.2,190.05,190.145,0.0
2023-11-28 04:00:00-05:00,189.9,189.9,189.5,189.81,0.0
2023-11-28 05:00:00-05:00,189.81,189.95,189.8,189.86,0.0
2023-11-28 06:00:00-05:00,189.89,190.15,189.86,189.95,0.0
2023-11-28 07:00:00-05:00,189.92,190.1,189.88,189.97,0.0
2023-11-28 08:00:00-05:00,190.0,190.1345,189.41,189.7,0.0
2023-11-28 09:00:00-05:00,189.72,190.295,189.435,189.7848,0.0
2023-11-28 09:30:00-05:00,189.77999877929688,190.27000427246094,189.39999389648438,189.97999572753906,7575785.0
2023-11-28 10:30:00-05:00,189.98129272460938,190.61000061035156,189.94000244140625,190.5850067138672,4971867.0
2023-11-28 11:30:00-05:00,190.5800018310547,191.0800018310547,190.49000549316406,190.52000427246094,3957042.0
2023-11-28 12:30:00-05:00,190.51010131835938,190.52000427246094,189.75999450683594,189.9700927734375,3610946.0
2023-11-28 13:30:00-05:00,189.97500610351562,190.1199951171875,189.66000366210938,189.81399536132812,3305993.0
2023-11-28 14:30:00-05:00,189.80999755859375,190.11000061035156,189.5850067138672,189.8300018310547,3364115.0
2023-11-28 15:30:00-05:00,189.82000732421875,190.39999389648438,189.77999877929688,190.38999938964844,4808968.0
2023-11-28 16:00:00-05:00,190.39,190.45,189.0,189.385,0.0
2023-11-28 17:00:00-05:00,189.385,193.95296,184.12723,189.46,0.0
2023-11-28 18:00:00-05:00,189.465,189.85,189.43,189.742,0.0
2023-11-29 04:00:00-05:00,190.0,190.21,189.75,190.16,0.0
2023-11-29 05:00:00-05:00,190.18,190.39,190.04,190.32,0.0
2023-11-29 06:00:00-05:00,190.32,190.37,190.13,190.21,0.0
2023-11-29 07:00:00-05:00,190.21,190.68,190.15,190.54,0.0
2023-11-29 08:00:00-05:00,190.59,191.03,189.66,190.58,0.0
2023-11-29 09:00:00-05:00,190.77,191.0,189.74,190.58,0.0
2023-11-29 09:30:00-05:00,190.89999389648438,192.08999633789062,190.60000610351562,190.8800048828125,9347732.0
2023-11-29 10:30:00-05:00,190.88999938964844,191.0749969482422,190.0500030517578,190.09739685058594,4753727.0
2023-11-29 11:30:00-05:00,190.10000610351562,190.27499389648438,189.52000427246094,189.89999389648438,4186819.0
2023-11-29 12:30:00-05:00,189.88999938964844,189.92999267578125,189.27999877929688,189.50030517578125,2949200.0
2023-11-29 13:30:00-05:00,189.5050048828125,189.50999450683594,189.17999267578125,189.2635040283203,2911454.0
2023-11-29 14:30:00-05:00,189.26499938964844,189.40499877929688,189.00999450683594,189.01499938964844,3344970.0
2023-11-29 15:30:00-05:00,189.00999450683594,189.44500732421875,188.97000122070312,189.35499572753906,4438836.0
2023-11-29 16:00:00-05:00,189.35,190.98,189.275,189.385,0.0
2023-11-29 17:00:00-05:00,189.385,198.10353,180.3736,189.46,0.0
2023-11-29 18:00:00-05:00,189.46,189.55,189.4,189.48,0.0
2023-11-30 04:00:00-05:00,189.45,189.85,189.07,189.47,0.0
2023-11-30 05:00:00-05:00,189.43,189.53,189.3,189.48,0.0
2023-11-30 06:00:00-05:00,189.48,189.53,189.36,189.43,0.0
2023-11-30 07:00:00-05:00,189.44,189.97,189.38,189.91,0.0
2023-11-30 08:00:00-05:00,189.91,190.16,188.98,190.15,0.0
2023-11-30 09:00:00-05:00,190.15,190.24,189.61,189.89,0.0
2023-11-30 09:30:00-05:00,189.83999633789062,190.32000732421875,188.66000366210938,188.82589721679688,8749839.0
2023-11-30 10:30:00-05:00,188.8300018310547,188.99000549316406,188.33999633789062,188.47999572753906,4576249.0
2023-11-30 11:30:00-05:00,188.47999572753906,188.61000061035156,188.19000244140625,188.35000610351562,3433969.0
2023-11-30 12:30:00-05:00,188.35000610351562,188.75950622558594,188.27000427246094,188.3300018310547,2774969.0
2023-11-30 13:30:00-05:00,188.3350067138672,188.8300018310547,188.2899932861328,188.7899932861328,2750590.0
2023-11-30 14:30:00-05:00,188.78799438476562,189.2100067138672,188.63999938964844,188.77999877929688,3353372.0
2023-11-30 15:30:00-05:00,188.76499938964844,190.1999969482422,188.75999450683594,189.97999572753906,7329917.0
2023-11-30 16:00:00-05:00,189.96,190.29,189.79,189.87,0.0
2023-11-30 17:00:00-05:00,189.88,190.09,187.82942,189.985,0.0
2023-11-30 18:00:00-05:00,189.93,190.24,189.92,190.1,0.0
2023-12-01 04:00:00-05:00,190.3,190.3,189.95,190.14,0.0
2023-12-01 05:00:00-05:00,190.14,190.3,189.84,189.91,0.0
2023-12-01 06:00:00-05:00,189.91,189.99,189.84,189.98,0.0
2023-12-01 07:00:00-05:00,189.98,190.06,189.57,189.74,0.0
2023-12-01 08:00:00-05:00,189.74,190.33,189.54,189.84,0.0
2023-12-01 09:00:00-05:00,189.83,189.95,189.51,189.62,0.0
2023-12-01 09:30:00-05:00,190.3300018310547,190.5,189.22999572753906,190.05999755859375,8588385.0
2023-12-01 10:30:00-05:00,190.05999755859375,190.99000549316406,189.9199981689453,190.83009338378906,5955415.0
2023-12-01 11:30:00-05:00,190.83999633789062,191.4501953125,190.60000610351562,191.44500732421875,5188633.0
2023-12-01 12:30:00-05:00,191.44000244140625,191.55999755859375,191.0399932861328,191.05999755859375,3380700.0
2023-12-01 13:30:00-05:00,191.0500030517578,191.2899932861328,190.82009887695312,191.27870178222656,3259102.0
2023-12-01 14:30:00-05:00,191.27999877929688,191.33999633789062,190.9199981689453,191.1199951171875,3998274.0
2023-12-01 15:30:00-05:00,191.12240600585938,191.3800048828125,190.88160705566406,191.25999450683594,5182498.0
2023-12-01 16:00:00-05:00,191.25,191.34,190.78,191.15,0.0
2023-12-01 17:00:00-05:00,191.14,202.41412,191.06,191.3,0.0
2023-12-01 18:00:00-05:00,191.327,191.33,191.05,191.21,0.0
2023-12-04 04:00:00-05:00,191.1,191.1,190.11,190.26,0.0
2023-12-04 05:00:00-05:00,190.24,190.42,190.23,190.34,0.0
2023-12-04 06:00:00-05:00,190.36,190.41,190.08,190.25,0.0
2023-12-04 07:00:00-05:00,190.25,190.34,189.78,189.97,0.0
2023-12-04 08:00:00-05:00,189.97,191.24,189.8,190.11,0.0
2023-12-04 09:00:00-05:00,190.09,190.12,189.76,189.81,0.0
2023-12-04 09:30:00-05:00,189.8249969482422,190.0,188.08999633789062,188.16000366210938,10608539.0
2023-12-04 10:30:00-05:00,188.16000366210938,188.27999877929688,187.4510955810547,187.97000122070312,6707290.0
2023-12-04 11:30:00-05:00,187.9600067138672,188.57000732421875,187.8350067138672,188.45419311523438,3813425.0
2023-12-04 12:30:00-05:00,188.4600067138672,188.80999755859375,188.4199981689453,188.54989624023438,2820690.0
2023-12-04 13:30:00-05:00,188.5449981689453,188.96499633789062,188.49000549316406,188.85000610351562,2892130.0
2023-12-04 14:30:00-05:00,188.83999633789062,189.1300048828125,188.72000122070312,189.05999755859375,3402787.0
2023-12-04 15:30:00-05:00,189.06500244140625,189.66000366210938,188.97999572753906,189.4499969482422,5548831.0
2023-12-04 16:00:00-05:00,189.43,191.975,189.02,189.16,0.0
2023-12-04 17:00:00-05:00,189.175,189.83,189.12,189.13,0.0
2023-12-04 18:00:00-05:00,189.22,196.0125,176.2884,189.05,0.0
2023-12-05 04:00:00-05:00,188.5,189.54,188.33,188.86,0.0
2023-12-05 05:00:00-05:00,188.88,188.88,187.97,188.58,0.0
2023-12-05 06:00:00-05:00,188.59,188.86,188.39,188.7,0.0
2023-12-05 07:00:00-05:00,188.71,189.32,188.55,189.16,0.0
2023-12-05 08:00:00-05:00,189.13,190.5,188.0119,190.34,0.0
2023-12-05 09:00:00-05:00,190.31,190.49,189.64,189.95,0.0
2023-12-05 09:30:00-05:00,190.2100067138672,194.30999755859375,190.17999267578125,193.58999633789062,22073030.0
2023-12-05 10:30:00-05:00,193.5845947265625,194.39999389648438,193.47000122070312,193.55999755859375,8331133.0
2023-12-05 11:30:00-05:00,193.55999755859375,193.8000030517578,192.6199951171875,193.75999450683594,6074350.0
2023-12-05 12:30:00-05:00,193.77000427246094,193.8300018310547,192.9499969482422,193.13999938964844,4164417.0
2023-12-05 13:30:00-05:00,193.14500427246094,193.30999755859375,192.75,192.99000549316406,5223621.0
2023-12-05 14:30:00-05:00,193.0,193.47000122070312,192.77000427246094,193.1916961669922,4787623.0
2023-12-05 15:30:00-05:00,193.19500732421875,193.5399932861328,192.8699951171875,193.5,6418486.0
2023-12-05 16:00:00-05:00,193.5,193.51,193.31,193.4,0.0
2023-12-05 17:00:00-05:00,193.41,200.51308,188.15,193.235,0.0
2023-12-05 18:00:00-05:00,193.22,193.42,192.89,193.33,0.0
2023-12-06 04:00:00-05:00,193.42,193.94,193.42,193.73,0.0
2023-12-06 05:00:00-05:00,193.7,193.78,193.49,193.68,0.0
2023-12-06 06:00:00-05:00,193.65,193.75,193.4,193.46,0.0
2023-12-06 07:00:00-05:00,193.44,193.55,193.22,193.41,0.0
2023-12-06 08:00:00-05:00,193.41,193.93,193.2,193.68,0.0
2023-12-06 09:00:00-05:00,193.66,194.33,193.66,194.145,0.0
2023-12-06 09:30:00-05:00,194.4499969482422,194.75999450683594,192.2050018310547,192.4199981689453,11260893.0
2023-12-06 10:30:00-05:00,192.4199981689453,193.33999633789062,192.360107421875,193.09500122070312,4374474.0
2023-12-06 11:30:00-05:00,193.10000610351562,193.1300048828125,192.47000122070312,192.8300018310547,3252326.0
2023-12-06 12:30:00-05:00,192.83999633789062,192.97999572753906,192.3699951171875,192.90589904785156,3389634.0
2023-12-06 13:30:00-05:00,192.91000366210938,193.23500061035156,192.74000549316406,192.77999877929688,2713794.0
2023-12-06 14:30:00-05:00,192.77999877929688,193.0500030517578,192.33999633789062,192.42599487304688,3147189.0
2023-12-06 15:30:00-05:00,192.42999267578125,192.55999755859375,192.11000061035156,192.30999755859375,5184527.0
2023-12-06 16:00:00-05:00,192.32,197.11,192.21,192.255,0.0
2023-12-06 17:00:00-05:00,192.27,192.38,182.14407,192.22,0.0
2023-12-06 18:00:00-05:00,192.255,192.32,192.2,192.22,0.0
2023-12-07 04:00:00-05:00,192.1,192.28,191.8,192.14,0.0
2023-12-07 05:00:00-05:00,192.13,192.44,192.12,192.37,0.0
2023-12-07 06:00:00-05:00,192.38,192.4,192.12,192.32,0.0
2023-12-07 07:00:00-05:00,192.38,192.43,192.17,192.38,0.0
2023-12-07 08:00:00-05:00,192.38,192.7,191.8195,192.6452,0.0
2023-12-07 09:00:00-05:00,192.65,194.65,192.5,193.14,0.0
2023-12-07 09:30:00-05:00,193.6300048828125,194.9199981689453,193.58999633789062,194.72500610351562,11958910.0
2023-12-07 10:30:00-05:00,194.72500610351562,194.97999572753906,194.02000427246094,194.3000030517578,5216520.0
2023-12-07 11:30:00-05:00,194.2899932861328,195.0,194.21499633789062,194.94000244140625,4611066.0
2023-12-07 12:30:00-05:00,194.94000244140625,194.97000122070312,194.31309509277344,194.42999267578125,4481336.0
2023-12-07 13:30:00-05:00,194.42999267578125,194.52999877929688,194.1699981689453,194.47000122070312,3233037.0
2023-12-07 14:30:00-05:00,194.47000122070312,194.47500610351562,194.1199951171875,194.1699981689453,3026122.0
2023-12-07 15:30:00-05:00,194.1699981689453,194.35000610351562,194.00999450683594,194.24000549316406,4479168.0
2023-12-07 16:00:00-05:00,194.24,194.29,192.31,193.98,0.0
2023-12-07 17:00:00-05:00,193.98,198.0243,189.9224,194.09,0.0
2023-12-07 18:00:00-05:00,194.115,194.27,194.05,194.095,0.0
2023-12-08 04:00:00-05:00,194.08,194.18,193.88,194.13,0.0
2023-12-08 05:00:00-05:00,194.13,194.3,194.1,194.22,0.0
2023-12-08 06:00:00-05:00,194.2,194.35,194.16,194.23,0.0
2023-12-08 07:00:00-05:00,194.23,194.29,193.77,193.94,0.0
2023-12-08 08:00:00-05:00,193.97,194.5,193.65,193.9,0.0
2023-12-08 09:00:00-05:00,193.98,194.45,193.44,194.09,0.0
2023-12-08 09:30:00-05:00,194.1999969482422,195.0,193.6699981689453,194.64990234375,11185810.0
2023-12-08 10:30:00-05:00,194.64999389648438,195.0,194.17999267578125,194.75999450683594,5158425.0
2023-12-08 11:30:00-05:00,194.75999450683594,195.19000244140625,194.27099609375,195.10000610351562,5398492.0
2023-12-08 12:30:00-05:00,195.09930419921875,195.36000061035156,194.9199981689453,195.24000549316406,4520094.0
2023-12-08 13:30:00-05:00,195.24000549316406,195.72000122070312,195.15499877929688,195.71499633789062,3904469.0
2023-12-08 14:30:00-05:00,195.71499633789062,195.97999572753906,195.41000366210938,195.74000549316406,5640599.0
2023-12-08 15:30:00-05:00,195.73500061035156,195.99000549316406,195.6199951171875,195.72000122070312,5190666.0
2023-12-08 16:00:00-05:00,195.72,195.77,194.1,195.69,0.0
2023-12-08 17:00:00-05:00,195.68,206.34729,166.89,195.73,0.0
2023-12-08 18:00:00-05:00,195.74,195.74,195.65,195.71,0.0
2023-12-11 04:00:00-05:00,195.3,195.3,194.92,194.97,0.0
2023-12-11 05:00:00-05:00,194.97,195.0,194.76,194.77,0.0
2023-12-11 06:00:00-05:00,194.77,194.83,194.4,194.5,0.0
2023-12-11 07:00:00-05:00,194.5,195.5,194.47,195.29,0.0
2023-12-11 08:00:00-05:00,195.29,195.5,194.39,194.85,0.0
2023-12-11 09:00:00-05:00,194.84,195.19,194.75,195.11,0.0
2023-12-11 09:30:00-05:00,193.218994140625,193.41000366210938,192.02000427246094,192.11000061035156,18453650.0
2023-12-11 10:30:00-05:00,192.1199951171875,192.42999267578125,191.4199981689453,191.80999755859375,9504078.0
2023-12-11 11:30:00-05:00,191.80999755859375,192.38999938964844,191.49000549316406,192.10000610351562,4471150.0
2023-12-11 12:30:00-05:00,192.10989379882812,192.58999633789062,192.05999755859375,192.4550018310547,3798928.0
2023-12-11 13:30:00-05:00,192.47000122070312,192.97000122070312,192.47000122070312,192.7917938232422,3897170.0
2023-12-11 14:30:00-05:00,192.7949981689453,193.125,192.75,192.8699951171875,4731090.0
2023-12-11 15:30:00-05:00,192.8699951171875,193.30999755859375,192.8300018310547,193.17999267578125,5215874.0
2023-12-11 16:00:00-05:00,193.19,193.26,192.6971,193.21,0.0
2023-12-11 17:00:00-05:00,193.21,203.89212,185.77151,193.13,0.0
2023-12-11 18:00:00-05:00,193.09,193.2,193.0,193.19,0.0
2023-12-12 04:00:00-05:00,193.34,193.42,193.07,193.26,0.0
2023-12-12 05:00:00-05:00,193.27,193.27,192.55,192.63,0.0
2023-12-12 06:00:00-05:00,192.61,192.89,192.2,192.75,0.0
2023-12-12 07:00:00-05:00,192.75,192.95,192.6,192.85,0.0
2023-12-12 08:00:00-05:00,192.9,193.48,192.4838,193.25,0.0
2023-12-12 09:00:00-05:00,193.0,198.48,192.21,192.65,0.0
2023-12-12 09:30:00-05:00,193.0800018310547,193.38999938964844,191.7209930419922,192.8350067138672,11344243.0
2023-12-12 10:30:00-05:00,192.83999633789062,193.6199951171875,192.7550048828125,193.24000549316406,5934316.0
2023-12-12 11:30:00-05:00,193.25,193.49989318847656,193.07000732421875,193.46580505371094,3481895.0
2023-12-12 12:30:00-05:00,193.47999572753906,193.80999755859375,193.25999450683594,193.66000366210938,4224679.0
2023-12-12 13:30:00-05:00,193.6699981689453,194.3300018310547,193.6300048828125,194.22000122070312,4270270.0
2023-12-12 14:30:00-05:00,194.22000122070312,194.55999755859375,194.14500427246094,194.38499450683594,4304737.0
2023-12-12 15:30:00-05:00,194.3800048828125,194.72000122070312,194.2100067138672,194.6699981689453,5381974.0
2023-12-12 16:00:00-05:00,194.67,194.8,193.18,194.72,0.0
2023-12-12 17:00:00-05:00,194.73,203.1658,184.12721,194.67,0.0
2023-12-12 18:00:00-05:00,194.65,194.79,194.65,194.765,0.0
2023-12-13 04:00:00-05:00,194.65,194.82,194.51,194.73,0.0
2023-12-13 05:00:00-05:00,194.7,194.77,194.39,194.49,0.0
2023-12-13 06:00:00-05:00,194.42,194.66,194.39,194.53,0.0
2023-12-13 07:00:00-05:00,194.59,195.4,194.53,195.05,0.0
2023-12-13 08:00:00-05:00,195.07,195.83,194.3943,195.78,0.0
2023-12-13 09:00:00-05:00,195.78,196.19,186.7343,195.93,0.0
2023-12-13 09:30:00-05:00,195.08999633789062,196.6300048828125,194.85000610351562,196.5200958251953,12404139.0
2023-12-13 10:30:00-05:00,196.52499389648438,196.73809814453125,195.64999389648438,195.9600067138672,6786044.0
2023-12-13 11:30:00-05:00,195.96499633789062,196.27999877929688,195.69500732421875,195.77000427246094,4074995.0
2023-12-13 12:30:00-05:00,195.76629638671875,196.6199951171875,195.47999572753906,196.55499267578125,4814751.0
2023-12-13 13:30:00-05:00,196.55499267578125,197.4499969482422,196.42999267578125,197.29750061035156,9131091.0
2023-12-13 14:30:00-05:00,197.2949981689453,198.0,196.57000732421875,196.97500610351562,10813120.0
2023-12-13 15:30:00-05:00,196.97500610351562,197.88999938964844,196.6699981689453,197.8699951171875,8132395.0
2023-12-13 16:00:00-05:00,197.88,197.98,197.51,197.86,0.0
2023-12-13 17:00:00-05:00,197.865,198.25,187.77512,198.14,0.0
2023-12-13 18:00:00-05:00,198.1,198.17,197.71,197.88,0.0
2023-12-14 04:00:00-05:00,198.39,198.7,197.91,197.96,0.0
2023-12-14 05:00:00-05:00,197.96,198.19,197.8,198.17,0.0
2023-12-14 06:00:00-05:00,198.17,198.28,197.83,197.83,0.0
2023-12-14 07:00:00-05:00,197.83,198.15,197.7,198.02,0.0
2023-12-14 08:00:00-05:00,198.05,199.0,197.7067,198.09,0.0
2023-12-14 09:00:00-05:00,198.09,198.825,196.26,198.125,0.0
2023-12-14 09:30:00-05:00,198.67999267578125,199.6199951171875,198.58999633789062,198.7899932861328,18480165.0
2023-12-14 10:30:00-05:00,198.8000030517578,199.38499450683594,198.14500427246094,198.36000061035156,9432288.0
2023-12-14 11:30:00-05:00,198.35499572753906,198.55999755859375,197.58999633789062,198.39999389648438,5791822.0
2023-12-14 12:30:00-05:00,198.38999938964844,198.55999755859375,196.71499633789062,196.85499572753906,5584658.0
2023-12-14 13:30:00-05:00,196.85000610351562,197.89999389648438,196.16000366210938,197.89500427246094,4865005.0
2023-12-14 14:30:00-05:00,197.89500427246094,198.07989501953125,197.23500061035156,197.91009521484375,5349291.0
2023-12-14 15:30:00-05:00,197.91000366210938,198.16000366210938,197.55999755859375,198.13999938964844,7132229.0
2023-12-14 16:00:00-05:00,198.11,198.7857,197.85,198.0,0.0
2023-12-14 17:00:00-05:00,197.98,198.11,197.81,197.91,0.0
2023-12-14 18:00:00-05:00,197.92,198.08,197.8,197.92,0.0
2023-12-15 04:00:00-05:00,198.1,198.45,198.1,198.27,0.0
2023-12-15 05:00:00-05:00,198.24,198.37,198.22,198.27,0.0
2023-12-15 06:00:00-05:00,198.27,198.29,198.16,198.28,0.0
2023-12-15 07:00:00-05:00,198.28,198.34,198.05,198.1,0.0
2023-12-15 08:00:00-05:00,198.1,198.88,197.4,198.06,0.0
2023-12-15 09:00:00-05:00,198.07,199.365,197.8,198.46,0.0
2023-12-15 09:30:00-05:00,197.75,198.39990234375,197.0800018310547,198.02999877929688,27708449.0
2023-12-15 10:30:00-05:00,198.0399932861328,198.15899658203125,197.35000610351562,197.625,6069219.0
2023-12-15 11:30:00-05:00,197.6300048828125,198.02000427246094,197.53500366210938,197.72999572753906,4016473.0
2023-12-15 12:30:00-05:00,197.74000549316406,197.74000549316406,197.10000610351562,197.375,4909415.0
2023-12-15 13:30:00-05:00,197.3800048828125,197.6649932861328,197.02000427246094,197.27000427246094,4612469.0
2023-12-15 14:30:00-05:00,197.2908935546875,198.08999633789062,197.27999877929688,197.99000549316406,3896083.0
2023-12-15 15:30:00-05:00,197.99400329589844,198.1999969482422,197.0,197.1199951171875,9086193.0
2023-12-15 16:00:00-05:00,197.57,198.01,195.8,196.465,0.0
2023-12-15 17:00:00-05:00,196.48,202.41408,189.255,196.5,0.0
2023-12-15 18:00:00-05:00,196.465,197.57,196.37,196.62,0.0
2023-12-18 04:00:00-05:00,196.6,196.6,195.83,196.05,0.0
2023-12-18 05:00:00-05:00,196.05,196.15,195.5,196.04,0.0
2023-12-18 06:00:00-05:00,196.05,196.2,195.91,196.05,0.0
2023-12-18 07:00:00-05:00,196.05,196.45,196.03,196.35,0.0
2023-12-18 08:00:00-05:00,196.32,196.5786,193.5,196.31,0.0
2023-12-18 09:00:00-05:00,196.38,197.905,195.66,195.93,0.0
2023-12-18 09:30:00-05:00,196.08999633789062,196.6300048828125,194.41000366210938,195.36500549316406,16633548.0
2023-12-18 10:30:00-05:00,195.36000061035156,195.52499389648438,194.6199951171875,194.92999267578125,6011735.0
2023-12-18 11:30:00-05:00,194.92999267578125,195.35000610351562,194.69500732421875,195.25010681152344,4447711.0
2023-12-18 12:30:00-05:00,195.25,196.16329956054688,195.15499877929688,196.14500427246094,3772276.0
2023-12-18 13:30:00-05:00,196.14999389648438,196.47999572753906,195.9949951171875,196.20989990234375,3900936.0
2023-12-18 14:30:00-05:00,196.2100067138672,196.4499969482422,196.10000610351562,196.1999969482422,3915676.0
2023-12-18 15:30:00-05:00,196.2100067138672,196.44000244140625,195.77999877929688,195.8623046875,5129751.0
2023-12-18 16:00:00-05:00,195.89,195.9207,193.42,195.82,0.0
2023-12-18 17:00:00-05:00,195.8,207.0541,189.5065,195.75,0.0
2023-12-18 18:00:00-05:00,195.7499,195.89,195.68,195.84,0.0
2023-12-19 04:00:00-05:00,195.58,196.14,195.32,196.05,0.0
2023-12-19 05:00:00-05:00,196.05,196.08,195.8,195.81,0.0
2023-12-19 06:00:00-05:00,195.81,195.93,195.75,195.93,0.0
2023-12-19 07:00:00-05:00,195.9,196.38,195.87,196.04,0.0
2023-12-19 08:00:00-05:00,196.04,197.02,195.5,196.7507,0.0
2023-12-19 09:00:00-05:00,196.76,196.84,196.3,196.34,0.0
2023-12-19 09:30:00-05:00,196.16000366210938,196.65499877929688,195.88999938964844,196.5399932861328,9236022.0
2023-12-19 10:30:00-05:00,196.5500030517578,196.9499969482422,196.27749633789062,196.60000610351562,4831194.0
2023-12-19 11:30:00-05:00,196.59500122070312,196.74000549316406,195.97000122070312,196.22999572753906,3463432.0
2023-12-19 12:30:00-05:00,196.22999572753906,196.3300018310547,195.97000122070312,196.2449951171875,2379955.0
2023-12-19 13:30:00-05:00,196.25,196.2899932861328,195.99000549316406,196.07000732421875,2263009.0
2023-12-19 14:30:00-05:00,196.0800018310547,196.47000122070312,195.97999572753906,196.4499969482422,2992125.0
2023-12-19 15:30:00-05:00,196.4499969482422,196.9499969482422,196.3249969482422,196.92999267578125,4003318.0
2023-12-19 16:00:00-05:00,196.93,197.0,195.89,196.815,0.0
2023-12-19 17:00:00-05:00,196.815,200.51308,192.1885,196.84,0.0
2023-12-19 18:00:00-05:00,196.83,196.88,196.71,196.78,0.0
2023-12-20 04:00:00-05:00,196.9,196.9,195.69,196.0,0.0
2023-12-20 05:00:00-05:00,195.98,195.99,195.58,195.86,0.0
2023-12-20 06:00:00-05:00,195.8,196.11,195.8,196.06,0.0
2023-12-20 07:00:00-05:00,196.1,196.3,195.86,196.11,0.0
2023-12-20 08:00:00-05:00,196.1,196.94,195.6,196.145,0.0
2023-12-20 09:00:00-05:00,196.15,197.23,195.89,196.12,0.0
2023-12-20 09:30:00-05:00,196.92999267578125,197.67999267578125,196.69000244140625,197.38499450683594,9234134.0
2023-12-20 10:30:00-05:00,197.38499450683594,197.59500122070312,197.13999938964844,197.22999572753906,4183100.0
2023-12-20 11:30:00-05:00,197.22999572753906,197.44000244140625,197.00999450683594,197.35830688476562,3204045.0
2023-12-20 12:30:00-05:00,197.35000610351562,197.45260620117188,197.2230987548828,197.39999389648438,2564829.0
2023-12-20 13:30:00-05:00,197.41000366210938,197.57000732421875,197.11500549316406,197.18499755859375,3246347.0
2023-12-20 14:30:00-05:00,197.19000244140625,197.23500061035156,195.16000366210938,195.1999969482422,8708764.0
2023-12-20 15:30:00-05:00,195.2100067138672,195.75,194.83999633789062,194.83999633789062,7046047.0
2023-12-20 16:00:00-05:00,194.85,195.373,194.76,195.33,0.0
2023-12-20 17:00:00-05:00,195.33,206.9604,182.144,195.35,0.0
2023-12-20 18:00:00-05:00,195.33,195.47,194.83,195.35,0.0
2023-12-21 04:00:00-05:00,195.58,196.14,195.3,196.06,0.0
2023-12-21 05:00:00-05:00,196.06,196.09,195.77,195.86,0.0
2023-12-21 06:00:00-05:00,195.83,196.0,195.71,195.87,0.0
2023-12-21 07:00:00-05:00,195.87,195.99,195.8,195.95,0.0
2023-12-21 08:00:00-05:00,195.94,196.09,195.58,195.7,0.0
2023-12-21 09:00:00-05:00,195.7,196.5,195.5,196.24,0.0
2023-12-21 09:30:00-05:00,196.10000610351562,197.0800018310547,194.82000732421875,195.12969970703125,9854488.0
2023-12-21 10:30:00-05:00,195.1300048828125,195.1999969482422,194.2899932861328,194.86000061035156,5694052.0
2023-12-21 11:30:00-05:00,194.86000061035156,194.97000122070312,193.91000366210938,194.0399932861328,4574715.0
2023-12-21 12:30:00-05:00,194.0500030517578,194.25999450683594,193.5,194.05999755859375,4316193.0
2023-12-21 13:30:00-05:00,194.07000732421875,194.24000549316406,193.77000427246094,194.0,3625960.0
2023-12-21 14:30:00-05:00,193.9949951171875,194.4199981689453,193.75999450683594,194.4051055908203,4415883.0
2023-12-21 15:30:00-05:00,194.41000366210938,194.97999572753906,194.3321075439453,194.67999267578125,5015136.0
2023-12-21 16:00:00-05:00,194.68,196.985,194.0327,194.88,0.0
2023-12-21 17:00:00-05:00,194.84,198.0243,189.9224,194.8,0.0
2023-12-21 18:00:00-05:00,194.79,194.79,194.58,194.62,0.0
2023-12-22 04:00:00-05:00,194.3,194.65,193.84,194.23,0.0
2023-12-22 05:00:00-05:00,194.24,194.44,194.14,194.39,0.0
2023-12-22 06:00:00-05:00,194.39,194.71,194.3,194.66,0.0
2023-12-22 07:00:00-05:00,194.66,194.97,194.56,194.96,0.0
2023-12-22 08:00:00-05:00,194.97,195.12,193.9017,194.98,0.0
2023-12-22 09:00:00-05:00,195.015,196.01,194.63,195.125,0.0
2023-12-22 09:30:00-05:00,195.17999267578125,195.41000366210938,194.4250030517578,194.6649932861328,7689027.0
2023-12-22 10:30:00-05:00,194.6649932861328,194.74119567871094,194.00999450683594,194.1750030517578,4730474.0
2023-12-22 11:30:00-05:00,194.1699981689453,194.35000610351562,193.83999633789062,194.0500030517578,3433322.0
2023-12-22 12:30:00-05:00,194.05999755859375,194.4600067138672,193.9499969482422,194.1300048828125,3020351.0
2023-12-22 13:30:00-05:00,194.125,194.2949981689453,193.0800018310547,193.1195068359375,3592914.0
2023-12-22 14:30:00-05:00,193.11500549316406,193.97999572753906,192.97000122070312,193.97999572753906,4274216.0
2023-12-22 15:30:00-05:00,193.97500610351562,193.99000549316406,193.48500061035156,193.52999877929688,4377805.0
2023-12-22 16:00:00-05:00,193.62,193.76,193.5,193.6,0.0
2023-12-22 17:00:00-05:00,193.59,193.61,181.65688,193.596,0.0
2023-12-22 18:00:00-05:00,193.6,193.65,193.56,193.57,0.0
2023-12-26 04:00:00-05:00,193.7,194.13,193.55,193.92,0.0
2023-12-26 05:00:00-05:00,193.92,194.04,193.76,193.83,0.0
2023-12-26 06:00:00-05:00,193.83,193.91,193.82,193.87,0.0
2023-12-26 07:00:00-05:00,193.87,193.89,193.7,193.72,0.0
2023-12-26 08:00:00-05:00,193.72,194.15,193.116,193.72,0.0
2023-12-26 09:00:00-05:00,193.72,193.73,193.26,193.64,0.0
2023-12-26 09:30:00-05:00,193.61000061035156,193.88999938964844,192.88999938964844,193.07000732421875,6773942.0
2023-12-26 10:30:00-05:00,193.0749969482422,193.44000244140625,192.88999938964844,192.96499633789062,3334201.0
2023-12-26 11:30:00-05:00,192.96499633789062,193.3000030517578,192.9600067138672,193.09500122070312,2510474.0
2023-12-26 12:30:00-05:00,193.09500122070312,193.36000061035156,193.02999877929688,193.13999938964844,2356084.0
2023-12-26 13:30:00-05:00,193.14500427246094,193.16000366210938,192.8300018310547,193.0800018310547,2499981.0
2023-12-26 14:30:00-05:00,193.08999633789062,193.4600067138672,192.9600067138672,193.41209411621094,2934413.0
2023-12-26 15:30:00-05:00,193.4199981689453,193.49000549316406,192.9199981689453,193.0399932861328,3715355.0
2023-12-26 16:00:00-05:00,193.07,193.144,192.85,192.89,0.0
2023-12-26 17:00:00-05:00,192.895,203.89212,184.12723,192.92,0.0
2023-12-26 18:00:00-05:00,192.915,193.02,192.88,192.925,0.0
2023-12-27 04:00:00-05:00,193.25,193.25,192.8,192.81,0.0
2023-12-27 05:00:00-05:00,192.8,192.88,192.7,192.87,0.0
2023-12-27 06:00:00-05:00,192.87,192.89,192.79,192.82,0.0
2023-12-27 07:00:00-05:00,192.81,192.91,192.77,192.91,0.0
2023-12-27 08:00:00-05:00,192.92,193.29,192.7348,193.02,0.0
2023-12-27 09:00:00-05:00,193.03,193.05,192.88,192.935,0.0
2023-12-27 09:30:00-05:00,192.49000549316406,192.89720153808594,191.44500732421875,191.6385040283203,8800358.0
2023-12-27 10:30:00-05:00,191.63499450683594,191.77499389648438,191.08999633789062,191.68040466308594,5823979.0
2023-12-27 11:30:00-05:00,191.67999267578125,192.52999877929688,191.5500030517578,192.47999572753906,5827388.0
2023-12-27 12:30:00-05:00,192.47500610351562,193.14999389648438,192.4600067138672,192.9759979248047,5731943.0
2023-12-27 13:30:00-05:00,192.97900390625,193.5,192.77999877929688,193.14999389648438,4552245.0
2023-12-27 14:30:00-05:00,193.1699981689453,193.24000549316406,192.75999450683594,192.92999267578125,3255762.0
2023-12-27 15:30:00-05:00,192.92999267578125,193.22000122070312,192.72999572753906,193.1699981689453,5694099.0
2023-12-27 16:00:00-05:00,193.19,193.445,193.07,193.12,0.0
2023-12-27 17:00:00-05:00,193.12,205.49077,180.3736,193.135,0.0
2023-12-27 18:00:00-05:00,193.15,193.2,193.06,193.1799,0.0
2023-12-28 04:00:00-05:00,193.52,194.0,193.17,193.78,0.0
2023-12-28 05:00:00-05:00,193.78,193.79,193.53,193.76,0.0
2023-12-28 06:00:00-05:00,193.76,193.88,193.7,193.83,0.0
2023-12-28 07:00:00-05:00,193.84,193.84,193.51,193.69,0.0
2023-12-28 08:00:00-05:00,193.67,193.88,193.45,193.675,0.0
2023-12-28 09:00:00-05:00,193.6712,193.72,192.5,193.54,0.0
2023-12-28 09:30:00-05:00,194.13999938964844,194.66000366210938,193.72999572753906,194.2490997314453,8051158.0
2023-12-28 10:30:00-05:00,194.25,194.47999572753906,193.88999938964844,194.0500030517578,4231835.0
2023-12-28 11:30:00-05:00,194.05499267578125,194.42999267578125,193.99000549316406,194.16000366210938,2553278.0
2023-12-28 12:30:00-05:00,194.1649932861328,194.19000244140625,193.5800018310547,193.6999969482422,3732168.0
2023-12-28 13:30:00-05:00,193.6999969482422,194.07000732421875,193.6699981689453,194.01499938964844,2478139.0
2023-12-28 14:30:00-05:00,194.01499938964844,194.08999633789062,193.5500030517578,193.6750030517578,3023980.0
2023-12-28 15:30:00-05:00,193.6699981689453,193.8596954345703,193.1699981689453,193.5800018310547,5075432.0
2023-12-28 16:00:00-05:00,193.58,193.92,193.25,193.74,0.0
2023-12-28 17:00:00-05:00,193.7,205.45587,193.58,193.68,0.0
2023-12-28 18:00:00-05:00,193.67,193.7,193.58,193.635,0.0
2023-12-29 04:00:00-05:00,193.69,193.87,193.58,193.86,0.0
2023-12-29 05:00:00-05:00,193.87,193.93,193.66,193.7,0.0
2023-12-29 06:00:00-05:00,193.7,193.8,193.64,193.8,0.0
2023-12-29 07:00:00-05:00,193.8,193.86,193.63,193.7,0.0
2023-12-29 08:00:00-05:00,193.7,194.52,193.05,193.73,0.0
2023-12-29 09:00:00-05:00,193.7,193.97,193.63,193.95,0.0
2023-12-29 09:30:00-05:00,193.89999389648438,194.39999389648438,193.22030639648438,193.50999450683594,5115085.0
2023-12-29 10:30:00-05:00,193.50999450683594,193.5500030517578,191.90989685058594,191.9600067138672,4269845.0
2023-12-29 11:30:00-05:00,191.96499633789062,192.47999572753906,191.72500610351562,191.89999389648438,4320986.0
2023-12-29 12:30:00-05:00,191.90499877929688,192.22999572753906,191.77999877929688,191.89999389648438,3916853.0
2023-12-29 13:30:00-05:00,191.90499877929688,192.4499969482422,191.89999389648438,192.1199951171875,2809737.0
2023-12-29 14:30:00-05:00,192.11500549316406,192.72999572753906,192.11000061035156,192.67999267578125,4109754.0
2023-12-29 15:30:00-05:00,192.6750030517578,193.1300048828125,192.02000427246094,192.52000427246094,7753795.0
2023-12-29 16:00:00-05:00,192.54,192.955,192.26,192.39,0.0
2023-12-29 17:00:00-05:00,192.39,202.41412,189.785,192.25,0.0
2023-12-29 18:00:00-05:00,192.25,192.27,192.13,192.1894,0.0
2024-01-02 04:00:00-05:00,191.68,191.75,189.75,190.07,0.0
2024-01-02 05:00:00-05:00,190.07,190.25,189.8,190.06,0.0
2024-01-02 06:00:00-05:00,190.08,190.2,188.87,188.87,0.0
2024-01-02 07:00:00-05:00,188.92,189.65,188.79,189.19,0.0
2024-01-02 08:00:00-05:00,189.18,192.2,187.78,187.99,0.0
2024-01-02 09:00:00-05:00,187.95,193.955,187.9,188.18,0.0
2024-01-02 09:30:00-05:00,187.80099487304688,188.44000244140625,186.00999450683594,186.1898956298828,21173291.0
2024-01-02 10:30:00-05:00,186.17999267578125,186.90499877929688,185.18429565429688,186.80499267578125,9010595.0
2024-01-02 11:30:00-05:00,186.8000030517578,187.35000610351562,186.57000732421875,186.61500549316406,6143754.0
2024-01-02 12:30:00-05:00,186.61500549316406,187.0399932861328,185.25999450683594,185.2949981689453,5381701.0
2024-01-02 13:30:00-05:00,185.2899932861328,185.5399932861328,184.22999572753906,184.4949951171875,7228643.0
2024-01-02 14:30:00-05:00,184.49000549316406,184.67999267578125,183.88499450683594,184.4199981689453,8238940.0
2024-01-02 15:30:00-05:00,184.4199981689453,185.63999938964844,184.4149932861328,185.52499389648438,9447841.0
2024-01-02 16:00:00-05:00,185.51,194.035,185.41,185.44,0.0
2024-01-02 17:00:00-05:00,185.43,196.0125,179.37393,185.54,0.0
2024-01-02 18:00:00-05:00,185.545,185.62,185.2,185.29,0.0
2024-01-03 04:00:00-05:00,184.94,185.2,184.63,184.99,0.0
2024-01-03 05:00:00-05:00,184.93,184.98,184.61,184.67,0.0
2024-01-03 06:00:00-05:00,184.67,184.88,184.66,184.69,0.0
2024-01-03 07:00:00-05:00,184.69,185.0,184.57,184.68,0.0
2024-01-03 08:00:00-05:00,184.7,185.64,184.15,184.635,0.0
2024-01-03 09:00:00-05:00,184.65,187.985,184.09,184.09,0.0
2024-01-03 09:30:00-05:00,184.66799926757812,185.8800048828125,183.6300048828125,183.9586944580078,15935130.0
2024-01-03 10:30:00-05:00,183.9550018310547,184.27000427246094,183.4499969482422,184.1999969482422,7040280.0
2024-01-03 11:30:00-05:00,184.19000244140625,184.3800048828125,183.42999267578125,183.92999267578125,5295920.0
2024-01-03 12:30:00-05:00,183.92709350585938,184.5500030517578,183.85169982910156,184.4730987548828,3968490.0
2024-01-03 13:30:00-05:00,184.47500610351562,184.82000732421875,183.80499267578125,184.74000549316406,4500805.0
2024-01-03 14:30:00-05:00,184.74949645996094,184.94000244140625,184.21009826660156,184.38999938964844,4256338.0
2024-01-03 15:30:00-05:00,184.38999938964844,184.52000427246094,183.75,184.25,5053608.0
2024-01-03 16:00:00-05:00,184.24,184.4581,183.78,184.21,0.0
2024-01-03 17:00:00-05:00,184.21,192.9419,175.75641,184.14,0.0
2024-01-03 18:00:00-05:00,184.15,184.3,184.12,184.2,0.0
2024-01-04 04:00:00-05:00,183.7,183.76,182.67,183.03,0.0
2024-01-04 05:00:00-05:00,183.06,183.19,182.85,183.06,0.0
2024-01-04 06:00:00-05:00,183.07,183.15,182.55,183.13,0.0
2024-01-04 07:00:00-05:00,183.14,183.3,182.65,182.97,0.0
2024-01-04 08:00:00-05:00,182.97,185.0,181.95,182.25,0.0
2024-01-04 09:00:00-05:00,182.24,185.335,181.88,182.46,0.0
2024-01-04 09:30:00-05:00,182.14999389648438,183.0872039794922,181.22760009765625,181.67999267578125,16075231.0
2024-01-04 10:30:00-05:00,181.6699981689453,182.35499572753906,180.8800048828125,182.125,10313237.0
2024-01-04 11:30:00-05:00,182.1269989013672,182.44000244140625,181.32000732421875,182.13999938964844,7509793.0
2024-01-04 12:30:00-05:00,182.1300048828125,182.99000549316406,181.9600067138672,182.9149932861328,4961844.0
2024-01-04 13:30:00-05:00,182.91000366210938,183.07000732421875,182.4199981689453,182.5,4172442.0
2024-01-04 14:30:00-05:00,182.5,182.66000366210938,181.87210083007812,181.94009399414062,6011068.0
2024-01-04 15:30:00-05:00,181.94500732421875,182.4149932861328,181.42999267578125,181.9199981689453,7594098.0
2024-01-04 16:00:00-05:00,181.92,182.1,181.64,181.82,0.0
2024-01-04 17:00:00-05:00,181.82,189.92238,174.463,181.88,0.0
2024-01-04 18:00:00-05:00,181.9,182.1,181.86,181.895,0.0
2024-01-05 04:00:00-05:00,181.24,181.79,181.05,181.16,0.0
2024-01-05 05:00:00-05:00,181.12,181.21,180.44,180.6,0.0
2024-01-05 06:00:00-05:00,180.61,180.78,180.2,180.44,0.0
2024-01-05 07:00:00-05:00,180.44,181.11,180.25,180.82,0.0
2024-01-05 08:00:00-05:00,180.82,186.7343,180.2119,180.7,0.0
2024-01-05 09:00:00-05:00,180.7,182.865,180.18,181.59,0.0
2024-01-05 09:30:00-05:00,181.99000549316406,182.75999450683594,181.52000427246094,182.07000732421875,13194900.0
2024-01-05 10:30:00-05:00,182.06629943847656,182.74000549316406,181.96499633789062,182.0876007080078,5524889.0
2024-01-05 11:30:00-05:00,182.0800018310547,182.22500610351562,181.32000732421875,181.36500549316406,4494198.0
2024-01-05 12:30:00-05:00,181.36000061035156,181.86000061035156,181.2100067138672,181.74000549316406,4262774.0
2024-01-05 13:30:00-05:00,181.7449951171875,182.22999572753906,180.4199981689453,181.1199951171875,9901415.0
2024-01-05 14:30:00-05:00,181.11000061035156,181.38999938964844,180.1699981689453,180.27999877929688,7993182.0
2024-01-05 15:30:00-05:00,180.2799072265625,181.25999450683594,180.23809814453125,181.1699981689453,6775472.0
2024-01-05 16:00:00-05:00,181.18,181.28,180.21,180.86,0.0
2024-01-05 17:00:00-05:00,180.86,181.65692,164.2925,181.05,0.0
2024-01-05 18:00:00-05:00,181.07,181.07,180.8,180.89,0.0
2024-01-08 04:00:00-05:00,180.9,180.9,180.26,180.33,0.0
2024-01-08 05:00:00-05:00,180.3,180.73,179.9,180.6,0.0
2024-01-08 06:00:00-05:00,180.61,181.17,180.2,181.16,0.0
2024-01-08 07:00:00-05:00,181.13,181.91,180.81,181.72,0.0
2024-01-08 08:00:00-05:00,181.68,181.93,179.65,181.73,0.0
2024-01-08 09:00:00-05:00,181.64,182.55,180.86,182.175,0.0
2024-01-08 09:30:00-05:00,182.0850067138672,183.88499450683594,181.5,183.80999755859375,13311025.0
2024-01-08 10:30:00-05:00,183.82000732421875,183.8800048828125,183.2100067138672,183.2449951171875,5198974.0
2024-01-08 11:30:00-05:00,183.2449951171875,184.57000732421875,183.23500061035156,183.99009704589844,5720535.0
2024-01-08 12:30:00-05:00,184.0,184.47000122070312,183.9600067138672,184.11500549316406,4151910.0
2024-01-08 13:30:00-05:00,184.1199951171875,184.875,184.0500030517578,184.83250427246094,3724042.0
2024-01-08 14:30:00-05:00,184.83999633789062,185.4199981689453,184.6999969482422,185.22000122070312,5370765.0
2024-01-08 15:30:00-05:00,185.21499633789062,185.60000610351562,184.91000366210938,185.5500030517578,6759299.0
2024-01-08 16:00:00-05:00,185.55,185.59,185.31,185.47,0.0
2024-01-08 17:00:00-05:00,185.455,196.61417,172.6315,185.24,0.0
2024-01-08 18:00:00-05:00,185.25,185.39,185.15,185.345,0.0
2024-01-09 04:00:00-05:00,185.25,185.34,184.81,184.99,0.0
2024-01-09 05:00:00-05:00,184.99,185.17,184.95,185.07,0.0
2024-01-09 06:00:00-05:00,185.07,185.1,184.8,184.81,0.0
2024-01-09 07:00:00-05:00,184.81,184.9,184.3,184.3,0.0
2024-01-09 08:00:00-05:00,184.31,186.55,184.16,184.37,0.0
2024-01-09 09:00:00-05:00,184.36,184.39,183.7,184.0,0.0
2024-01-09 09:30:00-05:00,183.9199981689453,184.22999572753906,182.72999572753906,183.52499389648438,10523629.0
2024-01-09 10:30:00-05:00,183.52999877929688,184.25999450683594,183.2100067138672,184.22999572753906,4602813.0
2024-01-09 11:30:00-05:00,184.22999572753906,184.8300018310547,184.14999389648438,184.44000244140625,3908469.0
2024-01-09 12:30:00-05:00,184.44000244140625,184.9199981689453,184.38999938964844,184.39999389648438,2818553.0
2024-01-09 13:30:00-05:00,184.39999389648438,184.72999572753906,184.0399932861328,184.31500244140625,3180445.0
2024-01-09 14:30:00-05:00,184.3101043701172,184.89999389648438,184.30020141601562,184.77000427246094,3646429.0
2024-01-09 15:30:00-05:00,184.77999877929688,185.14999389648438,184.41000366210938,185.11000061035156,6123108.0
2024-01-09 16:00:00-05:00,185.11,185.56,185.03,185.21,0.0
2024-01-09 17:00:00-05:00,185.21,193.95296,184.12718,185.23,0.0
2024-01-09 18:00:00-05:00,185.23,185.48,185.15,185.435,0.0
2024-01-10 04:00:00-05:00,184.88,185.33,184.57,185.33,0.0
2024-01-10 05:00:00-05:00,185.33,185.36,185.18,185.3,0.0
2024-01-10 06:00:00-05:00,185.3,185.41,185.1,185.23,0.0
2024-01-10 07:00:00-05:00,185.18,185.27,184.7,185.0,0.0
2024-01-10 08:00:00-05:00,185.03,185.55,184.51,184.57,0.0
2024-01-10 09:00:00-05:00,184.56,184.57,184.25,184.48,0.0
2024-01-10 09:30:00-05:00,184.35000610351562,184.9600067138672,183.9199981689453,184.5500030517578,8558186.0
2024-01-10 10:30:00-05:00,184.5449981689453,185.00999450683594,184.22250366210938,184.50999450683594,5574178.0
2024-01-10 11:30:00-05:00,184.51499938964844,184.5500030517578,184.0500030517578,184.27000427246094,3427864.0
2024-01-10 12:30:00-05:00,184.27000427246094,184.5749969482422,184.0800018310547,184.375,3133102.0
2024-01-10 13:30:00-05:00,184.3800048828125,185.67999267578125,184.35499572753906,185.625,3976057.0
2024-01-10 14:30:00-05:00,185.6300048828125,186.39999389648438,185.6199951171875,185.8249969482422,7533201.0
2024-01-10 15:30:00-05:00,185.8300018310547,186.27000427246094,185.27000427246094,186.13999938964844,5937690.0
2024-01-10 16:00:00-05:00,186.14,186.75,185.02,186.65,0.0
2024-01-10 17:00:00-05:00,186.68,198.10353,180.3736,186.625,0.0
2024-01-10 18:00:00-05:00,186.615,186.66,186.5,186.575,0.0
2024-01-11 04:00:00-05:00,187.8,187.8,186.76,186.94,0.0
2024-01-11 05:00:00-05:00,186.92,187.11,186.84,187.11,0.0
2024-01-11 06:00:00-05:00,187.12,187.46,187.02,187.28,0.0
2024-01-11 07:00:00-05:00,187.23,187.29,187.07,187.13,0.0
2024-01-11 08:00:00-05:00,187.13,187.44,186.74,186.95,0.0
2024-01-11 09:00:00-05:00,186.95,187.14,185.56,186.06,0.0
2024-01-11 09:30:00-05:00,186.5399932861328,187.0500030517578,183.6199951171875,184.3699951171875,13337967.0
2024-01-11 10:30:00-05:00,184.36500549316406,184.8800048828125,183.8350067138672,184.19000244140625,5619114.0
2024-01-11 11:30:00-05:00,184.18499755859375,184.4499969482422,183.8350067138672,184.0500030517578,3849444.0
2024-01-11 12:30:00-05:00,184.0749969482422,184.77720642089844,184.0749969482422,184.65499877929688,4000614.0
2024-01-11 13:30:00-05:00,184.6699981689453,185.5399932861328,184.55999755859375,185.51499938964844,3924789.0
2024-01-11 14:30:00-05:00,185.52000427246094,185.6999969482422,184.7550048828125,185.3699951171875,4502053.0
2024-01-11 15:30:00-05:00,185.3699951171875,185.77000427246094,185.32000732421875,185.5800018310547,5030776.0
2024-01-11 16:00:00-05:00,185.59,185.93,182.815,185.655,0.0
2024-01-11 17:00:00-05:00,185.66,185.7715,172.755,185.72,0.0
2024-01-11 18:00:00-05:00,185.635,185.72,185.3,185.495,0.0
2024-01-12 04:00:00-05:00,185.38,185.82,185.27,185.64,0.0
2024-01-12 05:00:00-05:00,185.66,185.87,185.5,185.54,0.0
2024-01-12 06:00:00-05:00,185.51,185.54,184.86,185.16,0.0
2024-01-12 07:00:00-05:00,185.17,185.18,184.5,185.06,0.0
2024-01-12 08:00:00-05:00,185.04,185.97,184.5952,185.0,0.0
2024-01-12 09:00:00-05:00,185.08,186.735,185.0,185.55,0.0
2024-01-12 09:30:00-05:00,186.05999755859375,186.74000549316406,185.48500061035156,185.7899932861328,8367726.0
2024-01-12 10:30:00-05:00,185.8000030517578,186.05999755859375,185.19000244140625,185.875,4645419.0
2024-01-12 11:30:00-05:00,185.875,185.9250030517578,185.38999938964844,185.6199951171875,3521446.0
2024-01-12 12:30:00-05:00,185.61500549316406,185.83999633789062,185.42999267578125,185.79379272460938,2308362.0
2024-01-12 13:30:00-05:00,185.8000030517578,186.06689453125,185.60000610351562,185.61000061035156,2732716.0
2024-01-12 14:30:00-05:00,185.60330200195312,185.61000061035156,185.22000122070312,185.51499938964844,3823230.0
2024-01-12 15:30:00-05:00,185.52000427246094,185.97999572753906,185.4658966064453,185.9199981689453,4865441.0
2024-01-12 16:00:00-05:00,185.91,185.99,185.45,185.835,0.0
2024-01-12 17:00:00-05:00,185.83,185.92,175.27916,185.8,0.0
2024-01-12 18:00:00-05:00,185.8,185.81,185.65,185.6704,0.0
2024-01-16 04:00:00-05:00,183.53,184.38,182.83,182.87,0.0
2024-01-16 05:00:00-05:00,182.86,183.15,182.71,182.75,0.0
2024-01-16 06:00:00-05:00,182.74,182.75,182.5,182.74,0.0
2024-01-16 07:00:00-05:00,182.75,183.35,182.64,183.35,0.0
2024-01-16 08:00:00-05:00,183.33,185.92,182.65,182.87,0.0
2024-01-16 09:00:00-05:00,182.87,185.92,181.8,182.03,0.0
2024-01-16 09:30:00-05:00,182.5,182.85000610351562,180.9340057373047,182.75999450683594,16725135.0
2024-01-16 10:30:00-05:00,182.77000427246094,184.25999450683594,182.52000427246094,183.9499969482422,11408997.0
2024-01-16 11:30:00-05:00,183.9600067138672,184.16000366210938,182.3800048828125,182.4149932861328,5404103.0
2024-01-16 12:30:00-05:00,182.4199981689453,182.92999267578125,182.2100067138672,182.73500061035156,4292807.0
2024-01-16 13:30:00-05:00,182.75,182.9499053955078,182.13999938964844,182.45860290527344,6561011.0
2024-01-16 14:30:00-05:00,182.4550018310547,183.25999450683594,182.27000427246094,183.1699981689453,4502430.0
2024-01-16 15:30:00-05:00,183.17999267578125,183.6300048828125,183.13499450683594,183.61000061035156,4776796.0
2024-01-16 16:00:00-05:00,183.61,184.655,183.32,183.44,0.0
2024-01-16 17:00:00-05:00,183.43,219.3395,162.5071,183.315,0.0
2024-01-16 18:00:00-05:00,183.315,183.38,183.08,183.2,0.0
2024-01-17 04:00:00-05:00,182.3,182.6,181.46,181.8,0.0
2024-01-17 05:00:00-05:00,181.81,181.99,181.74,181.74,0.0
2024-01-17 06:00:00-05:00,181.75,181.95,181.53,181.87,0.0
2024-01-17 07:00:00-05:00,181.87,182.5,181.83,182.39,0.0
2024-01-17 08:00:00-05:00,182.38,183.63,181.66,181.84,0.0
2024-01-17 09:00:00-05:00,181.84,181.86,181.2,181.55,0.0
2024-01-17 09:30:00-05:00,181.27000427246094,181.83999633789062,180.3000030517578,181.6999969482422,12537805.0
2024-01-17 10:30:00-05:00,181.68499755859375,182.06500244140625,181.3000030517578,181.80499267578125,5778219.0
2024-01-17 11:30:00-05:00,181.80999755859375,182.3300018310547,181.48800659179688,182.1199951171875,4248713.0
2024-01-17 12:30:00-05:00,182.1199951171875,182.53500366210938,181.8300018310547,182.1199951171875,3345645.0
2024-01-17 13:30:00-05:00,182.11500549316406,182.5500030517578,181.3699951171875,182.5355987548828,5569336.0
2024-01-17 14:30:00-05:00,182.5377960205078,182.6800994873047,182.0500946044922,182.20550537109375,4778525.0
2024-01-17 15:30:00-05:00,182.2050018310547,182.92999267578125,182.17999267578125,182.66000366210938,4353739.0
2024-01-17 16:00:00-05:00,182.68,191.31,182.51,182.58,0.0
2024-01-17 17:00:00-05:00,182.56,182.58,175.7564,182.405,0.0
2024-01-17 18:00:00-05:00,182.44,182.5,182.27,182.45,0.0
2024-01-18 04:00:00-05:00,182.43,182.95,182.37,182.45,0.0
2024-01-18 05:00:00-05:00,182.45,182.57,182.1,182.37,0.0
2024-01-18 06:00:00-05:00,182.39,186.07,182.27,185.83,0.0
2024-01-18 07:00:00-05:00,185.79,186.16,185.52,185.83,0.0
2024-01-18 08:00:00-05:00,185.83,187.25,182.02,186.39,0.0
2024-01-18 09:00:00-05:00,186.5,186.99,185.86,186.81,0.0
2024-01-18 09:30:00-05:00,186.08999633789062,187.64999389648438,185.8300018310547,187.45010375976562,19756876.0
2024-01-18 10:30:00-05:00,187.4600067138672,188.9600067138672,187.27000427246094,188.77000427246094,11697457.0
2024-01-18 11:30:00-05:00,188.76499938964844,188.77999877929688,187.67999267578125,187.92999267578125,8302899.0
2024-01-18 12:30:00-05:00,187.92999267578125,187.92999267578125,186.75010681152344,186.9250030517578,5973240.0
2024-01-18 13:30:00-05:00,186.92999267578125,188.9499969482422,186.9199981689453,188.92449951171875,6516026.0
2024-01-18 14:30:00-05:00,188.9250030517578,189.13999938964844,188.7050018310547,188.95989990234375,7066159.0
2024-01-18 15:30:00-05:00,188.9600067138672,188.99000549316406,188.50999450683594,188.72999572753906,6982801.0
2024-01-18 16:00:00-05:00,188.63,196.255,188.2379,188.485,0.0
2024-01-18 17:00:00-05:00,188.48,198.0243,187.71,188.225,0.0
2024-01-18 18:00:00-05:00,188.235,188.63,188.03,188.6,0.0
2024-01-19 04:00:00-05:00,189.25,189.95,188.89,189.7,0.0
2024-01-19 05:00:00-05:00,189.71,189.75,189.0,189.34,0.0
2024-01-19 06:00:00-05:00,189.33,189.99,189.3,189.93,0.0
2024-01-19 07:00:00-05:00,189.92,190.58,189.67,189.8,0.0
2024-01-19 08:00:00-05:00,189.83,190.5,188.63,189.69,0.0
2024-01-19 09:00:00-05:00,189.7,189.92,188.76,188.885,0.0
2024-01-19 09:30:00-05:00,189.3300018310547,189.96499633789062,188.82000732421875,189.94009399414062,16382763.0
2024-01-19 10:30:00-05:00,189.94000244140625,190.16000366210938,189.5800018310547,189.91000366210938,7573154.0
2024-01-19 11:30:00-05:00,189.89999389648438,190.42999267578125,189.33009338378906,190.31500244140625,5987140.0
2024-01-19 12:30:00-05:00,190.32000732421875,190.99000549316406,190.27999877929688,190.93499755859375,7184895.0
2024-01-19 13:30:00-05:00,190.9344940185547,191.9499969482422,190.9250030517578,191.47000122070312,6850175.0
2024-01-19 14:30:00-05:00,191.47999572753906,191.74000549316406,191.1699981689453,191.43499755859375,6438261.0
2024-01-19 15:30:00-05:00,191.43429565429688,191.82000732421875,191.32000732421875,191.5800018310547,5716572.0
2024-01-19 16:00:00-05:00,191.56,198.87,190.75372,191.555,0.0
2024-01-19 17:00:00-05:00,191.555,200.063,181.65688,191.435,0.0
2024-01-19 18:00:00-05:00,191.435,191.56,191.27,191.3,0.0
2024-01-22 04:00:00-05:00,192.3,192.3,191.56,191.85,0.0
2024-01-22 05:00:00-05:00,191.84,192.14,191.81,192.13,0.0
2024-01-22 06:00:00-05:00,192.13,192.15,191.95,191.99,0.0
2024-01-22 07:00:00-05:00,192.0,192.68,191.92,192.66,0.0
2024-01-22 08:00:00-05:00,192.66,192.8,191.62,192.45,0.0
2024-01-22 09:00:00-05:00,192.5,192.5,191.9,191.97,0.0
2024-01-22 09:30:00-05:00,192.42999267578125,194.9499969482422,192.42999267578125,194.75,14810964.0
2024-01-22 10:30:00-05:00,194.77000427246094,195.3300018310547,193.14999389648438,193.77999877929688,10776514.0
2024-01-22 11:30:00-05:00,193.7899932861328,193.85499572753906,193.02999877929688,193.66749572753906,5000034.0
2024-01-22 12:30:00-05:00,193.66319274902344,194.13999938964844,193.50999450683594,193.75729370117188,5093193.0
2024-01-22 13:30:00-05:00,193.75999450683594,194.5,193.7449951171875,194.3800048828125,4701837.0
2024-01-22 14:30:00-05:00,194.38999938964844,194.57000732421875,193.7050018310547,193.9001007080078,4425371.0
2024-01-22 15:30:00-05:00,193.89999389648438,193.9199981689453,193.4600067138672,193.8699951171875,4882197.0
2024-01-22 16:00:00-05:00,193.89,193.89,188.97,193.78,0.0
2024-01-22 17:00:00-05:00,193.77,203.89209,193.7,193.72,0.0
2024-01-22 18:00:00-05:00,193.75,193.97,193.7,193.9,0.0
2024-01-23 04:00:00-05:00,193.9,193.9,193.16,193.31,0.0
2024-01-23 05:00:00-05:00,193.31,193.5,193.01,193.38,0.0
2024-01-23 06:00:00-05:00,193.35,193.48,193.05,193.13,0.0
2024-01-23 07:00:00-05:00,193.11,194.0,193.1,193.75,0.0
2024-01-23 08:00:00-05:00,193.75,194.87,193.0048,194.6,0.0
2024-01-23 09:00:00-05:00,194.5964,196.08,194.01,194.3,0.0
2024-01-23 09:30:00-05:00,195.02000427246094,195.75,193.82989501953125,194.19500732421875,10604009.0
2024-01-23 10:30:00-05:00,194.1999969482422,194.57000732421875,194.0,194.32000732421875,5112775.0
2024-01-23 11:30:00-05:00,194.32000732421875,194.77999877929688,194.20010375976562,194.6649932861328,3643345.0
2024-01-23 12:30:00-05:00,194.6699981689453,195.24000549316406,194.4949951171875,195.05499267578125,3772811.0
2024-01-23 13:30:00-05:00,195.0500030517578,195.14999389648438,194.57000732421875,194.73399353027344,3816695.0
2024-01-23 14:30:00-05:00,194.64500427246094,195.19000244140625,194.57000732421875,194.8350067138672,4587060.0
2024-01-23 15:30:00-05:00,194.8350067138672,195.25,194.65989685058594,195.16000366210938,5178142.0
2024-01-23 16:00:00-05:00,195.155,195.18,194.5412,194.96,0.0
2024-01-23 17:00:00-05:00,194.95,203.16577,184.12718,194.82,0.0
2024-01-23 18:00:00-05:00,194.86,195.1303,194.86,195.08,0.0
2024-01-24 04:00:00-05:00,194.9,195.49,194.78,194.99,0.0
2024-01-24 05:00:00-05:00,194.96,195.03,194.72,194.76,0.0
2024-01-24 06:00:00-05:00,194.8,195.08,194.73,194.97,0.0
2024-01-24 07:00:00-05:00,194.97,195.3,194.9,195.08,0.0
2024-01-24 08:00:00-05:00,195.08,195.58,194.61,195.41,0.0
2024-01-24 09:00:00-05:00,195.44,195.48,195.2,195.395,0.0
2024-01-24 09:30:00-05:00,195.4199981689453,196.3800048828125,194.66000366210938,196.0,11411670.0
2024-01-24 10:30:00-05:00,195.99009704589844,196.33999633789062,195.27000427246094,195.39999389648438,6599536.0
2024-01-24 11:30:00-05:00,195.41000366210938,195.89999389648438,195.34500122070312,195.75,6119557.0
2024-01-24 12:30:00-05:00,195.75270080566406,196.0800018310547,195.21499633789062,195.65499877929688,5360074.0
2024-01-24 13:30:00-05:00,195.66000366210938,195.66009521484375,194.69000244140625,194.80999755859375,4601531.0
2024-01-24 14:30:00-05:00,194.80999755859375,195.21820068359375,194.5500030517578,194.6566925048828,4745911.0
2024-01-24 15:30:00-05:00,194.65989685058594,195.10000610351562,194.33999633789062,194.50999450683594,4950346.0
2024-01-24 16:00:00-05:00,194.51,194.54,193.9,194.21,0.0
2024-01-24 17:00:00-05:00,194.24,198.10353,194.02,194.05,0.0
2024-01-24 18:00:00-05:00,194.07,194.1,193.8,194.01,0.0
2024-01-25 04:00:00-05:00,194.3,194.3,193.4,193.4,0.0
2024-01-25 05:00:00-05:00,193.43,193.79,193.4,193.63,0.0
2024-01-25 06:00:00-05:00,193.63,193.68,193.52,193.61,0.0
2024-01-25 07:00:00-05:00,193.57,194.5,193.55,194.16,0.0
2024-01-25 08:00:00-05:00,194.14,194.5,193.3619,194.08,0.0
2024-01-25 09:00:00-05:00,194.08,195.1,193.8,195.06,0.0
2024-01-25 09:30:00-05:00,195.30499267578125,195.58999633789062,194.6300048828125,195.35499572753906,9104188.0
2024-01-25 10:30:00-05:00,195.36000061035156,195.8699951171875,195.13999938964844,195.83999633789062,6222253.0
2024-01-25 11:30:00-05:00,195.83999633789062,196.2675018310547,195.52999877929688,195.74000549316406,5865883.0
2024-01-25 12:30:00-05:00,195.75,195.9573974609375,194.10000610351562,194.7100067138672,7792813.0
2024-01-25 13:30:00-05:00,194.7050018310547,194.93499755859375,193.75169372558594,193.91110229492188,5786472.0
2024-01-25 14:30:00-05:00,193.9149932861328,194.1300048828125,193.1125030517578,193.85350036621094,5204479.0
2024-01-25 15:30:00-05:00,193.85499572753906,194.30999755859375,193.75999450683594,194.19000244140625,5031642.0
2024-01-25 16:00:00-05:00,194.05,194.55,183.94,194.29,0.0
2024-01-25 17:00:00-05:00,194.2,194.38,193.88,194.04,0.0
2024-01-25 18:00:00-05:00,194.05,194.2,193.73,194.02,0.0
2024-01-26 04:00:00-05:00,193.64,193.69,193.06,193.57,0.0
2024-01-26 05:00:00-05:00,193.58,194.2,193.51,194.14,0.0
2024-01-26 06:00:00-05:00,194.1,194.26,193.79,194.15,0.0
2024-01-26 07:00:00-05:00,194.16,194.52,194.1,194.42,0.0
2024-01-26 08:00:00-05:00,194.42,194.7,192.97,194.62,0.0
2024-01-26 09:00:00-05:00,194.63,194.8599,194.05,194.06,0.0
2024-01-26 09:30:00-05:00,194.27000427246094,194.75999450683594,193.75,194.68499755859375,8196843.0
2024-01-26 10:30:00-05:00,194.69000244140625,194.7449951171875,194.36000061035156,194.38999938964844,3865162.0
2024-01-26 11:30:00-05:00,194.39999389648438,194.47500610351562,193.60000610351562,193.72000122070312,3732100.0
2024-01-26 12:30:00-05:00,193.70010375976562,193.7100067138672,192.27000427246094,192.66000366210938,6154152.0
2024-01-26 13:30:00-05:00,192.66000366210938,192.72999572753906,192.27000427246094,192.47509765625,3375089.0
2024-01-26 14:30:00-05:00,192.47999572753906,192.97500610351562,192.33999633789062,192.4250030517578,3467304.0
2024-01-26 15:30:00-05:00,192.4250030517578,192.58999633789062,191.94000244140625,192.3699951171875,6951830.0
2024-01-26 16:00:00-05:00,192.41,202.41412,191.99,192.27,0.0
2024-01-26 17:00:00-05:00,192.25,192.31,192.12,192.23,0.0
2024-01-26 18:00:00-05:00,192.225,192.29,192.06,192.19,0.0
2024-01-29 04:00:00-05:00,192.2,192.99,192.1,192.22,0.0
2024-01-29 05:00:00-05:00,192.23,192.25,191.92,192.24,0.0
2024-01-29 06:00:00-05:00,192.24,192.36,192.0,192.31,0.0
2024-01-29 07:00:00-05:00,192.32,192.6,192.16,192.45,0.0
2024-01-29 08:00:00-05:00,192.45,192.8,192.0,192.2099,0.0
2024-01-29 09:00:00-05:00,192.2,192.21,191.94,192.13,0.0
2024-01-29 09:30:00-05:00,192.00999450683594,192.17799377441406,189.5800018310547,190.8699951171875,11790966.0
2024-01-29 10:30:00-05:00,190.8699951171875,191.14999389648438,190.40499877929688,190.69000244140625,4793101.0
2024-01-29 11:30:00-05:00,190.68499755859375,191.13890075683594,190.39999389648438,191.02999877929688,4112191.0
2024-01-29 12:30:00-05:00,191.03500366210938,191.2899932861328,190.77999877929688,191.25,2704473.0
2024-01-29 13:30:00-05:00,191.25999450683594,191.6199951171875,191.2100067138672,191.53500366210938,3065266.0
2024-01-29 14:30:00-05:00,191.5355987548828,192.1999969482422,191.27999877929688,191.93499755859375,5766967.0
2024-01-29 15:30:00-05:00,191.93499755859375,192.10499572753906,191.38999938964844,191.77999877929688,5062975.0
2024-01-29 16:00:00-05:00,191.6,192.0,189.50656,191.4,0.0
2024-01-29 17:00:00-05:00,191.39,202.33441,191.37,191.525,0.0
2024-01-29 18:00:00-05:00,191.51,191.54,191.01,191.135,0.0
2024-01-30 04:00:00-05:00,190.96,191.31,190.37,190.39,0.0
2024-01-30 05:00:00-05:00,190.38,190.79,190.32,190.7,0.0
2024-01-30 06:00:00-05:00,190.7,190.74,190.38,190.57,0.0
2024-01-30 07:00:00-05:00,190.61,190.75,190.51,190.71,0.0
2024-01-30 08:00:00-05:00,190.7,191.79,190.25,190.4903,0.0
2024-01-30 09:00:00-05:00,190.5,191.08,189.59,190.59,0.0
2024-01-30 09:30:00-05:00,190.94000244140625,191.8000030517578,189.4600067138672,189.9499969482422,10879513.0
2024-01-30 10:30:00-05:00,189.92999267578125,190.25,187.86500549316406,188.6531982421875,12493978.0
2024-01-30 11:30:00-05:00,188.65499877929688,188.94000244140625,188.22999572753906,188.41000366210938,4796471.0
2024-01-30 12:30:00-05:00,188.39999389648438,188.57000732421875,187.67999267578125,188.56399536132812,4738358.0
2024-01-30 13:30:00-05:00,188.55999755859375,188.639892578125,187.47000122070312,187.84500122070312,4840030.0
2024-01-30 14:30:00-05:00,187.84500122070312,188.27999877929688,187.77000427246094,188.07000732421875,4500321.0
2024-01-30 15:30:00-05:00,188.06500244140625,188.13999938964844,187.8000030517578,187.97999572753906,5122448.0
2024-01-30 16:00:00-05:00,188.04,200.51308,179.374,188.3,0.0
2024-01-30 17:00:00-05:00,188.28,188.42,187.38,187.5,0.0
2024-01-30 18:00:00-05:00,187.5,187.97,187.06,187.805,0.0
2024-01-31 04:00:00-05:00,186.98,187.3,186.3,186.4,0.0
2024-01-31 05:00:00-05:00,186.4,186.91,186.3,186.76,0.0
2024-01-31 06:00:00-05:00,186.77,187.21,186.52,187.16,0.0
2024-01-31 07:00:00-05:00,187.16,187.42,187.09,187.31,0.0
2024-01-31 08:00:00-05:00,187.32,187.9,185.6,187.667,0.0
2024-01-31 09:00:00-05:00,187.63,191.46,187.03,187.06,0.0
2024-01-31 09:30:00-05:00,187.0399932861328,187.09500122070312,184.7899932861328,185.01499938964844,12426052.0
2024-01-31 10:30:00-05:00,185.02000427246094,185.8699951171875,184.89999389648438,185.7198944091797,5060007.0
2024-01-31 11:30:00-05:00,185.72000122070312,186.11000061035156,185.4199981689453,186.08999633789062,3731068.0
2024-01-31 12:30:00-05:00,186.0800018310547,186.44000244140625,185.8332977294922,186.16000366210938,3297036.0
2024-01-31 13:30:00-05:00,186.1699981689453,186.52999877929688,185.25999450683594,185.6699981689453,4331208.0
2024-01-31 14:30:00-05:00,185.6699981689453,186.94000244140625,185.03500366210938,185.52000427246094,6707892.0
2024-01-31 15:30:00-05:00,185.52000427246094,185.5886993408203,184.35000610351562,184.36000061035156,6428646.0
2024-01-31 16:00:00-05:00,184.4,187.8294,175.75638,184.9,0.0
2024-01-31 17:00:00-05:00,184.87,185.29,184.4,185.1,0.0
2024-01-31 18:00:00-05:00,185.12,185.45,184.4,185.38,0.0
2024-02-01 04:00:00-05:00,186.5,186.5,185.49,185.77,0.0
2024-02-01 05:00:00-05:00,185.77,185.8,185.3,185.34,0.0
2024-02-01 06:00:00-05:00,185.34,185.73,185.07,185.18,0.0
2024-02-01 07:00:00-05:00,185.12,185.88,185.06,185.63,0.0
2024-02-01 08:00:00-05:00,185.66,186.09,185.24,185.535,0.0
2024-02-01 09:00:00-05:00,185.55,186.99,185.13,185.51,0.0
2024-02-01 09:30:00-05:00,184.25,186.17999267578125,183.9600067138672,186.10499572753906,12493823.0
2024-02-01 10:30:00-05:00,186.1199951171875,186.30999755859375,185.2899932861328,185.39500427246094,5815982.0
2024-02-01 11:30:00-05:00,185.38999938964844,186.2949981689453,185.36000061035156,185.88999938964844,4622455.0
2024-02-01 12:30:00-05:00,185.88999938964844,186.44000244140625,185.57000732421875,185.72999572753906,4421852.0
2024-02-01 13:30:00-05:00,185.74000549316406,186.15499877929688,185.25999450683594,185.97500610351562,4416220.0
2024-02-01 14:30:00-05:00,185.9799041748047,186.8000030517578,185.881103515625,186.66000366210938,5947190.0
2024-02-01 15:30:00-05:00,186.64999389648438,186.9499969482422,186.36000061035156,186.88999938964844,6843756.0
2024-02-01 16:00:00-05:00,186.89,196.09,174.463,184.71,0.0
2024-02-01 17:00:00-05:00,184.71,185.78,179.1,180.61,0.0
2024-02-01 18:00:00-05:00,180.61,181.37,180.28,180.885,0.0
2024-02-02 04:00:00-05:00,182.99,183.1,182.02,182.28,0.0
2024-02-02 05:00:00-05:00,182.31,182.5,181.72,182.07,0.0
2024-02-02 06:00:00-05:00,182.06,182.2,181.26,181.93,0.0
2024-02-02 07:00:00-05:00,181.87,182.66,181.16,181.86,0.0
2024-02-02 08:00:00-05:00,181.84,186.9,180.6,180.835,0.0
2024-02-02 09:00:00-05:00,180.83,187.26,179.8,180.66,0.0
2024-02-02 09:30:00-05:00,180.4499969482422,184.1699981689453,180.0500030517578,183.31500244140625,35096943.0
2024-02-02 10:30:00-05:00,183.3300018310547,187.3300018310547,183.16000366210938,187.0,15943080.0
2024-02-02 11:30:00-05:00,187.00999450683594,187.10000610351562,185.8300018310547,187.02090454101562,8987019.0
2024-02-02 12:30:00-05:00,187.02999877929688,187.1199951171875,184.85400390625,186.03500366210938,8500269.0
2024-02-02 13:30:00-05:00,186.0399932861328,186.24000549316406,185.58999633789062,186.0800018310547,5735681.0
2024-02-02 14:30:00-05:00,186.08999633789062,187.07000732421875,186.0800018310547,186.72999572753906,7311261.0
2024-02-02 15:30:00-05:00,186.73500061035156,186.88999938964844,185.8300018310547,185.83999633789062,7701037.0
2024-02-02 16:00:00-05:00,185.84,185.88,185.2,185.29,0.0
2024-02-02 17:00:00-05:00,185.33,185.85,173.41891,185.37,0.0
2024-02-02 18:00:00-05:00,185.37,185.5,185.21,185.25,0.0
2024-02-05 04:00:00-05:00,185.21,186.5,185.21,186.07,0.0
2024-02-05 05:00:00-05:00,186.05,186.14,185.22,185.63,0.0
2024-02-05 06:00:00-05:00,185.62,186.59,185.62,186.3,0.0
2024-02-05 07:00:00-05:00,186.3,187.4,185.78,186.96,0.0
2024-02-05 08:00:00-05:00,186.87,187.58,184.63,186.85,0.0
2024-02-05 09:00:00-05:00,186.86,193.58,179.37,187.75,0.0
2024-02-05 09:30:00-05:00,187.125,188.36000061035156,185.83999633789062,186.6999969482422,21074171.0
2024-02-05 10:30:00-05:00,186.6699981689453,187.75999450683594,186.11000061035156,187.25,7579937.0
2024-02-05 11:30:00-05:00,187.25,188.49000549316406,187.2301025390625,188.42999267578125,6730072.0
2024-02-05 12:30:00-05:00,188.42999267578125,189.25,188.4199981689453,188.54010009765625,7252942.0
2024-02-05 13:30:00-05:00,188.54010009765625,189.02000427246094,188.38499450683594,188.46499633789062,4527382.0
2024-02-05 14:30:00-05:00,188.48699951171875,188.83999633789062,188.02999877929688,188.35000610351562,6093208.0
2024-02-05 15:30:00-05:00,188.33999633789062,188.4199981689453,187.63999938964844,187.6699981689453,5767234.0
2024-02-05 16:00:00-05:00,187.67,196.61433,175.47937,187.75,0.0
2024-02-05 17:00:00-05:00,187.72,187.78,176.2884,187.68,0.0
2024-02-05 18:00:00-05:00,187.67,187.89,187.6,187.615,0.0
2024-02-06 04:00:00-05:00,188.4,188.4,187.85,187.9,0.0
2024-02-06 05:00:00-05:00,187.91,187.99,187.79,187.8,0.0
2024-02-06 06:00:00-05:00,187.84,188.3,187.64,188.06,0.0
2024-02-06 07:00:00-05:00,188.06,188.09,187.44,187.53,0.0
2024-02-06 08:00:00-05:00,187.53,188.4,187.27,187.7493,0.0
2024-02-06 09:00:00-05:00,187.7493,188.33,186.06,187.605,0.0
2024-02-06 09:30:00-05:00,186.86000061035156,188.6300048828125,186.76950073242188,187.92999267578125,11081527.0
2024-02-06 10:30:00-05:00,187.91000366210938,188.86000061035156,187.27000427246094,188.81500244140625,6268747.0
2024-02-06 11:30:00-05:00,188.82000732421875,189.13999938964844,188.41000366210938,188.83999633789062,4757028.0
2024-02-06 12:30:00-05:00,188.83999633789062,189.0,188.42999267578125,188.88999938964844,3663298.0
2024-02-06 13:30:00-05:00,188.89500427246094,188.94000244140625,188.36109924316406,188.44850158691406,2989009.0
2024-02-06 14:30:00-05:00,188.4499969482422,188.6383056640625,188.22999572753906,188.35499572753906,3103015.0
2024-02-06 15:30:00-05:00,188.36000061035156,189.30999755859375,188.1699981689453,189.2899932861328,4836714.0
2024-02-06 16:00:00-05:00,189.17,189.39,189.08,189.18,0.0
2024-02-06 17:00:00-05:00,189.17,193.95305,182.7298,189.26,0.0
2024-02-06 18:00:00-05:00,189.265,189.87,189.24,189.705,0.0
2024-02-07 04:00:00-05:00,189.94,189.94,189.15,189.64,0.0
2024-02-07 05:00:00-05:00,189.65,189.83,189.56,189.66,0.0
2024-02-07 06:00:00-05:00,189.62,189.67,189.22,189.45,0.0
2024-02-07 07:00:00-05:00,189.52,189.82,189.49,189.69,0.0
2024-02-07 08:00:00-05:00,189.7,190.39,189.26,190.2,0.0
2024-02-07 09:00:00-05:00,190.21,191.0,187.315,190.55,0.0
2024-02-07 09:30:00-05:00,190.63999938964844,191.0500030517578,188.61000061035156,190.37100219726562,13070939.0
2024-02-07 10:30:00-05:00,190.3800048828125,190.39999389648438,188.80599975585938,189.0749969482422,6941625.0
2024-02-07 11:30:00-05:00,189.0749969482422,189.27000427246094,188.80999755859375,188.9949951171875,4142050.0
2024-02-07 12:30:00-05:00,189.0,189.1750030517578,188.64999389648438,189.1199951171875,4225096.0
2024-02-07 13:30:00-05:00,189.1300048828125,189.2949981689453,188.86000061035156,188.97340393066406,3634993.0
2024-02-07 14:30:00-05:00,188.97999572753906,189.41000366210938,188.88999938964844,189.1750030517578,4428203.0
2024-02-07 15:30:00-05:00,189.1750030517578,189.4199981689453,188.93499755859375,189.41000366210938,5356489.0
2024-02-07 16:00:00-05:00,189.41,198.10355,176.2647,189.38,0.0
2024-02-07 17:00:00-05:00,189.38,189.81,189.22,189.31,0.0
2024-02-07 18:00:00-05:00,189.305,189.41,189.19,189.34,0.0
2024-02-08 04:00:00-05:00,189.43,189.79,189.37,189.42,0.0
2024-02-08 05:00:00-05:00,189.43,189.6,189.38,189.6,0.0
2024-02-08 06:00:00-05:00,189.6,189.64,189.47,189.49,0.0
2024-02-08 07:00:00-05:00,189.49,189.53,189.02,189.28,0.0
2024-02-08 08:00:00-05:00,189.28,189.74,189.01,189.1,0.0
2024-02-08 09:00:00-05:00,189.125,189.41,189.05,189.35,0.0
2024-02-08 09:30:00-05:00,189.38499450683594,189.53500366210938,187.77000427246094,187.79640197753906,9404735.0
2024-02-08 10:30:00-05:00,187.8000030517578,188.22000122070312,187.35000610351562,188.0050048828125,5999088.0
2024-02-08 11:30:00-05:00,187.99070739746094,188.7198944091797,187.93499755859375,188.6999969482422,3704042.0
2024-02-08 12:30:00-05:00,188.70899963378906,188.75,188.0,188.22999572753906,3684608.0
2024-02-08 13:30:00-05:00,188.22999572753906,188.35000610351562,187.99000549316406,188.02000427246094,2950677.0
2024-02-08 14:30:00-05:00,188.01499938964844,188.44500732421875,187.99000549316406,188.33999633789062,3130920.0
2024-02-08 15:30:00-05:00,188.35499572753906,188.4199981689453,188.07000732421875,188.33999633789062,4392367.0
2024-02-08 16:00:00-05:00,188.25,190.525,181.2432,188.15,0.0
2024-02-08 17:00:00-05:00,188.175,188.32,175.89467,188.15,0.0
2024-02-08 18:00:00-05:00,188.15,188.29,188.06,188.2,0.0
2024-02-09 04:00:00-05:00,188.32,188.69,188.16,188.34,0.0
2024-02-09 05:00:00-05:00,188.33,188.45,188.29,188.42,0.0
2024-02-09 06:00:00-05:00,188.39,188.6,188.36,188.42,0.0
2024-02-09 07:00:00-05:00,188.45,188.69,188.42,188.57,0.0
2024-02-09 08:00:00-05:00,188.57,188.93,188.1,188.75,0.0
2024-02-09 09:00:00-05:00,188.75,189.39,188.025,188.765,0.0
2024-02-09 09:30:00-05:00,188.64999389648438,188.92999267578125,188.0,188.49000549316406,7269191.0
2024-02-09 10:30:00-05:00,188.49000549316406,189.86000061035156,188.39999389648438,189.58580017089844,7262095.0
2024-02-09 11:30:00-05:00,189.58839416503906,189.99000549316406,189.10009765625,189.33999633789062,5933174.0
2024-02-09 12:30:00-05:00,189.3350067138672,189.67999267578125,189.14999389648438,189.4700927734375,3946336.0
2024-02-09 13:30:00-05:00,189.47999572753906,189.52999877929688,188.6999969482422,188.85000610351562,3957939.0
2024-02-09 14:30:00-05:00,188.8406982421875,189.02999877929688,188.56500244140625,188.80999755859375,3908875.0
2024-02-09 15:30:00-05:00,188.80999755859375,188.91000366210938,188.57000732421875,188.82000732421875,4247081.0
2024-02-09 16:00:00-05:00,188.82,196.94,188.5,188.62,0.0
2024-02-09 17:00:00-05:00,188.62,188.85,188.52,188.675,0.0
2024-02-09 18:00:00-05:00,188.65,188.74,188.55,188.61,0.0
2024-02-12 04:00:00-05:00,188.62,189.9,188.62,189.19,0.0
2024-02-12 05:00:00-05:00,189.18,189.24,188.79,188.98,0.0
2024-02-12 06:00:00-05:00,188.98,189.4,188.89,189.3,0.0
2024-02-12 07:00:00-05:00,189.3,189.37,188.06,188.59,0.0
2024-02-12 08:00:00-05:00,188.59,189.9245,188.08,188.685,0.0
2024-02-12 09:00:00-05:00,188.71,194.3,188.15,188.58,0.0
2024-02-12 09:30:00-05:00,188.4149932861328,188.6699981689453,187.44000244140625,187.46859741210938,9188512.0
2024-02-12 10:30:00-05:00,187.47000122070312,188.05999755859375,187.38009643554688,187.99000549316406,5040878.0
2024-02-12 11:30:00-05:00,187.99000549316406,188.17999267578125,187.6999969482422,187.86500549316406,3034871.0
2024-02-12 12:30:00-05:00,187.8603057861328,188.3699951171875,187.86019897460938,187.97500610351562,3095209.0
2024-02-12 13:30:00-05:00,187.97500610351562,188.1096954345703,187.41000366210938,187.4499969482422,3735143.0
2024-02-12 14:30:00-05:00,187.44500732421875,187.5,186.7899932861328,187.11000061035156,3698293.0
2024-02-12 15:30:00-05:00,187.10890197753906,187.4499969482422,186.8800048828125,187.17999267578125,4927400.0
2024-02-12 16:00:00-05:00,187.19,197.57,185.77147,187.0,0.0
2024-02-12 17:00:00-05:00,187.0,199.81134,186.71,186.83,0.0
2024-02-12 18:00:00-05:00,186.86,186.99,186.6,186.91,0.0
2024-02-13 04:00:00-05:00,186.62,186.9,185.9,186.33,0.0
2024-02-13 05:00:00-05:00,186.34,186.35,185.75,185.84,0.0
2024-02-13 06:00:00-05:00,185.88,186.06,185.76,186.0,0.0
2024-02-13 07:00:00-05:00,186.04,186.09,185.7,186.05,0.0
2024-02-13 08:00:00-05:00,186.04,187.49,185.56,186.43,0.0
2024-02-13 09:00:00-05:00,186.47,187.93,182.75,185.4,0.0
2024-02-13 09:30:00-05:00,185.77000427246094,186.2100067138672,184.17999267578125,185.47079467773438,13054284.0
2024-02-13 10:30:00-05:00,185.4799041748047,186.11990356445312,185.36000061035156,185.61000061035156,5752805.0
2024-02-13 11:30:00-05:00,185.59500122070312,185.73939514160156,185.25160217285156,185.47500610351562,3585593.0
2024-02-13 12:30:00-05:00,185.47999572753906,185.77000427246094,185.11000061035156,185.2949981689453,3022354.0
2024-02-13 13:30:00-05:00,185.2899932861328,185.3800048828125,184.19000244140625,184.28500366210938,4531260.0
2024-02-13 14:30:00-05:00,184.27999877929688,184.59500122070312,183.51280212402344,183.7299041748047,5652730.0
2024-02-13 15:30:00-05:00,183.72500610351562,185.1999969482422,183.69000244140625,185.02999877929688,7155981.0
2024-02-13 16:00:00-05:00,185.04,195.6985,176.4888,185.32,0.0
2024-02-13 17:00:00-05:00,185.31,185.36,185.04,185.35,0.0
2024-02-13 18:00:00-05:00,185.34,185.36,185.0,185.22,0.0
2024-02-14 04:00:00-05:00,185.43,185.65,185.42,185.63,0.0
2024-02-14 05:00:00-05:00,185.61,185.65,185.33,185.37,0.0
2024-02-14 06:00:00-05:00,185.43,185.66,185.3,185.38,0.0
2024-02-14 07:00:00-05:00,185.38,185.92,185.3,185.75,0.0
2024-02-14 08:00:00-05:00,185.75,185.94,185.04,185.41,0.0
2024-02-14 09:00:00-05:00,185.44,185.49,185.04,185.244,0.0
2024-02-14 09:30:00-05:00,185.32000732421875,185.52999877929688,183.4199981689453,183.8000030517578,10773002.0
2024-02-14 10:30:00-05:00,183.80499267578125,183.9600067138672,182.80349731445312,183.49000549316406,7267868.0
2024-02-14 11:30:00-05:00,183.49000549316406,183.60000610351562,182.50999450683594,182.8000030517578,5070640.0
2024-02-14 12:30:00-05:00,182.8000030517578,182.92739868164062,182.44000244140625,182.57000732421875,4266603.0
2024-02-14 13:30:00-05:00,182.5800018310547,183.19000244140625,182.49000549316406,183.14999389648438,4242351.0
2024-02-14 14:30:00-05:00,183.16000366210938,183.55999755859375,182.80999755859375,183.52499389648438,4560865.0
2024-02-14 15:30:00-05:00,183.52999877929688,184.27000427246094,183.42449951171875,184.02000427246094,6170787.0
2024-02-14 16:00:00-05:00,184.04,191.56,172.44714,182.64,0.0
2024-02-14 17:00:00-05:00,182.64,184.15,182.42,183.35,0.0
2024-02-14 18:00:00-05:00,183.31,183.4,183.12,183.13,0.0
2024-02-15 04:00:00-05:00,182.21,183.19,182.21,182.72,0.0
2024-02-15 05:00:00-05:00,182.74,183.0,182.31,182.45,0.0
2024-02-15 06:00:00-05:00,182.48,183.02,182.3,182.73,0.0
2024-02-15 07:00:00-05:00,182.73,183.0,182.31,182.97,0.0
2024-02-15 08:00:00-05:00,182.97,183.66,182.31,183.35,0.0
2024-02-15 09:00:00-05:00,183.33,183.8,182.8,183.11,0.0
2024-02-15 09:30:00-05:00,183.5500030517578,184.0894012451172,181.35000610351562,181.8800048828125,15865879.0
2024-02-15 10:30:00-05:00,181.89999389648438,182.1199951171875,181.44000244140625,181.99000549316406,7072846.0
2024-02-15 11:30:00-05:00,182.0,182.24989318847656,181.55999755859375,182.02499389648438,4268275.0
2024-02-15 12:30:00-05:00,182.02999877929688,182.19500732421875,181.6649932861328,182.0500030517578,4337741.0
2024-02-15 13:30:00-05:00,182.0458984375,182.4600067138672,181.86000061035156,181.97889709472656,5128374.0
2024-02-15 14:30:00-05:00,181.97000122070312,182.64999389648438,181.74000549316406,182.38009643554688,5376205.0
2024-02-15 15:30:00-05:00,182.38690185546875,184.49000549316406,182.2100067138672,183.9499969482422,11866107.0
2024-02-15 16:00:00-05:00,183.94,198.0243,174.463,185.19,0.0
2024-02-15 17:00:00-05:00,185.2,185.38,183.86,184.32,0.0
2024-02-15 18:00:00-05:00,184.34,184.72,184.22,184.58,0.0
2024-02-16 04:00:00-05:00,183.97,184.9,183.97,184.74,0.0
2024-02-16 05:00:00-05:00,184.73,185.2,184.69,185.14,0.0
2024-02-16 06:00:00-05:00,185.15,185.48,184.56,184.57,0.0
2024-02-16 07:00:00-05:00,184.6,184.7,184.0,184.29,0.0
2024-02-16 08:00:00-05:00,184.29,185.4645,182.8219,183.47,0.0
2024-02-16 09:00:00-05:00,183.4867,185.105,181.78,183.19,0.0
2024-02-16 09:30:00-05:00,183.75,184.85000610351562,181.86000061035156,182.5449981689453,14074668.0
2024-02-16 10:30:00-05:00,182.5500030517578,183.44729614257812,182.4199981689453,183.14999389648438,5935048.0
2024-02-16 11:30:00-05:00,183.15499877929688,183.2899932861328,182.72000122070312,182.94009399414062,3563098.0
2024-02-16 12:30:00-05:00,182.9499969482422,183.00999450683594,182.47999572753906,182.64999389648438,3133873.0
2024-02-16 13:30:00-05:00,182.65699768066406,183.17999267578125,182.48500061035156,183.14300537109375,3501742.0
2024-02-16 14:30:00-05:00,183.1488037109375,183.19749450683594,182.02999877929688,182.25599670410156,4414931.0
2024-02-16 15:30:00-05:00,182.25999450683594,182.30999755859375,181.6649932861328,182.2899932861328,5087964.0
2024-02-16 16:00:00-05:00,182.31,182.31,173.41891,182.13,0.0
2024-02-16 17:00:00-05:00,182.14,182.31,175.11685,182.08,0.0
2024-02-16 18:00:00-05:00,182.11,182.18,182.0315,182.05,0.0
2024-02-20 04:00:00-05:00,180.7,181.9,180.7,181.51,0.0
2024-02-20 05:00:00-05:00,181.45,181.61,181.12,181.28,0.0
2024-02-20 06:00:00-05:00,181.28,181.51,181.23,181.49,0.0
2024-02-20 07:00:00-05:00,181.5,182.05,181.47,181.84,0.0
2024-02-20 08:00:00-05:00,181.83,182.0,181.12,181.76,0.0
2024-02-20 09:00:00-05:00,181.75,184.195,181.7,182.4,0.0
2024-02-20 09:30:00-05:00,182.0,182.42999267578125,180.2449951171875,180.4600067138672,11558221.0
2024-02-20 10:30:00-05:00,180.4600067138672,181.1649932861328,180.0,181.125,6406312.0
2024-02-20 11:30:00-05:00,181.1300048828125,181.3699951171875,180.60000610351562,180.7449951171875,5338226.0
2024-02-20 12:30:00-05:00,180.7449951171875,180.9499969482422,180.44000244140625,180.50999450683594,3708310.0
2024-02-20 13:30:00-05:00,180.5050048828125,180.83999633789062,180.39999389648438,180.69000244140625,3193463.0
2024-02-20 14:30:00-05:00,180.69000244140625,181.4600067138672,180.47000122070312,181.38270568847656,3858975.0
2024-02-20 15:30:00-05:00,181.38999938964844,181.66000366210938,180.86000061035156,181.61000061035156,6301252.0
2024-02-20 16:00:00-05:00,181.61,194.446,170.6142,181.695,0.0
2024-02-20 17:00:00-05:00,179.1358,193.95296,171.27527,181.55,0.0
2024-02-20 18:00:00-05:00,181.58,181.88,181.55,181.7,0.0
2024-02-21 04:00:00-05:00,181.9,181.9,180.8,181.06,0.0
2024-02-21 05:00:00-05:00,181.06,181.6,180.96,181.5,0.0
2024-02-21 06:00:00-05:00,181.52,181.8,181.5,181.57,0.0
2024-02-21 07:00:00-05:00,181.57,181.97,181.37,181.89,0.0
2024-02-21 08:00:00-05:00,181.88,181.97,180.88,181.575,0.0
2024-02-21 09:00:00-05:00,181.62,181.85,181.36,181.75,0.0
2024-02-21 09:30:00-05:00,181.60000610351562,182.8887939453125,181.55499267578125,182.55999755859375,9104336.0
2024-02-21 10:30:00-05:00,182.55999755859375,182.64999389648438,182.07000732421875,182.15499877929688,4359759.0
2024-02-21 11:30:00-05:00,182.14999389648438,182.3300018310547,181.36000061035156,181.38999938964844,3729837.0
2024-02-21 12:30:00-05:00,181.38999938964844,181.72500610351562,181.05999755859375,181.4199981689453,3311637.0
2024-02-21 13:30:00-05:00,181.42999267578125,181.52000427246094,180.66000366210938,180.9499969482422,3555971.0
2024-02-21 14:30:00-05:00,180.9499969482422,181.30499267578125,180.76499938964844,181.2050018310547,3885929.0
2024-02-21 15:30:00-05:00,181.2100067138672,182.38999938964844,181.2050018310547,182.3300018310547,4689099.0
2024-02-21 16:00:00-05:00,182.33,182.75,176.26471,182.59,0.0
2024-02-21 17:00:00-05:00,182.59,188.505,180.9,182.35,0.0
2024-02-21 18:00:00-05:00,182.36,182.79,182.02,182.47,0.0
2024-02-22 04:00:00-05:00,183.8,184.09,183.35,183.42,0.0
2024-02-22 05:00:00-05:00,183.44,183.77,183.02,183.17,0.0
2024-02-22 06:00:00-05:00,183.17,183.75,183.12,183.6,0.0
2024-02-22 07:00:00-05:00,183.6,183.7,183.17,183.32,0.0
2024-02-22 08:00:00-05:00,183.31,184.11,182.87,183.08,0.0
2024-02-22 09:00:00-05:00,183.09,183.5,180.145,183.33,0.0
2024-02-22 09:30:00-05:00,183.83999633789062,184.0399932861328,182.5240020751953,183.05499267578125,11857133.0
2024-02-22 10:30:00-05:00,183.05999755859375,183.2967987060547,182.4600067138672,183.03500366210938,4961137.0
2024-02-22 11:30:00-05:00,183.0399932861328,183.25999450683594,182.74000549316406,183.05999755859375,3670959.0
2024-02-22 12:30:00-05:00,183.07000732421875,184.11000061035156,183.0,184.0399932861328,4935398.0
2024-02-22 13:30:00-05:00,184.0500030517578,184.9499969482422,183.94000244140625,184.94000244140625,4540628.0
2024-02-22 14:30:00-05:00,184.94000244140625,184.9550018310547,184.38999938964844,184.55999755859375,5171492.0
2024-02-22 15:30:00-05:00,184.56739807128906,184.6199951171875,184.17999267578125,184.3699951171875,7964831.0
2024-02-22 16:00:00-05:00,184.37,184.5108,172.48242,184.2,0.0
2024-02-22 17:00:00-05:00,184.215,184.37,183.91,184.0,0.0
2024-02-22 18:00:00-05:00,184.0,184.31,183.93,184.22,0.0
2024-02-23 04:00:00-05:00,184.22,184.22,183.4,183.43,0.0
2024-02-23 05:00:00-05:00,183.45,183.8,183.45,183.66,0.0
2024-02-23 06:00:00-05:00,183.66,184.0,183.65,183.99,0.0
2024-02-23 07:00:00-05:00,183.96,184.11,183.74,184.04,0.0
2024-02-23 08:00:00-05:00,184.01,184.33,183.4355,184.3,0.0
2024-02-23 09:00:00-05:00,184.29,184.57,182.68,184.46,0.0
2024-02-23 09:30:00-05:00,185.00999450683594,185.0399932861328,183.2949981689453,183.3000030517578,8567439.0
2024-02-23 10:30:00-05:00,183.2949981689453,183.55599975585938,182.63999938964844,183.0590057373047,5717230.0
2024-02-23 11:30:00-05:00,183.05499267578125,183.11500549316406,182.39010620117188,182.55999755859375,4001601.0
2024-02-23 12:30:00-05:00,182.55499267578125,182.9600067138672,182.30999755859375,182.9550018310547,6905673.0
2024-02-23 13:30:00-05:00,182.9550018310547,182.97000122070312,182.4302978515625,182.47000122070312,2955884.0
2024-02-23 14:30:00-05:00,182.47999572753906,182.69500732421875,182.44000244140625,182.5850067138672,4028588.0
2024-02-23 15:30:00-05:00,182.58999633789062,182.82000732421875,182.22999572753906,182.50999450683594,5352894.0
2024-02-23 16:00:00-05:00,182.52,182.9,182.35,182.57,0.0
2024-02-23 17:00:00-05:00,182.55,182.57,172.81949,182.35,0.0
2024-02-23 18:00:00-05:00,182.39,182.4,182.31,182.33,0.0
2024-02-26 04:00:00-05:00,183.04,183.04,181.91,182.11,0.0
2024-02-26 05:00:00-05:00,182.13,182.29,182.08,182.16,0.0
2024-02-26 06:00:00-05:00,182.15,182.28,182.07,182.15,0.0
2024-02-26 07:00:00-05:00,182.14,182.18,181.79,182.07,0.0
2024-02-26 08:00:00-05:00,182.07,182.52,181.76,182.33,0.0
2024-02-26 09:00:00-05:00,182.37,184.895,182.18,182.35,0.0
2024-02-26 09:30:00-05:00,182.39999389648438,182.75999450683594,181.14840698242188,181.60220336914062,8939120.0
2024-02-26 10:30:00-05:00,181.61000061035156,181.85000610351562,180.74000549316406,180.94000244140625,5659166.0
2024-02-26 11:30:00-05:00,180.94000244140625,181.25999450683594,180.8350067138672,180.97000122070312,3653300.0
2024-02-26 12:30:00-05:00,180.9730987548828,181.3300018310547,180.64999389648438,180.98500061035156,3721259.0
2024-02-26 13:30:00-05:00,180.99000549316406,181.72999572753906,180.85000610351562,181.71200561523438,3813825.0
2024-02-26 14:30:00-05:00,181.7100067138672,181.77999877929688,181.25999450683594,181.3800048828125,3361670.0
2024-02-26 15:30:00-05:00,181.3800048828125,181.47000122070312,181.0749969482422,181.13999938964844,4001708.0
2024-02-26 16:00:00-05:00,181.14,189.50656,171.51584,181.09,0.0
2024-02-26 17:00:00-05:00,181.07,181.16,181.05,181.08,0.0
2024-02-26 18:00:00-05:00,181.05,181.16,181.01,181.09,0.0
2024-02-27 04:00:00-05:00,181.16,181.16,180.6,181.14,0.0
2024-02-27 05:00:00-05:00,181.14,181.16,180.94,181.01,0.0
2024-02-27 06:00:00-05:00,181.01,181.03,180.75,180.89,0.0
2024-02-27 07:00:00-05:00,180.89,181.03,180.79,181.0,0.0
2024-02-27 08:00:00-05:00,181.02,181.25,180.7972,180.94,0.0
2024-02-27 09:00:00-05:00,180.95,181.16,180.85,180.98,0.0
2024-02-27 09:30:00-05:00,181.25,181.6699981689453,180.3000030517578,181.1699981689453,8245225.0
2024-02-27 10:30:00-05:00,181.16009521484375,181.27000427246094,180.75999450683594,180.86279296875,3681857.0
2024-02-27 11:30:00-05:00,180.86000061035156,181.01010131835938,180.5500030517578,180.69000244140625,2764462.0
2024-02-27 12:30:00-05:00,180.68499755859375,180.7899932861328,180.04010009765625,180.06539916992188,3614103.0
2024-02-27 13:30:00-05:00,180.07000732421875,182.60000610351562,179.55999755859375,182.60000610351562,10154303.0
2024-02-27 14:30:00-05:00,182.597900390625,183.92250061035156,182.17999267578125,182.60499572753906,12441282.0
2024-02-27 15:30:00-05:00,182.60000610351562,182.75,182.27999877929688,182.6300048828125,6563443.0
2024-02-27 16:00:00-05:00,182.6,195.69847,176.48889,182.91,0.0
2024-02-27 17:00:00-05:00,182.89,183.14,182.63,183.065,0.0
2024-02-27 18:00:00-05:00,183.06,183.19,182.8,182.86,0.0
2024-02-28 04:00:00-05:00,183.3,183.3,182.4,182.67,0.0
2024-02-28 05:00:00-05:00,182.66,182.74,181.88,182.74,0.0
2024-02-28 06:00:00-05:00,182.7,182.85,182.06,182.8,0.0
2024-02-28 07:00:00-05:00,182.8,182.92,182.23,182.35,0.0
2024-02-28 08:00:00-05:00,182.33,183.5,181.856,182.25,0.0
2024-02-28 09:00:00-05:00,182.29,183.665,180.085,182.52,0.0
2024-02-28 09:30:00-05:00,182.50999450683594,183.1199951171875,181.11000061035156,181.16000366210938,11442944.0
2024-02-28 10:30:00-05:00,181.16000366210938,181.76499938964844,180.9600067138672,181.60150146484375,5720266.0
2024-02-28 11:30:00-05:00,181.6199951171875,181.6699981689453,180.60000610351562,180.7010040283203,6240997.0
2024-02-28 12:30:00-05:00,180.70469665527344,180.70469665527344,180.1300048828125,180.60220336914062,5735191.0
2024-02-28 13:30:00-05:00,180.61000061035156,180.92999267578125,180.5301055908203,180.61990356445312,3681788.0
2024-02-28 14:30:00-05:00,180.60499572753906,180.86000061035156,180.35000610351562,180.8350067138672,4490821.0
2024-02-28 15:30:00-05:00,180.8350067138672,181.47000122070312,180.8350067138672,181.4199981689453,5579634.0
2024-02-28 16:00:00-05:00,181.43,182.144,168.63667,181.18,0.0
2024-02-28 17:00:00-05:00,181.2,181.42,180.91,181.15,0.0
2024-02-28 18:00:00-05:00,181.1202,181.2,181.02,181.115,0.0
2024-02-29 04:00:00-05:00,181.3,181.3,180.53,180.74,0.0
2024-02-29 05:00:00-05:00,180.75,181.12,180.29,180.55,0.0
2024-02-29 06:00:00-05:00,180.52,181.21,180.36,180.73,0.0
2024-02-29 07:00:00-05:00,180.75,181.0,180.6,180.65,0.0
2024-02-29 08:00:00-05:00,180.65,181.49,180.3536,180.57,0.0
2024-02-29 09:00:00-05:00,180.57,181.87,180.57,181.37,0.0
2024-02-29 09:30:00-05:00,182.0,182.36000061035156,181.2899932861328,181.6199951171875,12685419.0
2024-02-29 10:30:00-05:00,181.62530517578125,181.7100067138672,180.4199981689453,180.42999267578125,7277897.0
2024-02-29 11:30:00-05:00,180.4250030517578,180.42999267578125,179.52999877929688,179.82000732421875,8149732.0
2024-02-29 12:30:00-05:00,179.82000732421875,180.8000030517578,179.64999389648438,180.3800048828125,7795890.0
2024-02-29 13:30:00-05:00,180.3800048828125,180.49000549316406,179.67999267578125,180.11000061035156,6547702.0
2024-02-29 14:30:00-05:00,180.1199951171875,180.6999969482422,179.86000061035156,180.5850067138672,6246756.0
2024-02-29 15:30:00-05:00,180.5850067138672,181.11000061035156,179.57000732421875,180.77000427246094,13220925.0
2024-02-29 16:00:00-05:00,180.73,189.92244,168.51895,180.89,0.0
2024-02-29 17:00:00-05:00,180.84,180.92,180.5,180.6,0.0
2024-02-29 18:00:00-05:00,180.6,180.67,180.2,180.295,0.0
2024-03-01 04:00:00-05:00,180.6,181.32,180.6,180.7,0.0
2024-03-01 05:00:00-05:00,180.7,180.88,178.65,179.02,0.0
2024-03-01 06:00:00-05:00,179.08,179.44,178.71,178.93,0.0
2024-03-01 07:00:00-05:00,178.93,179.93,178.92,179.85,0.0
2024-03-01 08:00:00-05:00,179.85,181.31,178.7228,179.79,0.0
2024-03-01 09:00:00-05:00,179.79,179.84,179.51,179.58,0.0
2024-03-01 09:30:00-05:00,180.10000610351562,180.43310546875,178.29600524902344,178.30850219726562,11740393.0
2024-03-01 10:30:00-05:00,178.30999755859375,178.47000122070312,177.6699981689453,178.22999572753906,18570130.0
2024-03-01 11:30:00-05:00,178.25,178.25,177.3800048828125,178.0399932861328,8174326.0
2024-03-01 12:30:00-05:00,178.04220581054688,178.8000030517578,177.9499969482422,178.70010375976562,6896281.0
2024-03-01 13:30:00-05:00,178.7050018310547,180.22000122070312,178.55999755859375,180.1999969482422,7669052.0
2024-03-01 14:30:00-05:00,180.1999969482422,180.2050018310547,179.5500030517578,179.67999267578125,6521136.0
2024-03-01 15:30:00-05:00,179.67999267578125,179.8000030517578,179.4149932861328,179.63999938964844,5971790.0
2024-03-01 16:00:00-05:00,179.63,184.4,171.57254,179.04,0.0
2024-03-01 17:00:00-05:00,179.05,179.66,179.03,179.06,0.0
2024-03-01 18:00:00-05:00,179.05,179.15,179.01,179.04,0.0
2024-03-04 04:00:00-05:00,179.93,179.93,178.48,178.5,0.0
2024-03-04 05:00:00-05:00,178.49,178.74,178.43,178.43,0.0
2024-03-04 06:00:00-05:00,178.45,178.67,178.17,178.26,0.0
2024-03-04 07:00:00-05:00,178.27,178.54,177.83,177.93,0.0
2024-03-04 08:00:00-05:00,177.95,179.63,176.63,176.77,0.0
2024-03-04 09:00:00-05:00,176.75,179.66,176.66,177.25,0.0
2024-03-04 09:30:00-05:00,175.8000030517578,176.8300018310547,173.92999267578125,174.1699981689453,24053178.0
2024-03-04 10:30:00-05:00,174.19000244140625,175.02000427246094,173.89999389648438,174.81500244140625,0.0
2024-03-04 11:30:00-05:00,174.82000732421875,175.0050048828125,174.00999450683594,174.6269989013672,5211390.0
2024-03-04 12:30:00-05:00,174.6300048828125,174.67999267578125,173.79010009765625,173.90499877929688,4979309.0
2024-03-04 13:30:00-05:00,173.89999389648438,174.5050048828125,173.7949981689453,174.35000610351562,4710827.0
2024-03-04 14:30:00-05:00,174.35629272460938,175.64500427246094,174.35499572753906,175.44000244140625,5373792.0
2024-03-04 15:30:00-05:00,175.44500732421875,175.5,174.9499969482422,175.08999633789062,28556373.0
2024-03-04 16:00:00-05:00,175.09,181.705,174.6698,174.98,0.0
2024-03-04 17:00:00-05:00,174.98,181.7415,174.91,174.95,0.0
2024-03-04 18:00:00-05:00,174.95,179.13577,170.61423,174.64,0.0
2024-03-05 04:00:00-05:00,172.97,174.21,172.15,172.45,0.0
2024-03-05 05:00:00-05:00,172.43,172.55,172.26,172.45,0.0
2024-03-05 06:00:00-05:00,172.43,172.54,172.3,172.41,0.0
2024-03-05 07:00:00-05:00,172.41,172.48,171.41,171.7,0.0
2024-03-05 08:00:00-05:00,171.7,175.1,170.78,171.05,0.0
2024-03-05 09:00:00-05:00,171.085,175.1,170.86,171.25,0.0
2024-03-05 09:30:00-05:00,171.0,171.97000122070312,169.89999389648438,169.91000366210938,28565817.0
2024-03-05 10:30:00-05:00,169.9199981689453,170.82000732421875,169.6199951171875,170.61000061035156,11409729.0
2024-03-05 11:30:00-05:00,170.07000732421875,170.89500427246094,169.86000061035156,170.78500366210938,0.0
2024-03-05 12:30:00-05:00,170.78500366210938,170.82870483398438,170.14999389648438,170.47000122070312,4315788.0
2024-03-05 13:30:00-05:00,170.4600067138672,170.4720001220703,169.94000244140625,170.04400634765625,5130323.0
2024-03-05 14:30:00-05:00,170.04989624023438,170.24830627441406,169.7899932861328,169.97999572753906,5324135.0
2024-03-05 15:30:00-05:00,169.99000549316406,170.1999969482422,169.8300018310547,170.1699981689453,32406499.0
2024-03-05 16:00:00-05:00,170.12,176.595,162.22314,170.33,0.0
2024-03-05 17:00:00-05:00,170.325,170.49,170.1,170.25,0.0
2024-03-05 18:00:00-05:00,170.17,170.25,169.81,169.92,0.0
2024-03-06 04:00:00-05:00,171.2,172.0,169.61,170.96,0.0
2024-03-06 05:00:00-05:00,170.95,171.4,170.88,171.29,0.0
2024-03-06 06:00:00-05:00,171.26,171.3,170.88,171.27,0.0
2024-03-06 07:00:00-05:00,171.28,171.28,170.37,170.49,0.0
2024-03-06 08:00:00-05:00,170.51,171.3895,169.88,171.025,0.0
2024-03-06 09:00:00-05:00,171.0,171.77,170.15,171.475,0.0
2024-03-06 09:30:00-05:00,170.42999267578125,171.07000732421875,168.92999267578125,169.5800018310547,20056778.0
2024-03-06 10:30:00-05:00,169.58999633789062,170.0500030517578,169.27000427246094,169.77999877929688,0.0
2024-03-06 11:30:00-05:00,169.77499389648438,170.3000030517578,169.3350067138672,170.17990112304688,5004145.0
2024-03-06 12:30:00-05:00,170.1750030517578,170.35000610351562,169.91000366210938,169.9915008544922,3526171.0
2024-03-06 13:30:00-05:00,169.9949951171875,170.0449981689453,168.67999267578125,169.10000610351562,4963027.0
2024-03-06 14:30:00-05:00,169.11000061035156,169.24000549316406,168.6999969482422,169.0,4147280.0
2024-03-06 15:30:00-05:00,169.00999450683594,169.39500427246094,168.8699951171875,169.1199951171875,21763131.0
2024-03-06 16:00:00-05:00,169.12,180.47144,163.66174,168.88,0.0
2024-03-06 17:00:00-05:00,168.89,169.12,168.87,169.05,0.0
2024-03-06 18:00:00-05:00,169.05,169.12,168.8,168.82,0.0
2024-03-07 04:00:00-05:00,168.0,168.8,167.71,168.49,0.0
2024-03-07 05:00:00-05:00,168.5,169.0,168.17,168.98,0.0
2024-03-07 06:00:00-05:00,168.99,169.1,168.67,168.84,0.0
2024-03-07 07:00:00-05:00,168.85,169.93,168.75,169.74,0.0
2024-03-07 08:00:00-05:00,169.75,169.94,167.35,169.83,0.0
2024-03-07 09:00:00-05:00,169.83,170.0,169.12,169.84,0.0
2024-03-07 09:30:00-05:00,169.14999389648438,169.77999877929688,168.49000549316406,168.97000122070312,15511305.0
2024-03-07 10:30:00-05:00,168.97999572753906,169.52999877929688,168.61000061035156,169.27999877929688,8462490.0
2024-03-07 11:30:00-05:00,169.2899932861328,169.60000610351562,168.9199981689453,169.16000366210938,6669342.0
2024-03-07 12:30:00-05:00,169.1699981689453,169.64999389648438,168.99000549316406,169.625,5894598.0
2024-03-07 13:30:00-05:00,169.6300048828125,170.72999572753906,169.5500030517578,170.10000610351562,9957544.0
2024-03-07 14:30:00-05:00,170.08999633789062,170.44000244140625,169.60049438476562,169.610107421875,6424710.0
2024-03-07 15:30:00-05:00,169.61500549316406,169.66000366210938,168.89999389648438,168.97999572753906,7405147.0
2024-03-07 16:00:00-05:00,168.985,176.86899,168.5,168.79,0.0
2024-03-07 17:00:00-05:00,168.79,169.0,168.65,168.805,0.0
2024-03-07 18:00:00-05:00,168.805,169.0,168.53,168.73,0.0
2024-03-08 04:00:00-05:00,169.9,169.9,169.12,169.4,0.0
2024-03-08 05:00:00-05:00,169.39,169.6,169.37,169.54,0.0
2024-03-08 06:00:00-05:00,169.56,170.29,169.54,169.92,0.0
2024-03-08 07:00:00-05:00,169.92,169.92,169.29,169.38,0.0
2024-03-08 08:00:00-05:00,169.4,170.3193,169.0,169.83,0.0
2024-03-08 09:00:00-05:00,169.8,170.48,168.875,169.85,0.0
2024-03-08 09:30:00-05:00,169.0,171.8489990234375,168.94000244140625,171.77999877929688,16160343.0
2024-03-08 10:30:00-05:00,171.77999877929688,172.0500030517578,171.02000427246094,171.6199951171875,9142498.0
2024-03-08 11:30:00-05:00,171.6199951171875,172.77000427246094,170.92999267578125,172.71499633789062,10400918.0
2024-03-08 12:30:00-05:00,172.72000122070312,172.7899932861328,171.7100067138672,172.22999572753906,6861688.0
2024-03-08 13:30:00-05:00,172.23500061035156,173.5,172.08999633789062,173.47000122070312,7762851.0
2024-03-08 14:30:00-05:00,173.47000122070312,173.6999969482422,171.34500122070312,171.39999389648438,8844545.0
2024-03-08 15:30:00-05:00,171.41000366210938,171.73280334472656,170.72000122070312,170.74000549316406,8836925.0
2024-03-08 16:00:00-05:00,170.73,202.41408,158.804,171.09,0.0
2024-03-08 17:00:00-05:00,171.09,171.17,170.72,170.99,0.0
2024-03-08 18:00:00-05:00,170.945,170.99,170.62,170.67,0.0
2024-03-11 04:00:00-04:00,172.41,172.41,170.89,171.66,0.0
2024-03-11 05:00:00-04:00,171.65,171.65,170.6,171.5,0.0
2024-03-11 06:00:00-04:00,171.51,171.57,170.94,171.14,0.0
2024-03-11 07:00:00-04:00,171.15,171.75,170.98,171.67,0.0
2024-03-11 08:00:00-04:00,171.65,172.0,170.3955,171.4585,0.0
2024-03-11 09:00:00-04:00,171.39,172.515,169.555,171.93,0.0
2024-03-11 09:30:00-04:00,173.25,174.25,172.8300018310547,173.35000610351562,17506196.0
2024-03-11 10:30:00-04:00,173.34890747070312,173.63999938964844,172.2899932861328,172.673095703125,7509998.0
2024-03-11 11:30:00-04:00,172.67799377441406,173.32960510253906,172.5399932861328,172.82000732421875,5417242.0
2024-03-11 12:30:00-04:00,172.8249969482422,172.97999572753906,172.0500030517578,172.38999938964844,3959687.0
2024-03-11 13:30:00-04:00,172.38499450683594,173.4199981689453,172.22000122070312,172.625,5585359.0
2024-03-11 14:30:00-04:00,172.6300048828125,172.94000244140625,172.43499755859375,172.6999969482422,4048971.0
2024-03-11 15:30:00-04:00,172.7100067138672,173.0699005126953,172.4499969482422,172.7899932861328,5939837.0
2024-03-11 16:00:00-04:00,172.75,173.08,168.2132,172.93,0.0
2024-03-11 17:00:00-04:00,172.94,173.08,162.5071,173.0,0.0
2024-03-11 18:00:00-04:00,173.01,173.45,172.95,173.28,0.0
2024-03-11 19:00:00-04:00,173.275,173.36,173.18,173.3,0.0
2024-03-12 04:00:00-04:00,174.06,174.06,173.4,173.44,0.0
2024-03-12 05:00:00-04:00,173.44,173.5,172.91,173.2,0.0
2024-03-12 06:00:00-04:00,173.19,173.49,173.15,173.47,0.0
2024-03-12 07:00:00-04:00,173.48,173.59,173.3,173.49,0.0
2024-03-12 08:00:00-04:00,173.47,174.0,172.91,173.47,0.0
2024-03-12 09:00:00-04:00,173.4,174.35,172.47,173.2,0.0
2024-03-12 09:30:00-04:00,173.14999389648438,173.47000122070312,171.00999450683594,172.63499450683594,13927121.0
2024-03-12 10:30:00-04:00,172.63999938964844,172.91000366210938,172.32009887695312,172.67990112304688,6625420.0
2024-03-12 11:30:00-04:00,172.6750030517578,173.10000610351562,172.21499633789062,172.52000427246094,5867479.0
2024-03-12 12:30:00-04:00,172.52999877929688,173.25999450683594,171.94000244140625,173.0399932861328,6672048.0
2024-03-12 13:30:00-04:00,173.0449981689453,173.83999633789062,173.00999450683594,173.79989624023438,5308038.0
2024-03-12 14:30:00-04:00,173.7949981689453,174.00999450683594,173.35000610351562,173.84500122070312,5389586.0
2024-03-12 15:30:00-04:00,173.85499572753906,174.02999877929688,173.14999389648438,173.22000122070312,6368886.0
2024-03-12 16:00:00-04:00,173.22,179.37404,165.0834,173.0997,0.0
2024-03-12 17:00:00-04:00,173.09,173.23,173.04,173.07,0.0
2024-03-12 18:00:00-04:00,173.06,173.1,172.85,173.035,0.0
2024-03-12 19:00:00-04:00,173.035,173.2,172.92,173.16,0.0
2024-03-13 04:00:00-04:00,173.31,173.63,172.9,172.93,0.0
2024-03-13 05:00:00-04:00,172.91,173.11,172.85,172.98,0.0
2024-03-13 06:00:00-04:00,172.99,173.2,172.96,173.19,0.0
2024-03-13 07:00:00-04:00,173.18,173.27,172.82,172.88,0.0
2024-03-13 08:00:00-04:00,172.89,173.48,172.37,172.76,0.0
2024-03-13 09:00:00-04:00,172.72,173.44,171.25,173.26,0.0
2024-03-13 09:30:00-04:00,172.77000427246094,173.18499755859375,170.75999450683594,170.98500061035156,11960722.0
2024-03-13 10:30:00-04:00,170.98500061035156,171.35000610351562,170.86500549316406,170.9949951171875,6130049.0
2024-03-13 11:30:00-04:00,171.0,171.17999267578125,170.8527069091797,171.05999755859375,4316300.0
2024-03-13 12:30:00-04:00,171.07000732421875,171.4600067138672,170.94000244140625,171.43499755859375,5621506.0
2024-03-13 13:30:00-04:00,171.42999267578125,171.75999450683594,171.16000366210938,171.5800018310547,3845695.0
2024-03-13 14:30:00-04:00,171.5800018310547,171.8000030517578,171.02999877929688,171.27999877929688,4228485.0
2024-03-13 15:30:00-04:00,171.27999877929688,171.7050018310547,171.0399932861328,171.1699981689453,5993931.0
2024-03-13 16:00:00-04:00,171.175,175.75645,162.69975,164.47186,0.0
2024-03-13 17:00:00-04:00,171.26,182.144,169.42163,171.0206,0.0
2024-03-13 18:00:00-04:00,171.17,171.44,171.095,171.28,0.0
2024-03-13 19:00:00-04:00,171.27,171.6,171.2,171.5,0.0
2024-03-14 04:00:00-04:00,171.44,172.0,171.22,171.91,0.0
2024-03-14 05:00:00-04:00,171.92,172.55,171.77,172.48,0.0
2024-03-14 06:00:00-04:00,172.5,172.6,172.4,172.6,0.0
2024-03-14 07:00:00-04:00,172.6,172.65,172.02,172.25,0.0
2024-03-14 08:00:00-04:00,172.23,172.6281,171.47,172.47,0.0
2024-03-14 09:00:00-04:00,172.44,172.51,171.82,172.14,0.0
2024-03-14 09:30:00-04:00,172.32000732421875,173.8249969482422,172.0500030517578,173.6649932861328,14937836.0
2024-03-14 10:30:00-04:00,173.6699981689453,174.30780029296875,173.3000030517578,173.33999633789062,8727021.0
2024-03-14 11:30:00-04:00,173.34500122070312,173.49000549316406,172.39999389648438,172.6699981689453,6752491.0
2024-03-14 12:30:00-04:00,172.67999267578125,173.36920166015625,172.24000549316406,172.96299743652344,9628933.0
2024-03-14 13:30:00-04:00,172.96890258789062,174.0,172.89999389648438,173.8249969482422,7128040.0
2024-03-14 14:30:00-04:00,173.8300018310547,173.83999633789062,172.22000122070312,172.66000366210938,6609776.0
2024-03-14 15:30:00-04:00,172.66000366210938,173.28250122070312,172.5032958984375,173.0800018310547,7750362.0
2024-03-14 16:00:00-04:00,173.09,182.63,165.53983,174.5123,0.0
2024-03-14 17:00:00-04:00,173.46,174.46695,165.32243,173.39,0.0
2024-03-14 18:00:00-04:00,,,,,
2024-03-14 19:00:00-04:00,,,,,
2024-03-15 04:00:00-04:00,,,,,
2024-03-15 05:00:00-04:00,,,,,
2024-03-15 06:00:00-04:00,,,,,
2024-03-15 07:00:00-04:00,,,,,
2024-03-15 08:00:00-04:00,,,,,
2024-03-15 09:00:00-04:00,,,,,
2024-03-15 09:30:00-04:00,171.0,172.47000122070312,170.56399536132812,170.610107421875,21995996.0
2024-03-15 10:30:00-04:00,170.61810302734375,171.1699981689453,170.2899932861328,170.9550018310547,5599492.0
2024-03-15 11:30:00-04:00,170.9550018310547,171.47999572753906,170.73199462890625,171.31500244140625,3771263.0
2024-03-15 12:30:00-04:00,171.31500244140625,171.51499938964844,170.60000610351562,170.69500732421875,3721006.0
2024-03-15 13:30:00-04:00,170.6999969482422,171.25,170.52499389648438,171.21499633789062,3679425.0
2024-03-15 14:30:00-04:00,171.21499633789062,171.99000549316406,171.08990478515625,171.86500549316406,4328832.0
2024-03-15 15:30:00-04:00,171.8560028076172,172.60000610351562,171.47799682617188,172.57000732421875,6260589.0
2024-03-15 16:00:00-04:00,172.56,173.055,172.36,172.49,0.0
2024-03-15 17:00:00-04:00,172.51,181.8556,164.2925,172.31,0.0
2024-03-15 18:00:00-04:00,172.3,172.62,172.23,172.61,0.0
2024-03-15 19:00:00-04:00,172.61,172.75,172.45,172.66,0.0
2024-03-18 04:00:00-04:00,173.02,174.01,173.02,173.72,0.0
2024-03-18 05:00:00-04:00,,,,,
2024-03-18 06:00:00-04:00,,,,,
2024-03-18 07:00:00-04:00,173.63,173.74,172.42,172.82,0.0
2024-03-18 08:00:00-04:00,173.25,175.19,172.41,174.735,0.0
2024-03-18 09:00:00-04:00,174.77,181.27,170.425,175.485,0.0
2024-03-18 09:30:00-04:00,175.60000610351562,177.5800018310547,174.89059448242188,177.35000610351562,22893626.0
2024-03-18 10:30:00-04:00,177.3699951171875,177.7100067138672,176.55999755859375,176.82000732421875,8667055.0
2024-03-18 11:30:00-04:00,176.82000732421875,176.90499877929688,175.1999969482422,175.25830078125,7068789.0
2024-03-18 12:30:00-04:00,175.2550048828125,175.6199951171875,174.75,175.39500427246094,5477904.0
2024-03-18 13:30:00-04:00,175.39999389648438,175.5399932861328,174.99000549316406,175.5301055908203,4053801.0
2024-03-18 14:30:00-04:00,175.53599548339844,175.5399932861328,174.82000732421875,175.06500244140625,5777258.0
2024-03-18 15:30:00-04:00,175.07000732421875,175.1750030517578,173.52000427246094,173.6999969482422,7286587.0
2024-03-18 16:00:00-04:00,173.71,179.1358,161.597,173.23,0.0
2024-03-18 17:00:00-04:00,173.245,174.0999,161.597,173.85,0.0
2024-03-18 18:00:00-04:00,173.8,173.95,173.4,173.52,0.0
2024-03-18 19:00:00-04:00,173.55,175.3,173.32,173.59,0.0
2024-03-19 04:00:00-04:00,175.79,175.79,173.25,173.85,0.0
2024-03-19 05:00:00-04:00,173.85,174.47,173.7,174.15,0.0
2024-03-19 06:00:00-04:00,174.16,174.23,173.86,173.94,0.0
2024-03-19 07:00:00-04:00,173.94,174.41,173.25,173.36,0.0
2024-03-19 08:00:00-04:00,173.36,175.79,173.05,173.12,0.0
2024-03-19 09:00:00-04:00,173.15,179.48,173.05,174.26,0.0
2024-03-19 09:30:00-04:00,174.08999633789062,175.0399932861328,173.02999877929688,174.7050018310547,11721089.0
2024-03-19 10:30:00-04:00,174.6999969482422,175.3699951171875,174.55999755859375,174.83999633789062,6172012.0
2024-03-19 11:30:00-04:00,174.83999633789062,175.41000366210938,174.83999633789062,175.30999755859375,4206842.0
2024-03-19 12:30:00-04:00,175.31500244140625,175.85000610351562,175.17129516601562,175.64500427246094,4140302.0
2024-03-19 13:30:00-04:00,175.64999389648438,176.43499755859375,175.63999938964844,176.4250030517578,5001221.0
2024-03-19 14:30:00-04:00,176.4217071533203,176.60499572753906,176.0,176.3300018310547,5274655.0
2024-03-19 15:30:00-04:00,176.3350067138672,176.5399932861328,175.7899932861328,176.0800018310547,6908180.0
2024-03-19 16:00:00-04:00,176.08,176.08,174.7057,175.75,0.0
2024-03-19 17:00:00-04:00,175.76,185.3755,170.7435,175.695,0.0
2024-03-19 18:00:00-04:00,175.695,175.88,175.56,175.7,0.0
2024-03-19 19:00:00-04:00,175.78,175.82,175.39,175.65,0.0
2024-03-20 04:00:00-04:00,175.89,176.09,175.65,175.81,0.0
2024-03-20 05:00:00-04:00,175.86,176.0,175.42,175.6,0.0
2024-03-20 06:00:00-04:00,175.6,175.75,175.42,175.45,0.0
2024-03-20 07:00:00-04:00,175.45,176.5,175.37,176.22,0.0
2024-03-20 08:00:00-04:00,176.22,176.56,175.4248,175.97,0.0
2024-03-20 09:00:00-04:00,176.0,176.215,173.795,175.707,0.0
2024-03-20 09:30:00-04:00,175.72999572753906,176.1699981689453,175.08999633789062,176.16050720214844,8587629.0
2024-03-20 10:30:00-04:00,176.1649932861328,176.3800048828125,175.72000122070312,176.05990600585938,4488283.0
2024-03-20 11:30:00-04:00,176.05929565429688,176.50999450683594,175.94500732421875,176.38009643554688,3092842.0
2024-03-20 12:30:00-04:00,176.3800048828125,176.77499389648438,176.30999755859375,176.3249969482422,3578644.0
2024-03-20 13:30:00-04:00,176.30999755859375,177.38999938964844,176.27999877929688,177.00750732421875,6092320.0
2024-03-20 14:30:00-04:00,177.00999450683594,178.42999267578125,176.72000122070312,178.21499633789062,9778064.0
2024-03-20 15:30:00-04:00,178.2100067138672,178.6699981689453,177.94500732421875,178.66000366210938,7696922.0
2024-03-20 16:00:00-04:00,178.66,180.4715,176.2647,177.76,0.0
2024-03-20 17:00:00-04:00,177.75,181.0823,175.8202,176.64,0.0
2024-03-20 18:00:00-04:00,176.6,176.93,176.27,176.4,0.0
2024-03-20 19:00:00-04:00,176.425,176.7,176.25,176.3,0.0
2024-03-21 04:00:00-04:00,176.2,176.99,176.1,176.86,0.0
2024-03-21 05:00:00-04:00,176.86,176.98,176.33,176.58,0.0
2024-03-21 06:00:00-04:00,176.55,176.69,176.41,176.56,0.0
2024-03-21 07:00:00-04:00,176.54,176.84,176.36,176.79,0.0
2024-03-21 08:00:00-04:00,176.78,177.41,176.09,177.41,0.0
2024-03-21 09:00:00-04:00,177.36,178.67,175.11,177.05,0.0
2024-03-21 09:30:00-04:00,177.0,177.49000549316406,175.00999450683594,175.0218048095703,15825386.0
2024-03-21 10:30:00-04:00,175.02999877929688,175.05999755859375,171.8300018310547,172.82130432128906,27939112.0
2024-03-21 11:30:00-04:00,172.82000732421875,173.23500061035156,171.86000061035156,172.56500244140625,13930077.0
2024-03-21 12:30:00-04:00,172.57000732421875,172.60000610351562,171.9499969482422,172.10830688476562,7139429.0
2024-03-21 13:30:00-04:00,172.10009765625,172.1300048828125,170.91000366210938,171.0749969482422,10317094.0
2024-03-21 14:30:00-04:00,171.0800018310547,171.3300018310547,170.85000610351562,171.25,9119635.0
2024-03-21 15:30:00-04:00,171.24000549316406,171.57000732421875,170.83999633789062,171.39999389648438,9723209.0
2024-03-21 16:00:00-04:00,171.37,183.2575,170.9709,171.53,0.0
2024-03-21 17:00:00-04:00,171.54,171.79,171.49,171.54,0.0
2024-03-21 18:00:00-04:00,171.55,171.8,171.37,171.66,0.0
2024-03-21 19:00:00-04:00,171.6786,171.75,171.6,171.6999,0.0
2024-03-22 04:00:00-04:00,171.46,171.71,171.11,171.6,0.0
2024-03-22 05:00:00-04:00,171.6,171.8,171.4,171.75,0.0
2024-03-22 06:00:00-04:00,171.75,171.84,171.68,171.73,0.0
2024-03-22 07:00:00-04:00,171.73,171.77,171.4,171.43,0.0
2024-03-22 08:00:00-04:00,171.43,171.8317,170.95,171.5,0.0
2024-03-22 09:00:00-04:00,171.5281,177.065,171.235,171.605,0.0
2024-03-22 09:30:00-04:00,171.86000061035156,172.32000732421875,170.05999755859375,171.78570556640625,22009712.0
2024-03-22 10:30:00-04:00,171.7949981689453,172.55999755859375,171.58999633789062,172.25999450683594,9035728.0
2024-03-22 11:30:00-04:00,172.27000427246094,172.88999938964844,172.07000732421875,172.36500549316406,5763015.0
2024-03-22 12:30:00-04:00,172.3699951171875,172.94000244140625,172.08999633789062,172.61399841308594,5023927.0
2024-03-22 13:30:00-04:00,172.6199951171875,172.67999267578125,172.36000061035156,172.625,4107617.0
2024-03-22 14:30:00-04:00,172.62759399414062,172.99000549316406,172.6199951171875,172.9868927001953,5786041.0
2024-03-22 15:30:00-04:00,172.98159790039062,173.0500030517578,172.24000549316406,172.25,7983892.0
2024-03-22 16:00:00-04:00,172.28,173.893,164.0576,172.425,0.0
2024-03-22 17:00:00-04:00,172.8195,172.8195,166.9909,172.27,0.0
2024-03-22 18:00:00-04:00,172.26,172.28,172.11,172.14,0.0
2024-03-22 19:00:00-04:00,172.11,172.3,172.08,172.3,0.0
2024-03-25 04:00:00-04:00,172.22,172.26,171.92,172.18,0.0
2024-03-25 05:00:00-04:00,172.16,172.23,171.66,171.74,0.0
2024-03-25 06:00:00-04:00,171.74,171.85,171.4,171.4,0.0
2024-03-25 07:00:00-04:00,171.37,171.42,171.06,171.2,0.0
2024-03-25 08:00:00-04:00,171.16,172.27,171.0,171.08,0.0
2024-03-25 09:00:00-04:00,171.08,172.32,170.37,170.57,0.0
2024-03-25 09:30:00-04:00,170.52999877929688,170.69000244140625,169.4499969482422,170.0399932861328,13738571.0
2024-03-25 10:30:00-04:00,170.0399932861328,170.72999572753906,169.97000122070312,170.1199951171875,6645377.0
2024-03-25 11:30:00-04:00,170.1199951171875,170.82000732421875,170.09500122070312,170.73789978027344,4597520.0
2024-03-25 12:30:00-04:00,170.73500061035156,171.47000122070312,170.64500427246094,171.36500549316406,4742467.0
2024-03-25 13:30:00-04:00,171.36000061035156,171.6096954345703,171.15499877929688,171.3300018310547,3830333.0
2024-03-25 14:30:00-04:00,171.3249969482422,171.6300048828125,171.23500061035156,171.55799865722656,3617953.0
2024-03-25 15:30:00-04:00,171.55999755859375,171.94000244140625,170.7899932861328,170.86000061035156,6913173.0
2024-03-25 16:00:00-04:00,170.855,176.9625,162.5071,170.89,0.0
2024-03-25 17:00:00-04:00,170.89,170.97,170.05,170.865,0.0
2024-03-25 18:00:00-04:00,170.865,170.9999,170.83,170.9,0.0
2024-03-25 19:00:00-04:00,170.9,170.98,170.83,170.93,0.0
2024-03-26 04:00:00-04:00,171.02,171.46,171.01,171.25,0.0
2024-03-26 05:00:00-04:00,171.23,171.49,171.23,171.4,0.0
2024-03-26 06:00:00-04:00,171.4,171.56,171.35,171.52,0.0
2024-03-26 07:00:00-04:00,171.52,171.75,171.41,171.42,0.0
2024-03-26 08:00:00-04:00,171.42,171.74,170.99,171.28,0.0
2024-03-26 09:00:00-04:00,171.275,171.35,169.11,170.02,0.0
2024-03-26 09:30:00-04:00,170.0,171.068603515625,169.64999389648438,170.72000122070312,12465952.0
2024-03-26 10:30:00-04:00,170.72000122070312,170.88999938964844,170.36000061035156,170.6510009765625,5336353.0
2024-03-26 11:30:00-04:00,170.65499877929688,171.25,170.4949951171875,171.2346954345703,5311150.0
2024-03-26 12:30:00-04:00,171.23109436035156,171.4199981689453,170.6750030517578,170.82000732421875,4667926.0
2024-03-26 13:30:00-04:00,170.82400512695312,170.88999938964844,170.16000366210938,170.52000427246094,4370611.0
2024-03-26 14:30:00-04:00,170.5124969482422,170.68499755859375,170.3300018310547,170.5399932861328,4054402.0
2024-03-26 15:30:00-04:00,170.5399932861328,170.5500030517578,169.60000610351562,169.81500244140625,9108998.0
2024-03-26 16:00:00-04:00,169.82,179.374,164.5591,169.925,0.0
2024-03-26 17:00:00-04:00,169.91,169.96,169.62,169.84,0.0
2024-03-26 18:00:00-04:00,169.8,169.9,169.8,169.86,0.0
2024-03-26 19:00:00-04:00,169.89,169.985,169.8,169.945,0.0
2024-03-27 04:00:00-04:00,169.93,170.18,169.71,170.15,0.0
2024-03-27 05:00:00-04:00,170.15,170.23,169.95,170.2,0.0
2024-03-27 06:00:00-04:00,170.2,170.6,170.05,170.6,0.0
2024-03-27 07:00:00-04:00,170.6,170.62,170.28,170.41,0.0
2024-03-27 08:00:00-04:00,170.4,170.6264,169.71,170.35,0.0
2024-03-27 09:00:00-04:00,170.345,170.87,170.11,170.39,0.0
2024-03-27 09:30:00-04:00,170.4199981689453,173.11000061035156,170.11000061035156,172.0449981689453,16062624.0
2024-03-27 10:30:00-04:00,172.0399932861328,172.75999450683594,171.94009399414062,172.4550018310547,5913439.0
2024-03-27 11:30:00-04:00,172.4600067138672,172.6999969482422,171.86000061035156,172.0467987060547,4655107.0
2024-03-27 12:30:00-04:00,172.0500030517578,172.38999938964844,172.0,172.25999450683594,3604513.0
2024-03-27 13:30:00-04:00,172.27000427246094,172.82000732421875,172.13999938964844,172.75,3957014.0
2024-03-27 14:30:00-04:00,172.7550048828125,173.10000610351562,172.42630004882812,172.99000549316406,5418271.0
2024-03-27 15:30:00-04:00,173.0,173.60000610351562,172.8800048828125,173.41000366210938,8611965.0
2024-03-27 16:00:00-04:00,173.41,173.69,169.74,173.12,0.0
2024-03-27 17:00:00-04:00,173.11,173.31,164.4719,173.0801,0.0
2024-03-27 18:00:00-04:00,173.08,173.31,172.88,172.93,0.0
2024-03-27 19:00:00-04:00,172.93,173.0,172.81,172.9,0.0
2024-03-28 04:00:00-04:00,173.11,173.3,172.63,173.03,0.0
2024-03-28 05:00:00-04:00,173.04,173.06,172.52,172.6,0.0
2024-03-28 06:00:00-04:00,172.62,172.89,172.57,172.86,0.0
2024-03-28 07:00:00-04:00,172.89,172.89,172.57,172.65,0.0
2024-03-28 08:00:00-04:00,172.66,173.31,172.35,172.62,0.0
2024-03-28 09:00:00-04:00,172.55,173.31,171.43,171.7,0.0
2024-03-28 09:30:00-04:00,171.6999969482422,171.93499755859375,170.72000122070312,171.19500732421875,14682071.0
2024-03-28 10:30:00-04:00,171.1999969482422,171.2100067138672,170.50999450683594,170.8350067138672,7903177.0
2024-03-28 11:30:00-04:00,170.83999633789062,171.1999969482422,170.72999572753906,171.16920471191406,5070981.0
2024-03-28 12:30:00-04:00,171.1699981689453,171.3699951171875,170.9499969482422,170.96499633789062,4292029.0
2024-03-28 13:30:00-04:00,170.9600067138672,171.810302734375,170.88999938964844,171.7801055908203,4247361.0
2024-03-28 14:30:00-04:00,171.7899932861328,172.22999572753906,171.61000061035156,172.139892578125,4699109.0
2024-03-28 15:30:00-04:00,172.13999938964844,172.22999572753906,171.25999450683594,171.52000427246094,6848121.0
2024-03-28 16:00:00-04:00,171.52,172.53,171.06,171.25,0.0
2024-03-28 17:00:00-04:00,171.25,171.48,166.0523,171.36,0.0
2024-03-28 18:00:00-04:00,171.37,172.38,165.3224,171.31,0.0
2024-03-28 19:00:00-04:00,171.31,171.31,171.03,171.19,0.0
2024-04-01 04:00:00-04:00,171.85,171.86,171.49,171.71,0.0
2024-04-01 05:00:00-04:00,171.74,171.89,171.6,171.85,0.0
2024-04-01 06:00:00-04:00,171.86,171.89,171.71,171.71,0.0
2024-04-01 07:00:00-04:00,171.7,171.76,171.4,171.45,0.0
2024-04-01 08:00:00-04:00,171.44,171.98,171.36,171.45,0.0
2024-04-01 09:00:00-04:00,171.44,176.065,170.74,171.03,0.0
2024-04-01 09:30:00-04:00,171.1875,171.22000122070312,169.8350067138672,170.08990478515625,12016910.0
2024-04-01 10:30:00-04:00,170.08900451660156,170.16000366210938,169.47999572753906,169.84500122070312,5566284.0
2024-04-01 11:30:00-04:00,169.83999633789062,170.0800018310547,169.5850067138672,169.89500427246094,4325649.0
2024-04-01 12:30:00-04:00,169.89500427246094,170.02000427246094,169.75999450683594,169.9156951904297,2857559.0
2024-04-01 13:30:00-04:00,169.9199981689453,170.08999633789062,169.8800048828125,169.9949951171875,2605346.0
2024-04-01 14:30:00-04:00,169.99000549316406,170.24000549316406,169.85000610351562,169.93499755859375,3725960.0
2024-04-01 15:30:00-04:00,169.93499755859375,170.13999938964844,169.8699951171875,170.00999450683594,5786677.0
2024-04-01 16:00:00-04:00,170.0,170.05,169.78,169.875,0.0
2024-04-01 17:00:00-04:00,169.89,179.1358,159.9187,169.82,0.0
2024-04-01 18:00:00-04:00,169.835,169.85,169.58,169.655,0.0
2024-04-01 19:00:00-04:00,169.69,169.69,169.5,169.5,0.0
2024-04-02 04:00:00-04:00,169.75,170.13,169.67,170.05,0.0
2024-04-02 05:00:00-04:00,170.05,170.11,169.81,169.93,0.0
2024-04-02 06:00:00-04:00,169.93,169.98,169.77,169.85,0.0
2024-04-02 07:00:00-04:00,169.85,169.92,169.42,169.5,0.0
2024-04-02 08:00:00-04:00,169.51,170.1328,169.2,169.33,0.0
2024-04-02 09:00:00-04:00,169.34,170.03,168.75,169.07,0.0
2024-04-02 09:30:00-04:00,169.05999755859375,169.33999633789062,168.23019409179688,169.0399932861328,11163207.0
2024-04-02 10:30:00-04:00,169.03500366210938,169.19500732421875,168.52999877929688,168.8321990966797,4826587.0
2024-04-02 11:30:00-04:00,168.8350067138672,169.1479949951172,168.3699951171875,168.6649932861328,4166243.0
2024-04-02 12:30:00-04:00,168.67999267578125,169.08999633789062,168.63999938964844,168.9949951171875,3340894.0
2024-04-02 13:30:00-04:00,169.0,169.10499572753906,168.86000061035156,168.9199981689453,3451310.0
2024-04-02 14:30:00-04:00,168.9199981689453,169.07000732421875,168.72999572753906,168.97500610351562,3699021.0
2024-04-02 15:30:00-04:00,168.99000549316406,169.2200927734375,168.77000427246094,168.94000244140625,6380958.0
2024-04-02 16:00:00-04:00,168.94,171.3159,158.2209,168.98,0.0
2024-04-02 17:00:00-04:00,168.9,169.0,168.84,168.945,0.0
2024-04-02 18:00:00-04:00,168.945,169.3,168.9,169.275,0.0
2024-04-02 19:00:00-04:00,169.2511,169.5,169.11,169.3891,0.0
2024-04-03 04:00:00-04:00,169.04,169.04,168.8,168.9,0.0
2024-04-03 05:00:00-04:00,168.94,169.0,168.51,168.55,0.0
2024-04-03 06:00:00-04:00,168.57,168.76,168.5,168.73,0.0
2024-04-03 07:00:00-04:00,168.7,169.1,168.6,168.97,0.0
2024-04-03 08:00:00-04:00,168.91,169.35,168.5107,168.975,0.0
2024-04-03 09:00:00-04:00,168.97,169.08,168.41,168.78,0.0
2024-04-03 09:30:00-04:00,168.75,170.0800018310547,168.58999633789062,170.0366973876953,8758184.0
2024-04-03 10:30:00-04:00,170.02499389648438,170.67999267578125,169.97999572753906,170.52000427246094,6176025.0
2024-04-03 11:30:00-04:00,170.52000427246094,170.6750030517578,170.1999969482422,170.32000732421875,3684320.0
2024-04-03 12:30:00-04:00,170.30999755859375,170.44000244140625,169.75,170.2050018310547,3812096.0
2024-04-03 13:30:00-04:00,170.2100067138672,170.38999938964844,170.12010192871094,170.19700622558594,3156608.0
2024-04-03 14:30:00-04:00,170.1999969482422,170.60000610351562,169.27999877929688,169.52499389648438,6323307.0
2024-04-03 15:30:00-04:00,169.52999877929688,170.14999389648438,169.3800048828125,169.66000366210938,6602092.0
2024-04-03 16:00:00-04:00,169.65,181.0822,163.6618,169.715,0.0
2024-04-03 17:00:00-04:00,169.73,169.87,169.65,169.79,0.0
2024-04-03 18:00:00-04:00,169.75,170.11,169.5,169.7,0.0
2024-04-03 19:00:00-04:00,169.7,170.66,169.62,170.14,0.0
2024-04-04 04:00:00-04:00,170.04,170.2,169.86,170.12,0.0
2024-04-04 05:00:00-04:00,170.05,170.2,170.05,170.15,0.0
2024-04-04 06:00:00-04:00,170.15,170.17,170.0,170.1,0.0
2024-04-04 07:00:00-04:00,170.08,170.31,169.99,170.16,0.0
2024-04-04 08:00:00-04:00,170.2,170.6,169.85,170.15,0.0
2024-04-04 09:00:00-04:00,170.19,170.89,168.745,170.31,0.0
2024-04-04 09:30:00-04:00,170.2899932861328,171.19000244140625,170.0399932861328,171.00999450683594,9047827.0
2024-04-04 10:30:00-04:00,171.01499938964844,171.27999877929688,170.7100067138672,171.27000427246094,4545243.0
2024-04-04 11:30:00-04:00,171.27999877929688,171.9199981689453,171.27499389648438,171.72030639648438,4325890.0
2024-04-04 12:30:00-04:00,171.72999572753906,171.86990356445312,171.3350067138672,171.5399932861328,3395662.0
2024-04-04 13:30:00-04:00,171.5467987060547,171.61000061035156,169.6999969482422,169.75,6544667.0
2024-04-04 14:30:00-04:00,169.74000549316406,170.10000610351562,169.02000427246094,169.04100036621094,8346418.0
2024-04-04 15:30:00-04:00,169.0399932861328,169.74000549316406,168.8300018310547,168.88999938964844,8099922.0
2024-04-04 16:00:00-04:00,168.86,199.6956,146.8247,169.025,0.0
2024-04-04 17:00:00-04:00,169.02,169.23,169.01,169.135,0.0
2024-04-04 18:00:00-04:00,169.13,169.29,168.82,169.125,0.0
2024-04-04 19:00:00-04:00,169.06,169.64,169.01,169.305,0.0
2024-04-05 04:00:00-04:00,169.36,169.36,169.09,169.25,0.0
2024-04-05 05:00:00-04:00,169.28,169.4,169.25,169.36,0.0
2024-04-05 06:00:00-04:00,169.36,169.46,169.25,169.3,0.0
2024-04-05 07:00:00-04:00,169.3,169.5,169.28,169.47,0.0
2024-04-05 08:00:00-04:00,169.45,169.95,169.0,169.7,0.0
2024-04-05 09:00:00-04:00,169.67,170.605,168.81,169.54,0.0
2024-04-05 09:30:00-04:00,169.5,169.91000366210938,168.9499969482422,169.22000122070312,9721473.0
2024-04-05 10:30:00-04:00,169.22999572753906,169.82000732421875,169.08999633789062,169.46499633789062,4890929.0
2024-04-05 11:30:00-04:00,169.46499633789062,170.3800048828125,169.38900756835938,170.1699981689453,4669016.0
2024-04-05 12:30:00-04:00,170.1699981689453,170.375,169.77999877929688,170.07400512695312,3488779.0
2024-04-05 13:30:00-04:00,170.08999633789062,170.1699981689453,169.35000610351562,169.50030517578125,3347777.0
2024-04-05 14:30:00-04:00,169.50999450683594,169.9199981689453,169.36000061035156,169.88999938964844,4067851.0
2024-04-05 15:30:00-04:00,169.88999938964844,169.97999572753906,169.5,169.57000732421875,4423994.0
2024-04-05 16:00:00-04:00,169.57,170.9701,158.8039,169.545,0.0
2024-04-05 17:00:00-04:00,169.56,169.7,169.53,169.6007,0.0
2024-04-05 18:00:00-04:00,169.615,169.68,169.45,169.475,0.0
2024-04-05 19:00:00-04:00,169.46,169.65,169.31,169.53,0.0
2024-04-08 04:00:00-04:00,169.44,169.45,168.9,169.11,0.0
2024-04-08 05:00:00-04:00,169.1,169.35,168.95,169.22,0.0
2024-04-08 06:00:00-04:00,169.23,169.29,169.02,169.08,0.0
2024-04-08 07:00:00-04:00,169.11,169.37,168.93,169.03,0.0
2024-04-08 08:00:00-04:00,169.03,169.46,168.85,169.1,0.0
2024-04-08 09:00:00-04:00,169.08,169.845,168.75,168.945,0.0
2024-04-08 09:30:00-04:00,169.05999755859375,169.19000244140625,168.24000549316406,168.82000732421875,8279940.0
2024-04-08 10:30:00-04:00,168.8249969482422,169.1300048828125,168.64999389648438,168.81500244140625,4718366.0
2024-04-08 11:30:00-04:00,168.81500244140625,168.81500244140625,168.26499938964844,168.4123992919922,4134102.0
2024-04-08 12:30:00-04:00,168.4149932861328,168.8350067138672,168.40499877929688,168.64500427246094,2982857.0
2024-04-08 13:30:00-04:00,168.64500427246094,168.89999389648438,168.47000122070312,168.79010009765625,2336490.0
2024-04-08 14:30:00-04:00,168.7949981689453,168.79989624023438,168.5449981689453,168.78500366210938,2798561.0
2024-04-08 15:30:00-04:00,168.78500366210938,168.9600067138672,168.3249969482422,168.4600067138672,4991117.0
2024-04-08 16:00:00-04:00,168.49,171.75,168.32,168.375,0.0
2024-04-08 17:00:00-04:00,168.38,168.41,168.351,168.405,0.0
2024-04-08 18:00:00-04:00,168.4,171.5159,157.496,168.41,0.0
2024-04-08 19:00:00-04:00,168.4,168.42,168.25,168.27,0.0
2024-04-09 04:00:00-04:00,168.43,168.43,168.18,168.39,0.0
2024-04-09 05:00:00-04:00,168.39,168.41,168.21,168.27,0.0
2024-04-09 06:00:00-04:00,168.26,168.3,168.21,168.21,0.0
2024-04-09 07:00:00-04:00,168.2,168.3,167.75,168.29,0.0
2024-04-09 08:00:00-04:00,168.28,168.6,167.7119,168.33,0.0
2024-04-09 09:00:00-04:00,168.35,169.11,168.3,168.73,0.0
2024-04-09 09:30:00-04:00,168.69200134277344,170.0749969482422,168.5,169.47000122070312,9892473.0
2024-04-09 10:30:00-04:00,169.47500610351562,169.49000549316406,168.47999572753906,168.69500732421875,5975622.0
2024-04-09 11:30:00-04:00,168.6999969482422,169.16000366210938,168.69000244140625,169.07000732421875,3680884.0
2024-04-09 12:30:00-04:00,169.07000732421875,169.55999755859375,168.89999389648438,169.25999450683594,3462971.0
2024-04-09 13:30:00-04:00,169.27000427246094,169.5,168.5,168.5850067138672,4167688.0
2024-04-09 14:30:00-04:00,168.5800018310547,169.25999450683594,168.35000610351562,169.25250244140625,4206061.0
2024-04-09 15:30:00-04:00,169.25999450683594,169.72999572753906,168.94000244140625,169.69000244140625,5472554.0
2024-04-09 16:00:00-04:00,169.67,176.4888,165.0833,169.565,0.0
2024-04-09 17:00:00-04:00,169.57,169.6,169.42,169.59,0.0
2024-04-09 18:00:00-04:00,169.56,169.75,169.56,169.68,0.0
2024-04-09 19:00:00-04:00,169.71,169.76,169.6,169.75,0.0
2024-04-10 04:00:00-04:00,169.9,169.96,169.75,169.87,0.0
2024-04-10 05:00:00-04:00,169.87,170.05,169.83,169.98,0.0
2024-04-10 06:00:00-04:00,169.95,170.2,169.9,170.07,0.0
2024-04-10 07:00:00-04:00,170.08,170.4,170.05,170.35,0.0
2024-04-10 08:00:00-04:00,170.37,170.91,169.12,170.58,0.0
2024-04-10 09:00:00-04:00,170.63,172.28,168.53,168.7,0.0
2024-04-10 09:30:00-04:00,168.83999633789062,169.08999633789062,167.11000061035156,168.02999877929688,14120359.0
2024-04-10 10:30:00-04:00,168.04400634765625,168.6999969482422,167.61000061035156,167.9149932861328,5526659.0
2024-04-10 11:30:00-04:00,167.94000244140625,168.11000061035156,167.5399932861328,168.01499938964844,4681455.0
2024-04-10 12:30:00-04:00,168.03700256347656,168.60000610351562,167.67999267578125,168.13499450683594,4311563.0
2024-04-10 13:30:00-04:00,168.12100219726562,168.5800018310547,167.6300048828125,167.75999450683594,4513653.0
2024-04-10 14:30:00-04:00,167.76499938964844,169.6699981689453,167.69000244140625,168.25999450683594,4221664.0
2024-04-10 15:30:00-04:00,168.25999450683594,168.68499755859375,167.6999969482422,167.75,5084905.0
2024-04-10 16:00:00-04:00,167.76,175.7564,157.3056,168.025,0.0
2024-04-10 17:00:00-04:00,168.0,168.1383,167.9,167.98,0.0
2024-04-10 18:00:00-04:00,167.965,168.0,167.78,167.85,0.0
2024-04-10 19:00:00-04:00,167.87,167.92,167.71,167.875,0.0
2024-04-11 04:00:00-04:00,167.96,168.3,167.73,168.29,0.0
2024-04-11 05:00:00-04:00,168.23,168.33,167.84,168.04,0.0
2024-04-11 06:00:00-04:00,168.07,168.41,168.01,168.25,0.0
2024-04-11 07:00:00-04:00,168.26,168.29,168.01,168.07,0.0
2024-04-11 08:00:00-04:00,168.07,168.4685,167.7,167.92,0.0
2024-04-11 09:00:00-04:00,167.9,169.0,167.8,168.35,0.0
2024-04-11 09:30:00-04:00,168.25,169.1699981689453,168.16009521484375,168.72000122070312,9488061.0
2024-04-11 10:30:00-04:00,168.72999572753906,169.4199981689453,168.57000732421875,169.0,7020839.0
2024-04-11 11:30:00-04:00,169.0010986328125,170.2899932861328,169.0,169.91000366210938,5616006.0
2024-04-11 12:30:00-04:00,169.9199981689453,172.19000244140625,169.83999633789062,172.10499572753906,9777671.0
2024-04-11 13:30:00-04:00,172.11000061035156,174.47999572753906,171.96009826660156,174.17999267578125,15507718.0
2024-04-11 14:30:00-04:00,174.17999267578125,174.86000061035156,173.5500030517578,174.73989868164062,15407602.0
2024-04-11 15:30:00-04:00,174.74000549316406,175.4600067138672,174.6199951171875,175.0399932861328,15008834.0
2024-04-11 16:00:00-04:00,175.04,202.005,155.0271,174.88,0.0
2024-04-11 17:00:00-04:00,174.88,175.04,174.81,174.8604,0.0
2024-04-11 18:00:00-04:00,174.86,175.0,174.86,174.9,0.0
2024-04-11 19:00:00-04:00,174.925,175.6,174.86,175.5999,0.0
2024-04-12 04:00:00-04:00,174.92,175.18,174.7,175.05,0.0
2024-04-12 05:00:00-04:00,175.05,175.17,174.25,174.32,0.0
2024-04-12 06:00:00-04:00,174.32,174.47,174.05,174.3,0.0
2024-04-12 07:00:00-04:00,174.3,174.3,173.43,174.15,0.0
2024-04-12 08:00:00-04:00,174.16,175.26,173.4738,174.55,0.0
2024-04-12 09:00:00-04:00,174.55,175.04,173.62,174.31,0.0
2024-04-12 09:30:00-04:00,174.28500366210938,178.36000061035156,174.2100067138672,176.75,35055623.0
2024-04-12 10:30:00-04:00,176.74249267578125,176.80999755859375,175.32000732421875,176.25430297851562,12592011.0
2024-04-12 11:30:00-04:00,176.25999450683594,176.99000549316406,175.56500244140625,175.58999633789062,8240618.0
2024-04-12 12:30:00-04:00,175.59500122070312,175.66000366210938,174.8000030517578,175.35000610351562,8466020.0
2024-04-12 13:30:00-04:00,175.33999633789062,176.0,175.23500061035156,175.97000122070312,6848567.0
2024-04-12 14:30:00-04:00,175.97000122070312,176.25999450683594,175.6300048828125,176.0175018310547,8125126.0
2024-04-12 15:30:00-04:00,176.01499938964844,176.74000549316406,175.9550018310547,176.56500244140625,10614487.0
2024-04-12 16:00:00-04:00,176.56,176.95,168.22,176.9103,0.0
2024-04-12 17:00:00-04:00,176.91,176.99,176.55,176.6,0.0
2024-04-12 18:00:00-04:00,176.57,176.64,176.22,176.4,0.0
2024-04-12 19:00:00-04:00,176.35,176.55,176.01,176.21,0.0
2024-04-15 04:00:00-04:00,176.0,176.0,175.05,175.35,0.0
2024-04-15 05:00:00-04:00,175.36,175.77,174.82,174.87,0.0
2024-04-15 06:00:00-04:00,174.85,175.27,173.99,174.52,0.0
2024-04-15 07:00:00-04:00,174.46,175.17,174.16,175.07,0.0
2024-04-15 08:00:00-04:00,175.01,176.55,174.1355,175.4179,0.0
2024-04-15 09:00:00-04:00,175.48,176.0,175.15,175.355,0.0
2024-04-15 09:30:00-04:00,175.3800048828125,175.9799041748047,173.85000610351562,174.8800048828125,16099072.0
2024-04-15 10:30:00-04:00,174.8800048828125,176.6300048828125,174.55999755859375,175.41000366210938,9497153.0
2024-04-15 11:30:00-04:00,175.39999389648438,176.14999389648438,174.9600067138672,175.10000610351562,5334563.0
2024-04-15 12:30:00-04:00,175.09500122070312,175.57000732421875,174.51010131835938,174.52000427246094,6093345.0
2024-04-15 13:30:00-04:00,174.50999450683594,174.61000061035156,172.5,173.1300048828125,9423818.0
2024-04-15 14:30:00-04:00,173.1199951171875,173.75999450683594,172.8000030517578,172.92999267578125,6849808.0
2024-04-15 15:30:00-04:00,172.92999267578125,173.61000061035156,172.66000366210938,172.68499755859375,6819556.0
2024-04-15 16:00:00-04:00,172.685,177.35,170.1766,172.93,0.0
2024-04-15 17:00:00-04:00,172.91,180.924,161.597,172.84,0.0
2024-04-15 18:00:00-04:00,172.8,173.12,172.5,172.78,0.0
2024-04-15 19:00:00-04:00,172.78,172.78,172.49,172.6,0.0
2024-04-16 04:00:00-04:00,172.61,172.65,172.16,172.43,0.0
2024-04-16 05:00:00-04:00,172.42,172.49,172.11,172.24,0.0
2024-04-16 06:00:00-04:00,172.26,172.26,171.55,171.84,0.0
2024-04-16 07:00:00-04:00,171.78,172.62,171.78,172.41,0.0
2024-04-16 08:00:00-04:00,172.36,172.7,171.5731,172.4,0.0
2024-04-16 09:00:00-04:00,172.41,173.0,171.33,171.75,0.0
2024-04-16 09:30:00-04:00,171.7100067138672,173.7550048828125,171.1820068359375,171.22000122070312,14947039.0
2024-04-16 10:30:00-04:00,171.1999969482422,171.4499969482422,169.02000427246094,169.44500732421875,13407042.0
2024-04-16 11:30:00-04:00,169.4499969482422,169.85000610351562,168.27000427246094,169.4149932861328,11289116.0
2024-04-16 12:30:00-04:00,169.41000366210938,169.72999572753906,168.92999267578125,169.38999938964844,5079739.0
2024-04-16 13:30:00-04:00,169.39999389648438,170.39999389648438,168.39999389648438,168.9250030517578,8396515.0
2024-04-16 14:30:00-04:00,168.9250030517578,170.0800018310547,168.8800048828125,169.9949951171875,5187348.0
2024-04-16 15:30:00-04:00,169.99000549316406,170.01499938964844,169.27999877929688,169.33790588378906,5938491.0
2024-04-16 16:00:00-04:00,169.34,177.0,162.2232,169.475,0.0
2024-04-16 17:00:00-04:00,169.5,169.71,169.37,169.49,0.0
2024-04-16 18:00:00-04:00,169.475,169.69,169.38,169.655,0.0
2024-04-16 19:00:00-04:00,169.655,169.92,169.61,169.92,0.0
2024-04-17 04:00:00-04:00,169.7,169.79,169.44,169.78,0.0
2024-04-17 05:00:00-04:00,169.72,169.84,169.52,169.6,0.0
2024-04-17 06:00:00-04:00,169.58,169.89,169.58,169.79,0.0
2024-04-17 07:00:00-04:00,169.8,170.06,169.61,169.86,0.0
2024-04-17 08:00:00-04:00,169.85,169.9917,169.25,169.785,0.0
2024-04-17 09:00:00-04:00,169.7,170.35,169.38,169.55,0.0
2024-04-17 09:30:00-04:00,169.5800018310547,170.63999938964844,169.3101043701172,170.4550018310547,10358959.0
2024-04-17 10:30:00-04:00,170.4499969482422,170.47500610351562,169.2100067138672,169.2100067138672,7818704.0
2024-04-17 11:30:00-04:00,169.22000122070312,169.36000061035156,168.60000610351562,168.6999969482422,5853359.0
2024-04-17 12:30:00-04:00,168.6999969482422,168.97000122070312,168.07000732421875,168.82000732421875,4690283.0
2024-04-17 13:30:00-04:00,168.8300018310547,169.0,168.50999450683594,168.61000061035156,4907946.0
2024-04-17 14:30:00-04:00,168.6199951171875,169.17999267578125,168.02000427246094,168.08999633789062,4554925.0
2024-04-17 15:30:00-04:00,168.08999633789062,168.5449981689453,168.0,168.0,5025607.0
2024-04-17 16:00:00-04:00,168.0,179.7201,163.6618,168.15,0.0
2024-04-17 17:00:00-04:00,168.1494,168.47,168.0,168.43,0.0
2024-04-17 18:00:00-04:00,168.47,168.47,168.0,168.3,0.0
2024-04-17 19:00:00-04:00,168.375,168.45,168.17,168.445,0.0
2024-04-18 04:00:00-04:00,168.75,169.05,168.42,168.53,0.0
2024-04-18 05:00:00-04:00,168.55,168.69,168.1,168.17,0.0
2024-04-18 06:00:00-04:00,168.1,168.47,168.05,168.3,0.0
2024-04-18 07:00:00-04:00,168.34,168.51,168.28,168.32,0.0
2024-04-18 08:00:00-04:00,168.35,169.0,167.14,167.25,0.0
2024-04-18 09:00:00-04:00,167.38,168.115,167.25,168.07,0.0
2024-04-18 09:30:00-04:00,168.0,168.63999938964844,167.3300018310547,168.03990173339844,9532841.0
2024-04-18 10:30:00-04:00,168.0399932861328,168.27999877929688,167.86000061035156,167.99000549316406,4639772.0
2024-04-18 11:30:00-04:00,168.0,168.01499938964844,167.39999389648438,167.56500244140625,3556423.0
2024-04-18 12:30:00-04:00,167.56500244140625,167.6999969482422,166.6300048828125,166.9799041748047,5691557.0
2024-04-18 13:30:00-04:00,166.99000549316406,167.11000061035156,166.5500030517578,166.85989379882812,4043124.0
2024-04-18 14:30:00-04:00,166.8800048828125,167.25,166.63999938964844,167.10000610351562,3707430.0
2024-04-18 15:30:00-04:00,167.10000610351562,167.37429809570312,166.77499389648438,167.0399932861328,4286307.0
2024-04-18 16:00:00-04:00,167.0101,175.8947,166.92,166.9609,0.0
2024-04-18 17:00:00-04:00,166.96,167.04,166.85,166.875,0.0
2024-04-18 18:00:00-04:00,166.88,167.18,166.85,166.9,0.0
2024-04-18 19:00:00-04:00,166.875,166.9,166.57,166.8,0.0
2024-04-19 04:00:00-04:00,166.17,166.49,165.85,166.1,0.0
2024-04-19 05:00:00-04:00,166.15,166.57,166.01,166.55,0.0
2024-04-19 06:00:00-04:00,166.58,167.88,166.32,167.55,0.0
2024-04-19 07:00:00-04:00,167.45,167.45,166.86,167.16,0.0
2024-04-19 08:00:00-04:00,167.12,167.8582,165.24,167.19,0.0
2024-04-19 09:00:00-04:00,167.161,173.2341,165.7,166.231,0.0
2024-04-19 09:30:00-04:00,166.1199951171875,166.39999389648438,164.82000732421875,165.27000427246094,16054092.0
2024-04-19 10:30:00-04:00,165.25999450683594,165.66000366210938,164.875,164.98500061035156,6502988.0
2024-04-19 11:30:00-04:00,164.97999572753906,165.16000366210938,164.0800018310547,164.36239624023438,6573825.0
2024-04-19 12:30:00-04:00,164.3699951171875,165.3000030517578,164.17999267578125,164.9199981689453,6201635.0
2024-04-19 13:30:00-04:00,164.89999389648438,165.6699981689453,164.89999389648438,165.0399932861328,5158159.0
2024-04-19 14:30:00-04:00,165.02000427246094,165.24000549316406,164.52000427246094,165.1649932861328,6320854.0
2024-04-19 15:30:00-04:00,165.16000366210938,165.1999969482422,164.7949981689453,164.92999267578125,7970297.0
2024-04-19 16:00:00-04:00,164.93,165.13,164.8,164.99,0.0
2024-04-19 17:00:00-04:00,164.99,195.18,153.5141,164.8206,0.0
2024-04-19 18:00:00-04:00,164.835,165.0,164.55,164.66,0.0
2024-04-19 19:00:00-04:00,164.66,165.0,164.3,164.64,0.0
2024-04-22 04:00:00-04:00,165.39,165.8,165.39,165.61,0.0
2024-04-22 05:00:00-04:00,165.63,166.19,165.45,165.9,0.0
2024-04-22 06:00:00-04:00,165.89,166.33,165.77,165.88,0.0
2024-04-22 07:00:00-04:00,165.88,165.93,165.45,165.63,0.0
2024-04-22 08:00:00-04:00,165.55,166.355,164.588,166.05,0.0
2024-04-22 09:00:00-04:00,166.05,173.6,164.825,165.57,0.0
2024-04-22 09:30:00-04:00,165.75,166.22999572753906,165.22999572753906,165.3699951171875,9753629.0
2024-04-22 10:30:00-04:00,165.3699951171875,165.5399932861328,164.77000427246094,165.39500427246094,4939703.0
2024-04-22 11:30:00-04:00,165.39999389648438,165.8699951171875,165.3748016357422,165.6199951171875,4178724.0
2024-04-22 12:30:00-04:00,165.61419677734375,166.28500366210938,165.43499755859375,166.27499389648438,3510757.0
2024-04-22 13:30:00-04:00,166.27000427246094,167.25999450683594,166.27000427246094,166.85499572753906,5021219.0
2024-04-22 14:30:00-04:00,166.86000061035156,167.0500030517578,166.2550048828125,166.66000366210938,6192002.0
2024-04-22 15:30:00-04:00,166.66000366210938,166.73989868164062,165.63999938964844,165.83999633789062,5290621.0
2024-04-22 16:00:00-04:00,165.88,201.7418,156.2764,165.71,0.0
2024-04-22 17:00:00-04:00,165.7,201.7418,154.0648,166.0,0.0
2024-04-22 18:00:00-04:00,166.02,188.176,165.65,165.79,0.0
2024-04-22 19:00:00-04:00,165.76,165.84,165.53,165.7,0.0
2024-04-23 04:00:00-04:00,165.16,165.8,165.16,165.55,0.0
2024-04-23 05:00:00-04:00,165.55,165.67,165.03,165.38,0.0
2024-04-23 06:00:00-04:00,165.4,165.4,165.05,165.15,0.0
2024-04-23 07:00:00-04:00,165.15,165.87,165.1,165.2,0.0
2024-04-23 08:00:00-04:00,165.26,166.25,164.9,165.49,0.0
2024-04-23 09:00:00-04:00,165.49,179.045,165.269,165.31,0.0
2024-04-23 09:30:00-04:00,165.25999450683594,166.7100067138672,164.92999267578125,165.82000732421875,10992740.0
2024-04-23 10:30:00-04:00,165.82000732421875,166.97999572753906,165.82000732421875,166.625,6119113.0
2024-04-23 11:30:00-04:00,166.6199951171875,166.6999969482422,166.05740356445312,166.27000427246094,3828132.0
2024-04-23 12:30:00-04:00,166.27000427246094,166.63999938964844,166.1717071533203,166.39199829101562,4067219.0
2024-04-23 13:30:00-04:00,166.39999389648438,166.86000061035156,166.3249969482422,166.83999633789062,2849527.0
2024-04-23 14:30:00-04:00,166.83999633789062,166.86990356445312,166.5,166.85000610351562,3658150.0
2024-04-23 15:30:00-04:00,166.83999633789062,167.0500030517578,166.7550048828125,166.91000366210938,5719471.0
2024-04-23 16:00:00-04:00,166.9,198.9817,153.0333,167.06,0.0
2024-04-23 17:00:00-04:00,167.09,167.28,166.85,167.115,0.0
2024-04-23 18:00:00-04:00,167.11,167.11,166.55,166.82,0.0
2024-04-23 19:00:00-04:00,166.85,167.18,166.49,167.0,0.0
2024-04-24 04:00:00-04:00,167.89,167.89,167.16,167.2,0.0
2024-04-24 05:00:00-04:00,167.21,167.36,167.12,167.26,0.0
2024-04-24 06:00:00-04:00,167.27,167.27,167.05,167.14,0.0
2024-04-24 07:00:00-04:00,167.17,167.19,166.41,166.55,0.0
2024-04-24 08:00:00-04:00,166.58,167.93,166.4,166.66,0.0
2024-04-24 09:00:00-04:00,166.73,166.9,163.955,166.46,0.0
2024-04-24 09:30:00-04:00,166.39999389648438,168.3000030517578,166.2100067138672,167.9949951171875,9855592.0
2024-04-24 10:30:00-04:00,167.9949951171875,168.27999877929688,167.52000427246094,167.9199981689453,5213388.0
2024-04-24 11:30:00-04:00,167.9250030517578,169.27499389648438,167.91000366210938,168.72500610351562,6588577.0
2024-04-24 12:30:00-04:00,168.72500610351562,168.85000610351562,168.11000061035156,168.46170043945312,3760303.0
2024-04-24 13:30:00-04:00,168.47000122070312,169.2899932861328,168.4600067138672,168.75,3891894.0
2024-04-24 14:30:00-04:00,168.75,169.08990478515625,168.27999877929688,169.05499267578125,3796420.0
2024-04-24 15:30:00-04:00,169.05409240722656,169.3000030517578,168.6699981689453,168.9499969482422,5580723.0
2024-04-24 16:00:00-04:00,169.02,203.4008,156.1738,168.9217,0.0
2024-04-24 17:00:00-04:00,168.92,169.3,168.6,169.21,0.0
2024-04-24 18:00:00-04:00,169.21,170.0,169.0,169.13,0.0
2024-04-24 19:00:00-04:00,169.13,169.34,169.01,169.15,0.0
2024-04-25 04:00:00-04:00,168.81,168.96,168.67,168.92,0.0
2024-04-25 05:00:00-04:00,168.93,169.2,168.76,168.91,0.0
2024-04-25 06:00:00-04:00,168.89,169.17,168.89,168.99,0.0
2024-04-25 07:00:00-04:00,168.99,169.31,168.64,169.15,0.0
2024-04-25 08:00:00-04:00,169.16,169.6,168.52,169.55,0.0
2024-04-25 09:00:00-04:00,169.64,176.55,167.355,169.54,0.0
2024-04-25 09:30:00-04:00,169.60000610351562,170.61000061035156,168.47000122070312,168.91749572753906,13123892.0
2024-04-25 10:30:00-04:00,168.89999389648438,169.08560180664062,168.4499969482422,168.5677947998047,4953755.0
2024-04-25 11:30:00-04:00,168.56500244140625,169.1999969482422,168.15109252929688,169.19000244140625,4246795.0
2024-04-25 12:30:00-04:00,169.18760681152344,169.53829956054688,168.9199981689453,169.05999755859375,3597812.0
2024-04-25 13:30:00-04:00,169.05499267578125,169.74989318847656,168.86000061035156,169.1300048828125,4047077.0
2024-04-25 14:30:00-04:00,169.11000061035156,170.03500366210938,168.96009826660156,169.93499755859375,5505667.0
2024-04-25 15:30:00-04:00,169.92999267578125,170.00999450683594,169.41000366210938,169.89999389648438,6221758.0
2024-04-25 16:00:00-04:00,169.89,170.81,165.5398,170.025,0.0
2024-04-25 17:00:00-04:00,170.01,174.4669,165.3224,170.14,0.0
2024-04-25 18:00:00-04:00,170.23,170.35,169.89,170.03,0.0
2024-04-25 19:00:00-04:00,170.025,170.15,169.63,169.66,0.0
2024-04-26 04:00:00-04:00,169.98,170.24,169.98,170.09,0.0
2024-04-26 05:00:00-04:00,170.08,170.17,170.01,170.15,0.0
2024-04-26 06:00:00-04:00,170.1,170.21,170.05,170.2,0.0
2024-04-26 07:00:00-04:00,170.19,170.19,169.88,169.97,0.0
2024-04-26 08:00:00-04:00,169.97,170.48,169.8,170.13,0.0
2024-04-26 09:00:00-04:00,170.22,171.0,169.155,169.9,0.0
2024-04-26 09:30:00-04:00,169.8699951171875,171.05999755859375,169.5399932861328,170.66000366210938,9247096.0
2024-04-26 10:30:00-04:00,170.66000366210938,171.33999633789062,170.41000366210938,170.69000244140625,5410597.0
2024-04-26 11:30:00-04:00,170.68499755859375,170.9199981689453,170.2100067138672,170.2449951171875,3910867.0
2024-04-26 12:30:00-04:00,170.25,170.25999450683594,169.76010131835938,169.875,4152260.0
2024-04-26 13:30:00-04:00,169.8800048828125,169.88999938964844,169.3699951171875,169.6999969482422,4417993.0
2024-04-26 14:30:00-04:00,169.6999969482422,170.11000061035156,169.52000427246094,169.99000549316406,4106101.0
2024-04-26 15:30:00-04:00,169.97999572753906,170.08999633789062,169.19000244140625,169.2899932861328,6146863.0
2024-04-26 16:00:00-04:00,169.3,170.28,159.9185,169.43,0.0
2024-04-26 17:00:00-04:00,169.39,169.5,169.32,169.46,0.0
2024-04-26 18:00:00-04:00,169.4219,169.98,169.37,169.88,0.0
2024-04-26 19:00:00-04:00,169.82,169.85,169.57,169.66,0.0
2024-04-29 04:00:00-04:00,171.35,172.13,171.35,171.62,0.0
2024-04-29 05:00:00-04:00,171.66,172.44,171.35,172.05,0.0
2024-04-29 06:00:00-04:00,172.09,172.72,172.0,172.66,0.0
2024-04-29 07:00:00-04:00,172.66,173.25,172.32,173.15,0.0
2024-04-29 08:00:00-04:00,173.15,173.75,169.01,173.66,0.0
2024-04-29 09:00:00-04:00,173.67,173.79,169.3,173.31,0.0
2024-04-29 09:30:00-04:00,173.38999938964844,176.02999877929688,173.1300048828125,174.75999450683594,22509930.0
2024-04-29 10:30:00-04:00,174.75,175.1300048828125,173.97999572753906,174.50999450683594,7830323.0
2024-04-29 11:30:00-04:00,174.5198974609375,174.82000732421875,174.00999450683594,174.3249969482422,5706873.0
2024-04-29 12:30:00-04:00,174.32769775390625,174.8887939453125,174.22000122070312,174.8699951171875,4546336.0
2024-04-29 13:30:00-04:00,174.8699951171875,175.10499572753906,174.08999633789062,174.2657928466797,4501161.0
2024-04-29 14:30:00-04:00,174.26010131835938,174.66000366210938,173.35150146484375,173.8249969482422,5832343.0
2024-04-29 15:30:00-04:00,173.8249969482422,173.97889709472656,173.1199951171875,173.49000549316406,5978948.0
2024-04-29 16:00:00-04:00,173.53,178.61,173.5,173.63,0.0
2024-04-29 17:00:00-04:00,173.67,173.7,161.597,173.61,0.0
2024-04-29 18:00:00-04:00,173.61,173.64,173.52,173.58,0.0
2024-04-29 19:00:00-04:00,173.56,173.75,173.52,173.54,0.0
2024-04-30 04:00:00-04:00,173.91,173.96,173.6,173.87,0.0
2024-04-30 05:00:00-04:00,173.91,174.09,173.9,174.05,0.0
2024-04-30 06:00:00-04:00,174.06,174.45,174.06,174.3,0.0
2024-04-30 07:00:00-04:00,174.3,174.31,173.81,173.87,0.0
2024-04-30 08:00:00-04:00,173.88,174.4633,173.5,173.68,0.0
2024-04-30 09:00:00-04:00,173.6,175.335,172.75,173.2,0.0
2024-04-30 09:30:00-04:00,173.20199584960938,174.99000549316406,172.64999389648438,174.42999267578125,9649989.0
2024-04-30 10:30:00-04:00,174.4250030517578,174.94500732421875,173.72459411621094,173.86500549316406,6074161.0
2024-04-30 11:30:00-04:00,173.86990356445312,174.1999053955078,173.60499572753906,173.8365936279297,3446845.0
2024-04-30 12:30:00-04:00,173.83999633789062,173.92999267578125,173.22000122070312,173.27529907226562,4148810.0
2024-04-30 13:30:00-04:00,173.30499267578125,173.87989807128906,173.10000610351562,173.17999267578125,3964263.0
2024-04-30 14:30:00-04:00,173.1999969482422,173.34500122070312,172.55999755859375,172.72999572753906,4786101.0
2024-04-30 15:30:00-04:00,172.74000549316406,172.94000244140625,170.02000427246094,170.08999633789062,11784580.0
2024-04-30 16:00:00-04:00,170.06,174.27,158.2209,169.89,0.0
2024-04-30 17:00:00-04:00,169.9,174.27,169.6,169.76,0.0
2024-04-30 18:00:00-04:00,169.9,174.27,169.75,170.25,0.0
2024-04-30 19:00:00-04:00,170.28,170.31,169.95,169.975,0.0
2024-05-01 04:00:00-04:00,170.0,170.25,169.55,169.58,0.0
2024-05-01 05:00:00-04:00,169.59,169.79,169.31,169.59,0.0
2024-05-01 06:00:00-04:00,169.5,170.16,169.35,169.93,0.0
2024-05-01 07:00:00-04:00,169.83,170.33,169.75,169.81,0.0
2024-05-01 08:00:00-04:00,169.83,170.6,169.2762,169.775,0.0
2024-05-01 09:00:00-04:00,169.75,174.85,169.58,169.86,0.0
2024-05-01 09:30:00-04:00,170.0,171.07000732421875,169.11000061035156,170.81500244140625,8294097.0
2024-05-01 10:30:00-04:00,170.78500366210938,171.36000061035156,170.64500427246094,171.1699981689453,4272367.0
2024-05-01 11:30:00-04:00,171.1699981689453,171.72000122070312,171.10000610351562,171.38999938964844,4126555.0
2024-05-01 12:30:00-04:00,171.3800048828125,171.4499969482422,170.7550048828125,171.1199951171875,2863605.0
2024-05-01 13:30:00-04:00,171.125,171.50999450683594,170.61000061035156,171.42300415039062,4066520.0
2024-05-01 14:30:00-04:00,171.4199981689453,172.69000244140625,170.89500427246094,172.3699951171875,8561606.0
2024-05-01 15:30:00-04:00,172.38499450683594,172.38499450683594,169.25,169.2899932861328,9451344.0
2024-05-01 16:00:00-04:00,169.29,181.0823,163.6618,170.03,0.0
2024-05-01 17:00:00-04:00,170.04,170.4,169.3,170.285,0.0
2024-05-01 18:00:00-04:00,170.35,170.45,169.3,170.21,0.0
2024-05-01 19:00:00-04:00,170.26,170.5,170.08,170.35,0.0
2024-05-02 04:00:00-04:00,170.67,171.51,170.63,171.3,0.0
2024-05-02 05:00:00-04:00,171.4,171.4,170.84,171.12,0.0
2024-05-02 06:00:00-04:00,171.17,171.38,170.99,171.12,0.0
2024-05-02 07:00:00-04:00,171.12,171.27,171.05,171.22,0.0
2024-05-02 08:00:00-04:00,171.2,171.4372,169.52,170.89,0.0
2024-05-02 09:00:00-04:00,170.83,173.15,169.3,172.49,0.0
2024-05-02 09:30:00-04:00,172.4199981689453,172.66000366210938,170.88999938964844,171.58999633789062,16705177.0
2024-05-02 10:30:00-04:00,171.5941925048828,172.0800018310547,171.4199981689453,171.60000610351562,6210532.0
2024-05-02 11:30:00-04:00,171.59719848632812,172.5050048828125,171.46249389648438,172.3498992919922,6639465.0
2024-05-02 12:30:00-04:00,172.34500122070312,172.77999877929688,171.94000244140625,172.6988983154297,5497209.0
2024-05-02 13:30:00-04:00,172.6999969482422,172.94000244140625,172.41000366210938,172.89999389648438,6288261.0
2024-05-02 14:30:00-04:00,172.89999389648438,173.22000122070312,172.5500030517578,173.14999389648438,8749459.0
2024-05-02 15:30:00-04:00,173.14500427246094,173.4149932861328,172.5399932861328,173.08999633789062,9688076.0
2024-05-02 16:00:00-04:00,173.11,185.95,172.6,185.33,0.0
2024-05-02 17:00:00-04:00,185.35,186.65,173.03,184.1,0.0
2024-05-02 18:00:00-04:00,184.07,184.34,173.03,183.51,0.0
2024-05-02 19:00:00-04:00,183.5681,183.95,183.4,183.46,0.0
2024-05-03 04:00:00-04:00,183.0,183.32,182.36,183.28,0.0
2024-05-03 05:00:00-04:00,183.2,183.48,182.81,183.19,0.0
2024-05-03 06:00:00-04:00,183.19,183.46,183.07,183.29,0.0
2024-05-03 07:00:00-04:00,183.21,184.0,183.2,183.87,0.0
2024-05-03 08:00:00-04:00,183.88,184.69,181.71,184.355,0.0
2024-05-03 09:00:00-04:00,184.2,187.05,171.225,186.64,0.0
2024-05-03 09:30:00-04:00,186.6699981689453,187.0,182.66000366210938,184.17999267578125,55819788.0
2024-05-03 10:30:00-04:00,184.19900512695312,184.99000549316406,183.5399932861328,184.64999389648438,17983283.0
2024-05-03 11:30:00-04:00,184.66000366210938,184.94000244140625,184.1300048828125,184.36000061035156,10376113.0
2024-05-03 12:30:00-04:00,184.35989379882812,185.4949951171875,184.3000030517578,185.360107421875,12652093.0
2024-05-03 13:30:00-04:00,185.36000061035156,185.86000061035156,184.80999755859375,185.75,12223485.0
2024-05-03 14:30:00-04:00,185.7550048828125,185.99000549316406,184.25999450683594,184.9949951171875,16502580.0
2024-05-03 15:30:00-04:00,185.0,185.00999450683594,183.0500030517578,183.38999938964844,14886978.0
2024-05-03 16:00:00-04:00,183.39,184.77,172.51,183.82,0.0
2024-05-03 17:00:00-04:00,183.8,183.99,183.38,183.9,0.0
2024-05-03 18:00:00-04:00,183.865,183.94,183.8017,183.91,0.0
2024-05-03 19:00:00-04:00,183.89,183.94,183.38,183.77,0.0
2024-05-06 04:00:00-04:00,180.61,181.5,180.45,181.37,0.0
2024-05-06 05:00:00-04:00,181.31,182.0,181.24,181.99,0.0
2024-05-06 06:00:00-04:00,181.99,182.18,181.32,182.1,0.0
2024-05-06 07:00:00-04:00,182.08,182.71,182.0,182.57,0.0
2024-05-06 08:00:00-04:00,182.59,182.99,180.55,182.599,0.0
2024-05-06 09:00:00-04:00,182.6,186.91,182.0,182.4,0.0
2024-05-06 09:30:00-04:00,182.35400390625,184.1699981689453,181.6300048828125,182.6199951171875,21498066.0
2024-05-06 10:30:00-04:00,182.88999938964844,183.3800048828125,181.72999572753906,181.99710083007812,8234392.0
2024-05-06 11:30:00-04:00,182.0050048828125,182.39999389648438,181.5,181.60000610351562,7543780.0
2024-05-06 12:30:00-04:00,181.60000610351562,181.82989501953125,180.58120727539062,180.58999633789062,7567313.0
2024-05-06 13:30:00-04:00,180.58999633789062,181.33999633789062,180.4199981689453,180.80499267578125,7890598.0
2024-05-06 14:30:00-04:00,180.80999755859375,181.6199951171875,180.6999969482422,181.48060607910156,6903326.0
2024-05-06 15:30:00-04:00,181.49000549316406,182.02000427246094,181.24000549316406,181.6999969482422,8524836.0
2024-05-06 16:00:00-04:00,181.71,181.9,171.5159,181.815,0.0
2024-05-06 17:00:00-04:00,181.83,182.05,181.71,181.8,0.0
2024-05-06 18:00:00-04:00,181.79,182.04,181.76,181.935,0.0
2024-05-06 19:00:00-04:00,181.9,183.9,181.9,182.89,0.0
2024-05-07 04:00:00-04:00,183.02,183.62,182.47,183.23,0.0
2024-05-07 05:00:00-04:00,183.28,183.39,182.91,183.06,0.0
2024-05-07 06:00:00-04:00,183.07,183.7,183.05,183.36,0.0
2024-05-07 07:00:00-04:00,183.35,183.55,182.75,182.91,0.0
2024-05-07 08:00:00-04:00,182.97,183.6974,182.4798,183.34,0.0
2024-05-07 09:00:00-04:00,183.32,191.455,182.365,183.46,0.0
2024-05-07 09:30:00-04:00,183.4499969482422,184.89999389648438,182.7100067138672,182.83990478515625,23887519.0
2024-05-07 10:30:00-04:00,182.8249969482422,183.11000061035156,182.16000366210938,182.17999267578125,10527042.0
2024-05-07 11:30:00-04:00,182.16000366210938,182.356201171875,181.41000366210938,181.52000427246094,7432182.0
2024-05-07 12:30:00-04:00,181.52000427246094,182.72000122070312,181.32000732421875,182.55999755859375,6083145.0
2024-05-07 13:30:00-04:00,182.55999755859375,182.9199981689453,182.08999633789062,182.37600708007812,5530053.0
2024-05-07 14:30:00-04:00,182.3699951171875,182.77999877929688,182.1699981689453,182.63499450683594,4785926.0
2024-05-07 15:30:00-04:00,182.6300048828125,182.67999267578125,182.22000122070312,182.3699951171875,5031993.0
2024-05-07 16:00:00-04:00,182.37,184.17,176.4888,182.385,0.0
2024-05-07 17:00:00-04:00,182.385,182.5,182.26,182.36,0.0
2024-05-07 18:00:00-04:00,182.35,182.52,182.21,182.375,0.0
2024-05-07 19:00:00-04:00,182.37,182.4,182.2,182.28,0.0
2024-05-08 04:00:00-04:00,182.33,183.8,182.31,183.55,0.0
2024-05-08 05:00:00-04:00,183.6,183.6,183.06,183.2,0.0
2024-05-08 06:00:00-04:00,183.18,183.46,182.77,183.46,0.0
2024-05-08 07:00:00-04:00,183.47,183.49,182.6,182.63,0.0
2024-05-08 08:00:00-04:00,182.65,183.6821,182.01,182.32,0.0
2024-05-08 09:00:00-04:00,182.32,189.42,181.635,182.91,0.0
2024-05-08 09:30:00-04:00,182.7100067138672,182.9600067138672,181.4600067138672,181.91000366210938,10261929.0
2024-05-08 10:30:00-04:00,181.88999938964844,182.3800048828125,181.7550048828125,182.28500366210938,4657669.0
2024-05-08 11:30:00-04:00,182.28500366210938,182.61000061035156,181.8509979248047,182.33999633789062,4579068.0
2024-05-08 12:30:00-04:00,182.33999633789062,182.49000549316406,182.02999877929688,182.3000030517578,3047249.0
2024-05-08 13:30:00-04:00,182.30499267578125,182.72000122070312,182.2949981689453,182.68499755859375,3954343.0
2024-05-08 14:30:00-04:00,182.69000244140625,182.99000549316406,182.61000061035156,182.89010620117188,4937356.0
2024-05-08 15:30:00-04:00,182.89500427246094,183.0500030517578,182.68499755859375,182.74000549316406,5220918.0
2024-05-08 16:00:00-04:00,182.74,182.87,172.9405,182.435,0.0
2024-05-08 17:00:00-04:00,182.41,182.74,182.41,182.55,0.0
2024-05-08 18:00:00-04:00,182.44,182.67,182.44,182.595,0.0
2024-05-08 19:00:00-04:00,182.55,182.64,182.4,182.46,0.0
2024-05-09 04:00:00-04:00,182.59,182.59,182.3,182.37,0.0
2024-05-09 05:00:00-04:00,182.38,182.38,182.12,182.22,0.0
2024-05-09 06:00:00-04:00,182.22,182.57,182.2,182.5,0.0
2024-05-09 07:00:00-04:00,182.49,182.49,182.21,182.31,0.0
2024-05-09 08:00:00-04:00,182.31,182.88,182.1343,182.47,0.0
2024-05-09 09:00:00-04:00,182.55,182.93,182.27,182.52,0.0
2024-05-09 09:30:00-04:00,182.55999755859375,183.82989501953125,182.1199951171875,183.4199981689453,9634755.0
2024-05-09 10:30:00-04:00,183.4250030517578,183.86000061035156,183.11000061035156,183.63999938964844,5753829.0
2024-05-09 11:30:00-04:00,183.64999389648438,183.83999633789062,183.43499755859375,183.60499572753906,4233577.0
2024-05-09 12:30:00-04:00,183.60499572753906,184.5,183.53990173339844,184.3800048828125,6031102.0
2024-05-09 13:30:00-04:00,184.38999938964844,184.64999389648438,184.05999755859375,184.25,4829910.0
2024-05-09 14:30:00-04:00,184.24000549316406,184.61500549316406,184.22000122070312,184.31500244140625,4012982.0
2024-05-09 15:30:00-04:00,184.30999755859375,184.64999389648438,184.3000030517578,184.64999389648438,5820164.0
2024-05-09 16:00:00-04:00,184.57,184.79,174.4669,184.65,0.0
2024-05-09 17:00:00-04:00,184.651,185.0,184.57,184.66,0.0
2024-05-09 18:00:00-04:00,184.62,185.0,184.62,184.775,0.0
2024-05-09 19:00:00-04:00,184.75,184.86,184.65,184.77,0.0
2024-05-10 04:00:00-04:00,184.57,184.86,184.55,184.74,0.0
2024-05-10 05:00:00-04:00,184.74,184.87,184.7,184.75,0.0
2024-05-10 06:00:00-04:00,184.74,185.0,184.74,184.92,0.0
2024-05-10 07:00:00-04:00,184.9,185.0,184.78,184.84,0.0
2024-05-10 08:00:00-04:00,184.84,185.0,184.57,184.73,0.0
2024-05-10 09:00:00-04:00,184.72,184.99,184.32,184.85,0.0
2024-05-10 09:30:00-04:00,184.9199981689453,185.08999633789062,183.14999389648438,183.2050018310547,12508339.0
2024-05-10 10:30:00-04:00,183.2100067138672,183.3997039794922,182.25999450683594,182.69000244140625,7423228.0
2024-05-10 11:30:00-04:00,182.6999969482422,182.73500061035156,182.2449951171875,182.48880004882812,3801053.0
2024-05-10 12:30:00-04:00,182.48500061035156,182.58999633789062,182.2100067138672,182.39500427246094,2997546.0
2024-05-10 13:30:00-04:00,182.38999938964844,182.85000610351562,182.1300048828125,182.74000549316406,4477086.0
2024-05-10 14:30:00-04:00,182.72999572753906,182.9600067138672,182.57000732421875,182.94000244140625,4005294.0
2024-05-10 15:30:00-04:00,182.94000244140625,183.1999969482422,182.7899932861328,183.0,5183512.0
2024-05-10 16:00:00-04:00,182.99,185.0,182.55,182.58,0.0
2024-05-10 17:00:00-04:00,182.59,183.06,171.5725,182.81,0.0
2024-05-10 18:00:00-04:00,182.81,182.84,182.75,182.8352,0.0
2024-05-10 19:00:00-04:00,182.82,183.05,182.5,182.51,0.0
2024-05-13 04:00:00-04:00,183.67,184.7,183.67,184.61,0.0
2024-05-13 05:00:00-04:00,184.65,184.82,184.5,184.79,0.0
2024-05-13 06:00:00-04:00,184.82,185.11,184.67,184.81,0.0
2024-05-13 07:00:00-04:00,184.79,185.74,184.77,185.36,0.0
2024-05-13 08:00:00-04:00,185.35,185.75,182.99,185.33,0.0
2024-05-13 09:00:00-04:00,185.36,189.335,165.0,185.3,0.0
2024-05-13 09:30:00-04:00,185.43499755859375,185.86500549316406,184.6199951171875,185.68899536132812,13788872.0
2024-05-13 10:30:00-04:00,185.68499755859375,186.42999267578125,185.6300048828125,185.9199981689453,9423195.0
2024-05-13 11:30:00-04:00,185.9149932861328,186.5,185.77999877929688,186.2899932861328,7602808.0
2024-05-13 12:30:00-04:00,186.2899932861328,186.92999267578125,186.25,186.65859985351562,8098301.0
2024-05-13 13:30:00-04:00,186.66000366210938,186.9499969482422,186.3699951171875,186.6501007080078,5453676.0
2024-05-13 14:30:00-04:00,186.65989685058594,187.10000610351562,186.55999755859375,186.98989868164062,6516486.0
2024-05-13 15:30:00-04:00,186.98500061035156,187.02999877929688,186.07000732421875,186.28500366210938,9250536.0
2024-05-13 16:00:00-04:00,186.28,189.0331,186.03,186.27,0.0
2024-05-13 17:00:00-04:00,186.27,196.6142,186.11,186.2,0.0
2024-05-13 18:00:00-04:00,186.2,186.3,186.12,186.3,0.0
2024-05-13 19:00:00-04:00,186.22,186.3,186.1,186.14,0.0
2024-05-14 04:00:00-04:00,186.55,186.87,186.36,186.77,0.0
2024-05-14 05:00:00-04:00,186.77,187.12,186.71,186.9,0.0
2024-05-14 06:00:00-04:00,186.86,187.12,186.81,187.02,0.0
2024-05-14 07:00:00-04:00,187.08,187.08,186.47,186.47,0.0
2024-05-14 08:00:00-04:00,186.4,187.1128,186.17,186.225,0.0
2024-05-14 09:00:00-04:00,186.2,187.62,185.4003,187.505,0.0
2024-05-14 09:30:00-04:00,187.64999389648438,188.3000030517578,186.5500030517578,187.00999450683594,14754549.0
2024-05-14 10:30:00-04:00,187.00999450683594,187.1999969482422,186.2899932861328,186.97999572753906,4957021.0
2024-05-14 11:30:00-04:00,186.98500061035156,187.0,186.52000427246094,186.8000030517578,3617615.0
2024-05-14 12:30:00-04:00,186.8000030517578,186.9499969482422,186.4510040283203,186.52999877929688,3012019.0
2024-05-14 13:30:00-04:00,186.53500366210938,187.3699951171875,186.48500061035156,187.32940673828125,5421425.0
2024-05-14 14:30:00-04:00,187.3249969482422,187.80999755859375,187.1999969482422,187.7449951171875,4923069.0
2024-05-14 15:30:00-04:00,187.75,187.91000366210938,187.16000366210938,187.38999938964844,5635981.0
2024-05-14 16:00:00-04:00,187.39,188.4183,184.905,187.55,0.0
2024-05-14 17:00:00-04:00,187.55,187.58,187.43,187.55,0.0
2024-05-14 18:00:00-04:00,187.515,187.78,187.43,187.56,0.0
2024-05-14 19:00:00-04:00,187.58,187.8,187.3,187.485,0.0
2024-05-15 04:00:00-04:00,187.44,187.46,187.01,187.27,0.0
2024-05-15 05:00:00-04:00,187.3,187.43,187.27,187.35,0.0
2024-05-15 06:00:00-04:00,187.36,187.38,187.19,187.24,0.0
2024-05-15 07:00:00-04:00,187.23,187.37,187.16,187.2,0.0
2024-05-15 08:00:00-04:00,187.23,187.47,187.0,187.01,0.0
2024-05-15 09:00:00-04:00,187.25,188.25,172.69,187.95,0.0
2024-05-15 09:30:00-04:00,187.97999572753906,189.72999572753906,187.3800048828125,189.57899475097656,15211599.0
2024-05-15 10:30:00-04:00,189.5800018310547,190.07000732421875,189.52000427246094,189.9199981689453,10479415.0
2024-05-15 11:30:00-04:00,189.9250030517578,190.2100067138672,189.5399932861328,190.15499877929688,5434851.0
2024-05-15 12:30:00-04:00,190.15499877929688,190.64999389648438,190.13999938964844,190.3699951171875,6113081.0
2024-05-15 13:30:00-04:00,190.3800048828125,190.5500030517578,189.8603057861328,189.92999267578125,5363162.0
2024-05-15 14:30:00-04:00,189.9250030517578,190.25999450683594,189.82000732421875,189.875,6702029.0
2024-05-15 15:30:00-04:00,189.8800048828125,190.1199951171875,189.5,189.74000549316406,8181060.0
2024-05-15 16:00:00-04:00,189.75,202.0365,179.7201,189.76,0.0
2024-05-15 17:00:00-04:00,189.755,191.9203,179.7201,189.745,0.0
2024-05-15 18:00:00-04:00,189.75,189.95,189.74,189.84,0.0
2024-05-15 19:00:00-04:00,189.87,190.0,189.84,189.91,0.0
2024-05-16 04:00:00-04:00,190.42,190.56,190.23,190.37,0.0
2024-05-16 05:00:00-04:00,190.37,190.37,189.59,189.61,0.0
2024-05-16 06:00:00-04:00,189.6,189.76,189.44,189.73,0.0
2024-05-16 07:00:00-04:00,189.73,190.16,189.66,190.1,0.0
2024-05-16 08:00:00-04:00,190.12,190.7,189.44,190.1,0.0
2024-05-16 09:00:00-04:00,190.1,190.65,189.9,190.47,0.0
2024-05-16 09:30:00-04:00,190.51600646972656,191.09500122070312,189.97500610351562,190.5802001953125,13478830.0
2024-05-16 10:30:00-04:00,190.5850067138672,190.75,189.72500610351562,189.9698944091797,6494017.0
2024-05-16 11:30:00-04:00,189.96499633789062,190.3800048828125,189.76499938964844,190.32110595703125,5165187.0
2024-05-16 12:30:00-04:00,190.32949829101562,190.48809814453125,189.97000122070312,190.00999450683594,3483587.0
2024-05-16 13:30:00-04:00,190.00050354003906,190.25999450683594,189.75999450683594,189.92739868164062,3578815.0
2024-05-16 14:30:00-04:00,189.9199981689453,190.10000610351562,189.83999633789062,189.88499450683594,3752308.0
2024-05-16 15:30:00-04:00,189.88999938964844,190.22000122070312,189.66009521484375,189.89999389648438,6377484.0
2024-05-16 16:00:00-04:00,189.91,189.92,180.6077,189.745,0.0
2024-05-16 17:00:00-04:00,199.6953,199.6953,189.72,189.76,0.0
2024-05-16 18:00:00-04:00,189.77,190.01,189.66,189.895,0.0
2024-05-16 19:00:00-04:00,189.94,190.1,189.85,190.04,0.0
2024-05-17 04:00:00-04:00,189.85,189.85,189.56,189.56,0.0
2024-05-17 05:00:00-04:00,189.51,189.68,189.47,189.68,0.0
2024-05-17 06:00:00-04:00,189.69,189.79,189.69,189.75,0.0
2024-05-17 07:00:00-04:00,189.75,189.88,189.7,189.85,0.0
2024-05-17 08:00:00-04:00,189.85,190.1,189.46,189.97,0.0
2024-05-17 09:00:00-04:00,189.97,190.44,189.29,189.79,0.0
2024-05-17 09:30:00-04:00,189.3800048828125,190.80999755859375,189.22000122070312,190.1501007080078,10313420.0
2024-05-17 10:30:00-04:00,190.16000366210938,190.3000030517578,189.65199279785156,189.69700622558594,3636563.0
2024-05-17 11:30:00-04:00,189.69000244140625,189.9600067138672,189.42010498046875,189.7899932861328,3477507.0
2024-05-17 12:30:00-04:00,189.7949981689453,189.99000549316406,189.5811004638672,189.68499755859375,2227185.0
2024-05-17 13:30:00-04:00,189.69000244140625,189.875,189.3800048828125,189.67999267578125,3173599.0
2024-05-17 14:30:00-04:00,189.6649932861328,190.1300048828125,189.6199951171875,190.10830688476562,3544941.0
2024-05-17 15:30:00-04:00,190.10499572753906,190.14999389648438,189.75039672851562,189.92999267578125,5767398.0
2024-05-17 16:00:00-04:00,189.87,190.975,173.03,190.04,0.0
2024-05-17 17:00:00-04:00,190.03,202.4032,158.804,190.015,0.0
2024-05-17 18:00:00-04:00,190.015,190.03,189.87,189.99,0.0
2024-05-17 19:00:00-04:00,189.99,190.05,189.87,189.9,0.0
2024-05-20 04:00:00-04:00,189.87,190.11,189.71,190.09,0.0
2024-05-20 05:00:00-04:00,190.08,190.08,189.31,189.34,0.0
2024-05-20 06:00:00-04:00,189.33,189.33,188.26,188.45,0.0
2024-05-20 07:00:00-04:00,188.49,189.2,188.48,189.13,0.0
2024-05-20 08:00:00-04:00,189.11,190.18,188.31,189.35,0.0
2024-05-20 09:00:00-04:00,189.39,190.605,188.85,189.36,0.0
2024-05-20 09:30:00-04:00,189.35000610351562,191.77000427246094,189.00999450683594,191.60499572753906,11170451.0
2024-05-20 10:30:00-04:00,191.60000610351562,191.91990661621094,191.1699981689453,191.17999267578125,6619615.0
2024-05-20 11:30:00-04:00,191.1750030517578,191.50999450683594,191.02000427246094,191.1649932861328,3353981.0
2024-05-20 12:30:00-04:00,191.16000366210938,191.80499267578125,191.16000366210938,191.46499633789062,3398871.0
2024-05-20 13:30:00-04:00,191.46400451660156,191.6199951171875,191.16009521484375,191.41000366210938,2512725.0
2024-05-20 14:30:00-04:00,191.41000366210938,191.5,191.0800018310547,191.31399536132812,3014420.0
2024-05-20 15:30:00-04:00,191.30999755859375,191.34800720214844,190.80999755859375,191.0800018310547,4813353.0
2024-05-20 16:00:00-04:00,191.04,201.7418,191.04,191.2,0.0
2024-05-20 17:00:00-04:00,201.7418,201.7418,191.13,191.18,0.0
2024-05-20 18:00:00-04:00,191.18,191.37,191.04,191.13,0.0
2024-05-20 19:00:00-04:00,191.19,191.3,191.1,191.215,0.0
2024-05-21 04:00:00-04:00,191.03,191.2,190.78,190.88,0.0
2024-05-21 05:00:00-04:00,190.88,190.89,190.7,190.71,0.0
2024-05-21 06:00:00-04:00,190.74,190.98,190.71,190.95,0.0
2024-05-21 07:00:00-04:00,190.95,191.6,190.95,191.56,0.0
2024-05-21 08:00:00-04:00,191.55,191.7,190.7,191.29,0.0
2024-05-21 09:00:00-04:00,191.29,191.65,189.345,191.09,0.0
2024-05-21 09:30:00-04:00,191.08999633789062,192.58999633789062,190.92010498046875,192.2100067138672,9575653.0
2024-05-21 10:30:00-04:00,192.22999572753906,192.64990234375,191.86000061035156,192.28269958496094,5835087.0
2024-05-21 11:30:00-04:00,192.2899932861328,192.42300415039062,191.8300018310547,192.17909240722656,3296315.0
2024-05-21 12:30:00-04:00,192.1750030517578,192.38499450683594,191.77999877929688,192.36000061035156,3030314.0
2024-05-21 13:30:00-04:00,192.3699951171875,192.5399932861328,192.2949981689453,192.51499938964844,3614416.0
2024-05-21 14:30:00-04:00,192.51499938964844,192.67999267578125,192.39999389648438,192.52999877929688,3655229.0
2024-05-21 15:30:00-04:00,192.52999877929688,192.72999572753906,192.27999877929688,192.36000061035156,5302236.0
2024-05-21 16:00:00-04:00,192.35,198.9817,163.5576,192.38,0.0
2024-05-21 17:00:00-04:00,192.36,198.9817,163.5576,192.39,0.0
2024-05-21 18:00:00-04:00,192.39,192.65,192.39,192.62,0.0
2024-05-21 19:00:00-04:00,192.5912,192.7,192.35,192.6,0.0
2024-05-22 04:00:00-04:00,192.26,192.35,192.1,192.1,0.0
2024-05-22 05:00:00-04:00,192.05,192.11,191.77,191.83,0.0
2024-05-22 06:00:00-04:00,191.83,191.9,191.76,191.76,0.0
2024-05-22 07:00:00-04:00,191.78,192.38,191.68,192.36,0.0
2024-05-22 08:00:00-04:00,192.32,192.7807,191.686,192.12,0.0
2024-05-22 09:00:00-04:00,192.135,192.3898,191.02,192.2908,0.0
2024-05-22 09:30:00-04:00,192.25,192.82310485839844,191.97999572753906,192.71499633789062,6192624.0
2024-05-22 10:30:00-04:00,192.71499633789062,192.75999450683594,192.0330047607422,192.13999938964844,3840572.0
2024-05-22 11:30:00-04:00,192.13999938964844,192.1999969482422,191.52499389648438,191.6199951171875,3221517.0
2024-05-22 12:30:00-04:00,191.61500549316406,191.72999572753906,191.0800018310547,191.3699951171875,2593453.0
2024-05-22 13:30:00-04:00,191.36000061035156,191.42999267578125,190.27000427246094,190.60000610351562,3969834.0
2024-05-22 14:30:00-04:00,190.59500122070312,190.94000244140625,190.52000427246094,190.9398956298828,2705299.0
2024-05-22 15:30:00-04:00,190.9300994873047,191.30499267578125,190.3800048828125,190.97999572753906,4670368.0
2024-05-22 16:00:00-04:00,190.9,203.4008,162.6997,190.495,0.0
2024-05-22 17:00:00-04:00,190.49,190.8,190.25,190.635,0.0
2024-05-22 18:00:00-04:00,190.77,190.9,190.5,190.59,0.0
2024-05-22 19:00:00-04:00,190.65,190.69,190.35,190.43,0.0
2024-05-23 04:00:00-04:00,190.89,191.12,190.81,191.12,0.0
2024-05-23 05:00:00-04:00,191.04,191.1,190.7,190.97,0.0
2024-05-23 06:00:00-04:00,190.96,190.98,190.75,190.82,0.0
2024-05-23 07:00:00-04:00,190.82,191.11,190.82,190.91,0.0
2024-05-23 08:00:00-04:00,190.91,191.49,190.6907,191.398,0.0
2024-05-23 09:00:00-04:00,191.35,191.47,190.41,190.94,0.0
2024-05-23 09:30:00-04:00,191.0,191.0,188.5050048828125,189.0500030517578,10163386.0
2024-05-23 10:30:00-04:00,189.05999755859375,189.69000244140625,188.67999267578125,189.4499969482422,6137975.0
2024-05-23 11:30:00-04:00,189.4550018310547,189.7100067138672,189.07000732421875,189.52499389648438,3243022.0
2024-05-23 12:30:00-04:00,189.52499389648438,189.59950256347656,188.42999267578125,188.64010620117188,3640141.0
2024-05-23 13:30:00-04:00,188.64999389648438,188.68499755859375,187.30999755859375,187.7050018310547,5194146.0
2024-05-23 14:30:00-04:00,187.6999969482422,187.8000030517578,187.16000366210938,187.6199951171875,4566990.0
2024-05-23 15:30:00-04:00,187.6199951171875,187.82000732421875,186.625,186.91000366210938,5803901.0
2024-05-23 16:00:00-04:00,186.88,192.51,174.4669,186.99,0.0
2024-05-23 17:00:00-04:00,186.985,187.14,186.88,187.01,0.0
2024-05-23 18:00:00-04:00,187.08,187.38,187.01,187.225,0.0
2024-05-23 19:00:00-04:00,187.225,187.29,187.06,187.28,0.0
2024-05-24 04:00:00-04:00,187.66,188.37,187.53,188.32,0.0
2024-05-24 05:00:00-04:00,188.32,188.64,188.13,188.18,0.0
2024-05-24 06:00:00-04:00,188.1,188.29,188.07,188.21,0.0
2024-05-24 07:00:00-04:00,188.25,188.42,188.06,188.06,0.0
2024-05-24 08:00:00-04:00,188.14,189.48,186.91,187.9,0.0
2024-05-24 09:00:00-04:00,187.76,190.97,173.03,188.775,0.0
2024-05-24 09:30:00-04:00,188.82000732421875,189.52000427246094,188.0404052734375,189.52000427246094,9165795.0
2024-05-24 10:30:00-04:00,189.51499938964844,190.2899932861328,189.25999450683594,190.1199951171875,4878308.0
2024-05-24 11:30:00-04:00,190.11000061035156,190.5800018310547,189.72999572753906,190.37989807128906,3569741.0
2024-05-24 12:30:00-04:00,190.3800048828125,190.55999755859375,190.22999572753906,190.4149932861328,2486685.0
2024-05-24 13:30:00-04:00,190.4199981689453,190.46499633789062,190.05499267578125,190.14999389648438,3081217.0
2024-05-24 14:30:00-04:00,190.14999389648438,190.38999938964844,189.93499755859375,190.08999633789062,2750429.0
2024-05-24 15:30:00-04:00,190.0850067138672,190.24000549316406,189.82000732421875,190.0,3538245.0
2024-05-24 16:00:00-04:00,190.02,190.03,189.2817,189.99,0.0
2024-05-24 17:00:00-04:00,189.995,190.05,189.01,189.995,0.0
2024-05-24 18:00:00-04:00,189.99,190.0998,189.91,190.0998,0.0
2024-05-24 19:00:00-04:00,190.0901,190.1,189.9,189.95,0.0
2024-05-28 04:00:00-04:00,190.7,192.67,190.43,192.67,0.0
2024-05-28 05:00:00-04:00,192.64,194.29,192.62,194.16,0.0
2024-05-28 06:00:00-04:00,194.14,194.83,193.85,194.0,0.0
2024-05-28 07:00:00-04:00,193.86,194.36,193.5,193.56,0.0
2024-05-28 08:00:00-04:00,193.58,194.8148,190.0,193.24,0.0
2024-05-28 09:00:00-04:00,193.225,193.3,191.03,191.52,0.0
2024-05-28 09:30:00-04:00,191.53199768066406,192.99000549316406,190.33999633789062,191.63999938964844,15396828.0
2024-05-28 10:30:00-04:00,191.6300048828125,191.77000427246094,191.13009643554688,191.6199951171875,5008372.0
2024-05-28 11:30:00-04:00,191.61000061035156,191.9499969482422,191.05999755859375,191.2550048828125,4381780.0
2024-05-28 12:30:00-04:00,191.2501983642578,191.45899963378906,190.86000061035156,190.875,3205058.0
2024-05-28 13:30:00-04:00,190.875,190.9600067138672,189.64999389648438,189.72979736328125,4766217.0
2024-05-28 14:30:00-04:00,189.72500610351562,189.8699951171875,189.10000610351562,189.53280639648438,5144489.0
2024-05-28 15:30:00-04:00,189.53799438476562,190.10000610351562,189.3300018310547,190.10000610351562,4991097.0
2024-05-28 16:00:00-04:00,189.99,190.25,185.3755,188.4183,0.0
2024-05-28 17:00:00-04:00,190.035,196.6142,188.4183,190.02,0.0
2024-05-28 18:00:00-04:00,190.09,190.15,189.97,190.02,0.0
2024-05-28 19:00:00-04:00,190.02,190.23,189.98,190.15,0.0
2024-05-29 04:00:00-04:00,189.93,190.0,189.71,189.78,0.0
2024-05-29 05:00:00-04:00,189.75,189.75,188.96,189.33,0.0
2024-05-29 06:00:00-04:00,189.33,189.92,189.33,189.88,0.0
2024-05-29 07:00:00-04:00,189.89,189.91,189.49,189.65,0.0
2024-05-29 08:00:00-04:00,189.69,190.7,188.82,190.31,0.0
2024-05-29 09:00:00-04:00,190.35,192.705,189.3,189.69,0.0
2024-05-29 09:30:00-04:00,189.50999450683594,192.2469940185547,189.50999450683594,191.85000610351562,12968690.0
2024-05-29 10:30:00-04:00,191.84890747070312,192.24000549316406,191.125,191.48370361328125,6819860.0
2024-05-29 11:30:00-04:00,191.48500061035156,191.77999877929688,191.0800018310547,191.75999450683594,4646271.0
2024-05-29 12:30:00-04:00,191.7624969482422,192.02999877929688,191.5030059814453,191.7949981689453,3262501.0
2024-05-29 13:30:00-04:00,191.7899932861328,191.97000122070312,191.30999755859375,191.5601043701172,4166095.0
2024-05-29 14:30:00-04:00,191.55999755859375,191.6300048828125,190.72000122070312,191.13999938964844,4716309.0
2024-05-29 15:30:00-04:00,191.13999938964844,191.2100067138672,189.95989990234375,190.3699951171875,6936004.0
2024-05-29 16:00:00-04:00,190.37,202.0365,179.7201,189.8,0.0
2024-05-29 17:00:00-04:00,189.825,190.57,179.7201,190.35,0.0
2024-05-29 18:00:00-04:00,190.42,190.66,189.93,190.04,0.0
2024-05-29 19:00:00-04:00,189.9993,190.25,189.97,190.24,0.0
2024-05-30 04:00:00-04:00,190.15,190.36,189.88,190.36,0.0
2024-05-30 05:00:00-04:00,190.36,190.77,190.36,190.53,0.0
2024-05-30 06:00:00-04:00,190.53,190.67,190.46,190.53,0.0
2024-05-30 07:00:00-04:00,190.5,190.79,190.35,190.4,0.0
2024-05-30 08:00:00-04:00,190.4,191.095,189.72,190.5,0.0
2024-05-30 09:00:00-04:00,190.5,190.87,190.29,190.73,0.0
2024-05-30 09:30:00-04:00,190.78500366210938,192.10000610351562,190.6300048828125,191.44500732421875,11192477.0
2024-05-30 10:30:00-04:00,191.4499969482422,191.82400512695312,191.0,191.69500732421875,5533218.0
2024-05-30 11:30:00-04:00,191.6699981689453,191.75,191.10000610351562,191.25999450683594,2975839.0
2024-05-30 12:30:00-04:00,191.25999450683594,192.13999938964844,191.2050018310547,192.07870483398438,3757523.0
2024-05-30 13:30:00-04:00,192.0800018310547,192.17999267578125,191.36000061035156,191.53500366210938,3362017.0
2024-05-30 14:30:00-04:00,191.5366973876953,191.8000030517578,191.41000366210938,191.56500244140625,4143522.0
2024-05-30 15:30:00-04:00,191.5800018310547,191.83999633789062,190.85000610351562,191.2899932861328,6616325.0
2024-05-30 16:00:00-04:00,191.32,199.6953,180.6077,191.3,0.0
2024-05-30 17:00:00-04:00,191.17,199.6953,191.15,191.375,0.0
2024-05-30 18:00:00-04:00,191.39,192.51,191.15,191.56,0.0
2024-05-30 19:00:00-04:00,191.545,191.65,191.41,191.425,0.0
2024-05-31 04:00:00-04:00,191.0,191.6,190.65,191.57,0.0
2024-05-31 05:00:00-04:00,191.58,191.59,190.75,190.93,0.0
2024-05-31 06:00:00-04:00,190.95,191.13,190.84,190.87,0.0
2024-05-31 07:00:00-04:00,190.89,191.01,190.5,191.01,0.0
2024-05-31 08:00:00-04:00,190.97,191.68,190.35,191.55,0.0
2024-05-31 09:00:00-04:00,191.6,192.1,190.99,191.49,0.0
2024-05-31 09:30:00-04:00,191.44000244140625,192.57000732421875,191.27000427246094,191.69000244140625,10359581.0
2024-05-31 10:30:00-04:00,191.69000244140625,191.97000122070312,190.10000610351562,190.41000366210938,6925875.0
2024-05-31 11:30:00-04:00,190.38999938964844,190.7073974609375,189.91000366210938,190.19720458984375,4332092.0
2024-05-31 12:30:00-04:00,190.1999969482422,190.58999633789062,189.91000366210938,190.57000732421875,3119084.0
2024-05-31 13:30:00-04:00,190.57000732421875,190.82000732421875,190.3800048828125,190.55499267578125,2877661.0
2024-05-31 14:30:00-04:00,190.5500030517578,191.26980590820312,190.3300018310547,191.02999877929688,6023627.0
2024-05-31 15:30:00-04:00,191.02000427246094,192.49000549316406,190.89999389648438,192.47000122070312,9872872.0
2024-05-31 16:00:00-04:00,192.42,202.4032,190.805,192.3592,0.0
2024-05-31 17:00:00-04:00,192.36,192.51,192.25,192.46,0.0
2024-05-31 18:00:00-04:00,192.46,192.49,192.25,192.455,0.0
2024-05-31 19:00:00-04:00,192.465,192.49,192.36,192.475,0.0
2024-06-03 04:00:00-04:00,192.97,193.31,192.55,192.85,0.0
2024-06-03 05:00:00-04:00,192.85,193.18,192.85,193.0,0.0
2024-06-03 06:00:00-04:00,193.03,193.09,192.88,193.05,0.0
2024-06-03 07:00:00-04:00,193.04,193.07,192.71,192.85,0.0
2024-06-03 08:00:00-04:00,192.85,193.23,191.77,193.05,0.0
2024-06-03 09:00:00-04:00,192.99,193.12,191.305,193.02,0.0
2024-06-03 09:30:00-04:00,192.97999572753906,194.99000549316406,192.52999877929688,194.8350067138672,14806084.0
2024-06-03 10:30:00-04:00,194.8300018310547,194.9199981689453,193.5800018310547,194.1300048828125,6469352.0
2024-06-03 11:30:00-04:00,194.1199951171875,194.38999938964844,193.24000549316406,193.28939819335938,4781872.0
2024-06-03 12:30:00-04:00,193.27999877929688,193.82640075683594,192.83999633789062,193.7899932861328,4233538.0
2024-06-03 13:30:00-04:00,193.75999450683594,194.05499267578125,193.08999633789062,193.10000610351562,3561086.0
2024-06-03 14:30:00-04:00,193.10000610351562,193.52000427246094,192.91009521484375,193.35400390625,3785048.0
2024-06-03 15:30:00-04:00,193.36000061035156,194.11000061035156,193.27999877929688,194.08999633789062,5118764.0
2024-06-03 16:00:00-04:00,194.03,201.7418,192.25,194.1189,0.0
2024-06-03 17:00:00-04:00,194.09,205.9336,189.5065,194.065,0.0
2024-06-03 18:00:00-04:00,194.1,194.29,194.03,194.06,0.0
2024-06-03 19:00:00-04:00,194.065,194.12,194.03,194.09,0.0
2024-06-04 04:00:00-04:00,193.95,194.0,193.45,193.65,0.0
2024-06-04 05:00:00-04:00,193.64,193.65,193.02,193.21,0.0
2024-06-04 06:00:00-04:00,193.18,193.44,193.03,193.42,0.0
2024-06-04 07:00:00-04:00,193.39,193.64,193.25,193.62,0.0
2024-06-04 08:00:00-04:00,193.58,194.21,193.0083,193.755,0.0
2024-06-04 09:00:00-04:00,193.755,194.87,193.64,194.5948,0.0
2024-06-04 09:30:00-04:00,194.72000122070312,195.0,193.03419494628906,194.02999877929688,10693104.0
2024-06-04 10:30:00-04:00,194.02499389648438,194.39999389648438,193.66000366210938,194.0500030517578,5032304.0
2024-06-04 11:30:00-04:00,194.05499267578125,194.49000549316406,193.71499633789062,194.47000122070312,3593838.0
2024-06-04 12:30:00-04:00,194.47000122070312,194.82000732421875,194.33999633789062,194.80499267578125,3308960.0
2024-06-04 13:30:00-04:00,194.80999755859375,195.32000732421875,194.41000366210938,195.23500061035156,5053574.0
2024-06-04 14:30:00-04:00,195.22999572753906,195.32000732421875,193.92999267578125,194.5072021484375,5071285.0
2024-06-04 15:30:00-04:00,194.5050048828125,194.8699951171875,194.17999267578125,194.36500549316406,4327507.0
2024-06-04 16:00:00-04:00,194.35,198.9817,193.395,194.4002,0.0
2024-06-04 17:00:00-04:00,194.4,194.715,192.915,194.3994,0.0
2024-06-04 18:00:00-04:00,194.36,194.59,194.36,194.51,0.0
2024-06-04 19:00:00-04:00,194.48,195.0,194.48,194.615,0.0
2024-06-05 04:00:00-04:00,194.84,195.18,194.67,194.82,0.0
2024-06-05 05:00:00-04:00,194.81,194.96,194.71,194.8,0.0
2024-06-05 06:00:00-04:00,194.76,194.9,194.55,194.87,0.0
2024-06-05 07:00:00-04:00,194.9,194.95,194.62,194.84,0.0
2024-06-05 08:00:00-04:00,194.82,195.18,194.5752,195.0,0.0
2024-06-05 09:00:00-04:00,195.0,195.52,187.7863,195.5,0.0
2024-06-05 09:30:00-04:00,195.4199981689453,196.4199981689453,194.8800048828125,195.375,11655383.0
2024-06-05 10:30:00-04:00,195.3800048828125,196.1699981689453,195.19500732421875,196.13999938964844,6044987.0
2024-06-05 11:30:00-04:00,196.13999938964844,196.89999389648438,195.82000732421875,195.9250030517578,6551624.0
2024-06-05 12:30:00-04:00,195.9199981689453,196.25999450683594,195.60009765625,195.88519287109375,4380580.0
2024-06-05 13:30:00-04:00,195.8800048828125,196.6999969482422,195.8800048828125,196.2050018310547,5004091.0
2024-06-05 14:30:00-04:00,196.1999969482422,196.44000244140625,195.72000122070312,196.139892578125,4731794.0
2024-06-05 15:30:00-04:00,196.1300048828125,196.4499969482422,195.6199951171875,195.89999389648438,6222302.0
2024-06-05 16:00:00-04:00,195.88,203.4008,195.36,195.475,0.0
2024-06-05 17:00:00-04:00,195.475,203.4008,195.36,195.42,0.0
2024-06-05 18:00:00-04:00,195.41,195.87,195.3,195.6,0.0
2024-06-05 19:00:00-04:00,195.585,195.65,195.43,195.53,0.0
2024-06-06 04:00:00-04:00,195.66,196.1,195.65,195.94,0.0
2024-06-06 05:00:00-04:00,195.93,196.06,195.7,195.85,0.0
2024-06-06 06:00:00-04:00,195.83,195.96,195.71,195.89,0.0
2024-06-06 07:00:00-04:00,195.9,195.98,195.79,195.82,0.0
2024-06-06 08:00:00-04:00,195.82,196.19,195.55,195.79,0.0
2024-06-06 09:00:00-04:00,195.8,195.98,195.18,195.67,0.0
2024-06-06 09:30:00-04:00,195.68499755859375,196.5,195.2100067138672,195.9199981689453,9631306.0
2024-06-06 10:30:00-04:00,195.91000366210938,196.0,195.44000244140625,195.8350067138672,4451666.0
2024-06-06 11:30:00-04:00,195.8350067138672,195.83999633789062,195.41000366210938,195.6699981689453,3210636.0
2024-06-06 12:30:00-04:00,195.6768035888672,196.07000732421875,195.46499633789062,195.6479949951172,3210252.0
2024-06-06 13:30:00-04:00,195.64500427246094,195.73500061035156,194.9499969482422,195.54449462890625,3816320.0
2024-06-06 14:30:00-04:00,195.5399932861328,195.54080200195312,195.02000427246094,195.39300537109375,3431671.0
2024-06-06 15:30:00-04:00,195.39500427246094,195.5,194.1699981689453,194.47999572753906,5961018.0
2024-06-06 16:00:00-04:00,194.415,202.0051,193.93,194.46,0.0
2024-06-06 17:00:00-04:00,194.47,194.48,194.35,194.38,0.0
2024-06-06 18:00:00-04:00,194.4,194.85,194.38,194.63,0.0
2024-06-06 19:00:00-04:00,194.56,194.77,194.5,194.59,0.0
2024-06-07 04:00:00-04:00,195.03,195.13,194.7,194.8,0.0
2024-06-07 05:00:00-04:00,194.8,194.96,194.7,194.78,0.0
2024-06-07 06:00:00-04:00,194.82,194.94,194.82,194.86,0.0
2024-06-07 07:00:00-04:00,194.89,195.06,194.71,194.85,0.0
2024-06-07 08:00:00-04:00,194.85,195.3,194.6919,195.14,0.0
2024-06-07 09:00:00-04:00,195.17,196.13,193.42,194.82,0.0
2024-06-07 09:30:00-04:00,194.66000366210938,195.75,194.13999938964844,194.80999755859375,10154074.0
2024-06-07 10:30:00-04:00,194.80499267578125,195.97000122070312,194.74009704589844,195.6199951171875,6480520.0
2024-06-07 11:30:00-04:00,195.625,196.18499755859375,195.60000610351562,195.9550018310547,7373793.0
2024-06-07 12:30:00-04:00,195.9600067138672,196.49000549316406,195.7100067138672,196.36000061035156,4552773.0
2024-06-07 13:30:00-04:00,196.36000061035156,196.5800018310547,195.72000122070312,195.8699951171875,5669748.0
2024-06-07 14:30:00-04:00,195.86000061035156,196.44000244140625,195.5800018310547,196.4394989013672,4413006.0
2024-06-07 15:30:00-04:00,196.43499755859375,196.94000244140625,196.24000549316406,196.89999389648438,7738011.0
2024-06-07 16:00:00-04:00,196.89,196.96,196.63,196.95,0.0
2024-06-07 17:00:00-04:00,196.955,196.97,196.53,196.72,0.0
2024-06-07 18:00:00-04:00,196.84,196.84,196.6,196.77,0.0
2024-06-07 19:00:00-04:00,196.77,196.9,196.67,196.875,0.0
2024-06-10 04:00:00-04:00,197.3,197.77,197.21,197.71,0.0
2024-06-10 05:00:00-04:00,197.71,197.77,197.29,197.4,0.0
2024-06-10 06:00:00-04:00,197.44,197.44,197.14,197.32,0.0
2024-06-10 07:00:00-04:00,197.35,197.66,197.25,197.52,0.0
2024-06-10 08:00:00-04:00,197.52,198.2,196.91,197.7621,0.0
2024-06-10 09:00:00-04:00,197.78,197.97,196.52,196.87,0.0
2024-06-10 09:30:00-04:00,197.1999969482422,197.2816925048828,194.8300018310547,195.6199951171875,15640700.0
2024-06-10 10:30:00-04:00,195.6217041015625,195.74000549316406,195.25,195.55419921875,5515526.0
2024-06-10 11:30:00-04:00,195.55999755859375,196.2100067138672,195.07000732421875,195.88839721679688,6844150.0
2024-06-10 12:30:00-04:00,195.88999938964844,196.3800048828125,195.11000061035156,195.4250030517578,7537803.0
2024-06-10 13:30:00-04:00,195.44000244140625,196.4499969482422,192.14999389648438,193.16000366210938,23696662.0
2024-06-10 14:30:00-04:00,193.14999389648438,194.3000030517578,192.3300018310547,192.96499633789062,17145821.0
2024-06-10 15:30:00-04:00,192.9600067138672,193.19000244140625,192.2899932861328,193.1300048828125,9924521.0
2024-06-10 16:00:00-04:00,193.12,196.6142,187.7863,192.85,0.0
2024-06-10 17:00:00-04:00,192.78,193.12,192.22,192.32,0.0
2024-06-10 18:00:00-04:00,192.33,193.12,192.25,192.58,0.0
2024-06-10 19:00:00-04:00,192.62,192.79,192.22,192.31,0.0
2024-06-11 04:00:00-04:00,192.51,192.61,191.82,191.95,0.0
2024-06-11 05:00:00-04:00,191.97,192.04,191.51,191.51,0.0
2024-06-11 06:00:00-04:00,191.52,192.59,191.46,192.44,0.0
2024-06-11 07:00:00-04:00,192.41,193.0,192.1,192.24,0.0
2024-06-11 08:00:00-04:00,192.27,193.2365,191.4683,192.815,0.0
2024-06-11 09:00:00-04:00,192.83,197.17,187.7863,193.68,0.0
2024-06-11 09:30:00-04:00,193.66000366210938,201.0449981689453,193.63999938964844,200.89999389648438,41754118.0
2024-06-11 10:30:00-04:00,200.8925018310547,204.50999450683594,200.8800048828125,204.40989685058594,33923446.0
2024-06-11 11:30:00-04:00,204.39500427246094,205.4499969482422,203.4499969482422,204.22500610351562,23287350.0
2024-06-11 12:30:00-04:00,204.2476043701172,206.02999877929688,203.8000030517578,205.0399932861328,15916325.0
2024-06-11 13:30:00-04:00,205.02999877929688,205.41000366210938,204.44000244140625,205.0800018310547,11453848.0
2024-06-11 14:30:00-04:00,205.08999633789062,205.92999267578125,204.6999969482422,205.72999572753906,12935816.0
2024-06-11 15:30:00-04:00,205.72999572753906,207.16000366210938,205.49000549316406,207.13999938964844,16510894.0
2024-06-11 16:00:00-04:00,207.15,207.89,202.865,207.675,0.0
2024-06-11 17:00:00-04:00,207.6604,207.75,207.01,207.15,0.0
2024-06-11 18:00:00-04:00,207.15,207.2,158.804,206.925,0.0
2024-06-11 19:00:00-04:00,206.925,207.45,206.51,206.56,0.0
2024-06-12 04:00:00-04:00,206.43,206.59,206.18,206.32,0.0
2024-06-12 05:00:00-04:00,206.34,206.47,205.68,205.75,0.0
2024-06-12 06:00:00-04:00,205.72,206.38,205.59,206.3,0.0
2024-06-12 07:00:00-04:00,206.27,206.49,205.98,206.14,0.0
2024-06-12 08:00:00-04:00,206.15,206.6997,205.6083,205.9,0.0
2024-06-12 09:00:00-04:00,206.0,207.7896,193.755,207.38,0.0
2024-06-12 09:30:00-04:00,207.36000061035156,215.99000549316406,206.91000366210938,215.23500061035156,56496065.0
2024-06-12 10:30:00-04:00,215.22000122070312,218.1199951171875,214.67999267578125,217.58009338378906,28525914.0
2024-06-12 11:30:00-04:00,217.5800018310547,217.60000610351562,215.27000427246094,215.35000610351562,17483667.0
2024-06-12 12:30:00-04:00,215.33059692382812,217.36000061035156,214.86099243164062,216.92999267578125,12561436.0
2024-06-12 13:30:00-04:00,216.92750549316406,219.3249969482422,216.4600067138672,218.960205078125,17876803.0
2024-06-12 14:30:00-04:00,218.95010375976562,220.1999969482422,217.3699951171875,217.72999572753906,23575609.0
2024-06-12 15:30:00-04:00,217.74000549316406,217.75999450683594,212.83999633789062,213.1116943359375,27633505.0
2024-06-12 16:00:00-04:00,213.1,216.3339,202.0365,213.9,0.0
2024-06-12 17:00:00-04:00,213.9,214.45,213.07,213.74,0.0
2024-06-12 18:00:00-04:00,213.7,213.78,212.81,213.205,0.0
2024-06-12 19:00:00-04:00,213.2138,214.4,213.02,214.2,0.0
2024-06-13 04:00:00-04:00,215.09,215.19,213.71,214.13,0.0
2024-06-13 05:00:00-04:00,214.1,214.3,213.22,213.58,0.0
2024-06-13 06:00:00-04:00,213.58,213.63,213.05,213.29,0.0
2024-06-13 07:00:00-04:00,213.3,213.55,212.47,212.85,0.0
2024-06-13 08:00:00-04:00,212.86,217.3862,212.46,214.18,0.0
2024-06-13 09:00:00-04:00,214.14,224.745,206.74,214.8,0.0
2024-06-13 09:30:00-04:00,214.77999877929688,216.75,213.13999938964844,213.85020446777344,30111186.0
2024-06-13 10:30:00-04:00,213.8643035888672,214.5590057373047,212.17010498046875,213.44500732421875,11890302.0
2024-06-13 11:30:00-04:00,213.43589782714844,214.06179809570312,211.60000610351562,212.10000610351562,8952250.0
2024-06-13 12:30:00-04:00,212.11000061035156,213.74000549316406,212.02999877929688,213.60000610351562,6757287.0
2024-06-13 13:30:00-04:00,213.60499572753906,213.7899932861328,212.4001007080078,213.19000244140625,6146495.0
2024-06-13 14:30:00-04:00,213.1999969482422,214.39999389648438,213.0399932861328,214.33999633789062,12111802.0
2024-06-13 15:30:00-04:00,214.3300018310547,214.8800048828125,213.83200073242188,214.1300048828125,9252524.0
2024-06-13 16:00:00-04:00,214.12,215.1,199.6953,214.71,0.0
2024-06-13 17:00:00-04:00,214.7,214.755,199.6953,214.51,0.0
2024-06-13 18:00:00-04:00,214.46,214.51,214.23,214.4,0.0
2024-06-13 19:00:00-04:00,214.3977,214.6,214.03,214.42,0.0
2024-06-14 04:00:00-04:00,214.41,214.63,213.81,214.48,0.0
2024-06-14 05:00:00-04:00,214.46,214.69,213.89,214.0,0.0
2024-06-14 06:00:00-04:00,214.01,214.01,212.76,213.07,0.0
2024-06-14 07:00:00-04:00,213.07,213.84,212.76,213.47,0.0
2024-06-14 08:00:00-04:00,213.47,214.92,212.75,213.65,0.0
2024-06-14 09:00:00-04:00,213.68,216.52,212.65,213.82,0.0
2024-06-14 09:30:00-04:00,213.80999755859375,215.1699981689453,212.6199951171875,213.38999938964844,16970905.0
2024-06-14 10:30:00-04:00,213.38999938964844,213.91990661621094,212.66000366210938,213.59500122070312,9007098.0
2024-06-14 11:30:00-04:00,213.59500122070312,213.82000732421875,211.6699981689453,211.75,9057332.0
2024-06-14 12:30:00-04:00,211.75,212.2790069580078,211.3000030517578,211.77999877929688,6971182.0
2024-06-14 13:30:00-04:00,211.77999877929688,212.4499969482422,211.69000244140625,212.22500610351562,5419804.0
2024-06-14 14:30:00-04:00,212.22950744628906,212.38999938964844,211.67999267578125,212.3800048828125,5080813.0
2024-06-14 15:30:00-04:00,212.375,212.58790588378906,211.4199981689453,212.52000427246094,7731194.0
2024-06-14 16:00:00-04:00,212.54,212.62,212.38,212.49,0.0
2024-06-14 17:00:00-04:00,212.49,212.66,212.46,212.61,0.0
2024-06-14 18:00:00-04:00,212.6,212.9,212.49,212.67,0.0
2024-06-14 19:00:00-04:00,212.69,212.71,212.36,212.45,0.0
2024-06-17 04:00:00-04:00,213.24,214.36,212.82,214.35,0.0
2024-06-17 05:00:00-04:00,214.24,214.62,213.66,213.93,0.0
2024-06-17 06:00:00-04:00,213.96,214.1,213.61,213.62,0.0
2024-06-17 07:00:00-04:00,213.62,214.18,213.62,213.96,0.0
2024-06-17 08:00:00-04:00,213.94,214.6,212.62,214.145,0.0
2024-06-17 09:00:00-04:00,214.14,214.54,212.49,213.18,0.0
2024-06-17 09:30:00-04:00,213.3000030517578,216.49000549316406,212.72000122070312,216.09140014648438,23579228.0
2024-06-17 10:30:00-04:00,216.08999633789062,217.3300018310547,215.3300018310547,216.3314971923828,11752782.0
2024-06-17 11:30:00-04:00,216.3300018310547,217.07000732421875,215.82000732421875,216.5399932861328,7605894.0
2024-06-17 12:30:00-04:00,216.5399932861328,218.10000610351562,216.1300048828125,217.82000732421875,7465754.0
2024-06-17 13:30:00-04:00,217.8300018310547,218.75,217.75,218.35000610351562,8525981.0
2024-06-17 14:30:00-04:00,218.34519958496094,218.94500732421875,217.9600067138672,218.15499877929688,9383966.0
2024-06-17 15:30:00-04:00,218.16000366210938,218.33999633789062,215.47999572753906,216.7100067138672,11852085.0
2024-06-17 16:00:00-04:00,216.69,217.29,216.42,216.5715,0.0
2024-06-17 17:00:00-04:00,216.58,217.4281,201.7418,217.05,0.0
2024-06-17 18:00:00-04:00,217.05,217.1,216.67,216.8,0.0
2024-06-17 19:00:00-04:00,216.87,216.94,216.7,216.77,0.0
2024-06-18 04:00:00-04:00,217.25,217.34,215.0,217.03,0.0
2024-06-18 05:00:00-04:00,217.03,218.35,216.88,217.89,0.0
2024-06-18 06:00:00-04:00,217.94,218.3,217.91,218.09,0.0
2024-06-18 07:00:00-04:00,218.09,218.15,217.36,217.88,0.0
2024-06-18 08:00:00-04:00,217.9,218.3257,216.8443,217.95,0.0
2024-06-18 09:00:00-04:00,217.94,233.51,212.91,217.59,0.0
2024-06-18 09:30:00-04:00,217.61000061035156,218.6300048828125,214.44000244140625,215.30999755859375,21562377.0
2024-06-18 10:30:00-04:00,215.30999755859375,215.8000030517578,213.44000244140625,214.36000061035156,11158176.0
2024-06-18 11:30:00-04:00,214.35499572753906,214.44000244140625,213.0,213.22000122070312,7665650.0
2024-06-18 12:30:00-04:00,213.22000122070312,214.22999572753906,213.2165069580078,213.66000366210938,7074821.0
2024-06-18 13:30:00-04:00,213.66000366210938,214.05569458007812,213.07000732421875,213.72300720214844,5483651.0
2024-06-18 14:30:00-04:00,213.72500610351562,214.91000366210938,213.4001007080078,214.64999389648438,7084903.0
2024-06-18 15:30:00-04:00,214.64500427246094,215.10000610351562,213.91000366210938,214.3800048828125,7980426.0
2024-06-18 16:00:00-04:00,214.3301,214.58,213.9,214.17,0.0
2024-06-18 17:00:00-04:00,214.21,214.29,214.05,214.075,0.0
2024-06-18 18:00:00-04:00,214.075,214.24,214.0,214.13,0.0
2024-06-18 19:00:00-04:00,214.11,214.16,214.0,214.02,0.0
2024-06-20 04:00:00-04:00,214.74,215.26,214.2,214.83,0.0
2024-06-20 05:00:00-04:00,214.8,214.95,214.5,214.7,0.0
2024-06-20 06:00:00-04:00,214.69,214.75,214.5,214.67,0.0
2024-06-20 07:00:00-04:00,214.65,214.69,213.67,213.91,0.0
2024-06-20 08:00:00-04:00,213.9,215.3,213.37,213.94,0.0
2024-06-20 09:00:00-04:00,213.95,214.14,213.03,213.99,0.0
2024-06-20 09:30:00-04:00,213.92999267578125,214.24000549316406,211.47999572753906,211.6385955810547,18864147.0
2024-06-20 10:30:00-04:00,211.6300048828125,211.97000122070312,209.52999877929688,209.53500366210938,12783233.0
2024-06-20 11:30:00-04:00,209.5399932861328,211.1699981689453,209.4199981689453,209.52499389648438,9155236.0
2024-06-20 12:30:00-04:00,209.52999877929688,210.28990173339844,209.1300048828125,209.3800048828125,6958427.0
2024-06-20 13:30:00-04:00,209.3699951171875,210.60000610351562,209.2100067138672,210.0399932861328,6536332.0
2024-06-20 14:30:00-04:00,210.0399932861328,210.1699981689453,209.16000366210938,209.67320251464844,8591610.0
2024-06-20 15:30:00-04:00,209.6750030517578,209.75,208.85000610351562,209.55999755859375,9279123.0
2024-06-20 16:00:00-04:00,209.56,210.522,209.56,209.95,0.0
2024-06-20 17:00:00-04:00,209.92,209.97,200.0631,209.5,0.0
2024-06-20 18:00:00-04:00,209.68,210.18,209.51,210.04,0.0
2024-06-20 19:00:00-04:00,210.0,210.16,209.71,210.0,0.0
2024-06-21 04:00:00-04:00,209.61,209.83,208.66,208.99,0.0
2024-06-21 05:00:00-04:00,208.85,209.45,208.73,209.07,0.0
2024-06-21 06:00:00-04:00,209.07,209.67,209.0,209.41,0.0
2024-06-21 07:00:00-04:00,209.47,210.8,209.47,210.69,0.0
2024-06-21 08:00:00-04:00,210.66,210.81,208.6358,209.75,0.0
2024-06-21 09:00:00-04:00,209.77,214.125,209.5,210.46,0.0
2024-06-21 09:30:00-04:00,210.38999938964844,211.88999938964844,209.58999633789062,210.82009887695312,29890095.0
2024-06-21 10:30:00-04:00,210.8300018310547,211.43479919433594,210.4199981689453,210.82000732421875,9274770.0
2024-06-21 11:30:00-04:00,210.82000732421875,211.6300048828125,210.72000122070312,211.10000610351562,4060107.0
2024-06-21 12:30:00-04:00,211.08999633789062,211.10989379882812,209.85000610351562,210.05999755859375,8297469.0
2024-06-21 13:30:00-04:00,210.05999755859375,210.97999572753906,209.9499969482422,210.84500122070312,5231252.0
2024-06-21 14:30:00-04:00,210.83999633789062,210.97000122070312,209.97000122070312,210.4199981689453,9306373.0
2024-06-21 15:30:00-04:00,210.4149932861328,210.85000610351562,207.11000061035156,207.11000061035156,19612185.0
2024-06-21 16:00:00-04:00,207.11,210.71,207.1,207.65,0.0
2024-06-21 17:00:00-04:00,207.63,207.76,207.47,207.68,0.0
2024-06-21 18:00:00-04:00,207.68,207.7,207.4,207.43,0.0
2024-06-21 19:00:00-04:00,207.44,207.46,207.2,207.21,0.0
2024-06-24 04:00:00-04:00,207.99,208.19,207.72,208.13,0.0
2024-06-24 05:00:00-04:00,208.11,208.21,207.35,207.47,0.0
2024-06-24 06:00:00-04:00,207.43,207.5,206.91,207.43,0.0
2024-06-24 07:00:00-04:00,207.48,208.14,207.34,207.58,0.0
2024-06-24 08:00:00-04:00,207.58,208.91,206.9,207.825,0.0
2024-06-24 09:00:00-04:00,207.85,211.07,207.49,207.67,0.0
2024-06-24 09:30:00-04:00,207.72000122070312,209.55999755859375,206.58999633789062,209.0050048828125,15818722.0
2024-06-24 10:30:00-04:00,209.0,212.6999969482422,208.9199981689453,212.36549377441406,13997902.0
2024-06-24 11:30:00-04:00,212.3800048828125,212.61000061035156,210.6300048828125,210.91000366210938,8594567.0
2024-06-24 12:30:00-04:00,210.91000366210938,211.0,209.39199829101562,210.0050048828125,6365972.0
2024-06-24 13:30:00-04:00,210.0,210.08999633789062,208.8800048828125,209.3699951171875,5647376.0
2024-06-24 14:30:00-04:00,209.3800048828125,209.50999450683594,208.52000427246094,208.85899353027344,5602001.0
2024-06-24 15:30:00-04:00,208.85000610351562,208.91000366210938,207.8446044921875,208.14999389648438,8540682.0
2024-06-24 16:00:00-04:00,208.15,215.815,208.1,208.88,0.0
2024-06-24 17:00:00-04:00,208.9,209.0,208.14,208.725,0.0
2024-06-24 18:00:00-04:00,208.73,209.05,196.6142,208.97,0.0
2024-06-24 19:00:00-04:00,208.97,209.21,208.81,209.155,0.0
2024-06-25 04:00:00-04:00,209.15,209.49,208.57,209.36,0.0
2024-06-25 05:00:00-04:00,209.34,209.4,208.6,209.4,0.0
2024-06-25 06:00:00-04:00,209.39,209.74,208.9,209.74,0.0
2024-06-25 07:00:00-04:00,209.7,209.87,209.47,209.69,0.0
2024-06-25 08:00:00-04:00,209.7,210.07,208.6119,210.03,0.0
2024-06-25 09:00:00-04:00,210.0,211.04,207.15,209.1,0.0
2024-06-25 09:30:00-04:00,209.0800018310547,211.3800048828125,208.61000061035156,209.79989624023438,14332677.0
2024-06-25 10:30:00-04:00,209.8000030517578,210.25999450683594,209.20010375976562,209.7100067138672,6546201.0
2024-06-25 11:30:00-04:00,209.72000122070312,210.48500061035156,209.7100067138672,210.03140258789062,3540240.0
2024-06-25 12:30:00-04:00,210.02999877929688,210.19000244140625,209.3800048828125,210.11500549316406,3379196.0
2024-06-25 13:30:00-04:00,210.11500549316406,210.67010498046875,209.94000244140625,210.66000366210938,3356142.0
2024-06-25 14:30:00-04:00,210.65890502929688,210.66900634765625,209.88999938964844,210.14010620117188,3656016.0
2024-06-25 15:30:00-04:00,210.13999938964844,210.13999938964844,208.82000732421875,209.0760040283203,5902321.0
2024-06-25 16:00:00-04:00,209.07,210.0,208.9,209.175,0.0
2024-06-25 17:00:00-04:00,209.165,209.33,209.09,209.275,0.0
2024-06-25 18:00:00-04:00,209.27,209.3,209.07,209.12,0.0
2024-06-25 19:00:00-04:00,209.13,209.27,209.08,209.1,0.0
2024-06-26 04:00:00-04:00,209.65,210.0,209.42,209.74,0.0
2024-06-26 05:00:00-04:00,209.8,210.09,209.7,209.75,0.0
2024-06-26 06:00:00-04:00,209.73,209.77,209.5,209.58,0.0
2024-06-26 07:00:00-04:00,209.58,211.63,209.52,210.77,0.0
2024-06-26 08:00:00-04:00,210.73,213.73,209.07,210.65,0.0
2024-06-26 09:00:00-04:00,210.7,211.65,209.21,211.4,0.0
2024-06-26 09:30:00-04:00,211.44000244140625,213.0,210.63999938964844,212.36000061035156,15333791.0
2024-06-26 10:30:00-04:00,212.3699951171875,213.74000549316406,212.343994140625,213.2100067138672,8758442.0
2024-06-26 11:30:00-04:00,213.2100067138672,214.77999877929688,213.02999877929688,214.34500122070312,6975792.0
2024-06-26 12:30:00-04:00,214.34500122070312,214.3699951171875,213.22999572753906,213.55999755859375,4272468.0
2024-06-26 13:30:00-04:00,213.55169677734375,214.86000061035156,213.49000549316406,214.35000610351562,5926758.0
2024-06-26 14:30:00-04:00,214.34500122070312,214.57000732421875,212.8300018310547,213.26199340820312,5748909.0
2024-06-26 15:30:00-04:00,213.28990173339844,213.5,212.72000122070312,213.1199951171875,5827438.0
2024-06-26 16:00:00-04:00,213.11,213.315,212.83,213.23,0.0
2024-06-26 17:00:00-04:00,213.195,213.25,212.91,212.95,0.0
2024-06-26 18:00:00-04:00,212.96,213.1,212.44,212.65,0.0
2024-06-26 19:00:00-04:00,212.67,213.0,212.57,212.825,0.0
2024-06-27 04:00:00-04:00,213.21,213.21,212.72,212.92,0.0
2024-06-27 05:00:00-04:00,212.87,214.09,212.87,214.09,0.0
2024-06-27 06:00:00-04:00,214.09,214.32,213.77,214.28,0.0
2024-06-27 07:00:00-04:00,214.2,214.22,213.77,213.97,0.0
2024-06-27 08:00:00-04:00,213.97,214.39,211.165,213.97,0.0
2024-06-27 09:00:00-04:00,213.95,214.85,210.5161,214.83,0.0
2024-06-27 09:30:00-04:00,214.6300048828125,215.739501953125,213.38999938964844,213.80999755859375,14261692.0
2024-06-27 10:30:00-04:00,213.80999755859375,213.9600067138672,212.35000610351562,212.9705047607422,6786057.0
2024-06-27 11:30:00-04:00,212.97000122070312,213.86000061035156,212.57000732421875,213.85499572753906,4414449.0
2024-06-27 12:30:00-04:00,213.8513946533203,214.19000244140625,213.55999755859375,214.0,3649798.0
2024-06-27 13:30:00-04:00,213.99400329589844,214.07000732421875,213.0500030517578,213.4199981689453,3166588.0
2024-06-27 14:30:00-04:00,213.4199981689453,214.02000427246094,213.27000427246094,213.8289031982422,3516414.0
2024-06-27 15:30:00-04:00,213.8300018310547,214.1199951171875,213.14500427246094,214.11000061035156,5152491.0
2024-06-27 16:00:00-04:00,214.11,214.5,213.57,214.155,0.0
2024-06-27 17:00:00-04:00,214.16,214.3,199.6953,214.16,0.0
2024-06-27 18:00:00-04:00,214.19,214.5,213.25,214.47,0.0
2024-06-27 19:00:00-04:00,214.4,214.54,214.4,214.54,0.0
2024-06-28 04:00:00-04:00,214.93,214.93,214.56,214.66,0.0
2024-06-28 05:00:00-04:00,214.68,215.65,214.6,215.33,0.0
2024-06-28 06:00:00-04:00,215.38,216.46,215.25,216.07,0.0
2024-06-28 07:00:00-04:00,216.07,216.3,215.5,215.83,0.0
2024-06-28 08:00:00-04:00,215.81,216.31,214.07,215.83,0.0
2024-06-28 09:00:00-04:00,215.72,216.0873,214.75,215.87,0.0
2024-06-28 09:30:00-04:00,215.80499267578125,216.07000732421875,213.57029724121094,214.63999938964844,13755548.0
2024-06-28 10:30:00-04:00,214.63499450683594,215.3000030517578,213.77000427246094,214.33999633789062,6226559.0
2024-06-28 11:30:00-04:00,214.3300018310547,214.7100067138672,213.52000427246094,213.83999633789062,5602697.0
2024-06-28 12:30:00-04:00,213.8350067138672,214.52999877929688,213.27000427246094,213.83009338378906,4952402.0
2024-06-28 13:30:00-04:00,213.85000610351562,214.0800018310547,213.1300048828125,213.2100067138672,3774396.0
2024-06-28 14:30:00-04:00,213.2100067138672,213.48500061035156,212.6999969482422,213.05499267578125,4936041.0
2024-06-28 15:30:00-04:00,213.0500030517578,213.60989379882812,210.3000030517578,210.61000061035156,13592315.0
2024-06-28 16:00:00-04:00,210.66,211.45,210.545,211.23,0.0
2024-06-28 17:00:00-04:00,211.2107,211.38,210.62,211.2,0.0
2024-06-28 18:00:00-04:00,211.18,211.25,211.13,211.2,0.0
2024-06-28 19:00:00-04:00,211.21,211.7,211.04,211.7,0.0
2024-07-01 04:00:00-04:00,211.7,211.88,211.53,211.82,0.0
2024-07-01 05:00:00-04:00,211.81,211.9,210.48,210.76,0.0
2024-07-01 06:00:00-04:00,210.71,211.6,210.63,211.24,0.0
2024-07-01 07:00:00-04:00,211.3,211.5,211.07,211.5,0.0
2024-07-01 08:00:00-04:00,211.5,212.35,210.497,211.37,0.0
2024-07-01 09:00:00-04:00,211.4,215.84,210.59,212.02,0.0
2024-07-01 09:30:00-04:00,212.1300048828125,215.58999633789062,211.9199981689453,215.22999572753906,14827486.0
2024-07-01 10:30:00-04:00,215.22000122070312,215.55999755859375,214.08999633789062,215.0133056640625,7684917.0
2024-07-01 11:30:00-04:00,215.00999450683594,216.5800018310547,214.6999969482422,216.5050048828125,6860373.0
2024-07-01 12:30:00-04:00,216.50999450683594,217.50999450683594,216.47000122070312,217.25430297851562,8436608.0
2024-07-01 13:30:00-04:00,217.25,217.25,215.9199981689453,215.93499755859375,4141471.0
2024-07-01 14:30:00-04:00,215.9199981689453,216.24000549316406,215.13999938964844,215.53500366210938,5270483.0
2024-07-01 15:30:00-04:00,215.53500366210938,217.0,215.4600067138672,216.72999572753906,5500033.0
2024-07-01 16:00:00-04:00,216.75,217.37,201.7418,216.89,0.0
2024-07-01 17:00:00-04:00,216.95,217.115,209.744,217.08,0.0
2024-07-01 18:00:00-04:00,217.055,217.1,216.8,216.865,0.0
2024-07-01 19:00:00-04:00,216.93,216.93,216.53,216.62,0.0
2024-07-02 04:00:00-04:00,216.29,216.45,216.1,216.39,0.0
2024-07-02 05:00:00-04:00,216.39,216.41,216.0,216.08,0.0
2024-07-02 06:00:00-04:00,216.08,216.08,215.58,215.91,0.0
2024-07-02 07:00:00-04:00,215.85,216.22,215.56,215.79,0.0
2024-07-02 08:00:00-04:00,215.72,216.62,215.5,215.91,0.0
2024-07-02 09:00:00-04:00,216.0,216.17,187.7863,216.0279,0.0
2024-07-02 09:30:00-04:00,216.14999389648438,218.89999389648438,215.10000610351562,218.70989990234375,14475116.0
2024-07-02 10:30:00-04:00,218.7100067138672,220.3300018310547,218.5637969970703,219.51019287109375,11555006.0
2024-07-02 11:30:00-04:00,219.52999877929688,220.11000061035156,218.75999450683594,219.1649932861328,5151809.0
2024-07-02 12:30:00-04:00,219.14999389648438,219.5,218.83079528808594,219.39999389648438,3236672.0
2024-07-02 13:30:00-04:00,219.4001007080078,220.07000732421875,219.27000427246094,220.02999877929688,3762941.0
2024-07-02 14:30:00-04:00,220.02999877929688,220.3300018310547,219.50999450683594,219.6199951171875,4789218.0
2024-07-02 15:30:00-04:00,219.61000061035156,220.3800048828125,219.5,220.3699951171875,5279602.0
2024-07-02 16:00:00-04:00,220.34,220.39,219.44,219.66,0.0
2024-07-02 17:00:00-04:00,219.7,220.27,219.4212,219.625,0.0
2024-07-02 18:00:00-04:00,219.6287,219.7,219.5,219.58,0.0
2024-07-02 19:00:00-04:00,219.65,219.68,219.35,219.39,0.0
2024-07-03 04:00:00-04:00,219.91,219.91,219.6,219.83,0.0
2024-07-03 05:00:00-04:00,219.83,219.88,219.5,219.51,0.0
2024-07-03 06:00:00-04:00,219.52,219.82,219.39,219.8,0.0
2024-07-03 07:00:00-04:00,219.81,219.81,219.5,219.55,0.0
2024-07-03 08:00:00-04:00,219.54,220.01,219.159,219.555,0.0
2024-07-03 09:00:00-04:00,219.555,220.0,215.5,219.99,0.0
2024-07-03 09:30:00-04:00,220.42999267578125,221.39999389648438,219.02999877929688,219.3800048828125,14372255.0
2024-07-03 10:30:00-04:00,219.37989807128906,220.72999572753906,219.10009765625,220.11500549316406,6600486.0
2024-07-03 11:30:00-04:00,220.11500549316406,221.3000030517578,219.77000427246094,221.3000030517578,5274586.0
2024-07-03 13:00:00-04:00,221.2899932861328,221.60000610351562,220.8800048828125,221.08999633789062,0.0
2024-07-03 14:00:00-04:00,221.09,221.55,209.0576,220.935,0.0
2024-07-03 15:00:00-04:00,220.94,221.6,220.66,221.6,0.0
2024-07-03 16:00:00-04:00,220.88,221.55,220.74,221.08,0.0
2024-07-05 04:00:00-04:00,221.7,221.86,221.58,221.76,0.0
2024-07-05 05:00:00-04:00,221.74,221.75,221.23,221.52,0.0
2024-07-05 06:00:00-04:00,221.54,221.69,221.3,221.45,0.0
2024-07-05 07:00:00-04:00,221.42,221.62,221.06,221.62,0.0
2024-07-05 08:00:00-04:00,221.57,221.9,221.05,221.33,0.0
2024-07-05 09:00:00-04:00,221.37,221.9266,219.2,221.72,0.0
2024-07-05 09:30:00-04:00,221.64999389648438,225.44000244140625,221.64999389648438,225.17080688476562,17905237.0
2024-07-05 10:30:00-04:00,225.1699981689453,225.19000244140625,223.8300018310547,224.72000122070312,6883671.0
2024-07-05 11:30:00-04:00,224.72000122070312,225.41909790039062,224.67999267578125,225.22000122070312,5004157.0
2024-07-05 12:30:00-04:00,225.22999572753906,225.3699951171875,224.72999572753906,225.35000610351562,3808323.0
2024-07-05 13:30:00-04:00,225.35499572753906,225.63999938964844,224.97999572753906,225.25,4601702.0
2024-07-05 14:30:00-04:00,225.25999450683594,225.52499389648438,225.00999450683594,225.4199981689453,4332445.0
2024-07-05 15:30:00-04:00,225.41990661621094,226.4499969482422,225.36000061035156,226.30999755859375,7165954.0
2024-07-05 16:00:00-04:00,226.32,226.85,212.75,226.2,0.0
2024-07-05 17:00:00-04:00,226.15,226.4667,212.75,226.3207,0.0
2024-07-05 18:00:00-04:00,226.34,226.39,226.3,226.355,0.0
2024-07-05 19:00:00-04:00,226.345,226.51,226.31,226.5,0.0
2024-07-08 04:00:00-04:00,226.99,227.56,226.71,227.52,0.0
2024-07-08 05:00:00-04:00,227.57,227.57,227.13,227.45,0.0
2024-07-08 06:00:00-04:00,227.41,227.42,227.14,227.28,0.0
2024-07-08 07:00:00-04:00,227.25,227.3,226.73,227.21,0.0
2024-07-08 08:00:00-04:00,227.27,228.22,225.775,227.42,0.0
2024-07-08 09:00:00-04:00,227.3725,227.6755,221.74,227.1,0.0
2024-07-08 09:30:00-04:00,227.08999633789062,227.35000610351562,223.25,225.1999969482422,16387202.0
2024-07-08 10:30:00-04:00,225.19979858398438,226.80999755859375,224.783203125,226.50999450683594,8150247.0
2024-07-08 11:30:00-04:00,226.52999877929688,227.0,225.7899932861328,226.52000427246094,5305936.0
2024-07-08 12:30:00-04:00,226.50999450683594,226.89999389648438,226.0500030517578,226.5998992919922,4946609.0
2024-07-08 13:30:00-04:00,226.5800018310547,227.44000244140625,226.38999938964844,227.3300018310547,4890440.0
2024-07-08 14:30:00-04:00,227.3300018310547,227.36000061035156,226.4600067138672,226.8249969482422,4484923.0
2024-07-08 15:30:00-04:00,226.80999755859375,227.83999633789062,226.76010131835938,227.8000030517578,6040675.0
2024-07-08 16:00:00-04:00,227.82,227.88,227.52,227.6402,0.0
2024-07-08 17:00:00-04:00,227.5715,227.95,220.4834,227.9012,0.0
2024-07-08 18:00:00-04:00,227.9012,227.98,227.8,227.8615,0.0
2024-07-08 19:00:00-04:00,227.8615,228.49,227.8615,228.3817,0.0
2024-07-09 04:00:00-04:00,228.28,228.32,227.5,227.67,0.0
2024-07-09 05:00:00-04:00,227.72,227.88,227.38,227.6,0.0
2024-07-09 06:00:00-04:00,227.6,227.79,227.42,227.68,0.0
2024-07-09 07:00:00-04:00,227.65,228.0,227.54,227.74,0.0
2024-07-09 08:00:00-04:00,227.74,228.55,227.3825,227.89,0.0
2024-07-09 09:00:00-04:00,227.8512,228.48,224.67,227.88,0.0
2024-07-09 09:30:00-04:00,228.18499755859375,229.39500427246094,226.37210083007812,228.52999877929688,13450286.0
2024-07-09 10:30:00-04:00,228.5229034423828,228.65499877929688,227.3000030517578,227.9149932861328,8133838.0
2024-07-09 11:30:00-04:00,227.91009521484375,228.2480010986328,227.60000610351562,228.17999267578125,4278456.0
2024-07-09 12:30:00-04:00,228.1699981689453,228.72540283203125,228.00999450683594,228.00999450683594,4244252.0
2024-07-09 13:30:00-04:00,228.0,228.53500366210938,227.85000610351562,228.44000244140625,3230951.0
2024-07-09 14:30:00-04:00,228.4499969482422,228.5198974609375,228.16000366210938,228.36000061035156,3274100.0
2024-07-09 15:30:00-04:00,228.35000610351562,228.77999877929688,228.1842041015625,228.6999969482422,4806474.0
2024-07-09 16:00:00-04:00,228.6786,228.78,227.82,228.6,0.0
2024-07-09 17:00:00-04:00,228.639,228.75,228.36,228.6215,0.0
2024-07-09 18:00:00-04:00,228.6215,229.0,228.582,228.9012,0.0
2024-07-09 19:00:00-04:00,228.9012,229.0,228.85,229.0,0.0
2024-07-10 04:00:00-04:00,228.98,229.09,228.68,229.03,0.0
2024-07-10 05:00:00-04:00,229.03,229.35,229.0,229.3,0.0
2024-07-10 06:00:00-04:00,229.3,229.93,229.07,229.89,0.0
2024-07-10 07:00:00-04:00,229.87,229.91,229.3,229.71,0.0
2024-07-10 08:00:00-04:00,229.74,229.995,228.3977,229.43,0.0
2024-07-10 09:00:00-04:00,229.4,229.58,226.435,229.21,0.0
2024-07-10 09:30:00-04:00,229.44000244140625,231.7220001220703,229.25,231.10000610351562,14711583.0
2024-07-10 10:30:00-04:00,231.11000061035156,231.15499877929688,230.10499572753906,230.9949951171875,6360484.0
2024-07-10 11:30:00-04:00,231.0,232.74000549316406,230.9550018310547,232.19500732421875,9467527.0
2024-07-10 12:30:00-04:00,232.1999969482422,232.4199981689453,230.7100067138672,231.55999755859375,7182941.0
2024-07-10 13:30:00-04:00,231.57000732421875,232.14999389648438,231.52000427246094,232.10000610351562,4334817.0
2024-07-10 14:30:00-04:00,232.10000610351562,232.19000244140625,231.6300048828125,231.75999450683594,4261881.0
2024-07-10 15:30:00-04:00,231.75999450683594,233.0800018310547,231.7050018310547,232.91000366210938,7115598.0
2024-07-10 16:00:00-04:00,232.91,233.04,220.29,232.5402,0.0
2024-07-10 17:00:00-04:00,232.55,236.4454,232.422,232.715,0.0
2024-07-10 18:00:00-04:00,232.75,232.8487,232.31,232.5017,0.0
2024-07-10 19:00:00-04:00,232.5,232.57,232.3,232.39,0.0
2024-07-11 04:00:00-04:00,232.8,232.8,232.36,232.54,0.0
2024-07-11 05:00:00-04:00,232.59,232.8,232.54,232.69,0.0
2024-07-11 06:00:00-04:00,232.69,232.72,232.63,232.64,0.0
2024-07-11 07:00:00-04:00,232.65,232.7,232.27,232.4,0.0
2024-07-11 08:00:00-04:00,232.41,232.91,230.29,232.205,0.0
2024-07-11 09:00:00-04:00,232.54,233.47,212.45,231.21,0.0
2024-07-11 09:30:00-04:00,231.31170654296875,232.38999938964844,228.52999877929688,228.89999389648438,16644797.0
2024-07-11 10:30:00-04:00,228.8699951171875,229.63999938964844,226.27000427246094,226.6199951171875,10923612.0
2024-07-11 11:30:00-04:00,226.6199951171875,227.83999633789062,225.77000427246094,227.7657928466797,7102718.0
2024-07-11 12:30:00-04:00,227.75999450683594,228.72000122070312,227.27000427246094,227.97999572753906,5833847.0
2024-07-11 13:30:00-04:00,227.97000122070312,227.97500610351562,226.58999633789062,227.26499938964844,3327985.0
2024-07-11 14:30:00-04:00,227.25999450683594,228.5500030517578,227.2100067138672,227.7100067138672,4129270.0
2024-07-11 15:30:00-04:00,227.72000122070312,228.6999969482422,227.5500030517578,227.5500030517578,6050973.0
2024-07-11 16:00:00-04:00,227.58,230.1,212.8457,227.7875,0.0
2024-07-11 17:00:00-04:00,227.74,228.0,227.57,227.85,0.0
2024-07-11 18:00:00-04:00,227.8515,228.6,227.75,228.395,0.0
2024-07-11 19:00:00-04:00,228.45,229.01,227.82,228.2882,0.0
2024-07-12 04:00:00-04:00,228.03,228.57,227.57,228.55,0.0
2024-07-12 05:00:00-04:00,228.53,228.74,228.12,228.25,0.0
2024-07-12 06:00:00-04:00,228.26,228.53,228.05,228.32,0.0
2024-07-12 07:00:00-04:00,228.33,228.45,227.88,228.3,0.0
2024-07-12 08:00:00-04:00,228.38,228.79,227.45,228.302,0.0
2024-07-12 09:00:00-04:00,228.31,246.01,227.68,229.05,0.0
2024-07-12 09:30:00-04:00,229.0,231.5,228.67999267578125,230.8800048828125,14080146.0
2024-07-12 10:30:00-04:00,230.8800048828125,232.3979949951172,230.6199951171875,231.89990234375,7527748.0
2024-07-12 11:30:00-04:00,231.89999389648438,231.99000549316406,230.50999450683594,230.7100067138672,5014273.0
2024-07-12 12:30:00-04:00,230.7100067138672,231.91000366210938,230.57000732421875,231.90249633789062,4220317.0
2024-07-12 13:30:00-04:00,231.89999389648438,232.63999938964844,231.83999633789062,232.27000427246094,4525973.0
2024-07-12 14:30:00-04:00,232.26499938964844,232.36000061035156,231.55999755859375,231.85989379882812,3484723.0
2024-07-12 15:30:00-04:00,231.86000061035156,231.8699951171875,229.91000366210938,230.57000732421875,5822133.0
2024-07-12 16:00:00-04:00,230.63,234.1131,227.886,230.18,0.0
2024-07-12 17:00:00-04:00,230.1605,230.54,230.16,230.28,0.0
2024-07-12 18:00:00-04:00,230.24,230.3,230.18,230.2012,0.0
2024-07-12 19:00:00-04:00,230.2012,230.54,230.2,230.4815,0.0
2024-07-15 04:00:00-04:00,232.92,234.0,232.54,233.38,0.0
2024-07-15 05:00:00-04:00,233.38,235.6,233.35,235.5,0.0
2024-07-15 06:00:00-04:00,235.5,235.56,234.65,235.33,0.0
2024-07-15 07:00:00-04:00,235.35,235.48,234.85,235.15,0.0
2024-07-15 08:00:00-04:00,235.16,235.5945,230.64,235.03,0.0
2024-07-15 09:00:00-04:00,235.05,236.675,229.0,236.42,0.0
2024-07-15 09:30:00-04:00,236.53199768066406,237.22999572753906,233.33999633789062,234.79010009765625,20535733.0
2024-07-15 10:30:00-04:00,234.82000732421875,236.3101043701172,234.47999572753906,235.67999267578125,6741084.0
2024-07-15 11:30:00-04:00,235.57000732421875,235.94979858398438,234.5,235.30799865722656,6661308.0
2024-07-15 12:30:00-04:00,235.32000732421875,235.8800048828125,234.6199951171875,234.69000244140625,3851727.0
2024-07-15 13:30:00-04:00,234.6595001220703,234.8000030517578,233.9040069580078,234.2050018310547,3774759.0
2024-07-15 14:30:00-04:00,234.2100067138672,235.07000732421875,233.97000122070312,234.5800018310547,4097236.0
2024-07-15 15:30:00-04:00,234.5800018310547,234.7899932861328,233.08999633789062,234.4199981689453,5847732.0
2024-07-15 16:00:00-04:00,234.43,243.2133,234.3525,234.9507,0.0
2024-07-15 17:00:00-04:00,234.98,243.2133,196.89,234.95,0.0
2024-07-15 18:00:00-04:00,234.9412,235.29,234.9,235.27,0.0
2024-07-15 19:00:00-04:00,235.2505,235.57,235.25,235.5507,0.0
2024-07-16 04:00:00-04:00,235.56,235.65,234.4,235.42,0.0
2024-07-16 05:00:00-04:00,235.42,235.5,234.62,234.9,0.0
2024-07-16 06:00:00-04:00,234.9,235.3,234.79,235.25,0.0
2024-07-16 07:00:00-04:00,235.28,235.3,234.97,234.97,0.0
2024-07-16 08:00:00-04:00,234.97,236.1,234.405,235.1905,0.0
2024-07-16 09:00:00-04:00,235.2,236.795,234.13,235.06,0.0
2024-07-16 09:30:00-04:00,235.2050018310547,236.27000427246094,233.00999450683594,233.8300018310547,11433979.0
2024-07-16 10:30:00-04:00,233.8300018310547,234.91000366210938,233.6750030517578,234.16000366210938,5219269.0
2024-07-16 11:30:00-04:00,234.16000366210938,234.35000610351562,232.6199951171875,232.94790649414062,5683620.0
2024-07-16 12:30:00-04:00,232.9250030517578,233.7971954345703,232.3300018310547,233.5449981689453,4383942.0
2024-07-16 13:30:00-04:00,233.5399932861328,234.5500030517578,233.4149932861328,234.38999938964844,3187466.0
2024-07-16 14:30:00-04:00,234.39950561523438,234.86500549316406,234.3000030517578,234.55990600585938,3209757.0
2024-07-16 15:30:00-04:00,234.5500030517578,234.97999572753906,234.28500366210938,234.80999755859375,2857260.0
2024-07-16 16:00:00-04:00,234.8,234.95,193.545,234.5205,0.0
2024-07-16 17:00:00-04:00,234.5205,234.82,234.41,234.6222,0.0
2024-07-16 18:00:00-04:00,234.6222,234.75,234.5052,234.6517,0.0
2024-07-16 19:00:00-04:00,234.6517,234.72,234.22,234.281,0.0
2024-07-17 04:00:00-04:00,233.39,233.39,230.3,230.44,0.0
2024-07-17 05:00:00-04:00,230.37,231.6,230.35,231.45,0.0
2024-07-17 06:00:00-04:00,231.35,231.38,230.55,230.65,0.0
2024-07-17 07:00:00-04:00,230.64,231.06,229.5,230.35,0.0
2024-07-17 08:00:00-04:00,230.35,234.81,229.4121,230.1,0.0
2024-07-17 09:00:00-04:00,230.0,235.17,221.55,229.43,0.0
2024-07-17 09:30:00-04:00,230.1300048828125,231.45989990234375,226.63999938964844,227.82000732421875,17630432.0
2024-07-17 10:30:00-04:00,227.8000030517578,228.8300018310547,227.4499969482422,228.6199951171875,5951133.0
2024-07-17 11:30:00-04:00,228.6300048828125,229.00999450683594,228.09500122070312,228.4949951171875,4229799.0
2024-07-17 12:30:00-04:00,228.48500061035156,229.00999450683594,228.14999389648438,228.6999969482422,3870619.0
2024-07-17 13:30:00-04:00,228.67999267578125,229.77999877929688,228.25999450683594,229.51910400390625,4477036.0
2024-07-17 14:30:00-04:00,229.51800537109375,229.8000030517578,228.9600067138672,229.13999938964844,4776274.0
2024-07-17 15:30:00-04:00,229.13999938964844,229.82000732421875,228.57000732421875,228.88499450683594,6250577.0
2024-07-17 16:00:00-04:00,228.88,231.31,226.805,229.0227,0.0
2024-07-17 17:00:00-04:00,229.0227,229.82,227.8,228.93,0.0
2024-07-17 18:00:00-04:00,228.9212,229.35,228.92,229.145,0.0
2024-07-17 19:00:00-04:00,229.1022,229.35,229.03,229.13,0.0
2024-07-18 04:00:00-04:00,230.19,230.65,229.61,230.59,0.0
2024-07-18 05:00:00-04:00,230.5,231.17,230.4,230.85,0.0
2024-07-18 06:00:00-04:00,230.8,230.8,229.71,230.12,0.0
2024-07-18 07:00:00-04:00,230.17,230.49,229.8,230.0,0.0
2024-07-18 08:00:00-04:00,229.93,231.74,229.26,230.4412,0.0
2024-07-18 09:00:00-04:00,230.5,231.265,227.565,230.0265,0.0
2024-07-18 09:30:00-04:00,230.34500122070312,230.44000244140625,226.58999633789062,227.88999938964844,12105218.0
2024-07-18 10:30:00-04:00,227.8699951171875,228.00999450683594,222.7899932861328,222.99000549316406,12436258.0
2024-07-18 11:30:00-04:00,222.97999572753906,224.02999877929688,222.4499969482422,223.35000610351562,7965624.0
2024-07-18 12:30:00-04:00,223.35000610351562,225.06500244140625,222.47000122070312,224.55999755859375,6798222.0
2024-07-18 13:30:00-04:00,224.5500030517578,225.1999969482422,224.4149932861328,224.60009765625,5011871.0
2024-07-18 14:30:00-04:00,224.5800018310547,225.00999450683594,223.45089721679688,224.1300048828125,4639961.0
2024-07-18 15:30:00-04:00,224.1199951171875,225.14999389648438,223.8249969482422,224.19000244140625,5051993.0
2024-07-18 16:00:00-04:00,224.17,224.83,223.98,224.7315,0.0
2024-07-18 17:00:00-04:00,224.7315,225.248,224.18,225.1715,0.0
2024-07-18 18:00:00-04:00,225.1715,225.36,224.85,225.2527,0.0
2024-07-18 19:00:00-04:00,225.2527,225.39,224.7,224.8627,0.0
2024-07-19 04:00:00-04:00,224.05,224.32,222.0,222.62,0.0
2024-07-19 05:00:00-04:00,222.64,223.89,222.62,223.32,0.0
2024-07-19 06:00:00-04:00,223.32,225.5,223.27,225.33,0.0
2024-07-19 07:00:00-04:00,225.31,226.25,224.95,225.95,0.0
2024-07-19 08:00:00-04:00,225.95,226.25,221.9102,225.7,0.0
2024-07-19 09:00:00-04:00,225.7015,230.265,222.91,225.06,0.0
2024-07-19 09:30:00-04:00,224.8520050048828,226.8000030517578,224.4199981689453,225.0142059326172,14532936.0
2024-07-19 10:30:00-04:00,225.05999755859375,225.86000061035156,223.8708038330078,223.9600067138672,5048006.0
2024-07-19 11:30:00-04:00,223.9600067138672,225.0500030517578,223.55999755859375,223.94500732421875,5582598.0
2024-07-19 12:30:00-04:00,223.94000244140625,224.57989501953125,223.27499389648438,224.4600067138672,3519449.0
2024-07-19 13:30:00-04:00,224.42999267578125,224.94500732421875,223.86000061035156,224.44000244140625,3290229.0
2024-07-19 14:30:00-04:00,224.4600067138672,225.1199951171875,223.88999938964844,225.00999450683594,3663851.0
2024-07-19 15:30:00-04:00,225.0,225.0699005126953,224.00999450683594,224.3800048828125,5391560.0
2024-07-19 16:00:00-04:00,224.29,224.63,224.1336,224.4607,0.0
2024-07-19 17:00:00-04:00,224.46,224.49,224.31,224.3305,0.0
2024-07-19 18:00:00-04:00,224.3495,226.38,223.26,224.3,0.0
2024-07-19 19:00:00-04:00,224.3007,226.6,224.18,224.1815,0.0
2024-07-22 04:00:00-04:00,225.06,225.5,225.06,225.35,0.0
2024-07-22 05:00:00-04:00,225.35,225.57,225.32,225.49,0.0
2024-07-22 06:00:00-04:00,225.49,226.8,225.36,226.45,0.0
2024-07-22 07:00:00-04:00,226.51,226.8,226.26,226.69,0.0
2024-07-22 08:00:00-04:00,226.69,227.48,224.95,227.4202,0.0
2024-07-22 09:00:00-04:00,227.43,227.55,224.35,227.0,0.0
2024-07-22 09:30:00-04:00,227.27000427246094,227.77999877929688,225.5800018310547,226.8000030517578,10034749.0
2024-07-22 10:30:00-04:00,226.80499267578125,227.12510681152344,223.72000122070312,223.82989501953125,6311242.0
2024-07-22 11:30:00-04:00,223.77999877929688,224.13999938964844,223.08999633789062,223.8350067138672,5069673.0
2024-07-22 12:30:00-04:00,223.8300018310547,224.58999633789062,223.6999969482422,224.38999938964844,3586983.0
2024-07-22 13:30:00-04:00,224.3699951171875,225.42010498046875,224.3300018310547,225.0500030517578,3036671.0
2024-07-22 14:30:00-04:00,225.05999755859375,225.6300048828125,224.6300048828125,224.67999267578125,4186965.0
2024-07-22 15:30:00-04:00,224.67999267578125,225.0399932861328,223.77999877929688,223.92999267578125,4547672.0
2024-07-22 16:00:00-04:00,223.95,224.15,196.6142,223.972,0.0
2024-07-22 17:00:00-04:00,223.972,224.19,202.6665,224.022,0.0
2024-07-22 18:00:00-04:00,224.022,224.25,224.01,224.1502,0.0
2024-07-22 19:00:00-04:00,224.1502,224.53,223.8,223.8217,0.0
2024-07-23 04:00:00-04:00,223.79,223.92,223.13,223.32,0.0
2024-07-23 05:00:00-04:00,223.35,223.9,223.1,223.9,0.0
2024-07-23 06:00:00-04:00,223.86,223.9,223.45,223.7,0.0
2024-07-23 07:00:00-04:00,223.74,224.44,223.47,224.44,0.0
2024-07-23 08:00:00-04:00,224.45,224.745,223.0805,224.145,0.0
2024-07-23 09:00:00-04:00,224.17,227.17,223.683,224.305,0.0
2024-07-23 09:30:00-04:00,224.39999389648438,225.13999938964844,222.67999267578125,224.625,7388967.0
2024-07-23 10:30:00-04:00,224.63999938964844,226.72999572753906,224.10060119628906,226.60890197753906,6042663.0
2024-07-23 11:30:00-04:00,226.61500549316406,226.92999267578125,225.1999969482422,225.639892578125,4384033.0
2024-07-23 12:30:00-04:00,225.6300048828125,225.6999053955078,224.61500549316406,224.72000122070312,3440068.0
2024-07-23 13:30:00-04:00,224.7100067138672,225.0399932861328,224.3800048828125,224.5399932861328,2742571.0
2024-07-23 14:30:00-04:00,224.57240295410156,225.10000610351562,224.3280029296875,225.07470703125,2717902.0
2024-07-23 15:30:00-04:00,225.05999755859375,225.27999877929688,224.32000732421875,225.00999450683594,3762733.0
2024-07-23 16:00:00-04:00,225.01,225.25,209.6267,224.93,0.0
2024-07-23 17:00:00-04:00,224.9877,225.01,224.4045,224.5382,0.0
2024-07-23 18:00:00-04:00,224.65,224.97,224.0342,224.5942,0.0
2024-07-23 19:00:00-04:00,224.59,224.83,224.1342,224.19,0.0
2024-07-24 04:00:00-04:00,223.68,224.1,223.39,223.58,0.0
2024-07-24 05:00:00-04:00,223.5,224.98,223.41,224.06,0.0
2024-07-24 06:00:00-04:00,224.06,225.77,224.03,225.44,0.0
2024-07-24 07:00:00-04:00,225.41,225.63,224.67,225.2,0.0
2024-07-24 08:00:00-04:00,225.2,225.6657,223.05,223.72,0.0
2024-07-24 09:00:00-04:00,223.73,226.05,222.91,223.9237,0.0
2024-07-24 09:30:00-04:00,224.0,224.8000030517578,220.3000030517578,220.88999938964844,11171284.0
2024-07-24 10:30:00-04:00,220.89999389648438,221.02999877929688,218.2899932861328,218.6750030517578,9222223.0
2024-07-24 11:30:00-04:00,218.6699981689453,218.83999633789062,217.1300048828125,217.90499877929688,6271860.0
2024-07-24 12:30:00-04:00,217.90989685058594,218.5500030517578,217.72000122070312,218.0258026123047,4492564.0
2024-07-24 13:30:00-04:00,218.02000427246094,218.86000061035156,217.83999633789062,218.16000366210938,3875716.0
2024-07-24 14:30:00-04:00,218.16000366210938,218.42999267578125,217.7563018798828,217.88999938964844,4462246.0
2024-07-24 15:30:00-04:00,217.8800048828125,218.77999877929688,217.6999969482422,218.57000732421875,7678488.0
2024-07-24 16:00:00-04:00,218.57,218.79,211.1001,218.44,0.0
2024-07-24 17:00:00-04:00,218.4685,218.54,217.5,217.84,0.0
2024-07-24 18:00:00-04:00,217.86,218.54,217.7802,218.06,0.0
2024-07-24 19:00:00-04:00,218.035,218.25,217.55,218.03,0.0
2024-07-25 04:00:00-04:00,217.18,217.18,215.87,216.68,0.0
2024-07-25 05:00:00-04:00,216.68,217.69,216.3,216.92,0.0
2024-07-25 06:00:00-04:00,216.89,217.05,216.08,216.34,0.0
2024-07-25 07:00:00-04:00,216.38,217.76,216.21,217.05,0.0
2024-07-25 08:00:00-04:00,217.05,218.54,215.7,217.05,0.0
2024-07-25 09:00:00-04:00,217.34,234.8269,216.82,218.87,0.0
2024-07-25 09:30:00-04:00,219.48989868164062,219.84500122070312,214.6199951171875,215.80999755859375,14511135.0
2024-07-25 10:30:00-04:00,215.82000732421875,219.39999389648438,215.44009399414062,218.67999267578125,7290939.0
2024-07-25 11:30:00-04:00,218.6840057373047,220.52000427246094,218.11000061035156,220.19200134277344,5424720.0
2024-07-25 12:30:00-04:00,220.1999969482422,220.85000610351562,219.27000427246094,219.4199981689453,4035246.0
2024-07-25 13:30:00-04:00,219.42999267578125,220.47999572753906,219.3572998046875,219.8800048828125,3151089.0
2024-07-25 14:30:00-04:00,219.86000061035156,220.4199981689453,218.61700439453125,220.125,3922802.0
2024-07-25 15:30:00-04:00,220.10000610351562,220.27000427246094,217.3300018310547,217.49000549316406,5667186.0
2024-07-25 16:00:00-04:00,217.49,218.07,209.4246,217.985,0.0
2024-07-25 17:00:00-04:00,218.08,218.21,212.8457,217.895,0.0
2024-07-25 18:00:00-04:00,217.92,218.58,217.49,217.65,0.0
2024-07-25 19:00:00-04:00,217.9,218.09,217.68,217.93,0.0
2024-07-26 04:00:00-04:00,219.03,219.4,218.78,219.28,0.0
2024-07-26 05:00:00-04:00,219.28,220.28,219.15,219.58,0.0
2024-07-26 06:00:00-04:00,219.59,220.0,219.24,219.38,0.0
2024-07-26 07:00:00-04:00,219.38,219.99,219.06,219.77,0.0
2024-07-26 08:00:00-04:00,219.77,220.2645,217.49,219.8,0.0
2024-07-26 09:00:00-04:00,219.885,220.06,214.825,218.66,0.0
2024-07-26 09:30:00-04:00,218.85000610351562,219.14990234375,216.00999450683594,217.39999389648438,10822541.0
2024-07-26 10:30:00-04:00,217.39500427246094,218.1540069580078,216.45590209960938,217.9553985595703,4349192.0
2024-07-26 11:30:00-04:00,217.9550018310547,219.02000427246094,217.50999450683594,218.69119262695312,4508080.0
2024-07-26 12:30:00-04:00,218.7100067138672,219.49000549316406,218.7100067138672,219.30450439453125,3011413.0
2024-07-26 13:30:00-04:00,219.30499267578125,219.326904296875,217.67999267578125,218.14999389648438,3519375.0
2024-07-26 14:30:00-04:00,218.16000366210938,218.75,217.56100463867188,218.60499572753906,3261740.0
2024-07-26 15:30:00-04:00,218.6199951171875,218.6199951171875,217.1300048828125,218.1199951171875,4479378.0
2024-07-26 16:00:00-04:00,217.96,224.99,210.6299,217.9,0.0
2024-07-26 17:00:00-04:00,217.84,217.9,217.77,217.805,0.0
2024-07-26 18:00:00-04:00,217.82,217.96,217.8,217.815,0.0
2024-07-26 19:00:00-04:00,217.815,218.0,217.8,217.9,0.0
2024-07-29 04:00:00-04:00,218.56,218.56,218.11,218.28,0.0
2024-07-29 05:00:00-04:00,218.32,218.81,218.11,218.73,0.0
2024-07-29 06:00:00-04:00,218.81,218.82,217.85,217.89,0.0
2024-07-29 07:00:00-04:00,217.89,218.0,216.84,218.0,0.0
2024-07-29 08:00:00-04:00,217.99,219.25,216.9293,217.46,0.0
2024-07-29 09:00:00-04:00,217.41,217.69,216.5,216.93,0.0
2024-07-29 09:30:00-04:00,216.67999267578125,219.3000030517578,215.75999450683594,217.72999572753906,9684510.0
2024-07-29 10:30:00-04:00,217.75,218.69000244140625,216.50999450683594,217.13999938964844,5007715.0
2024-07-29 11:30:00-04:00,217.11000061035156,218.9600067138672,216.60049438476562,218.5449981689453,3349338.0
2024-07-29 12:30:00-04:00,218.5500030517578,219.27999877929688,218.375,218.6999969482422,2769535.0
2024-07-29 13:30:00-04:00,218.6999969482422,219.08689880371094,218.0500030517578,218.35000610351562,2855524.0
2024-07-29 14:30:00-04:00,218.33999633789062,218.75,217.97000122070312,218.58999633789062,3092834.0
2024-07-29 15:30:00-04:00,218.58999633789062,219.1199951171875,218.0,218.2100067138672,3984140.0
2024-07-29 16:00:00-04:00,218.24,219.0,217.78,218.345,0.0
2024-07-29 17:00:00-04:00,218.38,218.39,209.744,218.19,0.0
2024-07-29 18:00:00-04:00,218.19,218.44,218.12,218.225,0.0
2024-07-29 19:00:00-04:00,218.225,218.3,217.01,217.19,0.0
2024-07-30 04:00:00-04:00,218.55,219.15,218.51,218.66,0.0
2024-07-30 05:00:00-04:00,218.66,218.97,218.6,218.72,0.0
2024-07-30 06:00:00-04:00,218.76,218.9,218.18,218.9,0.0
2024-07-30 07:00:00-04:00,218.97,219.08,218.82,218.9,0.0
2024-07-30 08:00:00-04:00,218.94,219.3,218.01,219.085,0.0
2024-07-30 09:00:00-04:00,219.13,219.88,217.39,218.95,0.0
2024-07-30 09:30:00-04:00,219.0399932861328,220.3249969482422,218.55999755859375,219.07000732421875,8172417.0
2024-07-30 10:30:00-04:00,219.07000732421875,219.33580017089844,217.1699981689453,217.2899932861328,5639492.0
2024-07-30 11:30:00-04:00,217.27999877929688,217.5399932861328,216.3300018310547,216.97999572753906,3537121.0
2024-07-30 12:30:00-04:00,216.9600067138672,217.35000610351562,216.1199951171875,217.25,3365740.0
2024-07-30 13:30:00-04:00,217.24000549316406,218.74000549316406,216.9600067138672,218.28500366210938,3146102.0
2024-07-30 14:30:00-04:00,218.27999877929688,218.7100067138672,217.97000122070312,218.6300048828125,3328246.0
2024-07-30 15:30:00-04:00,218.63999938964844,219.9199981689453,218.4499969482422,218.7899932861328,5666938.0
2024-07-30 16:00:00-04:00,218.79,219.5283,193.545,217.45,0.0
2024-07-30 17:00:00-04:00,217.45,219.85,210.9498,217.15,0.0
2024-07-30 18:00:00-04:00,217.15,218.2,217.03,217.55,0.0
2024-07-30 19:00:00-04:00,217.625,218.48,217.35,218.16,0.0
2024-07-31 04:00:00-04:00,219.67,219.97,219.2,219.69,0.0
2024-07-31 05:00:00-04:00,219.73,220.45,219.73,220.26,0.0
2024-07-31 06:00:00-04:00,220.14,220.68,219.97,220.0,0.0
2024-07-31 07:00:00-04:00,220.0,220.6,219.95,220.21,0.0
2024-07-31 08:00:00-04:00,220.17,228.259,218.79,219.965,0.0
2024-07-31 09:00:00-04:00,219.97,221.91,218.8,221.71,0.0
2024-07-31 09:30:00-04:00,221.52999877929688,223.44000244140625,220.63999938964844,222.8300018310547,10706115.0
2024-07-31 10:30:00-04:00,222.83999633789062,223.82000732421875,222.3000030517578,223.15499877929688,5147851.0
2024-07-31 11:30:00-04:00,223.15499877929688,223.3699951171875,222.1699981689453,222.3699951171875,3107571.0
2024-07-31 12:30:00-04:00,222.38360595703125,223.00999450683594,222.08009338378906,222.60000610351562,3484238.0
2024-07-31 13:30:00-04:00,222.59500122070312,223.00999450683594,221.30999755859375,222.92999267578125,3509520.0
2024-07-31 14:30:00-04:00,222.94000244140625,223.3699951171875,221.28500366210938,221.610107421875,4951278.0
2024-07-31 15:30:00-04:00,221.63999938964844,223.00929260253906,221.3699951171875,221.99000549316406,5618520.0
2024-07-31 16:00:00-04:00,222.08,223.4,221.71,222.32,0.0
2024-07-31 17:00:00-04:00,222.405,222.9,222.08,222.9,0.0
2024-07-31 18:00:00-04:00,222.89,223.33,222.08,223.285,0.0
2024-07-31 19:00:00-04:00,223.29,223.9443,223.0682,223.8,0.0
2024-08-01 04:00:00-04:00,223.74,223.79,222.63,222.88,0.0
2024-08-01 05:00:00-04:00,222.85,223.55,222.8,223.32,0.0
2024-08-01 06:00:00-04:00,223.36,223.87,223.27,223.86,0.0
2024-08-01 07:00:00-04:00,223.87,224.72,223.8,224.59,0.0
2024-08-01 08:00:00-04:00,224.55,224.88,222.7357,224.49,0.0
2024-08-01 09:00:00-04:00,224.49,224.74,221.505,224.29,0.0
2024-08-01 09:30:00-04:00,224.3699951171875,224.45050048828125,221.25999450683594,221.27999877929688,10512069.0
2024-08-01 10:30:00-04:00,221.27969360351562,221.72999572753906,220.1199951171875,220.5399932861328,6309661.0
2024-08-01 11:30:00-04:00,220.55999755859375,220.85000610351562,219.02000427246094,219.32000732421875,4477931.0
2024-08-01 12:30:00-04:00,219.33999633789062,219.5,217.6300048828125,218.14999389648438,4455108.0
2024-08-01 13:30:00-04:00,218.16000366210938,218.8000030517578,217.1907958984375,217.7899932861328,6390068.0
2024-08-01 14:30:00-04:00,217.7949981689453,218.15989685058594,217.02000427246094,218.05499267578125,6030523.0
2024-08-01 15:30:00-04:00,218.0500030517578,219.0,217.13499450683594,218.27999877929688,7438049.0
2024-08-01 16:00:00-04:00,218.36,223.93,214.0,219.65,0.0
2024-08-01 17:00:00-04:00,219.78,220.8,212.35,220.145,0.0
2024-08-01 18:00:00-04:00,220.0,222.08,218.36,220.0,0.0
2024-08-01 19:00:00-04:00,219.83,220.1,218.8226,219.65,0.0
2024-08-02 04:00:00-04:00,217.73,218.55,216.56,217.75,0.0
2024-08-02 05:00:00-04:00,217.79,218.23,217.4,217.71,0.0
2024-08-02 06:00:00-04:00,217.74,220.57,217.51,219.58,0.0
2024-08-02 07:00:00-04:00,219.58,220.48,218.63,219.45,0.0
2024-08-02 08:00:00-04:00,219.48,220.5,215.78,217.15,0.0
2024-08-02 09:00:00-04:00,217.28,224.42,213.68,219.05,0.0
2024-08-02 09:30:00-04:00,220.28939819335938,224.4149932861328,217.7100067138672,222.65499877929688,29536982.0
2024-08-02 10:30:00-04:00,222.6300048828125,224.37989807128906,221.75999450683594,222.8300018310547,14319380.0
2024-08-02 11:30:00-04:00,222.86000061035156,224.72000122070312,221.4199981689453,224.6199951171875,9098444.0
2024-08-02 12:30:00-04:00,224.61500549316406,225.60000610351562,223.4499969482422,224.63999938964844,7487153.0
2024-08-02 13:30:00-04:00,224.6300048828125,225.0050048828125,221.91000366210938,223.43499755859375,7549443.0
2024-08-02 14:30:00-04:00,223.4199981689453,224.10000610351562,222.11000061035156,222.6199951171875,6527167.0
2024-08-02 15:30:00-04:00,222.6300048828125,222.98829650878906,219.05999755859375,219.8000030517578,11042774.0
2024-08-02 16:00:00-04:00,219.86,220.28,219.41,219.95,0.0
2024-08-02 17:00:00-04:00,219.95,220.11,216.7766,219.375,0.0
2024-08-02 18:00:00-04:00,219.4,219.86,219.34,219.53,0.0
2024-08-02 19:00:00-04:00,219.48,219.53,219.15,219.27,0.0
2024-08-05 04:00:00-04:00,204.61,208.0,201.23,203.87,0.0
2024-08-05 05:00:00-04:00,203.93,204.3,200.51,202.25,0.0
2024-08-05 06:00:00-04:00,202.11,202.8,200.5,201.34,0.0
2024-08-05 07:00:00-04:00,201.24,206.17,200.07,204.23,0.0
2024-08-05 08:00:00-04:00,204.27,207.3947,197.08,200.17,0.0
2024-08-05 09:00:00-04:00,200.43,224.735,196.51,198.8886,0.0
2024-08-05 09:30:00-04:00,199.0,211.11000061035156,198.22999572753906,207.97869873046875,43357359.0
2024-08-05 10:30:00-04:00,207.94070434570312,213.47000122070312,207.82000732421875,211.1699981689453,13404154.0
2024-08-05 11:30:00-04:00,211.1999969482422,213.0,209.5050048828125,212.61500549316406,8715135.0
2024-08-05 12:30:00-04:00,212.6199951171875,212.64999389648438,209.72000122070312,210.80999755859375,6246693.0
2024-08-05 13:30:00-04:00,210.7899932861328,211.88999938964844,209.3699951171875,210.61000061035156,5113963.0
2024-08-05 14:30:00-04:00,210.56300354003906,210.9499969482422,203.9199981689453,206.42999267578125,16677734.0
2024-08-05 15:30:00-04:00,206.42999267578125,209.35000610351562,206.01170349121094,209.19000244140625,11251750.0
2024-08-05 16:00:00-04:00,209.1301,211.47,208.78,210.67,0.0
2024-08-05 17:00:00-04:00,210.66,213.1113,196.6142,210.355,0.0
2024-08-05 18:00:00-04:00,210.34,211.39,208.4015,210.41,0.0
2024-08-05 19:00:00-04:00,210.415,212.0,210.33,211.9,0.0
2024-08-06 04:00:00-04:00,211.25,211.31,210.01,210.65,0.0
2024-08-06 05:00:00-04:00,210.55,210.69,209.3,209.38,0.0
2024-08-06 06:00:00-04:00,209.59,209.59,207.74,208.36,0.0
2024-08-06 07:00:00-04:00,208.45,209.25,208.1,208.73,0.0
2024-08-06 08:00:00-04:00,208.9,214.95,206.6301,207.0,0.0
2024-08-06 09:00:00-04:00,206.8201,207.0,188.32,205.3,0.0
2024-08-06 09:30:00-04:00,205.38999938964844,206.25,201.07000732421875,204.89010620117188,23694537.0
2024-08-06 10:30:00-04:00,204.97999572753906,207.739501953125,204.3699951171875,206.11000061035156,7809373.0
2024-08-06 11:30:00-04:00,206.1204071044922,208.99000549316406,206.05999755859375,208.63099670410156,5843682.0
2024-08-06 12:30:00-04:00,208.6699981689453,209.97999572753906,208.36000061035156,208.99000549316406,4607591.0
2024-08-06 13:30:00-04:00,209.00999450683594,209.4799041748047,207.85000610351562,209.44639587402344,4690988.0
2024-08-06 14:30:00-04:00,209.4499969482422,209.9499969482422,207.39999389648438,208.5050048828125,5270629.0
2024-08-06 15:30:00-04:00,208.5050048828125,208.58999633789062,206.39999389648438,207.125,6503258.0
2024-08-06 16:00:00-04:00,207.23,210.92,196.775,205.5,0.0
2024-08-06 17:00:00-04:00,205.525,207.23,197.7508,204.9,0.0
2024-08-06 18:00:00-04:00,204.95,207.23,204.9,205.99,0.0
2024-08-06 19:00:00-04:00,205.905,206.5,205.0,205.24,0.0
2024-08-07 04:00:00-04:00,207.54,208.5,207.46,207.92,0.0
2024-08-07 05:00:00-04:00,208.01,209.36,207.93,209.35,0.0
2024-08-07 06:00:00-04:00,209.35,209.4,208.24,208.67,0.0
2024-08-07 07:00:00-04:00,208.68,209.38,208.37,208.42,0.0
2024-08-07 08:00:00-04:00,208.43,220.27,207.3012,207.8238,0.0
2024-08-07 09:00:00-04:00,207.8005,208.53,203.28,206.8097,0.0
2024-08-07 09:30:00-04:00,206.88999938964844,212.89999389648438,206.41000366210938,211.6999969482422,15714668.0
2024-08-07 10:30:00-04:00,211.69000244140625,213.58999633789062,211.47000122070312,213.16000366210938,6367518.0
2024-08-07 11:30:00-04:00,213.12399291992188,213.63999938964844,211.17999267578125,212.5850067138672,5060827.0
2024-08-07 12:30:00-04:00,212.59970092773438,212.97000122070312,210.35000610351562,211.0399932861328,5212227.0
2024-08-07 13:30:00-04:00,211.0399932861328,211.49000549316406,210.02000427246094,211.05999755859375,5095212.0
2024-08-07 14:30:00-04:00,211.02000427246094,211.02000427246094,208.47999572753906,210.5200958251953,6015049.0
2024-08-07 15:30:00-04:00,210.5500030517578,210.99000549316406,209.41000366210938,209.86000061035156,5358011.0
2024-08-07 16:00:00-04:00,209.87,213.7943,208.61,208.6995,0.0
2024-08-07 17:00:00-04:00,208.69,209.82,208.09,208.32,0.0
2024-08-07 18:00:00-04:00,208.38,209.35,208.25,208.85,0.0
2024-08-07 19:00:00-04:00,208.7,209.82,207.59,208.075,0.0
2024-08-08 04:00:00-04:00,209.01,209.64,208.95,209.06,0.0
2024-08-08 05:00:00-04:00,209.08,210.11,209.08,209.63,0.0
2024-08-08 06:00:00-04:00,209.71,209.9,209.17,209.75,0.0
2024-08-08 07:00:00-04:00,209.58,210.24,209.41,209.84,0.0
2024-08-08 08:00:00-04:00,209.8,211.7,208.52,209.56,0.0
2024-08-08 09:00:00-04:00,209.72,213.19,206.51,213.01,0.0
2024-08-08 09:30:00-04:00,213.09500122070312,213.2100067138672,208.8300018310547,212.55999755859375,10203691.0
2024-08-08 10:30:00-04:00,212.5800018310547,212.99000549316406,211.0800018310547,212.2100067138672,4980328.0
2024-08-08 11:30:00-04:00,212.2100067138672,213.4600067138672,211.7100067138672,213.25,4471605.0
2024-08-08 12:30:00-04:00,213.26499938964844,213.99000549316406,212.5,213.89759826660156,3897513.0
2024-08-08 13:30:00-04:00,213.89999389648438,214.1999969482422,212.70750427246094,212.97999572753906,3971724.0
2024-08-08 14:30:00-04:00,212.9958953857422,213.42999267578125,212.1199951171875,212.13009643554688,3833831.0
2024-08-08 15:30:00-04:00,212.13999938964844,213.52000427246094,211.8800048828125,213.33999633789062,4665159.0
2024-08-08 16:00:00-04:00,213.31,218.2225,199.6953,213.6,0.0
2024-08-08 17:00:00-04:00,213.5,213.62,199.6953,213.41,0.0
2024-08-08 18:00:00-04:00,213.4,213.79,213.32,213.55,0.0
2024-08-08 19:00:00-04:00,213.5,214.0,213.35,213.95,0.0
2024-08-09 04:00:00-04:00,213.66,214.06,213.25,214.01,0.0
2024-08-09 05:00:00-04:00,214.03,214.27,213.53,213.59,0.0
2024-08-09 06:00:00-04:00,213.6,213.71,211.57,212.39,0.0
2024-08-09 07:00:00-04:00,212.31,212.7,211.58,212.07,0.0
2024-08-09 08:00:00-04:00,212.07,214.2714,210.99,211.43,0.0
2024-08-09 09:00:00-04:00,211.365,218.8,210.63,212.175,0.0
2024-08-09 09:30:00-04:00,212.0800018310547,214.7895050048828,211.97999572753906,214.6999969482422,7767530.0
2024-08-09 10:30:00-04:00,214.7100067138672,215.73500061035156,213.6699981689453,215.13499450683594,4852988.0
2024-08-09 11:30:00-04:00,215.1199951171875,215.7100067138672,214.41000366210938,214.5301055908203,3993538.0
2024-08-09 12:30:00-04:00,214.52999877929688,216.5399932861328,214.51010131835938,216.53500366210938,3806159.0
2024-08-09 13:30:00-04:00,216.5399932861328,216.77999877929688,214.9199981689453,215.27999877929688,3531367.0
2024-08-09 14:30:00-04:00,215.27499389648438,216.3800048828125,214.89999389648438,216.28500366210938,4226291.0
2024-08-09 15:30:00-04:00,216.25999450683594,216.61500549316406,215.33999633789062,216.3000030517578,5238718.0
2024-08-09 16:00:00-04:00,216.24,216.49,210.6299,216.0912,0.0
2024-08-09 17:00:00-04:00,216.11,216.3,201.2214,216.16,0.0
2024-08-09 18:00:00-04:00,216.195,216.31,216.11,216.28,0.0
2024-08-09 19:00:00-04:00,216.3,216.47,216.25,216.46,0.0
2024-08-12 04:00:00-04:00,217.01,217.02,216.27,216.75,0.0
2024-08-12 05:00:00-04:00,216.85,216.85,216.52,216.78,0.0
2024-08-12 06:00:00-04:00,216.81,216.96,216.65,216.76,0.0
2024-08-12 07:00:00-04:00,216.79,216.99,216.42,216.99,0.0
2024-08-12 08:00:00-04:00,216.9,217.2288,216.34,217.04,0.0
2024-08-12 09:00:00-04:00,217.055,217.2,211.36,216.095,0.0
2024-08-12 09:30:00-04:00,216.0,218.71499633789062,215.60000610351562,218.4499969482422,8545889.0
2024-08-12 10:30:00-04:00,218.44000244140625,219.50990295410156,217.14999389648438,217.80999755859375,5732544.0
2024-08-12 11:30:00-04:00,217.7947998046875,218.7574005126953,217.35000610351562,217.97999572753906,4072901.0
2024-08-12 12:30:00-04:00,217.97000122070312,218.33999633789062,217.02999877929688,217.24769592285156,3376508.0
2024-08-12 13:30:00-04:00,217.25,217.4550018310547,216.47999572753906,216.7449951171875,2928826.0
2024-08-12 14:30:00-04:00,216.6999969482422,217.42999267578125,216.59500122070312,217.02999877929688,2657864.0
2024-08-12 15:30:00-04:00,217.0399932861328,217.6300048828125,216.58999633789062,217.5500030517578,3179687.0
2024-08-12 16:00:00-04:00,217.53,217.84,217.37,217.6,0.0
2024-08-12 17:00:00-04:00,217.6,228.5506,209.744,217.55,0.0
2024-08-12 18:00:00-04:00,217.57,217.75,217.3114,217.6,0.0
2024-08-12 19:00:00-04:00,217.635,217.8,217.53,217.59,0.0
2024-08-13 04:00:00-04:00,218.38,218.81,218.13,218.81,0.0
2024-08-13 05:00:00-04:00,218.85,218.87,218.54,218.6,0.0
2024-08-13 06:00:00-04:00,218.6,218.7,218.23,218.24,0.0
2024-08-13 07:00:00-04:00,218.21,218.3,217.59,218.3,0.0
2024-08-13 08:00:00-04:00,218.25,219.0,217.53,218.37,0.0
2024-08-13 09:00:00-04:00,218.48,219.2,218.1247,219.07,0.0
2024-08-13 09:30:00-04:00,219.10499572753906,221.7100067138672,219.00999450683594,221.0,11857628.0
2024-08-13 10:30:00-04:00,220.9949951171875,221.5,220.26060485839844,221.05499267578125,4325256.0
2024-08-13 11:30:00-04:00,221.0500030517578,221.59869384765625,220.88999938964844,221.11050415039062,3691243.0
2024-08-13 12:30:00-04:00,221.08999633789062,221.8000030517578,220.9600067138672,221.69000244140625,2825480.0
2024-08-13 13:30:00-04:00,221.69000244140625,221.88999938964844,220.56500244140625,221.21800231933594,3040248.0
2024-08-13 14:30:00-04:00,221.24609375,221.48489379882812,220.5399932861328,220.66000366210938,2559260.0
2024-08-13 15:30:00-04:00,220.6699981689453,221.27999877929688,220.4199981689453,221.27000427246094,3842702.0
2024-08-13 16:00:00-04:00,221.275,221.37,215.63,220.44,0.0
2024-08-13 17:00:00-04:00,220.54,221.27,210.9498,220.68,0.0
2024-08-13 18:00:00-04:00,220.7,220.88,220.49,220.695,0.0
2024-08-13 19:00:00-04:00,220.65,220.79,220.49,220.7,0.0
2024-08-14 04:00:00-04:00,221.12,221.3,220.76,221.01,0.0
2024-08-14 05:00:00-04:00,221.1,221.57,221.0,221.57,0.0
2024-08-14 06:00:00-04:00,221.53,221.77,221.25,221.55,0.0
2024-08-14 07:00:00-04:00,221.48,221.55,220.99,221.11,0.0
2024-08-14 08:00:00-04:00,221.1,221.7688,220.35,221.255,0.0
2024-08-14 09:00:00-04:00,221.28,222.0,219.52,220.42,0.0
2024-08-14 09:30:00-04:00,220.56500244140625,222.02000427246094,219.6999969482422,221.1103973388672,10322006.0
2024-08-14 10:30:00-04:00,221.11000061035156,222.55999755859375,220.4550018310547,222.55870056152344,4517827.0
2024-08-14 11:30:00-04:00,222.5500030517578,223.02999877929688,221.01499938964844,221.30499267578125,4029799.0
2024-08-14 12:30:00-04:00,221.32000732421875,221.4600067138672,220.3800048828125,221.1750030517578,3645945.0
2024-08-14 13:30:00-04:00,221.16000366210938,221.7689971923828,220.91000366210938,221.5399932861328,3099853.0
2024-08-14 14:30:00-04:00,221.52999877929688,221.61000061035156,220.80999755859375,221.16000366210938,2990194.0
2024-08-14 15:30:00-04:00,221.16000366210938,222.35000610351562,221.15310668945312,221.6199951171875,4112373.0
2024-08-14 16:00:00-04:00,221.61,221.94,221.49,221.65,0.0
2024-08-14 17:00:00-04:00,221.71,221.85,221.58,221.8,0.0
2024-08-14 18:00:00-04:00,221.795,222.04,221.5,221.57,0.0
2024-08-14 19:00:00-04:00,221.57,222.1594,221.53,222.0,0.0
2024-08-15 04:00:00-04:00,222.2,222.79,222.04,222.19,0.0
2024-08-15 05:00:00-04:00,222.19,222.36,221.75,222.31,0.0
2024-08-15 06:00:00-04:00,222.32,222.48,222.06,222.15,0.0
2024-08-15 07:00:00-04:00,222.1,222.37,221.62,222.3,0.0
2024-08-15 08:00:00-04:00,222.3,222.9188,221.59,222.3003,0.0
2024-08-15 09:00:00-04:00,222.46,224.83,219.935,224.55,0.0
2024-08-15 09:30:00-04:00,224.5500030517578,224.99000549316406,222.75999450683594,224.7899932861328,9897134.0
2024-08-15 10:30:00-04:00,224.77999877929688,225.33999633789062,223.89999389648438,224.0050048828125,5316678.0
2024-08-15 11:30:00-04:00,224.00999450683594,225.01499938964844,223.85000610351562,224.9949951171875,3233561.0
2024-08-15 12:30:00-04:00,225.0,225.02000427246094,224.2449951171875,224.5449981689453,3507566.0
2024-08-15 13:30:00-04:00,224.55999755859375,225.14999389648438,224.50999450683594,225.07000732421875,2520626.0
2024-08-15 14:30:00-04:00,225.05999755859375,225.3300018310547,224.91380310058594,225.05999755859375,3818557.0
2024-08-15 15:30:00-04:00,225.05499267578125,225.08999633789062,223.84500122070312,224.7100067138672,5065291.0
2024-08-15 16:00:00-04:00,224.71,224.98,224.3,224.78,0.0
2024-08-15 17:00:00-04:00,224.78,224.93,224.61,224.875,0.0
2024-08-15 18:00:00-04:00,224.875,225.4582,224.82,225.4,0.0
2024-08-15 19:00:00-04:00,225.4,225.55,225.15,225.325,0.0
2024-08-16 04:00:00-04:00,225.45,225.61,225.3,225.45,0.0
2024-08-16 05:00:00-04:00,225.45,225.63,225.3,225.43,0.0
2024-08-16 06:00:00-04:00,225.4,225.46,225.23,225.33,0.0
2024-08-16 07:00:00-04:00,225.31,225.36,224.91,224.95,0.0
2024-08-16 08:00:00-04:00,224.93,225.95,224.3,224.375,0.0
2024-08-16 09:00:00-04:00,224.35,224.88,212.6463,224.05,0.0
2024-08-16 09:30:00-04:00,223.9199981689453,225.02000427246094,223.6501007080078,224.38999938964844,11905855.0
2024-08-16 10:30:00-04:00,224.3800048828125,225.02000427246094,223.96609497070312,224.91000366210938,4388806.0
2024-08-16 11:30:00-04:00,224.91000366210938,226.4456024169922,224.91000366210938,226.33999633789062,5068731.0
2024-08-16 12:30:00-04:00,226.35000610351562,226.8271026611328,226.30999755859375,226.5500030517578,4500362.0
2024-08-16 13:30:00-04:00,226.5500030517578,226.6699981689453,225.6300048828125,225.99000549316406,3023962.0
2024-08-16 14:30:00-04:00,225.98500061035156,226.2100067138672,225.7635955810547,225.9600067138672,2364036.0
2024-08-16 15:30:00-04:00,225.9604949951172,226.13999938964844,225.5399932861328,226.10000610351562,3252354.0
2024-08-16 16:00:00-04:00,226.07,226.22,222.225,226.13,0.0
2024-08-16 17:00:00-04:00,226.13,226.28,226.05,226.22,0.0
2024-08-16 18:00:00-04:00,226.22,226.24,225.935,226.125,0.0
2024-08-16 19:00:00-04:00,226.125,226.125,225.6,225.93,0.0
2024-08-19 04:00:00-04:00,225.79,225.9,225.23,225.78,0.0
2024-08-19 05:00:00-04:00,225.78,225.89,225.3,225.58,0.0
2024-08-19 06:00:00-04:00,225.55,225.63,225.25,225.4,0.0
2024-08-19 07:00:00-04:00,225.36,225.81,225.0,225.69,0.0
2024-08-19 08:00:00-04:00,225.69,226.82,225.0,226.17,0.0
2024-08-19 09:00:00-04:00,226.17,226.19,223.785,225.67,0.0
2024-08-19 09:30:00-04:00,225.69500732421875,225.69500732421875,223.0399932861328,224.16000366210938,9670189.0
2024-08-19 10:30:00-04:00,224.16000366210938,224.72999572753906,223.49000549316406,224.43020629882812,4193053.0
2024-08-19 11:30:00-04:00,224.42759704589844,224.64999389648438,223.75,224.4250030517578,3379602.0
2024-08-19 12:30:00-04:00,224.41000366210938,224.46499633789062,223.75,224.02499389648438,2649753.0
2024-08-19 13:30:00-04:00,224.02999877929688,224.66000366210938,223.8000030517578,224.63999938964844,3556772.0
2024-08-19 14:30:00-04:00,224.64500427246094,224.9499969482422,224.5800018310547,224.92999267578125,2814556.0
2024-08-19 15:30:00-04:00,224.9250030517578,225.97000122070312,224.88999938964844,225.89999389648438,4867293.0
2024-08-19 16:00:00-04:00,225.9,226.0,224.765,225.83,0.0
2024-08-19 17:00:00-04:00,225.84,229.248,213.1113,225.76,0.0
2024-08-19 18:00:00-04:00,225.81,226.09,225.76,225.835,0.0
2024-08-19 19:00:00-04:00,225.835,226.0,225.67,225.6906,0.0
2024-08-20 04:00:00-04:00,226.01,226.19,225.78,225.9,0.0
2024-08-20 05:00:00-04:00,225.99,226.17,225.67,226.17,0.0
2024-08-20 06:00:00-04:00,226.07,226.18,225.9,226.01,0.0
2024-08-20 07:00:00-04:00,226.07,226.35,226.0,226.08,0.0
2024-08-20 08:00:00-04:00,226.11,244.0788,225.67,225.89,0.0
2024-08-20 09:00:00-04:00,225.7,226.18,225.12,225.81,0.0
2024-08-20 09:30:00-04:00,225.77000427246094,227.1699981689453,225.4499969482422,226.66000366210938,7693400.0
2024-08-20 10:30:00-04:00,226.67999267578125,226.69000244140625,225.7100067138672,226.2100067138672,3611714.0
2024-08-20 11:30:00-04:00,226.2050018310547,227.09500122070312,226.08999633789062,226.89999389648438,2572227.0
2024-08-20 12:30:00-04:00,226.89500427246094,227.08999633789062,226.11000061035156,226.7100067138672,2086631.0
2024-08-20 13:30:00-04:00,226.6999969482422,227.11000061035156,226.35000610351562,227.01499938964844,1991274.0
2024-08-20 14:30:00-04:00,227.02999877929688,227.05999755859375,226.19000244140625,226.48500061035156,2299219.0
2024-08-20 15:30:00-04:00,226.47999572753906,226.92999267578125,226.38999938964844,226.49000549316406,2581538.0
2024-08-20 16:00:00-04:00,226.4334,226.9,224.905,226.54,0.0
2024-08-20 17:00:00-04:00,226.6,226.65,185.3755,226.5,0.0
2024-08-20 18:00:00-04:00,226.51,227.15,226.31,226.66,0.0
2024-08-20 19:00:00-04:00,226.65,227.0,226.35,226.4055,0.0
2024-08-21 04:00:00-04:00,225.89,226.99,225.89,226.61,0.0
2024-08-21 05:00:00-04:00,226.68,226.83,226.5,226.61,0.0
2024-08-21 06:00:00-04:00,226.59,226.71,226.52,226.57,0.0
2024-08-21 07:00:00-04:00,226.66,227.07,226.65,226.8,0.0
2024-08-21 08:00:00-04:00,226.79,227.08,225.7912,227.0399,0.0
2024-08-21 09:00:00-04:00,227.04,227.08,226.11,226.51,0.0
2024-08-21 09:30:00-04:00,226.49000549316406,227.6699981689453,225.91000366210938,227.22500610351562,8159799.0
2024-08-21 10:30:00-04:00,227.22999572753906,227.97999572753906,225.8800048828125,226.49000549316406,4755603.0
2024-08-21 11:30:00-04:00,226.49989318847656,226.58999633789062,225.63499450683594,226.24000549316406,2772090.0
2024-08-21 12:30:00-04:00,226.25,226.50399780273438,225.92010498046875,226.00010681152344,2061134.0
2024-08-21 13:30:00-04:00,226.00999450683594,226.4499969482422,225.8300018310547,226.4499969482422,2566714.0
2024-08-21 14:30:00-04:00,226.4499969482422,226.5800018310547,225.3302001953125,225.77000427246094,2984227.0
2024-08-21 15:30:00-04:00,225.77999877929688,226.55999755859375,225.1909942626953,226.39999389648438,3834165.0
2024-08-21 16:00:00-04:00,226.4,226.77,226.31,226.65,0.0
2024-08-21 17:00:00-04:00,226.65,226.69,211.1001,226.67,0.0
2024-08-21 18:00:00-04:00,226.66,226.86,226.51,226.685,0.0
2024-08-21 19:00:00-04:00,226.685,226.84,226.59,226.64,0.0
2024-08-22 04:00:00-04:00,226.47,226.6,226.29,226.47,0.0
2024-08-22 05:00:00-04:00,226.54,226.63,226.45,226.5,0.0
2024-08-22 06:00:00-04:00,226.49,226.59,226.4,226.59,0.0
2024-08-22 07:00:00-04:00,226.57,227.6,224.8,227.39,0.0
2024-08-22 08:00:00-04:00,227.35,227.83,225.6821,227.135,0.0
2024-08-22 09:00:00-04:00,227.09,227.93,226.5,227.89,0.0
2024-08-22 09:30:00-04:00,227.60000610351562,228.33999633789062,226.5500030517578,226.77000427246094,8837839.0
2024-08-22 10:30:00-04:00,226.75999450683594,227.2100067138672,226.13999938964844,226.17999267578125,3513476.0
2024-08-22 11:30:00-04:00,226.13999938964844,226.44000244140625,224.92010498046875,226.42999267578125,3401206.0
2024-08-22 12:30:00-04:00,226.43499755859375,226.61000061035156,225.0847930908203,225.64500427246094,2873698.0
2024-08-22 13:30:00-04:00,225.6300048828125,225.82000732421875,223.89999389648438,224.85989379882812,3951613.0
2024-08-22 14:30:00-04:00,224.86000061035156,224.94000244140625,224.14999389648438,224.32000732421875,2652812.0
2024-08-22 15:30:00-04:00,224.33999633789062,224.9199981689453,224.02999877929688,224.52999877929688,4874043.0
2024-08-22 16:00:00-04:00,224.54,224.98,224.53,224.815,0.0
2024-08-22 17:00:00-04:00,224.83,225.08,209.4246,225.04,0.0
2024-08-22 18:00:00-04:00,225.02,225.28,224.94,225.0207,0.0
2024-08-22 19:00:00-04:00,225.06,225.11,224.94,225.1002,0.0
2024-08-23 04:00:00-04:00,225.01,225.61,225.01,225.51,0.0
2024-08-23 05:00:00-04:00,225.56,225.73,225.51,225.52,0.0
2024-08-23 06:00:00-04:00,225.68,225.77,225.5,225.53,0.0
2024-08-23 07:00:00-04:00,225.57,226.15,225.56,226.01,0.0
2024-08-23 08:00:00-04:00,226.0,226.4,224.53,226.16,0.0
2024-08-23 09:00:00-04:00,226.095,226.47,224.53,225.79,0.0
2024-08-23 09:30:00-04:00,225.65890502929688,228.22000122070312,225.52000427246094,227.97500610351562,8606738.0
2024-08-23 10:30:00-04:00,227.99000549316406,228.10000610351562,225.19009399414062,225.9499969482422,5457419.0
2024-08-23 11:30:00-04:00,225.968505859375,226.7100067138672,224.8800048828125,225.11500549316406,3192087.0
2024-08-23 12:30:00-04:00,225.11000061035156,225.99000549316406,224.33999633789062,225.96499633789062,2664126.0
2024-08-23 13:30:00-04:00,225.97000122070312,226.5500030517578,225.9499969482422,226.45269775390625,2323736.0
2024-08-23 14:30:00-04:00,226.4550018310547,227.10000610351562,226.22000122070312,227.05999755859375,2752049.0
2024-08-23 15:30:00-04:00,227.06500244140625,227.16690063476562,226.22999572753906,226.7736053466797,3536618.0
2024-08-23 16:00:00-04:00,226.76,227.09,221.72,226.965,0.0
2024-08-23 17:00:00-04:00,226.95,226.99,213.7986,226.95,0.0
2024-08-23 18:00:00-04:00,226.95,227.15,226.84,227.09,0.0
2024-08-23 19:00:00-04:00,227.09,227.2,227.01,227.13,0.0
2024-08-26 04:00:00-04:00,227.0,227.37,226.61,227.21,0.0
2024-08-26 05:00:00-04:00,227.26,227.54,227.26,227.54,0.0
2024-08-26 06:00:00-04:00,227.53,227.53,227.34,227.49,0.0
2024-08-26 07:00:00-04:00,227.41,227.41,227.07,227.07,0.0
2024-08-26 08:00:00-04:00,227.06,227.5793,226.04,226.92,0.0
2024-08-26 09:00:00-04:00,226.92,227.06,225.88,226.74,0.0
2024-08-26 09:30:00-04:00,227.2100067138672,227.2100067138672,224.47720336914062,224.9499969482422,6251104.0
2024-08-26 10:30:00-04:00,224.9199981689453,225.19000244140625,223.8905029296875,225.07000732421875,3930509.0
2024-08-26 11:30:00-04:00,225.05999755859375,225.82000732421875,224.63999938964844,225.8105010986328,3335827.0
2024-08-26 12:30:00-04:00,225.81100463867188,226.39999389648438,225.75,226.1199951171875,2092165.0
2024-08-26 13:30:00-04:00,226.1300048828125,226.4250030517578,225.4429931640625,225.8699951171875,2251610.0
2024-08-26 14:30:00-04:00,225.86000061035156,226.6699981689453,225.76010131835938,226.4300994873047,2444527.0
2024-08-26 15:30:00-04:00,226.42999267578125,227.27999877929688,226.2899932861328,227.25999450683594,3543413.0
2024-08-26 16:00:00-04:00,227.18,227.28,223.4,225.705,0.0
2024-08-26 17:00:00-04:00,225.78,226.35,192.6103,226.09,0.0
2024-08-26 18:00:00-04:00,226.105,226.19,225.5,225.92,0.0
2024-08-26 19:00:00-04:00,225.93,226.52,225.81,226.52,0.0
2024-08-27 04:00:00-04:00,226.01,227.34,226.01,226.91,0.0
2024-08-27 05:00:00-04:00,226.89,227.2,226.65,226.99,0.0
2024-08-27 06:00:00-04:00,226.98,226.98,226.34,226.48,0.0
2024-08-27 07:00:00-04:00,226.59,226.66,226.31,226.46,0.0
2024-08-27 08:00:00-04:00,226.49,227.35,225.4212,226.145,0.0
2024-08-27 09:00:00-04:00,226.15,227.18,225.41,226.0,0.0
2024-08-27 09:30:00-04:00,226.21009826660156,228.22000122070312,224.88999938964844,227.97000122070312,8575296.0
2024-08-27 10:30:00-04:00,227.9600067138672,228.8459930419922,227.6501007080078,228.6300048828125,4591987.0
2024-08-27 11:30:00-04:00,228.57000732421875,228.66000366210938,227.8699951171875,227.94000244140625,2877065.0
2024-08-27 12:30:00-04:00,227.92999267578125,228.52999877929688,227.5500030517578,228.49000549316406,2150303.0
2024-08-27 13:30:00-04:00,228.5,228.66400146484375,228.07000732421875,228.4832000732422,1944293.0
2024-08-27 14:30:00-04:00,228.47999572753906,228.5489959716797,228.08999633789062,228.14999389648438,1885195.0
2024-08-27 15:30:00-04:00,228.14999389648438,228.27000427246094,227.75,228.13999938964844,3396614.0
2024-08-27 16:00:00-04:00,228.14,228.265,213.1253,228.06,0.0
2024-08-27 17:00:00-04:00,228.089,228.09,213.1253,227.85,0.0
2024-08-27 18:00:00-04:00,227.99,227.99,227.41,227.73,0.0
2024-08-27 19:00:00-04:00,227.62,227.8,227.25,227.45,0.0
2024-08-28 04:00:00-04:00,228.0,228.48,228.0,228.48,0.0
2024-08-28 05:00:00-04:00,228.47,229.0,228.47,228.81,0.0
2024-08-28 06:00:00-04:00,228.83,228.83,228.58,228.59,0.0
2024-08-28 07:00:00-04:00,228.65,228.74,228.46,228.48,0.0
2024-08-28 08:00:00-04:00,228.46,229.0,228.03,228.35,0.0
2024-08-28 09:00:00-04:00,228.35,228.5,225.805,227.9,0.0
2024-08-28 09:30:00-04:00,228.0500030517578,229.66000366210938,227.87100219726562,229.63999938964844,8121114.0
2024-08-28 10:30:00-04:00,229.6300048828125,229.85000610351562,226.3300018310547,226.80999755859375,5991731.0
2024-08-28 11:30:00-04:00,226.8000030517578,227.27000427246094,226.25999450683594,227.02999877929688,5540740.0
2024-08-28 12:30:00-04:00,227.02000427246094,227.75999450683594,227.00999450683594,227.47000122070312,2481723.0
2024-08-28 13:30:00-04:00,227.47000122070312,227.60000610351562,225.6800994873047,226.0800018310547,2007338.0
2024-08-28 14:30:00-04:00,226.0800018310547,227.63999938964844,225.9600067138672,227.4600067138672,3017614.0
2024-08-28 15:30:00-04:00,227.4499969482422,227.5399932861328,226.33999633789062,226.49000549316406,3607065.0
2024-08-28 16:00:00-04:00,226.51,228.67,225.57,225.69,0.0
2024-08-28 17:00:00-04:00,225.8,226.5,225.7401,226.32,0.0
2024-08-28 18:00:00-04:00,226.2,226.99,225.52,225.63,0.0
2024-08-28 19:00:00-04:00,225.63,226.39,225.63,225.7,0.0
2024-08-29 04:00:00-04:00,227.97,228.81,227.55,228.23,0.0
2024-08-29 05:00:00-04:00,228.34,229.15,228.34,229.15,0.0
2024-08-29 06:00:00-04:00,229.2,229.7,228.79,229.21,0.0
2024-08-29 07:00:00-04:00,229.21,230.0,228.91,229.87,0.0
2024-08-29 08:00:00-04:00,229.87,230.45,226.49,230.14,0.0
2024-08-29 09:00:00-04:00,230.145,230.6,225.64,230.13,0.0
2024-08-29 09:30:00-04:00,230.27999877929688,231.94000244140625,228.8800048828125,231.4199981689453,15038494.0
2024-08-29 10:30:00-04:00,231.42999267578125,232.9199981689453,231.4199981689453,232.4499969482422,7514577.0
2024-08-29 11:30:00-04:00,232.44760131835938,232.7091064453125,231.49000549316406,232.4499969482422,5159347.0
2024-08-29 12:30:00-04:00,232.4499969482422,232.7100067138672,231.8699951171875,232.1300048828125,3294078.0
2024-08-29 13:30:00-04:00,232.13999938964844,232.5,230.5500030517578,230.83599853515625,4397159.0
2024-08-29 14:30:00-04:00,230.8300018310547,230.97000122070312,229.62010192871094,230.13999938964844,5247050.0
2024-08-29 15:30:00-04:00,230.1699981689453,230.77000427246094,229.3300018310547,229.80999755859375,4555191.0
2024-08-29 16:00:00-04:00,229.83,230.27,229.33,230.2587,0.0
2024-08-29 17:00:00-04:00,230.21,230.35,229.79,230.29,0.0
2024-08-29 18:00:00-04:00,230.26,230.35,229.79,230.0,0.0
2024-08-29 19:00:00-04:00,230.05,230.32,229.95,230.2895,0.0
2024-08-30 04:00:00-04:00,230.9,231.11,230.66,230.75,0.0
2024-08-30 05:00:00-04:00,230.73,230.83,230.61,230.64,0.0
2024-08-30 06:00:00-04:00,230.71,230.98,230.54,230.9,0.0
2024-08-30 07:00:00-04:00,230.89,231.29,230.8,231.15,0.0
2024-08-30 08:00:00-04:00,231.02,231.3,229.79,231.2014,0.0
2024-08-30 09:00:00-04:00,231.25,231.72,229.7,230.1,0.0
2024-08-30 09:30:00-04:00,230.0,230.39999389648438,228.54010009765625,229.19500732421875,8962269.0
2024-08-30 10:30:00-04:00,229.1999969482422,230.00999450683594,227.72999572753906,228.2449951171875,4933862.0
2024-08-30 11:30:00-04:00,228.22000122070312,228.875,227.5500030517578,228.02999877929688,3257176.0
2024-08-30 12:30:00-04:00,228.02020263671875,228.6999969482422,227.47999572753906,228.14999389648438,2683350.0
2024-08-30 13:30:00-04:00,228.13499450683594,228.31500244140625,227.66000366210938,227.99000549316406,2414533.0
2024-08-30 14:30:00-04:00,228.0,229.0500030517578,227.9499969482422,229.0399932861328,3332557.0
2024-08-30 15:30:00-04:00,229.0399932861328,229.85000610351562,228.3800048828125,228.86000061035156,6922500.0
2024-08-30 16:00:00-04:00,228.86,230.38,227.18,228.975,0.0
2024-08-30 17:00:00-04:00,229.0,229.17,210.4149,229.14,0.0
2024-08-30 18:00:00-04:00,229.095,229.15,229.0,229.115,0.0
2024-08-30 19:00:00-04:00,229.115,229.22,229.04,229.15,0.0
2024-09-03 04:00:00-04:00,229.01,229.83,229.0,229.38,0.0
2024-09-03 05:00:00-04:00,229.38,229.38,227.82,228.15,0.0
2024-09-03 06:00:00-04:00,228.0,228.44,227.78,228.29,0.0
2024-09-03 07:00:00-04:00,228.32,228.48,227.58,227.97,0.0
2024-09-03 08:00:00-04:00,228.0,229.9188,227.4,228.074,0.0
2024-09-03 09:00:00-04:00,228.1,230.19,227.18,228.67,0.0
2024-09-03 09:30:00-04:00,228.23849487304688,229.0,224.72999572753906,225.30999755859375,10969784.0
2024-09-03 10:30:00-04:00,225.30499267578125,225.30499267578125,223.50999450683594,223.85499572753906,5984800.0
2024-09-03 11:30:00-04:00,223.86000061035156,224.42999267578125,223.27000427246094,223.88999938964844,3719653.0
2024-09-03 12:30:00-04:00,223.8800048828125,224.14999389648438,223.4499969482422,223.8314971923828,2520844.0
2024-09-03 13:30:00-04:00,223.8251953125,223.9199981689453,221.83999633789062,222.1300048828125,4242288.0
2024-09-03 14:30:00-04:00,222.1199951171875,222.72999572753906,221.77000427246094,222.4499969482422,4336460.0
2024-09-03 15:30:00-04:00,222.44000244140625,222.77999877929688,221.1699981689453,222.75,6650499.0
2024-09-03 16:00:00-04:00,222.63,229.248,207.708,221.935,0.0
2024-09-03 17:00:00-04:00,222.1,229.248,206.7475,221.31,0.0
2024-09-03 18:00:00-04:00,221.31,221.55,220.76,220.9,0.0
2024-09-03 19:00:00-04:00,220.85,221.15,220.22,220.875,0.0
2024-09-04 04:00:00-04:00,220.83,220.96,220.21,220.55,0.0
2024-09-04 05:00:00-04:00,220.76,220.89,220.21,220.89,0.0
2024-09-04 06:00:00-04:00,220.89,221.45,220.85,221.05,0.0
2024-09-04 07:00:00-04:00,221.09,221.09,220.53,220.91,0.0
2024-09-04 08:00:00-04:00,220.89,228.355,219.78,221.0,0.0
2024-09-04 09:00:00-04:00,221.05,222.77,220.65,221.71,0.0
2024-09-04 09:30:00-04:00,221.4499969482422,221.7550048828125,217.47999572753906,218.63499450683594,13419708.0
2024-09-04 10:30:00-04:00,218.6300048828125,220.25,218.5399932861328,218.6800994873047,6164994.0
2024-09-04 11:30:00-04:00,218.69500732421875,219.96499633789062,218.02000427246094,219.92999267578125,3511069.0
2024-09-04 12:30:00-04:00,219.9199981689453,220.7843017578125,219.5399932861328,220.1199951171875,3078968.0
2024-09-04 13:30:00-04:00,220.10459899902344,221.11000061035156,220.07000732421875,220.91000366210938,3084195.0
2024-09-04 14:30:00-04:00,220.89999389648438,221.13999938964844,220.1699981689453,220.5500030517578,3235652.0
2024-09-04 15:30:00-04:00,220.5500030517578,221.4300994873047,220.4199981689453,220.7899932861328,4798702.0
2024-09-04 16:00:00-04:00,220.85,221.7,219.9133,220.66,0.0
2024-09-04 17:00:00-04:00,220.685,220.95,211.1001,220.905,0.0
2024-09-04 18:00:00-04:00,220.88,221.0,220.67,220.9,0.0
2024-09-04 19:00:00-04:00,220.81,221.0,219.24,220.12,0.0
2024-09-05 04:00:00-04:00,220.2,220.65,220.02,220.33,0.0
2024-09-05 05:00:00-04:00,220.33,220.5,219.89,219.91,0.0
2024-09-05 06:00:00-04:00,219.91,220.17,219.88,220.03,0.0
2024-09-05 07:00:00-04:00,220.0,221.37,220.0,220.8,0.0
2024-09-05 08:00:00-04:00,220.8,221.4,219.11,219.78,0.0
2024-09-05 09:00:00-04:00,219.755,229.0,217.88,221.68,0.0
2024-09-05 09:30:00-04:00,221.52000427246094,225.47999572753906,221.52000427246094,225.05999755859375,10704328.0
2024-09-05 10:30:00-04:00,225.0800018310547,225.38999938964844,222.3800048828125,222.47999572753906,4610709.0
2024-09-05 11:30:00-04:00,222.4600067138672,222.81959533691406,221.88999938964844,222.79519653320312,3171908.0
2024-09-05 12:30:00-04:00,222.7899932861328,223.14999389648438,222.33999633789062,222.38999938964844,2425313.0
2024-09-05 13:30:00-04:00,222.397705078125,223.75,222.37420654296875,223.33059692382812,2790012.0
2024-09-05 14:30:00-04:00,223.33999633789062,223.89999389648438,222.11000061035156,222.8300018310547,2545064.0
2024-09-05 15:30:00-04:00,222.82000732421875,223.3699951171875,221.8101043701172,222.39999389648438,3426613.0
2024-09-05 16:00:00-04:00,222.41,222.8,209.4246,222.33,0.0
2024-09-05 17:00:00-04:00,222.345,222.5,212.8457,222.35,0.0
2024-09-05 18:00:00-04:00,222.325,222.58,222.03,222.445,0.0
2024-09-05 19:00:00-04:00,222.49,222.49,222.05,222.38,0.0
2024-09-06 04:00:00-04:00,219.0,221.87,219.0,221.56,0.0
2024-09-06 05:00:00-04:00,221.63,221.74,220.75,221.11,0.0
2024-09-06 06:00:00-04:00,221.06,221.4,221.03,221.3,0.0
2024-09-06 07:00:00-04:00,221.3,222.1,220.95,221.3,0.0
2024-09-06 08:00:00-04:00,221.3,222.39,220.81,221.72,0.0
2024-09-06 09:00:00-04:00,221.69,224.5,220.695,224.0,0.0
2024-09-06 09:30:00-04:00,223.89999389648438,225.19659423828125,222.3800048828125,222.69000244140625,10837039.0
2024-09-06 10:30:00-04:00,222.6699981689453,223.02000427246094,220.8300018310547,221.25,6152793.0
2024-09-06 11:30:00-04:00,221.25,222.0677947998047,220.66200256347656,220.68569946289062,3892594.0
2024-09-06 12:30:00-04:00,220.6999969482422,221.63999938964844,220.4600067138672,220.97999572753906,3419148.0
2024-09-06 13:30:00-04:00,220.9499969482422,221.08999633789062,219.77000427246094,220.18780517578125,3000383.0
2024-09-06 14:30:00-04:00,220.19000244140625,221.47000122070312,219.82000732421875,221.05999755859375,3924346.0
2024-09-06 15:30:00-04:00,221.0625,221.5500030517578,220.13999938964844,220.91000366210938,4597875.0
2024-09-06 16:00:00-04:00,220.82,221.82,210.6299,219.975,0.0
2024-09-06 17:00:00-04:00,219.99,220.82,210.6299,219.88,0.0
2024-09-06 18:00:00-04:00,219.82,220.42,219.7773,220.2,0.0
2024-09-06 19:00:00-04:00,220.3,220.39,220.026,220.1,0.0
2024-09-09 04:00:00-04:00,222.65,223.02,220.15,222.75,0.0
2024-09-09 05:00:00-04:00,222.76,223.02,222.53,222.68,0.0
2024-09-09 06:00:00-04:00,222.68,222.7,222.17,222.23,0.0
2024-09-09 07:00:00-04:00,222.24,222.28,220.41,222.13,0.0
2024-09-09 08:00:00-04:00,222.14,223.09,220.42,220.5,0.0
2024-09-09 09:00:00-04:00,220.64,221.28,220.27,220.85,0.0
2024-09-09 09:30:00-04:00,220.89999389648438,221.27000427246094,217.82000732421875,218.875,13584735.0
2024-09-09 10:30:00-04:00,218.8800048828125,219.00999450683594,217.0500030517578,218.9600067138672,6687156.0
2024-09-09 11:30:00-04:00,218.97999572753906,220.5,218.92999267578125,220.2039031982422,4368450.0
2024-09-09 12:30:00-04:00,220.2126007080078,220.92999267578125,219.80999755859375,220.83999633789062,4747989.0
2024-09-09 13:30:00-04:00,220.83799743652344,220.85000610351562,217.0800018310547,217.1699981689453,11488645.0
2024-09-09 14:30:00-04:00,217.13999938964844,219.2725067138672,216.72000122070312,219.25999450683594,9269515.0
2024-09-09 15:30:00-04:00,219.27000427246094,221.0364990234375,219.27000427246094,220.99000549316406,8206929.0
2024-09-09 16:00:00-04:00,220.95,221.7901,220.78,221.02,0.0
2024-09-09 17:00:00-04:00,221.05,221.25,209.744,221.12,0.0
2024-09-09 18:00:00-04:00,221.135,221.15,220.39,220.45,0.0
2024-09-09 19:00:00-04:00,220.48,220.9,220.42,220.8797,0.0
2024-09-10 04:00:00-04:00,219.8,219.8,217.63,218.79,0.0
2024-09-10 05:00:00-04:00,218.75,219.08,217.73,218.06,0.0
2024-09-10 06:00:00-04:00,218.1,218.41,217.98,218.38,0.0
2024-09-10 07:00:00-04:00,218.26,218.95,217.96,218.64,0.0
2024-09-10 08:00:00-04:00,218.64,220.91,217.69,219.405,0.0
2024-09-10 09:00:00-04:00,219.45,223.06,217.51,218.8996,0.0
2024-09-10 09:30:00-04:00,218.88499450683594,220.02000427246094,216.72999572753906,219.77999877929688,14107205.0
2024-09-10 10:30:00-04:00,219.76499938964844,220.22000122070312,218.22000122070312,219.9499969482422,6070511.0
2024-09-10 11:30:00-04:00,219.9499969482422,220.41000366210938,218.0404052734375,218.5399932861328,4556201.0
2024-09-10 12:30:00-04:00,218.5301055908203,220.64999389648438,218.49000549316406,220.27000427246094,3685902.0
2024-09-10 13:30:00-04:00,220.27000427246094,221.47999572753906,220.19590759277344,220.80999755859375,3978034.0
2024-09-10 14:30:00-04:00,220.8300018310547,221.0449981689453,220.2100067138672,220.75,5332395.0
2024-09-10 15:30:00-04:00,220.7449951171875,221.11000061035156,219.67999267578125,220.1699981689453,4674197.0
2024-09-10 16:00:00-04:00,220.15,220.23,219.6012,219.86,0.0
2024-09-10 17:00:00-04:00,219.85,219.99,210.0654,219.93,0.0
2024-09-10 18:00:00-04:00,219.93,219.99,219.72,219.93,0.0
2024-09-10 19:00:00-04:00,219.89,220.0,219.65,219.74,0.0
2024-09-11 04:00:00-04:00,219.5,219.72,219.26,219.51,0.0
2024-09-11 05:00:00-04:00,219.5,219.57,218.96,219.38,0.0
2024-09-11 06:00:00-04:00,219.42,219.69,219.38,219.6,0.0
2024-09-11 07:00:00-04:00,219.47,219.72,219.44,219.53,0.0
2024-09-11 08:00:00-04:00,219.63,220.32,218.8882,220.32,0.0
2024-09-11 09:00:00-04:00,220.32,230.9588,218.9,221.5,0.0
2024-09-11 09:30:00-04:00,221.4250030517578,223.08999633789062,219.14999389648438,219.25,9711642.0
2024-09-11 10:30:00-04:00,219.24000549316406,219.33999633789062,217.88999938964844,218.89999389648438,4829296.0
2024-09-11 11:30:00-04:00,218.89999389648438,220.9499969482422,218.6699981689453,220.835205078125,3877449.0
2024-09-11 12:30:00-04:00,220.86000061035156,221.85000610351562,220.50999450683594,221.32000732421875,2788950.0
2024-09-11 13:30:00-04:00,221.25999450683594,221.6999969482422,220.83999633789062,221.6199951171875,3552924.0
2024-09-11 14:30:00-04:00,221.64999389648438,221.97000122070312,221.11000061035156,221.97000122070312,4285668.0
2024-09-11 15:30:00-04:00,221.9550018310547,223.0,221.67999267578125,222.86000061035156,5531388.0
2024-09-11 16:00:00-04:00,222.55,222.97,221.9,222.19,0.0
2024-09-11 17:00:00-04:00,222.2,228.5506,210.75,222.05,0.0
2024-09-11 18:00:00-04:00,222.015,222.38,221.93,222.21,0.0
2024-09-11 19:00:00-04:00,222.27,222.4,221.9,222.1445,0.0
2024-09-12 04:00:00-04:00,222.86,223.0,221.92,222.2,0.0
2024-09-12 05:00:00-04:00,222.13,222.99,222.12,222.99,0.0
2024-09-12 06:00:00-04:00,222.99,222.99,222.44,222.5,0.0
2024-09-12 07:00:00-04:00,222.51,223.04,222.5,222.88,0.0
2024-09-12 08:00:00-04:00,222.89,223.3988,221.91,222.92,0.0
2024-09-12 09:00:00-04:00,222.92,227.635,221.35,222.59,0.0
2024-09-12 09:30:00-04:00,221.67999267578125,222.5800018310547,219.82000732421875,222.07000732421875,8196037.0
2024-09-12 10:30:00-04:00,222.07119750976562,223.0675048828125,221.08999633789062,221.89999389648438,4368515.0
2024-09-12 11:30:00-04:00,221.89999389648438,222.5399932861328,221.6199951171875,221.92999267578125,2289208.0
2024-09-12 12:30:00-04:00,221.9499969482422,223.0500030517578,221.7100067138672,222.6199951171875,2450018.0
2024-09-12 13:30:00-04:00,222.60000610351562,223.22999572753906,222.5800018310547,223.14010620117188,2928926.0
2024-09-12 14:30:00-04:00,223.13999938964844,223.5399932861328,222.16000366210938,222.94000244140625,3839512.0
2024-09-12 15:30:00-04:00,222.92999267578125,223.3489990234375,222.44000244140625,222.8699951171875,5236457.0
2024-09-12 16:00:00-04:00,222.87,222.9,222.08,222.4,0.0
2024-09-12 17:00:00-04:00,222.46,234.1131,208.6506,222.305,0.0
2024-09-12 18:00:00-04:00,222.33,222.77,222.15,222.61,0.0
2024-09-12 19:00:00-04:00,222.55,222.95,222.55,222.757,0.0
2024-09-13 04:00:00-04:00,222.99,223.0,222.57,222.9,0.0
2024-09-13 05:00:00-04:00,222.9,223.15,222.86,223.15,0.0
2024-09-13 06:00:00-04:00,223.2,223.46,223.13,223.36,0.0
2024-09-13 07:00:00-04:00,223.42,223.51,223.14,223.4,0.0
2024-09-13 08:00:00-04:00,223.48,224.15,222.4212,224.025,0.0
2024-09-13 09:00:00-04:00,224.025,224.6,222.58,223.71,0.0
2024-09-13 09:30:00-04:00,223.59500122070312,223.85000610351562,222.19000244140625,222.3699951171875,9588879.0
2024-09-13 10:30:00-04:00,222.35000610351562,223.75,221.91000366210938,223.5449981689453,4492924.0
2024-09-13 11:30:00-04:00,223.5449981689453,223.99000549316406,223.05499267578125,223.3101043701172,2825345.0
2024-09-13 12:30:00-04:00,223.32000732421875,224.02999877929688,223.22000122070312,223.58380126953125,2326834.0
2024-09-13 13:30:00-04:00,223.5800018310547,224.02000427246094,222.85000610351562,223.0,2945593.0
2024-09-13 14:30:00-04:00,222.9949951171875,223.0500030517578,222.33120727539062,222.53399658203125,3150741.0
2024-09-13 15:30:00-04:00,222.5399932861328,222.84300231933594,222.30999755859375,222.4600067138672,4426267.0
2024-09-13 16:00:00-04:00,222.5,222.53,221.1964,222.425,0.0
2024-09-13 17:00:00-04:00,222.425,222.5,222.35,222.37,0.0
2024-09-13 18:00:00-04:00,222.36,222.38,222.22,222.265,0.0
2024-09-13 19:00:00-04:00,222.265,222.33,222.16,222.23,0.0
2024-09-16 04:00:00-04:00,220.0,221.0,219.35,219.5,0.0
2024-09-16 05:00:00-04:00,219.5,219.5,218.34,218.96,0.0
2024-09-16 06:00:00-04:00,218.88,219.0,217.71,217.9,0.0
2024-09-16 07:00:00-04:00,217.9,218.58,217.03,217.25,0.0
2024-09-16 08:00:00-04:00,217.3,221.9012,216.75,217.0,0.0
2024-09-16 09:00:00-04:00,217.0,222.5,216.12,216.55,0.0
2024-09-16 09:30:00-04:00,216.5500030517578,217.1999969482422,213.9199981689453,216.66000366210938,21390264.0
2024-09-16 10:30:00-04:00,216.64010620117188,216.9149932861328,214.83999633789062,216.55650329589844,8162076.0
2024-09-16 11:30:00-04:00,216.5500030517578,216.5800018310547,214.91000366210938,215.39999389648438,4852521.0
2024-09-16 12:30:00-04:00,215.38999938964844,215.97999572753906,214.92010498046875,215.96499633789062,3748142.0
2024-09-16 13:30:00-04:00,215.9600067138672,216.52000427246094,215.75,216.42999267578125,3606890.0
2024-09-16 14:30:00-04:00,216.4250030517578,216.466796875,215.9199981689453,216.22500610351562,4144167.0
2024-09-16 15:30:00-04:00,216.3000030517578,216.6999969482422,216.17999267578125,216.3000030517578,5232224.0
2024-09-16 16:00:00-04:00,216.32,222.945,213.1113,216.06,0.0
2024-09-16 17:00:00-04:00,216.1,229.248,202.6665,216.02,0.0
2024-09-16 18:00:00-04:00,216.02,216.18,216.0,216.09,0.0
2024-09-16 19:00:00-04:00,216.1599,216.26,216.06,216.249,0.0
2024-09-17 04:00:00-04:00,216.47,217.0,216.37,216.46,0.0
2024-09-17 05:00:00-04:00,216.53,216.9,216.21,216.84,0.0
2024-09-17 06:00:00-04:00,216.84,216.98,216.76,216.8,0.0
2024-09-17 07:00:00-04:00,216.77,216.77,215.04,215.14,0.0
2024-09-17 08:00:00-04:00,215.11,217.0285,215.01,216.03,0.0
2024-09-17 09:00:00-04:00,216.09,216.69,214.18,215.79,0.0
2024-09-17 09:30:00-04:00,215.75,216.58990478515625,214.5,216.4199981689453,11537502.0
2024-09-17 10:30:00-04:00,216.39999389648438,216.89999389648438,215.8426055908203,216.2050018310547,5086619.0
2024-09-17 11:30:00-04:00,216.2100067138672,216.83999633789062,215.50999450683594,215.75999450683594,4563369.0
2024-09-17 12:30:00-04:00,215.77000427246094,216.22999572753906,215.22999572753906,216.1699981689453,4929353.0
2024-09-17 13:30:00-04:00,216.16000366210938,216.38999938964844,215.05999755859375,216.14999389648438,3204596.0
2024-09-17 14:30:00-04:00,216.13999938964844,216.6199951171875,215.3000030517578,216.61000061035156,3928149.0
2024-09-17 15:30:00-04:00,216.60000610351562,216.85000610351562,216.1699981689453,216.85000610351562,4733527.0
2024-09-17 16:00:00-04:00,216.79,216.87,207.708,216.63,0.0
2024-09-17 17:00:00-04:00,216.62,222.5,202.4893,216.56,0.0
2024-09-17 18:00:00-04:00,216.56,216.74,216.5,216.6007,0.0
2024-09-17 19:00:00-04:00,216.605,216.9,216.59,216.895,0.0
2024-09-18 04:00:00-04:00,216.2,216.24,215.51,215.59,0.0
2024-09-18 05:00:00-04:00,215.59,216.2,215.49,215.9,0.0
2024-09-18 06:00:00-04:00,215.9,216.15,215.8,216.1,0.0
2024-09-18 07:00:00-04:00,216.1,217.12,216.1,216.81,0.0
2024-09-18 08:00:00-04:00,216.8,217.1,215.4412,216.8,0.0
2024-09-18 09:00:00-04:00,216.75,220.33,215.09,217.59,0.0
2024-09-18 09:30:00-04:00,217.58999633789062,220.73500061035156,217.5399932861328,220.73500061035156,11719770.0
2024-09-18 10:30:00-04:00,220.7301025390625,221.61000061035156,220.25100708007812,220.6300048828125,8156545.0
2024-09-18 11:30:00-04:00,220.63999938964844,220.86990356445312,219.52000427246094,220.80999755859375,4730443.0
2024-09-18 12:30:00-04:00,220.8000030517578,221.35000610351562,220.25999450683594,221.21009826660156,4663209.0
2024-09-18 13:30:00-04:00,221.22000122070312,222.6999969482422,219.92999267578125,221.4073028564453,7417109.0
2024-09-18 14:30:00-04:00,221.4958953857422,221.85000610351562,218.92999267578125,221.5,7309128.0
2024-09-18 15:30:00-04:00,221.5399932861328,221.80999755859375,219.8800048828125,220.69000244140625,6247706.0
2024-09-18 16:00:00-04:00,220.69,222.77,216.79,221.32,0.0
2024-09-18 17:00:00-04:00,221.36,221.6685,211.1001,221.16,0.0
2024-09-18 18:00:00-04:00,221.31,221.84,221.22,221.585,0.0
2024-09-18 19:00:00-04:00,221.59,222.25,221.4,222.125,0.0
2024-09-19 04:00:00-04:00,223.11,224.3,223.04,223.74,0.0
2024-09-19 05:00:00-04:00,223.7,224.76,223.59,224.3,0.0
2024-09-19 06:00:00-04:00,224.35,224.38,224.1,224.38,0.0
2024-09-19 07:00:00-04:00,224.38,224.85,224.0,224.26,0.0
2024-09-19 08:00:00-04:00,224.29,225.0,220.69,224.7,0.0
2024-09-19 09:00:00-04:00,224.74,225.6,217.765,224.99,0.0
2024-09-19 09:30:00-04:00,224.94000244140625,229.60000610351562,224.63999938964844,229.4949951171875,18240508.0
2024-09-19 10:30:00-04:00,229.60499572753906,229.82000732421875,227.66000366210938,228.49000549316406,8846328.0
2024-09-19 11:30:00-04:00,228.48460388183594,229.17999267578125,228.0,228.9949951171875,5729594.0
2024-09-19 12:30:00-04:00,228.99000549316406,229.3300018310547,228.72079467773438,229.17010498046875,4098355.0
2024-09-19 13:30:00-04:00,229.20689392089844,229.45570373535156,228.39999389648438,228.8699951171875,4410441.0
2024-09-19 14:30:00-04:00,228.8699951171875,229.49000549316406,228.76010131835938,229.46719360351562,4815301.0
2024-09-19 15:30:00-04:00,229.4600067138672,229.58999633789062,228.2899932861328,228.82000732421875,7376731.0
2024-09-19 16:00:00-04:00,228.87,228.98,228.5,228.605,0.0
2024-09-19 17:00:00-04:00,228.58,228.73,212.8457,228.58,0.0
2024-09-19 18:00:00-04:00,228.63,228.8,228.35,228.51,0.0
2024-09-19 19:00:00-04:00,228.42,228.69,228.25,228.5,0.0
2024-09-20 04:00:00-04:00,228.12,228.41,227.69,228.05,0.0
2024-09-20 05:00:00-04:00,227.9,228.09,227.51,227.63,0.0
2024-09-20 06:00:00-04:00,227.55,227.63,227.35,227.56,0.0
2024-09-20 07:00:00-04:00,227.56,227.98,227.15,227.77,0.0
2024-09-20 08:00:00-04:00,227.67,228.87,227.15,228.465,0.0
2024-09-20 09:00:00-04:00,228.43,230.23,224.87,229.98,0.0
2024-09-20 09:30:00-04:00,229.97000122070312,231.16000366210938,229.22000122070312,230.0345001220703,28984531.0
2024-09-20 10:30:00-04:00,230.02999877929688,230.5800018310547,229.1999969482422,229.77000427246094,12497143.0
2024-09-20 11:30:00-04:00,229.75999450683594,231.74000549316406,229.74000549316406,231.72999572753906,7914719.0
2024-09-20 12:30:00-04:00,231.72000122070312,231.9199981689453,230.61000061035156,230.75,6485883.0
2024-09-20 13:30:00-04:00,230.74000549316406,231.25999450683594,229.60000610351562,229.77720642089844,7870480.0
2024-09-20 14:30:00-04:00,229.77000427246094,232.0,229.5,231.97500610351562,10546962.0
2024-09-20 15:30:00-04:00,231.97500610351562,233.08999633789062,227.6199951171875,228.52999877929688,25542112.0
2024-09-20 16:00:00-04:00,228.53,231.45,227.78,228.065,0.0
2024-09-20 17:00:00-04:00,228.075,228.25,213.7986,227.91,0.0
2024-09-20 18:00:00-04:00,227.895,228.0,227.76,227.85,0.0
2024-09-20 19:00:00-04:00,227.88,227.96,227.71,227.7664,0.0
2024-09-23 04:00:00-04:00,228.19,228.48,227.44,227.75,0.0
2024-09-23 05:00:00-04:00,227.69,227.87,227.35,227.6,0.0
2024-09-23 06:00:00-04:00,227.6,228.37,227.57,228.31,0.0
2024-09-23 07:00:00-04:00,228.31,228.37,227.85,227.92,0.0
2024-09-23 08:00:00-04:00,227.97,228.6,227.3685,227.89,0.0
2024-09-23 09:00:00-04:00,227.885,231.445,226.5,227.375,0.0
2024-09-23 09:30:00-04:00,227.33999633789062,228.02310180664062,225.86000061035156,228.00999450683594,13371890.0
2024-09-23 10:30:00-04:00,228.00999450683594,229.4499969482422,227.6300048828125,228.6533966064453,6527851.0
2024-09-23 11:30:00-04:00,228.66000366210938,228.89999389648438,226.92999267578125,226.94000244140625,3575768.0
2024-09-23 12:30:00-04:00,226.94000244140625,227.41000366210938,226.62010192871094,226.74000549316406,3228628.0
2024-09-23 13:30:00-04:00,226.74899291992188,227.17999267578125,226.50999450683594,226.67999267578125,2921492.0
2024-09-23 14:30:00-04:00,226.69000244140625,226.75999450683594,226.0,226.2899932861328,3625613.0
2024-09-23 15:30:00-04:00,226.27999877929688,226.6999969482422,225.80999755859375,226.4499969482422,4381769.0
2024-09-23 16:00:00-04:00,226.47,226.65,226.26,226.2998,0.0
2024-09-23 17:00:00-04:00,226.295,226.47,226.22,226.25,0.0
2024-09-23 18:00:00-04:00,226.24,226.299,226.08,226.18,0.0
2024-09-23 19:00:00-04:00,226.1611,226.47,226.0,226.23,0.0
2024-09-24 04:00:00-04:00,227.15,228.1,227.15,227.91,0.0
2024-09-24 05:00:00-04:00,227.93,228.0,227.67,227.89,0.0
2024-09-24 06:00:00-04:00,227.92,228.58,227.92,228.2,0.0
2024-09-24 07:00:00-04:00,228.25,228.36,227.0,227.48,0.0
2024-09-24 08:00:00-04:00,227.51,228.58,225.904,228.11,0.0
2024-09-24 09:00:00-04:00,228.1557,229.03,226.88,228.59,0.0
2024-09-24 09:30:00-04:00,229.17999267578125,229.35000610351562,226.0500030517578,226.07000732421875,7586055.0
2024-09-24 10:30:00-04:00,226.07000732421875,227.47999572753906,225.74000549316406,227.01210021972656,4155816.0
2024-09-24 11:30:00-04:00,227.02000427246094,227.73939514160156,226.6999969482422,227.5500030517578,2884573.0
2024-09-24 12:30:00-04:00,227.5399932861328,227.75999450683594,226.80999755859375,227.24000549316406,2149179.0
2024-09-24 13:30:00-04:00,227.24220275878906,227.47999572753906,226.80999755859375,226.8791046142578,1936488.0
2024-09-24 14:30:00-04:00,226.8699951171875,227.08999633789062,226.5399932861328,227.0260009765625,1999556.0
2024-09-24 15:30:00-04:00,227.0399932861328,227.5,226.3699951171875,227.36000061035156,4656959.0
2024-09-24 16:00:00-04:00,227.37,227.77,213.1253,227.56,0.0
2024-09-24 17:00:00-04:00,227.54,227.75,213.1253,227.615,0.0
2024-09-24 18:00:00-04:00,227.66,227.66,227.41,227.54,0.0
2024-09-24 19:00:00-04:00,227.49,227.72,227.41,227.55,0.0
2024-09-25 04:00:00-04:00,226.4,226.88,225.5,226.15,0.0
2024-09-25 05:00:00-04:00,226.26,226.26,225.7,225.86,0.0
2024-09-25 06:00:00-04:00,225.87,226.11,225.81,225.98,0.0
2024-09-25 07:00:00-04:00,226.07,226.08,224.78,225.15,0.0
2024-09-25 08:00:00-04:00,225.15,227.37,224.8,225.22,0.0
2024-09-25 09:00:00-04:00,225.2,228.595,224.85,225.0589,0.0
2024-09-25 09:30:00-04:00,224.92999267578125,227.2899932861328,224.61000061035156,226.38499450683594,8474136.0
2024-09-25 10:30:00-04:00,226.3699951171875,226.79989624023438,225.3000030517578,225.4499969482422,4105730.0
2024-09-25 11:30:00-04:00,225.39999389648438,225.98989868164062,225.32000732421875,225.87010192871094,2773314.0
2024-09-25 12:30:00-04:00,225.86000061035156,226.02000427246094,225.27000427246094,225.36000061035156,2776012.0
2024-09-25 13:30:00-04:00,225.35000610351562,225.4499969482422,224.02999877929688,224.89999389648438,4550963.0
2024-09-25 14:30:00-04:00,224.88999938964844,225.32000732421875,224.72999572753906,225.25990295410156,2750104.0
2024-09-25 15:30:00-04:00,225.25,226.44000244140625,225.19000244140625,226.30999755859375,4052788.0
2024-09-25 16:00:00-04:00,226.37,226.4,224.8013,226.03,0.0
2024-09-25 17:00:00-04:00,226.03,226.25,225.82,226.03,0.0
2024-09-25 18:00:00-04:00,226.105,226.37,225.82,225.93,0.0
2024-09-25 19:00:00-04:00,225.94,226.17,225.425,226.17,0.0
2024-09-26 04:00:00-04:00,227.77,228.0,227.45,228.0,0.0
2024-09-26 05:00:00-04:00,227.99,228.43,227.96,228.25,0.0
2024-09-26 06:00:00-04:00,228.37,228.42,227.91,228.1,0.0
2024-09-26 07:00:00-04:00,228.13,228.38,227.65,227.93,0.0
2024-09-26 08:00:00-04:00,227.9,228.4433,226.37,227.5,0.0
2024-09-26 09:00:00-04:00,227.62,228.45,224.89,227.27,0.0
2024-09-26 09:30:00-04:00,227.3000030517578,227.6199951171875,225.41000366210938,226.89999389648438,8068088.0
2024-09-26 10:30:00-04:00,226.91000366210938,228.5,226.52999877929688,227.3896942138672,5650345.0
2024-09-26 11:30:00-04:00,227.38650512695312,227.82000732421875,226.67999267578125,227.30999755859375,2992378.0
2024-09-26 12:30:00-04:00,227.31500244140625,227.39999389648438,226.6699981689453,227.15499877929688,1819367.0
2024-09-26 13:30:00-04:00,227.15499877929688,227.7100067138672,226.9709930419922,227.7050018310547,2270366.0
2024-09-26 14:30:00-04:00,227.7100067138672,227.86500549316406,227.46200561523438,227.5749969482422,2387943.0
2024-09-26 15:30:00-04:00,227.5800018310547,227.7899932861328,226.99000549316406,227.6199951171875,3934449.0
2024-09-26 16:00:00-04:00,227.52,228.11,227.31,227.88,0.0
2024-09-26 17:00:00-04:00,227.91,228.0,227.52,227.81,0.0
2024-09-26 18:00:00-04:00,227.9,228.25,227.52,228.1999,0.0
2024-09-26 19:00:00-04:00,228.2,228.23,228.05,228.066,0.0
2024-09-27 04:00:00-04:00,226.6,227.55,226.22,227.55,0.0
2024-09-27 05:00:00-04:00,227.47,227.66,227.11,227.35,0.0
2024-09-27 06:00:00-04:00,227.15,228.12,227.15,227.99,0.0
2024-09-27 07:00:00-04:00,228.0,228.0,227.49,227.76,0.0
2024-09-27 08:00:00-04:00,227.82,228.1977,226.2312,228.0645,0.0
2024-09-27 09:00:00-04:00,228.13,228.72,226.5,228.65,0.0
2024-09-27 09:30:00-04:00,228.42999267578125,229.52000427246094,227.99000549316406,228.95089721679688,7047356.0
2024-09-27 10:30:00-04:00,228.93960571289062,229.07000732421875,227.83999633789062,228.1300048828125,4099029.0
2024-09-27 11:30:00-04:00,228.1199951171875,228.25,227.3000030517578,228.14999389648438,3339358.0
2024-09-27 12:30:00-04:00,228.13999938964844,228.6199951171875,227.9199981689453,227.9949951171875,1914209.0
2024-09-27 13:30:00-04:00,227.99000549316406,228.52000427246094,227.80999755859375,227.89500427246094,2008696.0
2024-09-27 14:30:00-04:00,227.89999389648438,228.19000244140625,227.52999877929688,227.80999755859375,2165156.0
2024-09-27 15:30:00-04:00,227.82000732421875,228.0,227.5500030517578,227.82000732421875,3703154.0
2024-09-27 16:00:00-04:00,227.79,227.8,227.42,227.57,0.0
2024-09-27 17:00:00-04:00,227.5992,227.79,216.7766,227.6,0.0
2024-09-27 18:00:00-04:00,227.6,227.6,227.48,227.505,0.0
2024-09-27 19:00:00-04:00,227.505,227.55,227.11,227.5,0.0
2024-09-30 04:00:00-04:00,227.71,229.37,227.71,229.36,0.0
2024-09-30 05:00:00-04:00,229.33,230.05,228.93,229.84,0.0
2024-09-30 06:00:00-04:00,229.82,230.5,229.81,230.11,0.0
2024-09-30 07:00:00-04:00,230.12,230.14,229.18,229.51,0.0
2024-09-30 08:00:00-04:00,229.5,230.45,226.84,230.0,0.0
2024-09-30 09:00:00-04:00,230.075,230.38,229.1645,230.07,0.0
2024-09-30 09:30:00-04:00,230.15499877929688,232.34120178222656,229.65499877929688,230.97999572753906,11787517.0
2024-09-30 10:30:00-04:00,230.97000122070312,232.04989624023438,230.75,231.89999389648438,4589294.0
2024-09-30 11:30:00-04:00,232.02000427246094,232.53829956054688,231.8300018310547,232.1199951171875,3947937.0
2024-09-30 12:30:00-04:00,232.1199951171875,232.1999969482422,231.30999755859375,231.64500427246094,2500766.0
2024-09-30 13:30:00-04:00,231.64999389648438,232.0,230.5500030517578,231.00999450683594,3105354.0
2024-09-30 14:30:00-04:00,231.0,231.91000366210938,230.77639770507812,231.22000122070312,3385830.0
2024-09-30 15:30:00-04:00,231.2050018310547,233.0,231.11000061035156,233.0,9077998.0
2024-09-30 16:00:00-04:00,233.0,233.25,220.31,232.86,0.0
2024-09-30 17:00:00-04:00,232.86,233.0,229.248,232.88,0.0
2024-09-30 18:00:00-04:00,232.88,232.97,232.76,232.8,0.0
2024-09-30 19:00:00-04:00,232.782,233.2,232.76,233.1001,0.0
2024-10-01 04:00:00-04:00,233.22,233.4,233.04,233.19,0.0
2024-10-01 05:00:00-04:00,233.29,233.35,233.04,233.35,0.0
2024-10-01 06:00:00-04:00,233.35,233.44,233.25,233.41,0.0
2024-10-01 07:00:00-04:00,233.41,233.6,229.7,230.33,0.0
2024-10-01 08:00:00-04:00,230.35,233.51,222.5,229.95,0.0
2024-10-01 09:00:00-04:00,229.95,230.46,228.92,229.508,0.0
2024-10-01 09:30:00-04:00,229.5500030517578,229.6199951171875,224.66000366210938,224.9600067138672,18785859.0
2024-10-01 10:30:00-04:00,224.97999572753906,225.5,224.52000427246094,225.47500610351562,7238550.0
2024-10-01 11:30:00-04:00,225.47000122070312,225.94000244140625,225.0500030517578,225.31300354003906,5236262.0
2024-10-01 12:30:00-04:00,225.3000030517578,225.39500427246094,223.74000549316406,223.92999267578125,4629057.0
2024-10-01 13:30:00-04:00,223.92999267578125,225.63999938964844,223.83999633789062,225.4600067138672,4115947.0
2024-10-01 14:30:00-04:00,225.44000244140625,226.1884002685547,225.24600219726562,226.1501007080078,4202375.0
2024-10-01 15:30:00-04:00,226.14999389648438,226.33999633789062,225.87570190429688,226.25999450683594,5044106.0
2024-10-01 16:00:00-04:00,226.23,232.79,212.2774,225.64,0.0
2024-10-01 17:00:00-04:00,225.67,228.7977,210.16,225.5665,0.0
2024-10-01 18:00:00-04:00,225.57,226.21,225.26,225.62,0.0
2024-10-01 19:00:00-04:00,225.625,225.89,225.3,225.67,0.0
2024-10-02 04:00:00-04:00,225.56,225.88,225.5,225.81,0.0
2024-10-02 05:00:00-04:00,225.86,225.95,225.01,225.13,0.0
2024-10-02 06:00:00-04:00,225.22,225.35,224.39,224.94,0.0
2024-10-02 07:00:00-04:00,224.93,225.0,224.5,224.92,0.0
2024-10-02 08:00:00-04:00,224.9,226.2688,224.39,224.5,0.0
2024-10-02 09:00:00-04:00,224.74,225.9,224.51,225.89,0.0
2024-10-02 09:30:00-04:00,225.6999969482422,226.11000061035156,223.02999877929688,225.4199981689453,9385176.0
2024-10-02 10:30:00-04:00,225.39999389648438,226.60000610351562,225.27000427246094,226.2050018310547,4586645.0
2024-10-02 11:30:00-04:00,226.22000122070312,227.0500030517578,226.1649932861328,226.95199584960938,3954712.0
2024-10-02 12:30:00-04:00,226.9499969482422,227.03939819335938,226.58999633789062,226.95989990234375,2173028.0
2024-10-02 13:30:00-04:00,226.94000244140625,227.17999267578125,226.35000610351562,226.82000732421875,2418335.0
2024-10-02 14:30:00-04:00,226.8000030517578,227.3300018310547,226.64999389648438,227.24000549316406,2105356.0
2024-10-02 15:30:00-04:00,227.22500610351562,227.3699951171875,226.69009399414062,226.80999755859375,2793983.0
2024-10-02 16:00:00-04:00,226.79,228.865,225.25,227.255,0.0
2024-10-02 17:00:00-04:00,227.21,236.4454,213.7943,227.0982,0.0
2024-10-02 18:00:00-04:00,227.08,227.19,226.78,227.045,0.0
2024-10-02 19:00:00-04:00,227.01,227.1,226.79,226.97,0.0
2024-10-03 04:00:00-04:00,225.34,226.07,225.34,225.94,0.0
2024-10-03 05:00:00-04:00,225.97,225.97,225.62,225.76,0.0
2024-10-03 06:00:00-04:00,225.76,225.84,225.71,225.81,0.0
2024-10-03 07:00:00-04:00,225.81,226.05,225.29,225.29,0.0
2024-10-03 08:00:00-04:00,225.38,226.78,224.79,225.495,0.0
2024-10-03 09:00:00-04:00,225.58,226.78,224.57,224.91,0.0
2024-10-03 09:30:00-04:00,225.24000549316406,226.8000030517578,224.72000122070312,224.8350067138672,6220681.0
2024-10-03 10:30:00-04:00,224.80999755859375,225.52999877929688,224.26499938964844,224.87420654296875,4150076.0
2024-10-03 11:30:00-04:00,224.88839721679688,225.3699951171875,224.8300018310547,225.07119750976562,3280055.0
2024-10-03 12:30:00-04:00,225.08999633789062,225.09629821777344,223.3238983154297,223.8350067138672,3492200.0
2024-10-03 13:30:00-04:00,223.83999633789062,224.40989685058594,223.70010375976562,223.84010314941406,1911305.0
2024-10-03 14:30:00-04:00,223.8350067138672,224.0399932861328,223.50010681152344,223.6999969482422,2380663.0
2024-10-03 15:30:00-04:00,223.7100067138672,225.83999633789062,223.66000366210938,225.6699981689453,5709739.0
2024-10-03 16:00:00-04:00,225.66,235.905,225.55,225.72,0.0
2024-10-03 17:00:00-04:00,225.745,225.79,209.917,225.527,0.0
2024-10-03 18:00:00-04:00,225.56,225.9,225.46,225.8,0.0
2024-10-03 19:00:00-04:00,225.8805,226.23,225.8,226.09,0.0
2024-10-04 04:00:00-04:00,225.87,226.5,225.8,225.85,0.0
2024-10-04 05:00:00-04:00,225.9,225.99,225.61,225.64,0.0
2024-10-04 06:00:00-04:00,225.61,226.23,225.61,226.13,0.0
2024-10-04 07:00:00-04:00,226.22,226.41,225.96,226.4,0.0
2024-10-04 08:00:00-04:00,226.43,226.66,225.106,226.63,0.0
2024-10-04 09:00:00-04:00,226.63,227.98,226.55,227.89,0.0
2024-10-04 09:30:00-04:00,227.88999938964844,228.0,224.3800048828125,224.510498046875,8338473.0
2024-10-04 10:30:00-04:00,224.49000549316406,225.5399932861328,224.13999938964844,224.55999755859375,4171900.0
2024-10-04 11:30:00-04:00,224.52999877929688,225.57000732421875,224.3249969482422,224.9499969482422,3129678.0
2024-10-04 12:30:00-04:00,224.9571075439453,225.47999572753906,224.8675994873047,225.10009765625,1978865.0
2024-10-04 13:30:00-04:00,225.1199951171875,225.35000610351562,224.5500030517578,225.08999633789062,2430951.0
2024-10-04 14:30:00-04:00,225.08999633789062,226.19000244140625,225.0399932861328,226.09010314941406,3128943.0
2024-10-04 15:30:00-04:00,226.09500122070312,226.97999572753906,225.92999267578125,226.77999877929688,4791908.0
2024-10-04 16:00:00-04:00,226.74,226.82,225.415,226.6,0.0
2024-10-04 17:00:00-04:00,226.6,226.81,213.7986,226.75,0.0
2024-10-04 18:00:00-04:00,226.72,226.78,226.43,226.565,0.0
2024-10-04 19:00:00-04:00,226.45,226.8,224.42,226.415,0.0
2024-10-07 04:00:00-04:00,224.45,224.58,223.67,224.53,0.0
2024-10-07 05:00:00-04:00,224.53,224.9,223.23,223.3,0.0
2024-10-07 06:00:00-04:00,223.37,223.7,223.31,223.49,0.0
2024-10-07 07:00:00-04:00,223.5,224.1,223.5,223.93,0.0
2024-10-07 08:00:00-04:00,223.93,226.233,223.298,224.7,0.0
2024-10-07 09:00:00-04:00,224.64,226.8,224.28,224.49,0.0
2024-10-07 09:30:00-04:00,224.4600067138672,225.5399932861328,224.05499267578125,225.32000732421875,7846943.0
2024-10-07 10:30:00-04:00,225.31500244140625,225.69000244140625,224.47999572753906,225.0601043701172,3155397.0
2024-10-07 11:30:00-04:00,225.0800018310547,225.27999877929688,224.07000732421875,224.25999450683594,2733871.0
2024-10-07 12:30:00-04:00,224.25,224.57000732421875,223.80999755859375,223.80999755859375,2471325.0
2024-10-07 13:30:00-04:00,223.7801055908203,224.05999755859375,223.39999389648438,223.74989318847656,2377594.0
2024-10-07 14:30:00-04:00,223.72999572753906,223.72999572753906,222.22999572753906,222.56500244140625,4495723.0
2024-10-07 15:30:00-04:00,222.56399536132812,222.6300048828125,221.3350067138672,221.72000122070312,4695507.0
2024-10-07 16:00:00-04:00,221.69,227.23,221.61,221.82,0.0
2024-10-07 17:00:00-04:00,221.825,222.05,209.744,222.05,0.0
2024-10-07 18:00:00-04:00,222.025,222.06,221.2,221.44,0.0
2024-10-07 19:00:00-04:00,221.5,225.64,221.415,221.81,0.0
2024-10-08 04:00:00-04:00,222.55,222.55,221.87,222.09,0.0
2024-10-08 05:00:00-04:00,222.02,222.46,221.78,222.42,0.0
2024-10-08 06:00:00-04:00,222.42,222.81,222.37,222.77,0.0
2024-10-08 07:00:00-04:00,222.77,223.35,222.73,222.9,0.0
2024-10-08 08:00:00-04:00,222.98,223.4,221.136,223.245,0.0
2024-10-08 09:00:00-04:00,223.2,224.455,221.69,224.23,0.0
2024-10-08 09:30:00-04:00,224.30999755859375,225.8800048828125,223.25,224.89999389648438,8969276.0
2024-10-08 10:30:00-04:00,224.89759826660156,225.9600067138672,224.66000366210938,225.3300018310547,3802538.0
2024-10-08 11:30:00-04:00,225.33929443359375,225.60000610351562,224.74000549316406,224.82000732421875,2178501.0
2024-10-08 12:30:00-04:00,224.8300018310547,225.0,224.22239685058594,224.74000549316406,1971901.0
2024-10-08 13:30:00-04:00,224.74000549316406,225.11500549316406,224.66000366210938,224.92970275878906,1560837.0
2024-10-08 14:30:00-04:00,224.9199981689453,225.58999633789062,224.77999877929688,225.27000427246094,2592549.0
2024-10-08 15:30:00-04:00,225.27000427246094,225.97500610351562,225.23500061035156,225.77999877929688,3794652.0
2024-10-08 16:00:00-04:00,225.77,226.695,225.37,225.5,0.0
2024-10-08 17:00:00-04:00,225.5,225.77,219.5283,225.415,0.0
2024-10-08 18:00:00-04:00,225.415,225.77,210.0654,225.53,0.0
2024-10-08 19:00:00-04:00,225.5,225.54,225.22,225.2212,0.0
2024-10-09 04:00:00-04:00,225.12,225.12,224.27,224.57,0.0
2024-10-09 05:00:00-04:00,224.48,224.95,224.48,224.8,0.0
2024-10-09 06:00:00-04:00,224.95,225.25,224.93,225.21,0.0
2024-10-09 07:00:00-04:00,225.18,225.37,225.0,225.28,0.0
2024-10-09 08:00:00-04:00,225.32,225.8896,224.4148,225.27,0.0
2024-10-09 09:00:00-04:00,225.2754,225.9,225.04,225.26,0.0
2024-10-09 09:30:00-04:00,225.5,227.1699981689453,224.8300018310547,227.10000610351562,6790643.0
2024-10-09 10:30:00-04:00,227.10000610351562,228.2899932861328,226.97000122070312,228.19000244140625,4601032.0
2024-10-09 11:30:00-04:00,228.2100067138672,228.7100067138672,228.08200073242188,228.7100067138672,3064533.0
2024-10-09 12:30:00-04:00,228.72000122070312,229.03990173339844,228.52000427246094,228.86000061035156,2317434.0
2024-10-09 13:30:00-04:00,228.83999633789062,229.6699981689453,228.02999877929688,229.6300048828125,2705052.0
2024-10-09 14:30:00-04:00,229.6199951171875,229.62989807128906,228.8000030517578,229.07420349121094,3361168.0
2024-10-09 15:30:00-04:00,229.07000732421875,229.75,229.05999755859375,229.50999450683594,3238655.0
2024-10-09 16:00:00-04:00,229.51,229.59,223.405,229.23,0.0
2024-10-09 17:00:00-04:00,229.21,229.54,229.12,229.165,0.0
2024-10-09 18:00:00-04:00,229.19,229.54,229.12,229.18,0.0
2024-10-09 19:00:00-04:00,229.18,229.4,224.9,229.32,0.0
2024-10-10 04:00:00-04:00,229.15,229.39,228.9,229.02,0.0
2024-10-10 05:00:00-04:00,229.02,229.02,228.76,228.86,0.0
2024-10-10 06:00:00-04:00,228.93,228.93,228.27,228.56,0.0
2024-10-10 07:00:00-04:00,228.65,228.75,228.48,228.65,0.0
2024-10-10 08:00:00-04:00,228.66,229.79,228.47,228.9963,0.0
2024-10-10 09:00:00-04:00,229.0,229.54,227.51,227.75,0.0
2024-10-10 09:30:00-04:00,227.77999877929688,228.82980346679688,227.1699981689453,228.2554931640625,6391325.0
2024-10-10 10:30:00-04:00,228.2364044189453,228.39599609375,227.6300048828125,228.2899932861328,3150593.0
2024-10-10 11:30:00-04:00,228.2899932861328,229.22999572753906,228.13999938964844,228.7100067138672,2234297.0
2024-10-10 12:30:00-04:00,228.72500610351562,228.73910522460938,228.12030029296875,228.5,1857916.0
2024-10-10 13:30:00-04:00,228.49000549316406,228.8000030517578,228.0399932861328,228.32000732421875,1786905.0
2024-10-10 14:30:00-04:00,228.32000732421875,228.94500732421875,228.07000732421875,228.85499572753906,1924289.0
2024-10-10 15:30:00-04:00,228.85499572753906,229.5,228.80499267578125,229.02999877929688,3089900.0
2024-10-10 16:00:00-04:00,229.03,229.25,229.02,229.191,0.0
2024-10-10 17:00:00-04:00,229.208,229.25,229.04,229.15,0.0
2024-10-10 18:00:00-04:00,229.13,229.25,229.09,229.2388,0.0
2024-10-10 19:00:00-04:00,229.2,229.44,229.04,229.305,0.0
2024-10-11 04:00:00-04:00,228.99,228.99,228.28,228.75,0.0
2024-10-11 05:00:00-04:00,228.81,229.07,228.65,228.8,0.0
2024-10-11 06:00:00-04:00,228.79,228.83,228.72,228.77,0.0
2024-10-11 07:00:00-04:00,228.77,229.06,228.72,229.03,0.0
2024-10-11 08:00:00-04:00,229.04,229.4988,228.2886,229.165,0.0
2024-10-11 09:00:00-04:00,229.23,229.6,228.7297,229.4,0.0
2024-10-11 09:30:00-04:00,228.2949981689453,228.89999389648438,227.33999633789062,228.75999450683594,6270537.0
2024-10-11 10:30:00-04:00,228.74000549316406,229.19000244140625,227.7899932861328,227.97500610351562,3392321.0
2024-10-11 11:30:00-04:00,227.9700927734375,228.11000061035156,227.66000366210938,227.83009338378906,3047535.0
2024-10-11 12:30:00-04:00,227.8300018310547,227.98500061035156,227.41000366210938,227.83999633789062,2091191.0
2024-10-11 13:30:00-04:00,227.8249969482422,228.4499969482422,227.5800018310547,228.19500732421875,2354655.0
2024-10-11 14:30:00-04:00,228.19500732421875,228.97000122070312,228.05999755859375,228.69000244140625,2828890.0
2024-10-11 15:30:00-04:00,228.68870544433594,228.75999450683594,227.5,227.52000427246094,3955806.0
2024-10-11 16:00:00-04:00,227.52,229.075,227.41,227.46,0.0
2024-10-11 17:00:00-04:00,227.51,242.6295,227.44,227.45,0.0
2024-10-11 18:00:00-04:00,227.45,227.55,227.16,227.395,0.0
2024-10-11 19:00:00-04:00,227.389,227.45,227.3,227.4,0.0
2024-10-14 04:00:00-04:00,227.66,228.4,227.66,228.37,0.0
2024-10-14 05:00:00-04:00,228.15,228.18,227.85,228.01,0.0
2024-10-14 06:00:00-04:00,228.01,229.25,227.97,228.92,0.0
2024-10-14 07:00:00-04:00,229.08,229.4,228.86,228.92,0.0
2024-10-14 08:00:00-04:00,228.92,229.4119,227.15,228.82,0.0
2024-10-14 09:00:00-04:00,228.81,229.33,227.55,228.72,0.0
2024-10-14 09:30:00-04:00,228.6999969482422,231.30999755859375,228.60000610351562,230.68499755859375,8542412.0
2024-10-14 10:30:00-04:00,230.68499755859375,230.8800048828125,229.14999389648438,229.69000244140625,3661063.0
2024-10-14 11:30:00-04:00,229.67999267578125,230.52920532226562,229.42999267578125,230.24949645996094,2488171.0
2024-10-14 12:30:00-04:00,230.25999450683594,230.6063995361328,230.1999969482422,230.42999267578125,1601087.0
2024-10-14 13:30:00-04:00,230.41000366210938,230.55029296875,230.05999755859375,230.4600067138672,2240039.0
2024-10-14 14:30:00-04:00,230.48350524902344,231.44679260253906,230.4499969482422,231.22259521484375,3574497.0
2024-10-14 15:30:00-04:00,231.22000122070312,231.72779846191406,231.0399932861328,231.3000030517578,4541236.0
2024-10-14 16:00:00-04:00,231.3,243.2133,230.86,231.15,0.0
2024-10-14 17:00:00-04:00,231.19,243.2133,220.82,231.105,0.0
2024-10-14 18:00:00-04:00,231.19,231.3,231.07,231.255,0.0
2024-10-14 19:00:00-04:00,231.255,231.3,231.19,231.275,0.0
2024-10-15 04:00:00-04:00,231.18,231.18,230.4,230.68,0.0
2024-10-15 05:00:00-04:00,230.68,230.79,230.29,230.75,0.0
2024-10-15 06:00:00-04:00,230.77,231.19,230.54,231.0,0.0
2024-10-15 07:00:00-04:00,230.98,233.3,230.98,233.22,0.0
2024-10-15 08:00:00-04:00,233.2,234.4,227.55,234.3,0.0
2024-10-15 09:00:00-04:00,234.245,234.47,233.36,233.585,0.0
2024-10-15 09:30:00-04:00,233.58999633789062,237.49000549316406,232.3699951171875,235.82000732421875,21113589.0
2024-10-15 10:30:00-04:00,235.82000732421875,236.1300048828125,234.67010498046875,235.431396484375,8085291.0
2024-10-15 11:30:00-04:00,235.42999267578125,236.2899932861328,234.5500030517578,234.75999450683594,5436418.0
2024-10-15 12:30:00-04:00,234.75,235.1999969482422,233.85000610351562,234.02000427246094,3242105.0
2024-10-15 13:30:00-04:00,233.96400451660156,234.47000122070312,233.5,233.94000244140625,3554666.0
2024-10-15 14:30:00-04:00,233.94000244140625,234.0800018310547,233.0449981689453,233.24000549316406,3377696.0
2024-10-15 15:30:00-04:00,233.25,234.0699005126953,232.80999755859375,233.8000030517578,5720018.0
2024-10-15 16:00:00-04:00,233.83,234.07,220.82,233.87,0.0
2024-10-15 17:00:00-04:00,233.86,233.93,209.27,233.63,0.0
2024-10-15 18:00:00-04:00,233.56,233.9869,233.5,233.85,0.0
2024-10-15 19:00:00-04:00,233.925,234.14,233.86,234.13,0.0
2024-10-16 04:00:00-04:00,234.06,234.46,234.02,234.02,0.0
2024-10-16 05:00:00-04:00,234.23,234.23,234.08,234.08,0.0
2024-10-16 06:00:00-04:00,234.16,234.19,233.0,233.44,0.0
2024-10-16 07:00:00-04:00,233.52,234.23,233.51,234.1,0.0
2024-10-16 08:00:00-04:00,234.18,234.5988,232.8,233.0,0.0
2024-10-16 09:00:00-04:00,232.975,235.925,225.67,231.55,0.0
2024-10-16 09:30:00-04:00,231.6199951171875,232.1199951171875,229.85000610351562,230.72970581054688,10626875.0
2024-10-16 10:30:00-04:00,230.7100067138672,231.13999938964844,230.0500030517578,230.5850067138672,3846997.0
2024-10-16 11:30:00-04:00,230.5800018310547,230.95989990234375,230.06100463867188,230.33999633789062,3420832.0
2024-10-16 12:30:00-04:00,230.34500122070312,231.2899932861328,230.32000732421875,230.90989685058594,2259958.0
2024-10-16 13:30:00-04:00,230.90989685058594,231.36000061035156,230.5800018310547,231.11000061035156,2251178.0
2024-10-16 14:30:00-04:00,231.10000610351562,231.6199951171875,230.97999572753906,231.61500549316406,2354257.0
2024-10-16 15:30:00-04:00,231.6199951171875,231.92999267578125,231.22000122070312,231.75,3021398.0
2024-10-16 16:00:00-04:00,231.75,231.84,230.24,231.51,0.0
2024-10-16 17:00:00-04:00,231.4714,231.78,231.3,231.6488,0.0
2024-10-16 18:00:00-04:00,231.625,231.76,231.52,231.64,0.0
2024-10-16 19:00:00-04:00,231.68,231.68,231.3,231.48,0.0
2024-10-17 04:00:00-04:00,233.35,233.62,232.71,233.16,0.0
2024-10-17 05:00:00-04:00,233.06,233.8,232.77,233.5,0.0
2024-10-17 06:00:00-04:00,233.38,233.78,232.94,233.29,0.0
2024-10-17 07:00:00-04:00,233.4,233.73,233.13,233.25,0.0
2024-10-17 08:00:00-04:00,233.3,233.9288,231.08,233.5626,0.0
2024-10-17 09:00:00-04:00,233.59,234.2,231.69,233.395,0.0
2024-10-17 09:30:00-04:00,233.44000244140625,233.85000610351562,230.52999877929688,232.4001007080078,7759044.0
2024-10-17 10:30:00-04:00,232.42999267578125,232.48989868164062,231.1999969482422,232.25999450683594,2876717.0
2024-10-17 11:30:00-04:00,232.25999450683594,232.8040008544922,232.0500030517578,232.25,2263962.0
2024-10-17 12:30:00-04:00,232.24000549316406,232.52999877929688,232.02999877929688,232.3874053955078,2159812.0
2024-10-17 13:30:00-04:00,232.39999389648438,232.5800018310547,231.27499389648438,231.5865020751953,2722249.0
2024-10-17 14:30:00-04:00,231.5800018310547,232.11000061035156,231.3699951171875,231.7550048828125,2566480.0
2024-10-17 15:30:00-04:00,231.7550048828125,232.3300018310547,231.63999938964844,232.25999450683594,3485679.0
2024-10-17 16:00:00-04:00,232.18,232.37,231.99,232.11,0.0
2024-10-17 17:00:00-04:00,232.1012,247.1389,232.03,232.09,0.0
2024-10-17 18:00:00-04:00,232.05,232.3,231.83,232.245,0.0
2024-10-17 19:00:00-04:00,232.29,232.32,232.059,232.17,0.0
2024-10-18 04:00:00-04:00,234.26,234.73,233.78,234.43,0.0
2024-10-18 05:00:00-04:00,234.45,234.91,234.06,234.7,0.0
2024-10-18 06:00:00-04:00,234.75,235.34,234.71,235.3,0.0
2024-10-18 07:00:00-04:00,235.3,236.95,235.25,236.66,0.0
2024-10-18 08:00:00-04:00,236.58,236.99,231.57,236.7,0.0
2024-10-18 09:00:00-04:00,236.75,237.2,231.415,235.85,0.0
2024-10-18 09:30:00-04:00,235.8800048828125,236.0500030517578,234.02000427246094,234.77000427246094,17238560.0
2024-10-18 10:30:00-04:00,234.75999450683594,235.14999389648438,234.27499389648438,235.0399932861328,4579796.0
2024-10-18 11:30:00-04:00,235.0399932861328,235.33999633789062,234.75,234.99000549316406,4353306.0
2024-10-18 12:30:00-04:00,234.99000549316406,235.85000610351562,234.94000244140625,235.24000549316406,2973498.0
2024-10-18 13:30:00-04:00,235.24000549316406,235.75,235.04159545898438,235.52999877929688,2317890.0
2024-10-18 14:30:00-04:00,235.52499389648438,235.63999938964844,235.02999877929688,235.3000030517578,2651508.0
2024-10-18 15:30:00-04:00,235.2899932861328,235.3000030517578,234.8000030517578,234.97999572753906,3233611.0
2024-10-18 16:00:00-04:00,235.0,235.08,234.82,235.03,0.0
2024-10-18 17:00:00-04:00,235.025,235.03,234.82,234.91,0.0
2024-10-18 18:00:00-04:00,234.93,234.93,234.7,234.86,0.0
2024-10-18 19:00:00-04:00,234.8501,235.0,234.7,234.87,0.0
2024-10-21 04:00:00-04:00,234.58,234.58,233.76,234.27,0.0
2024-10-21 05:00:00-04:00,234.28,234.53,234.09,234.3,0.0
2024-10-21 06:00:00-04:00,234.13,234.34,234.0,234.0,0.0
2024-10-21 07:00:00-04:00,234.0,234.11,233.31,233.57,0.0
2024-10-21 08:00:00-04:00,233.56,235.0,223.82,233.8015,0.0
2024-10-21 09:00:00-04:00,233.8,235.185,233.5,234.5,0.0
2024-10-21 09:30:00-04:00,234.4499969482422,235.99000549316406,234.4499969482422,235.6699981689453,7360513.0
2024-10-21 10:30:00-04:00,235.6699981689453,236.10000610351562,235.1199951171875,235.4199981689453,5509527.0
2024-10-21 11:30:00-04:00,235.39999389648438,236.60499572753906,235.28500366210938,236.27999877929688,3915718.0
2024-10-21 12:30:00-04:00,236.3000030517578,236.61500549316406,236.11399841308594,236.37010192871094,2531558.0
2024-10-21 13:30:00-04:00,236.3800048828125,236.85000610351562,236.1999969482422,236.22500610351562,2198486.0
2024-10-21 14:30:00-04:00,236.22999572753906,236.27000427246094,235.88999938964844,236.13499450683594,2196498.0
2024-10-21 15:30:00-04:00,236.13499450683594,236.5800018310547,235.82749938964844,236.5800018310547,3275560.0
2024-10-21 16:00:00-04:00,236.48,236.81,235.9336,236.55,0.0
2024-10-21 17:00:00-04:00,236.57,236.62,236.48,236.6,0.0
2024-10-21 18:00:00-04:00,236.6,236.61,236.48,236.56,0.0
2024-10-21 19:00:00-04:00,236.53,236.6,236.2,236.525,0.0
2024-10-22 04:00:00-04:00,236.14,236.14,235.41,235.78,0.0
2024-10-22 05:00:00-04:00,235.76,235.8,235.01,235.06,0.0
2024-10-22 06:00:00-04:00,235.21,235.36,234.82,234.94,0.0
2024-10-22 07:00:00-04:00,235.0,235.39,234.84,235.37,0.0
2024-10-22 08:00:00-04:00,235.29,236.3735,234.34,234.5372,0.0
2024-10-22 09:00:00-04:00,234.5,236.15,233.32,233.88,0.0
2024-10-22 09:30:00-04:00,233.8300018310547,234.1529998779297,232.61000061035156,233.91000366210938,10307807.0
2024-10-22 10:30:00-04:00,233.90499877929688,234.4499969482422,233.47000122070312,234.39950561523438,3560805.0
2024-10-22 11:30:00-04:00,234.40069580078125,234.90989685058594,234.1300048828125,234.1699981689453,2234313.0
2024-10-22 12:30:00-04:00,234.19000244140625,235.0399932861328,234.14999389648438,234.85000610351562,3239691.0
2024-10-22 13:30:00-04:00,234.85000610351562,236.0050048828125,234.84500122070312,235.31320190429688,3270200.0
2024-10-22 14:30:00-04:00,235.3300018310547,235.74000549316406,235.17999267578125,235.6999969482422,1919543.0
2024-10-22 15:30:00-04:00,235.6999969482422,236.19000244140625,235.6999969482422,235.86000061035156,3335830.0
2024-10-22 16:00:00-04:00,235.79,250.0154,219.5283,235.9,0.0
2024-10-22 17:00:00-04:00,235.86,250.0154,235.63,235.69,0.0
2024-10-22 18:00:00-04:00,235.65,235.86,235.23,235.4,0.0
2024-10-22 19:00:00-04:00,235.53,235.79,235.4212,235.695,0.0
2024-10-23 04:00:00-04:00,235.32,235.36,235.2,235.3,0.0
2024-10-23 05:00:00-04:00,235.25,235.27,234.81,234.97,0.0
2024-10-23 06:00:00-04:00,234.92,234.96,234.66,234.66,0.0
2024-10-23 07:00:00-04:00,234.65,234.84,234.29,234.62,0.0
2024-10-23 08:00:00-04:00,234.53,235.86,234.25,234.57,0.0
2024-10-23 09:00:00-04:00,234.63,235.9,233.61,234.17,0.0
2024-10-23 09:30:00-04:00,234.32000732421875,235.1439971923828,233.80999755859375,234.72000122070312,6240289.0
2024-10-23 10:30:00-04:00,234.72000122070312,235.11990356445312,233.3249969482422,233.5,3486087.0
2024-10-23 11:30:00-04:00,233.49000549316406,233.7362060546875,229.63999938964844,229.69000244140625,12888223.0
2024-10-23 12:30:00-04:00,229.6699981689453,230.25,228.92999267578125,230.05499267578125,6554954.0
2024-10-23 13:30:00-04:00,230.02000427246094,230.07000732421875,227.75999450683594,228.6199951171875,4848232.0
2024-10-23 14:30:00-04:00,228.60000610351562,229.80990600585938,228.50999450683594,229.6750030517578,3897807.0
2024-10-23 15:30:00-04:00,229.6999969482422,230.86000061035156,229.61000061035156,230.75,4272929.0
2024-10-23 16:00:00-04:00,230.76,230.8,230.02,230.35,0.0
2024-10-23 17:00:00-04:00,230.45,230.76,230.25,230.53,0.0
2024-10-23 18:00:00-04:00,230.5683,230.76,230.1,230.3,0.0
2024-10-23 19:00:00-04:00,230.35,230.7,230.03,230.63,0.0
2024-10-24 04:00:00-04:00,231.2,231.48,231.2,231.37,0.0
2024-10-24 05:00:00-04:00,231.39,231.39,231.12,231.38,0.0
2024-10-24 06:00:00-04:00,231.3,231.37,231.28,231.37,0.0
2024-10-24 07:00:00-04:00,231.4,231.46,231.06,231.17,0.0
2024-10-24 08:00:00-04:00,231.15,231.4988,230.55,231.22,0.0
2024-10-24 09:00:00-04:00,231.2,234.175,229.62,229.94,0.0
2024-10-24 09:30:00-04:00,229.91700744628906,230.39999389648438,228.41000366210938,229.80999755859375,7720502.0
2024-10-24 10:30:00-04:00,229.85000610351562,230.3800048828125,229.22999572753906,229.82000732421875,3120118.0
2024-10-24 11:30:00-04:00,229.82000732421875,230.0399932861328,228.6699981689453,229.51939392089844,3095463.0
2024-10-24 12:30:00-04:00,229.52000427246094,230.82000732421875,229.52000427246094,230.27000427246094,2497557.0
2024-10-24 13:30:00-04:00,230.27999877929688,230.5399932861328,230.0399932861328,230.4600067138672,1809617.0
2024-10-24 14:30:00-04:00,230.42999267578125,230.80999755859375,230.1199951171875,230.52999877929688,1900378.0
2024-10-24 15:30:00-04:00,230.5399932861328,230.8000030517578,230.22000122070312,230.57000732421875,2953907.0
2024-10-24 16:00:00-04:00,230.57,234.67,230.43,230.48,0.0
2024-10-24 17:00:00-04:00,230.46,230.57,222.975,230.285,0.0
2024-10-24 18:00:00-04:00,230.4,230.57,230.13,230.2603,0.0
2024-10-24 19:00:00-04:00,230.345,230.39,229.47,229.51,0.0
2024-10-25 04:00:00-04:00,228.35,228.45,227.34,228.0,0.0
2024-10-25 05:00:00-04:00,228.01,228.76,228.0,228.75,0.0
2024-10-25 06:00:00-04:00,228.76,228.88,228.5,228.77,0.0
2024-10-25 07:00:00-04:00,228.7,228.74,228.02,228.4,0.0
2024-10-25 08:00:00-04:00,228.4,229.805,227.5,229.17,0.0
2024-10-25 09:00:00-04:00,229.17,229.97,229.14,229.71,0.0
2024-10-25 09:30:00-04:00,229.74000549316406,232.42990112304688,229.57000732421875,232.1300048828125,8235944.0
2024-10-25 10:30:00-04:00,232.1199951171875,233.1999969482422,232.1199951171875,232.22999572753906,4138746.0
2024-10-25 11:30:00-04:00,232.22999572753906,232.73199462890625,231.75999450683594,232.7100067138672,3211126.0
2024-10-25 12:30:00-04:00,232.73500061035156,232.94000244140625,231.52999877929688,231.8574981689453,2367087.0
2024-10-25 13:30:00-04:00,231.8300018310547,231.97149658203125,231.07000732421875,231.83999633789062,2818009.0
2024-10-25 14:30:00-04:00,231.84689331054688,232.1999969482422,231.3699951171875,231.6199951171875,2642893.0
2024-10-25 15:30:00-04:00,231.64999389648438,231.8000030517578,231.11000061035156,231.39999389648438,3572932.0
2024-10-25 16:00:00-04:00,231.41,232.0,231.22,231.3,0.0
2024-10-25 17:00:00-04:00,231.3,231.6,216.7766,231.46,0.0
2024-10-25 18:00:00-04:00,231.58,231.58,231.21,231.3,0.0
2024-10-25 19:00:00-04:00,231.27,231.4,230.8,230.98,0.0
2024-10-28 04:00:00-04:00,232.64,232.93,231.51,232.73,0.0
2024-10-28 05:00:00-04:00,232.72,233.13,232.7,233.08,0.0
2024-10-28 06:00:00-04:00,232.99,233.0,232.68,232.8,0.0
2024-10-28 07:00:00-04:00,232.8,232.83,231.64,232.07,0.0
2024-10-28 08:00:00-04:00,231.99,232.93,230.832,232.19,0.0
2024-10-28 09:00:00-04:00,232.25,233.34,229.04,233.3,0.0
2024-10-28 09:30:00-04:00,233.31500244140625,234.5500030517578,232.65499877929688,233.6345977783203,7460256.0
2024-10-28 10:30:00-04:00,233.6199951171875,234.3300018310547,233.22000122070312,233.5500030517578,3740019.0
2024-10-28 11:30:00-04:00,233.5500030517578,234.31500244140625,233.14999389648438,234.3101043701172,2911796.0
2024-10-28 12:30:00-04:00,234.30999755859375,234.72999572753906,233.93260192871094,234.42999267578125,2874054.0
2024-10-28 13:30:00-04:00,234.4250030517578,234.64500427246094,233.91000366210938,233.9149932861328,1760124.0
2024-10-28 14:30:00-04:00,233.91000366210938,234.11000061035156,233.57000732421875,233.97000122070312,2014045.0
2024-10-28 15:30:00-04:00,233.9600067138672,233.98129272460938,233.11000061035156,233.49000549316406,4008212.0
2024-10-28 16:00:00-04:00,233.49,233.58,213.1113,232.9,0.0
2024-10-28 17:00:00-04:00,232.885,233.4,206.7475,232.95,0.0
2024-10-28 18:00:00-04:00,232.95,232.95,232.5,232.65,0.0
2024-10-28 19:00:00-04:00,232.65,232.75,232.4,232.475,0.0
2024-10-29 04:00:00-04:00,232.82,232.98,232.29,232.98,0.0
2024-10-29 05:00:00-04:00,232.79,233.25,232.55,232.8,0.0
2024-10-29 06:00:00-04:00,232.68,232.75,232.5,232.56,0.0
2024-10-29 07:00:00-04:00,232.5,232.68,231.76,232.13,0.0
2024-10-29 08:00:00-04:00,232.15,233.4,231.6,232.3199,0.0
2024-10-29 09:00:00-04:00,232.32,234.34,231.9,233.33,0.0
2024-10-29 09:30:00-04:00,233.19500732421875,234.05499267578125,232.32000732421875,233.05999755859375,6668061.0
2024-10-29 10:30:00-04:00,233.0500030517578,233.69000244140625,233.0399932861328,233.27000427246094,3007074.0
2024-10-29 11:30:00-04:00,233.25999450683594,233.58999633789062,233.0200958251953,233.10000610351562,2252024.0
2024-10-29 12:30:00-04:00,233.10499572753906,234.2100067138672,233.02000427246094,233.88999938964844,2623926.0
2024-10-29 13:30:00-04:00,233.9199981689453,234.13999938964844,233.75999450683594,233.97000122070312,1696611.0
2024-10-29 14:30:00-04:00,233.98500061035156,234.2198944091797,233.8800048828125,234.1999969482422,3638890.0
2024-10-29 15:30:00-04:00,234.2050018310547,234.32000732421875,233.5399932861328,233.75,3460514.0
2024-10-29 16:00:00-04:00,233.78,234.0,228.7977,232.46,0.0
2024-10-29 17:00:00-04:00,232.51,233.67,232.32,232.46,0.0
2024-10-29 18:00:00-04:00,232.4,232.89,232.32,232.845,0.0
2024-10-29 19:00:00-04:00,232.8,233.2,232.54,233.05,0.0
2024-10-30 04:00:00-04:00,233.1,233.38,232.66,233.28,0.0
2024-10-30 05:00:00-04:00,233.13,233.3,232.9,233.2,0.0
2024-10-30 06:00:00-04:00,233.09,233.2,233.0,233.02,0.0
2024-10-30 07:00:00-04:00,233.02,233.38,232.94,233.19,0.0
2024-10-30 08:00:00-04:00,233.17,233.67,232.63,233.0,0.0
2024-10-30 09:00:00-04:00,233.0,233.67,229.04,232.57,0.0
2024-10-30 09:30:00-04:00,232.6199951171875,233.2299041748047,231.69000244140625,231.86000061035156,8472341.0
2024-10-30 10:30:00-04:00,231.8668975830078,231.9499969482422,230.5050048828125,231.55499267578125,5454960.0
2024-10-30 11:30:00-04:00,231.55999755859375,231.6649932861328,231.05999755859375,231.1999053955078,3239280.0
2024-10-30 12:30:00-04:00,231.1999969482422,231.38999938964844,230.22999572753906,230.24110412597656,2657234.0
2024-10-30 13:30:00-04:00,230.2449951171875,231.0,229.8704071044922,230.64999389648438,3567357.0
2024-10-30 14:30:00-04:00,230.62010192871094,230.94000244140625,230.1699981689453,230.72999572753906,2963500.0
2024-10-30 15:30:00-04:00,230.72999572753906,230.83999633789062,229.55999755859375,230.13999938964844,6851304.0
2024-10-30 16:00:00-04:00,230.14,236.4454,229.52,229.74,0.0
2024-10-30 17:00:00-04:00,229.63,230.16,229.52,229.8,0.0
2024-10-30 18:00:00-04:00,229.8,230.72,229.6,230.46,0.0
2024-10-30 19:00:00-04:00,230.465,230.87,230.33,230.8,0.0
2024-10-31 04:00:00-04:00,230.23,230.33,229.2,229.5,0.0
2024-10-31 05:00:00-04:00,229.5,229.74,229.32,229.32,0.0
2024-10-31 06:00:00-04:00,229.31,229.37,229.23,229.36,0.0
2024-10-31 07:00:00-04:00,229.36,229.85,229.3,229.44,0.0
2024-10-31 08:00:00-04:00,229.5,230.9988,229.1889,230.06,0.0
2024-10-31 09:00:00-04:00,230.01,246.18,228.82,229.52,0.0
2024-10-31 09:30:00-04:00,229.22999572753906,229.8300018310547,227.80999755859375,228.44500732421875,9145169.0
2024-10-31 10:30:00-04:00,228.4499969482422,228.72999572753906,226.8800048828125,227.31500244140625,5587159.0
2024-10-31 11:30:00-04:00,227.30999755859375,227.48500061035156,226.41000366210938,227.25,3752999.0
2024-10-31 12:30:00-04:00,227.27999877929688,228.1768035888672,227.2001953125,227.860107421875,3450859.0
2024-10-31 13:30:00-04:00,227.86000061035156,227.96629333496094,226.8249969482422,227.08999633789062,3797245.0
2024-10-31 14:30:00-04:00,227.09500122070312,227.77999877929688,226.69500732421875,227.3300018310547,5061193.0
2024-10-31 15:30:00-04:00,227.3300018310547,227.77999877929688,225.38999938964844,225.38999938964844,7068003.0
2024-10-31 16:00:00-04:00,225.39,229.8,220.51,223.5,0.0
2024-10-31 17:00:00-04:00,223.46,225.93,209.4246,221.28,0.0
2024-10-31 18:00:00-04:00,221.4,230.98,220.8,222.365,0.0
2024-10-31 19:00:00-04:00,222.33,222.7,221.61,221.745,0.0
2024-11-01 04:00:00-04:00,222.81,223.86,222.58,223.65,0.0
2024-11-01 05:00:00-04:00,223.6,223.79,223.2,223.62,0.0
2024-11-01 06:00:00-04:00,223.7,223.74,223.1,223.54,0.0
2024-11-01 07:00:00-04:00,223.55,223.67,221.99,222.1,0.0
2024-11-01 08:00:00-04:00,222.1,223.7888,221.56,221.74,0.0
2024-11-01 09:00:00-04:00,221.79,229.395,220.88,220.99,0.0
2024-11-01 09:30:00-04:00,221.42999267578125,225.33999633789062,220.27999877929688,224.07000732421875,20933780.0
2024-11-01 10:30:00-04:00,224.08999633789062,224.21400451660156,221.60000610351562,223.2104949951172,10239831.0
2024-11-01 11:30:00-04:00,223.22000122070312,223.25,221.77000427246094,222.0749969482422,6338407.0
2024-11-01 12:30:00-04:00,222.19000244140625,223.39990234375,222.0500030517578,223.33999633789062,3888496.0
2024-11-01 13:30:00-04:00,223.34019470214844,223.36000061035156,222.07000732421875,222.2449951171875,3414057.0
2024-11-01 14:30:00-04:00,222.24000549316406,223.0998992919922,222.13999938964844,222.3300018310547,4035303.0
2024-11-01 15:30:00-04:00,222.33999633789062,223.25,222.27000427246094,222.85000610351562,5287191.0
2024-11-01 16:00:00-04:00,222.91,223.29,222.75,222.92,0.0
2024-11-01 17:00:00-04:00,222.85,233.3,213.7986,222.89,0.0
2024-11-01 18:00:00-04:00,222.935,223.0,222.8,222.93,0.0
2024-11-01 19:00:00-04:00,222.93,222.93,222.55,222.675,0.0
2024-11-04 04:00:00-05:00,221.6,221.87,221.43,221.48,0.0
2024-11-04 05:00:00-05:00,221.49,222.1,221.32,221.9,0.0
2024-11-04 06:00:00-05:00,221.83,222.01,221.05,221.06,0.0
2024-11-04 07:00:00-05:00,221.06,222.01,221.02,221.48,0.0
2024-11-04 08:00:00-05:00,221.48,222.28,221.0857,221.41,0.0
2024-11-04 09:00:00-05:00,221.41,227.19,219.94,220.937,0.0
2024-11-04 09:30:00-05:00,221.01199340820312,222.5399932861328,219.7100067138672,221.73150634765625,9635855.0
2024-11-04 10:30:00-05:00,221.75,222.26499938964844,221.13009643554688,221.4801025390625,4458145.0
2024-11-04 11:30:00-05:00,221.48080444335938,221.57000732421875,220.41000366210938,221.11509704589844,4999217.0
2024-11-04 12:30:00-05:00,221.11500549316406,222.6199951171875,221.0200958251953,222.02049255371094,2890130.0
2024-11-04 13:30:00-05:00,222.02000427246094,222.6190948486328,221.96009826660156,222.25999450683594,2412789.0
2024-11-04 14:30:00-05:00,222.25,222.7899932861328,222.1999969482422,222.47999572753906,2504276.0
2024-11-04 15:30:00-05:00,222.5,222.55999755859375,221.52000427246094,222.1199951171875,4039677.0
2024-11-04 16:00:00-05:00,222.01,222.235,221.78,221.945,0.0
2024-11-04 17:00:00-05:00,221.945,222.01,209.0576,221.645,0.0
2024-11-04 18:00:00-05:00,221.64,222.01,221.55,221.74,0.0
2024-11-05 04:00:00-05:00,221.18,221.66,221.18,221.63,0.0
2024-11-05 05:00:00-05:00,221.63,221.73,221.05,221.45,0.0
2024-11-05 06:00:00-05:00,221.48,221.83,221.46,221.83,0.0
2024-11-05 07:00:00-05:00,221.82,222.3,221.39,221.39,0.0
2024-11-05 08:00:00-05:00,221.48,222.3,220.95,221.74,0.0
2024-11-05 09:00:00-05:00,221.74,222.65,220.795,221.77,0.0
2024-11-05 09:30:00-05:00,221.7949981689453,223.94500732421875,221.7949981689453,223.31910705566406,6371475.0
2024-11-05 10:30:00-05:00,223.32000732421875,223.47999572753906,221.93499755859375,222.6699981689453,4046507.0
2024-11-05 11:30:00-05:00,222.67999267578125,223.75,222.67999267578125,223.3800048828125,2163887.0
2024-11-05 12:30:00-05:00,223.39999389648438,223.77999877929688,222.6199951171875,222.6199951171875,2147843.0
2024-11-05 13:30:00-05:00,222.6300048828125,223.4499969482422,222.40020751953125,223.33009338378906,2141597.0
2024-11-05 14:30:00-05:00,223.33999633789062,223.4470977783203,222.80999755859375,223.25,1939508.0
2024-11-05 15:30:00-05:00,223.25,223.52999877929688,222.7100067138672,223.4499969482422,3341639.0
2024-11-05 16:00:00-05:00,223.45,223.59,210.0654,223.29,0.0
2024-11-05 17:00:00-05:00,223.23,228.375,210.587,223.07,0.0
2024-11-05 18:00:00-05:00,223.065,223.12,222.87,222.97,0.0
2024-11-06 04:00:00-05:00,225.7,225.86,224.07,224.78,0.0
2024-11-06 05:00:00-05:00,224.78,225.23,223.65,224.04,0.0
2024-11-06 06:00:00-05:00,223.87,224.09,223.01,223.35,0.0
2024-11-06 07:00:00-05:00,223.35,224.22,222.43,224.17,0.0
2024-11-06 08:00:00-05:00,224.18,228.78,222.43,224.75,0.0
2024-11-06 09:00:00-05:00,224.75,230.84,222.28,222.57,0.0
2024-11-06 09:30:00-05:00,221.23550415039062,225.88999938964844,221.22500610351562,225.65130615234375,15626726.0
2024-11-06 10:30:00-05:00,225.66000366210938,226.06500244140625,223.69500732421875,224.8000030517578,5934080.0
2024-11-06 11:30:00-05:00,224.80239868164062,225.17999267578125,223.96499633789062,224.25999450683594,4364147.0
2024-11-06 12:30:00-05:00,224.27000427246094,224.60000610351562,223.99000549316406,224.1876983642578,3127772.0
2024-11-06 13:30:00-05:00,224.18499755859375,224.3300018310547,223.7449951171875,223.85000610351562,3301101.0
2024-11-06 14:30:00-05:00,223.86000061035156,224.22500610351562,223.25999450683594,223.62550354003906,4460263.0
2024-11-06 15:30:00-05:00,223.66000366210938,223.8800048828125,222.5,222.6999969482422,5070195.0
2024-11-06 16:00:00-05:00,222.71,226.675,222.33,223.08,0.0
2024-11-06 17:00:00-05:00,223.135,223.5,222.525,222.79,0.0
2024-11-06 18:00:00-05:00,222.79,222.99,222.5,222.7,0.0
2024-11-07 04:00:00-05:00,223.55,223.6,223.2,223.28,0.0
2024-11-07 05:00:00-05:00,223.31,223.44,223.17,223.17,0.0
2024-11-07 06:00:00-05:00,223.17,223.2,222.79,223.12,0.0
2024-11-07 07:00:00-05:00,223.09,223.41,222.91,223.41,0.0
2024-11-07 08:00:00-05:00,223.38,223.74,222.7212,223.74,0.0
2024-11-07 09:00:00-05:00,223.7233,224.72,223.42,224.6,0.0
2024-11-07 09:30:00-05:00,224.625,226.5500030517578,224.57000732421875,225.7335968017578,10347470.0
2024-11-07 10:30:00-05:00,225.75,226.4199981689453,225.35000610351562,226.30499267578125,3199921.0
2024-11-07 11:30:00-05:00,226.3000030517578,227.4199981689453,226.1699981689453,227.21499633789062,3447650.0
2024-11-07 12:30:00-05:00,227.2100067138672,227.49000549316406,226.77000427246094,227.10330200195312,2598523.0
2024-11-07 13:30:00-05:00,227.10000610351562,227.3800048828125,226.7449951171875,227.10000610351562,2170877.0
2024-11-07 14:30:00-05:00,227.11000061035156,227.75999450683594,226.85499572753906,227.52999877929688,3884098.0
2024-11-07 15:30:00-05:00,227.53500366210938,227.8699951171875,226.75,227.69000244140625,5268867.0
2024-11-07 16:00:00-05:00,227.4917,227.95,221.385,227.71,0.0
2024-11-07 17:00:00-05:00,227.76,227.78,227.48,227.55,0.0
2024-11-07 18:00:00-05:00,227.5,227.72,227.4,227.5,0.0
2024-11-08 04:00:00-05:00,227.72,227.8,227.52,227.72,0.0
2024-11-08 05:00:00-05:00,227.72,227.95,227.5,227.5,0.0
2024-11-08 06:00:00-05:00,227.5,227.72,227.0,227.72,0.0
2024-11-08 07:00:00-05:00,227.6,227.75,227.4,227.5,0.0
2024-11-08 08:00:00-05:00,227.59,227.9988,226.9274,227.58,0.0
2024-11-08 09:00:00-05:00,227.575,227.71,224.195,227.14,0.0
2024-11-08 09:30:00-05:00,227.13999938964844,228.66000366210938,227.13999938964844,227.4947052001953,7142789.0
2024-11-08 10:30:00-05:00,227.47999572753906,227.55999755859375,226.4084014892578,226.68809509277344,3790404.0
2024-11-08 11:30:00-05:00,226.68499755859375,227.5800018310547,226.68499755859375,226.8800048828125,2696407.0
2024-11-08 12:30:00-05:00,226.8699951171875,227.4564971923828,226.7899932861328,226.9949951171875,2566711.0
2024-11-08 13:30:00-05:00,227.0,227.61000061035156,226.97000122070312,227.53990173339844,4000748.0
2024-11-08 14:30:00-05:00,227.52999877929688,227.72000122070312,227.25999450683594,227.47999572753906,2313467.0
2024-11-08 15:30:00-05:00,227.4499969482422,227.48500061035156,226.72000122070312,227.16000366210938,6567817.0
2024-11-08 16:00:00-05:00,226.96,235.0,226.93,227.18,0.0
2024-11-08 17:00:00-05:00,227.18,227.34,226.85,226.8501,0.0
2024-11-08 18:00:00-05:00,226.88,227.0,226.8,226.97,0.0
2024-11-11 04:00:00-05:00,227.21,227.24,225.56,226.69,0.0
2024-11-11 05:00:00-05:00,226.7,226.85,226.33,226.33,0.0
2024-11-11 06:00:00-05:00,226.33,226.37,226.05,226.21,0.0
2024-11-11 07:00:00-05:00,226.17,226.4,226.1,226.23,0.0
2024-11-11 08:00:00-05:00,226.23,227.58,225.8829,226.16,0.0
2024-11-11 09:00:00-05:00,226.12,227.685,224.97,225.0,0.0
2024-11-11 09:30:00-05:00,225.05499267578125,225.6999969482422,222.77000427246094,222.80499267578125,11229917.0
2024-11-11 10:30:00-05:00,222.80999755859375,223.72000122070312,222.6699981689453,222.77000427246094,5008612.0
2024-11-11 11:30:00-05:00,222.77999877929688,223.1387939453125,222.00999450683594,222.19500732421875,4557733.0
2024-11-11 12:30:00-05:00,222.19000244140625,222.4600067138672,221.5,222.4600067138672,3705260.0
2024-11-11 13:30:00-05:00,222.4499053955078,223.10000610351562,222.36000061035156,223.05999755859375,2795549.0
2024-11-11 14:30:00-05:00,223.05999755859375,223.74000549316406,222.97000122070312,223.63499450683594,2570966.0
2024-11-11 15:30:00-05:00,223.63999938964844,224.35000610351562,223.4600067138672,224.25,3922850.0
2024-11-11 16:00:00-05:00,224.23,229.248,210.75,224.275,0.0
2024-11-11 17:00:00-05:00,224.25,229.248,224.01,224.03,0.0
2024-11-11 18:00:00-05:00,224.07,224.99,223.82,224.065,0.0
2024-11-12 04:00:00-05:00,223.43,223.68,223.02,223.4,0.0
2024-11-12 05:00:00-05:00,223.4,223.93,223.19,223.65,0.0
2024-11-12 06:00:00-05:00,223.8,224.04,223.6,223.89,0.0
2024-11-12 07:00:00-05:00,223.85,224.26,223.62,224.1,0.0
2024-11-12 08:00:00-05:00,224.03,224.5,223.1,224.01,0.0
2024-11-12 09:00:00-05:00,224.0315,225.41,223.075,224.5828,0.0
2024-11-12 09:30:00-05:00,224.6300048828125,225.0399932861328,223.5749969482422,224.1699981689453,6615053.0
2024-11-12 10:30:00-05:00,224.2050018310547,225.58999633789062,224.17999267578125,225.0,4679777.0
2024-11-12 11:30:00-05:00,224.99989318847656,225.50999450683594,223.88499450683594,223.9199981689453,4075218.0
2024-11-12 12:30:00-05:00,223.9199981689453,224.47000122070312,223.35499572753906,224.47000122070312,2814384.0
2024-11-12 13:30:00-05:00,224.4499969482422,224.75990295410156,224.13999938964844,224.61990356445312,2559013.0
2024-11-12 14:30:00-05:00,224.6300048828125,224.82000732421875,224.44039916992188,224.60000610351562,2217197.0
2024-11-12 15:30:00-05:00,224.58999633789062,224.8000030517578,223.94039916992188,224.24000549316406,5475872.0
2024-11-12 16:00:00-05:00,224.21,266.6308,185.3755,223.92,0.0
2024-11-12 17:00:00-05:00,224.0,224.35,223.92,224.195,0.0
2024-11-12 18:00:00-05:00,224.195,224.28,224.01,224.1,0.0
2024-11-13 04:00:00-05:00,224.11,224.12,223.26,223.87,0.0
2024-11-13 05:00:00-05:00,223.87,223.87,223.7,223.7,0.0
2024-11-13 06:00:00-05:00,223.69,223.69,223.34,223.35,0.0
2024-11-13 07:00:00-05:00,223.33,223.5,223.12,223.45,0.0
2024-11-13 08:00:00-05:00,223.45,226.86,223.12,223.52,0.0
2024-11-13 09:00:00-05:00,223.57,224.88,223.25,224.0,0.0
2024-11-13 09:30:00-05:00,223.9499969482422,225.20989990234375,222.75999450683594,223.2100067138672,10063606.0
2024-11-13 10:30:00-05:00,223.24000549316406,224.47000122070312,223.22500610351562,224.39500427246094,3879118.0
2024-11-13 11:30:00-05:00,224.46490478515625,225.5500030517578,223.77000427246094,225.02000427246094,3325662.0
2024-11-13 12:30:00-05:00,225.02499389648438,226.64999389648438,224.94000244140625,226.36380004882812,3682752.0
2024-11-13 13:30:00-05:00,226.36000061035156,226.42999267578125,225.75289916992188,225.91990661621094,3034597.0
2024-11-13 14:30:00-05:00,225.91000366210938,225.99130249023438,225.1186065673828,225.3701934814453,2989568.0
2024-11-13 15:30:00-05:00,225.3800048828125,225.9199981689453,224.47000122070312,225.07000732421875,5085654.0
2024-11-13 16:00:00-05:00,225.12,231.41,211.1001,225.315,0.0
2024-11-13 17:00:00-05:00,225.315,225.35,211.1001,225.15,0.0
2024-11-13 18:00:00-05:00,225.105,225.15,224.8,224.935,0.0
2024-11-14 04:00:00-05:00,224.45,224.82,224.31,224.31,0.0
2024-11-14 05:00:00-05:00,224.32,224.5,224.21,224.34,0.0
2024-11-14 06:00:00-05:00,224.46,224.6,224.35,224.6,0.0
2024-11-14 07:00:00-05:00,224.6,225.11,224.6,224.89,0.0
2024-11-14 08:00:00-05:00,224.81,225.12,224.2,225.0,0.0
2024-11-14 09:00:00-05:00,224.935,225.555,224.37,225.125,0.0
2024-11-14 09:30:00-05:00,225.69000244140625,226.60000610351562,225.0500030517578,226.57000732421875,8366080.0
2024-11-14 10:30:00-05:00,226.56500244140625,227.05999755859375,226.33999633789062,226.4199981689453,4306234.0
2024-11-14 11:30:00-05:00,226.5800018310547,227.0800018310547,226.5,227.0,2369653.0
2024-11-14 12:30:00-05:00,227.00999450683594,228.63999938964844,226.77000427246094,228.47279357910156,4327298.0
2024-11-14 13:30:00-05:00,228.4700927734375,228.8699951171875,227.8300018310547,228.52749633789062,3310597.0
2024-11-14 14:30:00-05:00,228.50999450683594,228.7100067138672,226.99000549316406,227.03500366210938,5226141.0
2024-11-14 15:30:00-05:00,227.03500366210938,228.3800048828125,227.03500366210938,228.19000244140625,4276782.0
2024-11-14 16:00:00-05:00,228.19,228.33,218.36,227.83,0.0
2024-11-14 17:00:00-05:00,227.83,243.2133,212.64,227.765,0.0
2024-11-14 18:00:00-05:00,227.77,227.83,227.31,227.31,0.0
2024-11-15 04:00:00-05:00,226.5,226.73,226.01,226.2,0.0
2024-11-15 05:00:00-05:00,226.21,226.6,225.78,225.82,0.0
2024-11-15 06:00:00-05:00,225.92,226.5,225.74,226.5,0.0
2024-11-15 07:00:00-05:00,226.47,226.66,226.27,226.62,0.0
2024-11-15 08:00:00-05:00,226.59,228.22,225.7374,226.29,0.0
2024-11-15 09:00:00-05:00,226.3,226.613,225.1,225.7,0.0
2024-11-15 09:30:00-05:00,225.9199981689453,226.9199981689453,224.44000244140625,224.6300048828125,12149935.0
2024-11-15 10:30:00-05:00,224.6300048828125,225.24000549316406,224.47999572753906,225.23500061035156,3739705.0
2024-11-15 11:30:00-05:00,225.2310028076172,225.47999572753906,224.6699981689453,224.87240600585938,3065408.0
2024-11-15 12:30:00-05:00,224.8699951171875,224.9499969482422,224.27000427246094,224.73500061035156,4906231.0
2024-11-15 13:30:00-05:00,224.6999969482422,224.9600067138672,224.3300018310547,224.39990234375,2438130.0
2024-11-15 14:30:00-05:00,224.39999389648438,225.30999755859375,224.3000030517578,224.80999755859375,3159811.0
2024-11-15 15:30:00-05:00,224.80999755859375,225.24000549316406,224.5699005126953,224.9199981689453,4237936.0
2024-11-15 16:00:00-05:00,224.92,234.9083,213.7986,225.01,0.0
2024-11-15 17:00:00-05:00,213.7986,225.1,213.7986,225.075,0.0
2024-11-15 18:00:00-05:00,225.0758,225.2,225.03,225.03,0.0
2024-11-18 04:00:00-05:00,225.71,225.71,224.81,225.0,0.0
2024-11-18 05:00:00-05:00,225.01,225.45,224.85,225.29,0.0
2024-11-18 06:00:00-05:00,225.2,225.51,225.16,225.21,0.0
2024-11-18 07:00:00-05:00,225.27,226.0,225.19,225.57,0.0
2024-11-18 08:00:00-05:00,225.61,226.29,224.438,225.125,0.0
2024-11-18 09:00:00-05:00,225.18,225.99,225.0,225.23,0.0
2024-11-18 09:30:00-05:00,225.1999969482422,228.22000122070312,225.17999267578125,228.10000610351562,8356829.0
2024-11-18 10:30:00-05:00,228.10000610351562,229.2100067138672,228.10000610351562,229.05999755859375,4333949.0
2024-11-18 11:30:00-05:00,229.06509399414062,229.16000366210938,228.36000061035156,228.75,2932115.0
2024-11-18 12:30:00-05:00,228.7449951171875,229.74000549316406,228.63499450683594,228.96719360351562,3233690.0
2024-11-18 13:30:00-05:00,228.9600067138672,229.4980010986328,228.67999267578125,228.81500244140625,2504537.0
2024-11-18 14:30:00-05:00,228.82000732421875,229.08030700683594,228.03370666503906,228.05999755859375,3403227.0
2024-11-18 15:30:00-05:00,228.0500030517578,228.24000549316406,227.32000732421875,227.99000549316406,3614507.0
2024-11-18 16:00:00-05:00,228.02,231.1175,224.875,228.41,0.0
2024-11-18 17:00:00-05:00,228.41,228.85,228.12,228.3188,0.0
2024-11-18 18:00:00-05:00,228.3,228.32,227.41,227.88,0.0
2024-11-19 04:00:00-05:00,228.22,228.26,227.04,227.04,0.0
2024-11-19 05:00:00-05:00,227.02,227.95,226.74,227.5,0.0
2024-11-19 06:00:00-05:00,227.54,227.75,227.5,227.57,0.0
2024-11-19 07:00:00-05:00,227.52,228.22,227.0,227.87,0.0
2024-11-19 08:00:00-05:00,227.9,228.69,226.6526,227.4282,0.0
2024-11-19 09:00:00-05:00,227.36,228.87,225.24,226.635,0.0
2024-11-19 09:30:00-05:00,227.77000427246094,228.86500549316406,227.1199951171875,228.85000610351562,6182588.0
2024-11-19 10:30:00-05:00,228.83999633789062,229.5399932861328,228.67999267578125,229.30999755859375,2959806.0
2024-11-19 11:30:00-05:00,229.3350067138672,229.86000061035156,229.19000244140625,229.85499572753906,3852606.0
2024-11-19 12:30:00-05:00,229.85499572753906,230.16000366210938,229.25,229.55499267578125,3531971.0
2024-11-19 13:30:00-05:00,229.5500030517578,229.99000549316406,229.35499572753906,229.38999938964844,2135676.0
2024-11-19 14:30:00-05:00,229.38999938964844,229.49000549316406,228.35000610351562,228.44000244140625,2882576.0
2024-11-19 15:30:00-05:00,228.42999267578125,228.72000122070312,227.72000122070312,228.33999633789062,3951414.0
2024-11-19 16:00:00-05:00,228.34,228.4,213.1253,228.1801,0.0
2024-11-19 17:00:00-05:00,228.2,228.28,213.1452,228.05,0.0
2024-11-19 18:00:00-05:00,228.075,228.28,228.0,228.125,0.0
2024-11-20 04:00:00-05:00,227.91,228.25,227.8,228.08,0.0
2024-11-20 05:00:00-05:00,228.0,228.05,227.7,227.7,0.0
2024-11-20 06:00:00-05:00,227.54,227.84,227.5,227.73,0.0
2024-11-20 07:00:00-05:00,227.8,228.35,227.64,228.2,0.0
2024-11-20 08:00:00-05:00,228.25,228.76,227.5119,228.53,0.0
2024-11-20 09:00:00-05:00,228.3552,228.72,227.33,228.25,0.0
2024-11-20 09:30:00-05:00,228.10499572753906,229.92999267578125,226.4199981689453,226.51499938964844,7607256.0
2024-11-20 10:30:00-05:00,226.52499389648438,227.2050018310547,226.10000610351562,226.17999267578125,3003827.0
2024-11-20 11:30:00-05:00,226.19000244140625,227.6999969482422,225.88999938964844,226.85009765625,2793314.0
2024-11-20 12:30:00-05:00,226.85000610351562,227.3699951171875,226.3800048828125,226.81329345703125,2118040.0
2024-11-20 13:30:00-05:00,226.7899932861328,227.00999450683594,226.39500427246094,226.80999755859375,1602064.0
2024-11-20 14:30:00-05:00,226.80999755859375,228.0,226.6999969482422,227.9748992919922,2315522.0
2024-11-20 15:30:00-05:00,227.97000122070312,229.0,227.97000122070312,229.0,4127268.0
2024-11-20 16:00:00-05:00,229.0,229.15,228.0,228.82,0.0
2024-11-20 17:00:00-05:00,228.85,228.99,228.32,228.55,0.0
2024-11-20 18:00:00-05:00,228.38,228.83,228.11,228.73,0.0
2024-11-21 04:00:00-05:00,228.21,229.1,228.2,228.71,0.0
2024-11-21 05:00:00-05:00,228.64,228.89,228.45,228.76,0.0
2024-11-21 06:00:00-05:00,228.64,229.76,228.57,229.76,0.0
2024-11-21 07:00:00-05:00,229.76,229.94,229.31,229.7,0.0
2024-11-21 08:00:00-05:00,229.73,229.98,224.705,229.1001,0.0
2024-11-21 09:00:00-05:00,229.17,229.8,228.5,228.705,0.0
2024-11-21 09:30:00-05:00,228.7899932861328,229.9199981689453,225.71029663085938,225.9499969482422,9619943.0
2024-11-21 10:30:00-05:00,225.94000244140625,228.9199981689453,225.8300018310547,228.77000427246094,4765620.0
2024-11-21 11:30:00-05:00,228.75,229.4698944091797,228.49000549316406,229.2899932861328,3469645.0
2024-11-21 12:30:00-05:00,229.30999755859375,230.14999389648438,229.27000427246094,229.83999633789062,3200750.0
2024-11-21 13:30:00-05:00,229.85000610351562,229.93370056152344,229.22000122070312,229.36000061035156,2913322.0
2024-11-21 14:30:00-05:00,229.3800048828125,229.5800018310547,228.99000549316406,229.27000427246094,2610348.0
2024-11-21 15:30:00-05:00,229.27000427246094,229.2899932861328,228.27000427246094,228.50999450683594,4482648.0
2024-11-21 16:00:00-05:00,228.51,230.0,225.075,228.36,0.0
2024-11-21 17:00:00-05:00,228.42,228.8,226.53,228.43,0.0
2024-11-21 18:00:00-05:00,228.32,228.57,228.07,228.35,0.0
2024-11-22 04:00:00-05:00,228.53,228.95,228.31,228.31,0.0
2024-11-22 05:00:00-05:00,228.47,228.75,228.16,228.36,0.0
2024-11-22 06:00:00-05:00,228.4,228.58,228.35,228.46,0.0
2024-11-22 07:00:00-05:00,228.54,229.0,228.35,228.9,0.0
2024-11-22 08:00:00-05:00,228.83,229.15,228.0,228.93,0.0
2024-11-22 09:00:00-05:00,228.925,229.605,226.15,228.109,0.0
2024-11-22 09:30:00-05:00,228.05999755859375,230.1300048828125,228.05999755859375,229.27999877929688,6571537.0
2024-11-22 10:30:00-05:00,229.27999877929688,229.92999267578125,228.8300018310547,229.47999572753906,4454609.0
2024-11-22 11:30:00-05:00,229.48989868164062,230.1199951171875,228.97000122070312,229.98500061035156,3272578.0
2024-11-22 12:30:00-05:00,229.98500061035156,230.7198944091797,229.6750030517578,230.17999267578125,3201749.0
2024-11-22 13:30:00-05:00,230.1649932861328,230.38999938964844,229.3300018310547,229.44000244140625,2939345.0
2024-11-22 14:30:00-05:00,229.44500732421875,229.63999938964844,228.92999267578125,229.375,2765287.0
2024-11-22 15:30:00-05:00,229.3699951171875,230.14999389648438,229.30999755859375,229.75999450683594,4345539.0
2024-11-22 16:00:00-05:00,229.75,230.1589,229.5875,230.0,0.0
2024-11-22 17:00:00-05:00,230.0,230.1,216.7766,229.92,0.0
2024-11-22 18:00:00-05:00,229.9275,230.0,229.89,229.9953,0.0
2024-11-25 04:00:00-05:00,230.26,230.5,230.0,230.0,0.0
2024-11-25 05:00:00-05:00,229.95,230.47,229.9,230.39,0.0
2024-11-25 06:00:00-05:00,230.39,230.76,230.36,230.51,0.0
2024-11-25 07:00:00-05:00,230.51,230.98,230.18,230.9,0.0
2024-11-25 08:00:00-05:00,230.9,231.38,229.296,231.18,0.0
2024-11-25 09:00:00-05:00,231.12,231.7,228.85,231.4,0.0
2024-11-25 09:30:00-05:00,231.4600067138672,233.18499755859375,231.4199981689453,232.0,9845726.0
2024-11-25 10:30:00-05:00,231.97999572753906,232.80099487304688,231.70030212402344,231.7100067138672,3799907.0
2024-11-25 11:30:00-05:00,231.7050018310547,231.85000610351562,229.9600067138672,230.20680236816406,3682262.0
2024-11-25 12:30:00-05:00,230.1999969482422,230.5800018310547,229.74000549316406,230.4149932861328,2947971.0
2024-11-25 13:30:00-05:00,230.4250030517578,230.74000549316406,230.1999969482422,230.68499755859375,2057791.0
2024-11-25 14:30:00-05:00,230.6649932861328,230.85000610351562,230.09500122070312,230.52000427246094,2752031.0
2024-11-25 15:30:00-05:00,230.5012969970703,233.1699981689453,229.84500122070312,232.8800048828125,11344808.0
2024-11-25 16:00:00-05:00,232.88,232.8928,230.7032,232.18,0.0
2024-11-25 17:00:00-05:00,232.18,232.45,229.248,232.2,0.0
2024-11-25 18:00:00-05:00,232.2,232.78,230.53,231.395,0.0
2024-11-26 04:00:00-05:00,232.01,232.99,231.94,232.66,0.0
2024-11-26 05:00:00-05:00,232.61,232.85,232.42,232.65,0.0
2024-11-26 06:00:00-05:00,232.62,232.64,232.2,232.32,0.0
2024-11-26 07:00:00-05:00,232.23,233.47,232.23,233.4,0.0
2024-11-26 08:00:00-05:00,233.4,233.48,231.5812,233.06,0.0
2024-11-26 09:00:00-05:00,233.0001,233.69,232.86,233.482,0.0
2024-11-26 09:30:00-05:00,233.47500610351562,235.43499755859375,233.47500610351562,234.36000061035156,12979632.0
2024-11-26 10:30:00-05:00,234.36000061035156,235.57000732421875,234.2100067138672,235.0399932861328,4972245.0
2024-11-26 11:30:00-05:00,235.0399932861328,235.10470581054688,234.27000427246094,234.47999572753906,2980746.0
2024-11-26 12:30:00-05:00,234.47999572753906,235.17999267578125,234.35000610351562,234.50999450683594,3515885.0
2024-11-26 13:30:00-05:00,234.50999450683594,235.10000610351562,234.44500732421875,234.92999267578125,2752588.0
2024-11-26 14:30:00-05:00,234.9250030517578,235.25,234.72999572753906,234.80999755859375,3000602.0
2024-11-26 15:30:00-05:00,234.80999755859375,235.27999877929688,234.5800018310547,235.0800018310547,5458831.0
2024-11-26 16:00:00-05:00,235.06,235.57,231.72,235.55,0.0
2024-11-26 17:00:00-05:00,235.55,243.0662,228.7977,235.435,0.0
2024-11-26 18:00:00-05:00,235.51,235.65,235.06,235.52,0.0
2024-11-27 04:00:00-05:00,234.96,235.32,234.11,234.11,0.0
2024-11-27 05:00:00-05:00,234.11,234.59,234.11,234.35,0.0
2024-11-27 06:00:00-05:00,234.28,234.45,234.05,234.05,0.0
2024-11-27 07:00:00-05:00,234.05,234.4,233.94,233.96,0.0
2024-11-27 08:00:00-05:00,234.0,235.67,233.67,233.935,0.0
2024-11-27 09:00:00-05:00,233.94,234.55,233.26,234.5,0.0
2024-11-27 09:30:00-05:00,234.46499633789062,235.67999267578125,233.8101043701172,235.16000366210938,7058124.0
2024-11-27 10:30:00-05:00,235.16000366210938,235.69000244140625,234.15460205078125,234.6699981689453,3805611.0
2024-11-27 11:30:00-05:00,234.62010192871094,234.88999938964844,233.97999572753906,234.57000732421875,2845831.0
2024-11-27 12:30:00-05:00,234.55999755859375,235.0,234.40939331054688,234.7801055908203,2325512.0
2024-11-27 13:30:00-05:00,234.77999877929688,235.13710021972656,234.7100067138672,234.97999572753906,1683157.0
2024-11-27 14:30:00-05:00,234.97999572753906,235.25,234.73500061035156,234.84500122070312,2045715.0
2024-11-27 15:30:00-05:00,234.83999633789062,235.08999633789062,234.5850067138672,234.99000549316406,2919382.0
2024-11-27 16:00:00-05:00,234.93,235.35,225.595,235.05,0.0
2024-11-27 17:00:00-05:00,235.025,250.5416,234.99,235.035,0.0
2024-11-27 18:00:00-05:00,235.035,235.19,234.93,235.15,0.0
2024-11-29 04:00:00-05:00,235.35,235.35,234.95,235.05,0.0
2024-11-29 05:00:00-05:00,235.04,235.12,234.76,234.83,0.0
2024-11-29 06:00:00-05:00,234.85,234.89,234.55,234.55,0.0
2024-11-29 07:00:00-05:00,234.59,234.7,234.41,234.7,0.0
2024-11-29 08:00:00-05:00,234.77,235.6488,234.4,234.5,0.0
2024-11-29 09:00:00-05:00,234.58,234.91,234.11,234.74,0.0
2024-11-29 09:30:00-05:00,234.83999633789062,235.88999938964844,233.97000122070312,235.34500122070312,5532507.0
2024-11-29 10:30:00-05:00,235.35000610351562,236.5998992919922,235.33999633789062,236.39999389648438,3997632.0
2024-11-29 11:30:00-05:00,236.3800048828125,237.14999389648438,236.2899932861328,236.3699951171875,3843062.0
2024-11-29 13:00:00-05:00,236.3699951171875,237.80999755859375,236.3699951171875,237.49000549316406,0.0
2024-11-29 14:00:00-05:00,237.49,237.57,237.33,237.49,0.0
2024-11-29 15:00:00-05:00,237.495,251.7307,237.22,237.385,0.0
2024-11-29 16:00:00-05:00,237.33,237.5,237.3,237.36,0.0
2024-12-02 04:00:00-05:00,237.06,237.19,236.75,237.17,0.0
2024-12-02 05:00:00-05:00,237.16,237.2,237.11,237.11,0.0
2024-12-02 06:00:00-05:00,237.14,237.23,237.11,237.14,0.0
2024-12-02 07:00:00-05:00,237.16,238.0,237.06,237.54,0.0
2024-12-02 08:00:00-05:00,237.54,238.0,236.5312,237.295,0.0
2024-12-02 09:00:00-05:00,237.295,237.38,236.78,237.278,0.0
2024-12-02 09:30:00-05:00,237.27000427246094,240.27999877929688,237.16000366210938,240.27000427246094,11143242.0
2024-12-02 10:30:00-05:00,240.27000427246094,240.7899932861328,239.44000244140625,239.8300018310547,5965321.0
2024-12-02 11:30:00-05:00,239.8271942138672,240.1999969482422,239.36000061035156,239.8300018310547,2850375.0
2024-12-02 12:30:00-05:00,239.83999633789062,240.0,239.24000549316406,239.44000244140625,3599025.0
2024-12-02 13:30:00-05:00,239.4199981689453,239.50999450683594,239.02999877929688,239.3300018310547,2372094.0
2024-12-02 14:30:00-05:00,239.3300018310547,239.83999633789062,239.25010681152344,239.7899932861328,2497573.0
2024-12-02 15:30:00-05:00,239.7899932861328,239.94000244140625,239.0500030517578,239.60000610351562,3858894.0
2024-12-02 16:00:00-05:00,239.6,239.98,232.06,239.84,0.0
2024-12-02 17:00:00-05:00,239.845,251.2043,239.59,239.76,0.0
2024-12-02 18:00:00-05:00,239.76,239.82,239.59,239.755,0.0
2024-12-03 04:00:00-05:00,239.81,240.0,239.79,239.84,0.0
2024-12-03 05:00:00-05:00,239.83,240.15,239.79,240.06,0.0
2024-12-03 06:00:00-05:00,240.04,240.04,239.69,239.76,0.0
2024-12-03 07:00:00-05:00,239.78,240.18,239.75,240.17,0.0
2024-12-03 08:00:00-05:00,240.16,240.23,238.992,240.15,0.0
2024-12-03 09:00:00-05:00,240.17,240.36,238.425,239.875,0.0
2024-12-03 09:30:00-05:00,239.9199981689453,241.36990356445312,238.90029907226562,240.47000122070312,8548308.0
2024-12-03 10:30:00-05:00,240.47500610351562,241.33999633789062,240.4499969482422,241.3300018310547,3962336.0
2024-12-03 11:30:00-05:00,241.3300018310547,241.63499450683594,240.98199462890625,241.26499938964844,3152692.0
2024-12-03 12:30:00-05:00,241.26499938964844,241.6999053955078,241.14500427246094,241.4199981689453,2157544.0
2024-12-03 13:30:00-05:00,241.4199981689453,242.1699981689453,241.34500122070312,242.14999389648438,3311661.0
2024-12-03 14:30:00-05:00,242.15499877929688,242.4600067138672,241.85000610351562,242.05320739746094,3274479.0
2024-12-03 15:30:00-05:00,242.05999755859375,242.7550048828125,242.05999755859375,242.6300048828125,3704333.0
2024-12-03 16:00:00-05:00,242.65,250.0154,241.9272,242.83,0.0
2024-12-03 17:00:00-05:00,242.83,250.0154,226.08,242.82,0.0
2024-12-03 18:00:00-05:00,242.8,243.0,242.6,242.9,0.0
2024-12-04 04:00:00-05:00,243.2,243.68,243.2,243.4,0.0
2024-12-04 05:00:00-05:00,243.41,243.45,243.03,243.08,0.0
2024-12-04 06:00:00-05:00,243.14,243.6,243.1,243.16,0.0
2024-12-04 07:00:00-05:00,243.1,243.35,242.91,243.06,0.0
2024-12-04 08:00:00-05:00,243.07,243.6733,242.044,243.1,0.0
2024-12-04 09:00:00-05:00,243.12,243.5,242.56,243.0,0.0
2024-12-04 09:30:00-05:00,242.8800048828125,244.10499572753906,242.50999450683594,243.4499969482422,8409865.0
2024-12-04 10:30:00-05:00,243.44000244140625,243.80999755859375,242.85000610351562,242.90499877929688,3476264.0
2024-12-04 11:30:00-05:00,242.90499877929688,242.90989685058594,241.25,242.03990173339844,7183414.0
2024-12-04 12:30:00-05:00,242.0399932861328,242.50999450683594,241.63999938964844,242.25869750976562,2189900.0
2024-12-04 13:30:00-05:00,242.24000549316406,243.17640686035156,241.92999267578125,243.07000732421875,3055452.0
2024-12-04 14:30:00-05:00,243.05999755859375,243.125,242.77999877929688,242.98500061035156,2751650.0
2024-12-04 15:30:00-05:00,242.98500061035156,243.5399932861328,242.8260955810547,243.02000427246094,3738537.0
2024-12-04 16:00:00-05:00,243.01,243.085,240.355,242.985,0.0
2024-12-04 17:00:00-05:00,242.985,243.04,242.9,242.96,0.0
2024-12-04 18:00:00-05:00,242.96,243.03,242.81,242.925,0.0
2024-12-05 04:00:00-05:00,242.52,242.8,242.1,242.8,0.0
2024-12-05 05:00:00-05:00,242.79,243.18,242.76,243.14,0.0
2024-12-05 06:00:00-05:00,243.19,243.19,242.92,242.99,0.0
2024-12-05 07:00:00-05:00,243.0,243.24,242.99,243.03,0.0
2024-12-05 08:00:00-05:00,243.03,243.33,217.0012,243.025,0.0
2024-12-05 09:00:00-05:00,243.025,244.2767,243.0,244.04,0.0
2024-12-05 09:30:00-05:00,244.0500030517578,244.5399932861328,242.71279907226562,242.92999267578125,8289397.0
2024-12-05 10:30:00-05:00,242.92999267578125,243.0800018310547,242.24000549316406,242.5500030517578,3597584.0
2024-12-05 11:30:00-05:00,242.5449981689453,243.40989685058594,242.30999755859375,243.36000061035156,4262442.0
2024-12-05 12:30:00-05:00,243.35830688476562,243.3699951171875,242.61000061035156,242.88499450683594,2973235.0
2024-12-05 13:30:00-05:00,242.88999938964844,243.69000244140625,242.83999633789062,243.27999877929688,2513592.0
2024-12-05 14:30:00-05:00,243.28500366210938,243.36000061035156,242.7449951171875,242.9058074951172,3069471.0
2024-12-05 15:30:00-05:00,242.90499877929688,243.0800018310547,242.1300048828125,243.0800018310547,4497338.0
2024-12-05 16:00:00-05:00,243.04,243.13,242.41,242.86,0.0
2024-12-05 17:00:00-05:00,242.9,243.04,242.7,242.85,0.0
2024-12-05 18:00:00-05:00,242.85,243.04,242.5,242.82,0.0
2024-12-06 04:00:00-05:00,242.78,243.14,242.78,242.87,0.0
2024-12-06 05:00:00-05:00,242.94,243.04,242.7,242.74,0.0
2024-12-06 06:00:00-05:00,242.7,242.78,242.56,242.56,0.0
2024-12-06 07:00:00-05:00,242.59,242.98,242.5,242.8,0.0
2024-12-06 08:00:00-05:00,242.75,243.3388,242.3712,242.92,0.0
2024-12-06 09:00:00-05:00,242.92,244.21,242.6503,242.865,0.0
2024-12-06 09:30:00-05:00,242.8699951171875,244.6300048828125,242.0800018310547,243.44000244140625,7897447.0
2024-12-06 10:30:00-05:00,243.4499969482422,244.10000610351562,243.27499389648438,243.58200073242188,3073497.0
2024-12-06 11:30:00-05:00,243.5800018310547,243.83999633789062,243.2100067138672,243.60000610351562,2643208.0
2024-12-06 12:30:00-05:00,243.58999633789062,243.61500549316406,242.94000244140625,243.26409912109375,2315920.0
2024-12-06 13:30:00-05:00,243.25999450683594,243.63999938964844,243.0399932861328,243.16270446777344,2434412.0
2024-12-06 14:30:00-05:00,243.16000366210938,243.39999389648438,242.87010192871094,243.0500030517578,3531491.0
2024-12-06 15:30:00-05:00,243.0500030517578,243.14999389648438,242.1999969482422,242.86000061035156,4585506.0
2024-12-06 16:00:00-05:00,242.84,243.022,242.295,242.56,0.0
2024-12-06 17:00:00-05:00,242.545,242.84,242.25,242.37,0.0
2024-12-06 18:00:00-05:00,242.25,242.44,242.25,242.42,0.0
2024-12-09 04:00:00-05:00,242.8,242.9,242.04,242.32,0.0
2024-12-09 05:00:00-05:00,242.26,242.95,242.26,242.55,0.0
2024-12-09 06:00:00-05:00,242.54,242.89,242.51,242.6,0.0
2024-12-09 07:00:00-05:00,242.57,242.84,242.33,242.45,0.0
2024-12-09 08:00:00-05:00,242.45,243.2188,242.0,242.54,0.0
2024-12-09 09:00:00-05:00,242.59,242.65,241.57,241.82,0.0
2024-12-09 09:30:00-05:00,242.39999389648438,244.72000122070312,242.39999389648438,244.50999450683594,6763286.0
2024-12-09 10:30:00-05:00,244.47999572753906,247.23880004882812,244.4199981689453,246.47000122070312,7885176.0
2024-12-09 11:30:00-05:00,246.48500061035156,247.24000549316406,246.30999755859375,246.79029846191406,3738978.0
2024-12-09 12:30:00-05:00,246.8249969482422,247.01510620117188,245.7100067138672,246.9053955078125,3215218.0
2024-12-09 13:30:00-05:00,246.88999938964844,246.88999938964844,246.05999755859375,246.09500122070312,2110393.0
2024-12-09 14:30:00-05:00,246.09500122070312,246.77999877929688,245.89999389648438,246.75999450683594,2636199.0
2024-12-09 15:30:00-05:00,246.77999877929688,247.08999633789062,246.11000061035156,246.80999755859375,5245539.0
2024-12-09 16:00:00-05:00,246.86,247.29,229.87,247.27,0.0
2024-12-09 17:00:00-05:00,247.235,247.3,246.75,247.2,0.0
2024-12-09 18:00:00-05:00,247.2,247.2487,246.75,247.055,0.0
2024-12-10 04:00:00-05:00,246.58,247.26,246.24,247.06,0.0
2024-12-10 05:00:00-05:00,247.06,247.14,247.0,247.14,0.0
2024-12-10 06:00:00-05:00,247.18,247.23,247.06,247.09,0.0
2024-12-10 07:00:00-05:00,247.11,247.5,247.02,247.49,0.0
2024-12-10 08:00:00-05:00,247.49,248.05,246.134,247.7,0.0
2024-12-10 09:00:00-05:00,247.65,247.78,246.7,246.93,0.0
2024-12-10 09:30:00-05:00,246.9499969482422,247.78709411621094,245.80999755859375,246.72999572753906,7969297.0
2024-12-10 10:30:00-05:00,246.73500061035156,246.9199981689453,245.3419952392578,245.6699981689453,3845062.0
2024-12-10 11:30:00-05:00,245.6699981689453,247.17999267578125,245.61000061035156,247.07000732421875,2669027.0
2024-12-10 12:30:00-05:00,247.05999755859375,247.4783935546875,246.72000122070312,247.40660095214844,2160359.0
2024-12-10 13:30:00-05:00,247.40499877929688,247.8000030517578,247.35000610351562,247.42999267578125,2326302.0
2024-12-10 14:30:00-05:00,247.42999267578125,248.2100067138672,247.41000366210938,247.72000122070312,4138454.0
2024-12-10 15:30:00-05:00,247.72500610351562,248.07000732421875,247.3699951171875,247.8000030517578,3607802.0
2024-12-10 16:00:00-05:00,247.81,248.0,242.0,247.87,0.0
2024-12-10 17:00:00-05:00,247.87,247.9,247.76,247.82,0.0
2024-12-10 18:00:00-05:00,247.8,247.9,247.61,247.65,0.0
2024-12-11 04:00:00-05:00,247.34,247.74,247.13,247.39,0.0
2024-12-11 05:00:00-05:00,247.39,247.59,247.39,247.46,0.0
2024-12-11 06:00:00-05:00,247.46,247.49,247.42,247.49,0.0
2024-12-11 07:00:00-05:00,247.49,247.6,247.46,247.57,0.0
2024-12-11 08:00:00-05:00,247.66,248.48,247.1612,248.15,0.0
2024-12-11 09:00:00-05:00,248.15,248.98,245.705,247.94,0.0
2024-12-11 09:30:00-05:00,247.94500732421875,249.99000549316406,247.64999389648438,249.42999267578125,8367368.0
2024-12-11 10:30:00-05:00,249.42999267578125,250.8000030517578,249.39500427246094,250.44000244140625,6584107.0
2024-12-11 11:30:00-05:00,250.4199981689453,250.4199981689453,249.33999633789062,249.681396484375,2792683.0
2024-12-11 12:30:00-05:00,249.67999267578125,249.77999877929688,248.97000122070312,249.10000610351562,2034409.0
2024-12-11 13:30:00-05:00,249.08999633789062,249.1649932861328,248.0863037109375,248.27999877929688,2859618.0
2024-12-11 14:30:00-05:00,248.2801055908203,248.44000244140625,247.0500030517578,247.14999389648438,3703277.0
2024-12-11 15:30:00-05:00,247.13999938964844,247.16000366210938,246.26010131835938,246.42999267578125,5247010.0
2024-12-11 16:00:00-05:00,246.445,247.13,230.1,246.69,0.0
2024-12-11 17:00:00-05:00,246.68,258.4298,229.0,246.79,0.0
2024-12-11 18:00:00-05:00,246.79,246.83,246.39,246.52,0.0
2024-12-12 04:00:00-05:00,246.72,247.53,246.61,247.06,0.0
2024-12-12 05:00:00-05:00,247.29,247.45,246.9,247.29,0.0
2024-12-12 06:00:00-05:00,247.4,248.16,247.21,247.33,0.0
2024-12-12 07:00:00-05:00,247.32,247.44,246.88,247.0,0.0
2024-12-12 08:00:00-05:00,247.08,248.16,246.49,246.69,0.0
2024-12-12 09:00:00-05:00,246.64,249.38,246.32,246.93,0.0
2024-12-12 09:30:00-05:00,246.94500732421875,248.1199951171875,245.67999267578125,247.99000549316406,7733107.0
2024-12-12 10:30:00-05:00,247.99000549316406,248.59959411621094,247.66000366210938,248.4709930419922,4798038.0
2024-12-12 11:30:00-05:00,248.47999572753906,248.54989624023438,247.99000549316406,248.09280395507812,2067122.0
2024-12-12 12:30:00-05:00,248.08999633789062,248.74000549316406,247.63999938964844,248.52999877929688,2027236.0
2024-12-12 13:30:00-05:00,248.52000427246094,248.74000549316406,248.0,248.02000427246094,1974147.0
2024-12-12 14:30:00-05:00,248.01499938964844,248.2100067138672,247.4499969482422,247.75,1927714.0
2024-12-12 15:30:00-05:00,247.75999450683594,248.1999969482422,247.74000549316406,247.9499969482422,2674221.0
2024-12-12 16:00:00-05:00,247.95,248.47,247.6001,248.08,0.0
2024-12-12 17:00:00-05:00,248.08,251.7307,247.0,247.635,0.0
2024-12-12 18:00:00-05:00,247.33,247.96,246.38,246.85,0.0
2024-12-13 04:00:00-05:00,247.33,247.33,246.51,246.61,0.0
2024-12-13 05:00:00-05:00,246.62,246.97,246.4,246.97,0.0
2024-12-13 06:00:00-05:00,246.96,247.45,246.9,247.39,0.0
2024-12-13 07:00:00-05:00,247.31,248.81,247.31,248.81,0.0
2024-12-13 08:00:00-05:00,248.87,249.57,246.4,249.0,0.0
2024-12-13 09:00:00-05:00,249.09,249.905,246.16,247.66,0.0
2024-12-13 09:30:00-05:00,247.8800048828125,249.2902069091797,247.35000610351562,247.5500030517578,6597729.0
2024-12-13 10:30:00-05:00,247.5800018310547,247.9499969482422,246.5,246.625,3698292.0
2024-12-13 11:30:00-05:00,246.6199951171875,247.02999877929688,246.24000549316406,246.4600067138672,2717185.0
2024-12-13 12:30:00-05:00,246.47000122070312,247.25999450683594,246.33999633789062,247.19000244140625,2429085.0
2024-12-13 13:30:00-05:00,247.1750030517578,248.01499938964844,247.16009521484375,247.91000366210938,2136050.0
2024-12-13 14:30:00-05:00,247.90499877929688,248.10000610351562,247.63999938964844,248.02000427246094,2472418.0
2024-12-13 15:30:00-05:00,248.02000427246094,248.2987060546875,247.88999938964844,248.1300048828125,2520361.0
2024-12-13 16:00:00-05:00,248.11,248.28,243.04,247.67,0.0
2024-12-13 17:00:00-05:00,247.67,248.13,247.6,247.73,0.0
2024-12-13 18:00:00-05:00,247.84,248.0,247.73,247.775,0.0
2024-12-16 04:00:00-05:00,248.34,248.92,248.21,248.55,0.0
2024-12-16 05:00:00-05:00,248.48,248.99,248.4,248.78,0.0
2024-12-16 06:00:00-05:00,248.78,248.78,248.6,248.68,0.0
2024-12-16 07:00:00-05:00,248.68,248.97,248.46,248.93,0.0
2024-12-16 08:00:00-05:00,248.89,248.9988,247.51,248.27,0.0
2024-12-16 09:00:00-05:00,248.34,248.55,246.37,247.89,0.0
2024-12-16 09:30:00-05:00,248.0,250.0,247.64999389648438,249.05999755859375,7886880.0
2024-12-16 10:30:00-05:00,249.02999877929688,249.9600067138672,248.82000732421875,249.6699981689453,3291322.0
2024-12-16 11:30:00-05:00,249.7100067138672,250.3000030517578,249.53500366210938,250.05999755859375,3966563.0
2024-12-16 12:30:00-05:00,250.05999755859375,251.37890625,250.05259704589844,251.11000061035156,3741887.0
2024-12-16 13:30:00-05:00,251.08999633789062,251.2471923828125,250.5800018310547,250.8000946044922,2929661.0
2024-12-16 14:30:00-05:00,250.80999755859375,251.0001983642578,250.2100067138672,250.69500732421875,3296914.0
2024-12-16 15:30:00-05:00,250.6999969482422,251.10000610351562,249.9499969482422,251.0399932861328,3755928.0
2024-12-16 16:00:00-05:00,251.04,251.25,250.7065,251.17,0.0
2024-12-16 17:00:00-05:00,251.22,251.22,243.2133,251.1,0.0
2024-12-16 18:00:00-05:00,251.125,251.19,250.54,250.97,0.0
2024-12-17 04:00:00-05:00,250.34,250.48,250.13,250.35,0.0
2024-12-17 05:00:00-05:00,250.36,250.55,250.29,250.42,0.0
2024-12-17 06:00:00-05:00,250.56,250.57,250.35,250.42,0.0
2024-12-17 07:00:00-05:00,250.42,250.54,250.06,250.12,0.0
2024-12-17 08:00:00-05:00,250.18,250.7507,250.0,250.145,0.0
2024-12-17 09:00:00-05:00,250.1,250.74,249.66,250.17,0.0
2024-12-17 09:30:00-05:00,250.13499450683594,252.97999572753906,249.7899932861328,252.27000427246094,8272806.0
2024-12-17 10:30:00-05:00,252.2550048828125,253.35000610351562,251.77000427246094,252.5500030517578,4415074.0
2024-12-17 11:30:00-05:00,252.52999877929688,253.3000030517578,252.47999572753906,253.22500610351562,3694338.0
2024-12-17 12:30:00-05:00,253.25,253.2899932861328,252.69009399414062,253.1300048828125,2789948.0
2024-12-17 13:30:00-05:00,253.13999938964844,253.63499450683594,252.92999267578125,253.1999969482422,3028678.0
2024-12-17 14:30:00-05:00,253.1999969482422,253.38999938964844,252.75,252.8800048828125,3197831.0
2024-12-17 15:30:00-05:00,252.8800048828125,253.80999755859375,252.64999389648438,253.47999572753906,6517824.0
2024-12-17 16:00:00-05:00,253.45,253.63,248.11,253.36,0.0
2024-12-17 17:00:00-05:00,253.36,253.39,253.27,253.33,0.0
2024-12-17 18:00:00-05:00,253.33,253.48,246.49,253.16,0.0
2024-12-18 04:00:00-05:00,253.61,253.61,253.03,253.16,0.0
2024-12-18 05:00:00-05:00,253.08,253.5,253.07,253.5,0.0
2024-12-18 06:00:00-05:00,253.5,253.5,253.3,253.32,0.0
2024-12-18 07:00:00-05:00,253.3,253.36,253.13,253.34,0.0
2024-12-18 08:00:00-05:00,253.35,253.97,247.3863,253.545,0.0
2024-12-18 09:00:00-05:00,253.54,253.5999,252.0,252.14,0.0
2024-12-18 09:30:00-05:00,252.22000122070312,253.39999389648438,251.3300018310547,253.07000732421875,7178746.0
2024-12-18 10:30:00-05:00,253.07000732421875,253.79989624023438,252.85000610351562,253.32000732421875,4534838.0
2024-12-18 11:30:00-05:00,253.32359313964844,254.0399932861328,253.1750030517578,253.63499450683594,3385526.0
2024-12-18 12:30:00-05:00,253.6300048828125,254.00999450683594,253.47000122070312,253.71009826660156,2498618.0
2024-12-18 13:30:00-05:00,253.6999969482422,254.27999877929688,251.5399932861328,252.4499969482422,4517172.0
2024-12-18 14:30:00-05:00,252.44900512695312,252.97999572753906,249.5,249.89999389648438,8004435.0
2024-12-18 15:30:00-05:00,249.9199981689453,250.39920043945312,247.75,247.86000061035156,8666490.0
2024-12-18 16:00:00-05:00,247.83,251.175,246.0,246.875,0.0
2024-12-18 17:00:00-05:00,246.875,248.05,246.21,246.6593,0.0
2024-12-18 18:00:00-05:00,246.8,247.98,246.36,246.77,0.0
2024-12-19 04:00:00-05:00,247.94,247.94,247.0,247.6,0.0
2024-12-19 05:00:00-05:00,247.7,247.95,247.4,247.93,0.0
2024-12-19 06:00:00-05:00,247.84,247.92,247.62,247.69,0.0
2024-12-19 07:00:00-05:00,247.69,248.33,247.53,248.12,0.0
2024-12-19 08:00:00-05:00,248.12,248.6,246.48,248.34,0.0
2024-12-19 09:00:00-05:00,248.3481,248.46,247.0,247.49,0.0
2024-12-19 09:30:00-05:00,247.4600067138672,251.02000427246094,247.09500122070312,249.88999938964844,13163580.0
2024-12-19 10:30:00-05:00,249.88999938964844,251.38760375976562,249.3699951171875,251.0399932861328,6029993.0
2024-12-19 11:30:00-05:00,251.0399932861328,251.85000610351562,250.53500366210938,250.5800018310547,4327867.0
2024-12-19 12:30:00-05:00,250.58999633789062,250.94000244140625,249.72000122070312,250.8300018310547,3212228.0
2024-12-19 13:30:00-05:00,250.81500244140625,251.4499969482422,250.2902069091797,250.52000427246094,2255973.0
2024-12-19 14:30:00-05:00,250.50999450683594,250.52000427246094,249.52999877929688,250.3249969482422,2871418.0
2024-12-19 15:30:00-05:00,250.3300018310547,250.5500030517578,249.4093017578125,249.85000610351562,4256393.0
2024-12-19 16:00:00-05:00,249.85,252.5,249.37,250.035,0.0
2024-12-19 17:00:00-05:00,250.05,252.5918,228.02,249.96,0.0
2024-12-19 18:00:00-05:00,249.82,249.99,249.21,249.425,0.0
2024-12-20 04:00:00-05:00,248.2,248.29,247.38,247.64,0.0
2024-12-20 05:00:00-05:00,247.68,248.09,247.16,248.0,0.0
2024-12-20 06:00:00-05:00,248.0,248.16,247.45,247.48,0.0
2024-12-20 07:00:00-05:00,247.48,247.8,246.79,246.86,0.0
2024-12-20 08:00:00-05:00,246.87,248.54,246.72,247.275,0.0
2024-12-20 09:00:00-05:00,247.35,250.105,246.745,248.065,0.0
2024-12-20 09:30:00-05:00,248.1199951171875,249.6240997314453,246.3000030517578,249.59500122070312,21606592.0
2024-12-20 10:30:00-05:00,249.58999633789062,252.0,249.39999389648438,251.99000549316406,5534153.0
2024-12-20 11:30:00-05:00,251.97999572753906,253.92999267578125,251.88999938964844,253.73500061035156,6609817.0
2024-12-20 12:30:00-05:00,253.73500061035156,253.77000427246094,252.77200317382812,252.8699951171875,3597562.0
2024-12-20 13:30:00-05:00,252.91000366210938,253.64999389648438,252.67999267578125,253.62030029296875,3481696.0
2024-12-20 14:30:00-05:00,253.6300048828125,254.19000244140625,253.3000030517578,253.49000549316406,5096339.0
2024-12-20 15:30:00-05:00,253.5,255.0,252.7899932861328,254.58999633789062,8461430.0
2024-12-20 16:00:00-05:00,254.59,255.06,219.6516,254.925,0.0
2024-12-20 17:00:00-05:00,254.925,273.3768,212.581,255.08,0.0
2024-12-20 18:00:00-05:00,255.08,255.57,254.49,255.31,0.0
2024-12-23 04:00:00-05:00,255.51,255.94,255.02,255.6,0.0
2024-12-23 05:00:00-05:00,255.63,255.75,255.28,255.39,0.0
2024-12-23 06:00:00-05:00,255.34,255.54,254.87,254.9,0.0
2024-12-23 07:00:00-05:00,254.96,255.43,254.56,255.43,0.0
2024-12-23 08:00:00-05:00,255.43,256.58,253.854,255.335,0.0
2024-12-23 09:00:00-05:00,255.335,255.35,248.14,254.78,0.0
2024-12-23 09:30:00-05:00,255.33999633789062,255.4199981689453,253.4499969482422,254.07000732421875,8639208.0
2024-12-23 10:30:00-05:00,254.0500030517578,255.07000732421875,253.4600067138672,254.8300018310547,3133440.0
2024-12-23 11:30:00-05:00,254.83909606933594,255.22999572753906,254.3699951171875,254.42999267578125,2397338.0
2024-12-23 12:30:00-05:00,254.42999267578125,254.7550048828125,253.72000122070312,253.9199981689453,3619882.0
2024-12-23 13:30:00-05:00,253.9199981689453,254.4600067138672,253.8699951171875,254.2949981689453,2441370.0
2024-12-23 14:30:00-05:00,254.3000030517578,254.39999389648438,253.67999267578125,254.33999633789062,2612184.0
2024-12-23 15:30:00-05:00,254.33999633789062,255.64999389648438,254.33999633789062,255.30999755859375,4322344.0
2024-12-23 16:00:00-05:00,255.3,255.8,247.77,255.095,0.0
2024-12-23 17:00:00-05:00,255.07,255.27,254.5,255.1,0.0
2024-12-23 18:00:00-05:00,255.06,255.15,254.75,254.865,0.0
2024-12-24 04:00:00-05:00,255.3,255.44,255.01,255.42,0.0
2024-12-24 05:00:00-05:00,255.42,255.62,255.36,255.47,0.0
2024-12-24 06:00:00-05:00,255.49,255.89,255.39,255.58,0.0
2024-12-24 07:00:00-05:00,255.58,255.62,255.0,255.22,0.0
2024-12-24 08:00:00-05:00,255.24,255.7026,254.95,255.06,0.0
2024-12-24 09:00:00-05:00,255.01,255.5,254.95,255.35,0.0
2024-12-24 09:30:00-05:00,255.86000061035156,257.45001220703125,255.75999450683594,257.1050109863281,6593845.0
2024-12-24 10:30:00-05:00,257.114990234375,258.0,257.1000061035156,257.2929992675781,3930054.0
2024-12-24 11:30:00-05:00,257.2699890136719,257.5400085449219,256.8700866699219,257.3599853515625,2866762.0
2024-12-24 13:00:00-05:00,257.3775939941406,258.3599853515625,257.04998779296875,258.1000061035156,0.0
2024-12-24 14:00:00-05:00,258.05,266.6308,243.0662,258.02,0.0
2024-12-24 15:00:00-05:00,258.01,258.15,257.65,257.82,0.0
2024-12-24 16:00:00-05:00,257.86,258.18,257.81,258.16,0.0
2024-12-26 04:00:00-05:00,258.38,258.38,257.8,258.0,0.0
2024-12-26 05:00:00-05:00,258.05,258.1,257.04,257.36,0.0
2024-12-26 06:00:00-05:00,257.43,257.74,257.43,257.68,0.0
2024-12-26 07:00:00-05:00,257.64,257.96,257.61,257.82,0.0
2024-12-26 08:00:00-05:00,257.85,259.39,255.27,258.26,0.0
2024-12-26 09:00:00-05:00,258.21,258.26,257.59,258.18,0.0
2024-12-26 09:30:00-05:00,258.9790954589844,260.0899963378906,257.6300048828125,258.3612060546875,8036580.0
2024-12-26 10:30:00-05:00,258.364990234375,259.19000244140625,258.1300048828125,258.8800048828125,2886529.0
2024-12-26 11:30:00-05:00,258.8900146484375,259.3399963378906,258.82000732421875,258.9849853515625,1989211.0
2024-12-26 12:30:00-05:00,258.9880065917969,259.32501220703125,258.57000732421875,258.81890869140625,1857025.0
2024-12-26 13:30:00-05:00,258.80999755859375,258.94891357421875,258.4100036621094,258.6000061035156,1532082.0
2024-12-26 14:30:00-05:00,258.6099853515625,259.4700012207031,258.5899963378906,259.1099853515625,2293812.0
2024-12-26 15:30:00-05:00,259.1199951171875,259.510009765625,259.010009765625,259.1000061035156,2691314.0
2024-12-26 16:00:00-05:00,259.08,259.37,255.49,258.965,0.0
2024-12-26 17:00:00-05:00,258.985,266.1547,247.1389,259.025,0.0
2024-12-26 18:00:00-05:00,259.025,259.12,258.8,259.1,0.0
2024-12-27 04:00:00-05:00,258.6,258.84,258.4,258.76,0.0
2024-12-27 05:00:00-05:00,258.72,258.86,258.72,258.86,0.0
2024-12-27 06:00:00-05:00,258.83,258.92,258.82,258.9,0.0
2024-12-27 07:00:00-05:00,258.9,259.52,258.89,259.32,0.0
2024-12-27 08:00:00-05:00,259.32,259.59,228.52,259.05,0.0
2024-12-27 09:00:00-05:00,259.04,259.67,257.83,257.84,0.0
2024-12-27 09:30:00-05:00,257.8999938964844,258.70001220703125,254.91000366210938,254.99000549316406,7279122.0
2024-12-27 10:30:00-05:00,254.9600067138672,255.39999389648438,254.0399932861328,254.72999572753906,5252455.0
2024-12-27 11:30:00-05:00,254.74000549316406,254.8000030517578,253.05999755859375,253.67999267578125,4795494.0
2024-12-27 12:30:00-05:00,253.6699981689453,254.9799041748047,253.64779663085938,254.9499969482422,3338291.0
2024-12-27 13:30:00-05:00,254.94000244140625,255.50999450683594,254.86000061035156,255.01499938964844,2423344.0
2024-12-27 14:30:00-05:00,255.02999877929688,255.55990600585938,254.9600067138672,255.1699981689453,2513045.0
2024-12-27 15:30:00-05:00,255.1699981689453,255.82000732421875,254.97000122070312,255.72000122070312,5269742.0
2024-12-27 16:00:00-05:00,255.72,259.02,243.04,255.15,0.0
2024-12-27 17:00:00-05:00,255.07,255.59,254.54,254.939,0.0
2024-12-27 18:00:00-05:00,254.895,255.59,254.72,254.81,0.0
2024-12-30 04:00:00-05:00,255.05,255.18,254.46,254.49,0.0
2024-12-30 05:00:00-05:00,254.49,254.71,254.3,254.48,0.0
2024-12-30 06:00:00-05:00,254.54,254.59,254.36,254.51,0.0
2024-12-30 07:00:00-05:00,254.51,254.64,254.18,254.27,0.0
2024-12-30 08:00:00-05:00,254.2,255.59,252.75,253.0,0.0
2024-12-30 09:00:00-05:00,252.955,258.055,251.05,251.98,0.0
2024-12-30 09:30:00-05:00,252.72000122070312,252.8699951171875,250.75,250.9199981689453,7918270.0
2024-12-30 10:30:00-05:00,250.91600036621094,252.28500366210938,250.91600036621094,251.89999389648438,3565575.0
2024-12-30 11:30:00-05:00,251.88999938964844,253.10000610351562,251.80999755859375,253.0500030517578,2716217.0
2024-12-30 12:30:00-05:00,253.05999755859375,253.47000122070312,252.5,252.82000732421875,2154164.0
2024-12-30 13:30:00-05:00,252.80499267578125,253.2899932861328,252.58999633789062,252.9364013671875,2351450.0
2024-12-30 14:30:00-05:00,252.92999267578125,253.49989318847656,252.69000244140625,252.72000122070312,2668679.0
2024-12-30 15:30:00-05:00,252.72999572753906,253.0399932861328,252.0399932861328,252.1199951171875,3863755.0
2024-12-30 16:00:00-05:00,252.04,252.32,251.2043,251.713,0.0
2024-12-30 17:00:00-05:00,251.7323,252.4,251.713,252.26,0.0
2024-12-30 18:00:00-05:00,252.3,252.3,251.65,251.835,0.0
2024-12-31 04:00:00-05:00,252.0,252.93,251.81,252.93,0.0
2024-12-31 05:00:00-05:00,252.88,253.27,252.88,253.03,0.0
2024-12-31 06:00:00-05:00,253.0,253.41,252.71,252.94,0.0
2024-12-31 07:00:00-05:00,252.93,253.47,252.87,253.38,0.0
2024-12-31 08:00:00-05:00,253.32,253.48,251.5802,252.31,0.0
2024-12-31 09:00:00-05:00,252.56,253.035,251.01,252.435,0.0
2024-12-31 09:30:00-05:00,252.66000366210938,253.27999877929688,251.32000732421875,251.6876983642578,5118031.0
2024-12-31 10:30:00-05:00,251.69000244140625,252.139892578125,251.02499389648438,251.17999267578125,2379768.0
2024-12-31 11:30:00-05:00,251.17999267578125,251.5500030517578,250.64999389648438,250.71629333496094,1975317.0
2024-12-31 12:30:00-05:00,250.6999969482422,250.75999450683594,249.44000244140625,249.69000244140625,3894785.0
2024-12-31 13:30:00-05:00,249.69000244140625,250.26800537109375,249.52999877929688,249.77000427246094,2272071.0
2024-12-31 14:30:00-05:00,249.76499938964844,250.8800048828125,249.69000244140625,250.7700958251953,3376639.0
2024-12-31 15:30:00-05:00,250.77000427246094,251.0800018310547,249.5,250.3800048828125,7162976.0
2024-12-31 16:00:00-05:00,250.38,250.7888,250.11,250.465,0.0
2024-12-31 17:00:00-05:00,250.43,250.54,250.41,250.43,0.0
2024-12-31 18:00:00-05:00,250.4301,250.5,250.42,250.42,0.0
2025-01-02 04:00:00-05:00,251.25,251.98,250.98,251.69,0.0
2025-01-02 05:00:00-05:00,251.73,251.82,250.25,250.85,0.0
2025-01-02 06:00:00-05:00,250.8,250.91,250.24,250.32,0.0
2025-01-02 07:00:00-05:00,250.33,251.1,249.92,251.06,0.0
2025-01-02 08:00:00-05:00,251.01,251.79,249.8697,250.445,0.0
2025-01-02 09:00:00-05:00,250.41,252.4,248.18,248.95,0.0
2025-01-02 09:30:00-05:00,248.92999267578125,249.10000610351562,244.8000030517578,245.73989868164062,13501229.0
2025-01-02 10:30:00-05:00,245.6300048828125,245.8800048828125,244.16009521484375,244.89500427246094,6830782.0
2025-01-02 11:30:00-05:00,244.90989685058594,245.25,243.32000732421875,243.42860412597656,4384552.0
2025-01-02 12:30:00-05:00,243.41000366210938,243.41000366210938,242.30999755859375,242.6862030029297,6464462.0
2025-01-02 13:30:00-05:00,242.6699981689453,242.83999633789062,241.82009887695312,242.4884033203125,5547977.0
2025-01-02 14:30:00-05:00,242.47999572753906,243.44000244140625,241.87130737304688,243.23109436035156,5106418.0
2025-01-02 15:30:00-05:00,243.25,243.9499969482422,243.01019287109375,243.82000732421875,6023491.0
2025-01-02 16:00:00-05:00,243.8,254.55,243.44,243.625,0.0
2025-01-02 17:00:00-05:00,243.625,243.65,243.45,243.65,0.0
2025-01-02 18:00:00-05:00,243.64,243.65,243.11,243.18,0.0
2025-01-03 04:00:00-05:00,243.75,243.89,243.25,243.56,0.0
2025-01-03 05:00:00-05:00,243.5,243.66,243.15,243.5,0.0
2025-01-03 06:00:00-05:00,243.55,243.78,243.33,243.67,0.0
2025-01-03 07:00:00-05:00,243.67,244.66,243.28,243.38,0.0
2025-01-03 08:00:00-05:00,243.36,244.66,242.28,242.525,0.0
2025-01-03 09:00:00-05:00,242.535,246.86,242.245,243.4,0.0
2025-01-03 09:30:00-05:00,242.8802032470703,244.17999267578125,241.88999938964844,242.4597930908203,9135529.0
2025-01-03 10:30:00-05:00,242.4499969482422,243.67559814453125,242.13999938964844,243.49000549316406,4968036.0
2025-01-03 11:30:00-05:00,243.47999572753906,244.04859924316406,242.6699981689453,242.7707061767578,3673389.0
2025-01-03 12:30:00-05:00,242.77999877929688,243.16000366210938,242.27999877929688,243.00999450683594,3313371.0
2025-01-03 13:30:00-05:00,243.0,243.05999755859375,242.57000732421875,242.6699981689453,3130427.0
2025-01-03 14:30:00-05:00,242.66000366210938,243.44239807128906,242.63999938964844,242.85000610351562,3007142.0
2025-01-03 15:30:00-05:00,242.83999633789062,243.60000610351562,242.61000061035156,243.3000030517578,4381782.0
2025-01-03 16:00:00-05:00,243.3,243.8,242.8775,243.125,0.0
2025-01-03 17:00:00-05:00,243.125,243.36,243.05,243.15,0.0
2025-01-03 18:00:00-05:00,243.15,243.36,243.12,243.26,0.0
2025-01-06 04:00:00-05:00,244.05,245.28,243.98,244.96,0.0
2025-01-06 05:00:00-05:00,244.95,245.1,244.9,245.08,0.0
2025-01-06 06:00:00-05:00,245.04,245.22,244.82,245.18,0.0
2025-01-06 07:00:00-05:00,245.18,245.28,244.35,244.44,0.0
2025-01-06 08:00:00-05:00,244.44,245.3074,243.36,244.25,0.0
2025-01-06 09:00:00-05:00,244.22,245.13,242.675,244.36,0.0
2025-01-06 09:30:00-05:00,244.3300018310547,246.1826934814453,243.83999633789062,245.5500030517578,10577599.0
2025-01-06 10:30:00-05:00,245.5399932861328,247.3300018310547,245.3300018310547,246.74000549316406,5006800.0
2025-01-06 11:30:00-05:00,246.7550048828125,246.76100158691406,245.7012939453125,245.77000427246094,3354093.0
2025-01-06 12:30:00-05:00,245.75999450683594,245.8699951171875,244.47999572753906,245.02999877929688,3070077.0
2025-01-06 13:30:00-05:00,245.02999877929688,245.17999267578125,244.60000610351562,244.97999572753906,2065770.0
2025-01-06 14:30:00-05:00,244.97999572753906,245.1300048828125,244.4250030517578,244.89500427246094,2306175.0
2025-01-06 15:30:00-05:00,244.91000366210938,245.33999633789062,244.4199981689453,245.0,3773029.0
2025-01-06 16:00:00-05:00,245.0,245.02,244.6,244.675,0.0
2025-01-06 17:00:00-05:00,244.675,245.0,229.248,244.575,0.0
2025-01-06 18:00:00-05:00,244.575,244.8,244.575,244.75,0.0
2025-01-07 04:00:00-05:00,244.6,244.75,244.37,244.57,0.0
2025-01-07 05:00:00-05:00,244.54,244.66,244.1,244.6,0.0
2025-01-07 06:00:00-05:00,244.64,244.8,244.48,244.74,0.0
2025-01-07 07:00:00-05:00,244.8,244.8,241.68,242.16,0.0
2025-01-07 08:00:00-05:00,242.17,245.1188,241.7,242.2989,0.0
2025-01-07 09:00:00-05:00,242.27,247.115,242.17,242.69,0.0
2025-01-07 09:30:00-05:00,242.97999572753906,245.5500030517578,242.8300018310547,245.38890075683594,8173530.0
2025-01-07 10:30:00-05:00,245.13999938964844,245.32000732421875,243.7100067138672,243.77000427246094,4154915.0
2025-01-07 11:30:00-05:00,243.74000549316406,245.0,242.13819885253906,242.38999938964844,4446679.0
2025-01-07 12:30:00-05:00,242.39999389648438,243.4084014892578,241.36000061035156,243.15550231933594,3448950.0
2025-01-07 13:30:00-05:00,243.14999389648438,243.17999267578125,242.07009887695312,242.45799255371094,2577768.0
2025-01-07 14:30:00-05:00,242.4499969482422,242.49000549316406,241.75,242.00999450683594,2681979.0
2025-01-07 15:30:00-05:00,242.02000427246094,242.40499877929688,241.53900146484375,242.19000244140625,4772501.0
2025-01-07 16:00:00-05:00,242.21,242.36,242.03,242.165,0.0
2025-01-07 17:00:00-05:00,242.0942,243.0662,228.7977,242.135,0.0
2025-01-07 18:00:00-05:00,242.135,242.21,242.0,242.105,0.0
2025-01-08 04:00:00-05:00,242.51,242.75,242.14,242.62,0.0
2025-01-08 05:00:00-05:00,242.66,242.83,242.58,242.78,0.0
2025-01-08 06:00:00-05:00,242.8,242.94,242.0,242.02,0.0
2025-01-08 07:00:00-05:00,242.1,242.1,240.88,240.91,0.0
2025-01-08 08:00:00-05:00,240.95,243.2488,240.54,241.95,0.0
2025-01-08 09:00:00-05:00,242.1899,242.19,241.2,242.0,0.0
2025-01-08 09:30:00-05:00,241.97000122070312,242.86549377441406,240.0500030517578,242.40989685058594,7170550.0
2025-01-08 10:30:00-05:00,242.38999938964844,243.71229553222656,242.0850067138672,242.7100067138672,4154228.0
2025-01-08 11:30:00-05:00,242.72610473632812,243.5800018310547,241.24000549316406,241.3699951171875,3009958.0
2025-01-08 12:30:00-05:00,241.36000061035156,242.50869750976562,241.1999969482422,242.35000610351562,2612848.0
2025-01-08 13:30:00-05:00,242.35000610351562,242.97999572753906,241.04400634765625,242.7949981689453,2761227.0
2025-01-08 14:30:00-05:00,242.6999969482422,242.72000122070312,241.6999969482422,242.38400268554688,2452219.0
2025-01-08 15:30:00-05:00,242.3800048828125,242.98699951171875,241.8000030517578,242.72000122070312,3573432.0
2025-01-08 16:00:00-05:00,242.72,244.41,242.0795,242.4475,0.0
2025-01-08 17:00:00-05:00,242.47,258.4298,242.28,242.455,0.0
2025-01-08 18:00:00-05:00,242.455,242.7,242.15,242.375,0.0
2025-01-10 04:00:00-05:00,242.27,242.79,241.82,242.66,0.0
2025-01-10 05:00:00-05:00,242.68,242.68,242.4,242.4,0.0
2025-01-10 06:00:00-05:00,242.4,242.74,242.38,242.62,0.0
2025-01-10 07:00:00-05:00,242.67,242.67,242.02,242.02,0.0
2025-01-10 08:00:00-05:00,242.06,242.8097,241.9872,242.6,0.0
2025-01-10 09:00:00-05:00,242.5,250.42,239.29,240.0,0.0
2025-01-10 09:30:00-05:00,239.96499633789062,240.14999389648438,235.8000030517578,237.4250030517578,13137403.0
2025-01-10 10:30:00-05:00,237.4241943359375,237.43499755859375,233.5,233.77000427246094,8427975.0
2025-01-10 11:30:00-05:00,233.77000427246094,235.89999389648438,233.0,235.57000732421875,7179671.0
2025-01-10 12:30:00-05:00,235.5399932861328,237.33970642089844,235.06500244140625,237.11500549316406,3958571.0
2025-01-10 13:30:00-05:00,237.1199951171875,237.5850067138672,236.41000366210938,236.8300018310547,3175363.0
2025-01-10 14:30:00-05:00,236.83999633789062,236.8800048828125,235.75,235.9949951171875,3580665.0
2025-01-10 15:30:00-05:00,235.9949951171875,237.2899932861328,235.77000427246094,236.92999267578125,5097626.0
2025-01-10 16:00:00-05:00,236.85,237.45,236.71,237.2,0.0
2025-01-10 17:00:00-05:00,237.22,237.24,236.85,237.035,0.0
2025-01-10 18:00:00-05:00,237.07,237.14,236.85,237.05,0.0
2025-01-13 04:00:00-05:00,242.28,242.28,233.82,233.9,0.0
2025-01-13 05:00:00-05:00,233.9,234.29,233.76,234.16,0.0
2025-01-13 06:00:00-05:00,234.2,234.95,233.99,234.53,0.0
2025-01-13 07:00:00-05:00,234.3,234.58,233.38,233.75,0.0
2025-01-13 08:00:00-05:00,233.79,242.28,233.33,234.35,0.0
2025-01-13 09:00:00-05:00,234.28,239.775,232.65,233.65,0.0
2025-01-13 09:30:00-05:00,233.5,233.58999633789062,229.72000122070312,230.3800048828125,13314474.0
2025-01-13 10:30:00-05:00,230.3800048828125,231.8000030517578,230.22000122070312,230.72500610351562,5357189.0
2025-01-13 11:30:00-05:00,230.7324981689453,232.52999877929688,230.39999389648438,232.32000732421875,4160495.0
2025-01-13 12:30:00-05:00,232.2899932861328,233.43499755859375,231.97999572753906,233.3800048828125,2920622.0
2025-01-13 13:30:00-05:00,233.3800048828125,233.97000122070312,233.25,233.55999755859375,2678525.0
2025-01-13 14:30:00-05:00,233.5500030517578,234.1999969482422,233.3699951171875,233.6844024658203,3290938.0
2025-01-13 15:30:00-05:00,233.69000244140625,234.6699981689453,233.65499877929688,234.39999389648438,4579852.0
2025-01-13 16:00:00-05:00,234.4,235.0,232.292,234.525,0.0
2025-01-13 17:00:00-05:00,234.55,242.6295,228.5506,234.83,0.0
2025-01-13 18:00:00-05:00,234.8,235.55,232.15,235.325,0.0
2025-01-14 04:00:00-05:00,228.51,236.42,228.51,235.45,0.0
2025-01-14 05:00:00-05:00,235.45,235.8,235.33,235.35,0.0
2025-01-14 06:00:00-05:00,235.44,235.78,235.05,235.24,0.0
2025-01-14 07:00:00-05:00,235.3,235.31,234.51,235.07,0.0
2025-01-14 08:00:00-05:00,235.1,236.4457,228.51,234.17,0.0
2025-01-14 09:00:00-05:00,234.29,236.01,233.77,234.76,0.0
2025-01-14 09:30:00-05:00,234.75,236.1199951171875,234.25999450683594,235.61000061035156,6863540.0
2025-01-14 10:30:00-05:00,235.60000610351562,235.97000122070312,234.1300048828125,234.2100067138672,3836690.0
2025-01-14 11:30:00-05:00,234.19000244140625,234.47630310058594,232.84500122070312,233.3249969482422,3080840.0
2025-01-14 12:30:00-05:00,233.30999755859375,234.1199951171875,232.64999389648438,234.02020263671875,2179055.0
2025-01-14 13:30:00-05:00,234.0399932861328,234.9199981689453,233.72000122070312,234.25869750976562,2448410.0
2025-01-14 14:30:00-05:00,234.25,234.64999389648438,232.4720001220703,233.2949981689453,3619972.0
2025-01-14 15:30:00-05:00,233.27999877929688,233.44000244140625,232.5399932861328,233.27999877929688,4851942.0
2025-01-14 16:00:00-05:00,233.33,250.0154,219.5283,233.905,0.0
2025-01-14 17:00:00-05:00,233.905,234.2,233.28,233.56,0.0
2025-01-14 18:00:00-05:00,233.69,233.8,233.18,233.32,0.0
2025-01-15 04:00:00-05:00,233.53,233.98,233.53,233.73,0.0
2025-01-15 05:00:00-05:00,233.71,233.82,233.66,233.72,0.0
2025-01-15 06:00:00-05:00,233.77,234.29,233.77,234.15,0.0
2025-01-15 07:00:00-05:00,234.18,234.62,233.8,233.87,0.0
2025-01-15 08:00:00-05:00,233.87,234.6162,233.1312,233.2985,0.0
2025-01-15 09:00:00-05:00,233.59,236.63,233.46,234.68,0.0
2025-01-15 09:30:00-05:00,234.63999938964844,238.38999938964844,234.42999267578125,237.92010498046875,8599650.0
2025-01-15 10:30:00-05:00,237.9600067138672,238.5399932861328,237.30999755859375,237.40069580078125,3705014.0
2025-01-15 11:30:00-05:00,237.39999389648438,237.5800018310547,236.5023956298828,237.11990356445312,2959584.0
2025-01-15 12:30:00-05:00,237.11500549316406,237.74000549316406,236.97000122070312,237.52999877929688,2206504.0
2025-01-15 13:30:00-05:00,237.52000427246094,237.75999450683594,237.25999450683594,237.5601043701172,1908254.0
2025-01-15 14:30:00-05:00,237.5800018310547,238.03419494628906,237.52000427246094,237.62120056152344,2782086.0
2025-01-15 15:30:00-05:00,237.6199951171875,238.47000122070312,237.38999938964844,237.85000610351562,4684385.0
2025-01-15 16:00:00-05:00,237.84,238.13,237.7,237.965,0.0
2025-01-15 17:00:00-05:00,238.0,238.4,237.87,238.26,0.0
2025-01-15 18:00:00-05:00,238.155,238.48,238.0,238.345,0.0
2025-01-16 04:00:00-05:00,241.05,241.05,239.55,239.55,0.0
2025-01-16 05:00:00-05:00,239.64,239.66,238.88,239.59,0.0
2025-01-16 06:00:00-05:00,239.58,239.75,239.48,239.53,0.0
2025-01-16 07:00:00-05:00,239.58,239.61,238.88,238.96,0.0
2025-01-16 08:00:00-05:00,239.0,242.0988,237.87,238.75,0.0
2025-01-16 09:00:00-05:00,238.85,239.096,235.26,237.25,0.0
2025-01-16 09:30:00-05:00,237.49000549316406,238.00999450683594,232.71060180664062,232.8179931640625,10445774.0
2025-01-16 10:30:00-05:00,232.802001953125,233.02000427246094,230.16000366210938,230.5850067138672,11066513.0
2025-01-16 11:30:00-05:00,230.59950256347656,231.10000610351562,229.75,230.9199981689453,8412063.0
2025-01-16 12:30:00-05:00,230.9199981689453,231.1999969482422,229.07000732421875,229.19000244140625,6223224.0
2025-01-16 13:30:00-05:00,229.18499755859375,229.39999389648438,228.55999755859375,229.1750030517578,5844721.0
2025-01-16 14:30:00-05:00,229.1750030517578,230.068603515625,228.89999389648438,229.02499389648438,6469586.0
2025-01-16 15:30:00-05:00,229.00999450683594,229.2917938232422,228.02999877929688,228.24000549316406,9428473.0
2025-01-16 16:00:00-05:00,228.26,238.975,227.7,228.305,0.0
2025-01-16 17:00:00-05:00,228.28,228.3885,228.05,228.24,0.0
2025-01-16 18:00:00-05:00,228.2899,228.65,228.15,228.5,0.0
2025-01-17 04:00:00-05:00,229.07,229.72,229.0,229.5,0.0
2025-01-17 05:00:00-05:00,229.56,229.81,229.25,229.5,0.0
2025-01-17 06:00:00-05:00,229.39,229.94,229.0,229.9,0.0
2025-01-17 07:00:00-05:00,229.9,230.39,229.4,229.9,0.0
2025-01-17 08:00:00-05:00,229.94,230.56,228.2488,230.5491,0.0
2025-01-17 09:00:00-05:00,230.57,237.675,228.26,231.94,0.0
2025-01-17 09:30:00-05:00,231.30999755859375,232.2899932861328,229.72000122070312,230.38499450683594,25704386.0
2025-01-17 10:30:00-05:00,230.39999389648438,231.64999389648438,230.35000610351562,231.2812957763672,6641037.0
2025-01-17 11:30:00-05:00,231.2899932861328,231.32000732421875,229.49000549316406,230.25909423828125,5636022.0
2025-01-17 12:30:00-05:00,230.26499938964844,230.44000244140625,229.88999938964844,229.91000366210938,3639355.0
2025-01-17 13:30:00-05:00,229.9102020263672,229.9499969482422,228.47999572753906,229.17999267578125,4996598.0
2025-01-17 14:30:00-05:00,229.17999267578125,229.77000427246094,229.0800018310547,229.44009399414062,4408697.0
2025-01-17 15:30:00-05:00,229.44000244140625,230.02000427246094,229.22999572753906,229.99000549316406,5430152.0
2025-01-17 16:00:00-05:00,229.99,237.35,229.5,229.92,0.0
2025-01-17 17:00:00-05:00,229.91,230.05,216.7766,229.95,0.0
2025-01-17 18:00:00-05:00,229.93,229.96,229.24,229.835,0.0
2025-01-21 04:00:00-05:00,226.99,227.7,226.51,227.23,0.0
2025-01-21 05:00:00-05:00,227.23,227.5,226.62,227.49,0.0
2025-01-21 06:00:00-05:00,227.5,227.5,226.2,226.36,0.0
2025-01-21 07:00:00-05:00,226.4,226.56,224.8,225.39,0.0
2025-01-21 08:00:00-05:00,225.39,229.98,224.68,225.0997,0.0
2025-01-21 09:00:00-05:00,225.06,231.305,223.323,224.05,0.0
2025-01-21 09:30:00-05:00,224.0,224.4199981689453,220.8000030517578,221.77029418945312,25254424.0
2025-01-21 10:30:00-05:00,221.77499389648438,222.08999633789062,219.6999969482422,220.10780334472656,13429826.0
2025-01-21 11:30:00-05:00,220.08999633789062,220.77000427246094,219.3800048828125,220.36000061035156,9451785.0
2025-01-21 12:30:00-05:00,220.36000061035156,221.07000732421875,220.00999450683594,220.40499877929688,6315018.0
2025-01-21 13:30:00-05:00,220.40469360351562,221.69000244140625,220.3699951171875,221.60989379882812,6914968.0
2025-01-21 14:30:00-05:00,221.60499572753906,221.6699981689453,220.30999755859375,221.64990234375,7105466.0
2025-01-21 15:30:00-05:00,221.63999938964844,222.77999877929688,221.33999633789062,222.66000366210938,7242328.0
2025-01-21 16:00:00-05:00,222.66,223.4856,218.5633,221.85,0.0
2025-01-21 17:00:00-05:00,221.9,233.3021,218.0384,221.95,0.0
2025-01-21 18:00:00-05:00,221.9,222.64,221.27,221.91,0.0
2025-01-22 04:00:00-05:00,222.39,222.74,222.16,222.68,0.0
2025-01-22 05:00:00-05:00,222.68,222.68,221.87,222.46,0.0
2025-01-22 06:00:00-05:00,222.47,223.0,222.43,222.5,0.0
2025-01-22 07:00:00-05:00,222.53,222.76,221.84,222.07,0.0
2025-01-22 08:00:00-05:00,222.05,223.0,221.82,221.8797,0.0
2025-01-22 09:00:00-05:00,221.87,224.295,219.05,219.75,0.0
2025-01-22 09:30:00-05:00,219.94000244140625,223.35279846191406,219.8000030517578,221.63099670410156,16298662.0
2025-01-22 10:30:00-05:00,221.63499450683594,223.0800018310547,221.5500030517578,222.85980224609375,6740287.0
2025-01-22 11:30:00-05:00,222.85789489746094,222.92799377441406,221.6999969482422,222.56500244140625,5094747.0
2025-01-22 12:30:00-05:00,222.56500244140625,222.85000610351562,222.01499938964844,222.11570739746094,3954228.0
2025-01-22 13:30:00-05:00,222.1300048828125,222.86500549316406,221.91000366210938,222.74600219726562,3384532.0
2025-01-22 14:30:00-05:00,222.75,223.60000610351562,222.4199981689453,223.35000610351562,5606510.0
2025-01-22 15:30:00-05:00,223.36500549316406,223.97999572753906,223.05999755859375,223.77000427246094,5027611.0
2025-01-22 16:00:00-05:00,223.76,223.99,223.32,223.515,0.0
2025-01-22 17:00:00-05:00,223.53,258.4298,191.9203,223.375,0.0
2025-01-22 18:00:00-05:00,223.4,223.5,223.3,223.405,0.0
2025-01-23 04:00:00-05:00,222.84,223.05,222.24,222.81,0.0
2025-01-23 05:00:00-05:00,222.77,222.84,222.58,222.67,0.0
2025-01-23 06:00:00-05:00,222.72,223.18,222.55,223.11,0.0
2025-01-23 07:00:00-05:00,223.12,223.33,222.91,223.27,0.0
2025-01-23 08:00:00-05:00,223.269,224.55,222.1415,224.5,0.0
2025-01-23 09:00:00-05:00,224.45,227.75,220.015,224.73,0.0
2025-01-23 09:30:00-05:00,224.72999572753906,227.02999877929688,224.38949584960938,225.97000122070312,14316012.0
2025-01-23 10:30:00-05:00,225.96499633789062,226.3699951171875,224.3800048828125,225.1750030517578,6661602.0
2025-01-23 11:30:00-05:00,225.16000366210938,225.19500732421875,223.3856964111328,223.57000732421875,5267365.0
2025-01-23 12:30:00-05:00,223.56500244140625,223.77999877929688,223.19000244140625,223.5500030517578,5083443.0
2025-01-23 13:30:00-05:00,223.55999755859375,223.63499450683594,222.42999267578125,222.8000030517578,4117821.0
2025-01-23 14:30:00-05:00,222.80999755859375,223.1699981689453,222.5749969482422,222.8800048828125,4096781.0
2025-01-23 15:30:00-05:00,222.86500549316406,223.64999389648438,222.3000030517578,223.64999389648438,6903829.0
2025-01-23 16:00:00-05:00,223.65,223.9,223.0,223.3584,0.0
2025-01-23 17:00:00-05:00,223.345,234.0006,208.0994,223.455,0.0
2025-01-23 18:00:00-05:00,223.455,223.49,223.2188,223.33,0.0
2025-01-24 04:00:00-05:00,223.16,223.63,223.12,223.63,0.0
2025-01-24 05:00:00-05:00,223.61,224.36,223.43,223.84,0.0
2025-01-24 06:00:00-05:00,223.81,224.2,223.73,224.08,0.0
2025-01-24 07:00:00-05:00,224.04,225.5,224.04,225.29,0.0
2025-01-24 08:00:00-05:00,225.22,225.55,223.1157,225.52,0.0
2025-01-24 09:00:00-05:00,225.47,229.39,224.56,224.7799,0.0
2025-01-24 09:30:00-05:00,224.97500610351562,225.6300048828125,222.5301055908203,222.72999572753906,15246196.0
2025-01-24 10:30:00-05:00,222.73500061035156,223.3699951171875,222.35009765625,222.75999450683594,6090500.0
2025-01-24 11:30:00-05:00,222.77000427246094,223.49000549316406,222.13999938964844,222.27999877929688,5067407.0
2025-01-24 12:30:00-05:00,222.27999877929688,222.72450256347656,221.9499969482422,222.16000366210938,3586687.0
2025-01-24 13:30:00-05:00,222.13999938964844,222.5500030517578,221.9199981689453,222.3699951171875,2912495.0
2025-01-24 14:30:00-05:00,222.35000610351562,222.92999267578125,221.41000366210938,222.32000732421875,4686564.0
2025-01-24 15:30:00-05:00,222.31500244140625,223.0449981689453,222.1999969482422,222.7899932861328,5237044.0
2025-01-24 16:00:00-05:00,222.79,234.296,219.82,222.53,0.0
2025-01-24 17:00:00-05:00,222.56,222.78,222.23,222.3348,0.0
2025-01-24 18:00:00-05:00,222.4,222.47,222.01,222.195,0.0
2025-01-27 04:00:00-05:00,218.71,220.29,218.2,220.14,0.0
2025-01-27 05:00:00-05:00,220.06,220.97,219.67,220.71,0.0
2025-01-27 06:00:00-05:00,220.72,222.56,220.06,222.17,0.0
2025-01-27 07:00:00-05:00,222.13,222.77,220.88,221.45,0.0
2025-01-27 08:00:00-05:00,221.47,223.62,218.05,223.0334,0.0
2025-01-27 09:00:00-05:00,223.14,225.21,222.0,224.12,0.0
2025-01-27 09:30:00-05:00,224.02999877929688,227.6999969482422,224.0,227.29229736328125,22895716.0
2025-01-27 10:30:00-05:00,227.3000030517578,228.8300018310547,227.08999633789062,228.49380493164062,9565070.0
2025-01-27 11:30:00-05:00,228.47000122070312,230.13999938964844,228.17999267578125,230.08999633789062,8523755.0
2025-01-27 12:30:00-05:00,230.08999633789062,231.3800048828125,229.8105010986328,231.32000732421875,6766052.0
2025-01-27 13:30:00-05:00,231.3000030517578,232.14999389648438,230.99000549316406,232.02999877929688,7080439.0
2025-01-27 14:30:00-05:00,232.02999877929688,232.02999877929688,230.13999938964844,230.67999267578125,9415488.0
2025-01-27 15:30:00-05:00,230.6999969482422,231.3800048828125,228.47999572753906,229.94000244140625,10815158.0
2025-01-27 16:00:00-05:00,229.86,231.0,229.1,230.075,0.0
2025-01-27 17:00:00-05:00,230.03,230.08,215.4038,229.8,0.0
2025-01-27 18:00:00-05:00,229.72,230.01,228.49,229.68,0.0
2025-01-28 04:00:00-05:00,230.34,230.74,229.01,229.38,0.0
2025-01-28 05:00:00-05:00,229.23,230.54,228.52,230.45,0.0
2025-01-28 06:00:00-05:00,230.45,231.83,230.13,231.24,0.0
2025-01-28 07:00:00-05:00,231.25,231.44,229.48,230.06,0.0
2025-01-28 08:00:00-05:00,230.04,231.8205,228.5197,230.37,0.0
2025-01-28 09:00:00-05:00,230.37,230.96,222.495,230.91,0.0
2025-01-28 09:30:00-05:00,230.8800048828125,237.7899932861328,230.8800048828125,237.63999938964844,21113721.0
2025-01-28 10:30:00-05:00,237.64999389648438,239.4499969482422,237.6300048828125,239.0800018310547,12275716.0
2025-01-28 11:30:00-05:00,239.05999755859375,240.19000244140625,238.20010375976562,238.5500030517578,8384418.0
2025-01-28 12:30:00-05:00,238.5500030517578,239.24989318847656,238.23500061035156,238.74420166015625,3770424.0
2025-01-28 13:30:00-05:00,238.76800537109375,239.10000610351562,238.58999633789062,238.82000732421875,3369693.0
2025-01-28 14:30:00-05:00,238.82220458984375,239.47999572753906,238.30999755859375,238.83999633789062,4877201.0
2025-01-28 15:30:00-05:00,238.8800048828125,238.97999572753906,237.75999450683594,238.24000549316406,5143611.0
2025-01-28 16:00:00-05:00,238.24,250.0154,224.39,238.175,0.0
2025-01-28 17:00:00-05:00,238.1597,238.26,237.25,237.51,0.0
2025-01-28 18:00:00-05:00,237.5955,237.85,237.35,237.7,0.0
2025-01-29 04:00:00-05:00,237.81,238.42,237.23,237.34,0.0
2025-01-29 05:00:00-05:00,237.34,237.51,237.05,237.26,0.0
2025-01-29 06:00:00-05:00,237.25,237.56,237.02,237.18,0.0
2025-01-29 07:00:00-05:00,237.18,237.81,234.72,235.51,0.0
2025-01-29 08:00:00-05:00,235.45,239.56,232.98,233.91,0.0
2025-01-29 09:00:00-05:00,233.93,238.36,223.83,234.08,0.0
2025-01-29 09:30:00-05:00,235.0,237.1300048828125,234.52000427246094,236.8300018310547,11611110.0
2025-01-29 10:30:00-05:00,236.80999755859375,238.0,236.42999267578125,236.5157012939453,4857419.0
2025-01-29 11:30:00-05:00,236.52999877929688,237.22000122070312,236.1300048828125,236.86900329589844,4055486.0
2025-01-29 12:30:00-05:00,236.8699951171875,237.43499755859375,235.4600067138672,237.42999267578125,3400271.0
2025-01-29 13:30:00-05:00,237.4499969482422,237.66000366210938,236.30999755859375,236.44500732421875,2765958.0
2025-01-29 14:30:00-05:00,236.44000244140625,239.24000549316406,236.34500122070312,239.0500030517578,4886187.0
2025-01-29 15:30:00-05:00,239.05999755859375,239.85499572753906,238.72000122070312,239.35000610351562,5064524.0
2025-01-29 16:00:00-05:00,239.36,245.0,238.26,239.22,0.0
2025-01-29 17:00:00-05:00,239.235,239.25,238.37,238.75,0.0
2025-01-29 18:00:00-05:00,238.71,239.29,238.5,238.81,0.0
2025-01-30 04:00:00-05:00,239.73,239.89,239.24,239.24,0.0
2025-01-30 05:00:00-05:00,239.07,239.16,238.83,238.85,0.0
2025-01-30 06:00:00-05:00,238.84,239.6,238.79,239.53,0.0
2025-01-30 07:00:00-05:00,239.47,239.63,238.05,238.05,0.0
2025-01-30 08:00:00-05:00,238.05,240.0,223.23,238.72,0.0
2025-01-30 09:00:00-05:00,238.6,239.2,237.16,238.63,0.0
2025-01-30 09:30:00-05:00,238.6649932861328,240.7899932861328,238.08999633789062,238.4600067138672,8800925.0
2025-01-30 10:30:00-05:00,238.4600067138672,239.02999877929688,237.2100067138672,238.16000366210938,6211686.0
2025-01-30 11:30:00-05:00,238.1844024658203,238.8800048828125,237.80999755859375,238.02999877929688,3222220.0
2025-01-30 12:30:00-05:00,238.02999877929688,238.7686004638672,237.90499877929688,238.4499969482422,2683972.0
2025-01-30 13:30:00-05:00,238.44000244140625,239.6699981689453,238.44000244140625,239.25,3360211.0
2025-01-30 14:30:00-05:00,239.25,240.0500030517578,239.2100067138672,239.5800018310547,4799123.0
2025-01-30 15:30:00-05:00,239.5800018310547,239.85499572753906,237.24000549316406,237.55999755859375,6836079.0
2025-01-30 16:00:00-05:00,237.52,245.44,233.51,234.0,0.0
2025-01-30 17:00:00-05:00,233.998,248.4,232.97,245.005,0.0
2025-01-30 18:00:00-05:00,245.01,246.2,237.59,244.905,0.0
2025-01-31 04:00:00-05:00,245.02,245.89,244.28,245.76,0.0
2025-01-31 05:00:00-05:00,245.76,245.96,245.59,245.79,0.0
2025-01-31 06:00:00-05:00,245.81,246.45,245.1,245.94,0.0
2025-01-31 07:00:00-05:00,245.86,247.41,245.6,247.16,0.0
2025-01-31 08:00:00-05:00,247.16,248.23,237.59,247.99,0.0
2025-01-31 09:00:00-05:00,247.95,248.07,246.59,247.135,0.0
2025-01-31 09:30:00-05:00,247.0399932861328,247.19000244140625,240.5500030517578,240.943603515625,27334395.0
2025-01-31 10:30:00-05:00,240.90499877929688,241.42930603027344,238.58999633789062,238.94900512695312,10162823.0
2025-01-31 11:30:00-05:00,238.97000122070312,240.0500030517578,238.74000549316406,239.74000549316406,6222938.0
2025-01-31 12:30:00-05:00,239.75,239.80099487304688,236.22000122070312,236.4250030517578,7822078.0
2025-01-31 13:30:00-05:00,236.42999267578125,236.86000061035156,234.47000122070312,235.13499450683594,7380314.0
2025-01-31 14:30:00-05:00,235.15499877929688,235.2799072265625,233.44000244140625,234.2899932861328,7945570.0
2025-01-31 15:30:00-05:00,234.30999755859375,236.5,233.74000549316406,235.86000061035156,8379858.0
2025-01-31 16:00:00-05:00,235.89,238.875,234.95,235.25,0.0
2025-01-31 17:00:00-05:00,235.27,236.0,219.7322,235.235,0.0
2025-01-31 18:00:00-05:00,235.24,235.26,234.8,234.955,0.0
2025-02-03 04:00:00-05:00,231.8,231.96,231.0,231.24,0.0
2025-02-03 05:00:00-05:00,231.23,231.68,230.13,231.03,0.0
2025-02-03 06:00:00-05:00,231.05,231.99,231.05,231.61,0.0
2025-02-03 07:00:00-05:00,231.64,231.78,231.0,231.52,0.0
2025-02-03 08:00:00-05:00,231.52,236.0,228.51,231.46,0.0
2025-02-03 09:00:00-05:00,231.3235,248.05,228.6,230.0,0.0
2025-02-03 09:30:00-05:00,229.44000244140625,231.8300018310547,226.63499450683594,229.25999450683594,21198249.0
2025-02-03 10:30:00-05:00,229.25999450683594,229.8199005126953,226.0800018310547,226.4199981689453,10347971.0
2025-02-03 11:30:00-05:00,226.41000366210938,227.1300048828125,225.7100067138672,226.36990356445312,7067637.0
2025-02-03 12:30:00-05:00,226.36000061035156,227.07000732421875,225.9499969482422,226.89999389648438,4952072.0
2025-02-03 13:30:00-05:00,226.91000366210938,228.8477020263672,226.88999938964844,228.47000122070312,5283668.0
2025-02-03 14:30:00-05:00,228.47999572753906,229.2100067138672,228.32000732421875,228.5500946044922,4499030.0
2025-02-03 15:30:00-05:00,228.57000732421875,228.9698944091797,227.6300048828125,227.97999572753906,5648751.0
2025-02-03 16:00:00-05:00,227.91,229.5,218.5633,228.75,0.0
2025-02-03 17:00:00-05:00,228.75,229.27,218.0384,229.17,0.0
2025-02-03 18:00:00-05:00,229.17,229.2,228.01,229.055,0.0
2025-02-04 04:00:00-05:00,226.45,226.91,226.45,226.75,0.0
2025-02-04 05:00:00-05:00,226.75,227.39,226.54,227.28,0.0
2025-02-04 06:00:00-05:00,227.4,227.69,227.11,227.29,0.0
2025-02-04 07:00:00-05:00,227.31,227.36,226.43,226.7,0.0
2025-02-04 08:00:00-05:00,226.95,228.0,226.0512,227.105,0.0
2025-02-04 09:00:00-05:00,227.0,231.245,226.25,227.14,0.0
2025-02-04 09:30:00-05:00,227.1999969482422,230.41180419921875,226.64999389648438,230.3699951171875,11635605.0
2025-02-04 10:30:00-05:00,230.3800048828125,231.54879760742188,230.1199951171875,231.0500030517578,5363016.0
2025-02-04 11:30:00-05:00,231.05999755859375,232.7899932861328,231.0500030517578,231.77999877929688,5207796.0
2025-02-04 12:30:00-05:00,231.7899932861328,232.3800048828125,231.38999938964844,232.22000122070312,3095970.0
2025-02-04 13:30:00-05:00,232.22569274902344,232.36000061035156,231.3800048828125,232.13999938964844,2286596.0
2025-02-04 14:30:00-05:00,232.13999938964844,232.9499969482422,232.13499450683594,232.3090057373047,3344618.0
2025-02-04 15:30:00-05:00,232.2899932861328,233.1300048828125,232.02999877929688,232.7899932861328,3490884.0
2025-02-04 16:00:00-05:00,232.75,243.0662,232.0,232.465,0.0
2025-02-04 17:00:00-05:00,232.465,233.3021,228.7977,231.96,0.0
2025-02-04 18:00:00-05:00,231.805,232.7885,231.62,232.25,0.0
2025-02-05 04:00:00-05:00,227.65,227.65,225.24,226.71,0.0
2025-02-05 05:00:00-05:00,226.7,227.73,226.17,226.88,0.0
2025-02-05 06:00:00-05:00,226.83,226.9,225.89,226.33,0.0
2025-02-05 07:00:00-05:00,226.33,227.87,226.1,227.85,0.0
2025-02-05 08:00:00-05:00,227.85,232.8,225.9295,227.8,0.0
2025-02-05 09:00:00-05:00,227.88,232.8,227.41,228.53,0.0
2025-02-05 09:30:00-05:00,228.49000549316406,230.60000610351562,228.3000030517578,229.5,9950114.0
2025-02-05 10:30:00-05:00,229.50999450683594,230.19749450683594,228.8513946533203,230.08999633789062,3447904.0
2025-02-05 11:30:00-05:00,230.08999633789062,231.27999877929688,229.99000549316406,230.69000244140625,2916112.0
2025-02-05 12:30:00-05:00,230.67999267578125,230.75,229.6300048828125,229.91000366210938,2376195.0
2025-02-05 13:30:00-05:00,229.89999389648438,231.52999877929688,229.7100067138672,230.64869689941406,3043271.0
2025-02-05 14:30:00-05:00,230.63999938964844,231.8699951171875,230.5,231.7949981689453,2871834.0
2025-02-05 15:30:00-05:00,231.77999877929688,232.6699981689453,231.110107421875,232.4600067138672,3443025.0
2025-02-05 16:00:00-05:00,232.45,243.035,227.21,232.16,0.0
2025-02-05 17:00:00-05:00,232.16,232.47,231.7,232.0,0.0
2025-02-05 18:00:00-05:00,231.8,232.35,231.8,232.18,0.0
2025-02-06 04:00:00-05:00,232.67,232.67,231.94,232.02,0.0
2025-02-06 05:00:00-05:00,232.02,232.02,231.22,231.22,0.0
2025-02-06 06:00:00-05:00,231.22,231.66,231.22,231.4,0.0
2025-02-06 07:00:00-05:00,231.43,231.63,230.81,231.4,0.0
2025-02-06 08:00:00-05:00,231.44,232.82,230.74,231.6,0.0
2025-02-06 09:00:00-05:00,231.65,231.79,230.9,231.41,0.0
2025-02-06 09:30:00-05:00,231.33999633789062,233.8000030517578,230.779296875,231.5399932861328,6919081.0
2025-02-06 10:30:00-05:00,231.5850067138672,232.3256072998047,230.4250030517578,231.51499938964844,3599406.0
2025-02-06 11:30:00-05:00,231.50999450683594,231.63499450683594,230.89999389648438,231.3300018310547,2213517.0
2025-02-06 12:30:00-05:00,231.34500122070312,232.33999633789062,231.02999877929688,232.19000244140625,2393555.0
2025-02-06 13:30:00-05:00,232.19000244140625,233.11000061035156,232.0800018310547,232.8699951171875,1818718.0
2025-02-06 14:30:00-05:00,232.88999938964844,232.88999938964844,231.89500427246094,232.27999877929688,2205672.0
2025-02-06 15:30:00-05:00,232.2899932861328,233.27999877929688,231.92999267578125,233.22000122070312,3111368.0
2025-02-06 16:00:00-05:00,233.17,233.48,232.66,232.755,0.0
2025-02-06 17:00:00-05:00,232.6742,247.1389,232.0,232.18,0.0
2025-02-06 18:00:00-05:00,232.4,233.22,232.18,232.75,0.0
2025-02-07 04:00:00-05:00,232.91,233.16,232.68,232.71,0.0
2025-02-07 05:00:00-05:00,232.7,233.08,232.57,232.85,0.0
2025-02-07 06:00:00-05:00,232.84,232.89,232.7,232.76,0.0
2025-02-07 07:00:00-05:00,232.75,232.96,232.73,232.84,0.0
2025-02-07 08:00:00-05:00,232.84,233.4588,232.4012,232.84,0.0
2025-02-07 09:00:00-05:00,232.85,232.99,231.89,232.6,0.0
2025-02-07 09:30:00-05:00,232.51499938964844,234.0,229.8800048828125,230.38999938964844,7814805.0
2025-02-07 10:30:00-05:00,230.33999633789062,231.26800537109375,228.89999389648438,229.05499267578125,5664232.0
2025-02-07 11:30:00-05:00,229.0850067138672,229.4199981689453,228.19500732421875,228.40060424804688,3763438.0
2025-02-07 12:30:00-05:00,228.38999938964844,229.44000244140625,228.36329650878906,229.2989044189453,3721234.0
2025-02-07 13:30:00-05:00,229.2899932861328,229.5,227.8300018310547,227.8800048828125,2602577.0
2025-02-07 14:30:00-05:00,227.88999938964844,228.5800018310547,227.7899932861328,228.0,2965606.0
2025-02-07 15:30:00-05:00,227.99000549316406,228.14999389648438,227.25999450683594,227.7100067138672,5030649.0
2025-02-07 16:00:00-05:00,227.63,231.29,227.35,227.57,0.0
2025-02-07 17:00:00-05:00,227.57,227.6,217.1643,227.545,0.0
2025-02-07 18:00:00-05:00,227.59,227.63,227.25,227.275,0.0
2025-02-10 04:00:00-05:00,228.31,228.89,228.31,228.58,0.0
2025-02-10 05:00:00-05:00,228.53,228.67,228.32,228.66,0.0
2025-02-10 06:00:00-05:00,228.66,228.89,228.54,228.89,0.0
2025-02-10 07:00:00-05:00,228.89,229.29,228.74,228.91,0.0
2025-02-10 08:00:00-05:00,228.96,229.29,227.4488,229.14,0.0
2025-02-10 09:00:00-05:00,229.15,248.13,228.89,229.38,0.0
2025-02-10 09:30:00-05:00,229.57000732421875,230.5850067138672,228.8000030517578,229.86619567871094,6362641.0
2025-02-10 10:30:00-05:00,229.88999938964844,229.91160583496094,228.74000549316406,229.36000061035156,3755966.0
2025-02-10 11:30:00-05:00,229.3708038330078,229.38499450683594,228.23919677734375,228.470703125,2474012.0
2025-02-10 12:30:00-05:00,228.47000122070312,228.8800048828125,228.3699951171875,228.47000122070312,2457578.0
2025-02-10 13:30:00-05:00,228.48500061035156,229.03500366210938,228.40499877929688,228.6999053955078,1724663.0
2025-02-10 14:30:00-05:00,228.6999969482422,228.83999633789062,227.60000610351562,227.69000244140625,2971076.0
2025-02-10 15:30:00-05:00,227.69500732421875,227.8800048828125,227.1999969482422,227.63999938964844,3507517.0
2025-02-10 16:00:00-05:00,227.65,230.42,227.2,227.38,0.0
2025-02-10 17:00:00-05:00,227.439,227.65,215.4038,227.37,0.0
2025-02-10 18:00:00-05:00,227.35,227.44,226.75,226.83,0.0
2025-02-11 04:00:00-05:00,227.13,227.47,226.9,226.91,0.0
2025-02-11 05:00:00-05:00,226.9,226.98,226.6,226.82,0.0
2025-02-11 06:00:00-05:00,226.88,226.95,226.59,226.93,0.0
2025-02-11 07:00:00-05:00,226.94,227.1,226.51,226.51,0.0
2025-02-11 08:00:00-05:00,226.57,227.5488,226.2,226.275,0.0
2025-02-11 09:00:00-05:00,226.37,243.955,226.0,228.1379,0.0
2025-02-11 09:30:00-05:00,228.1999969482422,233.49000549316406,228.1300048828125,233.33999633789062,16450165.0
2025-02-11 10:30:00-05:00,233.32000732421875,234.7178955078125,232.82009887695312,234.64999389648438,7044159.0
2025-02-11 11:30:00-05:00,234.66000366210938,235.22999572753906,233.72169494628906,234.57229614257812,5739199.0
2025-02-11 12:30:00-05:00,234.58999633789062,234.625,233.25,233.5449981689453,3044227.0
2025-02-11 13:30:00-05:00,233.59609985351562,234.1898956298828,233.1300048828125,233.3699951171875,2813907.0
2025-02-11 14:30:00-05:00,233.3621063232422,233.9250030517578,232.89999389648438,233.1107940673828,3713179.0
2025-02-11 15:30:00-05:00,233.11000061035156,233.3000030517578,232.1699981689453,232.77000427246094,4614482.0
2025-02-11 16:00:00-05:00,232.77,242.6295,219.5283,232.81,0.0
2025-02-11 17:00:00-05:00,232.81,242.6295,232.55,232.6207,0.0
2025-02-11 18:00:00-05:00,232.6227,246.75,232.2,232.9,0.0
2025-02-12 04:00:00-05:00,232.57,232.91,232.35,232.48,0.0
2025-02-12 05:00:00-05:00,232.45,232.58,232.34,232.56,0.0
2025-02-12 06:00:00-05:00,232.56,232.87,232.5,232.84,0.0
2025-02-12 07:00:00-05:00,232.85,232.85,232.71,232.76,0.0
2025-02-12 08:00:00-05:00,232.76,233.11,232.3012,232.97,0.0
2025-02-12 09:00:00-05:00,232.98,234.93,228.33,231.0991,0.0
2025-02-12 09:30:00-05:00,231.27499389648438,234.0500030517578,230.67999267578125,233.60499572753906,11363398.0
2025-02-12 10:30:00-05:00,233.58120727539062,235.13999938964844,233.5800018310547,235.07000732421875,5460408.0
2025-02-12 11:30:00-05:00,235.07000732421875,235.66000366210938,234.72999572753906,235.2899932861328,3522413.0
2025-02-12 12:30:00-05:00,235.27330017089844,235.88999938964844,234.86000061035156,235.47999572753906,2818998.0
2025-02-12 13:30:00-05:00,235.47320556640625,236.4199981689453,235.32000732421875,236.2100067138672,3035921.0
2025-02-12 14:30:00-05:00,236.2100067138672,236.66000366210938,236.07000732421875,236.46499633789062,3343068.0
2025-02-12 15:30:00-05:00,236.4600067138672,236.9600067138672,235.91000366210938,236.88999938964844,4493778.0
2025-02-12 16:00:00-05:00,236.87,237.13,236.5,236.9,0.0
2025-02-12 17:00:00-05:00,236.87,236.95,236.52,236.79,0.0
2025-02-12 18:00:00-05:00,236.7713,237.0,236.75,236.87,0.0
2025-02-13 04:00:00-05:00,235.65,236.35,235.32,236.08,0.0
2025-02-13 05:00:00-05:00,236.07,236.33,235.67,235.81,0.0
2025-02-13 06:00:00-05:00,235.86,236.42,235.85,236.41,0.0
2025-02-13 07:00:00-05:00,236.39,236.41,235.65,235.99,0.0
2025-02-13 08:00:00-05:00,235.97,237.43,235.4038,236.2595,0.0
2025-02-13 09:00:00-05:00,236.3,237.46,229.74,236.94,0.0
2025-02-13 09:30:00-05:00,236.97500610351562,239.0,235.57000732421875,237.8800048828125,9839880.0
2025-02-13 10:30:00-05:00,237.89599609375,241.61000061035156,237.72999572753906,240.47999572753906,8943032.0
2025-02-13 11:30:00-05:00,240.49029541015625,240.83999633789062,239.82000732421875,240.34500122070312,3794251.0
2025-02-13 12:30:00-05:00,240.3498992919922,241.35000610351562,240.19000244140625,241.02999877929688,3188980.0
2025-02-13 13:30:00-05:00,241.0399932861328,242.07000732421875,240.52999877929688,241.7698974609375,3761997.0
2025-02-13 14:30:00-05:00,241.75010681152344,242.33990478515625,241.25999450683594,241.5449981689453,3704786.0
2025-02-13 15:30:00-05:00,241.5449981689453,241.7689971923828,241.00999450683594,241.52000427246094,4257382.0
2025-02-13 16:00:00-05:00,241.52,242.0,241.21,241.3199,0.0
2025-02-13 17:00:00-05:00,241.36,252.5918,241.09,241.29,0.0
2025-02-13 18:00:00-05:00,241.2,241.4975,241.18,241.3301,0.0
2025-02-14 04:00:00-05:00,241.87,241.94,241.02,241.33,0.0
2025-02-14 05:00:00-05:00,241.38,241.45,240.62,240.97,0.0
2025-02-14 06:00:00-05:00,240.99,241.64,240.68,241.01,0.0
2025-02-14 07:00:00-05:00,241.03,241.03,240.44,240.71,0.0
2025-02-14 08:00:00-05:00,240.77,242.35,240.44,240.78,0.0
2025-02-14 09:00:00-05:00,240.78,241.45,236.86,241.2999,0.0
2025-02-14 09:30:00-05:00,241.07000732421875,245.0500030517578,241.0,244.3800048828125,11286651.0
2025-02-14 10:30:00-05:00,244.3800048828125,244.3800048828125,243.16000366210938,243.94500732421875,4923421.0
2025-02-14 11:30:00-05:00,243.94000244140625,244.52999877929688,243.69000244140625,243.81520080566406,4178251.0
2025-02-14 12:30:00-05:00,243.8249969482422,244.30999755859375,243.33999633789062,243.99989318847656,2425988.0
2025-02-14 13:30:00-05:00,243.97999572753906,244.5399932861328,243.94000244140625,244.14999389648438,1978801.0
2025-02-14 14:30:00-05:00,244.139892578125,244.3699951171875,243.91009521484375,244.10000610351562,2427820.0
2025-02-14 15:30:00-05:00,244.0800018310547,245.41000366210938,243.91000366210938,244.57000732421875,4882408.0
2025-02-14 16:00:00-05:00,244.6,245.0,244.2976,244.81,0.0
2025-02-14 17:00:00-05:00,244.79,244.79,243.2133,244.41,0.0
2025-02-14 18:00:00-05:00,244.58,244.7925,244.25,244.51,0.0
2025-02-18 04:00:00-05:00,245.09,245.37,244.73,244.92,0.0
2025-02-18 05:00:00-05:00,244.93,244.96,244.8,244.93,0.0
2025-02-18 06:00:00-05:00,244.89,245.2,244.82,245.0,0.0
2025-02-18 07:00:00-05:00,244.97,245.0,244.64,244.75,0.0
2025-02-18 08:00:00-05:00,244.75,245.55,244.6,244.65,0.0
2025-02-18 09:00:00-05:00,244.67,244.84,241.375,244.1,0.0
2025-02-18 09:30:00-05:00,243.91000366210938,245.17999267578125,242.860107421875,244.0904998779297,10825110.0
2025-02-18 10:30:00-05:00,244.0800018310547,244.9698944091797,243.94000244140625,244.72999572753906,3159856.0
2025-02-18 11:30:00-05:00,244.72000122070312,245.0500030517578,244.17999267578125,244.42999267578125,3072601.0
2025-02-18 12:30:00-05:00,244.4499969482422,244.5,243.25,243.43499755859375,2653024.0
2025-02-18 13:30:00-05:00,243.42999267578125,243.48330688476562,241.83999633789062,243.05499267578125,3303217.0
2025-02-18 14:30:00-05:00,243.05499267578125,243.8350067138672,242.97999572753906,243.52000427246094,2923310.0
2025-02-18 15:30:00-05:00,243.52999877929688,244.60000610351562,243.14999389648438,244.47000122070312,4972578.0
2025-02-18 16:00:00-05:00,244.47,244.7463,244.11,244.53,0.0
2025-02-18 17:00:00-05:00,244.53,247.6583,228.7977,244.55,0.0
2025-02-18 18:00:00-05:00,244.69,244.99,244.68,244.9012,0.0
2025-02-19 04:00:00-05:00,245.04,245.06,244.57,244.72,0.0
2025-02-19 05:00:00-05:00,244.72,244.8,244.15,244.18,0.0
2025-02-19 06:00:00-05:00,244.18,244.25,244.0,244.12,0.0
2025-02-19 07:00:00-05:00,244.07,244.26,243.77,244.21,0.0
2025-02-19 08:00:00-05:00,244.26,245.1388,233.22,243.866,0.0
2025-02-19 09:00:00-05:00,243.9,244.72,243.77,244.72,0.0
2025-02-19 09:30:00-05:00,244.61000061035156,246.00999450683594,243.7899932861328,243.9398956298828,7953912.0
2025-02-19 10:30:00-05:00,243.92999267578125,244.49000549316406,243.160400390625,244.3957061767578,3875842.0
2025-02-19 11:30:00-05:00,244.38999938964844,245.65139770507812,244.02999877929688,245.14999389648438,3328518.0
2025-02-19 12:30:00-05:00,245.13999938964844,245.27999877929688,244.22999572753906,244.7100067138672,1965036.0
2025-02-19 13:30:00-05:00,244.71499633789062,245.1898956298828,244.22000122070312,244.9001007080078,2025071.0
2025-02-19 14:30:00-05:00,244.89999389648438,245.1699981689453,244.45010375976562,244.8800048828125,2676277.0
2025-02-19 15:30:00-05:00,244.8800048828125,245.089599609375,244.53500366210938,244.8800048828125,2963614.0
2025-02-19 16:00:00-05:00,244.852,245.04,243.675,244.58,0.0
2025-02-19 17:00:00-05:00,244.56,244.6,244.25,244.25,0.0
2025-02-19 18:00:00-05:00,244.37,244.98,244.3,244.72,0.0
2025-02-20 04:00:00-05:00,243.95,244.31,243.77,243.81,0.0
2025-02-20 05:00:00-05:00,243.77,244.15,243.77,244.05,0.0
2025-02-20 06:00:00-05:00,244.07,244.24,243.98,243.98,0.0
2025-02-20 07:00:00-05:00,243.95,244.23,243.8,244.23,0.0
2025-02-20 08:00:00-05:00,244.25,244.87,243.77,244.1,0.0
2025-02-20 09:00:00-05:00,244.1,245.0,243.5,244.98,0.0
2025-02-20 09:30:00-05:00,244.97000122070312,246.77999877929688,244.2899932861328,244.7449951171875,7059474.0
2025-02-20 10:30:00-05:00,244.74000549316406,246.6999969482422,244.58999633789062,246.13059997558594,4286584.0
2025-02-20 11:30:00-05:00,246.125,246.4600067138672,245.02999877929688,246.3800048828125,4072175.0
2025-02-20 12:30:00-05:00,246.3699951171875,246.41000366210938,245.16000366210938,245.44500732421875,2248069.0
2025-02-20 13:30:00-05:00,245.44000244140625,245.5800018310547,245.02000427246094,245.2550048828125,1791583.0
2025-02-20 14:30:00-05:00,245.25,245.75,244.85000610351562,245.6199951171875,2339026.0
2025-02-20 15:30:00-05:00,245.61000061035156,246.0,245.36000061035156,245.86000061035156,3152476.0
2025-02-20 16:00:00-05:00,245.86,245.86,245.6,245.72,0.0
2025-02-20 17:00:00-05:00,245.72,251.7307,234.0006,245.608,0.0
2025-02-20 18:00:00-05:00,245.65,245.83,245.5,245.7,0.0
2025-02-21 04:00:00-05:00,245.55,245.58,245.12,245.49,0.0
2025-02-21 05:00:00-05:00,245.49,245.49,245.25,245.3,0.0
2025-02-21 06:00:00-05:00,245.33,245.4,245.3,245.4,0.0
2025-02-21 07:00:00-05:00,245.4,245.71,245.36,245.71,0.0
2025-02-21 08:00:00-05:00,245.67,246.2,245.1343,245.84,0.0
2025-02-21 09:00:00-05:00,245.8885,246.77,244.84,246.07,0.0
2025-02-21 09:30:00-05:00,245.96499633789062,246.94000244140625,245.22000122070312,245.7899932861328,8207297.0
2025-02-21 10:30:00-05:00,245.77499389648438,247.4499969482422,245.22000122070312,247.1300048828125,5440754.0
2025-02-21 11:30:00-05:00,247.14500427246094,247.64999389648438,246.64999389648438,247.3699951171875,4700950.0
2025-02-21 12:30:00-05:00,247.3800048828125,248.69000244140625,247.10000610351562,247.44119262695312,6864397.0
2025-02-21 13:30:00-05:00,247.44509887695312,248.0767059326172,246.42999267578125,246.49000549316406,4986285.0
2025-02-21 14:30:00-05:00,246.5050048828125,246.82000732421875,245.39010620117188,245.8000030517578,7827784.0
2025-02-21 15:30:00-05:00,245.81500244140625,246.08999633789062,245.3300018310547,245.58999633789062,5597978.0
2025-02-21 16:00:00-05:00,245.59,246.1,245.3,245.3,0.0
2025-02-21 17:00:00-05:00,245.3,245.55,245.0,245.0855,0.0
2025-02-21 18:00:00-05:00,245.5,245.55,233.19,245.18,0.0
2025-02-24 04:00:00-05:00,245.29,245.44,245.0,245.25,0.0
2025-02-24 05:00:00-05:00,245.25,245.34,245.1,245.2,0.0
2025-02-24 06:00:00-05:00,245.27,245.29,241.55,242.36,0.0
2025-02-24 07:00:00-05:00,242.36,244.4,242.36,244.15,0.0
2025-02-24 08:00:00-05:00,244.18,245.99,241.5738,244.17,0.0
2025-02-24 09:00:00-05:00,244.17,245.955,243.07,245.0,0.0
2025-02-24 09:30:00-05:00,246.11500549316406,248.86000061035156,244.58999633789062,247.85000610351562,13193734.0
2025-02-24 10:30:00-05:00,247.85000610351562,247.9541015625,246.00999450683594,247.11019897460938,6815696.0
2025-02-24 11:30:00-05:00,247.1199951171875,248.32000732421875,247.1199951171875,247.7949981689453,3637316.0
2025-02-24 12:30:00-05:00,247.82000732421875,248.13999938964844,247.22000122070312,248.0500030517578,2550281.0
2025-02-24 13:30:00-05:00,248.0500030517578,248.8000030517578,247.6699981689453,248.66000366210938,4364229.0
2025-02-24 14:30:00-05:00,248.66000366210938,248.75,247.42999267578125,247.61000061035156,3655325.0
2025-02-24 15:30:00-05:00,247.59500122070312,247.7899932861328,246.82000732421875,247.22999572753906,4975763.0
2025-02-24 16:00:00-05:00,247.26,248.2,236.85,247.91,0.0
2025-02-24 17:00:00-05:00,247.891,251.2043,247.1,247.78,0.0
2025-02-24 18:00:00-05:00,247.78,248.05,247.4,247.55,0.0
2025-02-25 04:00:00-05:00,246.95,247.75,246.89,247.75,0.0
2025-02-25 05:00:00-05:00,247.76,247.76,246.51,246.69,0.0
2025-02-25 06:00:00-05:00,246.79,246.91,246.37,246.91,0.0
2025-02-25 07:00:00-05:00,246.85,247.81,246.64,247.52,0.0
2025-02-25 08:00:00-05:00,247.5,248.0,244.47,247.24,0.0
2025-02-25 09:00:00-05:00,247.39,248.0,246.61,247.94,0.0
2025-02-25 09:30:00-05:00,248.0,249.52000427246094,244.91000366210938,245.11000061035156,12543414.0
2025-02-25 10:30:00-05:00,245.1300048828125,246.8699951171875,244.91000366210938,246.52499389648438,4912736.0
2025-02-25 11:30:00-05:00,246.53500366210938,249.97999572753906,246.4300994873047,249.5800018310547,6711698.0
2025-02-25 12:30:00-05:00,249.5800018310547,249.6199951171875,247.72999572753906,247.97999572753906,3191684.0
2025-02-25 13:30:00-05:00,247.97000122070312,248.6199951171875,247.16000366210938,247.66810607910156,3236285.0
2025-02-25 14:30:00-05:00,247.63999938964844,248.58999633789062,247.5500030517578,247.72000122070312,3408426.0
2025-02-25 15:30:00-05:00,247.72500610351562,247.77000427246094,246.0449981689453,247.0500030517578,4291190.0
2025-02-25 16:00:00-05:00,247.05,247.65,244.875,246.08,0.0
2025-02-25 17:00:00-05:00,246.3899,250.0154,246.26,246.44,0.0
2025-02-25 18:00:00-05:00,246.44,246.67,246.34,246.42,0.0
2025-02-26 04:00:00-05:00,246.68,246.8,246.0,246.12,0.0
2025-02-26 05:00:00-05:00,246.13,246.36,245.63,245.73,0.0
2025-02-26 06:00:00-05:00,245.77,246.27,245.74,245.83,0.0
2025-02-26 07:00:00-05:00,245.76,246.4,245.57,246.33,0.0
2025-02-26 08:00:00-05:00,246.3,247.25,245.05,245.88,0.0
2025-02-26 09:00:00-05:00,245.9885,246.0,229.86,244.24,0.0
2025-02-26 09:30:00-05:00,244.3300018310547,244.97999572753906,241.4199981689453,243.47999572753906,11922325.0
2025-02-26 10:30:00-05:00,243.4949951171875,243.72000122070312,241.5800018310547,241.80999755859375,4844532.0
2025-02-26 11:30:00-05:00,241.8000030517578,243.88999938964844,241.75,243.1300048828125,3260739.0
2025-02-26 12:30:00-05:00,243.13999938964844,243.2899932861328,240.24000549316406,240.34030151367188,4011307.0
2025-02-26 13:30:00-05:00,240.33999633789062,240.38999938964844,239.1300048828125,239.82000732421875,4096351.0
2025-02-26 14:30:00-05:00,239.80999755859375,240.4499969482422,239.52999877929688,239.9499969482422,3160834.0
2025-02-26 15:30:00-05:00,239.9600067138672,240.7100067138672,239.68499755859375,240.30999755859375,4066395.0
2025-02-26 16:00:00-05:00,240.36,240.49,224.18,239.89,0.0
2025-02-26 17:00:00-05:00,239.85,240.5,239.79,240.2,0.0
2025-02-26 18:00:00-05:00,240.24,240.36,239.402,239.78,0.0
2025-02-27 04:00:00-05:00,240.87,241.72,240.6,241.37,0.0
2025-02-27 05:00:00-05:00,241.24,241.26,240.65,240.66,0.0
2025-02-27 06:00:00-05:00,240.65,240.66,240.17,240.19,0.0
2025-02-27 07:00:00-05:00,240.29,240.45,239.54,239.7,0.0
2025-02-27 08:00:00-05:00,239.85,241.5785,238.71,239.1,0.0
2025-02-27 09:00:00-05:00,239.07,244.81,238.59,239.6881,0.0
2025-02-27 09:30:00-05:00,239.34500122070312,242.27999877929688,238.47000122070312,241.375,11860928.0
2025-02-27 10:30:00-05:00,241.36000061035156,242.4600067138672,240.63999938964844,241.52000427246094,3314596.0
2025-02-27 11:30:00-05:00,241.52000427246094,241.78480529785156,239.5850067138672,241.05799865722656,2483584.0
2025-02-27 12:30:00-05:00,241.12969970703125,242.17999267578125,240.36000061035156,241.89999389648438,2123940.0
2025-02-27 13:30:00-05:00,241.92999267578125,242.0500030517578,240.52000427246094,240.6300048828125,2376630.0
2025-02-27 14:30:00-05:00,240.64500427246094,240.66000366210938,238.77029418945312,238.9199981689453,4411625.0
2025-02-27 15:30:00-05:00,238.9550018310547,239.3695068359375,237.10000610351562,237.3800048828125,5981830.0
2025-02-27 16:00:00-05:00,237.38,237.62,236.88,237.31,0.0
2025-02-27 17:00:00-05:00,237.388,237.44,236.75,237.0,0.0
2025-02-27 18:00:00-05:00,236.98,238.48,236.91,237.69,0.0
2025-02-28 04:00:00-05:00,237.48,238.13,237.25,237.81,0.0
2025-02-28 05:00:00-05:00,237.8,237.8,237.21,237.35,0.0
2025-02-28 06:00:00-05:00,237.32,237.93,237.3,237.93,0.0
2025-02-28 07:00:00-05:00,237.9,238.27,237.45,237.61,0.0
2025-02-28 08:00:00-05:00,237.52,238.29,237.02,237.66,0.0
2025-02-28 09:00:00-05:00,237.8,244.47,235.56,236.93,0.0
2025-02-28 09:30:00-05:00,236.9499969482422,237.8000030517578,234.50999450683594,237.59500122070312,9707088.0
2025-02-28 10:30:00-05:00,237.5800018310547,237.8300018310547,236.49000549316406,236.9199981689453,3856963.0
2025-02-28 11:30:00-05:00,236.8699951171875,237.75,236.5500030517578,237.60499572753906,2652791.0
2025-02-28 12:30:00-05:00,237.69000244140625,237.89999389648438,236.22999572753906,237.41000366210938,3253563.0
2025-02-28 13:30:00-05:00,237.40499877929688,238.3083038330078,237.00999450683594,237.9199981689453,3040911.0
2025-02-28 14:30:00-05:00,237.8800048828125,239.77999877929688,237.7003936767578,239.7100067138672,4607390.0
2025-02-28 15:30:00-05:00,239.69000244140625,242.08999633789062,238.80999755859375,241.83999633789062,7654870.0
2025-02-28 16:00:00-05:00,241.84,242.01,232.47,241.1015,0.0
2025-02-28 17:00:00-05:00,241.17,242.28,241.06,242.1,0.0
2025-02-28 18:00:00-05:00,242.1,242.25,241.8,242.0487,0.0
2025-03-03 04:00:00-05:00,241.42,241.8,241.13,241.65,0.0
2025-03-03 05:00:00-05:00,241.66,241.9,241.4,241.41,0.0
2025-03-03 06:00:00-05:00,241.43,241.6,241.4,241.5,0.0
2025-03-03 07:00:00-05:00,241.45,241.6,241.2,241.49,0.0
2025-03-03 08:00:00-05:00,241.56,242.32,241.2,241.2707,0.0
2025-03-03 09:00:00-05:00,241.3,242.18,235.795,241.7227,0.0
2025-03-03 09:30:00-05:00,241.7220001220703,244.02720642089844,239.8249969482422,241.48500061035156,10137001.0
2025-03-03 10:30:00-05:00,241.5,242.6300048828125,241.12669372558594,241.19000244140625,3962348.0
2025-03-03 11:30:00-05:00,241.22999572753906,242.5500030517578,240.6649932861328,242.5399932861328,2726862.0
2025-03-03 12:30:00-05:00,242.5399932861328,242.98680114746094,240.74000549316406,240.96499633789062,2892774.0
2025-03-03 13:30:00-05:00,241.02000427246094,241.8699951171875,240.44000244140625,241.15179443359375,3716220.0
2025-03-03 14:30:00-05:00,241.16000366210938,242.0,236.64999389648438,236.8892059326172,5255129.0
2025-03-03 15:30:00-05:00,236.8800048828125,238.55999755859375,236.11199951171875,238.13999938964844,6362960.0
2025-03-03 16:00:00-05:00,238.15,239.4,223.4856,239.202,0.0
2025-03-03 17:00:00-05:00,239.2,239.27,224.0301,238.58,0.0
2025-03-03 18:00:00-05:00,238.57,239.25,238.14,238.15,0.0
2025-03-04 04:00:00-05:00,238.74,239.24,238.62,239.0,0.0
2025-03-04 05:00:00-05:00,239.0,239.0,238.04,238.28,0.0
2025-03-04 06:00:00-05:00,238.28,238.38,237.76,238.35,0.0
2025-03-04 07:00:00-05:00,238.35,238.8,237.63,237.91,0.0
2025-03-04 08:00:00-05:00,237.87,239.84,236.7267,237.3,0.0
2025-03-04 09:00:00-05:00,237.4,241.975,236.0,238.0,0.0
2025-03-04 09:30:00-05:00,237.7050018310547,239.38999938964844,236.35000610351562,238.39999389648438,12574876.0
2025-03-04 10:30:00-05:00,238.39999389648438,239.80999755859375,237.64999389648438,238.6300048828125,6419558.0
2025-03-04 11:30:00-05:00,238.58999633789062,240.07000732421875,238.12890625,238.1649932861328,4617834.0
2025-03-04 12:30:00-05:00,238.11000061035156,238.17990112304688,236.16000366210938,236.75,4297681.0
2025-03-04 13:30:00-05:00,236.75,238.55999755859375,236.42999267578125,238.2888946533203,3524557.0
2025-03-04 14:30:00-05:00,238.2899932861328,239.24989318847656,237.9822998046875,238.69000244140625,4105168.0
2025-03-04 15:30:00-05:00,238.67999267578125,238.75,234.6999969482422,236.07000732421875,6470426.0
2025-03-04 16:00:00-05:00,235.882,237.61,224.4959,236.9995,0.0
2025-03-04 17:00:00-05:00,236.9,246.7935,224.4959,237.4899,0.0
2025-03-04 18:00:00-05:00,237.5,238.4988,237.22,237.94,0.0
2025-03-05 04:00:00-05:00,237.22,237.76,236.98,237.28,0.0
2025-03-05 05:00:00-05:00,237.35,237.64,236.92,237.03,0.0
2025-03-05 06:00:00-05:00,237.02,237.27,236.67,236.97,0.0
2025-03-05 07:00:00-05:00,236.89,237.08,236.23,236.79,0.0
2025-03-05 08:00:00-05:00,236.79,237.8,235.93,236.37,0.0
2025-03-05 09:00:00-05:00,236.3445,239.73,235.2005,235.34,0.0
2025-03-05 09:30:00-05:00,235.4949951171875,235.9499969482422,230.5500030517578,230.9199981689453,11396281.0
2025-03-05 10:30:00-05:00,230.94000244140625,233.1999969482422,230.13999938964844,230.6490020751953,4757085.0
2025-03-05 11:30:00-05:00,230.6199951171875,234.64999389648438,229.22999572753906,234.53990173339844,5831367.0
2025-03-05 12:30:00-05:00,234.5399932861328,235.5399932861328,234.0,234.67999267578125,3887648.0
2025-03-05 13:30:00-05:00,234.66529846191406,236.5500030517578,234.10000610351562,235.74749755859375,2837195.0
2025-03-05 14:30:00-05:00,235.8000030517578,236.47999572753906,235.14999389648438,236.0399932861328,3103634.0
2025-03-05 15:30:00-05:00,236.00999450683594,236.35000610351562,235.05999755859375,235.77000427246094,3864004.0
2025-03-05 16:00:00-05:00,235.77,250.5416,235.2,236.05,0.0
2025-03-05 17:00:00-05:00,236.07,236.36,235.74,236.15,0.0
2025-03-05 18:00:00-05:00,236.12,236.41,235.7,235.7,0.0
2025-03-06 04:00:00-05:00,234.25,235.39,234.07,234.58,0.0
2025-03-06 05:00:00-05:00,234.51,234.72,234.06,234.7,0.0
2025-03-06 06:00:00-05:00,234.52,234.56,234.11,234.44,0.0
2025-03-06 07:00:00-05:00,234.38,234.68,234.06,234.68,0.0
2025-03-06 08:00:00-05:00,234.7,236.09,233.28,233.54,0.0
2025-03-06 09:00:00-05:00,233.61,234.5,233.26,234.5,0.0
2025-03-06 09:30:00-05:00,234.43499755859375,237.16000366210938,233.5399932861328,236.47000122070312,8965074.0
2025-03-06 10:30:00-05:00,236.47000122070312,237.86000061035156,236.2449951171875,236.77999877929688,4326344.0
2025-03-06 11:30:00-05:00,236.74000549316406,237.33999633789062,234.0404052734375,234.4149932861328,4246957.0
2025-03-06 12:30:00-05:00,234.39999389648438,235.42999267578125,234.05999755859375,234.2949981689453,3660287.0
2025-03-06 13:30:00-05:00,234.30499267578125,235.1699981689453,233.39999389648438,233.69000244140625,4333970.0
2025-03-06 14:30:00-05:00,233.65499877929688,236.00999450683594,233.3300018310547,235.17999267578125,4926584.0
2025-03-06 15:30:00-05:00,235.1699981689453,235.75999450683594,234.4499969482422,235.32000732421875,4800803.0
2025-03-06 16:00:00-05:00,235.33,251.7307,225.7234,235.332,0.0
2025-03-06 17:00:00-05:00,235.332,235.4688,234.37,234.71,0.0
2025-03-06 18:00:00-05:00,234.63,234.88,234.63,234.88,0.0
2025-03-07 04:00:00-05:00,234.37,234.69,234.19,234.49,0.0
2025-03-07 05:00:00-05:00,234.51,234.77,234.44,234.66,0.0
2025-03-07 06:00:00-05:00,234.66,234.78,234.6,234.76,0.0
2025-03-07 07:00:00-05:00,234.61,234.95,234.6,234.65,0.0
2025-03-07 08:00:00-05:00,234.61,235.33,234.23,234.71,0.0
2025-03-07 09:00:00-05:00,234.71,236.0997,233.92,235.19,0.0
2025-03-07 09:30:00-05:00,235.10499572753906,239.42999267578125,234.75999450683594,238.30999755859375,8540305.0
2025-03-07 10:30:00-05:00,238.31500244140625,240.16000366210938,237.0301055908203,239.02000427246094,6445384.0
2025-03-07 11:30:00-05:00,239.0399932861328,239.69749450683594,237.86000061035156,239.2899932861328,6229746.0
2025-03-07 12:30:00-05:00,239.25999450683594,241.3699951171875,238.8000030517578,240.41439819335938,6264766.0
2025-03-07 13:30:00-05:00,240.4250030517578,240.91000366210938,238.57000732421875,239.64999389648438,4109056.0
2025-03-07 14:30:00-05:00,239.6649932861328,239.86000061035156,238.0800018310547,238.8114013671875,3265326.0
2025-03-07 15:30:00-05:00,238.8000030517578,239.77000427246094,237.94000244140625,239.07000732421875,4811911.0
2025-03-07 16:00:00-05:00,239.02,239.07,234.215,238.65,0.0
2025-03-07 17:00:00-05:00,238.64,239.07,238.32,238.43,0.0
2025-03-07 18:00:00-05:00,238.43,238.78,238.43,238.75,0.0
2025-03-10 05:00:00-04:00,236.02,236.1,235.64,235.99,0.0
2025-03-10 06:00:00-04:00,235.94,236.36,235.55,235.55,0.0
2025-03-10 07:00:00-04:00,235.62,236.16,235.42,235.92,0.0
2025-03-10 08:00:00-04:00,235.9,239.07,235.25,235.6525,0.0
2025-03-10 09:00:00-04:00,235.6508,236.7448,234.91,235.48,0.0
2025-03-10 09:30:00-04:00,235.47999572753906,236.16000366210938,228.52000427246094,228.5500030517578,15210592.0
2025-03-10 10:30:00-04:00,228.55499267578125,229.5,225.2899932861328,226.50869750976562,11879291.0
2025-03-10 11:30:00-04:00,226.52999877929688,227.2899932861328,224.22000122070312,225.47999572753906,6728298.0
2025-03-10 12:30:00-04:00,225.5399932861328,226.69000244140625,224.3249969482422,225.2100067138672,5441202.0
2025-03-10 13:30:00-04:00,225.24000549316406,226.97999572753906,224.8699951171875,226.5800018310547,5343177.0
2025-03-10 14:30:00-04:00,226.58999633789062,227.51499938964844,224.4208984375,226.9761962890625,7127512.0
2025-03-10 15:30:00-04:00,226.99000549316406,228.64999389648438,226.5,227.54100036621094,8057482.0
2025-03-10 16:00:00-04:00,227.48,227.48,226.61,226.78,0.0
2025-03-10 17:00:00-04:00,226.7006,226.78,210.3825,225.52,0.0
2025-03-10 18:00:00-04:00,225.94,227.48,225.01,226.29,0.0
2025-03-10 19:00:00-04:00,225.7635,226.36,224.4025,225.3616,0.0
2025-03-11 04:00:00-04:00,225.84,228.21,225.01,227.97,0.0
2025-03-11 05:00:00-04:00,227.94,227.95,226.69,227.34,0.0
2025-03-11 06:00:00-04:00,227.32,227.32,226.85,226.9,0.0
2025-03-11 07:00:00-04:00,226.9,226.9,226.3,226.72,0.0
2025-03-11 08:00:00-04:00,226.69,228.21,225.3512,226.2,0.0
2025-03-11 09:00:00-04:00,226.2,227.48,222.75,223.85,0.0
2025-03-11 09:30:00-04:00,223.8000030517578,225.83990478515625,220.00999450683594,222.52000427246094,17705238.0
2025-03-11 10:30:00-04:00,222.49000549316406,222.9499969482422,220.58999633789062,221.00320434570312,7838273.0
2025-03-11 11:30:00-04:00,220.97999572753906,221.74000549316406,218.5,218.5500030517578,8314282.0
2025-03-11 12:30:00-04:00,218.5399932861328,219.8800048828125,217.4499969482422,217.7550048828125,7268661.0
2025-03-11 13:30:00-04:00,217.72999572753906,220.97999572753906,217.67999267578125,220.5449981689453,6404020.0
2025-03-11 14:30:00-04:00,220.5500030517578,223.27999877929688,220.09019470214844,221.82020568847656,7110964.0
2025-03-11 15:30:00-04:00,221.82000732421875,222.0500030517578,220.5800018310547,220.72999572753906,6574063.0
2025-03-11 16:00:00-04:00,220.73,228.5506,212.3775,220.27,0.0
2025-03-11 17:00:00-04:00,220.4188,220.83,220.26,220.57,0.0
2025-03-11 18:00:00-04:00,220.56,221.39,220.25,221.05,0.0
2025-03-11 19:00:00-04:00,221.2082,221.39,220.5,221.0623,0.0
2025-03-12 04:00:00-04:00,220.3,220.71,219.5,219.5,0.0
2025-03-12 05:00:00-04:00,219.66,220.98,219.63,220.3,0.0
2025-03-12 06:00:00-04:00,220.3,220.49,220.06,220.08,0.0
2025-03-12 07:00:00-04:00,220.09,220.85,219.92,220.68,0.0
2025-03-12 08:00:00-04:00,220.76,221.42,219.5467,221.05,0.0
2025-03-12 09:00:00-04:00,221.04,222.48,220.0422,220.12,0.0
2025-03-12 09:30:00-04:00,220.17999267578125,221.75,218.8300018310547,218.9499969482422,13585830.0
2025-03-12 10:30:00-04:00,218.9499969482422,219.39999389648438,214.91000366210938,216.44500732421875,10732384.0
2025-03-12 11:30:00-04:00,216.47000122070312,218.61000061035156,216.3300018310547,218.3603973388672,5950460.0
2025-03-12 12:30:00-04:00,218.44500732421875,218.60000610351562,216.8800048828125,218.18980407714844,4501805.0
2025-03-12 13:30:00-04:00,218.1300048828125,218.22000122070312,215.92999267578125,216.11000061035156,5341362.0
2025-03-12 14:30:00-04:00,216.1199951171875,217.08990478515625,215.0500030517578,215.639892578125,6048770.0
2025-03-12 15:30:00-04:00,215.64999389648438,217.27000427246094,215.27999877929688,216.94000244140625,7314758.0
2025-03-12 16:00:00-04:00,216.98,217.4513,212.6948,217.1,0.0
2025-03-12 17:00:00-04:00,217.1,217.31,216.98,217.1247,0.0
2025-03-12 18:00:00-04:00,217.07,247.1,216.95,217.2,0.0
2025-03-12 19:00:00-04:00,217.2,217.53,217.0554,217.48,0.0
2025-03-13 04:00:00-04:00,215.82,215.85,215.13,215.68,0.0
2025-03-13 05:00:00-04:00,215.6,216.9,215.46,216.58,0.0
2025-03-13 06:00:00-04:00,216.59,216.98,216.44,216.88,0.0
2025-03-13 07:00:00-04:00,216.88,216.88,215.65,215.67,0.0
2025-03-13 08:00:00-04:00,215.76,216.98,215.0,215.9172,0.0
2025-03-13 09:00:00-04:00,216.05,216.75,215.06,215.9,0.0
2025-03-13 09:30:00-04:00,215.94000244140625,216.8394012451172,214.22000122070312,214.27999877929688,11543428.0
2025-03-13 10:30:00-04:00,214.3000030517578,214.82000732421875,213.6300048828125,214.0402069091797,6000675.0
2025-03-13 11:30:00-04:00,214.0449981689453,214.35000610351562,211.5500030517578,211.94000244140625,8062598.0
2025-03-13 12:30:00-04:00,211.93380737304688,212.92999267578125,210.69000244140625,211.15499877929688,5949778.0
2025-03-13 13:30:00-04:00,211.13999938964844,212.47000122070312,210.50010681152344,212.2899932861328,5034049.0
2025-03-13 14:30:00-04:00,212.28599548339844,212.4698944091797,210.36000061035156,210.6300048828125,5897570.0
2025-03-13 15:30:00-04:00,210.6699981689453,210.7100067138672,208.4199981689453,209.7100067138672,9508816.0
2025-03-13 16:00:00-04:00,209.71,264.1472,202.0051,209.85,0.0
2025-03-13 17:00:00-04:00,209.85,258.4298,209.68,209.92,0.0
2025-03-13 18:00:00-04:00,209.92,210.88,209.9,210.51,0.0
2025-03-13 19:00:00-04:00,210.5,210.69,209.68,210.2,0.0
2025-03-14 04:00:00-04:00,210.71,211.25,210.7,210.92,0.0
2025-03-14 05:00:00-04:00,210.89,210.93,210.62,210.79,0.0
2025-03-14 06:00:00-04:00,210.8,210.8,210.23,210.61,0.0
2025-03-14 07:00:00-04:00,210.57,211.08,210.36,211.05,0.0
2025-03-14 08:00:00-04:00,211.02,211.8,210.2012,211.03,0.0
2025-03-14 09:00:00-04:00,211.03,241.84,210.6,211.122,0.0
2025-03-14 09:30:00-04:00,211.25,213.42999267578125,209.5800018310547,210.3780975341797,14448242.0
2025-03-14 10:30:00-04:00,210.3800048828125,212.3800048828125,209.97999572753906,211.92999267578125,7229106.0
2025-03-14 11:30:00-04:00,211.92999267578125,213.94000244140625,211.91000366210938,212.23069763183594,5804814.0
2025-03-14 12:30:00-04:00,212.23500061035156,213.5,212.07229614257812,212.31500244140625,3579047.0
2025-03-14 13:30:00-04:00,212.30259704589844,212.6898956298828,210.75999450683594,211.2449951171875,6007354.0
2025-03-14 14:30:00-04:00,211.25,213.41099548339844,211.25,212.90530395507812,4621820.0
2025-03-14 15:30:00-04:00,212.8946075439453,213.89999389648438,212.7100067138672,213.3800048828125,6350358.0
2025-03-14 16:00:00-04:00,213.32,243.2133,206.977,213.25,0.0
2025-03-14 17:00:00-04:00,216.7766,216.7766,213.18,213.27,0.0
2025-03-14 18:00:00-04:00,213.2918,213.3,213.1205,213.28,0.0
2025-03-14 19:00:00-04:00,213.28,213.35,213.17,213.3499,0.0
2025-03-17 04:00:00-04:00,212.8,213.09,212.11,212.42,0.0
2025-03-17 05:00:00-04:00,212.53,212.68,212.1,212.16,0.0
2025-03-17 06:00:00-04:00,212.15,212.69,212.15,212.69,0.0
2025-03-17 07:00:00-04:00,212.58,213.18,212.48,213.03,0.0
2025-03-17 08:00:00-04:00,212.97,213.2,212.0112,213.1003,0.0
2025-03-17 09:00:00-04:00,213.1,214.22,213.03,213.19,0.0
2025-03-17 09:30:00-04:00,213.36000061035156,214.97000122070312,212.1699981689453,213.22470092773438,9570854.0
2025-03-17 10:30:00-04:00,213.22500610351562,213.25999450683594,210.46969604492188,210.75469970703125,5939423.0
2025-03-17 11:30:00-04:00,210.7550048828125,211.8000030517578,209.97999572753906,211.1999969482422,4387530.0
2025-03-17 12:30:00-04:00,211.2100067138672,212.3699951171875,211.08999633789062,212.33030700683594,3083388.0
2025-03-17 13:30:00-04:00,212.35499572753906,214.73019409179688,212.27999877929688,214.4550018310547,4126373.0
2025-03-17 14:30:00-04:00,214.4499969482422,214.7967987060547,214.07000732421875,214.68499755859375,3623892.0
2025-03-17 15:30:00-04:00,214.67999267578125,215.22000122070312,213.6699981689453,214.19000244140625,6930829.0
2025-03-17 16:00:00-04:00,214.0,214.3,213.6,213.99,0.0
2025-03-17 17:00:00-04:00,213.91,229.248,199.7357,213.79,0.0
2025-03-17 18:00:00-04:00,213.76,214.19,213.76,214.19,0.0
2025-03-17 19:00:00-04:00,214.0,214.1,213.72,213.93,0.0
2025-03-18 04:00:00-04:00,213.89,213.9,213.61,213.8,0.0
2025-03-18 05:00:00-04:00,213.84,213.91,213.71,213.85,0.0
2025-03-18 06:00:00-04:00,213.75,213.81,213.25,213.54,0.0
2025-03-18 07:00:00-04:00,213.57,214.0,213.45,213.59,0.0
2025-03-18 08:00:00-04:00,213.62,214.0,213.22,213.81,0.0
2025-03-18 09:00:00-04:00,213.7,214.2,212.85,214.17,0.0
2025-03-18 09:30:00-04:00,214.13999938964844,215.14999389648438,212.9499969482422,214.55140686035156,10203982.0
2025-03-18 10:30:00-04:00,214.5500030517578,214.88999938964844,212.64999389648438,213.3300018310547,4477342.0
2025-03-18 11:30:00-04:00,213.25,213.97999572753906,212.7899932861328,213.72000122070312,3176514.0
2025-03-18 12:30:00-04:00,213.6999969482422,213.7736053466797,211.49000549316406,212.2834014892578,4535545.0
2025-03-18 13:30:00-04:00,212.3000030517578,212.32000732421875,211.55979919433594,211.9949951171875,3006313.0
2025-03-18 14:30:00-04:00,212.0,212.65499877929688,211.810302734375,212.34500122070312,3435188.0
2025-03-18 15:30:00-04:00,212.34500122070312,213.25999450683594,212.30999755859375,212.7899932861328,4396249.0
2025-03-18 16:00:00-04:00,212.69,224.4959,210.214,212.92,0.0
2025-03-18 17:00:00-04:00,212.92,214.0,210.214,212.78,0.0
2025-03-18 18:00:00-04:00,212.98,213.0,212.3012,212.9,0.0
2025-03-18 19:00:00-04:00,212.9,213.0,212.6,212.93,0.0
2025-03-19 04:00:00-04:00,213.1,213.24,212.83,212.85,0.0
2025-03-19 05:00:00-04:00,213.02,213.29,212.75,213.19,0.0
2025-03-19 06:00:00-04:00,213.19,213.37,213.18,213.34,0.0
2025-03-19 07:00:00-04:00,213.35,213.43,213.25,213.3,0.0
2025-03-19 08:00:00-04:00,213.36,213.4588,212.4112,213.1619,0.0
2025-03-19 09:00:00-04:00,213.19,214.54,212.77,214.2,0.0
2025-03-19 09:30:00-04:00,214.22000122070312,218.75999450683594,213.91009521484375,217.14500427246094,11385869.0
2025-03-19 10:30:00-04:00,217.2100067138672,217.2198028564453,214.9600067138672,215.66900634765625,5115267.0
2025-03-19 11:30:00-04:00,215.69000244140625,216.75,215.17999267578125,215.3000030517578,3249560.0
2025-03-19 12:30:00-04:00,215.2899932861328,215.3300018310547,214.2899932861328,214.3800048828125,2801294.0
2025-03-19 13:30:00-04:00,214.39199829101562,215.04969787597656,213.75,214.27000427246094,4823378.0
2025-03-19 14:30:00-04:00,214.27000427246094,217.0590057373047,214.25,215.50990295410156,6058928.0
2025-03-19 15:30:00-04:00,215.5,215.67999267578125,214.47999572753906,215.3000030517578,5255712.0
2025-03-19 16:00:00-04:00,215.255,219.0465,215.21,215.39,0.0
2025-03-19 17:00:00-04:00,219.0465,219.0465,215.3,215.6,0.0
2025-03-19 18:00:00-04:00,215.39,215.87,215.22,215.75,0.0
2025-03-19 19:00:00-04:00,215.75,216.43,215.66,216.15,0.0
2025-03-20 04:00:00-04:00,216.3,216.46,215.74,216.19,0.0
2025-03-20 05:00:00-04:00,216.2,216.24,215.84,216.11,0.0
2025-03-20 06:00:00-04:00,216.01,216.01,213.64,214.13,0.0
2025-03-20 07:00:00-04:00,214.23,214.78,213.7,214.37,0.0
2025-03-20 08:00:00-04:00,214.37,216.6788,213.19,214.3117,0.0
2025-03-20 09:00:00-04:00,214.3,215.24,213.41,213.81,0.0
2025-03-20 09:30:00-04:00,213.99000549316406,217.48989868164062,212.89999389648438,216.9904022216797,7527757.0
2025-03-20 10:30:00-04:00,216.97999572753906,217.2949981689453,215.78759765625,215.91900634765625,4644755.0
2025-03-20 11:30:00-04:00,215.89999389648438,216.4600067138672,214.02000427246094,214.13999938964844,4337539.0
2025-03-20 12:30:00-04:00,214.13999938964844,214.50999450683594,213.0,213.22999572753906,5149763.0
2025-03-20 13:30:00-04:00,213.25999450683594,213.88999938964844,212.72999572753906,212.75999450683594,3180049.0
2025-03-20 14:30:00-04:00,212.77000427246094,213.39999389648438,212.22000122070312,212.68350219726562,4531064.0
2025-03-20 15:30:00-04:00,212.69000244140625,214.75999450683594,212.69000244140625,214.14999389648438,5352998.0
2025-03-20 16:00:00-04:00,214.1,214.39,212.64,214.06,0.0
2025-03-20 17:00:00-04:00,214.0616,214.15,199.6953,213.9,0.0
2025-03-20 18:00:00-04:00,213.91,247.04,213.7,213.85,0.0
2025-03-20 19:00:00-04:00,213.85,214.1,213.56,213.76,0.0
2025-03-21 04:00:00-04:00,213.84,213.96,213.06,213.07,0.0
2025-03-21 05:00:00-04:00,213.13,213.49,213.07,213.49,0.0
2025-03-21 06:00:00-04:00,213.64,213.88,213.56,213.72,0.0
2025-03-21 07:00:00-04:00,213.64,213.64,211.52,212.65,0.0
2025-03-21 08:00:00-04:00,212.68,214.2288,211.5,211.91,0.0
2025-03-21 09:00:00-04:00,211.91,214.1,209.21,211.55,0.0
2025-03-21 09:30:00-04:00,211.51499938964844,214.41000366210938,211.47000122070312,213.74000549316406,21249328.0
2025-03-21 10:30:00-04:00,213.7100067138672,214.83999633789062,213.2606964111328,213.44349670410156,7372592.0
2025-03-21 11:30:00-04:00,213.44000244140625,215.39999389648438,212.63999938964844,214.65499877929688,3813985.0
2025-03-21 12:30:00-04:00,214.6699981689453,215.47999572753906,214.48480224609375,214.6199951171875,3366634.0
2025-03-21 13:30:00-04:00,214.61000061035156,215.03900146484375,214.26010131835938,214.6699981689453,3091390.0
2025-03-21 14:30:00-04:00,214.6699981689453,215.3699951171875,214.63999938964844,215.30999755859375,4189003.0
2025-03-21 15:30:00-04:00,215.30999755859375,218.83999633789062,215.00999450683594,218.36000061035156,10148885.0
2025-03-21 16:00:00-04:00,218.35,218.44,217.27,217.7427,0.0
2025-03-21 17:00:00-04:00,217.75,218.27,217.35,217.59,0.0
2025-03-21 18:00:00-04:00,217.59,217.78,216.0665,217.72,0.0
2025-03-21 19:00:00-04:00,217.7475,218.27,217.6,217.8788,0.0
2025-03-24 04:00:00-04:00,219.49,220.61,219.26,220.17,0.0
2025-03-24 05:00:00-04:00,220.24,220.84,220.09,220.6,0.0
2025-03-24 06:00:00-04:00,220.63,220.77,220.33,220.36,0.0
2025-03-24 07:00:00-04:00,220.36,220.48,219.76,220.18,0.0
2025-03-24 08:00:00-04:00,220.16,220.8509,217.725,220.33,0.0
2025-03-24 09:00:00-04:00,220.33,221.23,218.27,221.0533,0.0
2025-03-24 09:30:00-04:00,221.0,221.02099609375,218.5800018310547,219.77000427246094,9344812.0
2025-03-24 10:30:00-04:00,219.80999755859375,220.69000244140625,219.02920532226562,219.15750122070312,4668518.0
2025-03-24 11:30:00-04:00,219.15499877929688,220.0500030517578,218.9600067138672,219.0,3264720.0
2025-03-24 12:30:00-04:00,219.01499938964844,219.5,218.82000732421875,219.2899932861328,3057015.0
2025-03-24 13:30:00-04:00,219.32000732421875,219.85000610351562,219.08999633789062,219.75999450683594,2530901.0
2025-03-24 14:30:00-04:00,219.77499389648438,220.47000122070312,219.46580505371094,219.77000427246094,4139018.0
2025-03-24 15:30:00-04:00,219.7899932861328,221.00999450683594,219.66000366210938,220.42999267578125,6001386.0
2025-03-24 16:00:00-04:00,220.38,220.85,209.744,220.72,0.0
2025-03-24 17:00:00-04:00,220.73,220.83,208.0994,220.7984,0.0
2025-03-24 18:00:00-04:00,220.7981,221.645,220.7,220.76,0.0
2025-03-24 19:00:00-04:00,220.76,220.9,220.7,220.75,0.0
2025-03-25 04:00:00-04:00,220.86,220.88,220.21,220.49,0.0
2025-03-25 05:00:00-04:00,220.39,220.49,220.05,220.22,0.0
2025-03-25 06:00:00-04:00,220.08,220.65,220.08,220.32,0.0
2025-03-25 07:00:00-04:00,220.5,220.98,220.5,220.75,0.0
2025-03-25 08:00:00-04:00,220.74,221.2387,220.0412,221.2,0.0
2025-03-25 09:00:00-04:00,221.24,221.62,220.51,220.6,0.0
2025-03-25 09:30:00-04:00,220.80999755859375,223.38999938964844,220.0800018310547,223.3699951171875,8242408.0
2025-03-25 10:30:00-04:00,223.3800048828125,223.89999389648438,222.3000030517578,223.52999877929688,4010970.0
2025-03-25 11:30:00-04:00,223.5399932861328,223.6999969482422,223.00999450683594,223.11000061035156,2236176.0
2025-03-25 12:30:00-04:00,223.10000610351562,223.6300048828125,220.72999572753906,222.80999755859375,2317900.0
2025-03-25 13:30:00-04:00,222.82699584960938,223.94900512695312,222.60000610351562,223.49000549316406,2529710.0
2025-03-25 14:30:00-04:00,223.5,223.7100067138672,222.78500366210938,223.4199981689453,3423322.0
2025-03-25 15:30:00-04:00,223.41000366210938,224.10000610351562,223.2899932861328,223.72999572753906,4310099.0
2025-03-25 16:00:00-04:00,223.75,223.88,212.3775,223.66,0.0
2025-03-25 17:00:00-04:00,223.8,223.98,223.7,223.93,0.0
2025-03-25 18:00:00-04:00,223.93,224.25,223.75,224.01,0.0
2025-03-25 19:00:00-04:00,224.0001,224.33,224.0,224.24,0.0
2025-03-26 04:00:00-04:00,224.18,224.4,223.48,223.81,0.0
2025-03-26 05:00:00-04:00,223.81,224.1,223.79,223.84,0.0
2025-03-26 06:00:00-04:00,223.84,223.94,223.7,223.83,0.0
2025-03-26 07:00:00-04:00,223.87,224.39,223.87,224.27,0.0
2025-03-26 08:00:00-04:00,224.29,224.46,212.4873,224.3,0.0
2025-03-26 09:00:00-04:00,224.3,238.065,213.2869,223.46,0.0
2025-03-26 09:30:00-04:00,223.50999450683594,225.02000427246094,222.83999633789062,224.07449340820312,8205828.0
2025-03-26 10:30:00-04:00,224.0850067138672,224.3155975341797,223.11000061035156,223.72000122070312,3253126.0
2025-03-26 11:30:00-04:00,223.7200927734375,223.89999389648438,222.1199951171875,223.6750030517578,3220107.0
2025-03-26 12:30:00-04:00,223.6750030517578,223.7899932861328,221.6300048828125,222.0800018310547,2855124.0
2025-03-26 13:30:00-04:00,222.0800018310547,222.22000122070312,221.4001007080078,221.8350067138672,2219567.0
2025-03-26 14:30:00-04:00,221.81500244140625,221.88499450683594,220.60000610351562,220.60000610351562,3054676.0
2025-03-26 15:30:00-04:00,220.61500549316406,221.8800048828125,220.47000122070312,221.39999389648438,4140037.0
2025-03-26 16:00:00-04:00,221.405,221.53,217.4513,221.31,0.0
2025-03-26 17:00:00-04:00,221.33,221.5,221.03,221.09,0.0
2025-03-26 18:00:00-04:00,221.04,221.53,220.51,220.75,0.0
2025-03-26 19:00:00-04:00,220.75,221.53,220.65,221.53,0.0
2025-03-27 04:00:00-04:00,221.1,221.14,220.47,220.9,0.0
2025-03-27 05:00:00-04:00,221.0,221.52,220.88,221.14,0.0
2025-03-27 06:00:00-04:00,221.17,221.48,220.99,220.99,0.0
2025-03-27 07:00:00-04:00,220.98,221.13,220.6,220.63,0.0
2025-03-27 08:00:00-04:00,220.69,222.21,220.53,221.01,0.0
2025-03-27 09:00:00-04:00,221.06,221.89,220.82,221.25,0.0
2025-03-27 09:30:00-04:00,221.3300018310547,222.10000610351562,220.5601043701172,221.64999389648438,5508724.0
2025-03-27 10:30:00-04:00,221.64999389648438,223.24000549316406,221.39999389648438,222.8000946044922,3784484.0
2025-03-27 11:30:00-04:00,222.8000030517578,223.75999450683594,222.56500244140625,223.19500732421875,2866958.0
2025-03-27 12:30:00-04:00,223.17999267578125,223.97999572753906,222.72000122070312,223.10499572753906,3509193.0
2025-03-27 13:30:00-04:00,223.0800018310547,224.55999755859375,223.0500030517578,224.3699951171875,3521517.0
2025-03-27 14:30:00-04:00,224.35000610351562,224.99000549316406,223.94500732421875,224.7899932861328,3376619.0
2025-03-27 15:30:00-04:00,224.8000030517578,224.99000549316406,223.6999969482422,223.92999267578125,5491814.0
2025-03-27 16:00:00-04:00,223.93,224.37,223.39,223.52,0.0
2025-03-27 17:00:00-04:00,223.52,239.143,223.38,223.45,0.0
2025-03-27 18:00:00-04:00,223.42,223.85,223.4,223.45,0.0
2025-03-27 19:00:00-04:00,223.45,223.52,223.2,223.46,0.0
2025-03-28 04:00:00-04:00,222.31,222.71,222.0,222.33,0.0
2025-03-28 05:00:00-04:00,222.18,222.38,222.02,222.15,0.0
2025-03-28 06:00:00-04:00,222.14,222.5,222.0,222.41,0.0
2025-03-28 07:00:00-04:00,222.31,222.59,222.03,222.14,0.0
2025-03-28 08:00:00-04:00,222.13,223.5,221.89,222.15,0.0
2025-03-28 09:00:00-04:00,222.06,223.85,215.8901,221.74,0.0
2025-03-28 09:30:00-04:00,221.6490020751953,223.8000030517578,219.69500732421875,219.91000366210938,8900229.0
2025-03-28 10:30:00-04:00,219.88999938964844,220.64999389648438,219.1699981689453,219.97999572753906,4819013.0
2025-03-28 11:30:00-04:00,219.89109802246094,220.22000122070312,218.35000610351562,218.69000244140625,3075097.0
2025-03-28 12:30:00-04:00,218.6699981689453,219.1199951171875,218.2100067138672,218.49000549316406,3059478.0
2025-03-28 13:30:00-04:00,218.5,219.16650390625,218.17999267578125,219.0500030517578,2307054.0
2025-03-28 14:30:00-04:00,219.0399932861328,219.14999389648438,218.1103973388672,218.50999450683594,3188030.0
2025-03-28 15:30:00-04:00,218.5,218.75,217.67999267578125,217.8800048828125,5319689.0
2025-03-28 16:00:00-04:00,217.85,223.85,206.977,217.42,0.0
2025-03-28 17:00:00-04:00,217.42,219.7322,212.3088,217.5,0.0
2025-03-28 18:00:00-04:00,217.5,217.9,217.4,217.5,0.0
2025-03-28 19:00:00-04:00,217.46,217.55,217.19,217.22,0.0
2025-03-31 04:00:00-04:00,216.24,216.85,215.55,215.62,0.0
2025-03-31 05:00:00-04:00,215.8,216.39,214.91,216.07,0.0
2025-03-31 06:00:00-04:00,216.06,216.59,215.82,216.51,0.0
2025-03-31 07:00:00-04:00,216.59,216.77,215.86,216.01,0.0
2025-03-31 08:00:00-04:00,216.07,217.9,215.14,216.59,0.0
2025-03-31 09:00:00-04:00,216.4999,217.31,215.53,217.2,0.0
2025-03-31 09:30:00-04:00,217.22000122070312,219.30999755859375,216.24000549316406,218.57000732421875,13611371.0
2025-03-31 10:30:00-04:00,218.61000061035156,220.0800018310547,218.3256072998047,219.1300048828125,5127759.0
2025-03-31 11:30:00-04:00,219.10000610351562,220.92999267578125,218.88519287109375,220.9199981689453,3710448.0
2025-03-31 12:30:00-04:00,220.89999389648438,221.02000427246094,219.38999938964844,219.8699951171875,2845575.0
2025-03-31 13:30:00-04:00,219.85000610351562,220.8800048828125,219.24169921875,220.7949981689453,2764885.0
2025-03-31 14:30:00-04:00,220.8000030517578,221.73500061035156,220.38999938964844,221.22500610351562,4172283.0
2025-03-31 15:30:00-04:00,221.2100067138672,224.97000122070312,220.99009704589844,221.9949951171875,11487559.0
2025-03-31 16:00:00-04:00,222.13,224.8201,221.46,221.7414,0.0
2025-03-31 17:00:00-04:00,221.78,229.248,218.0384,221.51,0.0
2025-03-31 18:00:00-04:00,221.53,222.13,220.5,221.4488,0.0
2025-03-31 19:00:00-04:00,221.25,221.7,221.01,221.1999,0.0
2025-04-01 04:00:00-04:00,221.54,221.55,220.38,221.33,0.0
2025-04-01 05:00:00-04:00,221.31,221.94,220.78,220.78,0.0
2025-04-01 06:00:00-04:00,220.87,221.18,219.85,219.97,0.0
2025-04-01 07:00:00-04:00,219.85,220.41,219.22,219.71,0.0
2025-04-01 08:00:00-04:00,219.74,222.13,219.249,219.61,0.0
2025-04-01 09:00:00-04:00,219.64,222.13,219.43,219.71,0.0
2025-04-01 09:30:00-04:00,219.80499267578125,223.38999938964844,218.89999389648438,221.5198974609375,9630525.0
2025-04-01 10:30:00-04:00,221.49000549316406,223.42999267578125,221.36000061035156,222.87989807128906,4197037.0
2025-04-01 11:30:00-04:00,222.86500549316406,223.13999938964844,222.14999389648438,222.52999877929688,2944555.0
2025-04-01 12:30:00-04:00,222.55499267578125,223.0800018310547,222.19000244140625,222.3385009765625,2079835.0
2025-04-01 13:30:00-04:00,222.3000030517578,222.77499389648438,221.4499969482422,221.5,2283252.0
2025-04-01 14:30:00-04:00,221.49000549316406,222.1199951171875,221.14999389648438,221.72999572753906,2520811.0
2025-04-01 15:30:00-04:00,221.7100067138672,223.49000549316406,221.57000732421875,223.13999938964844,4133846.0
2025-04-01 16:00:00-04:00,223.14,233.3021,210.214,223.03,0.0
2025-04-01 17:00:00-04:00,223.01,233.3021,210.214,223.2,0.0
2025-04-01 18:00:00-04:00,223.25,224.0,223.19,223.5396,0.0
2025-04-01 19:00:00-04:00,223.6588,223.66,223.25,223.41,0.0
2025-04-02 04:00:00-04:00,222.49,222.66,222.12,222.34,0.0
2025-04-02 05:00:00-04:00,222.35,222.63,222.18,222.34,0.0
2025-04-02 06:00:00-04:00,222.34,222.38,221.63,221.93,0.0
2025-04-02 07:00:00-04:00,222.0,222.55,221.73,222.43,0.0
2025-04-02 08:00:00-04:00,222.43,222.97,221.1,221.1,0.0
2025-04-02 09:00:00-04:00,221.11,221.76,220.6,221.17,0.0
2025-04-02 09:30:00-04:00,221.19000244140625,224.10850524902344,221.0500030517578,224.0399932861328,5984058.0
2025-04-02 10:30:00-04:00,224.02000427246094,224.71539306640625,223.4499969482422,224.47999572753906,3704510.0
2025-04-02 11:30:00-04:00,224.4499969482422,224.60000610351562,223.11000061035156,224.1300048828125,2694881.0
2025-04-02 12:30:00-04:00,224.1300048828125,225.19000244140625,223.19000244140625,224.72000122070312,3616264.0
2025-04-02 13:30:00-04:00,224.72000122070312,224.80999755859375,222.9199981689453,222.92999267578125,2445540.0
2025-04-02 14:30:00-04:00,222.9199981689453,223.9409942626953,222.8614044189453,223.66009521484375,2653899.0
2025-04-02 15:30:00-04:00,223.6699981689453,224.4600067138672,223.5,223.7899932861328,4054405.0
2025-04-02 16:00:00-04:00,223.89,225.52,211.28,212.77,0.0
2025-04-02 17:00:00-04:00,212.7,224.0301,208.3587,208.6989,0.0
2025-04-02 18:00:00-04:00,208.61,209.38,206.15,208.7487,0.0
2025-04-02 19:00:00-04:00,208.75,208.75,206.56,207.9098,0.0
2025-04-03 04:00:00-04:00,211.53,211.53,208.88,210.16,0.0
2025-04-03 05:00:00-04:00,210.14,210.22,207.68,207.79,0.0
2025-04-03 06:00:00-04:00,207.79,208.26,206.9,207.15,0.0
2025-04-03 07:00:00-04:00,207.2,208.68,206.66,207.49,0.0
2025-04-03 08:00:00-04:00,207.46,223.89,206.3,206.75,0.0
2025-04-03 09:00:00-04:00,206.75,207.5,204.8,205.52,0.0
2025-04-03 09:30:00-04:00,205.52000427246094,207.48989868164062,202.52000427246094,205.63499450683594,32868028.0
2025-04-03 10:30:00-04:00,205.63499450683594,206.47000122070312,203.3699951171875,204.0500030517578,11492280.0
2025-04-03 11:30:00-04:00,204.0500030517578,207.0399932861328,203.7042999267578,206.05999755859375,8453124.0
2025-04-03 12:30:00-04:00,206.10000610351562,206.3000030517578,203.84010314941406,204.0050048828125,5727160.0
2025-04-03 13:30:00-04:00,203.99000549316406,204.6051025390625,202.6999969482422,203.0,6326946.0
2025-04-03 14:30:00-04:00,202.98280334472656,203.52000427246094,202.13999938964844,202.1999969482422,9806166.0
2025-04-03 15:30:00-04:00,202.1999969482422,203.86000061035156,201.25,203.05999755859375,14152077.0
2025-04-03 16:00:00-04:00,203.03,212.64,202.73,203.51,0.0
2025-04-03 17:00:00-04:00,203.51,214.855,199.6953,203.7,0.0
2025-04-03 18:00:00-04:00,203.68,203.7,202.8,203.4,0.0
2025-04-03 19:00:00-04:00,203.4,203.7,203.0,203.25,0.0
2025-04-04 04:00:00-04:00,206.25,206.25,201.83,202.47,0.0
2025-04-04 05:00:00-04:00,202.4,202.47,200.75,200.85,0.0
2025-04-04 06:00:00-04:00,200.88,201.53,193.89,193.94,0.0
2025-04-04 07:00:00-04:00,193.99,196.8,190.33,191.01,0.0
2025-04-04 08:00:00-04:00,191.02,203.15,190.33,193.6,0.0
2025-04-04 09:00:00-04:00,193.8438,195.8,192.24,193.91,0.0
2025-04-04 09:30:00-04:00,193.9250030517578,199.8800048828125,192.8000030517578,195.27999877929688,32115307.0
2025-04-04 10:30:00-04:00,195.2949981689453,197.21170043945312,191.05999755859375,194.49000549316406,19673653.0
2025-04-04 11:30:00-04:00,194.46499633789062,196.0,192.25999450683594,192.80999755859375,9394432.0
2025-04-04 12:30:00-04:00,192.77999877929688,193.9761962890625,190.89999389648438,190.99000549316406,8256831.0
2025-04-04 13:30:00-04:00,190.97999572753906,192.57000732421875,188.83099365234375,188.8800048828125,12240537.0
2025-04-04 14:30:00-04:00,188.89999389648438,190.86880493164062,187.34500122070312,190.22999572753906,13768216.0
2025-04-04 15:30:00-04:00,190.2100067138672,191.72999572753906,188.05999755859375,188.3800048828125,14314697.0
2025-04-04 16:00:00-04:00,188.35,251.2043,187.24,187.9,0.0
2025-04-04 17:00:00-04:00,187.96,266.1547,186.263,187.7996,0.0
2025-04-04 18:00:00-04:00,187.8,187.99,187.2501,187.34,0.0
2025-04-04 19:00:00-04:00,187.3381,188.38,186.44,186.5893,0.0
2025-04-07 04:00:00-04:00,177.47,181.98,177.47,181.28,0.0
2025-04-07 05:00:00-04:00,181.27,181.9,179.53,180.55,0.0
2025-04-07 06:00:00-04:00,180.51,185.37,180.3,183.71,0.0
2025-04-07 07:00:00-04:00,183.71,186.41,181.19,182.32,0.0
2025-04-07 08:00:00-04:00,182.5,188.38,174.43,183.11,0.0
2025-04-07 09:00:00-04:00,182.98,184.0,175.68,177.21,0.0
2025-04-07 09:30:00-04:00,177.0,194.13999938964844,174.6199951171875,181.77000427246094,60689672.0
2025-04-07 10:30:00-04:00,181.67999267578125,185.93980407714844,175.6999969482422,176.36000061035156,21664542.0
2025-04-07 11:30:00-04:00,176.41000366210938,180.3300018310547,175.75,178.13999938964844,12923106.0
2025-04-07 12:30:00-04:00,178.10000610351562,181.72000122070312,177.10000610351562,181.5399932861328,10820708.0
2025-04-07 13:30:00-04:00,181.55499267578125,183.88999938964844,179.5,180.3350067138672,12360402.0
2025-04-07 14:30:00-04:00,180.33999633789062,182.3000030517578,178.2801055908203,178.42129516601562,12053848.0
2025-04-07 15:30:00-04:00,178.44000244140625,182.0,178.43499755859375,181.58999633789062,11790019.0
2025-04-07 16:00:00-04:00,181.52,229.248,180.8249,181.39,0.0
2025-04-07 17:00:00-04:00,181.48,229.248,181.2185,182.24,0.0
2025-04-07 18:00:00-04:00,182.3,217.9,182.0,183.4432,0.0
2025-04-07 19:00:00-04:00,183.43,183.77,181.46,182.61,0.0
2025-04-08 04:00:00-04:00,184.08,184.7,182.7,183.15,0.0
2025-04-08 05:00:00-04:00,183.19,184.99,183.19,184.27,0.0
2025-04-08 06:00:00-04:00,184.17,184.61,183.26,183.87,0.0
2025-04-08 07:00:00-04:00,183.74,184.31,182.64,183.65,0.0
2025-04-08 08:00:00-04:00,183.58,186.3488,176.96,185.84,0.0
2025-04-08 09:00:00-04:00,185.9,192.815,175.14,186.54,0.0
2025-04-08 09:30:00-04:00,186.72999572753906,190.3350067138672,185.10000610351562,189.3300018310547,25336677.0
2025-04-08 10:30:00-04:00,189.32000732421875,189.92999267578125,184.05999755859375,184.08999633789062,11822751.0
2025-04-08 11:30:00-04:00,184.07000732421875,185.5399932861328,182.2899932861328,183.3300018310547,7825256.0
2025-04-08 12:30:00-04:00,183.32000732421875,183.51499938964844,175.0,175.02999877929688,15712598.0
2025-04-08 13:30:00-04:00,175.02000427246094,178.60989379882812,174.85000610351562,175.3300018310547,11562913.0
2025-04-08 14:30:00-04:00,175.31219482421875,177.22999572753906,171.6300048828125,172.88999938964844,15040705.0
2025-04-08 15:30:00-04:00,172.8699951171875,173.44000244140625,169.21009826660156,172.77000427246094,16156814.0
2025-04-08 16:00:00-04:00,172.868,212.64,171.4441,175.0,0.0
2025-04-08 17:00:00-04:00,175.01,212.8457,172.58,172.99,0.0
2025-04-08 18:00:00-04:00,172.95,172.99,170.0,170.86,0.0
2025-04-08 19:00:00-04:00,170.86,171.0,169.1,169.45,0.0
2025-04-09 04:00:00-04:00,174.86,177.12,174.2,174.82,0.0
2025-04-09 05:00:00-04:00,174.77,176.44,173.0,175.12,0.0
2025-04-09 06:00:00-04:00,175.2,175.5,173.85,174.72,0.0
2025-04-09 07:00:00-04:00,174.62,177.13,168.53,171.31,0.0
2025-04-09 08:00:00-04:00,171.33,188.422,168.03,169.3,0.0
2025-04-09 09:00:00-04:00,169.3166,174.24,168.5601,171.95,0.0
2025-04-09 09:30:00-04:00,172.1790008544922,179.4199981689453,171.88999938964844,178.41180419921875,32288949.0
2025-04-09 10:30:00-04:00,178.50999450683594,180.4199981689453,176.8300018310547,179.7550048828125,15996521.0
2025-04-09 11:30:00-04:00,179.75,181.07000732421875,177.75,179.58999633789062,11721052.0
2025-04-09 12:30:00-04:00,179.57989501953125,194.49000549316406,179.24000549316406,188.52499389648438,19036631.0
2025-04-09 13:30:00-04:00,188.50999450683594,194.86990356445312,188.1300048828125,190.8000030517578,27276269.0
2025-04-09 14:30:00-04:00,190.7899932861328,198.97999572753906,183.8699951171875,196.05999755859375,30349699.0
2025-04-09 15:30:00-04:00,196.0,200.61000061035156,195.91000366210938,198.85000610351562,20947383.0
2025-04-09 16:00:00-04:00,198.89,217.4513,197.1,198.5,0.0
2025-04-09 17:00:00-04:00,198.41,212.6948,196.44,196.75,0.0
2025-04-09 18:00:00-04:00,196.7,198.85,196.31,197.45,0.0
2025-04-09 19:00:00-04:00,197.35,198.85,196.56,197.7118,0.0
2025-04-10 04:00:00-04:00,194.22,195.26,193.58,194.16,0.0
2025-04-10 05:00:00-04:00,194.15,194.2,191.13,192.63,0.0
2025-04-10 06:00:00-04:00,192.66,194.75,192.66,194.12,0.0
2025-04-10 07:00:00-04:00,194.02,194.74,192.3,193.26,0.0
2025-04-10 08:00:00-04:00,193.33,197.01,191.1526,191.89,0.0
2025-04-10 09:00:00-04:00,191.85,193.62,188.73,188.99,0.0
2025-04-10 09:30:00-04:00,189.1649932861328,194.7799072265625,189.0,192.14500427246094,25783702.0
2025-04-10 10:30:00-04:00,192.22000122070312,193.57000732421875,188.69000244140625,188.8592071533203,10331960.0
2025-04-10 11:30:00-04:00,188.85499572753906,189.22999572753906,183.0,184.27000427246094,16399003.0
2025-04-10 12:30:00-04:00,184.26499938964844,189.89999389648438,184.1750030517578,188.00999450683594,13927222.0
2025-04-10 13:30:00-04:00,187.97000122070312,192.0,186.0,191.75999450683594,14336457.0
2025-04-10 14:30:00-04:00,191.75,192.8000030517578,189.02000427246094,189.98500061035156,10246898.0
2025-04-10 15:30:00-04:00,190.0,192.43499755859375,187.8300018310547,190.44000244140625,10417028.0
2025-04-10 16:00:00-04:00,190.545,210.3825,172.02,190.6997,0.0
2025-04-10 17:00:00-04:00,190.63,235.24,177.42,190.36,0.0
2025-04-10 18:00:00-04:00,190.42,191.5,190.25,191.08,0.0
2025-04-10 19:00:00-04:00,191.08,191.2,189.0,189.2,0.0
2025-04-11 04:00:00-04:00,191.89,192.0,189.55,189.95,0.0
2025-04-11 05:00:00-04:00,189.97,190.16,188.3,189.59,0.0
2025-04-11 06:00:00-04:00,189.62,192.41,189.58,192.16,0.0
2025-04-11 07:00:00-04:00,192.04,192.84,190.21,190.82,0.0
2025-04-11 08:00:00-04:00,190.81,194.83,188.57,190.1,0.0
2025-04-11 09:00:00-04:00,190.07,192.47,184.47,186.17,0.0
2025-04-11 09:30:00-04:00,186.17999267578125,193.25,186.05999755859375,189.92999267578125,17210427.0
2025-04-11 10:30:00-04:00,189.94000244140625,194.1999969482422,189.63999938964844,193.32000732421875,9778670.0
2025-04-11 11:30:00-04:00,193.2899932861328,197.6699981689453,192.87860107421875,195.80099487304688,11426289.0
2025-04-11 12:30:00-04:00,195.82000732421875,199.35000610351562,195.80999755859375,196.83070373535156,10272519.0
2025-04-11 13:30:00-04:00,196.8524932861328,199.5399932861328,196.03790283203125,197.5800018310547,8204023.0
2025-04-11 14:30:00-04:00,197.60000610351562,198.9438934326172,197.40179443359375,198.3419952392578,6229743.0
2025-04-11 15:30:00-04:00,198.35000610351562,199.0,197.54139709472656,198.02000427246094,9619486.0
2025-04-11 16:00:00-04:00,198.02,222.3216,138.0645,198.01,0.0
2025-04-11 17:00:00-04:00,198.05,219.7322,138.0645,197.69,0.0
2025-04-11 18:00:00-04:00,197.72,197.74,195.82,196.75,0.0
2025-04-11 19:00:00-04:00,196.75,197.0,196.5,196.92,0.0
2025-04-14 04:00:00-04:00,203.39,210.75,203.39,209.33,0.0
2025-04-14 05:00:00-04:00,209.33,209.86,207.64,207.75,0.0
2025-04-14 06:00:00-04:00,207.7,208.54,207.05,207.83,0.0
2025-04-14 07:00:00-04:00,207.88,209.91,206.75,209.43,0.0
2025-04-14 08:00:00-04:00,209.46,211.9,198.843,210.9198,0.0
2025-04-14 09:00:00-04:00,210.88,212.7,198.4723,211.401,0.0
2025-04-14 09:30:00-04:00,211.44000244140625,212.94000244140625,204.61000061035156,204.75,38852582.0
2025-04-14 10:30:00-04:00,204.8000030517578,206.1999053955078,203.41000366210938,203.60000610351562,11826668.0
2025-04-14 11:30:00-04:00,203.64999389648438,204.3800048828125,201.16209411621094,201.75,11801459.0
2025-04-14 12:30:00-04:00,201.72999572753906,204.97850036621094,201.5850067138672,203.86399841308594,8024983.0
2025-04-14 13:30:00-04:00,203.88499450683594,205.80999755859375,203.42999267578125,205.7899932861328,6209694.0
2025-04-14 14:30:00-04:00,205.7899932861328,206.66000366210938,205.38999938964844,205.7100067138672,6862210.0
2025-04-14 15:30:00-04:00,205.72000122070312,205.89999389648438,202.32000732421875,202.58999633789062,8409251.0
2025-04-14 16:00:00-04:00,202.59,206.5,187.985,202.151,0.0
2025-04-14 17:00:00-04:00,202.15,202.34,201.6,201.865,0.0
2025-04-14 18:00:00-04:00,201.75,201.87,200.72,201.05,0.0
2025-04-14 19:00:00-04:00,201.05,201.44,200.7,200.95,0.0
2025-04-15 04:00:00-04:00,203.64,203.65,202.69,203.02,0.0
2025-04-15 05:00:00-04:00,203.11,203.49,202.73,203.39,0.0
2025-04-15 06:00:00-04:00,203.32,203.49,202.93,203.07,0.0
2025-04-15 07:00:00-04:00,203.07,203.07,201.0,201.48,0.0
2025-04-15 08:00:00-04:00,201.5,204.0,198.5496,200.0,0.0
2025-04-15 09:00:00-04:00,200.03,202.08,199.83,201.76,0.0
2025-04-15 09:30:00-04:00,201.85499572753906,203.5050048828125,199.82000732421875,200.8000030517578,13453371.0
2025-04-15 10:30:00-04:00,200.7899932861328,203.08999633789062,200.68600463867188,202.11500549316406,6103100.0
2025-04-15 11:30:00-04:00,202.13999938964844,203.35000610351562,201.9600067138672,203.0399932861328,3730153.0
2025-04-15 12:30:00-04:00,203.0500030517578,203.28399658203125,201.11500549316406,201.60440063476562,3893654.0
2025-04-15 13:30:00-04:00,201.5850067138672,202.7769012451172,201.30499267578125,201.76499938964844,4045655.0
2025-04-15 14:30:00-04:00,201.71499633789062,203.2899932861328,201.63999938964844,202.8000030517578,4048783.0
2025-04-15 15:30:00-04:00,202.8300018310547,202.95899963378906,201.9199981689453,202.1300048828125,4398627.0
2025-04-15 16:00:00-04:00,202.06,210.535,202.0,202.18,0.0
2025-04-15 17:00:00-04:00,202.18,210.214,191.625,200.31,0.0
2025-04-15 18:00:00-04:00,200.5,200.7,172.42,199.94,0.0
2025-04-15 19:00:00-04:00,200.0,200.29,199.0,199.8,0.0
2025-04-16 04:00:00-04:00,198.42,200.0,196.95,199.31,0.0
2025-04-16 05:00:00-04:00,199.38,202.46,199.38,200.72,0.0
2025-04-16 06:00:00-04:00,200.64,200.67,199.81,200.33,0.0
2025-04-16 07:00:00-04:00,200.34,200.65,199.86,200.53,0.0
2025-04-16 08:00:00-04:00,200.53,202.205,197.2,200.1999,0.0
2025-04-16 09:00:00-04:00,200.1,202.85,197.84,198.37,0.0
2025-04-16 09:30:00-04:00,198.36000061035156,200.6999969482422,196.02000427246094,197.07000732421875,13937138.0
2025-04-16 10:30:00-04:00,197.05999755859375,198.98849487304688,196.80999755859375,198.35009765625,6372057.0
2025-04-16 11:30:00-04:00,198.375,198.39999389648438,196.3905029296875,196.91000366210938,4368116.0
2025-04-16 12:30:00-04:00,196.91000366210938,197.9199981689453,196.64999389648438,197.75999450683594,3351617.0
2025-04-16 13:30:00-04:00,197.75999450683594,197.80999755859375,193.9199981689453,194.55499267578125,7922500.0
2025-04-16 14:30:00-04:00,194.5399932861328,194.64370727539062,192.3699951171875,192.57000732421875,5831097.0
2025-04-16 15:30:00-04:00,192.5800018310547,194.86349487304688,192.57000732421875,194.3000030517578,7049437.0
2025-04-16 16:00:00-04:00,194.3,202.0365,193.73,194.45,0.0
2025-04-16 17:00:00-04:00,194.45,223.19,194.27,194.89,0.0
2025-04-16 18:00:00-04:00,194.76,195.19,194.27,194.995,0.0
2025-04-16 19:00:00-04:00,194.98,195.19,194.41,194.9,0.0
2025-04-17 04:00:00-04:00,196.26,197.02,196.26,196.69,0.0
2025-04-17 05:00:00-04:00,196.69,197.13,196.1,196.35,0.0
2025-04-17 06:00:00-04:00,196.42,196.69,196.08,196.46,0.0
2025-04-17 07:00:00-04:00,196.47,196.5,195.2,195.84,0.0
2025-04-17 08:00:00-04:00,195.95,212.9632,195.2,196.78,0.0
2025-04-17 09:00:00-04:00,196.78,197.5,195.8,197.01,0.0
2025-04-17 09:30:00-04:00,197.14999389648438,197.1999969482422,194.63999938964844,195.63999938964844,11995068.0
2025-04-17 10:30:00-04:00,195.69000244140625,197.09500122070312,194.4199981689453,196.0399932861328,6835084.0
2025-04-17 11:30:00-04:00,196.02999877929688,198.0500030517578,195.9886932373047,197.80499267578125,4703332.0
2025-04-17 12:30:00-04:00,197.8260040283203,198.57000732421875,196.67999267578125,196.6999969482422,4953563.0
2025-04-17 13:30:00-04:00,196.7100067138672,198.83349609375,196.6699981689453,198.27999877929688,3858649.0
2025-04-17 14:30:00-04:00,198.2899932861328,198.66000366210938,196.8699951171875,197.24220275878906,4857368.0
2025-04-17 15:30:00-04:00,197.25,197.6999969482422,195.82000732421875,196.8699951171875,4510991.0
2025-04-17 16:00:00-04:00,196.98,198.0,196.93,197.32,0.0
2025-04-17 17:00:00-04:00,197.59,199.6953,196.98,197.54,0.0
2025-04-17 18:00:00-04:00,197.4,197.55,197.0,197.15,0.0
2025-04-17 19:00:00-04:00,197.15,197.4,196.98,197.25,0.0
2025-04-21 04:00:00-04:00,194.96,195.71,194.3,194.53,0.0
2025-04-21 05:00:00-04:00,194.48,194.74,193.4,193.86,0.0
2025-04-21 06:00:00-04:00,193.86,194.5,193.8,194.12,0.0
2025-04-21 07:00:00-04:00,194.2,194.5,192.38,192.86,0.0
2025-04-21 08:00:00-04:00,192.98,195.9787,191.65,192.0,0.0
2025-04-21 09:00:00-04:00,191.96,213.19,191.52,193.35,0.0
2025-04-21 09:30:00-04:00,193.35000610351562,193.75999450683594,191.36000061035156,192.1199951171875,8862849.0
2025-04-21 10:30:00-04:00,192.11000061035156,192.49000549316406,190.60499572753906,190.73500061035156,4480370.0
2025-04-21 11:30:00-04:00,190.72000122070312,191.32000732421875,189.8112030029297,191.1300048828125,4469110.0
2025-04-21 12:30:00-04:00,191.1199951171875,191.75,190.13999938964844,190.61399841308594,3331629.0
2025-04-21 13:30:00-04:00,190.58999633789062,191.0,190.24000549316406,190.82000732421875,2848270.0
2025-04-21 14:30:00-04:00,190.81500244140625,191.3800048828125,190.1999969482422,191.10499572753906,3470291.0
2025-04-21 15:30:00-04:00,191.08999633789062,193.4199981689453,191.0500030517578,193.08999633789062,5337999.0
2025-04-21 16:00:00-04:00,193.03,201.7418,180.6242,193.02,0.0
2025-04-21 17:00:00-04:00,193.08,202.4032,186.263,192.9,0.0
2025-04-21 18:00:00-04:00,193.05,193.16,192.3,192.82,0.0
2025-04-21 19:00:00-04:00,192.7,194.0,192.6,193.7075,0.0
2025-04-22 04:00:00-04:00,194.67,195.44,194.46,195.09,0.0
2025-04-22 05:00:00-04:00,195.06,195.62,195.06,195.5,0.0
2025-04-22 06:00:00-04:00,195.5,195.52,194.92,194.94,0.0
2025-04-22 07:00:00-04:00,194.96,195.24,194.55,194.77,0.0
2025-04-22 08:00:00-04:00,194.91,195.7688,193.16,194.69,0.0
2025-04-22 09:00:00-04:00,194.69,196.289,187.595,196.0,0.0
2025-04-22 09:30:00-04:00,196.07000732421875,198.94000244140625,196.0,198.11000061035156,8343567.0
2025-04-22 10:30:00-04:00,198.1199951171875,199.5500030517578,197.6699981689453,198.8300018310547,5200594.0
2025-04-22 11:30:00-04:00,198.8300018310547,201.5500030517578,197.86000061035156,201.3800048828125,6986542.0
2025-04-22 12:30:00-04:00,201.4001007080078,201.52999877929688,198.32029724121094,198.5399932861328,6210265.0
2025-04-22 13:30:00-04:00,198.51620483398438,200.00999450683594,198.10240173339844,199.8917999267578,3865378.0
2025-04-22 14:30:00-04:00,199.8800048828125,200.5,198.55999755859375,198.6201934814453,6982874.0
2025-04-22 15:30:00-04:00,198.625,199.88999938964844,198.0,199.66000366210938,5543168.0
2025-04-22 16:00:00-04:00,199.54,212.3775,186.25,199.83,0.0
2025-04-22 17:00:00-04:00,199.8,205.0,172.42,204.95,0.0
2025-04-22 18:00:00-04:00,204.9012,205.75,203.4,205.31,0.0
2025-04-22 19:00:00-04:00,205.37,205.75,199.74,205.05,0.0
2025-04-23 04:00:00-04:00,204.62,205.43,204.35,204.88,0.0
2025-04-23 05:00:00-04:00,204.91,205.77,204.91,205.3,0.0
2025-04-23 06:00:00-04:00,205.36,205.68,204.69,205.58,0.0
2025-04-23 07:00:00-04:00,205.6,206.7,205.57,205.9,0.0
2025-04-23 08:00:00-04:00,205.9,206.728,204.13,206.0998,0.0
2025-04-23 09:00:00-04:00,206.0,207.1488,180.0,206.0,0.0
2025-04-23 09:30:00-04:00,206.0,208.0,204.63009643554688,206.80499267578125,15154970.0
2025-04-23 10:30:00-04:00,206.80999755859375,207.9499969482422,204.05999755859375,204.6300048828125,7451699.0
2025-04-23 11:30:00-04:00,204.625,205.41000366210938,202.7989959716797,204.11000061035156,5789475.0
2025-04-23 12:30:00-04:00,204.13999938964844,205.44000244140625,203.51840209960938,204.9499969482422,3150358.0
2025-04-23 13:30:00-04:00,205.0,205.64999389648438,204.22000122070312,204.48240661621094,3056243.0
2025-04-23 14:30:00-04:00,204.47000122070312,205.1699981689453,203.6566925048828,204.00999450683594,3587154.0
2025-04-23 15:30:00-04:00,204.03089904785156,205.75,203.61000061035156,204.36000061035156,5424069.0
2025-04-23 16:00:00-04:00,204.32,217.4513,194.27,204.4,0.0
2025-04-23 17:00:00-04:00,204.35,204.75,203.93,204.0001,0.0
2025-04-23 18:00:00-04:00,204.09,204.6,203.33,203.9452,0.0
2025-04-23 19:00:00-04:00,203.94,204.48,203.62,204.4598,0.0
2025-04-24 04:00:00-04:00,202.79,203.25,201.83,201.85,0.0
2025-04-24 05:00:00-04:00,201.88,202.41,201.68,202.32,0.0
2025-04-24 06:00:00-04:00,202.3,202.67,202.07,202.43,0.0
2025-04-24 07:00:00-04:00,202.53,204.45,202.53,203.68,0.0
2025-04-24 08:00:00-04:00,203.61,204.48,201.68,203.888,0.0
2025-04-24 09:00:00-04:00,204.09,205.2,203.74,204.95,0.0
2025-04-24 09:30:00-04:00,204.88499450683594,206.35000610351562,202.94000244140625,206.32000732421875,8437662.0
2025-04-24 10:30:00-04:00,206.2899932861328,206.66000366210938,205.2200927734375,205.9250030517578,4262818.0
2025-04-24 11:30:00-04:00,205.88499450683594,206.75,205.58009338378906,206.2899932861328,4462199.0
2025-04-24 12:30:00-04:00,206.2899932861328,207.02999877929688,205.82000732421875,206.90499877929688,2541750.0
2025-04-24 13:30:00-04:00,206.9199981689453,207.7899932861328,206.5500030517578,207.28900146484375,2687289.0
2025-04-24 14:30:00-04:00,207.3000030517578,208.10000610351562,207.02999877929688,207.09010314941406,3837311.0
2025-04-24 15:30:00-04:00,207.11000061035156,208.82989501953125,207.08999633789062,208.1999969482422,5785557.0
2025-04-24 16:00:00-04:00,208.21,222.7932,202.0051,208.689,0.0
2025-04-24 17:00:00-04:00,208.54,221.3281,208.54,208.69,0.0
2025-04-24 18:00:00-04:00,208.6,246.75,207.52,208.1,0.0
2025-04-24 19:00:00-04:00,208.13,208.57,207.5,207.91,0.0
2025-04-25 04:00:00-04:00,208.01,208.38,207.71,208.0,0.0
2025-04-25 05:00:00-04:00,208.0,208.21,207.16,207.76,0.0
2025-04-25 06:00:00-04:00,207.76,207.83,206.3,206.42,0.0
2025-04-25 07:00:00-04:00,206.37,206.75,205.0,206.66,0.0
2025-04-25 08:00:00-04:00,206.62,208.7888,205.0386,205.75,0.0
2025-04-25 09:00:00-04:00,205.9816,207.885,196.98,206.24,0.0
2025-04-25 09:30:00-04:00,206.42999267578125,209.24989318847656,206.1999969482422,206.63479614257812,8557840.0
2025-04-25 10:30:00-04:00,206.63999938964844,207.7628936767578,206.51499938964844,207.10000610351562,3766130.0
2025-04-25 11:30:00-04:00,207.11000061035156,208.89999389648438,206.66000366210938,208.59129333496094,3799231.0
2025-04-25 12:30:00-04:00,208.60000610351562,209.41000366210938,208.2899932861328,209.3701934814453,3714961.0
2025-04-25 13:30:00-04:00,209.38999938964844,209.4149932861328,207.3699951171875,208.50450134277344,3053055.0
2025-04-25 14:30:00-04:00,208.50999450683594,208.8699951171875,208.13999938964844,208.22000122070312,2357459.0
2025-04-25 15:30:00-04:00,208.2100067138672,209.42999267578125,207.8699951171875,209.22999572753906,4418187.0
2025-04-25 16:00:00-04:00,209.17,221.3802,197.5887,208.78,0.0
2025-04-25 17:00:00-04:00,208.79,222.3216,206.977,208.39,0.0
2025-04-25 18:00:00-04:00,208.23,208.68,208.0902,208.35,0.0
2025-04-25 19:00:00-04:00,208.43,208.6,208.35,208.6,0.0
2025-04-28 04:00:00-04:00,208.59,208.68,207.78,208.21,0.0
2025-04-28 05:00:00-04:00,208.28,209.5,208.15,209.5,0.0
2025-04-28 06:00:00-04:00,209.58,209.96,209.28,209.63,0.0
2025-04-28 07:00:00-04:00,209.65,209.71,209.11,209.71,0.0
2025-04-28 08:00:00-04:00,209.71,210.05,207.5,209.7201,0.0
2025-04-28 09:00:00-04:00,209.7203,210.3793,206.43,210.11,0.0
2025-04-28 09:30:00-04:00,210.05999755859375,211.5,208.74000549316406,208.92999267578125,9371395.0
2025-04-28 10:30:00-04:00,208.875,209.82000732421875,207.83999633789062,207.9499969482422,4027500.0
2025-04-28 11:30:00-04:00,207.98590087890625,208.39999389648438,207.4600067138672,207.86000061035156,2434302.0
2025-04-28 12:30:00-04:00,207.85000610351562,208.72999572753906,207.85000610351562,208.13999938964844,2227932.0
2025-04-28 13:30:00-04:00,208.13499450683594,210.0500030517578,208.0800018310547,209.8699951171875,3099461.0
2025-04-28 14:30:00-04:00,209.8699951171875,210.94000244140625,209.7613983154297,210.5399932861328,2610842.0
2025-04-28 15:30:00-04:00,210.52999877929688,211.4998016357422,210.0399932861328,210.08999633789062,3584738.0
2025-04-28 16:00:00-04:00,210.14,210.34,209.73,210.03,0.0
2025-04-28 17:00:00-04:00,218.5633,223.4856,199.7357,209.6996,0.0
2025-04-28 18:00:00-04:00,209.7,210.22,209.28,209.88,0.0
2025-04-28 19:00:00-04:00,209.97,210.951,209.83,210.1801,0.0
2025-04-29 04:00:00-04:00,211.25,211.25,210.59,210.97,0.0
2025-04-29 05:00:00-04:00,210.91,211.12,210.74,210.81,0.0
2025-04-29 06:00:00-04:00,210.85,210.97,210.66,210.83,0.0
2025-04-29 07:00:00-04:00,210.78,210.78,209.71,210.51,0.0
2025-04-29 08:00:00-04:00,210.51,211.5088,209.57,209.98,0.0
2025-04-29 09:00:00-04:00,210.05,210.57,207.94,208.85,0.0
2025-04-29 09:30:00-04:00,208.6929931640625,212.24000549316406,208.3699951171875,210.9499969482422,9190515.0
2025-04-29 10:30:00-04:00,210.9600067138672,212.07000732421875,210.6699981689453,211.0399932861328,3218454.0
2025-04-29 11:30:00-04:00,211.0399932861328,211.32530212402344,210.39999389648438,210.48800659179688,2669695.0
2025-04-29 12:30:00-04:00,210.49000549316406,210.69000244140625,209.35000610351562,210.36000061035156,2562388.0
2025-04-29 13:30:00-04:00,210.3699951171875,211.85000610351562,210.22000122070312,211.7227020263672,2467158.0
2025-04-29 14:30:00-04:00,211.72000122070312,211.96060180664062,211.10009765625,211.3000030517578,2519310.0
2025-04-29 15:30:00-04:00,211.30999755859375,211.77000427246094,210.9499969482422,211.24000549316406,3222132.0
2025-04-29 16:00:00-04:00,211.2,224.4959,210.214,211.21,0.0
2025-04-29 17:00:00-04:00,210.8965,211.21,197.7508,210.82,0.0
2025-04-29 18:00:00-04:00,210.6,211.13,205.3198,210.65,0.0
2025-04-29 19:00:00-04:00,210.68,210.99,210.25,210.555,0.0
2025-04-30 04:00:00-04:00,210.72,211.34,210.59,210.81,0.0
2025-04-30 05:00:00-04:00,210.8,210.9,210.6,210.77,0.0
2025-04-30 06:00:00-04:00,210.9,210.92,210.21,210.21,0.0
2025-04-30 07:00:00-04:00,210.22,210.8,210.12,210.36,0.0
2025-04-30 08:00:00-04:00,210.3,211.34,209.3303,209.49,0.0
2025-04-30 09:00:00-04:00,209.5,210.69,204.984,209.34,0.0
2025-04-30 09:30:00-04:00,209.3000030517578,209.72000122070312,206.67050170898438,209.32119750976562,7770541.0
2025-04-30 10:30:00-04:00,209.34950256347656,210.86000061035156,208.71009826660156,210.5449981689453,3782710.0
2025-04-30 11:30:00-04:00,210.55999755859375,211.27999877929688,209.9499969482422,210.58999633789062,2740535.0
2025-04-30 12:30:00-04:00,210.58999633789062,211.36000061035156,209.8000030517578,211.0800018310547,2462208.0
2025-04-30 13:30:00-04:00,211.07000732421875,212.97000122070312,210.31500244140625,210.71499633789062,3447792.0
2025-04-30 14:30:00-04:00,210.6999969482422,211.30999755859375,210.27999877929688,210.3446044921875,2871370.0
2025-04-30 15:30:00-04:00,210.375,213.5399932861328,210.0500030517578,212.49000549316406,7076663.0
2025-04-30 16:00:00-04:00,212.48,212.87,202.0365,212.42,0.0
2025-04-30 17:00:00-04:00,212.52,220.926,202.0365,212.05,0.0
2025-04-30 18:00:00-04:00,212.09,212.5,210.07,210.35,0.0
2025-04-30 19:00:00-04:00,210.35,212.5,208.6,209.0,0.0
2025-05-01 04:00:00-04:00,209.89,209.89,209.05,209.44,0.0
2025-05-01 05:00:00-04:00,209.5,210.29,209.2,210.29,0.0
2025-05-01 06:00:00-04:00,210.28,210.3,209.71,209.84,0.0
2025-05-01 07:00:00-04:00,209.84,210.28,209.01,209.2,0.0
2025-05-01 08:00:00-04:00,209.25,212.5,209.03,209.58,0.0
2025-05-01 09:00:00-04:00,209.5,212.5,193.16,209.03,0.0
2025-05-01 09:30:00-04:00,209.00999450683594,212.5,208.89999389648438,211.74000549316406,11460361.0
2025-05-01 10:30:00-04:00,211.75,214.22000122070312,211.31500244140625,212.8966064453125,5794472.0
2025-05-01 11:30:00-04:00,212.89500427246094,213.1199951171875,211.4149932861328,212.77999877929688,4005190.0
2025-05-01 12:30:00-04:00,212.77999877929688,212.87759399414062,211.85000610351562,212.50999450683594,4133080.0
2025-05-01 13:30:00-04:00,212.50999450683594,213.0,212.06500244140625,212.77999877929688,2827555.0
2025-05-01 14:30:00-04:00,212.7899932861328,213.1999969482422,212.3000030517578,212.94000244140625,3941988.0
2025-05-01 15:30:00-04:00,212.94000244140625,214.5500030517578,212.47000122070312,212.8300018310547,7135104.0
2025-05-01 16:00:00-04:00,212.8,214.0,198.78,207.77,0.0
2025-05-01 17:00:00-04:00,207.7,213.32,199.6953,205.2493,0.0
2025-05-01 18:00:00-04:00,205.25,213.32,203.84,204.5,0.0
2025-05-01 19:00:00-04:00,204.5,205.44,204.3987,205.25,0.0
2025-05-02 04:00:00-04:00,206.73,208.02,206.58,207.58,0.0
2025-05-02 05:00:00-04:00,207.65,207.75,206.89,207.1,0.0
2025-05-02 06:00:00-04:00,207.18,207.55,206.58,206.81,0.0
2025-05-02 07:00:00-04:00,206.85,207.47,205.55,206.12,0.0
2025-05-02 08:00:00-04:00,206.18,236.35,205.5,206.2501,0.0
2025-05-02 09:00:00-04:00,206.3,212.565,205.87,206.04,0.0
2025-05-02 09:30:00-04:00,206.08999633789062,206.8199005126953,202.16000366210938,206.72000122070312,30704404.0
2025-05-02 10:30:00-04:00,206.72000122070312,206.99000549316406,204.60000610351562,204.9008026123047,9323215.0
2025-05-02 11:30:00-04:00,204.9199981689453,206.5800018310547,204.860595703125,205.0,8718007.0
2025-05-02 12:30:00-04:00,205.0,205.88999938964844,204.14999389648438,204.69900512695312,7635353.0
2025-05-02 13:30:00-04:00,204.6999969482422,205.8300018310547,204.6999969482422,204.8800048828125,7087245.0
2025-05-02 14:30:00-04:00,204.8699951171875,205.42999267578125,203.66000366210938,204.75999450683594,8882491.0
2025-05-02 15:30:00-04:00,204.75999450683594,205.5,203.88999938964844,205.3000030517578,9990065.0
2025-05-02 16:00:00-04:00,205.35,213.92,205.0,205.06,0.0
2025-05-02 17:00:00-04:00,205.06,217.1643,205.01,205.1806,0.0
2025-05-02 18:00:00-04:00,205.21,205.35,205.06,205.15,0.0
2025-05-02 19:00:00-04:00,205.09,205.18,205.04,205.1099,0.0
2025-05-05 04:00:00-04:00,204.65,204.78,203.59,203.59,0.0
2025-05-05 05:00:00-04:00,203.61,203.8,203.32,203.79,0.0
2025-05-05 06:00:00-04:00,203.74,203.8,203.49,203.49,0.0
2025-05-05 07:00:00-04:00,203.45,203.46,203.01,203.05,0.0
2025-05-05 08:00:00-04:00,203.04,204.8488,202.77,203.1,0.0
2025-05-05 09:00:00-04:00,203.05,203.48,191.2196,203.1,0.0
2025-05-05 09:30:00-04:00,203.125,204.10000610351562,198.6199951171875,198.77999877929688,17363317.0
2025-05-05 10:30:00-04:00,198.78700256347656,199.64999389648438,198.2100067138672,199.19960021972656,8474385.0
2025-05-05 11:30:00-04:00,199.19000244140625,200.0399932861328,198.66000366210938,199.9739990234375,5978364.0
2025-05-05 12:30:00-04:00,199.9600067138672,200.63999938964844,199.67010498046875,200.41000366210938,4884446.0
2025-05-05 13:30:00-04:00,200.41000366210938,201.08999633789062,200.16000366210938,200.9600067138672,3841975.0
2025-05-05 14:30:00-04:00,200.9499969482422,201.16000366210938,199.39999389648438,199.39999389648438,5400812.0
2025-05-05 15:30:00-04:00,199.39999389648438,199.5998992919922,198.5196990966797,198.77000427246094,6786984.0
2025-05-05 16:00:00-04:00,198.77,203.0,196.1097,198.99,0.0
2025-05-05 17:00:00-04:00,198.98,201.7418,198.56,198.68,0.0
2025-05-05 18:00:00-04:00,198.67,198.89,198.56,198.68,0.0
2025-05-05 19:00:00-04:00,198.65,198.93,198.56,198.61,0.0
2025-05-06 04:00:00-04:00,198.41,198.63,197.45,197.71,0.0
2025-05-06 05:00:00-04:00,197.7,197.92,197.33,197.49,0.0
2025-05-06 06:00:00-04:00,197.49,197.78,197.24,197.62,0.0
2025-05-06 07:00:00-04:00,197.62,198.28,197.62,197.85,0.0
2025-05-06 08:00:00-04:00,197.85,205.35,197.2095,197.685,0.0
2025-05-06 09:00:00-04:00,197.7499,198.6,197.05,198.24,0.0
2025-05-06 09:30:00-04:00,198.125,199.8800048828125,197.02000427246094,198.91000366210938,16561562.0
2025-05-06 10:30:00-04:00,198.89999389648438,199.1300048828125,197.85000610351562,199.03500366210938,5182787.0
2025-05-06 11:30:00-04:00,199.03500366210938,200.6490020751953,198.66000366210938,198.97999572753906,4709429.0
2025-05-06 12:30:00-04:00,198.97500610351562,200.02000427246094,198.9600067138672,199.4250030517578,3055441.0
2025-05-06 13:30:00-04:00,199.4499969482422,199.82000732421875,198.69000244140625,199.30499267578125,2836848.0
2025-05-06 14:30:00-04:00,199.2949981689453,199.85000610351562,199.02000427246094,199.70840454101562,3342061.0
2025-05-06 15:30:00-04:00,199.72999572753906,200.1699981689453,198.3800048828125,198.41000366210938,4603113.0
2025-05-06 16:00:00-04:00,198.41,199.0,197.2914,198.19,0.0
2025-05-06 17:00:00-04:00,198.19,205.5572,196.2703,197.82,0.0
2025-05-06 18:00:00-04:00,197.86,201.5,197.8,201.37,0.0
2025-05-06 19:00:00-04:00,201.3038,201.5,200.85,201.15,0.0
2025-05-07 04:00:00-04:00,200.9,200.93,200.21,200.53,0.0
2025-05-07 05:00:00-04:00,200.58,200.86,200.16,200.16,0.0
2025-05-07 06:00:00-04:00,200.16,200.52,200.12,200.34,0.0
2025-05-07 07:00:00-04:00,200.34,201.07,200.33,200.67,0.0
2025-05-07 08:00:00-04:00,200.74,201.05,198.51,199.93,0.0
2025-05-07 09:00:00-04:00,199.94,200.32,199.01,199.02,0.0
2025-05-07 09:30:00-04:00,198.19000244140625,199.44000244140625,197.35000610351562,199.22000122070312,9871911.0
2025-05-07 10:30:00-04:00,199.2270050048828,199.39999389648438,193.80999755859375,194.35069274902344,11182870.0
2025-05-07 11:30:00-04:00,194.36000061035156,195.3699951171875,193.25,194.8699951171875,7971845.0
2025-05-07 12:30:00-04:00,194.85000610351562,195.77999877929688,194.5749969482422,195.3000030517578,4049885.0
2025-05-07 13:30:00-04:00,195.32000732421875,195.36000061035156,193.3000030517578,194.00999450683594,5113387.0
2025-05-07 14:30:00-04:00,193.9969940185547,195.7100067138672,193.83140563964844,194.32000732421875,4886414.0
2025-05-07 15:30:00-04:00,194.33999633789062,197.4698944091797,194.2899932861328,196.25,6299703.0
2025-05-07 16:00:00-04:00,196.23,243.8301,195.6616,196.58,0.0
2025-05-07 17:00:00-04:00,196.52,245.4752,196.2,196.25,0.0
2025-05-07 18:00:00-04:00,196.22,196.45,196.04,196.25,0.0
2025-05-07 19:00:00-04:00,196.26,196.5,196.1206,196.3919,0.0
2025-05-08 04:00:00-04:00,198.22,198.52,197.86,198.37,0.0
2025-05-08 05:00:00-04:00,198.38,198.99,198.38,198.91,0.0
2025-05-08 06:00:00-04:00,198.95,198.99,198.49,198.89,0.0
2025-05-08 07:00:00-04:00,198.89,199.13,198.05,198.05,0.0
2025-05-08 08:00:00-04:00,198.11,199.1388,197.75,198.1,0.0
2025-05-08 09:00:00-04:00,198.11,199.25,193.16,197.74,0.0
2025-05-08 09:30:00-04:00,197.74000549316406,198.1300048828125,194.67959594726562,195.82000732421875,10449699.0
2025-05-08 10:30:00-04:00,195.8300018310547,197.8300018310547,195.51499938964844,197.5399932861328,5629546.0
2025-05-08 11:30:00-04:00,197.52999877929688,200.0498046875,197.30999755859375,199.24000549316406,6698875.0
2025-05-08 12:30:00-04:00,199.23570251464844,199.99000549316406,199.01010131835938,199.13999938964844,3093141.0
2025-05-08 13:30:00-04:00,199.13999938964844,199.21200561523438,198.08999633789062,198.63999938964844,3307947.0
2025-05-08 14:30:00-04:00,198.63999938964844,199.68800354003906,198.4499969482422,199.55999755859375,3714346.0
2025-05-08 15:30:00-04:00,199.57000732421875,199.6199951171875,197.16400146484375,197.39999389648438,5279543.0
2025-05-08 16:00:00-04:00,197.49,202.0051,197.2,197.29,0.0
2025-05-08 17:00:00-04:00,197.3,202.0051,197.15,197.499,0.0
2025-05-08 18:00:00-04:00,197.5,197.5,197.3301,197.4994,0.0
2025-05-08 19:00:00-04:00,197.49,197.6,197.35,197.42,0.0
2025-05-09 04:00:00-04:00,198.32,198.32,197.93,197.98,0.0
2025-05-09 05:00:00-04:00,197.99,198.15,197.88,198.08,0.0
2025-05-09 06:00:00-04:00,198.08,198.53,198.05,198.45,0.0
2025-05-09 07:00:00-04:00,198.4,198.89,197.1,197.85,0.0
2025-05-09 08:00:00-04:00,197.61,198.9,197.0,198.26,0.0
2025-05-09 09:00:00-04:00,198.254,199.07,197.15,199.07,0.0
2025-05-09 09:30:00-04:00,199.0050048828125,200.53990173339844,198.1199951171875,198.360107421875,9737491.0
2025-05-09 10:30:00-04:00,198.38499450683594,199.17999267578125,197.53500366210938,198.42999267578125,4551929.0
2025-05-09 11:30:00-04:00,198.4199981689453,199.00999450683594,197.92999267578125,198.13499450683594,2891812.0
2025-05-09 12:30:00-04:00,198.1300048828125,198.4499969482422,197.60000610351562,198.13999938964844,3054224.0
2025-05-09 13:30:00-04:00,198.14500427246094,199.0998992919922,197.91000366210938,198.91000366210938,2470206.0
2025-05-09 14:30:00-04:00,198.94000244140625,199.42999267578125,198.7100067138672,198.77999877929688,2945367.0
2025-05-09 15:30:00-04:00,198.8000030517578,198.92990112304688,198.34010314941406,198.5399932861328,3474290.0
2025-05-09 16:00:00-04:00,198.54,210.0157,193.16,198.64,0.0
2025-05-09 17:00:00-04:00,206.977,206.977,198.37,198.5001,0.0
2025-05-09 18:00:00-04:00,198.5,198.6,198.5,198.5487,0.0
2025-05-09 19:00:00-04:00,198.5484,198.6,198.5,198.58,0.0
2025-05-12 04:00:00-04:00,207.19,208.27,207.12,208.06,0.0
2025-05-12 05:00:00-04:00,208.06,211.7,207.95,211.44,0.0
2025-05-12 06:00:00-04:00,211.44,213.35,210.81,212.11,0.0
2025-05-12 07:00:00-04:00,212.15,212.5,210.96,211.09,0.0
2025-05-12 08:00:00-04:00,211.13,213.2119,198.53,211.42,0.0
2025-05-12 09:00:00-04:00,211.4,211.4,210.56,211.02,0.0
2025-05-12 09:30:00-04:00,210.97000122070312,211.26649475097656,206.75,209.16000366210938,23789646.0
2025-05-12 10:30:00-04:00,209.1699981689453,210.22999572753906,208.1199951171875,208.75999450683594,6318334.0
2025-05-12 11:30:00-04:00,208.77999877929688,208.9864959716797,208.25,208.72999572753906,3944326.0
2025-05-12 12:30:00-04:00,208.80990600585938,209.99000549316406,208.70919799804688,209.93499755859375,4323467.0
2025-05-12 13:30:00-04:00,209.94000244140625,210.9600067138672,209.93499755859375,210.77000427246094,4651025.0
2025-05-12 14:30:00-04:00,210.77999877929688,211.14999389648438,209.9199981689453,210.0500030517578,4909377.0
2025-05-12 15:30:00-04:00,210.05999755859375,210.85000610351562,209.9600067138672,210.8300018310547,5815190.0
2025-05-12 16:00:00-04:00,210.79,211.18,210.4,210.62,0.0
2025-05-12 17:00:00-04:00,212.9085,223.4856,199.7357,210.38,0.0
2025-05-12 18:00:00-04:00,210.3616,210.52,210.13,210.13,0.0
2025-05-12 19:00:00-04:00,210.14,210.5,210.1,210.1594,0.0
2025-05-13 04:00:00-04:00,209.61,209.96,209.3,209.6,0.0
2025-05-13 05:00:00-04:00,209.6,209.88,209.19,209.58,0.0
2025-05-13 06:00:00-04:00,209.57,209.69,209.25,209.4,0.0
2025-05-13 07:00:00-04:00,209.42,210.27,209.31,210.05,0.0
2025-05-13 08:00:00-04:00,210.04,211.35,208.98,210.99,0.0
2025-05-13 09:00:00-04:00,210.85,211.75,210.14,210.41,0.0
2025-05-13 09:30:00-04:00,210.42999267578125,211.6656951904297,209.0800018310547,211.4499969482422,15261368.0
2025-05-13 10:30:00-04:00,211.44500732421875,211.8800048828125,211.0800018310547,211.38499450683594,4791824.0
2025-05-13 11:30:00-04:00,211.3975067138672,211.61000061035156,210.47999572753906,211.27999877929688,4186585.0
2025-05-13 12:30:00-04:00,211.27999877929688,211.94000244140625,210.90980529785156,211.7100067138672,3331068.0
2025-05-13 13:30:00-04:00,211.7100067138672,212.97000122070312,211.70989990234375,212.4600067138672,4232828.0
2025-05-13 14:30:00-04:00,212.47520446777344,213.39999389648438,212.0399932861328,213.22999572753906,4652431.0
2025-05-13 15:30:00-04:00,213.19000244140625,213.36000061035156,212.60499572753906,212.83999633789062,4596157.0
2025-05-13 16:00:00-04:00,212.845,213.13,198.71,211.95,0.0
2025-05-13 17:00:00-04:00,211.91,212.93,210.214,211.78,0.0
2025-05-13 18:00:00-04:00,211.7785,211.8,211.67,211.7168,0.0
2025-05-13 19:00:00-04:00,211.7205,212.25,211.72,212.1394,0.0
2025-05-14 04:00:00-04:00,212.37,212.39,211.76,211.84,0.0
2025-05-14 05:00:00-04:00,211.86,212.07,211.57,211.98,0.0
2025-05-14 06:00:00-04:00,211.98,211.99,211.67,211.81,0.0
2025-05-14 07:00:00-04:00,211.78,212.49,211.78,212.42,0.0
2025-05-14 08:00:00-04:00,212.44,212.93,211.5331,212.41,0.0
2025-05-14 09:00:00-04:00,212.4999,212.71,212.02,212.42,0.0
2025-05-14 09:30:00-04:00,212.4250030517578,213.94000244140625,211.8699951171875,213.2899932861328,12096435.0
2025-05-14 10:30:00-04:00,213.30499267578125,213.71640014648438,211.88980102539062,212.6199951171875,4921349.0
2025-05-14 11:30:00-04:00,212.6179962158203,212.8800048828125,211.99000549316406,212.2899932861328,3092741.0
2025-05-14 12:30:00-04:00,212.2949981689453,212.60000610351562,210.58009338378906,210.9600067138672,4235129.0
2025-05-14 13:30:00-04:00,210.97000122070312,211.94520568847656,210.9600067138672,211.3699951171875,3051755.0
2025-05-14 14:30:00-04:00,211.3800048828125,212.0500030517578,210.99000549316406,211.3594970703125,3801274.0
2025-05-14 15:30:00-04:00,211.33999633789062,212.60000610351562,211.24000549316406,212.41000366210938,6352084.0
2025-05-14 16:00:00-04:00,212.41,220.926,202.0365,211.9,0.0
2025-05-14 17:00:00-04:00,211.92,212.0,202.0365,211.96,0.0
2025-05-14 18:00:00-04:00,211.97,211.97,211.75,211.96,0.0
2025-05-14 19:00:00-04:00,211.93,211.97,211.55,211.96,0.0
2025-05-15 04:00:00-04:00,210.88,211.17,210.61,210.93,0.0
2025-05-15 05:00:00-04:00,210.9,210.93,209.5,210.11,0.0
2025-05-15 06:00:00-04:00,210.13,210.38,209.68,209.68,0.0
2025-05-15 07:00:00-04:00,209.65,210.31,209.3,210.16,0.0
2025-05-15 08:00:00-04:00,210.25,212.33,209.3,209.66,0.0
2025-05-15 09:00:00-04:00,209.75,211.14,209.67,211.03,0.0
2025-05-15 09:30:00-04:00,210.9949951171875,212.52999877929688,209.5399932861328,210.27499389648438,9925447.0
2025-05-15 10:30:00-04:00,210.32000732421875,212.8000030517578,210.19000244140625,212.49639892578125,5111525.0
2025-05-15 11:30:00-04:00,212.5,212.9600067138672,211.41009521484375,211.64169311523438,4296380.0
2025-05-15 12:30:00-04:00,211.6300048828125,212.27999877929688,211.2100067138672,212.12010192871094,2927204.0
2025-05-15 13:30:00-04:00,212.1300048828125,212.1300048828125,210.25999450683594,210.6300048828125,3649292.0
2025-05-15 14:30:00-04:00,210.6300048828125,211.2100067138672,210.3249969482422,210.36000061035156,3629914.0
2025-05-15 15:30:00-04:00,210.35000610351562,211.4600067138672,210.14999389648438,211.45799255371094,5877104.0
2025-05-15 16:00:00-04:00,211.44,211.47,210.92,211.139,0.0
2025-05-15 17:00:00-04:00,211.14,211.45,199.6953,211.1377,0.0
2025-05-15 18:00:00-04:00,211.14,211.45,210.9,210.9599,0.0
2025-05-15 19:00:00-04:00,210.9,211.25,210.8,211.15,0.0
2025-05-16 04:00:00-04:00,211.71,211.99,211.69,211.79,0.0
2025-05-16 05:00:00-04:00,211.79,212.06,211.77,211.85,0.0
2025-05-16 06:00:00-04:00,211.85,211.9,211.0,211.69,0.0
2025-05-16 07:00:00-04:00,211.69,211.97,211.51,211.8,0.0
2025-05-16 08:00:00-04:00,211.8,212.1526,211.08,211.8787,0.0
2025-05-16 09:00:00-04:00,211.8507,212.8,211.2,212.71,0.0
2025-05-16 09:30:00-04:00,212.32000732421875,212.57000732421875,210.55999755859375,210.60000610351562,15838181.0
2025-05-16 10:30:00-04:00,210.58999633789062,210.66000366210938,209.77000427246094,210.0800018310547,6777501.0
2025-05-16 11:30:00-04:00,210.08999633789062,211.14990234375,210.08999633789062,210.9550018310547,3654109.0
2025-05-16 12:30:00-04:00,210.9600067138672,211.4199981689453,210.6999969482422,211.11000061035156,3241029.0
2025-05-16 13:30:00-04:00,211.11000061035156,211.74000549316406,210.72999572753906,211.6199951171875,3898429.0
2025-05-16 14:30:00-04:00,211.6300048828125,211.92999267578125,211.42999267578125,211.72500610351562,3274956.0
2025-05-16 15:30:00-04:00,211.7100067138672,211.72999572753906,211.11000061035156,211.19000244140625,3920156.0
2025-05-16 16:00:00-04:00,211.252,211.41,209.9,210.4,0.0
2025-05-16 17:00:00-04:00,210.4,211.26,209.3,209.41,0.0
2025-05-16 18:00:00-04:00,209.47,222.13,207.75,207.9,0.0
2025-05-16 19:00:00-04:00,207.97,209.0,207.8,208.0,0.0
2025-05-19 04:00:00-04:00,207.86,208.31,206.0,207.39,0.0
2025-05-19 05:00:00-04:00,207.38,208.39,207.19,208.39,0.0
2025-05-19 06:00:00-04:00,208.45,208.51,207.79,208.01,0.0
2025-05-19 07:00:00-04:00,208.09,208.36,207.94,207.97,0.0
2025-05-19 08:00:00-04:00,207.97,208.9615,206.7212,207.85,0.0
2025-05-19 09:00:00-04:00,207.79,208.49,207.51,207.77,0.0
2025-05-19 09:30:00-04:00,208.02499389648438,208.27000427246094,204.25999450683594,206.61990356445312,15175611.0
2025-05-19 10:30:00-04:00,206.61000061035156,208.0399932861328,206.24000549316406,207.3300018310547,5318353.0
2025-05-19 11:30:00-04:00,207.32000732421875,208.5800018310547,207.27999877929688,208.48260498046875,3033717.0
2025-05-19 12:30:00-04:00,208.49000549316406,209.47999572753906,208.07000732421875,208.92999267578125,3363890.0
2025-05-19 13:30:00-04:00,208.92999267578125,209.1999969482422,207.77999877929688,208.02999877929688,3106651.0
2025-05-19 14:30:00-04:00,208.0500030517578,208.8000030517578,207.9600067138672,208.1273956298828,2702881.0
2025-05-19 15:30:00-04:00,208.1199951171875,208.92999267578125,208.10000610351562,208.75999450683594,4045825.0
2025-05-19 16:00:00-04:00,208.78,216.1894,199.7357,208.11,0.0
2025-05-19 17:00:00-04:00,208.11,216.1894,196.1097,208.15,0.0
2025-05-19 18:00:00-04:00,208.23,208.78,208.16,208.25,0.0
2025-05-19 19:00:00-04:00,208.24,208.98,208.24,208.9,0.0
2025-05-20 04:00:00-04:00,208.2,208.37,207.63,207.83,0.0
2025-05-20 05:00:00-04:00,207.83,208.07,207.8,208.0,0.0
2025-05-20 06:00:00-04:00,207.98,208.15,207.83,207.95,0.0
2025-05-20 07:00:00-04:00,207.98,208.28,207.83,208.08,0.0
2025-05-20 08:00:00-04:00,208.09,211.83,207.6495,207.87,0.0
2025-05-20 09:00:00-04:00,207.79,208.19,204.36,207.84,0.0
2025-05-20 09:30:00-04:00,208.0449981689453,208.1436004638672,206.47000122070312,207.84500122070312,9911111.0
2025-05-20 10:30:00-04:00,207.8300018310547,208.47000122070312,207.22000122070312,207.63429260253906,3762244.0
2025-05-20 11:30:00-04:00,207.64999389648438,208.42999267578125,207.0500030517578,207.80999755859375,4102805.0
2025-05-20 12:30:00-04:00,207.80999755859375,208.01539611816406,207.11000061035156,207.3800048828125,2803301.0
2025-05-20 13:30:00-04:00,207.3699951171875,207.40499877929688,205.47000122070312,205.58999633789062,4199913.0
2025-05-20 14:30:00-04:00,205.5800018310547,206.41000366210938,205.02999877929688,206.27000427246094,4844502.0
2025-05-20 15:30:00-04:00,206.27000427246094,206.94000244140625,205.92999267578125,206.8699951171875,3731510.0
2025-05-20 16:00:00-04:00,206.8715,212.26,206.43,206.589,0.0
2025-05-20 17:00:00-04:00,206.53,212.3775,197.2914,206.4698,0.0
2025-05-20 18:00:00-04:00,206.46,206.86,205.95,206.37,0.0
2025-05-20 19:00:00-04:00,206.37,206.7,206.1075,206.6,0.0
2025-05-21 04:00:00-04:00,206.1,206.26,206.01,206.1,0.0
2025-05-21 05:00:00-04:00,206.11,206.14,205.84,205.92,0.0
2025-05-21 06:00:00-04:00,205.92,205.93,205.37,205.49,0.0
2025-05-21 07:00:00-04:00,205.53,206.25,205.51,206.1,0.0
2025-05-21 08:00:00-04:00,206.1,206.5,205.37,206.24,0.0
2025-05-21 09:00:00-04:00,206.14,207.97,204.83,205.18,0.0
2025-05-21 09:30:00-04:00,205.1199951171875,206.7799072265625,204.05999755859375,205.80999755859375,8941675.0
2025-05-21 10:30:00-04:00,205.85000610351562,207.0399932861328,205.4761962890625,206.5800018310547,4273571.0
2025-05-21 11:30:00-04:00,206.57000732421875,206.8699951171875,205.5200958251953,205.63999938964844,3570453.0
2025-05-21 12:30:00-04:00,205.64999389648438,206.08999633789062,202.02000427246094,202.10000610351562,12405386.0
2025-05-21 13:30:00-04:00,202.08999633789062,203.34500122070312,201.75999450683594,202.3415069580078,7684596.0
2025-05-21 14:30:00-04:00,202.32000732421875,202.61000061035156,200.72000122070312,201.0301055908203,7028968.0
2025-05-21 15:30:00-04:00,201.05999755859375,202.49000549316406,201.0500030517578,202.05999755859375,6085411.0
2025-05-21 16:00:00-04:00,202.045,204.3016,201.69,201.98,0.0
2025-05-21 17:00:00-04:00,201.959,211.77,196.9455,201.8485,0.0
2025-05-21 18:00:00-04:00,201.83,205.35,201.5,201.7988,0.0
2025-05-21 19:00:00-04:00,201.8,201.98,201.6,201.8499,0.0
2025-05-22 04:00:00-04:00,202.48,202.57,202.2,202.47,0.0
2025-05-22 05:00:00-04:00,202.43,202.47,202.13,202.35,0.0
2025-05-22 06:00:00-04:00,202.39,202.72,202.29,202.33,0.0
2025-05-22 07:00:00-04:00,202.3,202.48,201.7,201.8,0.0
2025-05-22 08:00:00-04:00,201.78,202.939,200.56,200.6,0.0
2025-05-22 09:00:00-04:00,200.6,205.23,200.55,200.7,0.0
2025-05-22 09:30:00-04:00,200.71499633789062,201.63999938964844,199.6999969482422,200.36000061035156,13339867.0
2025-05-22 10:30:00-04:00,200.3699951171875,201.36000061035156,200.35360717773438,200.9499969482422,5239551.0
2025-05-22 11:30:00-04:00,200.9499969482422,202.40989685058594,200.86000061035156,201.9499969482422,4473843.0
2025-05-22 12:30:00-04:00,201.94500732421875,202.0699005126953,201.16000366210938,201.88999938964844,3223269.0
2025-05-22 13:30:00-04:00,201.8800048828125,202.22000122070312,201.6699981689453,201.97000122070312,3552562.0
2025-05-22 14:30:00-04:00,201.9600067138672,202.72000122070312,201.64999389648438,202.61000061035156,5071372.0
2025-05-22 15:30:00-04:00,202.6199951171875,202.64999389648438,201.0,201.3699951171875,5705738.0
2025-05-22 16:00:00-04:00,201.36,202.0051,201.08,201.77,0.0
2025-05-22 17:00:00-04:00,201.8352,201.9,201.45,201.77,0.0
2025-05-22 18:00:00-04:00,201.84,201.9325,201.01,201.2,0.0
2025-05-22 19:00:00-04:00,201.19,201.7,201.1,201.5,0.0
2025-05-23 04:00:00-04:00,201.86,202.03,201.61,201.85,0.0
2025-05-23 05:00:00-04:00,201.89,201.89,201.01,201.04,0.0
2025-05-23 06:00:00-04:00,201.13,201.66,201.13,201.36,0.0
2025-05-23 07:00:00-04:00,201.38,201.58,193.22,195.21,0.0
2025-05-23 08:00:00-04:00,195.2,201.9502,193.13,194.99,0.0
2025-05-23 09:00:00-04:00,194.9994,201.36,193.2,193.68,0.0
2025-05-23 09:30:00-04:00,193.6649932861328,197.6999969482422,193.4600067138672,197.1699981689453,27970489.0
2025-05-23 10:30:00-04:00,197.14999389648438,197.3699951171875,195.69000244140625,196.5850067138672,7789566.0
2025-05-23 11:30:00-04:00,196.58999633789062,197.1199951171875,195.71499633789062,196.05020141601562,6693085.0
2025-05-23 12:30:00-04:00,196.05079650878906,196.67239379882812,195.63499450683594,196.6199951171875,6093930.0
2025-05-23 13:30:00-04:00,196.60000610351562,196.60000610351562,195.08999633789062,195.75,7300789.0
2025-05-23 14:30:00-04:00,195.72000122070312,195.89999389648438,195.02999877929688,195.46240234375,6291505.0
2025-05-23 15:30:00-04:00,195.4600067138672,195.97000122070312,195.02999877929688,195.33999633789062,8128777.0
2025-05-23 16:00:00-04:00,195.27,197.5887,195.16,195.2694,0.0
2025-05-23 17:00:00-04:00,195.27,206.977,195.1,195.53,0.0
2025-05-23 18:00:00-04:00,195.45,195.55,195.32,195.48,0.0
2025-05-23 19:00:00-04:00,195.4797,195.98,195.4,195.8,0.0
2025-05-27 04:00:00-04:00,198.61,199.69,198.58,199.15,0.0
2025-05-27 05:00:00-04:00,199.2,199.38,198.9,199.07,0.0
2025-05-27 06:00:00-04:00,199.15,199.25,198.6,199.15,0.0
2025-05-27 07:00:00-04:00,199.15,199.22,198.02,198.45,0.0
2025-05-27 08:00:00-04:00,198.43,199.7721,194.782,198.8,0.0
2025-05-27 09:00:00-04:00,198.82,198.99,193.69,198.5,0.0
2025-05-27 09:30:00-04:00,198.3000030517578,199.1699981689453,197.42999267578125,198.35000610351562,13343197.0
2025-05-27 10:30:00-04:00,198.36000061035156,199.3699951171875,198.00999450683594,199.36500549316406,6877187.0
2025-05-27 11:30:00-04:00,199.36000061035156,200.5800018310547,199.0,199.9949951171875,6493372.0
2025-05-27 12:30:00-04:00,199.99000549316406,200.64999389648438,199.6699981689453,199.95989990234375,4788957.0
2025-05-27 13:30:00-04:00,199.9550018310547,200.74000549316406,199.80999755859375,200.3699951171875,4199118.0
2025-05-27 14:30:00-04:00,200.3800048828125,200.5500030517578,200.19000244140625,200.29440307617188,4344607.0
2025-05-27 15:30:00-04:00,200.3000030517578,200.47000122070312,199.92999267578125,200.1999969482422,6028688.0
2025-05-27 16:00:00-04:00,200.19,200.47,200.0,200.2654,0.0
2025-05-27 17:00:00-04:00,200.3398,210.214,187.0203,200.45,0.0
2025-05-27 18:00:00-04:00,200.46,200.47,200.11,200.36,0.0
2025-05-27 19:00:00-04:00,200.36,200.47,200.32,200.45,0.0
2025-05-28 04:00:00-04:00,200.47,200.63,200.08,200.26,0.0
2025-05-28 05:00:00-04:00,200.28,200.36,199.84,200.08,0.0
2025-05-28 06:00:00-04:00,200.0,200.33,199.89,200.33,0.0
2025-05-28 07:00:00-04:00,200.35,200.95,200.35,200.72,0.0
2025-05-28 08:00:00-04:00,200.71,220.84,199.8712,200.95,0.0
2025-05-28 09:00:00-04:00,201.01,201.42,198.44,200.53,0.0
2025-05-28 09:30:00-04:00,200.67999267578125,202.72999572753906,199.89999389648438,200.75,11384135.0
2025-05-28 10:30:00-04:00,200.74000549316406,201.30999755859375,200.2100067138672,201.0449981689453,4989502.0
2025-05-28 11:30:00-04:00,201.0500030517578,201.2899932861328,200.86199951171875,201.10000610351562,2681810.0
2025-05-28 12:30:00-04:00,201.08999633789062,201.52000427246094,200.8249969482422,201.11000061035156,2692955.0
2025-05-28 13:30:00-04:00,201.1199951171875,201.25,200.72999572753906,200.85000610351562,2564636.0
2025-05-28 14:30:00-04:00,200.83999633789062,201.52110290527344,200.32000732421875,201.12860107421875,3702217.0
2025-05-28 15:30:00-04:00,201.08999633789062,201.39500427246094,200.19500732421875,200.4199981689453,4638874.0
2025-05-28 16:00:00-04:00,200.42,202.0365,200.0,200.38,0.0
2025-05-28 17:00:00-04:00,200.4092,202.0365,199.9,200.3,0.0
2025-05-28 18:00:00-04:00,200.02,201.25,199.95,201.24,0.0
2025-05-28 19:00:00-04:00,201.3,207.66,200.21,207.5285,0.0
2025-05-29 04:00:00-04:00,207.16,207.86,206.67,206.95,0.0
2025-05-29 05:00:00-04:00,206.94,207.34,206.72,207.08,0.0
2025-05-29 06:00:00-04:00,207.08,207.14,205.42,205.82,0.0
2025-05-29 07:00:00-04:00,205.87,206.1,204.52,204.6,0.0
2025-05-29 08:00:00-04:00,204.66,207.77,203.76,204.79,0.0
2025-05-29 09:00:00-04:00,204.79,205.18,200.15,203.48,0.0
2025-05-29 09:30:00-04:00,203.27000427246094,203.77999877929688,200.75999450683594,201.13999938964844,13269413.0
2025-05-29 10:30:00-04:00,201.11000061035156,201.64999389648438,200.5500030517578,200.74000549316406,4965675.0
2025-05-29 11:30:00-04:00,200.74000549316406,200.8000030517578,198.50999450683594,199.4199981689453,6137020.0
2025-05-29 12:30:00-04:00,199.39999389648438,200.44960021972656,199.39999389648438,199.97500610351562,3935142.0
2025-05-29 13:30:00-04:00,199.9600067138672,200.1699981689453,199.0399932861328,199.0399932861328,3863280.0
2025-05-29 14:30:00-04:00,199.0399932861328,199.57000732421875,198.57000732421875,199.13929748535156,4850814.0
2025-05-29 15:30:00-04:00,199.125,200.2480010986328,199.0800018310547,199.9499969482422,5888522.0
2025-05-29 16:00:00-04:00,199.94,200.05,199.6045,199.875,0.0
2025-05-29 17:00:00-04:00,199.88,199.95,199.29,199.3898,0.0
2025-05-29 18:00:00-04:00,199.33,199.61,199.24,199.3,0.0
2025-05-29 19:00:00-04:00,199.3,199.5,199.0,199.0,0.0
2025-05-30 04:00:00-04:00,199.92,200.28,199.8,200.15,0.0
2025-05-30 05:00:00-04:00,200.2,200.28,200.02,200.15,0.0
2025-05-30 06:00:00-04:00,200.2,200.35,199.99,200.12,0.0
2025-05-30 07:00:00-04:00,200.05,200.41,200.0,200.11,0.0
2025-05-30 08:00:00-04:00,200.11,200.45,197.03,198.25,0.0
2025-05-30 09:00:00-04:00,198.25,199.5,193.16,199.434,0.0
2025-05-30 09:30:00-04:00,199.40499877929688,199.57000732421875,197.97000122070312,199.24000549316406,8945068.0
2025-05-30 10:30:00-04:00,199.22999572753906,199.48500061035156,198.80999755859375,199.30999755859375,3302545.0
2025-05-30 11:30:00-04:00,199.3000030517578,199.3699951171875,197.55039978027344,197.71499633789062,3638495.0
2025-05-30 12:30:00-04:00,197.72000122070312,198.1699981689453,196.77999877929688,198.0850067138672,5105841.0
2025-05-30 13:30:00-04:00,198.0800018310547,199.17999267578125,197.9499969482422,199.1199951171875,3188808.0
2025-05-30 14:30:00-04:00,199.1199951171875,200.22999572753906,198.9199981689453,200.05059814453125,4653738.0
2025-05-30 15:30:00-04:00,200.07000732421875,201.9499969482422,199.74009704589844,200.66000366210938,12325548.0
2025-05-30 16:00:00-04:00,200.65,202.4032,200.2,200.65,0.0
2025-05-30 17:00:00-04:00,200.5,200.85,200.4,200.65,0.0
2025-05-30 18:00:00-04:00,200.5512,200.85,200.4,200.42,0.0
2025-05-30 19:00:00-04:00,200.4,200.45,200.09,200.2601,0.0
2025-06-02 04:00:00-04:00,199.39,199.65,199.04,199.58,0.0
2025-06-02 05:00:00-04:00,199.49,199.66,199.2,199.3,0.0
2025-06-02 06:00:00-04:00,199.31,199.62,199.2,199.54,0.0
2025-06-02 07:00:00-04:00,199.47,199.98,199.38,199.7,0.0
2025-06-02 08:00:00-04:00,199.77,201.352,198.57,199.67,0.0
2025-06-02 09:00:00-04:00,199.7,200.85,199.19,200.28,0.0
2025-06-02 09:30:00-04:00,201.625,202.1300048828125,200.1199951171875,200.52999877929688,8866907.0
2025-06-02 10:30:00-04:00,200.52000427246094,201.99000549316406,200.35000610351562,200.7100067138672,4886322.0
2025-06-02 11:30:00-04:00,200.72000122070312,201.1186981201172,200.3000030517578,201.02999877929688,3147865.0
2025-06-02 12:30:00-04:00,201.02999877929688,201.16799926757812,200.57000732421875,200.860107421875,2227466.0
2025-06-02 13:30:00-04:00,200.86000061035156,201.52999877929688,200.58009338378906,201.45399475097656,2804759.0
2025-06-02 14:30:00-04:00,201.4499969482422,201.7799072265625,201.13999938964844,201.66000366210938,2805599.0
2025-06-02 15:30:00-04:00,201.64999389648438,201.80990600585938,201.3000030517578,201.8000030517578,3972829.0
2025-06-02 16:00:00-04:00,201.8,206.75,201.52,201.98,0.0
2025-06-02 17:00:00-04:00,201.97,202.1,201.83,201.95,0.0
2025-06-02 18:00:00-04:00,201.85,201.95,201.3,201.7,0.0
2025-06-02 19:00:00-04:00,201.7,201.94,201.21,201.57,0.0
2025-06-03 04:00:00-04:00,201.29,201.4,200.78,200.82,0.0
2025-06-03 05:00:00-04:00,200.77,201.22,200.77,201.13,0.0
2025-06-03 06:00:00-04:00,201.13,201.27,201.06,201.23,0.0
2025-06-03 07:00:00-04:00,201.21,201.32,200.97,201.24,0.0
2025-06-03 08:00:00-04:00,201.24,202.09,200.75,202.0095,0.0
2025-06-03 09:00:00-04:00,202.01,202.08,201.21,201.37,0.0
2025-06-03 09:30:00-04:00,202.13499450683594,203.24000549316406,200.9550018310547,201.74000549316406,10305758.0
2025-06-03 10:30:00-04:00,201.74000549316406,202.69000244140625,201.52020263671875,202.5,4748287.0
2025-06-03 11:30:00-04:00,202.52000427246094,203.33999633789062,202.05999755859375,203.05499267578125,4217975.0
2025-06-03 12:30:00-04:00,203.05999755859375,203.74000549316406,202.72000122070312,203.31460571289062,3820571.0
2025-06-03 13:30:00-04:00,203.3350067138672,203.77000427246094,202.5,203.09170532226562,3339508.0
2025-06-03 14:30:00-04:00,203.0800018310547,203.4398956298828,202.99000549316406,203.17999267578125,2991230.0
2025-06-03 15:30:00-04:00,203.17999267578125,203.4698944091797,202.97999572753906,203.33999633789062,4035108.0
2025-06-03 16:00:00-04:00,203.33,212.3775,197.2914,202.93,0.0
2025-06-03 17:00:00-04:00,202.95,205.5572,196.2703,202.7329,0.0
2025-06-03 18:00:00-04:00,202.7699,203.27,202.71,202.9,0.0
2025-06-03 19:00:00-04:00,202.86,203.05,202.79,203.0,0.0
2025-06-04 04:00:00-04:00,203.22,203.55,203.15,203.39,0.0
2025-06-04 05:00:00-04:00,203.38,203.45,203.17,203.3,0.0
2025-06-04 06:00:00-04:00,203.3,203.87,201.0,201.91,0.0
2025-06-04 07:00:00-04:00,201.94,202.39,201.62,202.18,0.0
2025-06-04 08:00:00-04:00,202.18,203.83,200.96,202.15,0.0
2025-06-04 09:00:00-04:00,202.19,203.0,202.0,203.0,0.0
2025-06-04 09:30:00-04:00,203.4499969482422,206.24000549316406,202.6508026123047,205.13999938964844,12614073.0
2025-06-04 10:30:00-04:00,205.1199951171875,205.17999267578125,203.99009704589844,204.08999633789062,4439145.0
2025-06-04 11:30:00-04:00,204.08999633789062,204.60000610351562,202.14999389648438,202.8300018310547,7130175.0
2025-06-04 12:30:00-04:00,202.82000732421875,203.58999633789062,202.61500549316406,203.4149932861328,2639222.0
2025-06-04 13:30:00-04:00,203.41200256347656,203.47000122070312,202.85000610351562,203.1199951171875,2609590.0
2025-06-04 14:30:00-04:00,203.11000061035156,203.25,202.75999450683594,203.19000244140625,3114173.0
2025-06-04 15:30:00-04:00,203.19000244140625,203.44769287109375,202.75999450683594,202.88699340820312,3543324.0
2025-06-04 16:00:00-04:00,202.95,204.3016,201.9471,202.48,0.0
2025-06-04 17:00:00-04:00,202.525,213.4692,196.9455,200.99,0.0
2025-06-04 18:00:00-04:00,201.02,201.7,200.86,201.51,0.0
2025-06-04 19:00:00-04:00,201.5101,201.95,201.45,201.8601,0.0
2025-06-05 04:00:00-04:00,202.88,203.39,202.71,203.23,0.0
2025-06-05 05:00:00-04:00,203.25,203.27,202.73,202.93,0.0
2025-06-05 06:00:00-04:00,202.96,203.13,202.82,203.02,0.0
2025-06-05 07:00:00-04:00,203.01,203.04,202.0,202.25,0.0
2025-06-05 08:00:00-04:00,202.3,203.375,201.69,202.79,0.0
2025-06-05 09:00:00-04:00,202.68,204.19,196.98,203.5,0.0
2025-06-05 09:30:00-04:00,203.59500122070312,203.83999633789062,201.27000427246094,202.4499969482422,9756368.0
2025-06-05 10:30:00-04:00,202.4499969482422,204.58999633789062,201.6772003173828,204.54379272460938,6631520.0
2025-06-05 11:30:00-04:00,204.53500366210938,204.75,202.47999572753906,203.13999938964844,4785035.0
2025-06-05 12:30:00-04:00,203.13999938964844,203.25,201.5500030517578,202.60009765625,3948935.0
2025-06-05 13:30:00-04:00,202.60000610351562,202.89999389648438,201.14999389648438,202.2104034423828,3145886.0
2025-06-05 14:30:00-04:00,202.2100067138672,202.72000122070312,200.1999969482422,200.72999572753906,4825395.0
2025-06-05 15:30:00-04:00,200.74000549316406,201.77000427246094,200.15960693359375,200.5500030517578,6191418.0
2025-06-05 16:00:00-04:00,200.58,202.0051,200.2,200.779,0.0
2025-06-05 17:00:00-04:00,200.6,200.9,200.16,200.29,0.0
2025-06-05 18:00:00-04:00,200.29,200.9,200.18,200.8,0.0
2025-06-05 19:00:00-04:00,200.88,201.0,200.55,200.8015,0.0
2025-06-06 04:00:00-04:00,201.41,201.75,201.4,201.65,0.0
2025-06-06 05:00:00-04:00,201.67,201.98,201.67,201.96,0.0
2025-06-06 06:00:00-04:00,201.93,201.98,201.75,201.94,0.0
2025-06-06 07:00:00-04:00,201.92,201.92,201.37,201.6,0.0
2025-06-06 08:00:00-04:00,201.51,201.9869,200.129,201.5,0.0
2025-06-06 09:00:00-04:00,201.52,203.0,201.43,202.99,0.0
2025-06-06 09:30:00-04:00,202.9949951171875,205.6999969482422,202.98309326171875,203.66000366210938,11106322.0
2025-06-06 10:30:00-04:00,203.5399932861328,204.05999755859375,202.860107421875,203.0399932861328,5013154.0
2025-06-06 11:30:00-04:00,203.02000427246094,203.60000610351562,202.61000061035156,202.625,3205114.0
2025-06-06 12:30:00-04:00,202.66220092773438,203.77999877929688,202.0500030517578,203.58999633789062,4406812.0
2025-06-06 13:30:00-04:00,203.60000610351562,205.2100067138672,203.58999633789062,204.98500061035156,4157003.0
2025-06-06 14:30:00-04:00,204.99000549316406,205.47000122070312,204.68499755859375,204.6999969482422,4253859.0
2025-06-06 15:30:00-04:00,204.69000244140625,205.22000122070312,203.89500427246094,203.92999267578125,5842274.0
2025-06-06 16:00:00-04:00,203.97,251.04,163.4118,204.03,0.0
2025-06-06 17:00:00-04:00,204.02,236.5208,163.4118,203.9999,0.0
2025-06-06 18:00:00-04:00,204.02,204.5,203.92,204.5,0.0
2025-06-06 19:00:00-04:00,204.3,204.88,204.3,204.49,0.0
2025-06-09 04:00:00-04:00,204.68,205.08,204.64,204.66,0.0
2025-06-09 05:00:00-04:00,204.68,204.98,204.41,204.81,0.0
2025-06-09 06:00:00-04:00,204.81,204.91,204.53,204.54,0.0
2025-06-09 07:00:00-04:00,204.7,205.31,204.41,205.16,0.0
2025-06-09 08:00:00-04:00,205.15,205.4795,203.92,204.9,0.0
2025-06-09 09:00:00-04:00,205.0,205.0,204.29,204.3,0.0
2025-06-09 09:30:00-04:00,204.39999389648438,206.0,203.97999572753906,205.32000732421875,10204602.0
2025-06-09 10:30:00-04:00,205.3000030517578,205.74000549316406,204.50999450683594,204.52999877929688,4646532.0
2025-06-09 11:30:00-04:00,204.5301055908203,204.91000366210938,203.72999572753906,203.92880249023438,4660532.0
2025-06-09 12:30:00-04:00,203.92999267578125,205.29989624023438,200.02000427246094,200.72000122070312,14949524.0
2025-06-09 13:30:00-04:00,200.7100067138672,202.66769409179688,200.02999877929688,201.4600067138672,13053525.0
2025-06-09 14:30:00-04:00,201.42999267578125,201.6999969482422,200.6300048828125,201.25,8620350.0
2025-06-09 15:30:00-04:00,201.2100067138672,202.35499572753906,200.88999938964844,201.44000244140625,7398849.0
2025-06-09 16:00:00-04:00,201.435,202.0665,201.15,201.4602,0.0
2025-06-09 17:00:00-04:00,201.48,205.1877,201.32,201.63,0.0
2025-06-09 18:00:00-04:00,201.62,201.7505,201.44,201.66,0.0
2025-06-09 19:00:00-04:00,201.65,201.8,201.6,201.75,0.0
2025-06-10 04:00:00-04:00,201.63,201.95,201.1,201.2,0.0
2025-06-10 05:00:00-04:00,201.23,201.79,201.23,201.74,0.0
2025-06-10 06:00:00-04:00,201.74,201.75,201.38,201.51,0.0
2025-06-10 07:00:00-04:00,201.49,201.53,200.5,200.84,0.0
2025-06-10 08:00:00-04:00,200.95,202.69,200.5,201.5499,0.0
2025-06-10 09:00:00-04:00,201.506,204.68,200.2397,200.6469,0.0
2025-06-10 09:30:00-04:00,200.60000610351562,203.35690307617188,200.57000732421875,202.8699951171875,13200692.0
2025-06-10 10:30:00-04:00,202.86000061035156,204.35000610351562,202.72999572753906,203.31500244140625,6624997.0
2025-06-10 11:30:00-04:00,203.32000732421875,203.32000732421875,202.3000946044922,202.53880310058594,4294134.0
2025-06-10 12:30:00-04:00,202.52999877929688,202.76300048828125,201.75,201.75999450683594,4163222.0
2025-06-10 13:30:00-04:00,201.77499389648438,202.10000610351562,201.30999755859375,201.6999969482422,5126577.0
2025-06-10 14:30:00-04:00,201.69000244140625,203.22500610351562,201.60000610351562,202.82000732421875,4955808.0
2025-06-10 15:30:00-04:00,202.82110595703125,202.97500610351562,202.3300018310547,202.75,4081286.0
2025-06-10 16:00:00-04:00,202.67,212.9085,202.41,202.59,0.0
2025-06-10 17:00:00-04:00,202.6,212.8842,164.954,202.68,0.0
2025-06-10 18:00:00-04:00,202.59,202.92,202.59,202.8799,0.0
2025-06-10 19:00:00-04:00,202.867,203.26,202.49,202.9,0.0
2025-06-11 04:00:00-04:00,202.95,202.95,202.5,202.6,0.0
2025-06-11 05:00:00-04:00,202.6,203.0,202.57,202.91,0.0
2025-06-11 06:00:00-04:00,202.95,202.99,202.62,202.75,0.0
2025-06-11 07:00:00-04:00,202.73,202.95,202.19,202.47,0.0
2025-06-11 08:00:00-04:00,202.48,203.45,201.9,203.11,0.0
2025-06-11 09:00:00-04:00,203.09,204.88,200.905,203.5,0.0
2025-06-11 09:30:00-04:00,203.47000122070312,204.5,202.3300018310547,202.76010131835938,10386969.0
2025-06-11 10:30:00-04:00,202.75999450683594,202.77000427246094,200.91000366210938,200.94000244140625,7233304.0
2025-06-11 11:30:00-04:00,200.89500427246094,201.1699981689453,199.65960693359375,200.2071075439453,10232286.0
2025-06-11 12:30:00-04:00,200.19070434570312,201.2364959716797,200.18499755859375,200.91000366210938,5829259.0
2025-06-11 13:30:00-04:00,200.90499877929688,200.98500061035156,198.7100067138672,199.23919677734375,6328313.0
2025-06-11 14:30:00-04:00,199.22000122070312,199.60000610351562,198.6199951171875,198.97999572753906,6509313.0
2025-06-11 15:30:00-04:00,198.9499969482422,199.125,198.41000366210938,198.85000610351562,6085149.0
2025-06-11 16:00:00-04:00,198.84,202.0365,198.51,199.19,0.0
2025-06-11 17:00:00-04:00,199.19,199.19,198.95,199.01,0.0
2025-06-11 18:00:00-04:00,198.98,199.23,198.68,198.75,0.0
2025-06-11 19:00:00-04:00,198.8,199.09,198.65,198.75,0.0
2025-06-12 04:00:00-04:00,198.68,199.19,198.4,198.85,0.0
2025-06-12 05:00:00-04:00,198.84,199.6,198.83,199.27,0.0
2025-06-12 06:00:00-04:00,199.42,199.6,198.98,199.04,0.0
2025-06-12 07:00:00-04:00,199.11,199.5,198.81,198.81,0.0
2025-06-12 08:00:00-04:00,198.84,199.5902,198.4,199.0,0.0
2025-06-12 09:00:00-04:00,199.1,199.65,198.86,199.08,0.0
2025-06-12 09:30:00-04:00,199.0800018310547,199.38999938964844,197.360107421875,198.0666961669922,10588317.0
2025-06-12 10:30:00-04:00,198.0800018310547,198.9250030517578,197.86270141601562,198.14999389648438,5324558.0
2025-06-12 11:30:00-04:00,198.13369750976562,198.63999938964844,197.7550048828125,198.58999633789062,3767271.0
2025-06-12 12:30:00-04:00,198.5800018310547,199.44000244140625,198.2100067138672,199.25999450683594,4180542.0
2025-06-12 13:30:00-04:00,199.25999450683594,199.67990112304688,198.6696014404297,198.75,3327745.0
2025-06-12 14:30:00-04:00,198.75999450683594,199.0500030517578,198.5449981689453,198.88499450683594,3064478.0
2025-06-12 15:30:00-04:00,198.8800048828125,199.1999969482422,198.39999389648438,199.1999969482422,3810648.0
2025-06-12 16:00:00-04:00,199.19,199.4,198.66,199.13,0.0
2025-06-12 17:00:00-04:00,199.0,199.6953,198.89,198.9,0.0
2025-06-12 18:00:00-04:00,198.95,199.0,198.46,198.75,0.0
2025-06-12 19:00:00-04:00,198.7111,199.2,198.0,198.57,0.0
2025-06-13 04:00:00-04:00,196.96,197.37,196.81,197.06,0.0
2025-06-13 05:00:00-04:00,197.05,197.37,196.53,197.36,0.0
2025-06-13 06:00:00-04:00,197.27,197.83,197.07,197.82,0.0
2025-06-13 07:00:00-04:00,197.82,199.15,197.8,198.78,0.0
2025-06-13 08:00:00-04:00,198.8,200.2,195.85,199.9998,0.0
2025-06-13 09:00:00-04:00,199.99,200.19,199.27,199.75,0.0
2025-06-13 09:30:00-04:00,199.50999450683594,200.3699951171875,195.91000366210938,196.15499877929688,14838318.0
2025-06-13 10:30:00-04:00,196.13999938964844,197.63999938964844,195.97999572753906,197.50999450683594,5870070.0
2025-06-13 11:30:00-04:00,197.52000427246094,198.04750061035156,197.2100067138672,197.27000427246094,4078021.0
2025-06-13 12:30:00-04:00,197.2899932861328,197.57000732421875,196.9199981689453,197.27000427246094,3611125.0
2025-06-13 13:30:00-04:00,197.25,197.7100067138672,196.22000122070312,196.2779998779297,4012087.0
2025-06-13 14:30:00-04:00,196.25999450683594,196.63999938964844,195.80999755859375,196.22000122070312,5166232.0
2025-06-13 15:30:00-04:00,196.24000549316406,196.69000244140625,195.77000427246094,196.4499969482422,5657582.0
2025-06-13 16:00:00-04:00,196.46,197.56,196.06,196.45,0.0
2025-06-13 17:00:00-04:00,196.4484,196.5,155.0257,196.4499,0.0
2025-06-13 18:00:00-04:00,196.45,196.6,196.39,196.4599,0.0
2025-06-13 19:00:00-04:00,196.46,196.49,196.3,196.4,0.0
2025-06-16 04:00:00-04:00,197.64,198.07,197.5,198.05,0.0
2025-06-16 05:00:00-04:00,198.03,198.14,197.6,197.6,0.0
2025-06-16 06:00:00-04:00,197.61,197.75,197.54,197.63,0.0
2025-06-16 07:00:00-04:00,197.68,197.77,197.3,197.43,0.0
2025-06-16 08:00:00-04:00,197.39,198.15,195.959,197.85,0.0
2025-06-16 09:00:00-04:00,197.85,197.95,196.45,197.24,0.0
2025-06-16 09:30:00-04:00,197.2899932861328,198.68499755859375,196.5635986328125,198.42999267578125,10592906.0
2025-06-16 10:30:00-04:00,198.43499755859375,198.66000366210938,197.1649932861328,197.31500244140625,5091014.0
2025-06-16 11:30:00-04:00,197.30999755859375,197.6300048828125,196.875,197.0800018310547,4269679.0
2025-06-16 12:30:00-04:00,197.10000610351562,197.9550018310547,197.02000427246094,197.875,2678380.0
2025-06-16 13:30:00-04:00,197.88499450683594,198.19000244140625,197.77000427246094,197.9886932373047,3200825.0
2025-06-16 14:30:00-04:00,197.99000549316406,198.39999389648438,197.66000366210938,198.2449951171875,3569146.0
2025-06-16 15:30:00-04:00,198.2449951171875,198.49000549316406,197.92999267578125,198.3699951171875,4718967.0
2025-06-16 16:00:00-04:00,198.42,199.7357,196.1097,197.98,0.0
2025-06-16 17:00:00-04:00,198.07,201.7418,197.85,198.17,0.0
2025-06-16 18:00:00-04:00,198.149,198.17,197.29,197.652,0.0
2025-06-16 19:00:00-04:00,197.65,197.8,197.08,197.2,0.0
2025-06-17 04:00:00-04:00,197.32,197.67,197.31,197.48,0.0
2025-06-17 05:00:00-04:00,197.46,197.71,197.26,197.34,0.0
2025-06-17 06:00:00-04:00,197.32,197.46,197.24,197.24,0.0
2025-06-17 07:00:00-04:00,197.29,197.8,197.14,197.67,0.0
2025-06-17 08:00:00-04:00,197.68,198.42,197.1,197.71,0.0
2025-06-17 09:00:00-04:00,197.7,197.8,197.0,197.07,0.0
2025-06-17 09:30:00-04:00,197.25,197.92999267578125,196.2550048828125,197.5800018310547,7902396.0
2025-06-17 10:30:00-04:00,197.58299255371094,197.7899932861328,197.3249969482422,197.5800018310547,3367583.0
2025-06-17 11:30:00-04:00,197.58999633789062,198.38890075683594,197.4600067138672,197.61500549316406,3514424.0
2025-06-17 12:30:00-04:00,197.61000061035156,197.845703125,196.46499633789062,196.52000427246094,4473741.0
2025-06-17 13:30:00-04:00,196.50999450683594,196.82000732421875,195.2100067138672,195.4600067138672,4011630.0
2025-06-17 14:30:00-04:00,195.47999572753906,195.94000244140625,195.42030334472656,195.83999633789062,3616427.0
2025-06-17 15:30:00-04:00,195.85000610351562,195.88499450683594,195.4409942626953,195.63999938964844,4321581.0
2025-06-17 16:00:00-04:00,195.65,206.75,195.55,195.75,0.0
2025-06-17 17:00:00-04:00,195.7433,204.17,195.5,195.56,0.0
2025-06-17 18:00:00-04:00,195.53,195.67,195.2,195.248,0.0
2025-06-17 19:00:00-04:00,195.2,195.47,195.11,195.2,0.0
2025-06-18 04:00:00-04:00,196.31,196.62,196.05,196.47,0.0
2025-06-18 05:00:00-04:00,196.47,196.79,196.38,196.62,0.0
2025-06-18 06:00:00-04:00,196.66,196.75,196.22,196.32,0.0
2025-06-18 07:00:00-04:00,196.35,196.42,195.75,196.08,0.0
2025-06-18 08:00:00-04:00,196.03,196.7688,195.5,196.05,0.0
2025-06-18 09:00:00-04:00,196.05,196.4,195.84,195.89,0.0
2025-06-18 09:30:00-04:00,195.9199981689453,197.50999450683594,195.07000732421875,197.06019592285156,8663131.0
2025-06-18 10:30:00-04:00,197.11000061035156,197.57000732421875,196.63499450683594,196.94000244140625,3977500.0
2025-06-18 11:30:00-04:00,196.85000610351562,197.22999572753906,196.50030517578125,196.9508056640625,2676891.0
2025-06-18 12:30:00-04:00,196.94000244140625,197.02000427246094,196.0500030517578,196.05999755859375,2527979.0
2025-06-18 13:30:00-04:00,196.07000732421875,196.97999572753906,195.6300048828125,195.91000366210938,3683814.0
2025-06-18 14:30:00-04:00,195.9199981689453,196.4499969482422,195.11000061035156,195.63999938964844,5009904.0
2025-06-18 15:30:00-04:00,195.6300048828125,197.11000061035156,195.46600341796875,196.25,7662210.0
2025-06-18 16:00:00-04:00,196.58,204.3016,183.0891,196.34,0.0
2025-06-18 17:00:00-04:00,196.2,196.9455,195.81,196.02,0.0
2025-06-18 18:00:00-04:00,196.02,196.15,195.9,196.0101,0.0
2025-06-18 19:00:00-04:00,196.0104,196.16,195.9,196.06,0.0
2025-06-20 04:00:00-04:00,196.15,196.5,196.13,196.18,0.0
2025-06-20 05:00:00-04:00,196.21,196.28,195.71,195.99,0.0
2025-06-20 06:00:00-04:00,195.99,196.18,195.9,195.91,0.0
2025-06-20 07:00:00-04:00,195.89,196.11,195.83,196.03,0.0
2025-06-20 08:00:00-04:00,196.02,196.86,195.706,196.55,0.0
2025-06-20 09:00:00-04:00,196.57,199.05,196.55,198.12,0.0
2025-06-20 09:30:00-04:00,198.23500061035156,200.94000244140625,197.52999877929688,198.67999267578125,26036367.0
2025-06-20 10:30:00-04:00,198.69000244140625,198.69000244140625,196.85960388183594,197.6699981689453,6560590.0
2025-06-20 11:30:00-04:00,197.7100067138672,198.86000061035156,197.6999969482422,198.49000549316406,4287672.0
2025-06-20 12:30:00-04:00,198.49000549316406,199.3699951171875,198.27000427246094,198.32000732421875,4286863.0
2025-06-20 13:30:00-04:00,198.32000732421875,200.19000244140625,198.07000732421875,199.80999755859375,5317209.0
2025-06-20 14:30:00-04:00,199.82000732421875,200.33670043945312,199.60009765625,199.92999267578125,7927637.0
2025-06-20 15:30:00-04:00,199.9199981689453,201.6999969482422,199.77000427246094,200.94000244140625,10755124.0
2025-06-20 16:00:00-04:00,201.0,201.55,200.31,200.65,0.0
2025-06-20 17:00:00-04:00,200.61,210.0157,197.5887,201.4,0.0
2025-06-20 18:00:00-04:00,201.4,215.1557,201.0,201.7,0.0
2025-06-20 19:00:00-04:00,201.71,201.72,201.0,201.2901,0.0
2025-06-23 04:00:00-04:00,200.69,202.0,200.52,201.8,0.0
2025-06-23 05:00:00-04:00,201.8,201.85,200.99,201.07,0.0
2025-06-23 06:00:00-04:00,201.06,201.39,200.82,200.89,0.0
2025-06-23 07:00:00-04:00,200.83,201.1,200.33,200.66,0.0
2025-06-23 08:00:00-04:00,200.62,202.0,198.09,201.2,0.0
2025-06-23 09:00:00-04:00,201.16,202.0587,198.26,201.58,0.0
2025-06-23 09:30:00-04:00,201.53199768066406,202.3000030517578,199.94000244140625,201.37179565429688,12829209.0
2025-06-23 10:30:00-04:00,201.3800048828125,201.58999633789062,200.22500610351562,200.52999877929688,5321162.0
2025-06-23 11:30:00-04:00,200.3300018310547,200.52000427246094,199.50999450683594,200.1396026611328,4993482.0
2025-06-23 12:30:00-04:00,200.13999938964844,201.52000427246094,198.9600067138672,201.43899536132812,4894801.0
2025-06-23 13:30:00-04:00,201.4600067138672,202.24000549316406,201.0800018310547,201.69000244140625,6635454.0
2025-06-23 14:30:00-04:00,201.6699981689453,201.8968048095703,201.0507049560547,201.36019897460938,4184558.0
2025-06-23 15:30:00-04:00,201.35000610351562,201.83999633789062,201.13499450683594,201.5500030517578,3965279.0
2025-06-23 16:00:00-04:00,201.55,201.72,201.2419,201.35,0.0
2025-06-23 17:00:00-04:00,201.37,201.5,199.7357,201.38,0.0
2025-06-23 18:00:00-04:00,201.38,202.49,201.27,202.38,0.0
2025-06-23 19:00:00-04:00,202.32,202.6,202.17,202.4294,0.0
2025-06-24 04:00:00-04:00,203.01,203.5,202.8,203.3,0.0
2025-06-24 05:00:00-04:00,203.32,204.11,203.17,204.11,0.0
2025-06-24 06:00:00-04:00,204.11,204.98,204.08,204.39,0.0
2025-06-24 07:00:00-04:00,204.33,204.37,203.47,203.83,0.0
2025-06-24 08:00:00-04:00,203.82,204.9883,200.997,203.94,0.0
2025-06-24 09:00:00-04:00,203.901,204.0,202.4,202.5325,0.0
2025-06-24 09:30:00-04:00,201.60000610351562,202.6699981689453,200.1999969482422,200.9822998046875,12508328.0
2025-06-24 10:30:00-04:00,200.99000549316406,201.5800018310547,200.7404022216797,201.3800048828125,4685578.0
2025-06-24 11:30:00-04:00,201.4600067138672,202.56500244140625,201.24000549316406,202.4499969482422,4724128.0
2025-06-24 12:30:00-04:00,202.45150756835938,203.44000244140625,201.94000244140625,201.9600067138672,6930517.0
2025-06-24 13:30:00-04:00,201.9600067138672,202.3300018310547,201.30999755859375,201.57000732421875,4599071.0
2025-06-24 14:30:00-04:00,201.5800018310547,202.01499938964844,201.30499267578125,201.52999877929688,5015277.0
2025-06-24 15:30:00-04:00,201.53500366210938,201.5998992919922,200.27000427246094,200.2899932861328,7488205.0
2025-06-24 16:00:00-04:00,200.3,210.214,200.25,200.8,0.0
2025-06-24 17:00:00-04:00,200.78,210.214,200.55,200.66,0.0
2025-06-24 18:00:00-04:00,200.68,200.7,200.49,200.63,0.0
2025-06-24 19:00:00-04:00,200.63,200.8,200.5032,200.8,0.0
2025-06-25 04:00:00-04:00,201.22,201.22,200.87,201.05,0.0
2025-06-25 05:00:00-04:00,200.99,201.32,200.84,201.1,0.0
2025-06-25 06:00:00-04:00,201.14,201.32,201.05,201.1,0.0
2025-06-25 07:00:00-04:00,201.14,201.7,201.02,201.11,0.0
2025-06-25 08:00:00-04:00,201.11,201.6521,199.8,201.3495,0.0
2025-06-25 09:00:00-04:00,201.35,201.62,201.05,201.48,0.0
2025-06-25 09:30:00-04:00,201.4199981689453,203.66000366210938,201.1999969482422,202.44000244140625,10894360.0
2025-06-25 10:30:00-04:00,202.44000244140625,203.1750030517578,201.99000549316406,202.10000610351562,5914874.0
2025-06-25 11:30:00-04:00,202.10499572753906,202.1699981689453,201.39999389648438,201.8699951171875,3571019.0
2025-06-25 12:30:00-04:00,201.8800048828125,202.17970275878906,201.08999633789062,201.13999938964844,2830902.0
2025-06-25 13:30:00-04:00,201.13999938964844,201.27999877929688,200.62010192871094,201.01539611816406,3158873.0
2025-06-25 14:30:00-04:00,201.02000427246094,201.5,200.9499969482422,201.15980529785156,3073812.0
2025-06-25 15:30:00-04:00,201.13999938964844,201.6199951171875,200.88499450683594,201.60000610351562,4058748.0
2025-06-25 16:00:00-04:00,201.56,203.0,201.15,201.45,0.0
2025-06-25 17:00:00-04:00,201.45,202.0365,201.29,201.3,0.0
2025-06-25 18:00:00-04:00,201.3,201.5,201.27,201.4,0.0
2025-06-25 19:00:00-04:00,201.4,201.74,201.3,201.71,0.0
2025-06-26 04:00:00-04:00,202.03,202.69,202.02,202.55,0.0
2025-06-26 05:00:00-04:00,202.5,202.75,202.25,202.29,0.0
2025-06-26 06:00:00-04:00,202.2,202.43,200.5,201.56,0.0
2025-06-26 07:00:00-04:00,201.61,201.74,201.11,201.29,0.0
2025-06-26 08:00:00-04:00,201.39,202.7452,200.4011,201.36,0.0
2025-06-26 09:00:00-04:00,201.36,201.81,200.91,201.255,0.0
2025-06-26 09:30:00-04:00,202.35000610351562,202.61500549316406,199.64999389648438,199.75,11861101.0
2025-06-26 10:30:00-04:00,199.74000549316406,200.50999450683594,199.6199951171875,199.69000244140625,6026822.0
2025-06-26 11:30:00-04:00,199.7100067138672,200.7899932861328,199.4600067138672,200.122802734375,4778323.0
2025-06-26 12:30:00-04:00,200.13780212402344,200.27000427246094,199.63499450683594,200.24000549316406,4568502.0
2025-06-26 13:30:00-04:00,200.25,201.36000061035156,199.97500610351562,200.97999572753906,5027751.0
2025-06-26 14:30:00-04:00,200.99000549316406,201.17869567871094,200.75,201.1750030517578,3971689.0
2025-06-26 15:30:00-04:00,201.17520141601562,201.55999755859375,200.7899932861328,200.94000244140625,5945620.0
2025-06-26 16:00:00-04:00,201.01,201.04,200.3086,200.92,0.0
2025-06-26 17:00:00-04:00,200.95,201.2,199.6953,201.12,0.0
2025-06-26 18:00:00-04:00,201.17,201.35,201.0,201.15,0.0
2025-06-26 19:00:00-04:00,201.18,201.3,201.0,201.28,0.0
2025-06-27 04:00:00-04:00,202.05,202.09,201.58,201.88,0.0
2025-06-27 05:00:00-04:00,201.91,202.07,201.85,201.91,0.0
2025-06-27 06:00:00-04:00,201.94,202.0,201.8,201.92,0.0
2025-06-27 07:00:00-04:00,201.93,201.96,201.56,201.9,0.0
2025-06-27 08:00:00-04:00,201.93,202.09,201.0,201.86,0.0
2025-06-27 09:00:00-04:00,201.85,201.96,201.57,201.85,0.0
2025-06-27 09:30:00-04:00,201.89500427246094,203.22000122070312,201.25999450683594,201.58009338378906,11392916.0
2025-06-27 10:30:00-04:00,201.58999633789062,201.9501953125,200.85499572753906,201.38180541992188,6069609.0
2025-06-27 11:30:00-04:00,201.39999389648438,202.0500030517578,201.38999938964844,201.99000549316406,4142671.0
2025-06-27 12:30:00-04:00,201.99000549316406,202.6999969482422,201.72999572753906,202.0800018310547,4499910.0
2025-06-27 13:30:00-04:00,202.0800018310547,202.11000061035156,200.92999267578125,201.44000244140625,5147746.0
2025-06-27 14:30:00-04:00,201.4499969482422,201.52000427246094,200.7899932861328,201.125,5338193.0
2025-06-27 15:30:00-04:00,201.1300048828125,201.27000427246094,200.22000122070312,201.10000610351562,6326536.0
2025-06-27 16:00:00-04:00,201.06,202.4032,200.8988,201.29,0.0
2025-06-27 17:00:00-04:00,201.27,201.31,201.08,201.14,0.0
2025-06-27 18:00:00-04:00,201.15,201.25,201.14,201.2,0.0
2025-06-27 19:00:00-04:00,201.1501,201.23,201.1487,201.1893,0.0
2025-06-30 04:00:00-04:00,201.76,202.3,201.69,202.26,0.0
2025-06-30 05:00:00-04:00,202.21,202.36,202.09,202.28,0.0
2025-06-30 06:00:00-04:00,202.29,202.5,202.2,202.44,0.0
2025-06-30 07:00:00-04:00,202.39,202.74,202.35,202.53,0.0
2025-06-30 08:00:00-04:00,202.53,202.75,200.578,202.12,0.0
2025-06-30 09:00:00-04:00,202.14,202.19,201.0612,202.1,0.0
2025-06-30 09:30:00-04:00,202.00999450683594,202.19000244140625,200.35240173339844,201.00990295410156,9942898.0
2025-06-30 10:30:00-04:00,201.0050048828125,201.32000732421875,199.59010314941406,199.97000122070312,7348749.0
2025-06-30 11:30:00-04:00,199.98919677734375,200.4199981689453,199.8000030517578,200.3249969482422,4709275.0
2025-06-30 12:30:00-04:00,200.30999755859375,200.47999572753906,199.84500122070312,200.15499877929688,4227066.0
2025-06-30 13:30:00-04:00,200.15499877929688,200.8300018310547,199.89999389648438,200.69500732421875,3674697.0
2025-06-30 14:30:00-04:00,200.69509887695312,207.08999633789062,199.2606964111328,206.58560180664062,26910135.0
2025-06-30 15:30:00-04:00,206.5500030517578,207.38999938964844,205.0500030517578,205.1199951171875,13956446.0
2025-06-30 16:00:00-04:00,205.06,216.1894,196.1097,205.21,0.0
2025-06-30 17:00:00-04:00,205.21,205.62,201.7418,205.5,0.0
2025-06-30 18:00:00-04:00,205.43,205.55,205.0,205.2451,0.0
2025-06-30 19:00:00-04:00,205.24,205.96,205.17,205.5,0.0
2025-07-01 04:00:00-04:00,205.16,205.16,204.58,204.93,0.0
2025-07-01 05:00:00-04:00,204.98,205.6,204.94,205.3,0.0
2025-07-01 06:00:00-04:00,205.3,205.66,205.15,205.51,0.0
2025-07-01 07:00:00-04:00,205.55,206.22,205.51,206.21,0.0
2025-07-01 08:00:00-04:00,206.17,206.6,204.41,206.5,0.0
2025-07-01 09:00:00-04:00,206.53,207.47,205.17,206.73,0.0
2025-07-01 09:30:00-04:00,206.6649932861328,209.8300018310547,206.14010620117188,209.54010009765625,26727051.0
2025-07-01 10:30:00-04:00,209.5500946044922,210.18649291992188,207.47000122070312,207.9499969482422,15475523.0
2025-07-01 11:30:00-04:00,207.9600067138672,208.18499755859375,206.7899932861328,207.875,7412772.0
2025-07-01 12:30:00-04:00,207.8699951171875,208.52999877929688,207.10000610351562,208.1103057861328,6007346.0
2025-07-01 13:30:00-04:00,208.1199951171875,208.4199981689453,207.61000061035156,208.2100067138672,4747947.0
2025-07-01 14:30:00-04:00,208.2100067138672,208.42990112304688,207.375,208.19000244140625,5033918.0
2025-07-01 15:30:00-04:00,208.18499755859375,208.22999572753906,207.51499938964844,207.86000061035156,5286012.0
2025-07-01 16:00:00-04:00,207.86,209.7938,207.7,209.177,0.0
2025-07-01 17:00:00-04:00,209.17,209.5,197.2682,209.19,0.0
2025-07-01 18:00:00-04:00,209.19,209.3,208.9997,209.14,0.0
2025-07-01 19:00:00-04:00,209.0535,209.3,208.8,208.922,0.0
2025-07-02 04:00:00-04:00,209.38,209.64,209.0,209.48,0.0
2025-07-02 05:00:00-04:00,209.44,209.46,209.1,209.35,0.0
2025-07-02 06:00:00-04:00,209.38,209.59,209.28,209.52,0.0
2025-07-02 07:00:00-04:00,209.5,209.6,209.2,209.6,0.0
2025-07-02 08:00:00-04:00,209.63,210.93,209.1,210.6,0.0
2025-07-02 09:00:00-04:00,210.5998,210.6,208.76,208.98,0.0
2025-07-02 09:30:00-04:00,209.0800018310547,213.33999633789062,208.2760009765625,212.3000030517578,24809075.0
2025-07-02 10:30:00-04:00,212.27999877929688,212.85000610351562,211.4199981689453,211.47500610351562,8338925.0
2025-07-02 11:30:00-04:00,211.49000549316406,212.00999450683594,210.86000061035156,210.92030334472656,6059046.0
2025-07-02 12:30:00-04:00,210.9199981689453,211.3300018310547,210.22000122070312,210.81809997558594,5032781.0
2025-07-02 13:30:00-04:00,210.80999755859375,211.77000427246094,210.74000549316406,211.58999633789062,3704293.0
2025-07-02 14:30:00-04:00,211.5749969482422,212.9600067138672,211.3699951171875,211.88999938964844,7090087.0
2025-07-02 15:30:00-04:00,212.0500030517578,212.75,211.9499969482422,212.41000366210938,6193408.0
2025-07-02 16:00:00-04:00,212.35,224.0301,201.9471,211.86,0.0
2025-07-02 17:00:00-04:00,211.82,224.0301,211.752,212.1,0.0
2025-07-02 18:00:00-04:00,212.05,212.1,211.92,212.0786,0.0
2025-07-02 19:00:00-04:00,212.08,212.16,212.0,212.1111,0.0
2025-07-03 04:00:00-04:00,212.8,213.1,212.55,212.55,0.0
2025-07-03 05:00:00-04:00,212.58,212.61,211.88,212.07,0.0
2025-07-03 06:00:00-04:00,212.07,212.07,209.85,210.51,0.0
2025-07-03 07:00:00-04:00,210.55,211.56,210.51,211.29,0.0
2025-07-03 08:00:00-04:00,211.3,213.09,209.81,211.49,0.0
2025-07-03 09:00:00-04:00,211.71,212.4,211.4,212.15,0.0
2025-07-03 09:30:00-04:00,212.14500427246094,213.85989379882812,211.8101043701172,213.73500061035156,11914855.0
2025-07-03 10:30:00-04:00,213.74000549316406,214.4600067138672,213.0399932861328,213.8800048828125,8989319.0
2025-07-03 11:30:00-04:00,213.889892578125,214.64999389648438,213.6699981689453,214.10000610351562,5268462.0
2025-07-03 13:00:00-04:00,214.10000610351562,214.13999938964844,201.25,213.25,0.0
2025-07-03 14:00:00-04:00,213.25,226.2517,202.0051,213.3,0.0
2025-07-03 15:00:00-04:00,213.26,213.8,213.1,213.4,0.0
2025-07-03 16:00:00-04:00,213.5,213.6,213.35,213.5999,0.0
2025-07-07 04:00:00-04:00,212.64,213.18,211.8,211.93,0.0
2025-07-07 05:00:00-04:00,211.93,211.94,211.53,211.6,0.0
2025-07-07 06:00:00-04:00,211.56,212.47,211.42,212.35,0.0
2025-07-07 07:00:00-04:00,212.35,212.63,212.34,212.48,0.0
2025-07-07 08:00:00-04:00,212.38,213.3988,211.42,212.78,0.0
2025-07-07 09:00:00-04:00,212.7782,213.55,211.9,212.7176,0.0
2025-07-07 09:30:00-04:00,212.67999267578125,216.22999572753906,211.80999755859375,212.36000061035156,13506133.0
2025-07-07 10:30:00-04:00,212.3699951171875,212.60000610351562,211.60000610351562,212.0399932861328,4497654.0
2025-07-07 11:30:00-04:00,212.1199951171875,212.1999969482422,210.3800048828125,210.8365020751953,4843940.0
2025-07-07 12:30:00-04:00,210.83900451660156,211.16990661621094,209.52000427246094,209.67039489746094,5039814.0
2025-07-07 13:30:00-04:00,209.6699981689453,210.5,208.91000366210938,208.94039916992188,4210639.0
2025-07-07 14:30:00-04:00,208.94000244140625,210.07000732421875,208.8000030517578,209.4499969482422,4388321.0
2025-07-07 15:30:00-04:00,209.4600067138672,210.25,209.19000244140625,209.94000244140625,4768433.0
2025-07-07 16:00:00-04:00,209.95,223.4856,197.5887,209.48,0.0
2025-07-07 17:00:00-04:00,209.48,219.7322,205.1877,209.14,0.0
2025-07-07 18:00:00-04:00,209.15,209.38,209.0,209.25,0.0
2025-07-07 19:00:00-04:00,209.2499,209.36,208.86,209.1,0.0
2025-07-08 04:00:00-04:00,209.94,210.49,209.9,210.25,0.0
2025-07-08 05:00:00-04:00,210.25,210.45,210.12,210.15,0.0
2025-07-08 06:00:00-04:00,210.17,210.28,209.55,209.79,0.0
2025-07-08 07:00:00-04:00,209.75,210.12,209.72,210.11,0.0
2025-07-08 08:00:00-04:00,210.1,210.5,209.54,210.28,0.0
2025-07-08 09:00:00-04:00,210.3582,213.045,209.95,210.0,0.0
2025-07-08 09:30:00-04:00,210.1300048828125,210.49000549316406,208.4499969482422,209.27999877929688,9381795.0
2025-07-08 10:30:00-04:00,209.28500366210938,211.42999267578125,209.25999450683594,209.87069702148438,5854284.0
2025-07-08 11:30:00-04:00,209.8800048828125,211.18499755859375,209.77999877929688,210.8300018310547,3759768.0
2025-07-08 12:30:00-04:00,210.83999633789062,210.88999938964844,209.5,209.8350067138672,3725509.0
2025-07-08 13:30:00-04:00,209.83999633789062,210.25999450683594,209.32000732421875,209.94500732421875,2881574.0
2025-07-08 14:30:00-04:00,209.9499969482422,210.0449981689453,209.40499877929688,209.60499572753906,2636682.0
2025-07-08 15:30:00-04:00,209.58999633789062,210.33999633789062,209.3000030517578,210.03500366210938,5121140.0
2025-07-08 16:00:00-04:00,210.01,224.4959,208.8,210.06,0.0
2025-07-08 17:00:00-04:00,210.07,211.13,202.3,209.9713,0.0
2025-07-08 18:00:00-04:00,210.07,210.16,209.97,210.14,0.0
2025-07-08 19:00:00-04:00,210.1497,210.3,210.02,210.1606,0.0
2025-07-09 04:00:00-04:00,210.16,210.17,209.89,209.9,0.0
2025-07-09 05:00:00-04:00,210.0,210.47,209.95,210.37,0.0
2025-07-09 06:00:00-04:00,210.4,210.67,210.19,210.24,0.0
2025-07-09 07:00:00-04:00,210.27,210.3,209.82,209.96,0.0
2025-07-09 08:00:00-04:00,210.03,210.67,209.8,209.94,0.0
2025-07-09 09:00:00-04:00,210.0,210.385,208.88,209.55,0.0
2025-07-09 09:30:00-04:00,209.52999877929688,210.89999389648438,209.35000610351562,209.91000366210938,8992949.0
2025-07-09 10:30:00-04:00,209.88999938964844,209.89999389648438,207.22000122070312,207.80499267578125,8309318.0
2025-07-09 11:30:00-04:00,207.80999755859375,208.22000122070312,207.26589965820312,207.8000030517578,4676493.0
2025-07-09 12:30:00-04:00,207.81039428710938,209.0449981689453,207.57139587402344,208.9156036376953,3964765.0
2025-07-09 13:30:00-04:00,208.9149932861328,209.97999572753906,208.72000122070312,209.7324981689453,4016622.0
2025-07-09 14:30:00-04:00,209.7449951171875,210.19000244140625,209.6199951171875,209.88999938964844,3710492.0
2025-07-09 15:30:00-04:00,209.8800048828125,211.3300018310547,209.72999572753906,211.11000061035156,6191235.0
2025-07-09 16:00:00-04:00,211.1,220.926,202.0365,210.79,0.0
2025-07-09 17:00:00-04:00,210.75,210.89,210.6,210.8,0.0
2025-07-09 18:00:00-04:00,210.79,210.89,210.66,210.8,0.0
2025-07-09 19:00:00-04:00,210.73,210.88,210.7,210.7,0.0
2025-07-10 04:00:00-04:00,210.35,210.37,210.1,210.18,0.0
2025-07-10 05:00:00-04:00,210.18,210.42,209.91,210.04,0.0
2025-07-10 06:00:00-04:00,210.11,210.11,209.62,209.85,0.0
2025-07-10 07:00:00-04:00,209.85,210.14,209.77,210.02,0.0
2025-07-10 08:00:00-04:00,210.09,211.14,209.6155,210.18,0.0
2025-07-10 09:00:00-04:00,210.07,211.14,209.8,210.47,0.0
2025-07-10 09:30:00-04:00,210.5050048828125,212.29989624023438,210.1199951171875,212.00999450683594,9591288.0
2025-07-10 10:30:00-04:00,212.02999877929688,213.47999572753906,211.89999389648438,212.97999572753906,8759012.0
2025-07-10 11:30:00-04:00,212.99000549316406,213.17999267578125,211.8300018310547,212.0800018310547,4598153.0
2025-07-10 12:30:00-04:00,212.07000732421875,212.77999877929688,211.85000610351562,212.6199951171875,3384939.0
2025-07-10 13:30:00-04:00,212.61000061035156,213.16000366210938,212.30999755859375,212.60000610351562,3025386.0
2025-07-10 14:30:00-04:00,212.5948944091797,213.4499969482422,212.57000732421875,212.5749969482422,3341074.0
2025-07-10 15:30:00-04:00,212.5800018310547,213.02000427246094,212.08999633789062,212.4199981689453,4470431.0
2025-07-10 16:00:00-04:00,212.425,213.2301,199.6953,212.27,0.0
2025-07-10 17:00:00-04:00,199.6953,212.41,199.6953,212.2299,0.0
2025-07-10 18:00:00-04:00,212.23,212.37,212.23,212.31,0.0
2025-07-10 19:00:00-04:00,212.35,212.5,212.3,212.4,0.0
2025-07-11 04:00:00-04:00,211.01,211.22,210.34,210.95,0.0
2025-07-11 05:00:00-04:00,210.9,211.11,210.8,210.8,0.0
2025-07-11 06:00:00-04:00,210.8,211.01,210.3,210.53,0.0
2025-07-11 07:00:00-04:00,210.55,211.05,210.36,211.01,0.0
2025-07-11 08:00:00-04:00,211.03,211.879,201.0,210.9,0.0
2025-07-11 09:00:00-04:00,211.0,211.3,210.4,210.43,0.0
2025-07-11 09:30:00-04:00,210.56500244140625,212.1300048828125,209.86000061035156,211.7899932861328,8592173.0
2025-07-11 10:30:00-04:00,211.7899932861328,211.7899932861328,210.47999572753906,210.8249969482422,4031708.0
2025-07-11 11:30:00-04:00,210.8300018310547,211.2100067138672,210.46499633789062,210.63499450683594,3418923.0
2025-07-11 12:30:00-04:00,210.6199951171875,211.2899932861328,210.4499969482422,211.1649932861328,2805663.0
2025-07-11 13:30:00-04:00,211.15499877929688,211.65980529785156,210.97999572753906,211.40499877929688,2380669.0
2025-07-11 14:30:00-04:00,211.41000366210938,211.51699829101562,210.6199951171875,211.16000366210938,2371782.0
2025-07-11 15:30:00-04:00,211.1300048828125,211.39999389648438,211.029296875,211.0749969482422,4157903.0
2025-07-11 16:00:00-04:00,211.16,211.18,201.0,210.43,0.0
2025-07-11 17:00:00-04:00,210.4232,210.98,210.41,210.59,0.0
2025-07-11 18:00:00-04:00,210.59,210.7,210.45,210.59,0.0
2025-07-11 19:00:00-04:00,210.6293,210.63,210.51,210.56,0.0
2025-07-14 04:00:00-04:00,209.84,209.84,209.33,209.45,0.0
2025-07-14 05:00:00-04:00,209.45,209.45,209.13,209.33,0.0
2025-07-14 06:00:00-04:00,209.33,209.4,209.1,209.18,0.0
2025-07-14 07:00:00-04:00,209.23,209.45,209.09,209.32,0.0
2025-07-14 08:00:00-04:00,209.32,211.16,209.1015,209.4648,0.0
2025-07-14 09:00:00-04:00,209.46,211.05,209.31,209.9,0.0
2025-07-14 09:30:00-04:00,209.90899658203125,210.91000366210938,207.5399932861328,208.02999877929688,11410322.0
2025-07-14 10:30:00-04:00,208.02999877929688,208.89169311523438,207.8249969482422,208.76499938964844,4099030.0
2025-07-14 11:30:00-04:00,208.77000427246094,209.17999267578125,208.55999755859375,208.8406982421875,3442253.0
2025-07-14 12:30:00-04:00,208.85000610351562,209.3300018310547,208.76019287109375,209.0,2496708.0
2025-07-14 13:30:00-04:00,209.0133056640625,209.4499969482422,208.96080017089844,209.0,2387557.0
2025-07-14 14:30:00-04:00,209.0,209.4073028564453,208.87010192871094,209.1999053955078,3211653.0
2025-07-14 15:30:00-04:00,209.1699981689453,209.19000244140625,208.52000427246094,208.5399932861328,4180894.0
2025-07-14 16:00:00-04:00,208.54,216.1894,196.1097,208.53,0.0
2025-07-14 17:00:00-04:00,208.54,210.92,201.455,208.49,0.0
2025-07-14 18:00:00-04:00,208.5,208.54,207.77,208.2,0.0
2025-07-14 19:00:00-04:00,208.2,208.2,208.0,208.0002,0.0
2025-07-15 04:00:00-04:00,209.54,209.89,209.15,209.49,0.0
2025-07-15 05:00:00-04:00,209.55,209.73,209.29,209.56,0.0
2025-07-15 06:00:00-04:00,209.57,209.88,209.45,209.75,0.0
2025-07-15 07:00:00-04:00,209.68,209.68,209.05,209.28,0.0
2025-07-15 08:00:00-04:00,209.3,209.88,208.099,209.099,0.0
2025-07-15 09:00:00-04:00,209.14,210.07,209.0,209.27,0.0
2025-07-15 09:30:00-04:00,209.14999389648438,211.1300048828125,208.9199981689453,210.1699981689453,9804649.0
2025-07-15 10:30:00-04:00,210.13999938964844,211.42999267578125,209.19769287109375,211.42999267578125,5300718.0
2025-07-15 11:30:00-04:00,211.42999267578125,211.88999938964844,210.36000061035156,210.67999267578125,4617922.0
2025-07-15 12:30:00-04:00,210.69500732421875,211.07000732421875,210.3800048828125,210.67269897460938,2111068.0
2025-07-15 13:30:00-04:00,210.68499755859375,211.6699981689453,210.66000366210938,211.375,2756121.0
2025-07-15 14:30:00-04:00,211.38890075683594,211.47999572753906,209.9600067138672,210.17999267578125,3943223.0
2025-07-15 15:30:00-04:00,210.2030029296875,210.2899932861328,208.99000549316406,209.00999450683594,3872873.0
2025-07-15 16:00:00-04:00,209.11,221.0936,197.2914,208.88,0.0
2025-07-15 17:00:00-04:00,208.91,209.11,208.86,208.95,0.0
2025-07-15 18:00:00-04:00,208.92,209.05,208.74,208.8237,0.0
2025-07-15 19:00:00-04:00,208.8499,209.0,208.72,208.92,0.0
2025-07-16 04:00:00-04:00,209.15,209.53,209.14,209.44,0.0
2025-07-16 05:00:00-04:00,209.46,209.68,209.29,209.43,0.0
2025-07-16 06:00:00-04:00,209.52,209.72,209.37,209.72,0.0
2025-07-16 07:00:00-04:00,209.71,209.87,209.42,209.63,0.0
2025-07-16 08:00:00-04:00,209.63,209.85,209.0864,209.76,0.0
2025-07-16 09:00:00-04:00,209.75,210.38,209.11,210.34,0.0
2025-07-16 09:30:00-04:00,210.2899932861328,212.39999389648438,209.91050720214844,212.0850067138672,11863740.0
2025-07-16 10:30:00-04:00,212.11000061035156,212.1844940185547,209.2899932861328,210.1199951171875,6716190.0
2025-07-16 11:30:00-04:00,210.1488037109375,210.5,208.63999938964844,209.58999633789062,5283557.0
2025-07-16 12:30:00-04:00,209.60000610351562,210.947998046875,209.3699951171875,210.35000610351562,2958239.0
2025-07-16 13:30:00-04:00,210.33999633789062,210.63189697265625,209.87100219726562,210.0384979248047,2325549.0
2025-07-16 14:30:00-04:00,210.0399932861328,210.58509826660156,210.0399932861328,210.3249969482422,2064165.0
2025-07-16 15:30:00-04:00,210.32000732421875,210.6365966796875,209.97000122070312,210.22000122070312,4310071.0
2025-07-16 16:00:00-04:00,210.12,217.4513,196.9455,210.05,0.0
2025-07-16 17:00:00-04:00,210.0499,210.2,210.0,210.1601,0.0
2025-07-16 18:00:00-04:00,210.2,210.2,209.89,209.9999,0.0
2025-07-16 19:00:00-04:00,210.0,210.1,209.76,210.0999,0.0
2025-07-17 04:00:00-04:00,210.36,210.5,210.18,210.4,0.0
2025-07-17 05:00:00-04:00,210.33,210.85,210.3,210.76,0.0
2025-07-17 06:00:00-04:00,210.76,210.85,210.64,210.77,0.0
2025-07-17 07:00:00-04:00,210.73,210.75,210.0,210.46,0.0
2025-07-17 08:00:00-04:00,210.43,210.89,209.635,210.6582,0.0
2025-07-17 09:00:00-04:00,210.7,211.32,210.16,210.66,0.0
2025-07-17 09:30:00-04:00,210.625,211.00999450683594,209.58999633789062,209.9499969482422,9963627.0
2025-07-17 10:30:00-04:00,209.94000244140625,210.8300018310547,209.77000427246094,210.44000244140625,4483480.0
2025-07-17 11:30:00-04:00,210.4499969482422,211.4499969482422,210.10499572753906,211.38999938964844,5714933.0
2025-07-17 12:30:00-04:00,211.38890075683594,211.50999450683594,210.7899932861328,210.9550018310547,3852173.0
2025-07-17 13:30:00-04:00,210.9499969482422,211.8000030517578,210.9001007080078,211.27999877929688,5287499.0
2025-07-17 14:30:00-04:00,211.27999877929688,211.27999877929688,210.77999877929688,210.9949951171875,4445454.0
2025-07-17 15:30:00-04:00,210.99989318847656,211.0500030517578,209.74000549316406,210.06100463867188,7016080.0
2025-07-17 16:00:00-04:00,210.02,222.7932,202.0051,210.2975,0.0
2025-07-17 17:00:00-04:00,210.24,221.3281,210.0197,210.2,0.0
2025-07-17 18:00:00-04:00,210.2,210.3,210.1,210.3,0.0
2025-07-17 19:00:00-04:00,210.1,210.3,210.1,210.2395,0.0
2025-07-18 04:00:00-04:00,210.7,210.72,210.45,210.59,0.0
2025-07-18 05:00:00-04:00,210.56,210.8,210.53,210.76,0.0
2025-07-18 06:00:00-04:00,210.73,210.75,210.49,210.52,0.0
2025-07-18 07:00:00-04:00,210.55,210.57,210.11,210.37,0.0
2025-07-18 08:00:00-04:00,210.4,210.967,209.495,210.591,0.0
2025-07-18 09:00:00-04:00,210.59,211.95,210.02,210.66,0.0
2025-07-18 09:30:00-04:00,210.7550048828125,211.00999450683594,209.70449829101562,209.9542999267578,15729684.0
2025-07-18 10:30:00-04:00,209.9600067138672,211.00999450683594,209.77000427246094,210.85000610351562,4957360.0
2025-07-18 11:30:00-04:00,210.85499572753906,211.1300048828125,210.67999267578125,211.00999450683594,3993353.0
2025-07-18 12:30:00-04:00,211.02000427246094,211.7899932861328,210.8800048828125,211.19000244140625,3840387.0
2025-07-18 13:30:00-04:00,211.17999267578125,211.5399932861328,210.75999450683594,210.93499755859375,3054294.0
2025-07-18 14:30:00-04:00,210.92999267578125,211.19500732421875,210.7899932861328,210.9499969482422,2639727.0
2025-07-18 15:30:00-04:00,210.94000244140625,211.34500122070312,210.8300018310547,211.22000122070312,4433304.0
2025-07-18 16:00:00-04:00,211.23,211.23,210.92,211.02,0.0
2025-07-18 17:00:00-04:00,211.02,222.3216,197.5887,211.23,0.0
2025-07-18 18:00:00-04:00,211.23,211.25,211.05,211.1,0.0
2025-07-18 19:00:00-04:00,211.12,211.35,211.04,211.3,0.0
2025-07-21 04:00:00-04:00,211.94,211.94,211.5,211.67,0.0
2025-07-21 05:00:00-04:00,211.67,211.92,211.63,211.85,0.0
2025-07-21 06:00:00-04:00,211.86,212.0,211.85,211.96,0.0
2025-07-21 07:00:00-04:00,211.96,212.71,211.91,212.66,0.0
2025-07-21 08:00:00-04:00,212.65,213.0,211.18,212.96,0.0
2025-07-21 09:00:00-04:00,212.96,213.0,211.18,212.1499,0.0
2025-07-21 09:30:00-04:00,212.0500030517578,215.77999877929688,211.64089965820312,214.64500427246094,19931497.0
2025-07-21 10:30:00-04:00,214.63999938964844,214.7100067138672,212.8699951171875,213.47000122070312,7487806.0
2025-07-21 11:30:00-04:00,213.4600067138672,213.7100067138672,213.16000366210938,213.31959533691406,3139375.0
2025-07-21 12:30:00-04:00,213.31500244140625,213.86000061035156,213.13999938964844,213.67999267578125,2907043.0
2025-07-21 13:30:00-04:00,213.66000366210938,213.7100067138672,212.50999450683594,213.25999450683594,4055325.0
2025-07-21 14:30:00-04:00,213.268798828125,213.42999267578125,212.50999450683594,212.5800018310547,2890224.0
2025-07-21 15:30:00-04:00,212.5800018310547,212.71859741210938,212.07000732421875,212.5399932861328,3808451.0
2025-07-21 16:00:00-04:00,212.529,223.4856,199.7357,212.24,0.0
2025-07-21 17:00:00-04:00,212.2994,226.3287,212.15,212.2523,0.0
2025-07-21 18:00:00-04:00,212.39,212.48,212.25,212.45,0.0
2025-07-21 19:00:00-04:00,212.47,212.75,212.45,212.6699,0.0
2025-07-22 04:00:00-04:00,212.55,212.68,212.32,212.62,0.0
2025-07-22 05:00:00-04:00,212.6,213.0,212.54,212.95,0.0
2025-07-22 06:00:00-04:00,212.92,213.04,212.72,212.77,0.0
2025-07-22 07:00:00-04:00,212.75,213.03,212.68,213.01,0.0
2025-07-22 08:00:00-04:00,213.03,213.22,212.4155,213.09,0.0
2025-07-22 09:00:00-04:00,213.09,213.29,211.97,213.29,0.0
2025-07-22 09:30:00-04:00,213.23500061035156,214.02999877929688,212.2301025390625,213.2655029296875,12377510.0
2025-07-22 10:30:00-04:00,213.25999450683594,213.69000244140625,212.72000122070312,213.477294921875,4721399.0
2025-07-22 11:30:00-04:00,213.47000122070312,213.82000732421875,212.75999450683594,213.27999877929688,5611485.0
2025-07-22 12:30:00-04:00,213.24000549316406,214.47999572753906,212.83999633789062,214.41119384765625,4068346.0
2025-07-22 13:30:00-04:00,214.39999389648438,214.42340087890625,213.44000244140625,213.7100067138672,3620984.0
2025-07-22 14:30:00-04:00,213.7100067138672,214.41990661621094,213.7100067138672,214.18499755859375,3749973.0
2025-07-22 15:30:00-04:00,214.17999267578125,214.64500427246094,213.92999267578125,214.38999938964844,4788294.0
2025-07-22 16:00:00-04:00,214.4,214.59,210.214,214.5,0.0
2025-07-22 17:00:00-04:00,214.51,227.3287,210.214,214.73,0.0
2025-07-22 18:00:00-04:00,214.73,214.88,214.61,214.69,0.0
2025-07-22 19:00:00-04:00,214.69,215.0,214.55,214.83,0.0
2025-07-23 04:00:00-04:00,215.3,215.5,215.06,215.42,0.0
2025-07-23 05:00:00-04:00,215.42,215.55,215.26,215.26,0.0
2025-07-23 06:00:00-04:00,215.25,215.39,215.06,215.09,0.0
2025-07-23 07:00:00-04:00,215.07,215.18,214.72,214.8,0.0
2025-07-23 08:00:00-04:00,214.78,215.55,214.7,215.37,0.0
2025-07-23 09:00:00-04:00,215.31,215.79,213.5502,215.0897,0.0
2025-07-23 09:30:00-04:00,215.0449981689453,215.10000610351562,212.41000366210938,212.9351043701172,13479209.0
2025-07-23 10:30:00-04:00,212.9499053955078,213.1699981689453,212.5,213.14999389648438,4588657.0
2025-07-23 11:30:00-04:00,213.14999389648438,213.80999755859375,212.64999389648438,213.5,4465099.0
2025-07-23 12:30:00-04:00,213.5,214.22850036621094,213.36000061035156,214.125,2552446.0
2025-07-23 13:30:00-04:00,214.1199951171875,214.63499450683594,214.07000732421875,214.40499877929688,4350901.0
2025-07-23 14:30:00-04:00,214.40499877929688,214.69500732421875,213.94000244140625,214.13999938964844,3541364.0
2025-07-23 15:30:00-04:00,214.14500427246094,214.30999755859375,213.61000061035156,214.30999755859375,4190088.0
2025-07-23 16:00:00-04:00,214.15,220.926,213.71,214.2,0.0
2025-07-23 17:00:00-04:00,214.11,214.2,213.55,213.63,0.0
2025-07-23 18:00:00-04:00,213.7,214.0,213.58,213.65,0.0
2025-07-23 19:00:00-04:00,213.61,213.84,213.602,213.61,0.0
2025-07-24 04:00:00-04:00,213.69,214.06,213.62,213.86,0.0
2025-07-24 05:00:00-04:00,213.84,213.97,213.68,213.97,0.0
2025-07-24 06:00:00-04:00,213.95,214.03,213.65,213.65,0.0
2025-07-24 07:00:00-04:00,213.66,213.97,213.38,213.91,0.0
2025-07-24 08:00:00-04:00,213.88,214.34,213.34,214.0301,0.0
2025-07-24 09:00:00-04:00,214.08,215.115,198.025,213.94,0.0
2025-07-24 09:30:00-04:00,214.05999755859375,215.69000244140625,213.52999877929688,214.4600067138672,11740713.0
2025-07-24 10:30:00-04:00,214.4499969482422,215.35000610351562,214.05960083007812,215.25999450683594,6108820.0
2025-07-24 11:30:00-04:00,215.2615966796875,215.49000549316406,214.1999969482422,214.33999633789062,4945138.0
2025-07-24 12:30:00-04:00,214.33999633789062,215.1999969482422,214.27999877929688,214.7899932861328,2987772.0
2025-07-24 13:30:00-04:00,214.7899932861328,215.1999969482422,214.55999755859375,214.73500061035156,2538966.0
2025-07-24 14:30:00-04:00,214.73890686035156,215.02000427246094,214.3300018310547,214.80999755859375,3138944.0
2025-07-24 15:30:00-04:00,214.81100463867188,214.94000244140625,213.72000122070312,213.75999450683594,5843431.0
2025-07-24 16:00:00-04:00,213.76,214.15,199.6953,214.0,0.0
2025-07-24 17:00:00-04:00,213.999,226.4,213.85,214.01,0.0
2025-07-24 18:00:00-04:00,214.01,214.22,213.76,214.159,0.0
2025-07-24 19:00:00-04:00,214.17,214.22,214.01,214.05,0.0
2025-07-25 04:00:00-04:00,214.05,214.17,213.85,214.06,0.0
2025-07-25 05:00:00-04:00,214.1,214.32,214.03,214.31,0.0
2025-07-25 06:00:00-04:00,214.26,214.59,214.24,214.38,0.0
2025-07-25 07:00:00-04:00,214.37,214.53,214.22,214.3,0.0
2025-07-25 08:00:00-04:00,214.29,214.6347,213.76,214.24,0.0
2025-07-25 09:00:00-04:00,214.24,214.74,212.485,214.63,0.0
2025-07-25 09:30:00-04:00,214.6999969482422,214.86000061035156,213.74000549316406,214.58529663085938,10049767.0
2025-07-25 10:30:00-04:00,214.58999633789062,215.24000549316406,214.2100067138672,214.50999450683594,5133351.0
2025-07-25 11:30:00-04:00,214.5850067138672,214.63999938964844,214.0500030517578,214.3896026611328,5205668.0
2025-07-25 12:30:00-04:00,214.38999938964844,214.58999633789062,214.0399932861328,214.1699981689453,2636543.0
2025-07-25 13:30:00-04:00,214.17039489746094,214.50999450683594,213.82000732421875,213.88999938964844,3060915.0
2025-07-25 14:30:00-04:00,213.91000366210938,214.00999450683594,213.39999389648438,213.5,2957957.0
2025-07-25 15:30:00-04:00,213.5050048828125,214.0,213.49000549316406,213.9600067138672,4400863.0
2025-07-25 16:00:00-04:00,213.96,214.02,213.6413,214.0199,0.0
2025-07-25 17:00:00-04:00,214.0,217.1643,213.8,213.88,0.0
2025-07-25 18:00:00-04:00,213.8802,214.0,213.85,213.92,0.0
2025-07-25 19:00:00-04:00,213.9202,214.05,213.91,214.0016,0.0
2025-07-28 04:00:00-04:00,214.56,214.74,214.34,214.42,0.0
2025-07-28 05:00:00-04:00,214.43,214.58,214.33,214.38,0.0
2025-07-28 06:00:00-04:00,214.42,214.59,214.4,214.47,0.0
2025-07-28 07:00:00-04:00,214.43,214.7,214.26,214.36,0.0
2025-07-28 08:00:00-04:00,214.35,214.94,213.346,214.38,0.0
2025-07-28 09:00:00-04:00,214.33,214.4,211.18,214.01,0.0
2025-07-28 09:30:00-04:00,214.02999877929688,214.74000549316406,213.5800018310547,214.52000427246094,7838862.0
2025-07-28 10:30:00-04:00,214.53500366210938,214.84500122070312,214.12229919433594,214.43499755859375,3872401.0
2025-07-28 11:30:00-04:00,214.44000244140625,214.75,214.2899932861328,214.5399932861328,2571343.0
2025-07-28 12:30:00-04:00,214.53500366210938,214.5749969482422,213.4149932861328,213.64500427246094,3975039.0
2025-07-28 13:30:00-04:00,213.63499450683594,214.02000427246094,213.6199951171875,213.8000030517578,2392173.0
2025-07-28 14:30:00-04:00,213.82000732421875,213.8300018310547,213.05999755859375,213.42999267578125,4397176.0
2025-07-28 15:30:00-04:00,213.4199981689453,214.0500030517578,213.32000732421875,214.0399932861328,3976187.0
2025-07-28 16:00:00-04:00,214.04,224.1021,199.7357,213.9,0.0
2025-07-28 17:00:00-04:00,213.93,214.05,213.9,213.92,0.0
2025-07-28 18:00:00-04:00,213.93,214.28,213.92,214.12,0.0
2025-07-28 19:00:00-04:00,214.21,214.21,214.11,214.1106,0.0
2025-07-29 04:00:00-04:00,214.05,214.19,213.88,214.02,0.0
2025-07-29 05:00:00-04:00,214.03,214.14,213.96,214.09,0.0
2025-07-29 06:00:00-04:00,214.1,214.12,213.79,213.82,0.0
2025-07-29 07:00:00-04:00,213.82,214.06,213.75,214.03,0.0
2025-07-29 08:00:00-04:00,214.0,214.2,213.75,214.1,0.0
2025-07-29 09:00:00-04:00,214.12,214.3,213.98,214.16,0.0
2025-07-29 09:30:00-04:00,214.16000366210938,214.80999755859375,211.50999450683594,213.0500030517578,11789728.0
2025-07-29 10:30:00-04:00,213.0399932861328,213.24830627441406,211.88999938964844,211.89999389648438,5404192.0
2025-07-29 11:30:00-04:00,211.88099670410156,212.92999267578125,211.6999969482422,212.0,4842502.0
2025-07-29 12:30:00-04:00,211.99000549316406,212.38999938964844,210.8249969482422,212.1999969482422,4558639.0
2025-07-29 13:30:00-04:00,212.2100067138672,212.38999938964844,211.81500244140625,211.9600067138672,3024877.0
2025-07-29 14:30:00-04:00,211.96499633789062,212.44000244140625,211.60000610351562,211.88999938964844,3376083.0
2025-07-29 15:30:00-04:00,211.88999938964844,211.91000366210938,211.05450439453125,211.35000610351562,4836491.0
2025-07-29 16:00:00-04:00,211.34,212.3775,197.2914,211.3598,6979307.0
