Date,open,high,low,close,volume
2023-08-29 17:00:00-04:00,12.02,12.04,12.01,12.04,0.0
2023-08-29 18:00:00-04:00,12.04,12.06,12.02,12.04,0.0
2023-08-29 19:00:00-04:00,12.05,12.07,12.04,12.06,0.0
2023-08-30 04:00:00-04:00,12.1,12.1,12.04,12.08,0.0
2023-08-30 05:00:00-04:00,12.07,12.07,12.03,12.03,0.0
2023-08-30 06:00:00-04:00,12.03,12.03,12.0,12.03,0.0
2023-08-30 07:00:00-04:00,12.04,12.05,12.03,12.04,0.0
2023-08-30 08:00:00-04:00,12.05,12.11,12.0012,12.05,0.0
2023-08-30 09:00:00-04:00,12.05,12.08,12.05,12.07,0.0
2023-08-30 09:30:00-04:00,12.069999694824219,12.149999618530273,12.050000190734863,12.095000267028809,9054722.0
2023-08-30 10:30:00-04:00,12.094200134277344,12.109999656677246,12.050000190734863,12.074999809265137,4436854.0
2023-08-30 11:30:00-04:00,12.074999809265137,12.109999656677246,12.069999694824219,12.100000381469727,3188378.0
2023-08-30 12:30:00-04:00,12.100000381469727,12.119999885559082,12.0600004196167,12.0600004196167,3160464.0
2023-08-30 13:30:00-04:00,12.0600004196167,12.079999923706055,12.010000228881836,12.020000457763672,2947628.0
2023-08-30 14:30:00-04:00,12.020000457763672,12.050000190734863,12.010000228881836,12.020099639892578,2328370.0
2023-08-30 15:30:00-04:00,12.027700424194336,12.039999961853027,12.010000228881836,12.03499984741211,3275030.0
2023-08-30 16:00:00-04:00,12.04,12.05,12.01,12.04,0.0
2023-08-30 17:00:00-04:00,12.04,12.05,12.02,12.035,0.0
2023-08-30 18:00:00-04:00,12.03,12.05,12.02,12.03,0.0
2023-08-30 19:00:00-04:00,12.04,12.04,12.02,12.02,0.0
2023-08-31 04:00:00-04:00,12.08,12.11,12.03,12.07,0.0
2023-08-31 05:00:00-04:00,12.07,12.08,12.04,12.05,0.0
2023-08-31 06:00:00-04:00,12.06,12.06,12.05,12.06,0.0
2023-08-31 07:00:00-04:00,12.06,12.06,12.04,12.06,0.0
2023-08-31 08:00:00-04:00,12.06,12.0888,12.0,12.08,0.0
2023-08-31 09:00:00-04:00,12.08,12.08,12.03,12.055,0.0
2023-08-31 09:30:00-04:00,12.130000114440918,12.1899995803833,12.09000015258789,12.145000457763672,4482984.0
2023-08-31 10:30:00-04:00,12.149999618530273,12.270000457763672,12.119999885559082,12.15999984741211,8500042.0
2023-08-31 11:30:00-04:00,12.164999961853027,12.170000076293945,12.119999885559082,12.135000228881836,3604192.0
2023-08-31 12:30:00-04:00,12.135000228881836,12.149999618530273,12.09000015258789,12.125,2063968.0
2023-08-31 13:30:00-04:00,12.122699737548828,12.149999618530273,12.119999885559082,12.145000457763672,1573685.0
2023-08-31 14:30:00-04:00,12.145000457763672,12.149999618530273,12.100000381469727,12.125,3069330.0
2023-08-31 15:30:00-04:00,12.125,12.149999618530273,12.109999656677246,12.119999885559082,5804220.0
2023-08-31 16:00:00-04:00,12.13,12.15,12.1,12.13,0.0
2023-08-31 17:00:00-04:00,12.14,12.15,12.12,12.135,0.0
2023-08-31 18:00:00-04:00,12.14,12.14,12.13,12.135,0.0
2023-08-31 19:00:00-04:00,12.14,12.15,12.13,12.13,0.0
2023-09-01 04:00:00-04:00,12.08,12.16,12.08,12.15,0.0
2023-09-01 05:00:00-04:00,12.15,12.16,12.13,12.14,0.0
2023-09-01 06:00:00-04:00,12.15,12.17,12.15,12.16,0.0
2023-09-01 07:00:00-04:00,12.16,12.17,12.15,12.16,0.0
2023-09-01 08:00:00-04:00,12.16,12.17,12.15,12.17,0.0
2023-09-01 09:00:00-04:00,12.16,12.21,12.15,12.19,0.0
2023-09-01 09:30:00-04:00,12.15999984741211,12.270000457763672,12.119999885559082,12.225000381469727,8689337.0
2023-09-01 10:30:00-04:00,12.225000381469727,12.229999542236328,12.100000381469727,12.104999542236328,4075005.0
2023-09-01 11:30:00-04:00,12.109999656677246,12.149999618530273,12.0600004196167,12.135000228881836,3969254.0
2023-09-01 12:30:00-04:00,12.135000228881836,12.145000457763672,12.079999923706055,12.085000038146973,3246735.0
2023-09-01 13:30:00-04:00,12.085000038146973,12.109999656677246,12.039999961853027,12.045000076293945,3111598.0
2023-09-01 14:30:00-04:00,12.045000076293945,12.109999656677246,12.039999961853027,12.104999542236328,3218561.0
2023-09-01 15:30:00-04:00,12.109999656677246,12.140000343322754,12.09280014038086,12.135000228881836,5147897.0
2023-09-01 16:00:00-04:00,12.14,12.15,12.09,12.135,0.0
2023-09-01 17:00:00-04:00,12.14,12.14,12.11,12.13,0.0
2023-09-01 18:00:00-04:00,12.13,12.14,12.11,12.13,0.0
2023-09-01 19:00:00-04:00,12.14,12.14,12.11,12.13,0.0
2023-09-05 04:00:00-04:00,12.13,12.15,12.09,12.09,0.0
2023-09-05 05:00:00-04:00,12.08,12.11,12.07,12.08,0.0
2023-09-05 06:00:00-04:00,12.09,12.1,12.08,12.1,0.0
2023-09-05 07:00:00-04:00,12.09,12.1,12.08,12.09,0.0
2023-09-05 08:00:00-04:00,12.09,12.18,12.0712,12.09,0.0
2023-09-05 09:00:00-04:00,12.1,12.12,12.08,12.09,0.0
2023-09-05 09:30:00-04:00,12.119999885559082,12.180000305175781,12.03499984741211,12.114999771118164,7741304.0
2023-09-05 10:30:00-04:00,12.114999771118164,12.140000343322754,12.09000015258789,12.099800109863281,6038830.0
2023-09-05 11:30:00-04:00,12.095000267028809,12.130000114440918,12.09000015258789,12.117500305175781,2856739.0
2023-09-05 12:30:00-04:00,12.117400169372559,12.119999885559082,12.039999961853027,12.050000190734863,2821021.0
2023-09-05 13:30:00-04:00,12.050000190734863,12.100000381469727,12.050000190734863,12.083499908447266,3442139.0
2023-09-05 14:30:00-04:00,12.085000038146973,12.104999542236328,12.0649995803833,12.069999694824219,2863213.0
2023-09-05 15:30:00-04:00,12.074999809265137,12.100000381469727,12.0600004196167,12.09000015258789,5632505.0
2023-09-05 16:00:00-04:00,12.085,12.11,12.05,12.065,0.0
2023-09-05 17:00:00-04:00,12.065,12.09,12.05,12.07,0.0
2023-09-05 18:00:00-04:00,12.07,12.09,12.06,12.08,0.0
2023-09-05 19:00:00-04:00,12.075,12.1,12.06,12.08,0.0
2023-09-06 04:00:00-04:00,12.07,12.09,12.06,12.09,0.0
2023-09-06 05:00:00-04:00,12.09,12.1,12.08,12.09,0.0
2023-09-06 06:00:00-04:00,12.09,12.1,12.07,12.09,0.0
2023-09-06 07:00:00-04:00,12.08,12.1,12.07,12.07,0.0
2023-09-06 08:00:00-04:00,12.07,12.09,12.05,12.055,0.0
2023-09-06 09:00:00-04:00,12.05,12.09,12.03,12.05,0.0
2023-09-06 09:30:00-04:00,12.0,12.109999656677246,11.9399995803833,11.944999694824219,6300193.0
2023-09-06 10:30:00-04:00,11.949899673461914,11.970000267028809,11.899999618530273,11.930000305175781,6135979.0
2023-09-06 11:30:00-04:00,11.9350004196167,11.9399995803833,11.899999618530273,11.904999732971191,3193504.0
2023-09-06 12:30:00-04:00,11.90999984741211,11.925000190734863,11.824999809265137,11.904999732971191,5719754.0
2023-09-06 13:30:00-04:00,11.904999732971191,12.0,11.869999885559082,11.994999885559082,5395456.0
2023-09-06 14:30:00-04:00,11.994999885559082,12.039999961853027,11.989999771118164,12.03499984741211,5687331.0
2023-09-06 15:30:00-04:00,12.032899856567383,12.09000015258789,12.029999732971191,12.079999923706055,5704665.0
2023-09-06 16:00:00-04:00,12.07,12.09,12.02,12.03,0.0
2023-09-06 17:00:00-04:00,12.03,12.07,12.01,12.0317,0.0
2023-09-06 18:00:00-04:00,12.03,12.05,12.03,12.03,0.0
2023-09-06 19:00:00-04:00,12.04,12.05,12.02,12.02,0.0
2023-09-07 04:00:00-04:00,11.78,12.1,11.78,11.99,0.0
2023-09-07 05:00:00-04:00,11.98,12.01,11.94,12.0,0.0
2023-09-07 06:00:00-04:00,12.02,12.03,12.015,12.03,0.0
2023-09-07 07:00:00-04:00,12.01,12.03,12.01,12.02,0.0
2023-09-07 08:00:00-04:00,12.01,12.06,11.97,12.02,0.0
2023-09-07 09:00:00-04:00,12.01,12.07,11.94,11.96,0.0
2023-09-07 09:30:00-04:00,11.979999542236328,12.050000190734863,11.90999984741211,11.929200172424316,7721776.0
2023-09-07 10:30:00-04:00,11.925000190734863,11.970000267028809,11.899999618530273,11.930000305175781,4723097.0
2023-09-07 11:30:00-04:00,11.9350004196167,11.979999542236328,11.930000305175781,11.96500015258789,4079716.0
2023-09-07 12:30:00-04:00,11.96500015258789,11.970000267028809,11.920000076293945,11.9399995803833,3117679.0
2023-09-07 13:30:00-04:00,11.944999694824219,11.949999809265137,11.90999984741211,11.910400390625,3374644.0
2023-09-07 14:30:00-04:00,11.90999984741211,11.949999809265137,11.899999618530273,11.944999694824219,3929973.0
2023-09-07 15:30:00-04:00,11.944999694824219,11.970000267028809,11.930000305175781,11.949999809265137,5781465.0
2023-09-07 16:00:00-04:00,11.97,11.97,11.9242,11.96,0.0
2023-09-07 17:00:00-04:00,11.97,11.97,11.95,11.95,0.0
2023-09-07 18:00:00-04:00,11.96,11.97,11.95,11.965,0.0
2023-09-07 19:00:00-04:00,11.97,11.97,11.95,11.955,0.0
2023-09-08 04:00:00-04:00,11.9,12.02,11.9,11.98,0.0
2023-09-08 05:00:00-04:00,11.96,11.96,11.94,11.96,0.0
2023-09-08 06:00:00-04:00,11.94,11.96,11.94,11.95,0.0
2023-09-08 07:00:00-04:00,11.95,11.97,11.94,11.96,0.0
2023-09-08 08:00:00-04:00,11.95,11.99,11.94,11.9491,0.0
2023-09-08 09:00:00-04:00,11.945,11.98,11.945,11.97,0.0
2023-09-08 09:30:00-04:00,11.970000267028809,12.140000343322754,11.970000267028809,12.114999771118164,6907988.0
2023-09-08 10:30:00-04:00,12.109999656677246,12.15999984741211,12.0600004196167,12.15999984741211,7723776.0
2023-09-08 11:30:00-04:00,12.15999984741211,12.300000190734863,12.130000114440918,12.279999732971191,7104446.0
2023-09-08 12:30:00-04:00,12.274999618530273,12.359999656677246,12.270000457763672,12.300000190734863,6640987.0
2023-09-08 13:30:00-04:00,12.305000305175781,12.329999923706055,12.229999542236328,12.260000228881836,5557535.0
2023-09-08 14:30:00-04:00,12.253000259399414,12.329999923706055,12.25,12.305000305175781,4462624.0
2023-09-08 15:30:00-04:00,12.3100004196167,12.329999923706055,12.270000457763672,12.3100004196167,7527765.0
2023-09-08 16:00:00-04:00,12.3,12.3287,12.27,12.28,0.0
2023-09-08 17:00:00-04:00,12.285,12.3,12.27,12.29,0.0
2023-09-08 18:00:00-04:00,12.28,12.29,12.28,12.2891,0.0
2023-09-08 19:00:00-04:00,12.285,12.29,12.27,12.275,0.0
2023-09-11 04:00:00-04:00,12.31,12.4,12.15,12.39,0.0
2023-09-11 05:00:00-04:00,12.36,12.39,12.35,12.35,0.0
2023-09-11 06:00:00-04:00,12.36,12.36,12.34,12.35,0.0
2023-09-11 07:00:00-04:00,12.36,12.36,12.33,12.34,0.0
2023-09-11 08:00:00-04:00,12.34,12.38,12.25,12.33,0.0
2023-09-11 09:00:00-04:00,12.34,12.36,12.32,12.33,0.0
2023-09-11 09:30:00-04:00,12.359999656677246,12.399999618530273,12.170000076293945,12.287500381469727,8458548.0
2023-09-11 10:30:00-04:00,12.286499977111816,12.289999961853027,12.210000038146973,12.21500015258789,3743051.0
2023-09-11 11:30:00-04:00,12.210100173950195,12.220000267028809,12.180000305175781,12.1850004196167,3790605.0
2023-09-11 12:30:00-04:00,12.1899995803833,12.25,12.170000076293945,12.244999885559082,3667515.0
2023-09-11 13:30:00-04:00,12.244999885559082,12.25,12.210000038146973,12.210000038146973,2218794.0
2023-09-11 14:30:00-04:00,12.21500015258789,12.229999542236328,12.170000076293945,12.175000190734863,4431127.0
2023-09-11 15:30:00-04:00,12.175000190734863,12.220000267028809,12.170000076293945,12.220000267028809,5122924.0
2023-09-11 16:00:00-04:00,12.21,12.23,12.17,12.185,0.0
2023-09-11 17:00:00-04:00,12.18,12.22,12.18,12.21,0.0
2023-09-11 18:00:00-04:00,12.2,12.21,12.2,12.21,0.0
2023-09-11 19:00:00-04:00,12.2,12.21,12.19,12.19,0.0
2023-09-12 04:00:00-04:00,12.21,12.3,12.19,12.19,0.0
2023-09-12 05:00:00-04:00,12.19,12.21,12.19,12.19,0.0
2023-09-12 06:00:00-04:00,12.21,12.22,12.19,12.21,0.0
2023-09-12 07:00:00-04:00,12.21,12.23,12.14,12.18,0.0
2023-09-12 08:00:00-04:00,12.18,12.23,12.15,12.1888,0.0
2023-09-12 09:00:00-04:00,12.18,12.22,12.15,12.17,0.0
2023-09-12 09:30:00-04:00,12.229999542236328,12.5600004196167,12.220000267028809,12.380000114440918,10448852.0
2023-09-12 10:30:00-04:00,12.385000228881836,12.385000228881836,12.3100004196167,12.335000038146973,4934742.0
2023-09-12 11:30:00-04:00,12.335000038146973,12.40999984741211,12.329999923706055,12.369999885559082,3531957.0
2023-09-12 12:30:00-04:00,12.359999656677246,12.4399995803833,12.34000015258789,12.417499542236328,3791735.0
2023-09-12 13:30:00-04:00,12.414999961853027,12.579999923706055,12.41100025177002,12.555000305175781,8634048.0
2023-09-12 14:30:00-04:00,12.555000305175781,12.59000015258789,12.4399995803833,12.454999923706055,6887395.0
2023-09-12 15:30:00-04:00,12.454999923706055,12.470000267028809,12.399999618530273,12.454999923706055,7893370.0
2023-09-12 16:00:00-04:00,12.45,12.55,12.445,12.54,0.0
2023-09-12 17:00:00-04:00,12.54,12.55,12.1064,12.495,0.0
2023-09-12 18:00:00-04:00,12.5,12.5,12.47,12.48,0.0
2023-09-12 19:00:00-04:00,12.48,12.53,12.48,12.52,0.0
2023-09-13 04:00:00-04:00,12.57,12.74,12.57,12.68,0.0
2023-09-13 05:00:00-04:00,12.67,12.68,12.64,12.65,0.0
2023-09-13 06:00:00-04:00,12.66,12.71,12.62,12.67,0.0
2023-09-13 07:00:00-04:00,12.68,12.735,12.61,12.64,0.0
2023-09-13 08:00:00-04:00,12.64,12.7213,12.5,12.649,0.0
2023-09-13 09:00:00-04:00,12.62,12.68,12.53,12.59,0.0
2023-09-13 09:30:00-04:00,12.6899995803833,12.90999984741211,12.649999618530273,12.755000114440918,18301781.0
2023-09-13 10:30:00-04:00,12.7524995803833,12.869999885559082,12.729999542236328,12.820099830627441,8739188.0
2023-09-13 11:30:00-04:00,12.824999809265137,12.869999885559082,12.760000228881836,12.795000076293945,6475377.0
2023-09-13 12:30:00-04:00,12.796799659729004,12.800000190734863,12.729999542236328,12.729999542236328,3164957.0
2023-09-13 13:30:00-04:00,12.734999656677246,12.739999771118164,12.664999961853027,12.71780014038086,7623859.0
2023-09-13 14:30:00-04:00,12.718899726867676,12.739999771118164,12.630000114440918,12.664999961853027,7213107.0
2023-09-13 15:30:00-04:00,12.670000076293945,12.710000038146973,12.630000114440918,12.649999618530273,7614931.0
2023-09-13 16:00:00-04:00,12.64,12.7,12.62,12.665,0.0
2023-09-13 17:00:00-04:00,12.69,12.69,12.61,12.63,0.0
2023-09-13 18:00:00-04:00,12.6207,12.66,12.62,12.63,0.0
2023-09-13 19:00:00-04:00,12.63,12.66,12.61,12.6297,0.0
2023-09-14 04:00:00-04:00,12.73,12.73,12.64,12.66,0.0
2023-09-14 05:00:00-04:00,12.64,12.68,12.64,12.66,0.0
2023-09-14 06:00:00-04:00,12.67,12.72,12.64,12.72,0.0
2023-09-14 07:00:00-04:00,12.72,12.72,12.67,12.67,0.0
2023-09-14 08:00:00-04:00,12.68,12.74,12.64,12.65,0.0
2023-09-14 09:00:00-04:00,12.65,12.66,12.61,12.65,0.0
2023-09-14 09:30:00-04:00,12.609999656677246,12.699999809265137,12.40999984741211,12.487000465393066,9983353.0
2023-09-14 10:30:00-04:00,12.484999656677246,12.539999961853027,12.475000381469727,12.479999542236328,5747043.0
2023-09-14 11:30:00-04:00,12.484999656677246,12.555000305175781,12.470000267028809,12.529999732971191,5160000.0
2023-09-14 12:30:00-04:00,12.524999618530273,12.5600004196167,12.510000228881836,12.555000305175781,3219058.0
2023-09-14 13:30:00-04:00,12.555000305175781,12.579999923706055,12.529999732971191,12.579999923706055,3946376.0
2023-09-14 14:30:00-04:00,12.574999809265137,12.640000343322754,12.569999694824219,12.595000267028809,4736683.0
2023-09-14 15:30:00-04:00,12.595000267028809,12.65999984741211,12.579999923706055,12.619999885559082,6853001.0
2023-09-14 16:00:00-04:00,12.62,12.64,12.53,12.55,0.0
2023-09-14 17:00:00-04:00,12.555,12.6,12.54,12.59,0.0
2023-09-14 18:00:00-04:00,12.6,12.6,12.55,12.58,0.0
2023-09-14 19:00:00-04:00,12.57,12.5792,12.4,12.45,0.0
2023-09-15 04:00:00-04:00,12.38,12.41,12.3,12.37,0.0
2023-09-15 05:00:00-04:00,12.38,12.39,12.33,12.33,0.0
2023-09-15 06:00:00-04:00,12.33,12.44,12.33,12.44,0.0
2023-09-15 07:00:00-04:00,12.44,12.47,12.33,12.47,0.0
2023-09-15 08:00:00-04:00,12.47,12.6,12.33,12.52,0.0
2023-09-15 09:00:00-04:00,12.52,12.53,12.39,12.41,0.0
2023-09-15 09:30:00-04:00,12.399999618530273,12.789999961853027,12.399999618530273,12.704999923706055,16632342.0
2023-09-15 10:30:00-04:00,12.704999923706055,12.720000267028809,12.539999961853027,12.710000038146973,9099422.0
2023-09-15 11:30:00-04:00,12.704999923706055,12.75,12.65999984741211,12.670000076293945,6937450.0
2023-09-15 12:30:00-04:00,12.664999961853027,12.6899995803833,12.59000015258789,12.595000267028809,4372845.0
2023-09-15 13:30:00-04:00,12.595000267028809,12.65999984741211,12.569999694824219,12.619999885559082,4632064.0
2023-09-15 14:30:00-04:00,12.625,12.699999809265137,12.609999656677246,12.630000114440918,6042580.0
2023-09-15 15:30:00-04:00,12.635000228881836,12.65999984741211,12.600000381469727,12.609999656677246,6135959.0
2023-09-15 16:00:00-04:00,12.615,12.69,12.6065,12.64,0.0
2023-09-15 17:00:00-04:00,12.64,12.66,12.61,12.645,0.0
2023-09-15 18:00:00-04:00,12.65,12.65,12.62,12.625,0.0
2023-09-15 19:00:00-04:00,12.63,12.65,12.59,12.65,0.0
2023-09-18 04:00:00-04:00,12.62,12.65,12.61,12.61,0.0
2023-09-18 05:00:00-04:00,12.63,12.64,12.61,12.62,0.0
2023-09-18 06:00:00-04:00,12.62,12.63,12.59,12.6,0.0
2023-09-18 07:00:00-04:00,12.59,12.62,12.57,12.58,0.0
2023-09-18 08:00:00-04:00,12.58,12.64,12.54,12.555,0.0
2023-09-18 09:00:00-04:00,12.55,12.56,12.5,12.5,0.0
2023-09-18 09:30:00-04:00,12.5,12.520000457763672,12.25,12.411600112915039,12041932.0
2023-09-18 10:30:00-04:00,12.40999984741211,12.449999809265137,12.380000114440918,12.430000305175781,5674018.0
2023-09-18 11:30:00-04:00,12.425000190734863,12.4399995803833,12.350000381469727,12.359999656677246,5319198.0
2023-09-18 12:30:00-04:00,12.364999771118164,12.390000343322754,12.300000190734863,12.305000305175781,5498216.0
2023-09-18 13:30:00-04:00,12.300000190734863,12.350000381469727,12.289999961853027,12.33180046081543,4884894.0
2023-09-18 14:30:00-04:00,12.335000038146973,12.359999656677246,12.3100004196167,12.319999694824219,4469355.0
2023-09-18 15:30:00-04:00,12.3149995803833,12.34000015258789,12.300000190734863,12.329999923706055,5757611.0
2023-09-18 16:00:00-04:00,12.33,12.36,12.325,12.34,0.0
2023-09-18 17:00:00-04:00,12.35,12.6996,12.33,12.33,0.0
2023-09-18 18:00:00-04:00,12.33,12.35,12.31,12.335,0.0
2023-09-18 19:00:00-04:00,12.34,12.36,12.3,12.32,0.0
2023-09-19 04:00:00-04:00,12.32,12.34,12.3,12.33,0.0
2023-09-19 05:00:00-04:00,12.34,12.34,12.33,12.33,0.0
2023-09-19 06:00:00-04:00,12.34,12.36,12.34,12.36,0.0
2023-09-19 07:00:00-04:00,12.37,12.39,12.34,12.35,0.0
2023-09-19 08:00:00-04:00,12.34,12.42,12.29,12.38,0.0
2023-09-19 09:00:00-04:00,12.38,12.39,12.29,12.34,0.0
2023-09-19 09:30:00-04:00,12.34000015258789,12.420000076293945,12.3100004196167,12.399999618530273,5342750.0
2023-09-19 10:30:00-04:00,12.39900016784668,12.430000305175781,12.359999656677246,12.425000190734863,4244539.0
2023-09-19 11:30:00-04:00,12.430000305175781,12.5600004196167,12.425000190734863,12.555000305175781,6331055.0
2023-09-19 12:30:00-04:00,12.555000305175781,12.640000343322754,12.5,12.635000228881836,4880034.0
2023-09-19 13:30:00-04:00,12.635000228881836,12.649999618530273,12.579999923706055,12.604999542236328,4826885.0
2023-09-19 14:30:00-04:00,12.604999542236328,12.640000343322754,12.529999732971191,12.59000015258789,6131254.0
2023-09-19 15:30:00-04:00,12.59000015258789,12.600000381469727,12.539999961853027,12.5600004196167,6183800.0
2023-09-19 16:00:00-04:00,12.56,12.59,12.52,12.57,0.0
2023-09-19 17:00:00-04:00,12.57,12.58,12.54,12.5598,0.0
2023-09-19 18:00:00-04:00,12.55,12.57,12.55,12.565,0.0
2023-09-19 19:00:00-04:00,12.565,12.57,12.56,12.56,0.0
2023-09-20 04:00:00-04:00,12.64,12.64,12.56,12.58,0.0
2023-09-20 05:00:00-04:00,12.58,12.63,12.58,12.59,0.0
2023-09-20 06:00:00-04:00,12.59,12.67,12.59,12.63,0.0
2023-09-20 07:00:00-04:00,12.61,12.62,12.59,12.61,0.0
2023-09-20 08:00:00-04:00,12.61,12.64,12.58,12.61,0.0
2023-09-20 09:00:00-04:00,12.6,12.63,12.6,12.62,0.0
2023-09-20 09:30:00-04:00,12.649999618530273,12.670000076293945,12.529999732971191,12.59000015258789,4852852.0
2023-09-20 10:30:00-04:00,12.59000015258789,12.630000114440918,12.5600004196167,12.5649995803833,3263999.0
2023-09-20 11:30:00-04:00,12.5649995803833,12.59000015258789,12.5,12.51609992980957,4221181.0
2023-09-20 12:30:00-04:00,12.515000343322754,12.5600004196167,12.489999771118164,12.5600004196167,3788945.0
2023-09-20 13:30:00-04:00,12.5600004196167,12.569999694824219,12.449999809265137,12.500399589538574,5648206.0
2023-09-20 14:30:00-04:00,12.5,12.550000190734863,12.430000305175781,12.460000038146973,6794085.0
2023-09-20 15:30:00-04:00,12.46500015258789,12.470000267028809,12.350000381469727,12.369999885559082,6190307.0
2023-09-20 16:00:00-04:00,12.36,12.41,12.32,12.35,0.0
2023-09-20 17:00:00-04:00,12.35,12.3985,12.34,12.37,0.0
2023-09-20 18:00:00-04:00,12.376,12.38,12.34,12.34,0.0
2023-09-20 19:00:00-04:00,12.34,12.38,12.31,12.36,0.0
2023-09-21 04:00:00-04:00,12.39,12.39,12.3,12.35,0.0
2023-09-21 05:00:00-04:00,12.35,12.36,12.33,12.35,0.0
2023-09-21 06:00:00-04:00,12.35,12.35,12.29,12.29,0.0
2023-09-21 07:00:00-04:00,12.3,12.32,12.2,12.22,0.0
2023-09-21 08:00:00-04:00,12.21,12.3312,12.2,12.23,0.0
2023-09-21 09:00:00-04:00,12.22,12.23,12.16,12.21,0.0
2023-09-21 09:30:00-04:00,12.199999809265137,12.300000190734863,12.15999984741211,12.259900093078613,7092360.0
2023-09-21 10:30:00-04:00,12.260000228881836,12.270000457763672,12.180000305175781,12.260000228881836,4464956.0
2023-09-21 11:30:00-04:00,12.255000114440918,12.350000381469727,12.25,12.3149995803833,5812557.0
2023-09-21 12:30:00-04:00,12.3193998336792,12.329999923706055,12.229999542236328,12.279999732971191,4990273.0
2023-09-21 13:30:00-04:00,12.274999618530273,12.289999961853027,12.180000305175781,12.180000305175781,3820715.0
2023-09-21 14:30:00-04:00,12.1850004196167,12.260000228881836,12.175000190734863,12.204999923706055,5184920.0
2023-09-21 15:30:00-04:00,12.209099769592285,12.220000267028809,12.180000305175781,12.199999809265137,5953741.0
2023-09-21 16:00:00-04:00,12.2,12.21,12.18,12.2096,0.0
2023-09-21 17:00:00-04:00,12.21,12.21,12.17,12.18,0.0
2023-09-21 18:00:00-04:00,12.18,12.22,12.16,12.195,0.0
2023-09-21 19:00:00-04:00,12.21,12.27,12.16,12.21,0.0
2023-09-22 04:00:00-04:00,12.21,12.24,12.21,12.22,0.0
2023-09-22 05:00:00-04:00,12.23,12.26,12.22,12.22,0.0
2023-09-22 06:00:00-04:00,12.23,12.23,12.22,12.23,0.0
2023-09-22 07:00:00-04:00,12.22,12.23,12.13,12.15,0.0
2023-09-22 08:00:00-04:00,12.15,12.24,12.12,12.2,0.0
2023-09-22 09:00:00-04:00,12.2,12.2,12.18,12.195,0.0
2023-09-22 09:30:00-04:00,12.5,12.765000343322754,12.430000305175781,12.625,22710779.0
2023-09-22 10:30:00-04:00,12.630000114440918,12.680000305175781,12.539999961853027,12.559900283813477,10111747.0
2023-09-22 11:30:00-04:00,12.559300422668457,12.579999923706055,12.489999771118164,12.5,4158762.0
2023-09-22 12:30:00-04:00,12.494999885559082,12.550000190734863,12.479999542236328,12.539999961853027,4961263.0
2023-09-22 13:30:00-04:00,12.539999961853027,12.5600004196167,12.460000038146973,12.479999542236328,5094211.0
2023-09-22 14:30:00-04:00,12.479999542236328,12.529999732971191,12.460000038146973,12.510000228881836,5494505.0
2023-09-22 15:30:00-04:00,12.510000228881836,12.520000457763672,12.40999984741211,12.430000305175781,7232499.0
2023-09-22 16:00:00-04:00,12.44,12.543,12.42,12.44,0.0
2023-09-22 17:00:00-04:00,12.45,12.46,12.44,12.46,0.0
2023-09-22 18:00:00-04:00,12.46,12.46,12.43,12.44,0.0
2023-09-22 19:00:00-04:00,12.44,12.45,12.43,12.435,0.0
2023-09-25 04:00:00-04:00,12.44,12.5,12.43,12.43,0.0
2023-09-25 05:00:00-04:00,12.47,12.47,12.41,12.42,0.0
2023-09-25 06:00:00-04:00,12.42,12.42,12.36,12.4,0.0
2023-09-25 07:00:00-04:00,12.4,12.42,12.36,12.41,0.0
2023-09-25 08:00:00-04:00,12.41,12.5,12.3512,12.38,0.0
2023-09-25 09:00:00-04:00,12.39,12.41,12.34,12.36,0.0
2023-09-25 09:30:00-04:00,12.350000381469727,12.5600004196167,12.34000015258789,12.499899864196777,8482848.0
2023-09-25 10:30:00-04:00,12.494999885559082,12.680000305175781,12.479999542236328,12.649999618530273,7775745.0
2023-09-25 11:30:00-04:00,12.654999732971191,12.699999809265137,12.630000114440918,12.674200057983398,4006401.0
2023-09-25 12:30:00-04:00,12.675000190734863,12.699999809265137,12.630000114440918,12.640000343322754,3285108.0
2023-09-25 13:30:00-04:00,12.640000343322754,12.680000305175781,12.569999694824219,12.574999809265137,4491643.0
2023-09-25 14:30:00-04:00,12.574999809265137,12.609999656677246,12.529999732971191,12.5649995803833,5846047.0
2023-09-25 15:30:00-04:00,12.569999694824219,12.59000015258789,12.539999961853027,12.585000038146973,5095531.0
2023-09-25 16:00:00-04:00,12.5611,12.65,12.56,12.64,0.0
2023-09-25 17:00:00-04:00,12.63,12.64,12.6,12.62,0.0
2023-09-25 18:00:00-04:00,12.61,12.62,12.58,12.59,0.0
2023-09-25 19:00:00-04:00,12.59,12.64,12.58,12.62,0.0
2023-09-26 04:00:00-04:00,12.62,12.62,12.55,12.55,0.0
2023-09-26 05:00:00-04:00,12.55,12.62,12.54,12.54,0.0
2023-09-26 06:00:00-04:00,12.55,12.56,12.51,12.52,0.0
2023-09-26 07:00:00-04:00,12.51,12.56,12.51,12.56,0.0
2023-09-26 08:00:00-04:00,12.55,12.6087,12.51,12.54,0.0
2023-09-26 09:00:00-04:00,12.54,12.58,12.5,12.52,0.0
2023-09-26 09:30:00-04:00,12.489999771118164,12.654999732971191,12.46500015258789,12.520000457763672,8274927.0
2023-09-26 10:30:00-04:00,12.520000457763672,12.539999961853027,12.479999542236328,12.505000114440918,4773405.0
2023-09-26 11:30:00-04:00,12.5,12.550000190734863,12.479999542236328,12.550000190734863,4408006.0
2023-09-26 12:30:00-04:00,12.545000076293945,12.5600004196167,12.4399995803833,12.442999839782715,4236684.0
2023-09-26 13:30:00-04:00,12.4399995803833,12.449999809265137,12.369999885559082,12.40410041809082,5938924.0
2023-09-26 14:30:00-04:00,12.404999732971191,12.449999809265137,12.399999618530273,12.414899826049805,5108827.0
2023-09-26 15:30:00-04:00,12.420000076293945,12.449999809265137,12.399999618530273,12.4350004196167,5417478.0
2023-09-26 16:00:00-04:00,12.43,12.45,12.4,12.44,0.0
2023-09-26 17:00:00-04:00,12.44,12.46,12.2142,12.44,0.0
2023-09-26 18:00:00-04:00,12.43,12.48,12.43,12.445,0.0
2023-09-26 19:00:00-04:00,12.44,12.47,12.44,12.47,0.0
2023-09-27 04:00:00-04:00,12.45,12.55,12.45,12.5,0.0
2023-09-27 05:00:00-04:00,12.5,12.5,12.49,12.5,0.0
2023-09-27 06:00:00-04:00,12.5,12.51,12.46,12.5,0.0
2023-09-27 07:00:00-04:00,12.5,12.52,12.47,12.52,0.0
2023-09-27 08:00:00-04:00,12.51,12.52,12.43,12.5,0.0
2023-09-27 09:00:00-04:00,12.5,12.51,12.47,12.51,0.0
2023-09-27 09:30:00-04:00,12.520000457763672,12.520000457763672,12.345000267028809,12.4399995803833,7333703.0
2023-09-27 10:30:00-04:00,12.430100440979004,12.470000267028809,12.390000343322754,12.399999618530273,4825095.0
2023-09-27 11:30:00-04:00,12.404999732971191,12.420000076293945,12.270000457763672,12.28499984741211,4257003.0
2023-09-27 12:30:00-04:00,12.287400245666504,12.350000381469727,12.25,12.250100135803223,5877914.0
2023-09-27 13:30:00-04:00,12.25,12.34000015258789,12.25,12.335000038146973,4583565.0
2023-09-27 14:30:00-04:00,12.335000038146973,12.430000305175781,12.335000038146973,12.399999618530273,7402837.0
2023-09-27 15:30:00-04:00,12.404999732971191,12.40999984741211,12.34000015258789,12.390000343322754,4586001.0
2023-09-27 16:00:00-04:00,12.385,12.4,12.35,12.4,0.0
2023-09-27 17:00:00-04:00,12.37,12.42,12.37,12.39,0.0
2023-09-27 18:00:00-04:00,12.39,12.42,12.37,12.39,0.0
2023-09-27 19:00:00-04:00,12.385,12.41,12.37,12.39,0.0
2023-09-28 04:00:00-04:00,12.78,12.78,12.36,12.37,0.0
2023-09-28 05:00:00-04:00,12.37,12.37,12.33,12.34,0.0
2023-09-28 06:00:00-04:00,12.35,12.38,12.35,12.38,0.0
2023-09-28 07:00:00-04:00,12.38,12.38,12.33,12.35,0.0
2023-09-28 08:00:00-04:00,12.35,12.41,12.33,12.35,0.0
2023-09-28 09:00:00-04:00,12.36,12.39,12.3,12.32,0.0
2023-09-28 09:30:00-04:00,12.319999694824219,12.385000228881836,12.170000076293945,12.200400352478027,6523365.0
2023-09-28 10:30:00-04:00,12.204999923706055,12.470000267028809,12.170000076293945,12.449999809265137,10349969.0
2023-09-28 11:30:00-04:00,12.444999694824219,12.600000381469727,12.4399995803833,12.590999603271484,6679115.0
2023-09-28 12:30:00-04:00,12.595000267028809,12.65999984741211,12.579999923706055,12.595000267028809,6424421.0
2023-09-28 13:30:00-04:00,12.595000267028809,12.595000267028809,12.520000457763672,12.550000190734863,5931766.0
2023-09-28 14:30:00-04:00,12.555000305175781,12.640000343322754,12.489999771118164,12.640000343322754,5873374.0
2023-09-28 15:30:00-04:00,12.635000228881836,12.640000343322754,12.539999961853027,12.5600004196167,4720267.0
2023-09-28 16:00:00-04:00,12.55,12.59,12.55,12.57,0.0
2023-09-28 17:00:00-04:00,12.39,12.59,12.39,12.58,0.0
2023-09-28 18:00:00-04:00,12.575,12.6,12.57,12.6,0.0
2023-09-28 19:00:00-04:00,12.59,12.6,12.57,12.57,0.0
2023-09-29 04:00:00-04:00,12.57,12.64,12.57,12.62,0.0
2023-09-29 05:00:00-04:00,12.62,12.62,12.59,12.6,0.0
2023-09-29 06:00:00-04:00,12.61,12.64,12.59,12.64,0.0
2023-09-29 07:00:00-04:00,12.63,12.64,12.61,12.62,0.0
2023-09-29 08:00:00-04:00,12.61,12.64,12.55,12.63,0.0
2023-09-29 09:00:00-04:00,12.62,12.65,12.6,12.625,0.0
2023-09-29 09:30:00-04:00,12.609999656677246,12.65999984741211,12.4399995803833,12.5600004196167,9384177.0
2023-09-29 10:30:00-04:00,12.550999641418457,12.630000114440918,12.46500015258789,12.610099792480469,11383794.0
2023-09-29 11:30:00-04:00,12.614999771118164,12.649999618530273,12.539999961853027,12.568699836730957,9640234.0
2023-09-29 12:30:00-04:00,12.5649995803833,12.579999923706055,12.40999984741211,12.420000076293945,7162815.0
2023-09-29 13:30:00-04:00,12.423399925231934,12.430000305175781,12.350000381469727,12.385000228881836,6792695.0
2023-09-29 14:30:00-04:00,12.385000228881836,12.470000267028809,12.369999885559082,12.420000076293945,7066939.0
2023-09-29 15:30:00-04:00,12.40999984741211,12.470000267028809,12.390000343322754,12.425000190734863,6765984.0
2023-09-29 16:00:00-04:00,12.43,12.4927,12.41,12.45,0.0
2023-09-29 17:00:00-04:00,12.45,12.45,12.42,12.44,0.0
2023-09-29 18:00:00-04:00,12.44,12.44,12.41,12.415,0.0
2023-09-29 19:00:00-04:00,12.42,12.44,12.41,12.43,0.0
2023-10-02 04:00:00-04:00,12.44,12.5,12.44,12.49,0.0
2023-10-02 05:00:00-04:00,12.5,12.5,12.47,12.5,0.0
2023-10-02 06:00:00-04:00,12.47,12.5,12.47,12.48,0.0
2023-10-02 07:00:00-04:00,12.47,12.48,12.45,12.455,0.0
2023-10-02 08:00:00-04:00,12.45,12.53,12.35,12.41,0.0
2023-10-02 09:00:00-04:00,12.41,12.41,12.31,12.345,0.0
2023-10-02 09:30:00-04:00,12.380000114440918,12.4399995803833,12.300000190734863,12.350000381469727,6397061.0
2023-10-02 10:30:00-04:00,12.350000381469727,12.390000343322754,12.25,12.349900245666504,9650626.0
2023-10-02 11:30:00-04:00,12.350000381469727,12.390000343322754,12.319999694824219,12.385000228881836,7729257.0
2023-10-02 12:30:00-04:00,12.383000373840332,12.399999618530273,12.229999542236328,12.270000457763672,7048503.0
2023-10-02 13:30:00-04:00,12.270000457763672,12.319999694824219,12.239999771118164,12.255000114440918,5683885.0
2023-10-02 14:30:00-04:00,12.255000114440918,12.289999961853027,12.229999542236328,12.270099639892578,7269911.0
2023-10-02 15:30:00-04:00,12.274999618530273,12.3100004196167,12.25,12.305000305175781,4614081.0
2023-10-02 16:00:00-04:00,12.31,12.32,12.27,12.305,0.0
2023-10-02 17:00:00-04:00,12.31,12.3461,12.29,12.295,0.0
2023-10-02 18:00:00-04:00,12.2905,12.31,12.29,12.305,0.0
2023-10-02 19:00:00-04:00,12.3,12.31,12.3,12.31,0.0
2023-10-03 04:00:00-04:00,12.36,12.36,12.33,12.34,0.0
2023-10-03 05:00:00-04:00,12.34,12.34,12.32,12.32,0.0
2023-10-03 06:00:00-04:00,12.32,12.35,12.31,12.32,0.0
2023-10-03 07:00:00-04:00,12.32,12.32,12.26,12.26,0.0
2023-10-03 08:00:00-04:00,12.26,12.34,12.23,12.26,0.0
2023-10-03 09:00:00-04:00,12.26,12.31,12.2,12.2,0.0
2023-10-03 09:30:00-04:00,12.15999984741211,12.229999542236328,12.079999923706055,12.104999542236328,9642773.0
2023-10-03 10:30:00-04:00,12.100000381469727,12.149999618530273,12.039999961853027,12.113300323486328,8442951.0
2023-10-03 11:30:00-04:00,12.109999656677246,12.149999618530273,12.050000190734863,12.145000457763672,7654995.0
2023-10-03 12:30:00-04:00,12.145000457763672,12.15999984741211,12.050000190734863,12.0600004196167,7068675.0
2023-10-03 13:30:00-04:00,12.055000305175781,12.079999923706055,12.020000457763672,12.055000305175781,5133850.0
2023-10-03 14:30:00-04:00,12.055000305175781,12.09749984741211,12.039999961853027,12.0649995803833,4902241.0
2023-10-03 15:30:00-04:00,12.069999694824219,12.119999885559082,12.0600004196167,12.074999809265137,5750106.0
2023-10-03 16:00:00-04:00,12.075,12.1,12.06,12.08,0.0
2023-10-03 17:00:00-04:00,12.07,12.1001,12.04,12.08,0.0
2023-10-03 18:00:00-04:00,12.0793,12.08,12.05,12.08,0.0
2023-10-03 19:00:00-04:00,12.07,12.1,12.06,12.0789,0.0
2023-10-04 04:00:00-04:00,12.07,12.07,12.01,12.06,0.0
2023-10-04 05:00:00-04:00,12.05,12.06,12.03,12.05,0.0
2023-10-04 06:00:00-04:00,12.06,12.1,12.06,12.1,0.0
2023-10-04 07:00:00-04:00,12.1,12.11,12.08,12.09,0.0
2023-10-04 08:00:00-04:00,12.09,12.13,12.01,12.11,0.0
2023-10-04 09:00:00-04:00,12.105,12.12,12.08,12.09,0.0
2023-10-04 09:30:00-04:00,12.020000457763672,12.050000190734863,11.9399995803833,11.994999885559082,7273040.0
2023-10-04 10:30:00-04:00,11.994999885559082,12.079999923706055,11.989999771118164,12.055000305175781,7056514.0
2023-10-04 11:30:00-04:00,12.050000190734863,12.069999694824219,12.010000228881836,12.039999961853027,5742001.0
2023-10-04 12:30:00-04:00,12.045000076293945,12.050000190734863,11.899999618530273,11.904999732971191,5270486.0
2023-10-04 13:30:00-04:00,11.899999618530273,11.9399995803833,11.880000114440918,11.914999961853027,5183862.0
2023-10-04 14:30:00-04:00,11.920000076293945,12.0,11.899999618530273,11.975000381469727,5113985.0
2023-10-04 15:30:00-04:00,11.979999542236328,12.020000457763672,11.970000267028809,11.979999542236328,5912406.0
2023-10-04 16:00:00-04:00,11.98,12.0,11.95,11.96,0.0
2023-10-04 17:00:00-04:00,11.96,11.96,11.9,11.94,0.0
2023-10-04 18:00:00-04:00,11.94,11.95,11.92,11.95,0.0
2023-10-04 19:00:00-04:00,11.95,11.95,11.92,11.93,0.0
2023-10-05 04:00:00-04:00,11.93,12.02,11.93,12.01,0.0
2023-10-05 05:00:00-04:00,12.01,12.01,11.97,11.97,0.0
2023-10-05 06:00:00-04:00,11.98,11.98,11.95,11.96,0.0
2023-10-05 07:00:00-04:00,11.96,11.97,11.91,11.93,0.0
2023-10-05 08:00:00-04:00,11.94,12.0,11.9151,11.98,0.0
2023-10-05 09:00:00-04:00,11.98,11.98,11.94,11.96,0.0
2023-10-05 09:30:00-04:00,11.9399995803833,11.999899864196777,11.84000015258789,11.855500221252441,7620995.0
2023-10-05 10:30:00-04:00,11.859999656677246,11.875,11.800000190734863,11.800000190734863,5761929.0
2023-10-05 11:30:00-04:00,11.805000305175781,11.84000015258789,11.6899995803833,11.829999923706055,10109712.0
2023-10-05 12:30:00-04:00,11.829999923706055,11.859999656677246,11.789999961853027,11.859999656677246,5294360.0
2023-10-05 13:30:00-04:00,11.854999542236328,11.930000305175781,11.84000015258789,11.895000457763672,5684308.0
2023-10-05 14:30:00-04:00,11.899999618530273,11.930000305175781,11.859999656677246,11.885000228881836,5437866.0
2023-10-05 15:30:00-04:00,11.885000228881836,11.90999984741211,11.880000114440918,11.90999984741211,4048407.0
2023-10-05 16:00:00-04:00,11.91,11.92,11.865,11.885,0.0
2023-10-05 17:00:00-04:00,11.885,11.89,11.88,11.88,0.0
2023-10-05 18:00:00-04:00,11.88,11.905,11.88,11.89,0.0
2023-10-05 19:00:00-04:00,11.895,11.91,11.89,11.8994,0.0
2023-10-06 04:00:00-04:00,11.9,11.94,11.9,11.93,0.0
2023-10-06 05:00:00-04:00,11.92,11.92,11.92,11.92,0.0
2023-10-06 06:00:00-04:00,11.93,11.94,11.89,11.94,0.0
2023-10-06 07:00:00-04:00,11.94,11.94,11.92,11.92,0.0
2023-10-06 08:00:00-04:00,11.92,11.94,11.88,11.91,0.0
2023-10-06 09:00:00-04:00,11.89,11.89,11.72,11.78,0.0
2023-10-06 09:30:00-04:00,11.819999694824219,11.890000343322754,11.6850004196167,11.774999618530273,6800934.0
2023-10-06 10:30:00-04:00,11.779999732971191,11.850000381469727,11.75,11.84000015258789,6521156.0
2023-10-06 11:30:00-04:00,11.835000038146973,12.0,11.819999694824219,11.930000305175781,6873562.0
2023-10-06 12:30:00-04:00,11.925000190734863,11.9399995803833,11.86299991607666,11.9399995803833,5764282.0
2023-10-06 13:30:00-04:00,11.939900398254395,12.100000381469727,11.930000305175781,12.069999694824219,12858216.0
2023-10-06 14:30:00-04:00,12.0649995803833,12.149999618530273,12.050000190734863,12.079999923706055,7996107.0
2023-10-06 15:30:00-04:00,12.079999923706055,12.079999923706055,11.979999542236328,12.0,5864657.0
2023-10-06 16:00:00-04:00,12.0,12.03,12.0,12.0,0.0
2023-10-06 17:00:00-04:00,12.01,12.01,12.0,12.0092,0.0
2023-10-06 18:00:00-04:00,12.01,12.01,11.99,12.0,0.0
2023-10-06 19:00:00-04:00,11.99,12.07,11.99,12.06,0.0
2023-10-09 04:00:00-04:00,12.0,12.04,11.85,11.9,0.0
2023-10-09 05:00:00-04:00,11.88,11.92,11.86,11.9,0.0
2023-10-09 06:00:00-04:00,11.9,11.9,11.88,11.88,0.0
2023-10-09 07:00:00-04:00,11.9,11.9,11.86,11.87,0.0
2023-10-09 08:00:00-04:00,11.87,11.95,11.86,11.885,0.0
2023-10-09 09:00:00-04:00,11.89,11.94,11.83,11.87,0.0
2023-10-09 09:30:00-04:00,11.800000190734863,11.979999542236328,11.779999732971191,11.954999923706055,5494529.0
2023-10-09 10:30:00-04:00,11.960000038146973,12.0,11.920000076293945,11.984999656677246,4427428.0
2023-10-09 11:30:00-04:00,11.989999771118164,12.020000457763672,11.925000190734863,11.970000267028809,2759405.0
2023-10-09 12:30:00-04:00,11.975000381469727,12.020000457763672,11.954999923706055,12.015000343322754,2992892.0
2023-10-09 13:30:00-04:00,12.020000457763672,12.130000114440918,12.015000343322754,12.129300117492676,4395409.0
2023-10-09 14:30:00-04:00,12.125,12.149999618530273,12.079999923706055,12.093700408935547,5369451.0
2023-10-09 15:30:00-04:00,12.095000267028809,12.100000381469727,12.0600004196167,12.069999694824219,4420901.0
2023-10-09 16:00:00-04:00,12.08,12.09,12.04,12.04,0.0
2023-10-09 17:00:00-04:00,12.045,12.07,12.04,12.07,0.0
2023-10-09 18:00:00-04:00,12.07,12.07,12.04,12.06,0.0
2023-10-09 19:00:00-04:00,12.07,12.09,12.04,12.05,0.0
2023-10-10 04:00:00-04:00,12.1,12.15,12.02,12.11,0.0
2023-10-10 05:00:00-04:00,12.11,12.12,12.1,12.1,0.0
2023-10-10 06:00:00-04:00,12.1,12.12,12.09,12.12,0.0
2023-10-10 07:00:00-04:00,12.11,12.13,12.05,12.06,0.0
2023-10-10 08:00:00-04:00,12.06,12.1,12.02,12.05,0.0
2023-10-10 09:00:00-04:00,12.045,12.07,12.04,12.05,0.0
2023-10-10 09:30:00-04:00,12.100000381469727,12.279999732971191,12.09000015258789,12.25,5668318.0
2023-10-10 10:30:00-04:00,12.25059986114502,12.300000190734863,12.220000267028809,12.255000114440918,4278771.0
2023-10-10 11:30:00-04:00,12.255000114440918,12.28499984741211,12.229999542236328,12.244999885559082,4225463.0
2023-10-10 12:30:00-04:00,12.239999771118164,12.260000228881836,12.149999618530273,12.192299842834473,4351247.0
2023-10-10 13:30:00-04:00,12.194999694824219,12.239999771118164,12.15999984741211,12.204999923706055,6977349.0
2023-10-10 14:30:00-04:00,12.210000038146973,12.260000228881836,12.1899995803833,12.21500015258789,6280689.0
2023-10-10 15:30:00-04:00,12.21500015258789,12.239999771118164,12.199999809265137,12.199999809265137,4767451.0
2023-10-10 16:00:00-04:00,12.2,12.22,12.2,12.22,0.0
2023-10-10 17:00:00-04:00,12.22,12.22,12.2,12.2,0.0
2023-10-10 18:00:00-04:00,12.21,12.22,12.2,12.205,0.0
2023-10-10 19:00:00-04:00,12.21,12.22,12.2,12.22,0.0
2023-10-11 04:00:00-04:00,12.24,12.25,12.22,12.22,0.0
2023-10-11 05:00:00-04:00,12.24,12.24,12.22,12.24,0.0
2023-10-11 06:00:00-04:00,12.22,12.25,12.2,12.22,0.0
2023-10-11 07:00:00-04:00,12.25,12.27,12.22,12.27,0.0
2023-10-11 08:00:00-04:00,12.27,12.28,12.21,12.25,0.0
2023-10-11 09:00:00-04:00,12.25,12.3,12.22,12.26,0.0
2023-10-11 09:30:00-04:00,12.289999961853027,12.390000343322754,12.250100135803223,12.289999961853027,5586090.0
2023-10-11 10:30:00-04:00,12.289999961853027,12.319999694824219,12.180000305175781,12.210800170898438,5302848.0
2023-10-11 11:30:00-04:00,12.211000442504883,12.239999771118164,12.149999618530273,12.164999961853027,3910072.0
2023-10-11 12:30:00-04:00,12.164999961853027,12.220000267028809,12.149999618530273,12.1850004196167,3840277.0
2023-10-11 13:30:00-04:00,12.187199592590332,12.25,12.170000076293945,12.234999656677246,3057477.0
2023-10-11 14:30:00-04:00,12.234999656677246,12.25,12.210000038146973,12.234999656677246,2802061.0
2023-10-11 15:30:00-04:00,12.234999656677246,12.270000457763672,12.210000038146973,12.255000114440918,3866290.0
2023-10-11 16:00:00-04:00,12.25,12.2688,12.225,12.26,0.0
2023-10-11 17:00:00-04:00,12.27,12.27,12.25,12.25,0.0
2023-10-11 18:00:00-04:00,12.27,12.27,12.2,12.23,0.0
2023-10-11 19:00:00-04:00,12.22,12.23,12.0293,12.03,0.0
2023-10-12 04:00:00-04:00,12.03,12.15,12.0,12.05,0.0
2023-10-12 05:00:00-04:00,12.05,12.07,11.96,12.0,0.0
2023-10-12 06:00:00-04:00,12.0,12.03,11.96,11.99,0.0
2023-10-12 07:00:00-04:00,12.02,12.02,11.9,11.97,0.0
2023-10-12 08:00:00-04:00,11.98,12.09,11.91,11.98,0.0
2023-10-12 09:00:00-04:00,11.97,11.99,11.87,11.88,0.0
2023-10-12 09:30:00-04:00,11.880000114440918,12.039999961853027,11.84000015258789,11.984999656677246,15425866.0
2023-10-12 10:30:00-04:00,11.984999656677246,12.050000190734863,11.970000267028809,12.012200355529785,6807268.0
2023-10-12 11:30:00-04:00,12.015000343322754,12.050000190734863,12.0,12.043600082397461,4558795.0
2023-10-12 12:30:00-04:00,12.045000076293945,12.069999694824219,11.970000267028809,11.970000267028809,4528115.0
2023-10-12 13:30:00-04:00,11.970000267028809,11.994999885559082,11.90999984741211,11.98009967803955,6427674.0
2023-10-12 14:30:00-04:00,11.979999542236328,12.025799751281738,11.970000267028809,12.005000114440918,5432505.0
2023-10-12 15:30:00-04:00,12.005000114440918,12.029999732971191,12.0,12.0,5536006.0
2023-10-12 16:00:00-04:00,12.02,12.02,11.98,11.995,0.0
2023-10-12 17:00:00-04:00,12.0,12.0,11.97,11.98,0.0
2023-10-12 18:00:00-04:00,11.9793,11.99,11.95,11.98,0.0
2023-10-12 19:00:00-04:00,11.98,11.99,11.96,11.985,0.0
2023-10-13 04:00:00-04:00,12.06,12.07,12.0,12.0,0.0
2023-10-13 05:00:00-04:00,12.02,12.02,11.98,11.98,0.0
2023-10-13 06:00:00-04:00,11.98,12.0,11.96,11.97,0.0
2023-10-13 07:00:00-04:00,11.97,11.97,11.96,11.97,0.0
2023-10-13 08:00:00-04:00,11.96,12.02,11.95,11.97,0.0
2023-10-13 09:00:00-04:00,11.98,12.01,11.97,12.01,0.0
2023-10-13 09:30:00-04:00,11.970000267028809,12.0,11.859999656677246,11.885000228881836,6179048.0
2023-10-13 10:30:00-04:00,11.885000228881836,11.989999771118164,11.850000381469727,11.875,9365075.0
2023-10-13 11:30:00-04:00,11.875,11.890000343322754,11.819999694824219,11.859999656677246,5335500.0
2023-10-13 12:30:00-04:00,11.859999656677246,11.875,11.8100004196167,11.824999809265137,5072779.0
2023-10-13 13:30:00-04:00,11.819999694824219,11.880000114440918,11.8100004196167,11.84000015258789,5851475.0
2023-10-13 14:30:00-04:00,11.849800109863281,11.859999656677246,11.800000190734863,11.8149995803833,5835374.0
2023-10-13 15:30:00-04:00,11.8149995803833,11.835800170898438,11.800000190734863,11.8100004196167,5365364.0
2023-10-13 16:00:00-04:00,11.82,11.84,11.73,11.76,0.0
2023-10-13 17:00:00-04:00,11.76,11.79,11.74,11.78,0.0
2023-10-13 18:00:00-04:00,11.79,11.8,11.77,11.79,0.0
2023-10-13 19:00:00-04:00,11.8,12.248,11.79,11.79,0.0
2023-10-16 04:00:00-04:00,11.78,11.92,11.78,11.82,0.0
2023-10-16 05:00:00-04:00,11.82,11.84,11.81,11.84,0.0
2023-10-16 06:00:00-04:00,11.83,11.83,11.8,11.82,0.0
2023-10-16 07:00:00-04:00,11.82,11.87,11.82,11.87,0.0
2023-10-16 08:00:00-04:00,11.86,11.92,11.78,11.84,0.0
2023-10-16 09:00:00-04:00,11.85,11.89,11.84,11.87,0.0
2023-10-16 09:30:00-04:00,11.90999984741211,11.960000038146973,11.819999694824219,11.904999732971191,5382499.0
2023-10-16 10:30:00-04:00,11.899999618530273,11.930000305175781,11.880000114440918,11.90999984741211,4211978.0
2023-10-16 11:30:00-04:00,11.904999732971191,11.930000305175781,11.869999885559082,11.904999732971191,4027532.0
2023-10-16 12:30:00-04:00,11.904999732971191,11.930000305175781,11.869999885559082,11.914999961853027,3035087.0
2023-10-16 13:30:00-04:00,11.920000076293945,11.949999809265137,11.899999618530273,11.904999732971191,2746551.0
2023-10-16 14:30:00-04:00,11.904999732971191,11.949999809265137,11.890000343322754,11.940099716186523,2808577.0
2023-10-16 15:30:00-04:00,11.944999694824219,11.960000038146973,11.90999984741211,11.925000190734863,4507295.0
2023-10-16 16:00:00-04:00,11.93,11.99,11.92,11.94,0.0
2023-10-16 17:00:00-04:00,11.95,11.95,11.92,11.94,0.0
2023-10-16 18:00:00-04:00,11.95,11.95,11.92,11.93,0.0
2023-10-16 19:00:00-04:00,11.92,11.95,11.92,11.93,0.0
2023-10-17 04:00:00-04:00,11.94,11.94,11.89,11.92,0.0
2023-10-17 05:00:00-04:00,11.92,11.94,11.9,11.905,0.0
2023-10-17 06:00:00-04:00,11.905,11.91,11.89,11.9,0.0
2023-10-17 07:00:00-04:00,11.89,11.92,11.88,11.91,0.0
2023-10-17 08:00:00-04:00,11.9,11.95,11.9,11.91,0.0
2023-10-17 09:00:00-04:00,11.9,11.91,11.86,11.88,0.0
2023-10-17 09:30:00-04:00,11.850000381469727,12.050000190734863,11.850000381469727,12.024999618530273,6118199.0
2023-10-17 10:30:00-04:00,12.024999618530273,12.109999656677246,12.010000228881836,12.069899559020996,6245565.0
2023-10-17 11:30:00-04:00,12.0649995803833,12.170000076293945,12.0600004196167,12.149499893188477,6597737.0
2023-10-17 12:30:00-04:00,12.149200439453125,12.149999618530273,12.079999923706055,12.089599609375,3645399.0
2023-10-17 13:30:00-04:00,12.088899612426758,12.09000015258789,12.039999961853027,12.0649995803833,2862259.0
2023-10-17 14:30:00-04:00,12.0649995803833,12.100000381469727,12.029999732971191,12.0649995803833,5279539.0
2023-10-17 15:30:00-04:00,12.0649995803833,12.069999694824219,12.010000228881836,12.029999732971191,4702255.0
2023-10-17 16:00:00-04:00,12.01,12.07,12.0,12.01,0.0
2023-10-17 17:00:00-04:00,12.01,12.03,12.01,12.02,0.0
2023-10-17 18:00:00-04:00,12.01,12.03,12.0,12.005,0.0
2023-10-17 19:00:00-04:00,12.005,12.03,12.0,12.02,0.0
2023-10-18 04:00:00-04:00,12.2,12.2,11.9,12.01,0.0
2023-10-18 05:00:00-04:00,12.01,12.03,12.01,12.02,0.0
2023-10-18 06:00:00-04:00,12.01,12.02,11.99,11.99,0.0
2023-10-18 07:00:00-04:00,12.0,12.01,11.98,11.99,0.0
2023-10-18 08:00:00-04:00,11.99,12.01,11.9,11.985,0.0
2023-10-18 09:00:00-04:00,11.99,11.99,11.94,11.97,0.0
2023-10-18 09:30:00-04:00,11.930000305175781,11.930000305175781,11.829999923706055,11.864999771118164,7559068.0
2023-10-18 10:30:00-04:00,11.859999656677246,11.890000343322754,11.8100004196167,11.875,7169136.0
2023-10-18 11:30:00-04:00,11.875,11.890000343322754,11.829999923706055,11.835000038146973,6104461.0
2023-10-18 12:30:00-04:00,11.830100059509277,11.880000114440918,11.800000190734863,11.845000267028809,4659404.0
2023-10-18 13:30:00-04:00,11.845000267028809,11.869999885559082,11.8100004196167,11.835000038146973,3965979.0
2023-10-18 14:30:00-04:00,11.835000038146973,11.850000381469727,11.760000228881836,11.778499603271484,4140005.0
2023-10-18 15:30:00-04:00,11.77750015258789,11.800000190734863,11.75,11.756999969482422,6100289.0
2023-10-18 16:00:00-04:00,11.75,11.8,11.75,11.78,0.0
2023-10-18 17:00:00-04:00,11.775,11.78,11.75,11.765,0.0
2023-10-18 18:00:00-04:00,11.75,11.78,11.73,11.77,0.0
2023-10-18 19:00:00-04:00,11.77,11.77,11.71,11.72,0.0
2023-10-19 04:00:00-04:00,11.72,11.82,11.58,11.64,0.0
2023-10-19 05:00:00-04:00,11.64,11.64,11.57,11.57,0.0
2023-10-19 06:00:00-04:00,11.58,11.68,11.58,11.64,0.0
2023-10-19 07:00:00-04:00,11.64,11.67,11.56,11.58,0.0
2023-10-19 08:00:00-04:00,11.58,11.75,11.56,11.59,0.0
2023-10-19 09:00:00-04:00,11.6,11.63,11.57,11.605,0.0
2023-10-19 09:30:00-04:00,11.59000015258789,11.760000228881836,11.569999694824219,11.651000022888184,8205163.0
2023-10-19 10:30:00-04:00,11.654999732971191,11.720000267028809,11.640000343322754,11.670000076293945,4192365.0
2023-10-19 11:30:00-04:00,11.664999961853027,11.729999542236328,11.619999885559082,11.670100212097168,6819616.0
2023-10-19 12:30:00-04:00,11.675000190734863,11.720000267028809,11.619999885559082,11.704999923706055,7537219.0
2023-10-19 13:30:00-04:00,11.70989990234375,11.71500015258789,11.579999923706055,11.587200164794922,6225823.0
2023-10-19 14:30:00-04:00,11.584699630737305,11.59000015258789,11.510000228881836,11.520000457763672,5013765.0
2023-10-19 15:30:00-04:00,11.524999618530273,11.550000190734863,11.510000228881836,11.520000457763672,6889027.0
2023-10-19 16:00:00-04:00,11.55,11.55,11.51,11.54,0.0
2023-10-19 17:00:00-04:00,11.54,11.54,11.51,11.52,0.0
2023-10-19 18:00:00-04:00,11.52,11.54,11.51,11.53,0.0
2023-10-19 19:00:00-04:00,11.52,11.64,11.51,11.57,0.0
2023-10-20 04:00:00-04:00,11.58,11.65,11.55,11.56,0.0
2023-10-20 05:00:00-04:00,11.58,11.6,11.57,11.6,0.0
2023-10-20 06:00:00-04:00,11.6,11.6,11.54,11.55,0.0
2023-10-20 07:00:00-04:00,11.545,11.56,11.52,11.55,0.0
2023-10-20 08:00:00-04:00,11.56,11.68,11.53,11.625,0.0
2023-10-20 09:00:00-04:00,11.6295,11.67,11.61,11.62,0.0
2023-10-20 09:30:00-04:00,11.579999923706055,11.760000228881836,11.539999961853027,11.720000267028809,11177122.0
2023-10-20 10:30:00-04:00,11.71500015258789,11.739999771118164,11.569999694824219,11.595000267028809,7094782.0
2023-10-20 11:30:00-04:00,11.591500282287598,11.6899995803833,11.569999694824219,11.654999732971191,6268081.0
2023-10-20 12:30:00-04:00,11.654999732971191,11.739999771118164,11.649999618530273,11.695699691772461,5665082.0
2023-10-20 13:30:00-04:00,11.694999694824219,11.710000038146973,11.609999656677246,11.614999771118164,4687943.0
2023-10-20 14:30:00-04:00,11.614999771118164,11.656000137329102,11.59000015258789,11.604999542236328,6803706.0
2023-10-20 15:30:00-04:00,11.604999542236328,11.649999618530273,11.579999923706055,11.635000228881836,7052708.0
2023-10-20 16:00:00-04:00,11.64,11.68,11.57,11.64,0.0
2023-10-20 17:00:00-04:00,11.64,11.65,11.62,11.63,0.0
2023-10-20 18:00:00-04:00,11.62,11.64,11.6,11.63,0.0
2023-10-20 19:00:00-04:00,11.62,11.64,11.6,11.63,0.0
2023-10-23 04:00:00-04:00,11.64,11.65,11.63,11.65,0.0
2023-10-23 05:00:00-04:00,11.65,11.65,11.48,11.5,0.0
2023-10-23 06:00:00-04:00,11.52,11.52,11.49,11.5,0.0
2023-10-23 07:00:00-04:00,11.51,11.58,11.47,11.51,0.0
2023-10-23 08:00:00-04:00,11.52,11.69,11.48,11.565,0.0
2023-10-23 09:00:00-04:00,11.57,11.57,11.55,11.55,0.0
2023-10-23 09:30:00-04:00,11.550000190734863,11.590999603271484,11.420000076293945,11.5,10586277.0
2023-10-23 10:30:00-04:00,11.5,11.60990047454834,11.470000267028809,11.595000267028809,7612692.0
2023-10-23 11:30:00-04:00,11.59000015258789,11.619999885559082,11.579999923706055,11.614999771118164,4583042.0
2023-10-23 12:30:00-04:00,11.618599891662598,11.6899995803833,11.609999656677246,11.619999885559082,5717808.0
2023-10-23 13:30:00-04:00,11.625,11.65999984741211,11.59000015258789,11.615699768066406,4848249.0
2023-10-23 14:30:00-04:00,11.614999771118164,11.640000343322754,11.489999771118164,11.489999771118164,6016847.0
2023-10-23 15:30:00-04:00,11.489999771118164,11.5,11.470000267028809,11.484999656677246,6774801.0
2023-10-23 16:00:00-04:00,11.48,11.51,11.48,11.5,0.0
2023-10-23 17:00:00-04:00,11.49,11.51,11.48,11.51,0.0
2023-10-23 18:00:00-04:00,11.5,11.51,11.49,11.51,0.0
2023-10-23 19:00:00-04:00,11.5,11.53,11.49,11.53,0.0
2023-10-24 04:00:00-04:00,11.54,11.59,11.53,11.59,0.0
2023-10-24 05:00:00-04:00,11.54,11.59,11.54,11.59,0.0
2023-10-24 06:00:00-04:00,11.59,11.59,11.56,11.58,0.0
2023-10-24 07:00:00-04:00,11.56,11.64,11.52,11.56,0.0
2023-10-24 08:00:00-04:00,11.56,11.6212,11.5,11.59,0.0
2023-10-24 09:00:00-04:00,11.58,11.64,11.45,11.53,0.0
2023-10-24 09:30:00-04:00,11.5,11.570300102233887,11.460000038146973,11.507200241088867,9375900.0
2023-10-24 10:30:00-04:00,11.505000114440918,11.539999961853027,11.460000038146973,11.510000228881836,7156150.0
2023-10-24 11:30:00-04:00,11.510000228881836,11.520000457763672,11.420000076293945,11.425000190734863,6325836.0
2023-10-24 12:30:00-04:00,11.430000305175781,11.470000267028809,11.40999984741211,11.444999694824219,5028919.0
2023-10-24 13:30:00-04:00,11.444999694824219,11.460000038146973,11.399999618530273,11.414199829101562,4200832.0
2023-10-24 14:30:00-04:00,11.420000076293945,11.430000305175781,11.380000114440918,11.395000457763672,6270620.0
2023-10-24 15:30:00-04:00,11.395000457763672,11.430000305175781,11.38010025024414,11.390000343322754,6053462.0
2023-10-24 16:00:00-04:00,11.405,11.4556,11.38,11.41,0.0
2023-10-24 17:00:00-04:00,11.39,11.42,11.38,11.4,0.0
2023-10-24 18:00:00-04:00,11.39,11.42,11.39,11.41,0.0
2023-10-24 19:00:00-04:00,11.39,11.41,11.37,11.38,0.0
2023-10-25 04:00:00-04:00,11.38,11.41,11.34,11.38,0.0
2023-10-25 05:00:00-04:00,11.4,11.4,11.35,11.37,0.0
2023-10-25 06:00:00-04:00,11.37,11.37,11.36,11.37,0.0
2023-10-25 07:00:00-04:00,11.37,11.39,11.37,11.38,0.0
2023-10-25 08:00:00-04:00,11.37,11.43,11.32,11.33,0.0
2023-10-25 09:00:00-04:00,11.33,11.33,11.31,11.32,0.0
2023-10-25 09:30:00-04:00,11.350000381469727,11.430000305175781,11.220000267028809,11.25,7898039.0
2023-10-25 10:30:00-04:00,11.244999885559082,11.295000076293945,11.210000038146973,11.274999618530273,8543787.0
2023-10-25 11:30:00-04:00,11.270000457763672,11.289999961853027,11.210000038146973,11.225000381469727,5843283.0
2023-10-25 12:30:00-04:00,11.220000267028809,11.640000343322754,11.220000267028809,11.614999771118164,14711534.0
2023-10-25 13:30:00-04:00,11.614999771118164,11.619999885559082,11.350000381469727,11.5,14584492.0
2023-10-25 14:30:00-04:00,11.505000114440918,11.510000228881836,11.449999809265137,11.494999885559082,6659164.0
2023-10-25 15:30:00-04:00,11.5,11.59000015258789,11.489999771118164,11.550000190734863,11378182.0
2023-10-25 16:00:00-04:00,11.56,11.6,11.54,11.59,0.0
2023-10-25 17:00:00-04:00,11.6,11.6,11.54,11.55,0.0
2023-10-25 18:00:00-04:00,11.545,11.82,11.5,11.74,0.0
2023-10-25 19:00:00-04:00,11.8,12.15,11.67,11.755,0.0
2023-10-26 04:00:00-04:00,11.75,11.75,11.68,11.72,0.0
2023-10-26 05:00:00-04:00,11.69,11.72,11.65,11.67,0.0
2023-10-26 06:00:00-04:00,11.67,11.81,11.66,11.8,0.0
2023-10-26 07:00:00-04:00,11.78,11.86,11.76,11.83,0.0
2023-10-26 08:00:00-04:00,11.82,11.89,11.78,11.83,0.0
2023-10-26 09:00:00-04:00,11.82,11.91,11.8,11.87,0.0
2023-10-26 09:30:00-04:00,11.90999984741211,11.930000305175781,11.5,11.539999961853027,18300227.0
2023-10-26 10:30:00-04:00,11.545000076293945,11.600000381469727,11.470000267028809,11.489700317382812,13067566.0
2023-10-26 11:30:00-04:00,11.484999656677246,11.499899864196777,11.359999656677246,11.395000457763672,8932467.0
2023-10-26 12:30:00-04:00,11.395000457763672,11.420000076293945,11.34000015258789,11.364999771118164,6407984.0
2023-10-26 13:30:00-04:00,11.359999656677246,11.460000038146973,11.329999923706055,11.454999923706055,6252795.0
2023-10-26 14:30:00-04:00,11.454999923706055,11.539999961853027,11.430000305175781,11.484999656677246,9960296.0
2023-10-26 15:30:00-04:00,11.484999656677246,11.520000457763672,11.350000381469727,11.350000381469727,14016413.0
2023-10-26 16:00:00-04:00,11.35,11.46,10.66,10.875,0.0
2023-10-26 17:00:00-04:00,10.88,10.9,10.79,10.89,0.0
2023-10-26 18:00:00-04:00,10.89,11.0,10.85,10.99,0.0
2023-10-26 19:00:00-04:00,10.985,10.99,10.94,10.97,0.0
2023-10-27 04:00:00-04:00,10.92,11.24,10.91,11.05,0.0
2023-10-27 05:00:00-04:00,11.05,11.06,11.01,11.05,0.0
2023-10-27 06:00:00-04:00,11.04,11.04,10.95,10.95,0.0
2023-10-27 07:00:00-04:00,10.95,10.98,10.88,10.97,0.0
2023-10-27 08:00:00-04:00,10.975,11.04,10.88,10.93,0.0
2023-10-27 09:00:00-04:00,10.93,11.1,10.84,11.04,0.0
2023-10-27 09:30:00-04:00,10.930000305175781,10.970000267028809,10.210000038146973,10.255000114440918,52570977.0
2023-10-27 10:30:00-04:00,10.255000114440918,10.40999984741211,10.229999542236328,10.375,25097370.0
2023-10-27 11:30:00-04:00,10.375,10.430000305175781,10.220000267028809,10.225000381469727,18418622.0
2023-10-27 12:30:00-04:00,10.225000381469727,10.270000457763672,10.100000381469727,10.114999771118164,14586875.0
2023-10-27 13:30:00-04:00,10.114999771118164,10.119999885559082,9.979999542236328,9.980999946594238,23617701.0
2023-10-27 14:30:00-04:00,9.989999771118164,10.050000190734863,9.949999809265137,9.954999923706055,20851858.0
2023-10-27 15:30:00-04:00,9.954999923706055,10.010000228881836,9.899999618530273,9.954999923706055,23616183.0
2023-10-27 16:00:00-04:00,9.95,10.01,9.94,10.01,0.0
2023-10-27 17:00:00-04:00,10.005,10.93,9.96,9.97,0.0
2023-10-27 18:00:00-04:00,9.97,9.98,9.96,9.98,0.0
2023-10-27 19:00:00-04:00,9.9798,9.98,9.96,9.98,0.0
2023-10-30 04:00:00-04:00,10.0,10.05,10.0,10.04,0.0
2023-10-30 05:00:00-04:00,10.03,10.06,10.03,10.04,0.0
2023-10-30 06:00:00-04:00,10.05,10.09,10.04,10.06,0.0
2023-10-30 07:00:00-04:00,10.07,10.08,10.01,10.01,0.0
2023-10-30 08:00:00-04:00,10.01,10.07,9.96,10.03,0.0
2023-10-30 09:00:00-04:00,10.03,10.14,10.02,10.09,0.0
2023-10-30 09:30:00-04:00,10.079999923706055,10.140000343322754,9.680000305175781,9.704999923706055,32527503.0
2023-10-30 10:30:00-04:00,9.699999809265137,9.890000343322754,9.6899995803833,9.774999618530273,18040995.0
2023-10-30 11:30:00-04:00,9.774999618530273,9.84000015258789,9.720000267028809,9.800000190734863,8886827.0
2023-10-30 12:30:00-04:00,9.800000190734863,9.880000114440918,9.779999732971191,9.880000114440918,8755726.0
2023-10-30 13:30:00-04:00,9.875,9.890000343322754,9.789999961853027,9.795000076293945,8496006.0
2023-10-30 14:30:00-04:00,9.795000076293945,9.800000190734863,9.729999542236328,9.78499984741211,11338439.0
2023-10-30 15:30:00-04:00,9.78499984741211,9.789999961853027,9.720000267028809,9.770000457763672,13187242.0
2023-10-30 16:00:00-04:00,9.76,9.79,9.76,9.785,0.0
2023-10-30 17:00:00-04:00,9.79,9.87,9.78,9.84,0.0
2023-10-30 18:00:00-04:00,9.8499,9.85,9.84,9.84,0.0
2023-10-30 19:00:00-04:00,9.845,9.86,9.84,9.85,0.0
2023-10-31 04:00:00-04:00,9.83,9.83,9.74,9.78,0.0
2023-10-31 05:00:00-04:00,9.78,9.84,9.77,9.8,0.0
2023-10-31 06:00:00-04:00,9.81,9.84,9.81,9.83,0.0
2023-10-31 07:00:00-04:00,9.83,9.84,9.78,9.79,0.0
2023-10-31 08:00:00-04:00,9.79,9.98,9.77,9.81,0.0
2023-10-31 09:00:00-04:00,9.81,9.84,9.77,9.77,0.0
2023-10-31 09:30:00-04:00,9.720000267028809,9.899999618530273,9.630000114440918,9.800000190734863,22236828.0
2023-10-31 10:30:00-04:00,9.804800033569336,9.890000343322754,9.739999771118164,9.869999885559082,11079297.0
2023-10-31 11:30:00-04:00,9.859999656677246,9.90999984741211,9.789999961853027,9.8149995803833,8427869.0
2023-10-31 12:30:00-04:00,9.8100004196167,9.859999656677246,9.770000457763672,9.859000205993652,7114754.0
2023-10-31 13:30:00-04:00,9.854999542236328,9.859999656677246,9.789999961853027,9.795000076293945,7391025.0
2023-10-31 14:30:00-04:00,9.789999961853027,9.829999923706055,9.779999732971191,9.78499984741211,7735966.0
2023-10-31 15:30:00-04:00,9.78499984741211,9.789999961853027,9.75,9.755000114440918,10026940.0
2023-10-31 16:00:00-04:00,9.7598,9.77,9.73,9.75,0.0
2023-10-31 17:00:00-04:00,9.75,9.98,9.75,9.75,0.0
2023-10-31 18:00:00-04:00,9.76,9.76,9.75,9.76,0.0
2023-10-31 19:00:00-04:00,9.76,9.76,9.75,9.76,0.0
2023-11-01 04:00:00-04:00,9.87,10.0,9.87,9.97,0.0
2023-11-01 05:00:00-04:00,9.98,9.98,9.96,9.98,0.0
2023-11-01 06:00:00-04:00,9.98,10.0,9.91,9.92,0.0
2023-11-01 07:00:00-04:00,9.93,9.96,9.89,9.9,0.0
2023-11-01 08:00:00-04:00,9.91,9.96,9.77,9.84,0.0
2023-11-01 09:00:00-04:00,9.84,9.92,9.84,9.87,0.0
2023-11-01 09:30:00-04:00,9.835000038146973,9.930000305175781,9.760000228881836,9.835000038146973,19195371.0
2023-11-01 10:30:00-04:00,9.829999923706055,9.899999618530273,9.8100004196167,9.886099815368652,9853248.0
2023-11-01 11:30:00-04:00,9.884599685668945,9.899999618530273,9.829999923706055,9.835000038146973,8166589.0
2023-11-01 12:30:00-04:00,9.831000328063965,9.859999656677246,9.779999732971191,9.795000076293945,6035867.0
2023-11-01 13:30:00-04:00,9.795000076293945,9.869999885559082,9.779999732971191,9.812199592590332,6861528.0
2023-11-01 14:30:00-04:00,9.8149995803833,9.920000076293945,9.800000190734863,9.904999732971191,10849815.0
2023-11-01 15:30:00-04:00,9.904999732971191,9.920000076293945,9.869999885559082,9.920000076293945,8496418.0
2023-11-01 16:00:00-04:00,9.915,9.92,9.86,9.88,0.0
2023-11-01 17:00:00-04:00,9.88,9.9,9.87,9.885,0.0
2023-11-01 18:00:00-04:00,9.89,9.9,9.88,9.885,0.0
2023-11-01 19:00:00-04:00,9.885,9.92,9.88,9.92,0.0
2023-11-02 04:00:00-04:00,9.92,9.98,9.92,9.94,0.0
2023-11-02 05:00:00-04:00,9.94,9.96,9.93,9.93,0.0
2023-11-02 06:00:00-04:00,9.94,9.99,9.93,9.99,0.0
2023-11-02 07:00:00-04:00,9.98,9.99,9.94,9.98,0.0
2023-11-02 08:00:00-04:00,9.98,10.05,9.89,10.0402,0.0
2023-11-02 09:00:00-04:00,10.05,10.08,10.04,10.07,0.0
2023-11-02 09:30:00-04:00,10.020000457763672,10.130000114440918,9.979999542236328,10.011300086975098,17205260.0
2023-11-02 10:30:00-04:00,10.015000343322754,10.029999732971191,9.970000267028809,10.01039981842041,9196760.0
2023-11-02 11:30:00-04:00,10.015000343322754,10.050000190734863,10.0,10.03499984741211,7209054.0
2023-11-02 12:30:00-04:00,10.03499984741211,10.100000381469727,10.029999732971191,10.0649995803833,7119388.0
2023-11-02 13:30:00-04:00,10.0649995803833,10.130000114440918,10.039999961853027,10.110099792480469,6442723.0
2023-11-02 14:30:00-04:00,10.114299774169922,10.125,10.079999923706055,10.09000015258789,6690680.0
2023-11-02 15:30:00-04:00,10.095000267028809,10.149999618530273,10.09000015258789,10.130000114440918,8549323.0
2023-11-02 16:00:00-04:00,10.14,10.14,9.75,10.12,0.0
2023-11-02 17:00:00-04:00,10.12,10.14,10.1,10.1001,0.0
2023-11-02 18:00:00-04:00,10.11,10.13,10.1,10.12,0.0
2023-11-02 19:00:00-04:00,10.11,10.135,10.11,10.1297,0.0
2023-11-03 04:00:00-04:00,10.15,10.23,10.15,10.22,0.0
2023-11-03 05:00:00-04:00,10.23,10.23,10.21,10.23,0.0
2023-11-03 06:00:00-04:00,10.22,10.25,10.22,10.25,0.0
2023-11-03 07:00:00-04:00,10.25,10.26,10.17,10.22,0.0
2023-11-03 08:00:00-04:00,10.22,10.25,10.17,10.18,0.0
2023-11-03 09:00:00-04:00,10.19,10.505,10.19,10.2403,0.0
2023-11-03 09:30:00-04:00,10.260000228881836,10.600000381469727,10.25,10.574999809265137,20987224.0
2023-11-03 10:30:00-04:00,10.574999809265137,10.59000015258789,10.5,10.509499549865723,9831075.0
2023-11-03 11:30:00-04:00,10.510000228881836,10.59000015258789,10.509699821472168,10.5649995803833,5222869.0
2023-11-03 12:30:00-04:00,10.5649995803833,10.569999694824219,10.529999732971191,10.555000305175781,4509515.0
2023-11-03 13:30:00-04:00,10.555000305175781,10.579999923706055,10.550000190734863,10.579999923706055,3774331.0
2023-11-03 14:30:00-04:00,10.579999923706055,10.640000343322754,10.569999694824219,10.579999923706055,6144814.0
2023-11-03 15:30:00-04:00,10.579999923706055,10.59000015258789,10.5600004196167,10.569999694824219,6038481.0
2023-11-03 16:00:00-04:00,10.57,10.58,10.56,10.57,0.0
2023-11-03 17:00:00-04:00,10.5799,10.6,10.56,10.57,0.0
2023-11-03 18:00:00-04:00,10.57,10.58,10.57,10.57,0.0
2023-11-03 19:00:00-04:00,10.58,10.58,10.57,10.57,0.0
2023-11-06 04:00:00-05:00,10.63,10.64,10.58,10.62,0.0
2023-11-06 05:00:00-05:00,10.62,10.63,10.59,10.6,0.0
2023-11-06 06:00:00-05:00,10.6,10.61,10.56,10.57,0.0
2023-11-06 07:00:00-05:00,10.57,10.63,10.55,10.61,0.0
2023-11-06 08:00:00-05:00,10.6,10.64,10.55,10.6,0.0
2023-11-06 09:00:00-05:00,10.6,10.61,10.5,10.59,0.0
2023-11-06 09:30:00-05:00,10.5600004196167,10.600000381469727,10.399999618530273,10.444999694824219,10595030.0
2023-11-06 10:30:00-05:00,10.4399995803833,10.449999809265137,10.399999618530273,10.414999961853027,5567442.0
2023-11-06 11:30:00-05:00,10.420000076293945,10.420000076293945,10.34000015258789,10.354999542236328,5678923.0
2023-11-06 12:30:00-05:00,10.354999542236328,10.380000114440918,10.289999961853027,10.300000190734863,5192108.0
2023-11-06 13:30:00-05:00,10.305000305175781,10.319999694824219,10.239999771118164,10.269100189208984,5772205.0
2023-11-06 14:30:00-05:00,10.268400192260742,10.300000190734863,10.260000228881836,10.279000282287598,5455003.0
2023-11-06 15:30:00-05:00,10.279000282287598,10.3100004196167,10.274999618530273,10.3100004196167,5938304.0
2023-11-06 16:00:00-05:00,10.3075,10.32,10.28,10.29,0.0
2023-11-06 17:00:00-05:00,10.2899,10.3,10.28,10.29,0.0
2023-11-06 18:00:00-05:00,10.29,10.3,10.28,10.2998,0.0
2023-11-07 04:00:00-05:00,10.33,10.33,10.28,10.29,0.0
2023-11-07 05:00:00-05:00,10.29,10.31,10.28,10.31,0.0
2023-11-07 06:00:00-05:00,10.3,10.31,10.29,10.3,0.0
2023-11-07 07:00:00-05:00,10.3,10.3,10.25,10.27,0.0
2023-11-07 08:00:00-05:00,10.26,10.33,10.2,10.24,0.0
2023-11-07 09:00:00-05:00,10.24,10.26,10.23,10.24,0.0
2023-11-07 09:30:00-05:00,10.25,10.276000022888184,10.140000343322754,10.175000190734863,9737062.0
2023-11-07 10:30:00-05:00,10.179300308227539,10.199999809265137,10.149999618530273,10.154999732971191,6490833.0
2023-11-07 11:30:00-05:00,10.15999984741211,10.180000305175781,10.119999885559082,10.135000228881836,4565816.0
2023-11-07 12:30:00-05:00,10.135000228881836,10.140000343322754,10.050000190734863,10.0649995803833,6740133.0
2023-11-07 13:30:00-05:00,10.067500114440918,10.109999656677246,10.0600004196167,10.079999923706055,5769591.0
2023-11-07 14:30:00-05:00,10.079999923706055,10.100000381469727,10.0600004196167,10.085000038146973,6165604.0
2023-11-07 15:30:00-05:00,10.085000038146973,10.180000305175781,10.079999923706055,10.164999961853027,6377864.0
2023-11-07 16:00:00-05:00,10.16,10.565,10.08,10.13,0.0
2023-11-07 17:00:00-05:00,10.13,10.14,10.11,10.14,0.0
2023-11-07 18:00:00-05:00,10.14,10.14,10.13,10.14,0.0
2023-11-08 04:00:00-05:00,10.06,10.18,10.06,10.17,0.0
2023-11-08 05:00:00-05:00,10.17,10.17,10.16,10.17,0.0
2023-11-08 06:00:00-05:00,10.16,10.17,10.16,10.17,0.0
2023-11-08 07:00:00-05:00,10.17,10.17,10.15,10.16,0.0
2023-11-08 08:00:00-05:00,10.16,10.19,10.15,10.175,0.0
2023-11-08 09:00:00-05:00,10.175,10.2,10.17,10.2,0.0
2023-11-08 09:30:00-05:00,10.1899995803833,10.210000038146973,10.029999732971191,10.0649995803833,10095650.0
2023-11-08 10:30:00-05:00,10.0649995803833,10.119999885559082,10.050000190734863,10.080300331115723,5861438.0
2023-11-08 11:30:00-05:00,10.079999923706055,10.100000381469727,10.029999732971191,10.039999961853027,4744646.0
2023-11-08 12:30:00-05:00,10.03499984741211,10.09000015258789,10.029999732971191,10.074999809265137,3206311.0
2023-11-08 13:30:00-05:00,10.079999923706055,10.100000381469727,10.069999694824219,10.074999809265137,2454538.0
2023-11-08 14:30:00-05:00,10.070099830627441,10.079999923706055,10.039999961853027,10.0600004196167,4060924.0
2023-11-08 15:30:00-05:00,10.0649995803833,10.085000038146973,10.050000190734863,10.0600004196167,4816524.0
2023-11-08 16:00:00-05:00,10.05,10.085,10.02,10.03,0.0
2023-11-08 17:00:00-05:00,10.03,10.05,10.0,10.04,0.0
2023-11-08 18:00:00-05:00,10.04,10.05,10.01,10.04,0.0
2023-11-09 04:00:00-05:00,10.01,10.08,10.01,10.08,0.0
2023-11-09 05:00:00-05:00,10.08,10.08,10.07,10.08,0.0
2023-11-09 06:00:00-05:00,10.08,10.12,10.08,10.12,0.0
2023-11-09 07:00:00-05:00,10.1,10.14,10.06,10.09,0.0
2023-11-09 08:00:00-05:00,10.09,10.12,10.06,10.1,0.0
2023-11-09 09:00:00-05:00,10.09,10.1,10.07,10.09,0.0
2023-11-09 09:30:00-05:00,10.039999961853027,10.069999694824219,9.979999542236328,9.994999885559082,7047550.0
2023-11-09 10:30:00-05:00,9.994999885559082,10.0,9.920000076293945,9.989999771118164,6723853.0
2023-11-09 11:30:00-05:00,9.989999771118164,10.0,9.949999809265137,9.954999923706055,3388627.0
2023-11-09 12:30:00-05:00,9.954999923706055,9.970000267028809,9.869999885559082,9.875,8789885.0
2023-11-09 13:30:00-05:00,9.869999885559082,9.875,9.760000228881836,9.779999732971191,9606123.0
2023-11-09 14:30:00-05:00,9.779999732971191,9.800000190734863,9.6899995803833,9.706199645996094,9888053.0
2023-11-09 15:30:00-05:00,9.70989990234375,9.729999542236328,9.699999809265137,9.699999809265137,8420580.0
2023-11-09 16:00:00-05:00,9.71,9.74,9.7,9.73,0.0
2023-11-09 17:00:00-05:00,9.73,9.73,9.72,9.73,0.0
2023-11-09 18:00:00-05:00,9.73,9.74,9.72,9.73,0.0
2023-11-10 04:00:00-05:00,9.74,9.85,9.7,9.76,0.0
2023-11-10 05:00:00-05:00,9.75,9.77,9.74,9.76,0.0
2023-11-10 06:00:00-05:00,9.77,9.77,9.75,9.77,0.0
2023-11-10 07:00:00-05:00,9.76,9.77,9.71,9.76,0.0
2023-11-10 08:00:00-05:00,9.76,9.83,9.71,9.77,0.0
2023-11-10 09:00:00-05:00,9.77,9.85,9.77,9.82,0.0
2023-11-10 09:30:00-05:00,9.8100004196167,9.819999694824219,9.670000076293945,9.679200172424316,10347713.0
2023-11-10 10:30:00-05:00,9.677300453186035,9.710000038146973,9.670000076293945,9.70009994506836,6070748.0
2023-11-10 11:30:00-05:00,9.703300476074219,9.75,9.6899995803833,9.744999885559082,4618856.0
2023-11-10 12:30:00-05:00,9.75,9.819999694824219,9.739999771118164,9.795000076293945,4746291.0
2023-11-10 13:30:00-05:00,9.790200233459473,9.850000381469727,9.789999961853027,9.845000267028809,5441496.0
2023-11-10 14:30:00-05:00,9.841899871826172,9.850000381469727,9.819999694824219,9.835000038146973,3408733.0
2023-11-10 15:30:00-05:00,9.835000038146973,9.869999885559082,9.829999923706055,9.864999771118164,6089449.0
2023-11-10 16:00:00-05:00,9.86,9.87,9.84,9.84,0.0
2023-11-10 17:00:00-05:00,9.85,9.87,9.7,9.85,0.0
2023-11-10 18:00:00-05:00,9.85,9.87,9.84,9.85,0.0
2023-11-13 04:00:00-05:00,9.95,9.95,9.85,9.87,0.0
2023-11-13 05:00:00-05:00,9.87,9.88,9.85,9.86,0.0
2023-11-13 06:00:00-05:00,9.86,9.88,9.85,9.87,0.0
2023-11-13 07:00:00-05:00,9.88,9.88,9.86,9.86,0.0
2023-11-13 08:00:00-05:00,9.86,9.9,9.85,9.87,0.0
2023-11-13 09:00:00-05:00,9.86,9.87,9.82,9.84,0.0
2023-11-13 09:30:00-05:00,9.829999923706055,9.864999771118164,9.739999771118164,9.819999694824219,7081526.0
2023-11-13 10:30:00-05:00,9.819999694824219,9.829999923706055,9.789999961853027,9.8149995803833,4375916.0
2023-11-13 11:30:00-05:00,9.8149995803833,9.859999656677246,9.800000190734863,9.845000267028809,5003808.0
2023-11-13 12:30:00-05:00,9.845000267028809,9.850000381469727,9.789999961853027,9.795000076293945,3698554.0
2023-11-13 13:30:00-05:00,9.795000076293945,9.8100004196167,9.779999732971191,9.79990005493164,3496125.0
2023-11-13 14:30:00-05:00,9.800000190734863,9.8100004196167,9.789999961853027,9.795000076293945,2617813.0
2023-11-13 15:30:00-05:00,9.795000076293945,9.819999694824219,9.789999961853027,9.8149995803833,5089222.0
2023-11-13 16:00:00-05:00,9.82,9.83,9.8,9.815,0.0
2023-11-13 17:00:00-05:00,9.81,9.82,9.8,9.82,0.0
2023-11-13 18:00:00-05:00,9.82,9.82,9.8,9.81,0.0
2023-11-14 04:00:00-05:00,9.84,9.85,9.81,9.83,0.0
2023-11-14 05:00:00-05:00,9.84,9.84,9.82,9.84,0.0
2023-11-14 06:00:00-05:00,9.84,9.84,9.82,9.83,0.0
2023-11-14 07:00:00-05:00,9.84,9.85,9.82,9.83,0.0
2023-11-14 08:00:00-05:00,9.83,9.87,9.8,9.83,0.0
2023-11-14 09:00:00-05:00,9.83,9.99,9.815,9.97,0.0
2023-11-14 09:30:00-05:00,9.989999771118164,10.390000343322754,9.979999542236328,10.335000038146973,23120877.0
2023-11-14 10:30:00-05:00,10.330300331115723,10.420000076293945,10.319999694824219,10.404999732971191,10500560.0
2023-11-14 11:30:00-05:00,10.404999732971191,10.40999984741211,10.300000190734863,10.324999809265137,6484049.0
2023-11-14 12:30:00-05:00,10.324999809265137,10.399999618530273,10.320099830627441,10.395000457763672,4476639.0
2023-11-14 13:30:00-05:00,10.395000457763672,10.430000305175781,10.385000228881836,10.425000190734863,6290143.0
2023-11-14 14:30:00-05:00,10.420299530029297,10.460000038146973,10.399999618530273,10.454999923706055,6379278.0
2023-11-14 15:30:00-05:00,10.454999923706055,10.460000038146973,10.380000114440918,10.399999618530273,6522451.0
2023-11-14 16:00:00-05:00,10.39,10.42,9.79,10.41,0.0
2023-11-14 17:00:00-05:00,10.4,10.42,10.39,10.41,0.0
2023-11-14 18:00:00-05:00,10.41,10.41,10.39,10.4,0.0
2023-11-15 04:00:00-05:00,10.4,10.5,10.4,10.44,0.0
2023-11-15 05:00:00-05:00,10.44,10.45,10.42,10.42,0.0
2023-11-15 06:00:00-05:00,10.43,10.45,10.42,10.44,0.0
2023-11-15 07:00:00-05:00,10.45,10.49,10.42,10.46,0.0
2023-11-15 08:00:00-05:00,10.47,10.53,10.44,10.515,0.0
2023-11-15 09:00:00-05:00,10.515,10.53,10.44,10.445,0.0
2023-11-15 09:30:00-05:00,10.40999984741211,10.529999732971191,10.390000343322754,10.510000228881836,10155947.0
2023-11-15 10:30:00-05:00,10.506999969482422,10.569999694824219,10.5,10.515000343322754,6341436.0
2023-11-15 11:30:00-05:00,10.515000343322754,10.520000457763672,10.40999984741211,10.471500396728516,7212953.0
2023-11-15 12:30:00-05:00,10.470000267028809,10.489999771118164,10.40999984741211,10.437899589538574,5691462.0
2023-11-15 13:30:00-05:00,10.4350004196167,10.479999542236328,10.40999984741211,10.475000381469727,4390973.0
2023-11-15 14:30:00-05:00,10.479999542236328,10.5,10.470000267028809,10.475000381469727,3560799.0
2023-11-15 15:30:00-05:00,10.475000381469727,10.5,10.470000267028809,10.479999542236328,4370637.0
2023-11-15 16:00:00-05:00,10.47,10.5,10.44,10.46,0.0
2023-11-15 17:00:00-05:00,10.45,10.46,10.44,10.445,0.0
2023-11-15 18:00:00-05:00,10.45,10.45,10.43,10.445,0.0
2023-11-16 04:00:00-05:00,10.45,10.48,10.45,10.48,0.0
2023-11-16 05:00:00-05:00,10.48,10.48,10.47,10.47,0.0
2023-11-16 06:00:00-05:00,10.47,10.47,10.44,10.46,0.0
2023-11-16 07:00:00-05:00,10.45,10.47,10.41,10.41,0.0
2023-11-16 08:00:00-05:00,10.41,10.49,10.35,10.39,0.0
2023-11-16 09:00:00-05:00,10.38,10.42,10.38,10.39,0.0
2023-11-16 09:30:00-05:00,10.399999618530273,10.430000305175781,10.300000190734863,10.359800338745117,8101953.0
2023-11-16 10:30:00-05:00,10.350000381469727,10.369999885559082,10.229999542236328,10.270000457763672,6614409.0
2023-11-16 11:30:00-05:00,10.26099967956543,10.279999732971191,10.210000038146973,10.2431001663208,5428319.0
2023-11-16 12:30:00-05:00,10.244999885559082,10.270000457763672,10.210000038146973,10.220000267028809,3813266.0
2023-11-16 13:30:00-05:00,10.220000267028809,10.229999542236328,10.119999885559082,10.136199951171875,4715137.0
2023-11-16 14:30:00-05:00,10.140000343322754,10.170000076293945,10.100000381469727,10.140000343322754,7376079.0
2023-11-16 15:30:00-05:00,10.145000457763672,10.15999984741211,10.130000114440918,10.15999984741211,6355253.0
2023-11-16 16:00:00-05:00,10.17,10.17,10.145,10.165,0.0
2023-11-16 17:00:00-05:00,10.16,10.19,10.16,10.18,0.0
2023-11-16 18:00:00-05:00,10.18,10.18,10.16,10.16,0.0
2023-11-17 04:00:00-05:00,10.25,10.33,10.19,10.23,0.0
2023-11-17 05:00:00-05:00,10.23,10.26,10.22,10.26,0.0
2023-11-17 06:00:00-05:00,10.26,10.27,10.25,10.27,0.0
2023-11-17 07:00:00-05:00,10.28,10.28,10.25,10.25,0.0
2023-11-17 08:00:00-05:00,10.26,10.29,10.21,10.28,0.0
2023-11-17 09:00:00-05:00,10.29,10.29,10.24,10.24,0.0
2023-11-17 09:30:00-05:00,10.260000228881836,10.319899559020996,10.25,10.289899826049805,6611205.0
2023-11-17 10:30:00-05:00,10.28499984741211,10.295000076293945,10.220000267028809,10.225000381469727,3176159.0
2023-11-17 11:30:00-05:00,10.222000122070312,10.229999542236328,10.1899995803833,10.225000381469727,5261310.0
2023-11-17 12:30:00-05:00,10.225000381469727,10.270000457763672,10.210000038146973,10.26990032196045,3846190.0
2023-11-17 13:30:00-05:00,10.265000343322754,10.289999961853027,10.239999771118164,10.265000343322754,3248780.0
2023-11-17 14:30:00-05:00,10.265000343322754,10.270000457763672,10.234000205993652,10.255000114440918,4530998.0
2023-11-17 15:30:00-05:00,10.260000228881836,10.289999961853027,10.239999771118164,10.289999961853027,5558182.0
2023-11-17 16:00:00-05:00,10.29,10.32,10.25,10.27,0.0
2023-11-17 17:00:00-05:00,10.2698,10.29,10.26,10.28,0.0
2023-11-17 18:00:00-05:00,10.28,10.29,10.26,10.26,0.0
2023-11-20 04:00:00-05:00,10.28,10.45,10.27,10.41,0.0
2023-11-20 05:00:00-05:00,10.41,10.41,10.35,10.35,0.0
2023-11-20 06:00:00-05:00,10.35,10.36,10.34,10.36,0.0
2023-11-20 07:00:00-05:00,10.35,10.37,10.33,10.34,0.0
2023-11-20 08:00:00-05:00,10.34,10.36,10.27,10.31,0.0
2023-11-20 09:00:00-05:00,10.31,10.35,10.29,10.34,0.0
2023-11-20 09:30:00-05:00,10.289999961853027,10.36989974975586,10.260100364685059,10.319999694824219,7717612.0
2023-11-20 10:30:00-05:00,10.3100004196167,10.380000114440918,10.289999961853027,10.345000267028809,6685463.0
2023-11-20 11:30:00-05:00,10.345000267028809,10.390000343322754,10.329999923706055,10.369999885559082,4409135.0
2023-11-20 12:30:00-05:00,10.375,10.380000114440918,10.319999694824219,10.375,5458562.0
2023-11-20 13:30:00-05:00,10.380000114440918,10.399999618530273,10.364999771118164,10.375,4417152.0
2023-11-20 14:30:00-05:00,10.369999885559082,10.420000076293945,10.369999885559082,10.414999961853027,3805580.0
2023-11-20 15:30:00-05:00,10.414999961853027,10.430000305175781,10.329999923706055,10.34000015258789,7538316.0
2023-11-20 16:00:00-05:00,10.36,10.36,10.33,10.33,0.0
2023-11-20 17:00:00-05:00,10.34,10.36,10.33,10.34,0.0
2023-11-20 18:00:00-05:00,10.34,10.36,10.33,10.3597,0.0
2023-11-21 04:00:00-05:00,10.4,10.45,10.36,10.39,0.0
2023-11-21 05:00:00-05:00,10.39,10.395,10.35,10.36,0.0
2023-11-21 06:00:00-05:00,10.36,10.44,10.35,10.41,0.0
2023-11-21 07:00:00-05:00,10.41,10.41,10.37,10.39,0.0
2023-11-21 08:00:00-05:00,10.39,10.43,10.33,10.35,0.0
2023-11-21 09:00:00-05:00,10.36,10.37,10.285,10.305,0.0
2023-11-21 09:30:00-05:00,10.279999732971191,10.319999694824219,10.149999618530273,10.175000190734863,10690269.0
2023-11-21 10:30:00-05:00,10.170000076293945,10.199999809265137,10.109999656677246,10.160099983215332,7516952.0
2023-11-21 11:30:00-05:00,10.164999961853027,10.170000076293945,10.100000381469727,10.164999961853027,6590068.0
2023-11-21 12:30:00-05:00,10.164999961853027,10.180000305175781,10.140000343322754,10.154999732971191,4138628.0
2023-11-21 13:30:00-05:00,10.15999984741211,10.210000038146973,10.149999618530273,10.203900337219238,4370049.0
2023-11-21 14:30:00-05:00,10.210000038146973,10.210000038146973,10.175000190734863,10.184000015258789,4476670.0
2023-11-21 15:30:00-05:00,10.1899995803833,10.220000267028809,10.180000305175781,10.199999809265137,6073997.0
2023-11-21 16:00:00-05:00,10.19,10.27,10.17,10.18,0.0
2023-11-21 17:00:00-05:00,10.18,10.22,10.18,10.185,0.0
2023-11-21 18:00:00-05:00,10.19,10.2,10.16,10.16,0.0
2023-11-22 04:00:00-05:00,10.19,10.25,10.19,10.22,0.0
2023-11-22 05:00:00-05:00,10.22,10.22,10.21,10.22,0.0
2023-11-22 06:00:00-05:00,10.22,10.25,10.22,10.24,0.0
2023-11-22 07:00:00-05:00,10.24,10.25,10.23,10.24,0.0
2023-11-22 08:00:00-05:00,10.24,10.26,10.18,10.245,0.0
2023-11-22 09:00:00-05:00,10.2307,10.25,10.23,10.24,0.0
2023-11-22 09:30:00-05:00,10.239999771118164,10.270999908447266,10.170000076293945,10.239999771118164,7781165.0
2023-11-22 10:30:00-05:00,10.234999656677246,10.380000114440918,10.234999656677246,10.274999618530273,8956382.0
2023-11-22 11:30:00-05:00,10.274999618530273,10.369999885559082,10.270000457763672,10.320199966430664,4945882.0
2023-11-22 12:30:00-05:00,10.319999694824219,10.329999923706055,10.25,10.274999618530273,4008184.0
2023-11-22 13:30:00-05:00,10.274999618530273,10.279999732971191,10.229999542236328,10.255000114440918,2693191.0
2023-11-22 14:30:00-05:00,10.255000114440918,10.279999732971191,10.210000038146973,10.274200439453125,6042424.0
2023-11-22 15:30:00-05:00,10.279999732971191,10.295000076293945,10.260000228881836,10.270000457763672,4558548.0
2023-11-22 16:00:00-05:00,10.28,10.28,10.24,10.26,0.0
2023-11-22 17:00:00-05:00,10.2598,10.27,10.25,10.26,0.0
2023-11-22 18:00:00-05:00,10.26,10.27,10.25,10.26,0.0
2023-11-24 04:00:00-05:00,10.28,10.3,10.25,10.28,0.0
2023-11-24 05:00:00-05:00,10.28,10.28,10.25,10.26,0.0
2023-11-24 06:00:00-05:00,10.26,10.28,10.25,10.27,0.0
2023-11-24 07:00:00-05:00,10.27,10.29,10.26,10.29,0.0
2023-11-24 08:00:00-05:00,10.29,10.29,10.25,10.28,0.0
2023-11-24 09:00:00-05:00,10.29,10.3,10.28,10.29,0.0
2023-11-24 09:30:00-05:00,10.279999732971191,10.529999732971191,10.279999732971191,10.509900093078613,8298019.0
2023-11-24 10:30:00-05:00,10.5,10.529999732971191,10.460000038146973,10.46500015258789,5761529.0
2023-11-24 11:30:00-05:00,10.460000038146973,10.470000267028809,10.420000076293945,10.4350004196167,3133215.0
2023-11-24 13:00:00-05:00,10.4399995803833,10.449999809265137,10.390000343322754,10.40999984741211,0.0
2023-11-24 14:00:00-05:00,10.405,10.41,10.38,10.39,0.0
2023-11-24 15:00:00-05:00,10.3899,10.41,10.38,10.41,0.0
2023-11-24 16:00:00-05:00,10.41,10.41,10.38,10.41,0.0
2023-11-27 04:00:00-05:00,10.41,10.43,10.38,10.39,0.0
2023-11-27 05:00:00-05:00,10.38,10.39,10.36,10.37,0.0
2023-11-27 06:00:00-05:00,10.37,10.39,10.36,10.36,0.0
2023-11-27 07:00:00-05:00,10.36,10.39,10.36,10.39,0.0
2023-11-27 08:00:00-05:00,10.39,10.42,10.37,10.39,0.0
2023-11-27 09:00:00-05:00,10.39,10.39,10.36,10.365,0.0
2023-11-27 09:30:00-05:00,10.369999885559082,10.40999984741211,10.324999809265137,10.369999885559082,5557204.0
2023-11-27 10:30:00-05:00,10.375,10.420000076293945,10.359999656677246,10.379199981689453,4337608.0
2023-11-27 11:30:00-05:00,10.375,10.390000343322754,10.3100004196167,10.3149995803833,4192345.0
2023-11-27 12:30:00-05:00,10.3149995803833,10.359999656677246,10.3100004196167,10.329999923706055,2717954.0
2023-11-27 13:30:00-05:00,10.329999923706055,10.34000015258789,10.3100004196167,10.325400352478027,3263151.0
2023-11-27 14:30:00-05:00,10.324999809265137,10.329999923706055,10.300000190734863,10.305000305175781,3282318.0
2023-11-27 15:30:00-05:00,10.305000305175781,10.34000015258789,10.300000190734863,10.336600303649902,5996385.0
2023-11-27 16:00:00-05:00,10.34,10.34,10.32,10.32,0.0
2023-11-27 17:00:00-05:00,10.33,10.34,10.32,10.34,0.0
2023-11-27 18:00:00-05:00,10.33,10.34,10.33,10.34,0.0
2023-11-28 04:00:00-05:00,10.34,10.35,10.33,10.34,0.0
2023-11-28 05:00:00-05:00,10.34,10.34,10.33,10.34,0.0
2023-11-28 06:00:00-05:00,10.34,10.35,10.33,10.34,0.0
2023-11-28 07:00:00-05:00,10.34,10.35,10.33,10.34,0.0
2023-11-28 08:00:00-05:00,10.34,10.36,10.31,10.34,0.0
2023-11-28 09:00:00-05:00,10.32,10.34,10.32,10.33,0.0
2023-11-28 09:30:00-05:00,10.329999923706055,10.329999923706055,10.239999771118164,10.274999618530273,7173331.0
2023-11-28 10:30:00-05:00,10.275199890136719,10.380000114440918,10.260000228881836,10.354999542236328,6574349.0
2023-11-28 11:30:00-05:00,10.354999542236328,10.399999618530273,10.350000381469727,10.369999885559082,4574208.0
2023-11-28 12:30:00-05:00,10.364999771118164,10.369999885559082,10.319999694824219,10.345000267028809,3614878.0
2023-11-28 13:30:00-05:00,10.34000015258789,10.359999656677246,10.329999923706055,10.345000267028809,3412312.0
2023-11-28 14:30:00-05:00,10.345000267028809,10.380000114440918,10.34000015258789,10.364999771118164,4790326.0
2023-11-28 15:30:00-05:00,10.364999771118164,10.390000343322754,10.350000381469727,10.385000228881836,5387085.0
2023-11-28 16:00:00-05:00,10.38,10.39,10.34,10.37,0.0
2023-11-28 17:00:00-05:00,10.37,10.39,10.36,10.37,0.0
2023-11-28 18:00:00-05:00,10.37,10.38,10.36,10.38,0.0
2023-11-29 04:00:00-05:00,10.38,10.46,10.38,10.45,0.0
2023-11-29 05:00:00-05:00,10.45,10.47,10.44,10.47,0.0
2023-11-29 06:00:00-05:00,10.46,10.47,10.42,10.45,0.0
2023-11-29 07:00:00-05:00,10.46,10.63,10.46,10.63,0.0
2023-11-29 08:00:00-05:00,10.62,10.83,10.38,10.78,0.0
2023-11-29 09:00:00-05:00,10.79,10.85,10.69,10.845,0.0
2023-11-29 09:30:00-05:00,10.875,10.960000038146973,10.699999809265137,10.770000457763672,27483923.0
2023-11-29 10:30:00-05:00,10.770000457763672,10.819999694824219,10.600000381469727,10.609999656677246,12063732.0
2023-11-29 11:30:00-05:00,10.609999656677246,10.65999984741211,10.600000381469727,10.645000457763672,7137403.0
2023-11-29 12:30:00-05:00,10.64009952545166,10.670000076293945,10.600000381469727,10.657500267028809,5916240.0
2023-11-29 13:30:00-05:00,10.654999732971191,10.6899995803833,10.640000343322754,10.649999618530273,5749511.0
2023-11-29 14:30:00-05:00,10.654999732971191,10.654999732971191,10.569999694824219,10.585000038146973,6721974.0
2023-11-29 15:30:00-05:00,10.585000038146973,10.619999885559082,10.5600004196167,10.597200393676758,8067476.0
2023-11-29 16:00:00-05:00,10.63,10.63,10.5899,10.61,0.0
2023-11-29 17:00:00-05:00,10.61,10.63,10.6,10.6,0.0
2023-11-29 18:00:00-05:00,10.6002,10.62,10.6,10.61,0.0
2023-11-30 04:00:00-05:00,10.63,10.67,10.63,10.65,0.0
2023-11-30 05:00:00-05:00,10.65,10.65,10.63,10.64,0.0
2023-11-30 06:00:00-05:00,10.65,10.65,10.63,10.65,0.0
2023-11-30 07:00:00-05:00,10.65,10.84,10.58,10.73,0.0
2023-11-30 08:00:00-05:00,10.74,10.8,10.59,10.73,0.0
2023-11-30 09:00:00-05:00,10.725,10.75,10.67,10.68,0.0
2023-11-30 09:30:00-05:00,10.680000305175781,10.699999809265137,10.390000343322754,10.425000190734863,15553395.0
2023-11-30 10:30:00-05:00,10.430000305175781,10.454999923706055,10.329999923706055,10.364999771118164,13541998.0
2023-11-30 11:30:00-05:00,10.364999771118164,10.36989974975586,10.260000228881836,10.262900352478027,7766570.0
2023-11-30 12:30:00-05:00,10.260000228881836,10.289999961853027,10.220000267028809,10.229999542236328,7568521.0
2023-11-30 13:30:00-05:00,10.234999656677246,10.234999656677246,10.180000305175781,10.220100402832031,7372572.0
2023-11-30 14:30:00-05:00,10.225000381469727,10.260000228881836,10.210000038146973,10.225000381469727,6346154.0
2023-11-30 15:30:00-05:00,10.225000381469727,10.279999732971191,10.210000038146973,10.266900062561035,8822965.0
2023-11-30 16:00:00-05:00,10.27,10.28,9.725,10.28,0.0
2023-11-30 17:00:00-05:00,10.27,10.28,10.26,10.27,0.0
2023-11-30 18:00:00-05:00,10.28,10.29,10.26,10.27,0.0
2023-12-01 04:00:00-05:00,10.31,10.36,10.28,10.3,0.0
2023-12-01 05:00:00-05:00,10.31,10.31,10.3,10.3,0.0
2023-12-01 06:00:00-05:00,10.3,10.31,10.29,10.3,0.0
2023-12-01 07:00:00-05:00,10.3,10.3,10.27,10.27,0.0
2023-12-01 08:00:00-05:00,10.27,10.31,10.23,10.25,0.0
2023-12-01 09:00:00-05:00,10.25,10.27,10.22,10.24,0.0
2023-12-01 09:30:00-05:00,10.289999961853027,10.449999809265137,10.220000267028809,10.399999618530273,12687668.0
2023-12-01 10:30:00-05:00,10.400099754333496,10.489999771118164,10.390000343322754,10.479999542236328,10706374.0
2023-12-01 11:30:00-05:00,10.479999542236328,10.550000190734863,10.430100440979004,10.524999618530273,8029147.0
2023-12-01 12:30:00-05:00,10.524999618530273,10.539999961853027,10.489999771118164,10.5,5202753.0
2023-12-01 13:30:00-05:00,10.505000114440918,10.539999961853027,10.479999542236328,10.53499984741211,6875021.0
2023-12-01 14:30:00-05:00,10.539999961853027,10.600000381469727,10.539999961853027,10.585000038146973,5853403.0
2023-12-01 15:30:00-05:00,10.585000038146973,10.600000381469727,10.550000190734863,10.579999923706055,7318281.0
2023-12-01 16:00:00-05:00,10.59,10.59,10.55,10.58,0.0
2023-12-01 17:00:00-05:00,10.56,10.58,10.56,10.58,0.0
2023-12-01 18:00:00-05:00,10.5703,10.58,10.56,10.58,0.0
2023-12-04 04:00:00-05:00,10.59,10.67,10.43,10.58,0.0
2023-12-04 05:00:00-05:00,10.58,10.63,10.58,10.63,0.0
2023-12-04 06:00:00-05:00,10.63,10.63,10.6,10.6,0.0
2023-12-04 07:00:00-05:00,10.6,10.61,10.55,10.56,0.0
2023-12-04 08:00:00-05:00,10.56,10.61,10.52,10.55,0.0
2023-12-04 09:00:00-05:00,10.57,10.58,10.53,10.53,0.0
2023-12-04 09:30:00-05:00,10.550100326538086,10.765000343322754,10.515000343322754,10.659700393676758,12220196.0
2023-12-04 10:30:00-05:00,10.65999984741211,10.789999961853027,10.645000457763672,10.6899995803833,10751190.0
2023-12-04 11:30:00-05:00,10.694999694824219,10.789999961853027,10.680000305175781,10.765000343322754,6700498.0
2023-12-04 12:30:00-05:00,10.765000343322754,10.779999732971191,10.710000038146973,10.71030044555664,4180123.0
2023-12-04 13:30:00-05:00,10.711000442504883,10.720000267028809,10.670000076293945,10.6850004196167,4455207.0
2023-12-04 14:30:00-05:00,10.6850004196167,10.720000267028809,10.670000076293945,10.6899995803833,5328929.0
2023-12-04 15:30:00-05:00,10.6850004196167,10.710000038146973,10.670000076293945,10.710000038146973,5752354.0
2023-12-04 16:00:00-05:00,10.72,10.72,10.51,10.695,0.0
2023-12-04 17:00:00-05:00,10.695,10.7,10.555,10.69,0.0
2023-12-04 18:00:00-05:00,10.69,10.71,10.68,10.7,0.0
2023-12-05 04:00:00-05:00,10.67,10.69,10.61,10.69,0.0
2023-12-05 05:00:00-05:00,10.69,10.69,10.68,10.69,0.0
2023-12-05 06:00:00-05:00,10.69,10.69,10.67,10.69,0.0
2023-12-05 07:00:00-05:00,10.68,10.69,10.67,10.68,0.0
2023-12-05 08:00:00-05:00,10.68,10.75,10.64,10.69,0.0
2023-12-05 09:00:00-05:00,10.69,10.69,10.65,10.66,0.0
2023-12-05 09:30:00-05:00,10.640000343322754,10.65999984741211,10.539999961853027,10.625,9060110.0
2023-12-05 10:30:00-05:00,10.625,10.680000305175781,10.569999694824219,10.675000190734863,6173542.0
2023-12-05 11:30:00-05:00,10.675000190734863,10.680000305175781,10.640000343322754,10.645000457763672,4682323.0
2023-12-05 12:30:00-05:00,10.640000343322754,10.649999618530273,10.5600004196167,10.59000015258789,6084464.0
2023-12-05 13:30:00-05:00,10.595000267028809,10.630000114440918,10.59000015258789,10.630000114440918,3938477.0
2023-12-05 14:30:00-05:00,10.630000114440918,10.649999618530273,10.609999656677246,10.609999656677246,4025194.0
2023-12-05 15:30:00-05:00,10.61989974975586,10.630000114440918,10.600000381469727,10.600000381469727,5224735.0
2023-12-05 16:00:00-05:00,10.6,10.65,10.6,10.62,0.0
2023-12-05 17:00:00-05:00,10.63,10.63,10.52,10.58,0.0
2023-12-05 18:00:00-05:00,10.6,10.61,10.58,10.605,0.0
2023-12-06 04:00:00-05:00,10.6,10.63,10.6,10.63,0.0
2023-12-06 05:00:00-05:00,10.63,10.63,10.6,10.62,0.0
2023-12-06 06:00:00-05:00,10.62,10.63,10.61,10.62,0.0
2023-12-06 07:00:00-05:00,10.61,10.7,10.61,10.66,0.0
2023-12-06 08:00:00-05:00,10.66,10.7,10.6,10.67,0.0
2023-12-06 09:00:00-05:00,10.68,10.71,10.66,10.71,0.0
2023-12-06 09:30:00-05:00,10.75,10.869999885559082,10.720000267028809,10.797800064086914,10636047.0
2023-12-06 10:30:00-05:00,10.79699993133545,10.880000114440918,10.789999961853027,10.843400001525879,7755185.0
2023-12-06 11:30:00-05:00,10.84000015258789,10.850000381469727,10.75,10.760000228881836,4855406.0
2023-12-06 12:30:00-05:00,10.765000343322754,10.8100004196167,10.739999771118164,10.760000228881836,6096520.0
2023-12-06 13:30:00-05:00,10.761699676513672,10.800000190734863,10.729999542236328,10.755000114440918,4303310.0
2023-12-06 14:30:00-05:00,10.755000114440918,10.770000457763672,10.699999809265137,10.703700065612793,4802160.0
2023-12-06 15:30:00-05:00,10.704999923706055,10.729900360107422,10.672499656677246,10.699999809265137,5724110.0
2023-12-06 16:00:00-05:00,10.7,10.7,10.66,10.68,0.0
2023-12-06 17:00:00-05:00,10.68,10.69,10.67,10.68,0.0
2023-12-06 18:00:00-05:00,10.68,10.69,10.67,10.69,0.0
2023-12-07 04:00:00-05:00,10.69,10.75,10.68,10.68,0.0
2023-12-07 05:00:00-05:00,10.69,10.7,10.68,10.7,0.0
2023-12-07 06:00:00-05:00,10.7,10.72,10.69,10.7,0.0
2023-12-07 07:00:00-05:00,10.7,10.71,10.69,10.71,0.0
2023-12-07 08:00:00-05:00,10.71,10.74,10.68,10.74,0.0
2023-12-07 09:00:00-05:00,10.73,10.8834,10.71,10.73,0.0
2023-12-07 09:30:00-05:00,10.710000038146973,10.850000381469727,10.680000305175781,10.8149995803833,8109223.0
2023-12-07 10:30:00-05:00,10.819999694824219,10.84000015258789,10.789999961853027,10.800000190734863,5063429.0
2023-12-07 11:30:00-05:00,10.805000305175781,10.829999923706055,10.789999961853027,10.800000190734863,4681069.0
2023-12-07 12:30:00-05:00,10.8100004196167,10.819999694824219,10.779999732971191,10.805000305175781,3997020.0
2023-12-07 13:30:00-05:00,10.807100296020508,10.869999885559082,10.789999961853027,10.859999656677246,4983702.0
2023-12-07 14:30:00-05:00,10.854999542236328,10.880000114440918,10.835000038146973,10.854999542236328,4946698.0
2023-12-07 15:30:00-05:00,10.859999656677246,10.859999656677246,10.8100004196167,10.8149995803833,5124548.0
2023-12-07 16:00:00-05:00,10.81,10.85,10.8,10.81,0.0
2023-12-07 17:00:00-05:00,10.82,10.84,10.81,10.81,0.0
2023-12-07 18:00:00-05:00,10.81,10.84,10.79,10.81,0.0
2023-12-08 04:00:00-05:00,10.83,10.84,10.83,10.84,0.0
2023-12-08 05:00:00-05:00,10.84,10.84,10.83,10.83,0.0
2023-12-08 06:00:00-05:00,10.84,10.84,10.83,10.84,0.0
2023-12-08 07:00:00-05:00,10.84,10.84,10.82,10.825,0.0
2023-12-08 08:00:00-05:00,10.83,10.84,10.81,10.82,0.0
2023-12-08 09:00:00-05:00,10.83,10.88,10.78,10.825,0.0
2023-12-08 09:30:00-05:00,10.8100004196167,11.050000190734863,10.789999961853027,11.050000190734863,9877864.0
2023-12-08 10:30:00-05:00,11.045000076293945,11.069999694824219,10.984999656677246,11.010000228881836,7470298.0
2023-12-08 11:30:00-05:00,11.005000114440918,11.020000457763672,10.954999923706055,10.989999771118164,5283646.0
2023-12-08 12:30:00-05:00,11.0,11.050000190734863,10.979999542236328,11.050000190734863,3404469.0
2023-12-08 13:30:00-05:00,11.050000190734863,11.050000190734863,11.020000457763672,11.039999961853027,2798579.0
2023-12-08 14:30:00-05:00,11.039999961853027,11.050000190734863,11.015000343322754,11.045000076293945,5616064.0
2023-12-08 15:30:00-05:00,11.040300369262695,11.0600004196167,11.010000228881836,11.015000343322754,7098158.0
2023-12-08 16:00:00-05:00,11.02,11.03,11.009791,11.03,0.0
2023-12-08 17:00:00-05:00,11.02,11.04,11.01,11.03,0.0
2023-12-08 18:00:00-05:00,11.02,11.05,11.01,11.05,0.0
2023-12-11 04:00:00-05:00,11.04,11.05,11.0,11.03,0.0
2023-12-11 05:00:00-05:00,11.02,11.04,11.02,11.03,0.0
2023-12-11 06:00:00-05:00,11.03,11.05,11.02,11.03,0.0
2023-12-11 07:00:00-05:00,11.03,11.06,11.02,11.06,0.0
2023-12-11 08:00:00-05:00,11.06,11.15,11.0,11.05,0.0
2023-12-11 09:00:00-05:00,11.04,11.07,11.04,11.05,0.0
2023-12-11 09:30:00-05:00,11.020000457763672,11.100000381469727,10.98009967803955,11.081000328063965,8660266.0
2023-12-11 10:30:00-05:00,11.09000015258789,11.100000381469727,11.0600004196167,11.085000038146973,4590407.0
2023-12-11 11:30:00-05:00,11.09000015258789,11.149999618530273,11.079999923706055,11.140000343322754,5901954.0
2023-12-11 12:30:00-05:00,11.135000228881836,11.140000343322754,11.119999885559082,11.130000114440918,3830261.0
2023-12-11 13:30:00-05:00,11.125,11.140000343322754,11.109999656677246,11.119999885559082,3058061.0
2023-12-11 14:30:00-05:00,11.125,11.130000114440918,11.093700408935547,11.104999542236328,4771506.0
2023-12-11 15:30:00-05:00,11.104999542236328,11.109999656677246,11.0600004196167,11.069999694824219,4973960.0
2023-12-11 16:00:00-05:00,11.07,11.33,11.06,11.1,0.0
2023-12-11 17:00:00-05:00,11.1,11.15,11.04,11.11,0.0
2023-12-11 18:00:00-05:00,11.105,11.12,11.08,11.09,0.0
2023-12-12 04:00:00-05:00,11.09,11.11,11.07,11.09,0.0
2023-12-12 05:00:00-05:00,11.09,11.11,11.09,11.1,0.0
2023-12-12 06:00:00-05:00,11.1,11.14,11.1,11.12,0.0
2023-12-12 07:00:00-05:00,11.12,11.12,11.09,11.1,0.0
2023-12-12 08:00:00-05:00,11.1,11.12,11.03,11.11,0.0
2023-12-12 09:00:00-05:00,11.1,11.15,10.985,11.09,0.0
2023-12-12 09:30:00-05:00,11.09000015258789,11.199999809265137,11.050000190734863,11.1850004196167,9928340.0
2023-12-12 10:30:00-05:00,11.1899995803833,11.194999694824219,11.140000343322754,11.170000076293945,5391642.0
2023-12-12 11:30:00-05:00,11.170000076293945,11.1899995803833,11.15999984741211,11.16569995880127,3573093.0
2023-12-12 12:30:00-05:00,11.164999961853027,11.170000076293945,11.130000114440918,11.135000228881836,3624161.0
2023-12-12 13:30:00-05:00,11.135000228881836,11.170000076293945,11.130000114440918,11.170000076293945,2680472.0
2023-12-12 14:30:00-05:00,11.164999961853027,11.170000076293945,11.140000343322754,11.154999732971191,4164235.0
2023-12-12 15:30:00-05:00,11.154999732971191,11.170000076293945,11.140000343322754,11.15999984741211,6342010.0
2023-12-12 16:00:00-05:00,11.15,11.18,11.14,11.1697,0.0
2023-12-12 17:00:00-05:00,11.16,11.17,10.9842,11.16,0.0
2023-12-12 18:00:00-05:00,11.16,11.18,11.15,11.17,0.0
2023-12-13 04:00:00-05:00,11.13,11.13,11.08,11.08,0.0
2023-12-13 05:00:00-05:00,11.09,11.09,11.07,11.09,0.0
2023-12-13 06:00:00-05:00,11.09,11.09,11.08,11.09,0.0
2023-12-13 07:00:00-05:00,11.08,11.13,11.08,11.1,0.0
2023-12-13 08:00:00-05:00,11.1,11.19,11.06,11.13,0.0
2023-12-13 09:00:00-05:00,11.13,11.14,11.08,11.09,0.0
2023-12-13 09:30:00-05:00,11.029999732971191,11.069999694824219,10.930000305175781,10.994999885559082,10193275.0
2023-12-13 10:30:00-05:00,10.994999885559082,11.0,10.880000114440918,10.895000457763672,7520992.0
2023-12-13 11:30:00-05:00,10.895000457763672,10.899999618530273,10.850000381469727,10.850000381469727,4976162.0
2023-12-13 12:30:00-05:00,10.854999542236328,10.890000343322754,10.8100004196167,10.8149995803833,5736371.0
2023-12-13 13:30:00-05:00,10.8149995803833,11.100000381469727,10.800000190734863,11.080100059509277,8235265.0
2023-12-13 14:30:00-05:00,11.09000015258789,11.289999961853027,11.039999961853027,11.199999809265137,14745305.0
2023-12-13 15:30:00-05:00,11.194999694824219,11.25,11.180000305175781,11.234999656677246,8849259.0
2023-12-13 16:00:00-05:00,11.23,11.285,11.071,11.205,0.0
2023-12-13 17:00:00-05:00,11.2,11.24,11.16,11.195,0.0
2023-12-13 18:00:00-05:00,11.195,11.24,11.15,11.21,0.0
2023-12-14 04:00:00-05:00,11.25,11.31,11.25,11.27,0.0
2023-12-14 05:00:00-05:00,11.27,11.3,11.27,11.3,0.0
2023-12-14 06:00:00-05:00,11.3,11.35,11.29,11.33,0.0
2023-12-14 07:00:00-05:00,11.34,11.37,11.31,11.37,0.0
2023-12-14 08:00:00-05:00,11.37,11.39,11.25,11.38,0.0
2023-12-14 09:00:00-05:00,11.3703,11.5,11.24,11.46,0.0
2023-12-14 09:30:00-05:00,11.470000267028809,11.899999618530273,11.470000267028809,11.829999923706055,25771522.0
2023-12-14 10:30:00-05:00,11.824999809265137,11.859999656677246,11.680000305175781,11.845000267028809,11838037.0
2023-12-14 11:30:00-05:00,11.850000381469727,11.899999618530273,11.800000190734863,11.895000457763672,9535993.0
2023-12-14 12:30:00-05:00,11.895000457763672,12.039999961853027,11.885000228881836,11.944999694824219,14514624.0
2023-12-14 13:30:00-05:00,11.944999694824219,12.039999961853027,11.920000076293945,12.03499984741211,10308367.0
2023-12-14 14:30:00-05:00,12.039999961853027,12.119999885559082,12.020000457763672,12.055000305175781,11744496.0
2023-12-14 15:30:00-05:00,12.055000305175781,12.125,12.020000457763672,12.09000015258789,15518894.0
2023-12-14 16:00:00-05:00,12.09,12.13,12.08,12.13,0.0
2023-12-14 17:00:00-05:00,12.125,12.15,12.08,12.09,0.0
2023-12-14 18:00:00-05:00,12.095,12.14,12.09,12.11,0.0
2023-12-15 04:00:00-05:00,12.04,12.16,12.04,12.15,0.0
2023-12-15 05:00:00-05:00,12.15,12.19,12.15,12.19,0.0
2023-12-15 06:00:00-05:00,12.18,12.24,12.17,12.18,0.0
2023-12-15 07:00:00-05:00,12.18,12.21,12.16,12.2,0.0
2023-12-15 08:00:00-05:00,12.2,12.24,12.07,12.19,0.0
2023-12-15 09:00:00-05:00,12.195,12.22,12.06,12.12,0.0
2023-12-15 09:30:00-05:00,12.069999694824219,12.180000305175781,11.930000305175781,12.074999809265137,19336763.0
2023-12-15 10:30:00-05:00,12.074999809265137,12.100000381469727,11.989999771118164,12.03499984741211,8163354.0
2023-12-15 11:30:00-05:00,12.03499984741211,12.050000190734863,12.010000228881836,12.015000343322754,5159069.0
2023-12-15 12:30:00-05:00,12.015000343322754,12.029999732971191,11.960000038146973,12.010000228881836,8124409.0
2023-12-15 13:30:00-05:00,12.010000228881836,12.010000228881836,11.9399995803833,11.970199584960938,7324749.0
2023-12-15 14:30:00-05:00,11.970100402832031,12.0,11.960000038146973,11.975000381469727,6866346.0
2023-12-15 15:30:00-05:00,11.979999542236328,12.050000190734863,11.970000267028809,12.010000228881836,8853628.0
2023-12-15 16:00:00-05:00,12.01,12.04,11.97,12.01,0.0
2023-12-15 17:00:00-05:00,12.01,12.04,12.0,12.03,0.0
2023-12-15 18:00:00-05:00,12.02,12.04,12.02,12.0207,0.0
2023-12-18 04:00:00-05:00,12.0,12.1,12.0,12.06,0.0
2023-12-18 05:00:00-05:00,12.05,12.06,12.01,12.02,0.0
2023-12-18 06:00:00-05:00,12.02,12.05,12.02,12.02,0.0
2023-12-18 07:00:00-05:00,12.02,12.04,12.0,12.04,0.0
2023-12-18 08:00:00-05:00,12.04,12.09,11.99,12.06,0.0
2023-12-18 09:00:00-05:00,12.0444,12.06,12.02,12.03,0.0
2023-12-18 09:30:00-05:00,11.989999771118164,12.079999923706055,11.920000076293945,11.976400375366211,9525750.0
2023-12-18 10:30:00-05:00,11.975000381469727,12.029999732971191,11.960000038146973,12.0,5743736.0
2023-12-18 11:30:00-05:00,11.994999885559082,12.0,11.920000076293945,11.975000381469727,4866416.0
2023-12-18 12:30:00-05:00,11.975000381469727,11.989999771118164,11.949999809265137,11.95259952545166,3673812.0
2023-12-18 13:30:00-05:00,11.954999923706055,11.979999542236328,11.930000305175781,11.93019962310791,3731195.0
2023-12-18 14:30:00-05:00,11.9350004196167,11.960000038146973,11.90999984741211,11.925000190734863,5220618.0
2023-12-18 15:30:00-05:00,11.925000190734863,11.9399995803833,11.910200119018555,11.9399995803833,4957799.0
2023-12-18 16:00:00-05:00,11.94,11.96,11.91,11.92,0.0
2023-12-18 17:00:00-05:00,11.92,11.93,11.9,11.9,0.0
2023-12-18 18:00:00-05:00,11.9192,11.93,11.89,11.9,0.0
2023-12-19 04:00:00-05:00,11.89,11.96,11.88,11.95,0.0
2023-12-19 05:00:00-05:00,11.94,11.96,11.94,11.96,0.0
2023-12-19 06:00:00-05:00,11.96,11.97,11.95,11.97,0.0
2023-12-19 07:00:00-05:00,11.97,11.99,11.96,11.98,0.0
2023-12-19 08:00:00-05:00,11.99,12.0,11.93,11.9896,0.0
2023-12-19 09:00:00-05:00,11.98,11.99,11.96,11.98,0.0
2023-12-19 09:30:00-05:00,11.970000267028809,12.03499984741211,11.890000343322754,11.994999885559082,8854013.0
2023-12-19 10:30:00-05:00,11.99839973449707,12.069999694824219,11.979999542236328,12.005000114440918,5040073.0
2023-12-19 11:30:00-05:00,12.005000114440918,12.029999732971191,11.979999542236328,12.015000343322754,4306566.0
2023-12-19 12:30:00-05:00,12.020000457763672,12.029999732971191,11.989999771118164,12.005000114440918,3241695.0
2023-12-19 13:30:00-05:00,12.010000228881836,12.020000457763672,11.989999771118164,12.005000114440918,2661706.0
2023-12-19 14:30:00-05:00,12.005000114440918,12.020000457763672,11.989999771118164,12.015000343322754,4344848.0
2023-12-19 15:30:00-05:00,12.020000457763672,12.029999732971191,12.0,12.020000457763672,3445270.0
2023-12-19 16:00:00-05:00,12.02,12.02,10.28,12.0,0.0
2023-12-19 17:00:00-05:00,12.0,12.02,11.98,12.0001,0.0
2023-12-19 18:00:00-05:00,12.01,12.02,11.99,12.005,0.0
2023-12-20 04:00:00-05:00,12.0,12.05,12.0,12.01,0.0
2023-12-20 05:00:00-05:00,12.01,12.02,12.0,12.0,0.0
2023-12-20 06:00:00-05:00,12.01,12.01,11.98,11.99,0.0
2023-12-20 07:00:00-05:00,11.99,11.99,11.96,11.98,0.0
2023-12-20 08:00:00-05:00,11.97,12.04,11.96,11.97,0.0
2023-12-20 09:00:00-05:00,11.97,11.98,11.97,11.975,0.0
2023-12-20 09:30:00-05:00,11.970000267028809,12.050000190734863,11.949999809265137,12.050000190734863,6378746.0
2023-12-20 10:30:00-05:00,12.045000076293945,12.119999885559082,12.039999961853027,12.074999809265137,5752344.0
2023-12-20 11:30:00-05:00,12.079999923706055,12.109999656677246,12.0600004196167,12.104999542236328,3628699.0
2023-12-20 12:30:00-05:00,12.104999542236328,12.140000343322754,12.09000015258789,12.095000267028809,2871476.0
2023-12-20 13:30:00-05:00,12.091500282287598,12.100000381469727,12.039999961853027,12.040499687194824,4422612.0
2023-12-20 14:30:00-05:00,12.045000076293945,12.050000190734863,11.845000267028809,11.854999542236328,15562623.0
2023-12-20 15:30:00-05:00,11.852999687194824,11.87720012664795,11.789999961853027,11.795000076293945,11076361.0
2023-12-20 16:00:00-05:00,11.81,11.85,11.79,11.84,0.0
2023-12-20 17:00:00-05:00,11.85,11.85,11.8,11.8201,0.0
2023-12-20 18:00:00-05:00,11.82,11.85,11.8,11.83,0.0
2023-12-21 04:00:00-05:00,11.86,11.92,11.86,11.91,0.0
2023-12-21 05:00:00-05:00,11.92,11.92,11.89,11.9,0.0
2023-12-21 06:00:00-05:00,11.9,11.91,11.89,11.91,0.0
2023-12-21 07:00:00-05:00,11.91,11.92,11.88,11.92,0.0
2023-12-21 08:00:00-05:00,11.93,11.97,11.88,11.97,0.0
2023-12-21 09:00:00-05:00,11.97,12.0,11.97,11.97,0.0
2023-12-21 09:30:00-05:00,11.930000305175781,12.069999694824219,11.899999618530273,12.010000228881836,11079347.0
2023-12-21 10:30:00-05:00,12.005000114440918,12.100000381469727,12.005000114440918,12.096400260925293,8081684.0
2023-12-21 11:30:00-05:00,12.095000267028809,12.170000076293945,12.029999732971191,12.031299591064453,10551415.0
2023-12-21 12:30:00-05:00,12.029999732971191,12.100000381469727,12.020000457763672,12.089799880981445,7075448.0
2023-12-21 13:30:00-05:00,12.085000038146973,12.149999618530273,12.079999923706055,12.119999885559082,5927812.0
2023-12-21 14:30:00-05:00,12.114999771118164,12.21500015258789,12.100000381469727,12.21500015258789,7564835.0
2023-12-21 15:30:00-05:00,12.21500015258789,12.354999542236328,12.199999809265137,12.329999923706055,12311805.0
2023-12-21 16:00:00-05:00,12.34,12.38,12.3,12.34,0.0
2023-12-21 17:00:00-05:00,12.3403,12.36,12.3,12.3402,0.0
2023-12-21 18:00:00-05:00,12.35,12.35,12.3,12.325,0.0
2023-12-22 04:00:00-05:00,12.28,12.33,12.28,12.29,0.0
2023-12-22 05:00:00-05:00,12.3,12.31,12.22,12.23,0.0
2023-12-22 06:00:00-05:00,12.24,12.29,12.23,12.29,0.0
2023-12-22 07:00:00-05:00,12.29,12.33,12.27,12.33,0.0
2023-12-22 08:00:00-05:00,12.33,12.35,12.2388,12.31,0.0
2023-12-22 09:00:00-05:00,12.32,12.36,11.925,12.36,0.0
2023-12-22 09:30:00-05:00,12.319999694824219,12.460000038146973,12.300000190734863,12.320500373840332,8676519.0
2023-12-22 10:30:00-05:00,12.324999809265137,12.350000381469727,12.279999732971191,12.34000015258789,6141662.0
2023-12-22 11:30:00-05:00,12.34000015258789,12.359999656677246,12.300000190734863,12.35200023651123,4738226.0
2023-12-22 12:30:00-05:00,12.350000381469727,12.369999885559082,12.34000015258789,12.364999771118164,3064073.0
2023-12-22 13:30:00-05:00,12.364999771118164,12.390000343322754,12.3100004196167,12.32289981842041,5701524.0
2023-12-22 14:30:00-05:00,12.324999809265137,12.390000343322754,12.3100004196167,12.359999656677246,7624195.0
2023-12-22 15:30:00-05:00,12.364999771118164,12.369999885559082,12.324999809265137,12.350000381469727,5181316.0
2023-12-22 16:00:00-05:00,12.35,12.37,12.33,12.3406,0.0
2023-12-22 17:00:00-05:00,12.3403,12.36,12.34,12.345,0.0
2023-12-22 18:00:00-05:00,12.35,12.36,12.34,12.35,0.0
2023-12-26 04:00:00-05:00,12.36,12.42,12.36,12.4,0.0
2023-12-26 05:00:00-05:00,12.39,12.4,12.36,12.37,0.0
2023-12-26 06:00:00-05:00,12.38,12.39,12.37,12.38,0.0
2023-12-26 07:00:00-05:00,12.38,12.4,12.36,12.37,0.0
2023-12-26 08:00:00-05:00,12.37,12.42,12.33,12.405,0.0
2023-12-26 09:00:00-05:00,12.41,12.41,12.39,12.4,0.0
2023-12-26 09:30:00-05:00,12.390000343322754,12.4399995803833,12.369999885559082,12.42770004272461,5323401.0
2023-12-26 10:30:00-05:00,12.420000076293945,12.449999809265137,12.40999984741211,12.414999961853027,3208422.0
2023-12-26 11:30:00-05:00,12.414999961853027,12.489999771118164,12.40999984741211,12.484999656677246,2934366.0
2023-12-26 12:30:00-05:00,12.484999656677246,12.5,12.460000038146973,12.46500015258789,2425426.0
2023-12-26 13:30:00-05:00,12.46500015258789,12.475000381469727,12.4399995803833,12.444999694824219,1962466.0
2023-12-26 14:30:00-05:00,12.4399995803833,12.470000267028809,12.420000076293945,12.470000267028809,4675546.0
2023-12-26 15:30:00-05:00,12.470000267028809,12.470000267028809,12.4399995803833,12.444999694824219,3990456.0
2023-12-26 16:00:00-05:00,12.445,12.45,12.44,12.44,0.0
2023-12-26 17:00:00-05:00,12.45,12.45,12.43,12.43,0.0
2023-12-26 18:00:00-05:00,12.45,12.46,12.43,12.45,0.0
2023-12-27 04:00:00-05:00,12.44,12.45,12.35,12.43,0.0
2023-12-27 05:00:00-05:00,12.44,12.45,12.43,12.45,0.0
2023-12-27 06:00:00-05:00,12.44,12.45,12.43,12.43,0.0
2023-12-27 07:00:00-05:00,12.43,12.45,12.43,12.45,0.0
2023-12-27 08:00:00-05:00,12.44,12.45,12.43,12.445,0.0
2023-12-27 09:00:00-05:00,12.45,12.46,12.44,12.455,0.0
2023-12-27 09:30:00-05:00,12.430000305175781,12.449999809265137,12.319999694824219,12.345000267028809,7669745.0
2023-12-27 10:30:00-05:00,12.345000267028809,12.350000381469727,12.229999542236328,12.289999961853027,6830591.0
2023-12-27 11:30:00-05:00,12.289999961853027,12.350000381469727,12.289999961853027,12.345000267028809,4651407.0
2023-12-27 12:30:00-05:00,12.350000381469727,12.390000343322754,12.319999694824219,12.375,4363200.0
2023-12-27 13:30:00-05:00,12.375,12.380000114440918,12.329999923706055,12.364999771118164,4195401.0
2023-12-27 14:30:00-05:00,12.364999771118164,12.399999618530273,12.354999542236328,12.390000343322754,4142913.0
2023-12-27 15:30:00-05:00,12.385000228881836,12.399999618530273,12.354999542236328,12.395000457763672,5407288.0
2023-12-27 16:00:00-05:00,12.395,12.43,10.58,12.395,0.0
2023-12-27 17:00:00-05:00,12.4,12.4,12.36,12.39,0.0
2023-12-27 18:00:00-05:00,12.39,12.41,12.36,12.39,0.0
2023-12-28 04:00:00-05:00,12.4,12.44,12.39,12.43,0.0
2023-12-28 05:00:00-05:00,12.43,12.43,12.41,12.41,0.0
2023-12-28 06:00:00-05:00,12.41,12.42,12.4,12.42,0.0
2023-12-28 07:00:00-05:00,12.41,12.41,12.39,12.39,0.0
2023-12-28 08:00:00-05:00,12.39,12.43,12.39,12.395,0.0
2023-12-28 09:00:00-05:00,12.39,12.4,12.35,12.35,0.0
2023-12-28 09:30:00-05:00,12.380000114440918,12.430000305175781,12.319999694824219,12.347599983215332,5949408.0
2023-12-28 10:30:00-05:00,12.350000381469727,12.350000381469727,12.289999961853027,12.289999961853027,3419449.0
2023-12-28 11:30:00-05:00,12.295000076293945,12.34000015258789,12.28499984741211,12.324999809265137,2623465.0
2023-12-28 12:30:00-05:00,12.319999694824219,12.329999923706055,12.279999732971191,12.3149995803833,2654781.0
2023-12-28 13:30:00-05:00,12.319999694824219,12.359999656677246,12.3100004196167,12.345000267028809,2399293.0
2023-12-28 14:30:00-05:00,12.345000267028809,12.350000381469727,12.3100004196167,12.337499618530273,3255437.0
2023-12-28 15:30:00-05:00,12.335000038146973,12.350000381469727,12.319999694824219,12.34000015258789,4165802.0
2023-12-28 16:00:00-05:00,12.34,12.34,12.32,12.34,0.0
2023-12-28 17:00:00-05:00,12.34,12.34,12.31,12.34,0.0
2023-12-28 18:00:00-05:00,12.335,12.34,12.32,12.3398,0.0
2023-12-29 04:00:00-05:00,12.53,12.53,12.42,12.42,0.0
2023-12-29 05:00:00-05:00,12.42,12.42,12.38,12.38,0.0
2023-12-29 06:00:00-05:00,12.39,12.39,12.38,12.39,0.0
2023-12-29 07:00:00-05:00,12.39,12.39,12.34,12.35,0.0
2023-12-29 08:00:00-05:00,12.36,12.43,12.32,12.37,0.0
2023-12-29 09:00:00-05:00,12.37,12.37,12.34,12.35,0.0
2023-12-29 09:30:00-05:00,12.350000381469727,12.390000343322754,12.3100004196167,12.3100004196167,4352669.0
2023-12-29 10:30:00-05:00,12.3149995803833,12.319999694824219,12.220000267028809,12.265000343322754,4921472.0
2023-12-29 11:30:00-05:00,12.262800216674805,12.289999961853027,12.229999542236328,12.244999885559082,3637587.0
2023-12-29 12:30:00-05:00,12.244999885559082,12.279999732971191,12.220000267028809,12.229999542236328,3292973.0
2023-12-29 13:30:00-05:00,12.230299949645996,12.25,12.1899995803833,12.193099975585938,4038193.0
2023-12-29 14:30:00-05:00,12.194999694824219,12.220000267028809,12.180000305175781,12.21500015258789,5319415.0
2023-12-29 15:30:00-05:00,12.21500015258789,12.220000267028809,12.15999984741211,12.1899995803833,8769000.0
2023-12-29 16:00:00-05:00,12.19,12.201,12.12,12.15,0.0
2023-12-29 17:00:00-05:00,12.1593,12.19,12.14,12.15,0.0
2023-12-29 18:00:00-05:00,12.15,12.16,12.14,12.15,0.0
2024-01-02 04:00:00-05:00,12.13,12.28,12.13,12.22,0.0
2024-01-02 05:00:00-05:00,12.24,12.25,12.22,12.23,0.0
2024-01-02 06:00:00-05:00,12.23,12.23,12.16,12.16,0.0
2024-01-02 07:00:00-05:00,12.165,12.17,12.1,12.13,0.0
2024-01-02 08:00:00-05:00,12.12,12.26,12.04,12.05,0.0
2024-01-02 09:00:00-05:00,12.05,12.07,12.04,12.05,0.0
2024-01-02 09:30:00-05:00,12.039999961853027,12.300000190734863,11.9399995803833,12.28499984741211,9936534.0
2024-01-02 10:30:00-05:00,12.289999961853027,12.319999694824219,12.21030044555664,12.265000343322754,6666494.0
2024-01-02 11:30:00-05:00,12.265000343322754,12.369999885559082,12.260000228881836,12.354999542236328,4432692.0
2024-01-02 12:30:00-05:00,12.354999542236328,12.380000114440918,12.334600448608398,12.34000015258789,3639058.0
2024-01-02 13:30:00-05:00,12.345000267028809,12.350000381469727,12.220000267028809,12.226099967956543,4304611.0
2024-01-02 14:30:00-05:00,12.225000381469727,12.229999542236328,12.140000343322754,12.143199920654297,5653954.0
2024-01-02 15:30:00-05:00,12.145000457763672,12.180000305175781,12.119999885559082,12.15999984741211,6451300.0
2024-01-02 16:00:00-05:00,12.16,12.21,12.14,12.16,0.0
2024-01-02 17:00:00-05:00,12.17,12.19,12.15,12.155,0.0
2024-01-02 18:00:00-05:00,12.155,12.25,12.15,12.17,0.0
2024-01-03 04:00:00-05:00,12.1,12.17,12.0,12.12,0.0
2024-01-03 05:00:00-05:00,12.11,12.12,12.1,12.11,0.0
2024-01-03 06:00:00-05:00,12.11,12.12,12.1,12.11,0.0
2024-01-03 07:00:00-05:00,12.11,12.11,12.01,12.03,0.0
2024-01-03 08:00:00-05:00,12.02,12.22,12.02,12.045,0.0
2024-01-03 09:00:00-05:00,12.045,12.05,11.98,11.99,0.0
2024-01-03 09:30:00-05:00,11.979999542236328,11.989999771118164,11.779999732971191,11.795000076293945,13582783.0
2024-01-03 10:30:00-05:00,11.795000076293945,11.819999694824219,11.640000343322754,11.789999961853027,11288182.0
2024-01-03 11:30:00-05:00,11.795000076293945,11.819999694824219,11.770000457763672,11.809900283813477,5605153.0
2024-01-03 12:30:00-05:00,11.805000305175781,11.90999984741211,11.803600311279297,11.885000228881836,4578244.0
2024-01-03 13:30:00-05:00,11.890000343322754,11.919899940490723,11.829999923706055,11.90999984741211,6230977.0
2024-01-03 14:30:00-05:00,11.904999732971191,11.920000076293945,11.729999542236328,11.75,6510622.0
2024-01-03 15:30:00-05:00,11.74940013885498,11.770000457763672,11.710000038146973,11.720000267028809,9761912.0
2024-01-03 16:00:00-05:00,11.71,11.77,11.71,11.76,0.0
2024-01-03 17:00:00-05:00,11.76,11.76,11.71,11.745,0.0
2024-01-03 18:00:00-05:00,11.75,11.76,11.74,11.75,0.0
2024-01-04 04:00:00-05:00,11.76,11.89,11.76,11.85,0.0
2024-01-04 05:00:00-05:00,11.86,11.86,11.84,11.85,0.0
2024-01-04 06:00:00-05:00,11.85,11.86,11.84,11.86,0.0
2024-01-04 07:00:00-05:00,11.85,11.87,11.71,11.74,0.0
2024-01-04 08:00:00-05:00,11.76,11.7998,11.71,11.77,0.0
2024-01-04 09:00:00-05:00,11.765,11.79,11.68,11.715,0.0
2024-01-04 09:30:00-05:00,11.760000228881836,11.819999694824219,11.630000114440918,11.708700180053711,11015918.0
2024-01-04 10:30:00-05:00,11.704999923706055,11.75,11.670000076293945,11.704999923706055,8645838.0
2024-01-04 11:30:00-05:00,11.70989990234375,11.779999732971191,11.699999809265137,11.777999877929688,6584714.0
2024-01-04 12:30:00-05:00,11.774999618530273,11.779999732971191,11.725000381469727,11.734999656677246,3473000.0
2024-01-04 13:30:00-05:00,11.734999656677246,11.760000228881836,11.729999542236328,11.744999885559082,4937917.0
2024-01-04 14:30:00-05:00,11.744999885559082,11.779999732971191,11.699999809265137,11.765000343322754,4767042.0
2024-01-04 15:30:00-05:00,11.765000343322754,11.774999618530273,11.680000305175781,11.694999694824219,7356539.0
2024-01-04 16:00:00-05:00,11.68,11.7485,11.68,11.7397,0.0
2024-01-04 17:00:00-05:00,11.735,11.76,11.68,11.72,0.0
2024-01-04 18:00:00-05:00,11.72,11.74,11.71,11.73,0.0
2024-01-05 04:00:00-05:00,11.73,11.78,11.68,11.71,0.0
2024-01-05 05:00:00-05:00,11.705,11.71,11.67,11.67,0.0
2024-01-05 06:00:00-05:00,11.68,11.68,11.64,11.65,0.0
2024-01-05 07:00:00-05:00,11.65,11.66,11.62,11.65,0.0
2024-01-05 08:00:00-05:00,11.66,11.78,11.64,11.67,0.0
2024-01-05 09:00:00-05:00,11.66,11.66,11.54,11.625,0.0
2024-01-05 09:30:00-05:00,11.645000457763672,12.039999961853027,11.630000114440918,11.960000038146973,12202668.0
2024-01-05 10:30:00-05:00,11.96150016784668,12.039999961853027,11.899999618530273,11.904999732971191,6114752.0
2024-01-05 11:30:00-05:00,11.899999618530273,11.90999984741211,11.800000190734863,11.839900016784668,3860021.0
2024-01-05 12:30:00-05:00,11.839699745178223,11.859999656677246,11.779999732971191,11.84000015258789,3256963.0
2024-01-05 13:30:00-05:00,11.845000267028809,11.90999984741211,11.84000015258789,11.854999542236328,4006079.0
2024-01-05 14:30:00-05:00,11.854999542236328,11.859999656677246,11.789999961853027,11.829999923706055,3997183.0
2024-01-05 15:30:00-05:00,11.824999809265137,11.859999656677246,11.8100004196167,11.850000381469727,6503757.0
2024-01-05 16:00:00-05:00,11.85,11.86,11.82,11.82,0.0
2024-01-05 17:00:00-05:00,11.84,11.84,11.82,11.84,0.0
2024-01-05 18:00:00-05:00,11.8303,11.86,11.83,11.86,0.0
2024-01-08 04:00:00-05:00,11.83,11.95,11.75,11.83,0.0
2024-01-08 05:00:00-05:00,11.83,11.83,11.8,11.81,0.0
2024-01-08 06:00:00-05:00,11.82,11.83,11.8,11.81,0.0
2024-01-08 07:00:00-05:00,11.82,11.85,11.81,11.83,0.0
2024-01-08 08:00:00-05:00,11.84,11.86,11.75,11.85,0.0
2024-01-08 09:00:00-05:00,11.84,11.85,11.84,11.8401,0.0
2024-01-08 09:30:00-05:00,11.850000381469727,11.920000076293945,11.789999961853027,11.885000228881836,10038739.0
2024-01-08 10:30:00-05:00,11.883199691772461,12.0,11.88010025024414,11.979900360107422,6127997.0
2024-01-08 11:30:00-05:00,11.979999542236328,12.050000190734863,11.949999809265137,11.949999809265137,5657060.0
2024-01-08 12:30:00-05:00,11.954999923706055,11.970000267028809,11.90999984741211,11.9350004196167,3245825.0
2024-01-08 13:30:00-05:00,11.9350004196167,11.989999771118164,11.930000305175781,11.984700202941895,2647823.0
2024-01-08 14:30:00-05:00,11.989999771118164,12.0,11.949999809265137,11.961000442504883,3911365.0
2024-01-08 15:30:00-05:00,11.960000038146973,11.989999771118164,11.949999809265137,11.979999542236328,4247322.0
2024-01-08 16:00:00-05:00,11.97,11.99,11.96,11.985,0.0
2024-01-08 17:00:00-05:00,11.98,11.98,11.95,11.97,0.0
2024-01-08 18:00:00-05:00,11.96,11.98,11.95,11.96,0.0
2024-01-09 04:00:00-05:00,11.97,11.97,11.91,11.92,0.0
2024-01-09 05:00:00-05:00,11.94,11.94,11.88,11.89,0.0
2024-01-09 06:00:00-05:00,11.9,11.9,11.88,11.89,0.0
2024-01-09 07:00:00-05:00,11.88,11.9,11.87,11.89,0.0
2024-01-09 08:00:00-05:00,11.89,11.97,11.87,11.9,0.0
2024-01-09 09:00:00-05:00,11.9,11.9,11.87,11.875,0.0
2024-01-09 09:30:00-05:00,11.8100004196167,11.899999618530273,11.770000457763672,11.854999542236328,10120083.0
2024-01-09 10:30:00-05:00,11.854999542236328,11.899999618530273,11.8100004196167,11.869999885559082,6115947.0
2024-01-09 11:30:00-05:00,11.869999885559082,11.899999618530273,11.819999694824219,11.819999694824219,4648856.0
2024-01-09 12:30:00-05:00,11.824999809265137,11.899999618530273,11.819999694824219,11.850000381469727,5510030.0
2024-01-09 13:30:00-05:00,11.850000381469727,11.890000343322754,11.829999923706055,11.864999771118164,5237727.0
2024-01-09 14:30:00-05:00,11.864999771118164,11.869999885559082,11.819999694824219,11.824999809265137,5371023.0
2024-01-09 15:30:00-05:00,11.824999809265137,11.850000381469727,11.800000190734863,11.850000381469727,5574613.0
2024-01-09 16:00:00-05:00,11.84,11.86,11.82,11.85,0.0
2024-01-09 17:00:00-05:00,11.85,11.85,11.82,11.83,0.0
2024-01-09 18:00:00-05:00,11.83,11.85,11.82,11.84,0.0
2024-01-10 04:00:00-05:00,11.85,11.87,11.78,11.87,0.0
2024-01-10 05:00:00-05:00,11.87,11.87,11.86,11.86,0.0
2024-01-10 06:00:00-05:00,11.86,11.87,11.85,11.85,0.0
2024-01-10 07:00:00-05:00,11.86,11.86,11.85,11.85,0.0
2024-01-10 08:00:00-05:00,11.855,11.86,11.83,11.86,0.0
2024-01-10 09:00:00-05:00,11.85,11.86,11.83,11.8397,0.0
2024-01-10 09:30:00-05:00,11.829999923706055,11.859999656677246,11.710000038146973,11.765000343322754,8751741.0
2024-01-10 10:30:00-05:00,11.765000343322754,11.800000190734863,11.739999771118164,11.770000457763672,4068876.0
2024-01-10 11:30:00-05:00,11.770000457763672,11.8100004196167,11.755000114440918,11.8100004196167,3284475.0
2024-01-10 12:30:00-05:00,11.800100326538086,11.8100004196167,11.720000267028809,11.734999656677246,3539085.0
2024-01-10 13:30:00-05:00,11.734999656677246,11.779999732971191,11.720000267028809,11.765000343322754,3483454.0
2024-01-10 14:30:00-05:00,11.765000343322754,11.8100004196167,11.760000228881836,11.779999732971191,4679412.0
2024-01-10 15:30:00-05:00,11.779999732971191,11.829999923706055,11.760000228881836,11.819999694824219,5842835.0
2024-01-10 16:00:00-05:00,11.77,11.83,11.77,11.81,0.0
2024-01-10 17:00:00-05:00,11.81,11.83,11.7801,11.805,0.0
2024-01-10 18:00:00-05:00,11.83,11.83,11.78,11.825,0.0
2024-01-11 04:00:00-05:00,11.83,11.87,11.83,11.87,0.0
2024-01-11 05:00:00-05:00,11.86,11.86,11.85,11.85,0.0
2024-01-11 06:00:00-05:00,11.86,11.86,11.84,11.86,0.0
2024-01-11 07:00:00-05:00,11.85,11.86,11.84,11.86,0.0
2024-01-11 08:00:00-05:00,11.86,11.86,11.83,11.85,0.0
2024-01-11 09:00:00-05:00,11.85,11.86,11.72,11.75,0.0
2024-01-11 09:30:00-05:00,11.75,11.770000457763672,11.569999694824219,11.61989974975586,11552329.0
2024-01-11 10:30:00-05:00,11.619999885559082,11.670000076293945,11.609999656677246,11.65999984741211,7707464.0
2024-01-11 11:30:00-05:00,11.654999732971191,11.6899995803833,11.600000381469727,11.640000343322754,6012097.0
2024-01-11 12:30:00-05:00,11.645000457763672,11.699999809265137,11.640000343322754,11.664999961853027,5636101.0
2024-01-11 13:30:00-05:00,11.65999984741211,11.6899995803833,11.640000343322754,11.675000190734863,3475499.0
2024-01-11 14:30:00-05:00,11.675000190734863,11.699999809265137,11.649999618530273,11.664999961853027,6149918.0
2024-01-11 15:30:00-05:00,11.666299819946289,11.720000267028809,11.649999618530273,11.710000038146973,4911626.0
2024-01-11 16:00:00-05:00,11.71,11.71,11.68,11.69,0.0
2024-01-11 17:00:00-05:00,11.69,11.69,11.66,11.69,0.0
2024-01-11 18:00:00-05:00,11.67,11.69,11.66,11.66,0.0
2024-01-12 04:00:00-05:00,11.71,11.71,11.68,11.7,0.0
2024-01-12 05:00:00-05:00,11.69,11.69,11.66,11.67,0.0
2024-01-12 06:00:00-05:00,11.69,11.69,11.63,11.64,0.0
2024-01-12 07:00:00-05:00,11.64,11.65,11.57,11.63,0.0
2024-01-12 08:00:00-05:00,11.63,11.7,11.57,11.59,0.0
2024-01-12 09:00:00-05:00,11.6,11.715,11.6,11.63,0.0
2024-01-12 09:30:00-05:00,11.649999618530273,11.770000457763672,11.579999923706055,11.59000015258789,9497907.0
2024-01-12 10:30:00-05:00,11.59000015258789,11.600000381469727,11.420000076293945,11.515000343322754,11465678.0
2024-01-12 11:30:00-05:00,11.515000343322754,11.529999732971191,11.4399995803833,11.463000297546387,7210044.0
2024-01-12 12:30:00-05:00,11.46500015258789,11.510000228881836,11.449999809265137,11.493000030517578,4781943.0
2024-01-12 13:30:00-05:00,11.494999885559082,11.510000228881836,11.463800430297852,11.470000267028809,4442599.0
2024-01-12 14:30:00-05:00,11.470000267028809,11.479999542236328,11.40999984741211,11.449799537658691,5950189.0
2024-01-12 15:30:00-05:00,11.44789981842041,11.479999542236328,11.4399995803833,11.449999809265137,6183167.0
2024-01-12 16:00:00-05:00,11.46,11.46,11.42,11.44,0.0
2024-01-12 17:00:00-05:00,11.44,11.45,11.43,11.43,0.0
2024-01-12 18:00:00-05:00,11.44,11.45,11.43,11.4398,0.0
2024-01-16 04:00:00-05:00,11.44,11.44,11.38,11.4,0.0
2024-01-16 05:00:00-05:00,11.38,11.4,11.37,11.38,0.0
2024-01-16 06:00:00-05:00,11.38,11.39,11.36,11.36,0.0
2024-01-16 07:00:00-05:00,11.35,11.36,11.26,11.31,0.0
2024-01-16 08:00:00-05:00,11.31,11.51,11.28,11.335,0.0
2024-01-16 09:00:00-05:00,11.32,11.36,11.26,11.3,0.0
2024-01-16 09:30:00-05:00,11.274999618530273,11.420000076293945,11.180000305175781,11.395000457763672,10587228.0
2024-01-16 10:30:00-05:00,11.390000343322754,11.489999771118164,11.369999885559082,11.425000190734863,9191862.0
2024-01-16 11:30:00-05:00,11.425000190734863,11.470000267028809,11.413999557495117,11.4350004196167,4515863.0
2024-01-16 12:30:00-05:00,11.4399995803833,11.5,11.430000305175781,11.494999885559082,3546010.0
2024-01-16 13:30:00-05:00,11.5,11.5,11.40999984741211,11.420000076293945,2989331.0
2024-01-16 14:30:00-05:00,11.425000190734863,11.470000267028809,11.40999984741211,11.444999694824219,5372805.0
2024-01-16 15:30:00-05:00,11.444999694824219,11.470000267028809,11.430000305175781,11.46399974822998,5428623.0
2024-01-16 16:00:00-05:00,11.46,11.46,11.42,11.43,0.0
2024-01-16 17:00:00-05:00,11.4201,11.49,11.4,11.44,0.0
2024-01-16 18:00:00-05:00,11.44,11.465,11.44,11.45,0.0
2024-01-17 04:00:00-05:00,11.36,11.36,11.19,11.2,0.0
2024-01-17 05:00:00-05:00,11.2,11.22,11.19,11.21,0.0
2024-01-17 06:00:00-05:00,11.21,11.22,11.18,11.21,0.0
2024-01-17 07:00:00-05:00,11.21,11.27,11.21,11.27,0.0
2024-01-17 08:00:00-05:00,11.26,11.35,11.19,11.21,0.0
2024-01-17 09:00:00-05:00,11.2,11.21,11.16,11.18,0.0
2024-01-17 09:30:00-05:00,11.170000076293945,11.3100004196167,11.109999656677246,11.254300117492676,9787720.0
2024-01-17 10:30:00-05:00,11.25,11.270000457763672,11.1899995803833,11.21500015258789,8889961.0
2024-01-17 11:30:00-05:00,11.21500015258789,11.239800453186035,11.15999984741211,11.180000305175781,4904959.0
2024-01-17 12:30:00-05:00,11.175000190734863,11.216400146484375,11.149999618530273,11.164999961853027,5057411.0
2024-01-17 13:30:00-05:00,11.164999961853027,11.229999542236328,11.15999984741211,11.210000038146973,4656413.0
2024-01-17 14:30:00-05:00,11.21500015258789,11.229999542236328,11.180000305175781,11.194100379943848,5820926.0
2024-01-17 15:30:00-05:00,11.1899995803833,11.289999961853027,11.1899995803833,11.279999732971191,6704737.0
2024-01-17 16:00:00-05:00,11.25,11.29,11.25,11.2505,0.0
2024-01-17 17:00:00-05:00,11.25,11.27,11.24,11.245,0.0
2024-01-17 18:00:00-05:00,11.25,11.26,11.24,11.25,0.0
2024-01-18 04:00:00-05:00,11.26,11.28,11.2,11.27,0.0
2024-01-18 05:00:00-05:00,11.28,11.28,11.27,11.28,0.0
2024-01-18 06:00:00-05:00,11.28,11.32,11.27,11.32,0.0
2024-01-18 07:00:00-05:00,11.32,11.345,11.31,11.34,0.0
2024-01-18 08:00:00-05:00,11.34,11.38,11.24,11.3612,0.0
2024-01-18 09:00:00-05:00,11.37,11.37,10.8834,11.336,0.0
2024-01-18 09:30:00-05:00,11.25,11.3100004196167,11.100000381469727,11.125,10434482.0
2024-01-18 10:30:00-05:00,11.125,11.149999618530273,11.020000457763672,11.0649995803833,8562990.0
2024-01-18 11:30:00-05:00,11.0649995803833,11.100000381469727,10.970000267028809,10.984999656677246,9469541.0
2024-01-18 12:30:00-05:00,10.984999656677246,11.029999732971191,10.970000267028809,10.984999656677246,6665922.0
2024-01-18 13:30:00-05:00,10.984999656677246,11.050000190734863,10.984999656677246,11.024999618530273,5772230.0
2024-01-18 14:30:00-05:00,11.024999618530273,11.039999961853027,10.970000267028809,10.979999542236328,9533721.0
2024-01-18 15:30:00-05:00,10.975000381469727,11.0,10.960000038146973,11.0,14707185.0
2024-01-18 16:00:00-05:00,11.0,11.0,10.96,10.9898,0.0
2024-01-18 17:00:00-05:00,10.985,10.99,10.98,10.98,0.0
2024-01-18 18:00:00-05:00,10.99,11.0,10.97,10.99,0.0
2024-01-19 04:00:00-05:00,10.96,11.05,10.96,11.03,0.0
2024-01-19 05:00:00-05:00,11.04,11.04,11.01,11.03,0.0
2024-01-19 06:00:00-05:00,11.02,11.03,11.02,11.02,0.0
2024-01-19 07:00:00-05:00,11.03,11.03,11.0,11.01,0.0
2024-01-19 08:00:00-05:00,11.0,11.05,10.78,10.99,0.0
2024-01-19 09:00:00-05:00,10.99,11.01,10.95,10.95,0.0
2024-01-19 09:30:00-05:00,10.9399995803833,10.979999542236328,10.824999809265137,10.96500015258789,13691649.0
2024-01-19 10:30:00-05:00,10.96500015258789,11.069999694824219,10.932999610900879,11.069899559020996,9267410.0
2024-01-19 11:30:00-05:00,11.069000244140625,11.069999694824219,11.020000457763672,11.045000076293945,5088803.0
2024-01-19 12:30:00-05:00,11.050000190734863,11.109999656677246,11.03499984741211,11.104999542236328,4810871.0
2024-01-19 13:30:00-05:00,11.109999656677246,11.180000305175781,11.100000381469727,11.160099983215332,4958477.0
2024-01-19 14:30:00-05:00,11.170000076293945,11.220000267028809,11.140000343322754,11.145000457763672,8019923.0
2024-01-19 15:30:00-05:00,11.145000457763672,11.199999809265137,11.140000343322754,11.199999809265137,7667366.0
2024-01-19 16:00:00-05:00,11.18,11.2,11.094713,11.19,0.0
2024-01-19 17:00:00-05:00,11.19,11.2,11.16,11.17,0.0
2024-01-19 18:00:00-05:00,11.16,11.2,11.16,11.18,0.0
2024-01-22 04:00:00-05:00,11.25,11.25,11.18,11.22,0.0
2024-01-22 05:00:00-05:00,11.22,11.22,11.21,11.22,0.0
2024-01-22 06:00:00-05:00,11.22,11.23,11.21,11.23,0.0
2024-01-22 07:00:00-05:00,11.23,11.23,11.21,11.22,0.0
2024-01-22 08:00:00-05:00,11.23,11.25,11.12,11.25,0.0
2024-01-22 09:00:00-05:00,11.25,11.25,11.21,11.235,0.0
2024-01-22 09:30:00-05:00,11.229999542236328,11.399999618530273,11.199999809265137,11.344599723815918,11257469.0
2024-01-22 10:30:00-05:00,11.345000267028809,11.350000381469727,11.229999542236328,11.255000114440918,8478468.0
2024-01-22 11:30:00-05:00,11.260000228881836,11.265000343322754,11.210000038146973,11.23449993133545,4162392.0
2024-01-22 12:30:00-05:00,11.235400199890137,11.239999771118164,11.149999618530273,11.154999732971191,5628974.0
2024-01-22 13:30:00-05:00,11.154999732971191,11.180000305175781,11.140000343322754,11.150099754333496,3497790.0
2024-01-22 14:30:00-05:00,11.15999984741211,11.199999809265137,11.140000343322754,11.194999694824219,4009116.0
2024-01-22 15:30:00-05:00,11.194999694824219,11.239999771118164,11.1899995803833,11.199999809265137,5131877.0
2024-01-22 16:00:00-05:00,11.2,11.24,11.19,11.23,0.0
2024-01-22 17:00:00-05:00,11.23,11.24,11.2,11.23,0.0
2024-01-22 18:00:00-05:00,11.23,11.24,11.23,11.24,0.0
2024-01-23 04:00:00-05:00,11.24,11.28,11.22,11.24,0.0
2024-01-23 05:00:00-05:00,11.25,11.26,11.23,11.23,0.0
2024-01-23 06:00:00-05:00,11.25,11.26,11.23,11.25,0.0
2024-01-23 07:00:00-05:00,11.24,11.27,11.24,11.26,0.0
2024-01-23 08:00:00-05:00,11.26,11.28,11.22,11.255,0.0
2024-01-23 09:00:00-05:00,11.25,11.27,11.25,11.265,0.0
2024-01-23 09:30:00-05:00,11.359999656677246,11.460000038146973,11.324999809265137,11.430000305175781,9290727.0
2024-01-23 10:30:00-05:00,11.425000190734863,11.429900169372559,11.260000228881836,11.354999542236328,7223328.0
2024-01-23 11:30:00-05:00,11.359999656677246,11.369999885559082,11.260000228881836,11.284199714660645,7885312.0
2024-01-23 12:30:00-05:00,11.284500122070312,11.300000190734863,11.239999771118164,11.28499984741211,4955134.0
2024-01-23 13:30:00-05:00,11.28499984741211,11.34000015258789,11.279999732971191,11.333399772644043,3418293.0
2024-01-23 14:30:00-05:00,11.34000015258789,11.390000343322754,11.329999923706055,11.385000228881836,3508797.0
2024-01-23 15:30:00-05:00,11.385000228881836,11.390000343322754,11.350000381469727,11.369999885559082,5782619.0
2024-01-23 16:00:00-05:00,11.37,11.4,11.35,11.37,0.0
2024-01-23 17:00:00-05:00,11.37,11.42,11.35,11.38,0.0
2024-01-23 18:00:00-05:00,11.37,11.41,11.37,11.38,0.0
2024-01-24 04:00:00-05:00,11.41,11.42,11.36,11.39,0.0
2024-01-24 05:00:00-05:00,11.39,11.39,11.36,11.37,0.0
2024-01-24 06:00:00-05:00,11.37,11.37,11.3,11.35,0.0
2024-01-24 07:00:00-05:00,11.36,11.37,11.35,11.35,0.0
2024-01-24 08:00:00-05:00,11.36,11.43,11.33,11.42,0.0
2024-01-24 09:00:00-05:00,11.41,11.43,11.39,11.42,0.0
2024-01-24 09:30:00-05:00,11.4350004196167,11.449999809265137,11.220000267028809,11.223199844360352,10593439.0
2024-01-24 10:30:00-05:00,11.221500396728516,11.279999732971191,11.1899995803833,11.225000381469727,8918876.0
2024-01-24 11:30:00-05:00,11.225000381469727,11.229999542236328,11.149999618530273,11.154999732971191,4522338.0
2024-01-24 12:30:00-05:00,11.159899711608887,11.15999984741211,11.069999694824219,11.095000267028809,5953249.0
2024-01-24 13:30:00-05:00,11.090100288391113,11.100000381469727,11.020000457763672,11.039999961853027,7941574.0
2024-01-24 14:30:00-05:00,11.029999732971191,11.079999923706055,11.0,11.020000457763672,6929766.0
2024-01-24 15:30:00-05:00,11.020000457763672,11.050000190734863,11.010000228881836,11.032500267028809,7222231.0
2024-01-24 16:00:00-05:00,11.02,11.06,10.9,10.98,0.0
2024-01-24 17:00:00-05:00,10.9798,11.03,10.95,10.96,0.0
2024-01-24 18:00:00-05:00,10.95,11.03,10.92,10.935,0.0
2024-01-25 04:00:00-05:00,10.92,10.95,10.9,10.9,0.0
2024-01-25 05:00:00-05:00,10.9,10.92,10.88,10.9,0.0
2024-01-25 06:00:00-05:00,10.91,10.91,10.86,10.89,0.0
2024-01-25 07:00:00-05:00,10.89,10.91,10.88,10.89,0.0
2024-01-25 08:00:00-05:00,10.9,11.03,10.874,10.8998,0.0
2024-01-25 09:00:00-05:00,10.89,10.96,10.89,10.945,0.0
2024-01-25 09:30:00-05:00,11.09000015258789,11.229999542236328,11.024999618530273,11.204999923706055,10823623.0
2024-01-25 10:30:00-05:00,11.204999923706055,11.229999542236328,11.100000381469727,11.194999694824219,6926240.0
2024-01-25 11:30:00-05:00,11.194999694824219,11.239999771118164,11.173600196838379,11.21500015258789,5627399.0
2024-01-25 12:30:00-05:00,11.21500015258789,11.260000228881836,11.170000076293945,11.225000381469727,4031841.0
2024-01-25 13:30:00-05:00,11.225000381469727,11.289999961853027,11.212499618530273,11.28030014038086,3812132.0
2024-01-25 14:30:00-05:00,11.28499984741211,11.300000190734863,11.224300384521484,11.24429988861084,6004779.0
2024-01-25 15:30:00-05:00,11.244999885559082,11.359999656677246,11.239999771118164,11.352499961853027,8779394.0
2024-01-25 16:00:00-05:00,11.36,11.37,11.32,11.345,0.0
2024-01-25 17:00:00-05:00,11.34,11.35,11.3,11.31,0.0
2024-01-25 18:00:00-05:00,11.31,11.33,11.3,11.33,0.0
2024-01-26 04:00:00-05:00,11.33,11.33,11.3,11.32,0.0
2024-01-26 05:00:00-05:00,11.32,11.36,11.32,11.35,0.0
2024-01-26 06:00:00-05:00,11.35,11.37,11.34,11.35,0.0
2024-01-26 07:00:00-05:00,11.36,11.38,11.34,11.37,0.0
2024-01-26 08:00:00-05:00,11.37,11.38,11.3,11.35,0.0
2024-01-26 09:00:00-05:00,11.36,11.4,11.33,11.36,0.0
2024-01-26 09:30:00-05:00,11.399999618530273,11.5,11.369999885559082,11.444999694824219,7549080.0
2024-01-26 10:30:00-05:00,11.449999809265137,11.494999885559082,11.430000305175781,11.4350004196167,4433639.0
2024-01-26 11:30:00-05:00,11.4350004196167,11.470000267028809,11.350000381469727,11.359999656677246,4530122.0
2024-01-26 12:30:00-05:00,11.354999542236328,11.380000114440918,11.300000190734863,11.375,3963048.0
2024-01-26 13:30:00-05:00,11.375,11.380000114440918,11.3100004196167,11.354999542236328,3435377.0
2024-01-26 14:30:00-05:00,11.354999542236328,11.380000114440918,11.342499732971191,11.364999771118164,3394896.0
2024-01-26 15:30:00-05:00,11.369999885559082,11.40999984741211,11.350000381469727,11.390000343322754,5647059.0
2024-01-26 16:00:00-05:00,11.41,11.41,11.38,11.385,0.0
2024-01-26 17:00:00-05:00,11.3898,11.39,11.38,11.385,0.0
2024-01-26 18:00:00-05:00,11.39,11.4,11.38,11.385,0.0
2024-01-29 04:00:00-05:00,11.37,11.48,11.37,11.39,0.0
2024-01-29 05:00:00-05:00,11.39,11.39,11.38,11.39,0.0
2024-01-29 06:00:00-05:00,11.4,11.4,11.38,11.39,0.0
2024-01-29 07:00:00-05:00,11.39,11.4,11.37,11.39,0.0
2024-01-29 08:00:00-05:00,11.39,11.4,11.37,11.395,0.0
2024-01-29 09:00:00-05:00,11.3997,11.4,11.38,11.4,0.0
2024-01-29 09:30:00-05:00,11.380000114440918,11.510000228881836,11.300000190734863,11.475000381469727,10069464.0
2024-01-29 10:30:00-05:00,11.475000381469727,11.520000457763672,11.430000305175781,11.494999885559082,9304892.0
2024-01-29 11:30:00-05:00,11.494999885559082,11.510000228881836,11.40999984741211,11.40999984741211,4931960.0
2024-01-29 12:30:00-05:00,11.412599563598633,11.4399995803833,11.390000343322754,11.432499885559082,4727974.0
2024-01-29 13:30:00-05:00,11.4350004196167,11.470000267028809,11.430000305175781,11.447600364685059,3637455.0
2024-01-29 14:30:00-05:00,11.449999809265137,11.539999961853027,11.4399995803833,11.53499984741211,5702898.0
2024-01-29 15:30:00-05:00,11.53499984741211,11.5600004196167,11.510000228881836,11.54170036315918,10777770.0
2024-01-29 16:00:00-05:00,11.53,11.5594,11.53,11.54,0.0
2024-01-29 17:00:00-05:00,11.53,11.56,11.53,11.555,0.0
2024-01-29 18:00:00-05:00,11.55,11.56,11.54,11.545,0.0
2024-01-30 04:00:00-05:00,11.56,11.56,11.54,11.54,0.0
2024-01-30 05:00:00-05:00,11.55,11.55,11.54,11.55,0.0
2024-01-30 06:00:00-05:00,11.55,11.55,11.54,11.54,0.0
2024-01-30 07:00:00-05:00,11.54,11.95,11.52,11.85,0.0
2024-01-30 08:00:00-05:00,11.86,11.91,11.53,11.77,0.0
2024-01-30 09:00:00-05:00,11.775,11.87,11.76,11.76,0.0
2024-01-30 09:30:00-05:00,11.770000457763672,11.869999885559082,11.619999885559082,11.694999694824219,25053888.0
2024-01-30 10:30:00-05:00,11.694999694824219,11.779999732971191,11.654000282287598,11.744999885559082,10979362.0
2024-01-30 11:30:00-05:00,11.744999885559082,11.819999694824219,11.699999809265137,11.8100004196167,7468730.0
2024-01-30 12:30:00-05:00,11.805000305175781,11.850000381469727,11.770000457763672,11.84000015258789,6726254.0
2024-01-30 13:30:00-05:00,11.835000038146973,11.869999885559082,11.8100004196167,11.864999771118164,4911961.0
2024-01-30 14:30:00-05:00,11.86989974975586,11.869999885559082,11.770000457763672,11.8149995803833,5494075.0
2024-01-30 15:30:00-05:00,11.8149995803833,11.819999694824219,11.770000457763672,11.774999618530273,5690725.0
2024-01-30 16:00:00-05:00,11.77,11.82,11.75,11.77,0.0
2024-01-30 17:00:00-05:00,11.76,11.78,11.74,11.75,0.0
2024-01-30 18:00:00-05:00,11.755,11.78,11.74,11.75,0.0
2024-01-31 04:00:00-05:00,11.85,11.85,11.78,11.78,0.0
2024-01-31 05:00:00-05:00,11.78,11.82,11.78,11.81,0.0
2024-01-31 06:00:00-05:00,11.81,11.82,11.78,11.82,0.0
2024-01-31 07:00:00-05:00,11.82,11.82,11.79,11.82,0.0
2024-01-31 08:00:00-05:00,11.82,11.83,11.76,11.81,0.0
2024-01-31 09:00:00-05:00,11.83,11.84,11.76,11.775,0.0
2024-01-31 09:30:00-05:00,11.760000228881836,11.869999885559082,11.720000267028809,11.862700462341309,11388939.0
2024-01-31 10:30:00-05:00,11.859999656677246,11.960000038146973,11.829999923706055,11.9399995803833,9452955.0
2024-01-31 11:30:00-05:00,11.944999694824219,11.949999809265137,11.829999923706055,11.920000076293945,6864257.0
2024-01-31 12:30:00-05:00,11.914999961853027,11.920000076293945,11.859999656677246,11.890000343322754,5131856.0
2024-01-31 13:30:00-05:00,11.895000457763672,11.9399995803833,11.819999694824219,11.824999809265137,6415705.0
2024-01-31 14:30:00-05:00,11.824999809265137,11.98639965057373,11.729999542236328,11.8149995803833,17573800.0
2024-01-31 15:30:00-05:00,11.8100004196167,11.819999694824219,11.720000267028809,11.720000267028809,10657251.0
2024-01-31 16:00:00-05:00,11.72,11.82,11.719,11.745,0.0
2024-01-31 17:00:00-05:00,11.75,11.76,11.72,11.75,0.0
2024-01-31 18:00:00-05:00,11.76,11.8,11.73,11.74,0.0
2024-02-01 04:00:00-05:00,11.7,11.8,11.52,11.76,0.0
2024-02-01 05:00:00-05:00,11.76,11.8,11.73,11.75,0.0
2024-02-01 06:00:00-05:00,11.78,11.8,11.76,11.8,0.0
2024-02-01 07:00:00-05:00,11.8,11.81,11.78,11.81,0.0
2024-02-01 08:00:00-05:00,11.81,11.85,11.75,11.806,0.0
2024-02-01 09:00:00-05:00,11.815,11.88,11.8,11.84,0.0
2024-02-01 09:30:00-05:00,11.819999694824219,11.869999885559082,11.729999542236328,11.8100004196167,9494656.0
2024-02-01 10:30:00-05:00,11.803999900817871,11.819999694824219,11.619999885559082,11.64050006866455,9024222.0
2024-02-01 11:30:00-05:00,11.640000343322754,11.800000190734863,11.640000343322754,11.750100135803223,7536443.0
2024-02-01 12:30:00-05:00,11.755000114440918,11.869999885559082,11.734999656677246,11.765000343322754,7104804.0
2024-02-01 13:30:00-05:00,11.760000228881836,12.045999526977539,11.75,11.979999542236328,18780180.0
2024-02-01 14:30:00-05:00,11.975000381469727,12.130000114440918,11.970000267028809,12.060099601745605,14523268.0
2024-02-01 15:30:00-05:00,12.069999694824219,12.140000343322754,12.0600004196167,12.100000381469727,8843122.0
2024-02-01 16:00:00-05:00,12.1,12.13,12.06,12.11,0.0
2024-02-01 17:00:00-05:00,12.12,12.14,12.1,12.105,0.0
2024-02-01 18:00:00-05:00,12.1,12.14,12.1,12.125,0.0
2024-02-02 04:00:00-05:00,12.11,12.15,12.09,12.09,0.0
2024-02-02 05:00:00-05:00,12.1,12.12,12.08,12.09,0.0
2024-02-02 06:00:00-05:00,12.1,12.1,12.09,12.1,0.0
2024-02-02 07:00:00-05:00,12.1,12.14,12.1,12.13,0.0
2024-02-02 08:00:00-05:00,12.13,12.15,12.07,12.135,0.0
2024-02-02 09:00:00-05:00,12.13,12.13,11.95,11.96,0.0
2024-02-02 09:30:00-05:00,12.029999732971191,12.100000381469727,11.9399995803833,12.079999923706055,18197996.0
2024-02-02 10:30:00-05:00,12.079899787902832,12.149999618530273,11.960000038146973,12.015000343322754,12540498.0
2024-02-02 11:30:00-05:00,12.015000343322754,12.069999694824219,12.0,12.04010009765625,7438550.0
2024-02-02 12:30:00-05:00,12.047100067138672,12.100000381469727,12.0,12.074999809265137,7370231.0
2024-02-02 13:30:00-05:00,12.079899787902832,12.1899995803833,12.069999694824219,12.173500061035156,7638793.0
2024-02-02 14:30:00-05:00,12.175000190734863,12.1899995803833,12.149999618530273,12.1899995803833,7811839.0
2024-02-02 15:30:00-05:00,12.1850004196167,12.1899995803833,12.140000343322754,12.140000343322754,8357953.0
2024-02-02 16:00:00-05:00,12.14,12.16,12.11,12.1197,0.0
2024-02-02 17:00:00-05:00,12.12,12.15,12.11,12.13,0.0
2024-02-02 18:00:00-05:00,12.14,12.15,12.13,12.13,0.0
2024-02-05 04:00:00-05:00,12.05,12.19,12.0,12.1,0.0
2024-02-05 05:00:00-05:00,12.11,12.11,12.08,12.1,0.0
2024-02-05 06:00:00-05:00,12.11,12.13,12.08,12.1,0.0
2024-02-05 07:00:00-05:00,12.1,12.13,12.1,12.11,0.0
2024-02-05 08:00:00-05:00,12.11,12.19,12.06,12.08,0.0
2024-02-05 09:00:00-05:00,12.08,12.09,12.0,12.05,0.0
2024-02-05 09:30:00-05:00,12.0,12.079999923706055,11.800000190734863,11.897500038146973,16446967.0
2024-02-05 10:30:00-05:00,11.899999618530273,11.920000076293945,11.829999923706055,11.85260009765625,10127612.0
2024-02-05 11:30:00-05:00,11.854999542236328,11.869999885559082,11.770000457763672,11.78499984741211,7470194.0
2024-02-05 12:30:00-05:00,11.78499984741211,11.824999809265137,11.760000228881836,11.760000228881836,5680940.0
2024-02-05 13:30:00-05:00,11.761300086975098,11.789999961853027,11.539999961853027,11.654999732971191,14291919.0
2024-02-05 14:30:00-05:00,11.654999732971191,11.680000305175781,11.579999923706055,11.625,11128558.0
2024-02-05 15:30:00-05:00,11.625,11.640000343322754,11.5600004196167,11.585000038146973,10980146.0
2024-02-05 16:00:00-05:00,11.64,11.7488,11.56,11.62,0.0
2024-02-05 17:00:00-05:00,11.61,11.64,11.61,11.63,0.0
2024-02-05 18:00:00-05:00,11.63,11.65,11.6,11.64,0.0
2024-02-06 04:00:00-05:00,11.67,11.78,11.65,11.66,0.0
2024-02-06 05:00:00-05:00,11.655,11.67,11.6,11.6,0.0
2024-02-06 06:00:00-05:00,11.6,11.63,11.59,11.61,0.0
2024-02-06 07:00:00-05:00,11.6,11.61,11.58,11.6,0.0
2024-02-06 08:00:00-05:00,11.6,11.69,11.57,11.64,0.0
2024-02-06 09:00:00-05:00,11.63,11.66,11.26,11.65,0.0
2024-02-06 09:30:00-05:00,11.640000343322754,11.920000076293945,11.619999885559082,11.845000267028809,14241917.0
2024-02-06 10:30:00-05:00,11.845000267028809,11.9399995803833,11.84000015258789,11.899999618530273,10460916.0
2024-02-06 11:30:00-05:00,11.899999618530273,12.029999732971191,11.869999885559082,12.029899597167969,11549890.0
2024-02-06 12:30:00-05:00,12.029999732971191,12.079999923706055,11.979999542236328,11.999899864196777,10085538.0
2024-02-06 13:30:00-05:00,11.992600440979004,12.050000190734863,11.979999542236328,12.045000076293945,9098007.0
2024-02-06 14:30:00-05:00,12.039999961853027,12.100000381469727,12.003899574279785,12.045000076293945,11058639.0
2024-02-06 15:30:00-05:00,12.04990005493164,12.09000015258789,12.010000228881836,12.09000015258789,12752417.0
2024-02-06 16:00:00-05:00,12.08,13.13,12.04,12.81,0.0
2024-02-06 17:00:00-05:00,12.8,12.98,12.77,12.85,0.0
2024-02-06 18:00:00-05:00,12.85,12.85,12.8,12.8199,0.0
2024-02-07 04:00:00-05:00,12.88,12.98,12.63,12.77,0.0
2024-02-07 05:00:00-05:00,12.78,12.83,12.77,12.82,0.0
2024-02-07 06:00:00-05:00,12.82,12.84,12.75,12.77,0.0
2024-02-07 07:00:00-05:00,12.78,12.86,12.77,12.81,0.0
2024-02-07 08:00:00-05:00,12.81,12.87,12.7,12.75,0.0
2024-02-07 09:00:00-05:00,12.7401,13.2,12.7299,12.77,0.0
2024-02-07 09:30:00-05:00,12.729999542236328,12.979999542236328,12.199999809265137,12.420000076293945,50530469.0
2024-02-07 10:30:00-05:00,12.420000076293945,12.475000381469727,12.25,12.449999809265137,17569363.0
2024-02-07 11:30:00-05:00,12.449999809265137,12.59000015258789,12.420000076293945,12.585000038146973,11667129.0
2024-02-07 12:30:00-05:00,12.59000015258789,12.649999618530273,12.510100364685059,12.649999618530273,9308624.0
2024-02-07 13:30:00-05:00,12.649999618530273,12.760000228881836,12.619999885559082,12.760000228881836,10150332.0
2024-02-07 14:30:00-05:00,12.760000228881836,12.850000381469727,12.699999809265137,12.779999732971191,13779599.0
2024-02-07 15:30:00-05:00,12.78600025177002,12.845000267028809,12.770000457763672,12.78499984741211,14828779.0
2024-02-07 16:00:00-05:00,12.785,12.83,12.77,12.785,0.0
2024-02-07 17:00:00-05:00,12.79,12.79,12.75,12.765,0.0
2024-02-07 18:00:00-05:00,12.77,12.79,12.71,12.77,0.0
2024-02-08 04:00:00-05:00,12.56,12.8,12.56,12.74,0.0
2024-02-08 05:00:00-05:00,12.73,12.76,12.7,12.75,0.0
2024-02-08 06:00:00-05:00,12.74,12.77,12.74,12.76,0.0
2024-02-08 07:00:00-05:00,12.76,12.79,12.74,12.78,0.0
2024-02-08 08:00:00-05:00,12.78,12.86,12.7364,12.856,0.0
2024-02-08 09:00:00-05:00,12.85,12.86,12.84,12.84,0.0
2024-02-08 09:30:00-05:00,12.869999885559082,12.899999618530273,12.539999961853027,12.649999618530273,14664964.0
2024-02-08 10:30:00-05:00,12.649900436401367,12.75,12.640000343322754,12.675000190734863,9676295.0
2024-02-08 11:30:00-05:00,12.675000190734863,12.829999923706055,12.649999618530273,12.82759952545166,9971600.0
2024-02-08 12:30:00-05:00,12.829299926757812,12.880000114440918,12.760299682617188,12.875,6685730.0
2024-02-08 13:30:00-05:00,12.879899978637695,12.890000343322754,12.739999771118164,12.755000114440918,9108808.0
2024-02-08 14:30:00-05:00,12.755000114440918,12.789999961853027,12.720000267028809,12.774999618530273,6960247.0
2024-02-08 15:30:00-05:00,12.776800155639648,12.84000015258789,12.770000457763672,12.819999694824219,7029363.0
2024-02-08 16:00:00-05:00,12.83,12.83,12.79,12.8,0.0
2024-02-08 17:00:00-05:00,12.8,12.81,12.8,12.81,0.0
2024-02-08 18:00:00-05:00,12.805,12.81,12.8,12.8003,0.0
2024-02-09 04:00:00-05:00,12.64,12.84,12.64,12.84,0.0
2024-02-09 05:00:00-05:00,12.83,12.85,12.81,12.85,0.0
2024-02-09 06:00:00-05:00,12.84,12.86,12.83,12.86,0.0
2024-02-09 07:00:00-05:00,12.85,12.88,12.84,12.86,0.0
2024-02-09 08:00:00-05:00,12.87,12.87,12.67,12.85,0.0
2024-02-09 09:00:00-05:00,12.8502,12.9203,12.85,12.88,0.0
2024-02-09 09:30:00-05:00,12.8100004196167,12.920000076293945,12.65999984741211,12.716500282287598,12941601.0
2024-02-09 10:30:00-05:00,12.71500015258789,12.760000228881836,12.640000343322754,12.679800033569336,8403586.0
2024-02-09 11:30:00-05:00,12.680000305175781,12.6899995803833,12.649999618530273,12.6899995803833,4108012.0
2024-02-09 12:30:00-05:00,12.6899995803833,12.710000038146973,12.649999618530273,12.6983003616333,4264611.0
2024-02-09 13:30:00-05:00,12.694999694824219,12.75,12.6899995803833,12.729999542236328,3255239.0
2024-02-09 14:30:00-05:00,12.73449993133545,12.739999771118164,12.649999618530273,12.705100059509277,5687406.0
2024-02-09 15:30:00-05:00,12.704999923706055,12.710000038146973,12.654999732971191,12.675000190734863,6152800.0
2024-02-09 16:00:00-05:00,12.67,12.69,12.66,12.67,0.0
2024-02-09 17:00:00-05:00,12.68,12.69,12.66,12.68,0.0
2024-02-09 18:00:00-05:00,12.6701,12.68,12.67,12.675,0.0
2024-02-12 04:00:00-05:00,12.68,12.72,12.6,12.71,0.0
2024-02-12 05:00:00-05:00,12.7,12.72,12.7,12.7,0.0
2024-02-12 06:00:00-05:00,12.72,12.74,12.72,12.74,0.0
2024-02-12 07:00:00-05:00,12.74,12.75,12.7,12.72,0.0
2024-02-12 08:00:00-05:00,12.72,12.78,12.6,12.705,0.0
2024-02-12 09:00:00-05:00,12.7,12.71,12.68,12.69,0.0
2024-02-12 09:30:00-05:00,12.680000305175781,13.029999732971191,12.640000343322754,12.960000038146973,14505548.0
2024-02-12 10:30:00-05:00,12.960000038146973,13.010000228881836,12.90999984741211,12.954999923706055,7585665.0
2024-02-12 11:30:00-05:00,12.954999923706055,13.050000190734863,12.930000305175781,13.015000343322754,6454469.0
2024-02-12 12:30:00-05:00,13.020000457763672,13.069999694824219,12.989999771118164,13.055000305175781,5081243.0
2024-02-12 13:30:00-05:00,13.055000305175781,13.069999694824219,12.979999542236328,13.029999732971191,5102434.0
2024-02-12 14:30:00-05:00,13.029999732971191,13.050000190734863,12.989999771118164,13.029999732971191,4799727.0
2024-02-12 15:30:00-05:00,13.024999618530273,13.029999732971191,12.960000038146973,12.989999771118164,6478449.0
2024-02-12 16:00:00-05:00,12.99,13.01,12.97,13.0,0.0
2024-02-12 17:00:00-05:00,13.0,13.01,12.98,13.01,0.0
2024-02-12 18:00:00-05:00,13.0,13.01,12.99,12.99,0.0
2024-02-13 04:00:00-05:00,13.0,13.0,12.95,12.95,0.0
2024-02-13 05:00:00-05:00,12.98,12.98,12.95,12.95,0.0
2024-02-13 06:00:00-05:00,12.95,12.97,12.94,12.96,0.0
2024-02-13 07:00:00-05:00,12.97,13.0,12.94,12.96,0.0
2024-02-13 08:00:00-05:00,12.95,13.0,12.9424,12.99,0.0
2024-02-13 09:00:00-05:00,12.99,12.99,12.71,12.73,0.0
2024-02-13 09:30:00-05:00,12.770000457763672,12.899999618530273,12.510000228881836,12.545000076293945,21439866.0
2024-02-13 10:30:00-05:00,12.550000190734863,12.609999656677246,12.479999542236328,12.586000442504883,11710708.0
2024-02-13 11:30:00-05:00,12.589900016784668,12.649999618530273,12.569999694824219,12.607999801635742,5795988.0
2024-02-13 12:30:00-05:00,12.609600067138672,12.670000076293945,12.600000381469727,12.659700393676758,5841623.0
2024-02-13 13:30:00-05:00,12.654999732971191,12.664999961853027,12.579999923706055,12.60990047454834,5935494.0
2024-02-13 14:30:00-05:00,12.604999542236328,12.630000114440918,12.529999732971191,12.550000190734863,7007466.0
2024-02-13 15:30:00-05:00,12.550000190734863,12.680000305175781,12.539999961853027,12.680000305175781,6614280.0
2024-02-13 16:00:00-05:00,12.67,12.7,12.65,12.69,0.0
2024-02-13 17:00:00-05:00,12.68,12.7,12.67,12.69,0.0
2024-02-13 18:00:00-05:00,12.69,12.7,12.67,12.685,0.0
2024-02-14 04:00:00-05:00,12.7,12.75,12.7,12.72,0.0
2024-02-14 05:00:00-05:00,12.7,12.8,12.7,12.8,0.0
2024-02-14 06:00:00-05:00,12.8,12.81,12.77,12.79,0.0
2024-02-14 07:00:00-05:00,12.78,12.78,12.75,12.77,0.0
2024-02-14 08:00:00-05:00,12.77,12.8,12.68,12.79,0.0
2024-02-14 09:00:00-05:00,12.78,12.79,12.78,12.7897,0.0
2024-02-14 09:30:00-05:00,12.720000267028809,12.789799690246582,12.579999923706055,12.649999618530273,9275973.0
2024-02-14 10:30:00-05:00,12.649999618530273,12.670000076293945,12.550000190734863,12.59000015258789,7513322.0
2024-02-14 11:30:00-05:00,12.595000267028809,12.619999885559082,12.520000457763672,12.59850025177002,6599882.0
2024-02-14 12:30:00-05:00,12.595000267028809,12.600000381469727,12.539999961853027,12.56719970703125,5790336.0
2024-02-14 13:30:00-05:00,12.5649995803833,12.640000343322754,12.5600004196167,12.635000228881836,5949641.0
2024-02-14 14:30:00-05:00,12.640000343322754,12.65999984741211,12.600000381469727,12.640000343322754,6232066.0
2024-02-14 15:30:00-05:00,12.645000457763672,12.649999618530273,12.529999732971191,12.550000190734863,7696669.0
2024-02-14 16:00:00-05:00,12.56,12.6,12.55,12.57,0.0
2024-02-14 17:00:00-05:00,12.575,12.59,12.56,12.58,0.0
2024-02-14 18:00:00-05:00,12.58,12.6,12.57,12.595,0.0
2024-02-15 04:00:00-05:00,12.45,12.47,12.38,12.4,0.0
2024-02-15 05:00:00-05:00,12.38,12.4,12.34,12.35,0.0
2024-02-15 06:00:00-05:00,12.35,12.43,12.35,12.4,0.0
2024-02-15 07:00:00-05:00,12.4,12.45,12.36,12.37,0.0
2024-02-15 08:00:00-05:00,12.36,12.48,12.23,12.355,0.0
2024-02-15 09:00:00-05:00,12.35,12.38,12.34,12.35,0.0
2024-02-15 09:30:00-05:00,12.350000381469727,12.550000190734863,12.350000381469727,12.420000076293945,10919827.0
2024-02-15 10:30:00-05:00,12.420100212097168,12.4399995803833,12.3100004196167,12.345000267028809,10313231.0
2024-02-15 11:30:00-05:00,12.345000267028809,12.449999809265137,12.329999923706055,12.425000190734863,6703879.0
2024-02-15 12:30:00-05:00,12.425000190734863,12.460000038146973,12.380000114440918,12.449999809265137,6107096.0
2024-02-15 13:30:00-05:00,12.454999923706055,12.489999771118164,12.425000190734863,12.475000381469727,4542892.0
2024-02-15 14:30:00-05:00,12.475000381469727,12.529999732971191,12.449999809265137,12.510000228881836,5049110.0
2024-02-15 15:30:00-05:00,12.505000114440918,12.550000190734863,12.479999542236328,12.510000228881836,8813487.0
2024-02-15 16:00:00-05:00,12.51,12.54,12.5,12.52,0.0
2024-02-15 17:00:00-05:00,12.52,12.64,12.5,12.57,0.0
2024-02-15 18:00:00-05:00,12.58,12.61,12.55,12.595,0.0
2024-02-16 04:00:00-05:00,12.57,12.58,12.53,12.53,0.0
2024-02-16 05:00:00-05:00,12.55,12.57,12.52,12.55,0.0
2024-02-16 06:00:00-05:00,12.54,12.57,12.53,12.57,0.0
2024-02-16 07:00:00-05:00,12.55,12.57,12.54,12.55,0.0
2024-02-16 08:00:00-05:00,12.56,12.59,12.52,12.54,0.0
2024-02-16 09:00:00-05:00,12.53,12.54,12.42,12.445,0.0
2024-02-16 09:30:00-05:00,12.420000076293945,12.510000228881836,12.329999923706055,12.444999694824219,7953873.0
2024-02-16 10:30:00-05:00,12.449999809265137,12.470000267028809,12.399999618530273,12.46500015258789,5713720.0
2024-02-16 11:30:00-05:00,12.460000038146973,12.479999542236328,12.350000381469727,12.397000312805176,4355580.0
2024-02-16 12:30:00-05:00,12.395000457763672,12.430000305175781,12.279999732971191,12.345000267028809,5950371.0
2024-02-16 13:30:00-05:00,12.345000267028809,12.369999885559082,12.3100004196167,12.369999885559082,3880970.0
2024-02-16 14:30:00-05:00,12.364999771118164,12.369999885559082,12.289999961853027,12.295000076293945,5806583.0
2024-02-16 15:30:00-05:00,12.295000076293945,12.319999694824219,12.260000228881836,12.3100004196167,6018062.0
2024-02-16 16:00:00-05:00,12.3,12.3198,12.225,12.29,0.0
2024-02-16 17:00:00-05:00,12.29,12.3,12.26,12.28,0.0
2024-02-16 18:00:00-05:00,12.26,12.29,12.26,12.28,0.0
2024-02-20 04:00:00-05:00,12.16,12.3,12.16,12.28,0.0
2024-02-20 05:00:00-05:00,12.28,12.28,12.24,12.27,0.0
2024-02-20 06:00:00-05:00,12.27,12.28,12.23,12.27,0.0
2024-02-20 07:00:00-05:00,12.24,12.31,12.23,12.29,0.0
2024-02-20 08:00:00-05:00,12.29,12.31,12.22,12.255,0.0
2024-02-20 09:00:00-05:00,12.26,12.26,12.19,12.205,0.0
2024-02-20 09:30:00-05:00,12.180000305175781,12.27079963684082,12.100000381469727,12.175000190734863,10884767.0
2024-02-20 10:30:00-05:00,12.175000190734863,12.279999732971191,12.170000076293945,12.194600105285645,7545566.0
2024-02-20 11:30:00-05:00,12.194999694824219,12.25,12.180000305175781,12.194000244140625,4827741.0
2024-02-20 12:30:00-05:00,12.199999809265137,12.260000228881836,12.1899995803833,12.234999656677246,3324653.0
2024-02-20 13:30:00-05:00,12.234999656677246,12.270000457763672,12.199999809265137,12.270000457763672,3777746.0
2024-02-20 14:30:00-05:00,12.265000343322754,12.329999923706055,12.25,12.305000305175781,4227223.0
2024-02-20 15:30:00-05:00,12.305000305175781,12.3100004196167,12.239999771118164,12.25,5950259.0
2024-02-20 16:00:00-05:00,12.25,12.27,12.22,12.25,0.0
2024-02-20 17:00:00-05:00,12.26,12.26,12.22,12.235,0.0
2024-02-20 18:00:00-05:00,12.24,12.25,12.22,12.245,0.0
2024-02-21 04:00:00-05:00,12.24,12.25,12.23,12.23,0.0
2024-02-21 05:00:00-05:00,12.24,12.25,12.23,12.24,0.0
2024-02-21 06:00:00-05:00,12.24,12.25,12.21,12.22,0.0
2024-02-21 07:00:00-05:00,12.22,12.25,12.21,12.23,0.0
2024-02-21 08:00:00-05:00,12.24,12.25,12.2,12.23,0.0
2024-02-21 09:00:00-05:00,12.23,12.23,12.21,12.21,0.0
2024-02-21 09:30:00-05:00,12.25,12.319999694824219,12.140000343322754,12.194999694824219,7996357.0
2024-02-21 10:30:00-05:00,12.194999694824219,12.210000038146973,12.140000343322754,12.149999618530273,6645047.0
2024-02-21 11:30:00-05:00,12.149999618530273,12.15999984741211,12.119999885559082,12.119999885559082,4366996.0
2024-02-21 12:30:00-05:00,12.119999885559082,12.130000114440918,12.050000190734863,12.100000381469727,5396968.0
2024-02-21 13:30:00-05:00,12.104999542236328,12.130000114440918,12.069999694824219,12.096599578857422,4255286.0
2024-02-21 14:30:00-05:00,12.095000267028809,12.100000381469727,12.050000190734863,12.06779956817627,4294867.0
2024-02-21 15:30:00-05:00,12.0649995803833,12.15999984741211,12.0600004196167,12.145000457763672,5649281.0
2024-02-21 16:00:00-05:00,12.1585,12.1585,12.08,12.115,0.0
2024-02-21 17:00:00-05:00,12.1102,12.14,12.11,12.12,0.0
2024-02-21 18:00:00-05:00,12.1297,12.14,12.1,12.13,0.0
2024-02-22 04:00:00-05:00,12.18,12.22,12.14,12.21,0.0
2024-02-22 05:00:00-05:00,12.21,12.22,12.2,12.22,0.0
2024-02-22 06:00:00-05:00,12.21,12.22,12.19,12.22,0.0
2024-02-22 07:00:00-05:00,12.21,12.27,12.2,12.21,0.0
2024-02-22 08:00:00-05:00,12.22,12.25,12.18,12.195,0.0
2024-02-22 09:00:00-05:00,12.19,12.2,12.1797,12.1797,0.0
2024-02-22 09:30:00-05:00,12.130000114440918,12.239999771118164,12.050000190734863,12.21500015258789,8863373.0
2024-02-22 10:30:00-05:00,12.21500015258789,12.21500015258789,12.149999618530273,12.175000190734863,5824167.0
2024-02-22 11:30:00-05:00,12.175000190734863,12.210000038146973,12.15999984741211,12.1850004196167,3254610.0
2024-02-22 12:30:00-05:00,12.1850004196167,12.199999809265137,12.13010025024414,12.144499778747559,3893049.0
2024-02-22 13:30:00-05:00,12.146400451660156,12.15999984741211,12.119999885559082,12.15999984741211,2757787.0
2024-02-22 14:30:00-05:00,12.15999984741211,12.15999984741211,12.09000015258789,12.130000114440918,4615766.0
2024-02-22 15:30:00-05:00,12.130000114440918,12.149999618530273,12.119999885559082,12.125,4392877.0
2024-02-22 16:00:00-05:00,12.13,12.15,12.1,12.115,0.0
2024-02-22 17:00:00-05:00,12.11,12.12,12.1,12.1,0.0
2024-02-22 18:00:00-05:00,12.12,12.13,12.09,12.1,0.0
2024-02-23 04:00:00-05:00,12.13,12.15,12.11,12.12,0.0
2024-02-23 05:00:00-05:00,12.13,12.14,12.1,12.13,0.0
2024-02-23 06:00:00-05:00,12.13,12.13,12.1,12.13,0.0
2024-02-23 07:00:00-05:00,12.13,12.13,12.1,12.11,0.0
2024-02-23 08:00:00-05:00,12.11,12.17,12.1,12.11,0.0
2024-02-23 09:00:00-05:00,12.11,12.13,12.085,12.11,0.0
2024-02-23 09:30:00-05:00,12.100000381469727,12.170000076293945,12.09000015258789,12.104999542236328,5345352.0
2024-02-23 10:30:00-05:00,12.109999656677246,12.220000267028809,12.100000381469727,12.216099739074707,4682039.0
2024-02-23 11:30:00-05:00,12.21500015258789,12.260000228881836,12.1899995803833,12.20989990234375,5009611.0
2024-02-23 12:30:00-05:00,12.210000038146973,12.210000038146973,12.149999618530273,12.188599586486816,2732654.0
2024-02-23 13:30:00-05:00,12.180000305175781,12.1899995803833,12.135000228881836,12.146699905395508,2463062.0
2024-02-23 14:30:00-05:00,12.14799976348877,12.170000076293945,12.130000114440918,12.139900207519531,2903081.0
2024-02-23 15:30:00-05:00,12.135000228881836,12.170000076293945,12.130000114440918,12.159899711608887,4066104.0
2024-02-23 16:00:00-05:00,12.15,12.18,12.12,12.16,0.0
2024-02-23 17:00:00-05:00,12.16,12.16,12.1,12.12,0.0
2024-02-23 18:00:00-05:00,12.11,12.17,12.1,12.16,0.0
2024-02-26 04:00:00-05:00,12.05,12.14,12.05,12.13,0.0
2024-02-26 05:00:00-05:00,12.13,12.14,12.12,12.14,0.0
2024-02-26 06:00:00-05:00,12.15,12.17,12.14,12.14,0.0
2024-02-26 07:00:00-05:00,12.14,12.15,12.14,12.14,0.0
2024-02-26 08:00:00-05:00,12.14,12.18,12.1,12.14,0.0
2024-02-26 09:00:00-05:00,12.14,12.15,12.13,12.13,0.0
2024-02-26 09:30:00-05:00,12.130000114440918,12.270000457763672,12.09000015258789,12.160099983215332,7345220.0
2024-02-26 10:30:00-05:00,12.164999961853027,12.175999641418457,12.100000381469727,12.109999656677246,4572880.0
2024-02-26 11:30:00-05:00,12.109999656677246,12.119999885559082,12.0600004196167,12.085000038146973,3851847.0
2024-02-26 12:30:00-05:00,12.085000038146973,12.09000015258789,11.989999771118164,12.005000114440918,4181059.0
2024-02-26 13:30:00-05:00,12.005000114440918,12.020000457763672,11.970000267028809,11.989999771118164,4825928.0
2024-02-26 14:30:00-05:00,11.984999656677246,12.0,11.960000038146973,11.975000381469727,4363398.0
2024-02-26 15:30:00-05:00,11.975000381469727,11.979999542236328,11.949999809265137,11.958700180053711,5836008.0
2024-02-26 16:00:00-05:00,11.97,11.97,11.93,11.95,0.0
2024-02-26 17:00:00-05:00,11.94,11.95,11.89,11.905,0.0
2024-02-26 18:00:00-05:00,11.9,11.93,11.89,11.9199,0.0
2024-02-27 04:00:00-05:00,11.95,11.98,11.95,11.97,0.0
2024-02-27 05:00:00-05:00,11.96,11.97,11.95,11.96,0.0
2024-02-27 06:00:00-05:00,11.96,11.99,11.96,11.98,0.0
2024-02-27 07:00:00-05:00,11.97,11.99,11.97,11.99,0.0
2024-02-27 08:00:00-05:00,11.99,12.0,11.93,11.97,0.0
2024-02-27 09:00:00-05:00,11.97,12.01,11.96,12.01,0.0
2024-02-27 09:30:00-05:00,12.079999923706055,12.170000076293945,12.0,12.029999732971191,8048373.0
2024-02-27 10:30:00-05:00,12.024999618530273,12.050000190734863,11.989999771118164,12.04010009765625,4383020.0
2024-02-27 11:30:00-05:00,12.050000190734863,12.109999656677246,12.029999732971191,12.04990005493164,4724889.0
2024-02-27 12:30:00-05:00,12.045000076293945,12.069999694824219,12.010000228881836,12.03499984741211,3987322.0
2024-02-27 13:30:00-05:00,12.03499984741211,12.050000190734863,11.994999885559082,12.024999618530273,2623855.0
2024-02-27 14:30:00-05:00,12.020099639892578,12.029999732971191,11.960000038146973,12.024999618530273,5061854.0
2024-02-27 15:30:00-05:00,12.023799896240234,12.029999732971191,11.989999771118164,12.009699821472168,4513619.0
2024-02-27 16:00:00-05:00,12.04,12.04,11.99,12.0,0.0
2024-02-27 17:00:00-05:00,11.99,12.02,11.99,12.01,0.0
2024-02-27 18:00:00-05:00,12.0,12.01,12.0,12.005,0.0
2024-02-28 04:00:00-05:00,11.99,12.02,11.96,11.99,0.0
2024-02-28 05:00:00-05:00,11.97,11.98,11.87,11.97,0.0
2024-02-28 06:00:00-05:00,11.89,11.96,11.89,11.93,0.0
2024-02-28 07:00:00-05:00,11.93,11.97,11.93,11.96,0.0
2024-02-28 08:00:00-05:00,11.96,12.0,11.88,11.97,0.0
2024-02-28 09:00:00-05:00,11.97,11.98,11.95,11.96,0.0
2024-02-28 09:30:00-05:00,11.970000267028809,12.210000038146973,11.954999923706055,12.1850004196167,9615519.0
2024-02-28 10:30:00-05:00,12.1850004196167,12.336000442504883,12.180000305175781,12.305000305175781,8233620.0
2024-02-28 11:30:00-05:00,12.305000305175781,12.319999694824219,12.260000228881836,12.263299942016602,5228877.0
2024-02-28 12:30:00-05:00,12.270000457763672,12.329999923706055,12.239999771118164,12.329999923706055,3588348.0
2024-02-28 13:30:00-05:00,12.319999694824219,12.380000114440918,12.319999694824219,12.354999542236328,6537096.0
2024-02-28 14:30:00-05:00,12.350600242614746,12.399999618530273,12.329999923706055,12.34000015258789,6185312.0
2024-02-28 15:30:00-05:00,12.335000038146973,12.34000015258789,12.270000457763672,12.305000305175781,8380604.0
2024-02-28 16:00:00-05:00,12.31,12.31,12.29,12.295,0.0
2024-02-28 17:00:00-05:00,12.3,12.3,12.28,12.29,0.0
2024-02-28 18:00:00-05:00,12.3,12.3,12.27,12.29,0.0
2024-02-29 04:00:00-05:00,12.29,12.36,12.27,12.29,0.0
2024-02-29 05:00:00-05:00,12.29,12.35,12.26,12.26,0.0
2024-02-29 06:00:00-05:00,12.26,12.32,12.26,12.3,0.0
2024-02-29 07:00:00-05:00,12.3,12.32,12.28,12.31,0.0
2024-02-29 08:00:00-05:00,12.31,12.36,12.27,12.29,0.0
2024-02-29 09:00:00-05:00,12.29,12.45,12.28,12.42,0.0
2024-02-29 09:30:00-05:00,12.369999885559082,12.460000038146973,12.319999694824219,12.395000457763672,6599249.0
2024-02-29 10:30:00-05:00,12.395000457763672,12.470000267028809,12.390000343322754,12.430000305175781,6646487.0
2024-02-29 11:30:00-05:00,12.425999641418457,12.4399995803833,12.350000381469727,12.359999656677246,4783937.0
2024-02-29 12:30:00-05:00,12.354999542236328,12.40999984741211,12.350000381469727,12.399999618530273,3317746.0
2024-02-29 13:30:00-05:00,12.395000457763672,12.4399995803833,12.390000343322754,12.404999732971191,2576286.0
2024-02-29 14:30:00-05:00,12.404999732971191,12.40999984741211,12.369999885559082,12.380000114440918,2508708.0
2024-02-29 15:30:00-05:00,12.385000228881836,12.449999809265137,12.380000114440918,12.430000305175781,6113194.0
2024-02-29 16:00:00-05:00,12.38,12.441,12.38,12.43,0.0
2024-02-29 17:00:00-05:00,12.43,12.44,12.42,12.4301,0.0
2024-02-29 18:00:00-05:00,12.44,12.44,12.39,12.415,0.0
2024-03-01 04:00:00-05:00,12.46,12.47,12.44,12.44,0.0
2024-03-01 05:00:00-05:00,12.44,12.45,12.41,12.43,0.0
2024-03-01 06:00:00-05:00,12.42,12.45,12.41,12.44,0.0
2024-03-01 07:00:00-05:00,12.44,12.45,12.42,12.43,0.0
2024-03-01 08:00:00-05:00,12.43,12.48,12.42,12.46,0.0
2024-03-01 09:00:00-05:00,12.45,12.5,12.42,12.5,0.0
2024-03-01 09:30:00-05:00,12.529999732971191,12.640000343322754,12.319999694824219,12.579999923706055,14466082.0
2024-03-01 10:30:00-05:00,12.589900016784668,12.59000015258789,12.449999809265137,12.454999923706055,7025286.0
2024-03-01 11:30:00-05:00,12.45009994506836,12.5,12.4399995803833,12.46500015258789,4368433.0
2024-03-01 12:30:00-05:00,12.460000038146973,12.479999542236328,12.399999618530273,12.444999694824219,3588308.0
2024-03-01 13:30:00-05:00,12.444999694824219,12.460000038146973,12.399999618530273,12.420000076293945,4599662.0
2024-03-01 14:30:00-05:00,12.425000190734863,12.460000038146973,12.399999618530273,12.40999984741211,5397777.0
2024-03-01 15:30:00-05:00,12.414999961853027,12.449999809265137,12.399999618530273,12.444999694824219,5739626.0
2024-03-01 16:00:00-05:00,12.45,12.45,12.41,12.435,0.0
2024-03-01 17:00:00-05:00,12.43,12.44,12.41,12.41,0.0
2024-03-01 18:00:00-05:00,12.41,12.44,12.41,12.42,0.0
2024-03-04 04:00:00-05:00,12.44,12.47,12.38,12.44,0.0
2024-03-04 05:00:00-05:00,12.44,12.45,12.41,12.45,0.0
2024-03-04 06:00:00-05:00,12.43,12.47,12.43,12.45,0.0
2024-03-04 07:00:00-05:00,12.45,12.49,12.44,12.47,0.0
2024-03-04 08:00:00-05:00,12.48,12.5,12.38,12.45,0.0
2024-03-04 09:00:00-05:00,12.4502,12.47,12.42,12.44,0.0
2024-03-04 09:30:00-05:00,12.569999694824219,12.850000381469727,12.569999694824219,12.845000267028809,18061103.0
2024-03-04 10:30:00-05:00,12.845000267028809,13.029999732971191,12.833999633789062,12.960000038146973,18724164.0
2024-03-04 11:30:00-05:00,12.960000038146973,13.010000228881836,12.90999984741211,12.913999557495117,8219538.0
2024-03-04 12:30:00-05:00,12.914999961853027,12.920000076293945,12.829999923706055,12.850000381469727,6599021.0
2024-03-04 13:30:00-05:00,12.845000267028809,12.869999885559082,12.800000190734863,12.835000038146973,5268690.0
2024-03-04 14:30:00-05:00,12.835000038146973,12.920000076293945,12.829999923706055,12.84000015258789,7468812.0
2024-03-04 15:30:00-05:00,12.84000015258789,12.850000381469727,12.71500015258789,12.720000267028809,12573840.0
2024-03-04 16:00:00-05:00,12.72,12.8451,12.6711,12.72,0.0
2024-03-04 17:00:00-05:00,12.71,12.74,12.68,12.69,0.0
2024-03-04 18:00:00-05:00,12.69,12.73,12.69,12.71,0.0
2024-03-05 04:00:00-05:00,12.7,12.74,12.7,12.73,0.0
2024-03-05 05:00:00-05:00,12.7,12.74,12.7,12.73,0.0
2024-03-05 06:00:00-05:00,12.73,12.74,12.7,12.71,0.0
2024-03-05 07:00:00-05:00,12.7,12.73,12.7,12.72,0.0
2024-03-05 08:00:00-05:00,12.72,12.76,12.7,12.71,0.0
2024-03-05 09:00:00-05:00,12.71,12.72,12.68,12.68,0.0
2024-03-05 09:30:00-05:00,12.649999618530273,12.737700462341309,12.5600004196167,12.645000457763672,9153743.0
2024-03-05 10:30:00-05:00,12.649999618530273,12.6899995803833,12.579999923706055,12.585000038146973,7630023.0
2024-03-05 11:30:00-05:00,12.585000038146973,12.630000114440918,12.5,12.53499984741211,8542799.0
2024-03-05 12:30:00-05:00,12.53499984741211,12.5600004196167,12.510000228881836,12.545000076293945,3913051.0
2024-03-05 13:30:00-05:00,12.545000076293945,12.600000381469727,12.520000457763672,12.600000381469727,3723627.0
2024-03-05 14:30:00-05:00,12.600000381469727,12.600000381469727,12.520000457763672,12.555000305175781,4508037.0
2024-03-05 15:30:00-05:00,12.555000305175781,12.600000381469727,12.539999961853027,12.579999923706055,6172968.0
2024-03-05 16:00:00-05:00,12.56,12.6,12.54,12.585,0.0
2024-03-05 17:00:00-05:00,12.58,12.6,12.57,12.58,0.0
2024-03-05 18:00:00-05:00,12.585,12.6,12.58,12.58,0.0
2024-03-06 04:00:00-05:00,12.59,12.62,12.54,12.62,0.0
2024-03-06 05:00:00-05:00,12.62,12.67,12.62,12.66,0.0
2024-03-06 06:00:00-05:00,12.65,12.67,12.64,12.67,0.0
2024-03-06 07:00:00-05:00,12.66,12.66,12.62,12.64,0.0
2024-03-06 08:00:00-05:00,12.64,12.6687,12.58,12.62,0.0
2024-03-06 09:00:00-05:00,12.63,12.64,12.6,12.62,0.0
2024-03-06 09:30:00-05:00,12.520000457763672,12.569999694824219,12.369999885559082,12.390000343322754,10576513.0
2024-03-06 10:30:00-05:00,12.390000343322754,12.449999809265137,12.369999885559082,12.425000190734863,6355860.0
2024-03-06 11:30:00-05:00,12.420000076293945,12.444999694824219,12.359999656677246,12.430000305175781,5855144.0
2024-03-06 12:30:00-05:00,12.430000305175781,12.510000228881836,12.420000076293945,12.494999885559082,3393377.0
2024-03-06 13:30:00-05:00,12.494999885559082,12.5,12.329999923706055,12.390000343322754,6271751.0
2024-03-06 14:30:00-05:00,12.390000343322754,12.4399995803833,12.369999885559082,12.4350004196167,4879984.0
2024-03-06 15:30:00-05:00,12.4350004196167,12.4399995803833,12.369999885559082,12.390000343322754,5923927.0
2024-03-06 16:00:00-05:00,12.38,12.4,12.37,12.385,0.0
2024-03-06 17:00:00-05:00,12.39,12.39,12.38,12.385,0.0
2024-03-06 18:00:00-05:00,12.38,12.4,12.38,12.3899,0.0
2024-03-07 04:00:00-05:00,12.38,12.38,12.33,12.37,0.0
2024-03-07 05:00:00-05:00,12.37,12.4,12.37,12.38,0.0
2024-03-07 06:00:00-05:00,12.37,12.39,12.36,12.38,0.0
2024-03-07 07:00:00-05:00,12.38,12.41,12.36,12.4,0.0
2024-03-07 08:00:00-05:00,12.41,12.43,12.35,12.4,0.0
2024-03-07 09:00:00-05:00,12.39,12.42,12.39,12.42,0.0
2024-03-07 09:30:00-05:00,12.40999984741211,12.470000267028809,12.329999923706055,12.40250015258789,6328049.0
2024-03-07 10:30:00-05:00,12.404999732971191,12.420000076293945,12.270000457763672,12.299699783325195,7092481.0
2024-03-07 11:30:00-05:00,12.295000076293945,12.380000114440918,12.260000228881836,12.34000015258789,5643461.0
2024-03-07 12:30:00-05:00,12.335000038146973,12.369999885559082,12.300000190734863,12.364999771118164,3404017.0
2024-03-07 13:30:00-05:00,12.360300064086914,12.369999885559082,12.289999961853027,12.305000305175781,3408060.0
2024-03-07 14:30:00-05:00,12.309900283813477,12.37600040435791,12.300000190734863,12.36989974975586,3889684.0
2024-03-07 15:30:00-05:00,12.369999885559082,12.420000076293945,12.360099792480469,12.40999984741211,4788270.0
2024-03-07 16:00:00-05:00,12.41,12.41,12.38,12.39,0.0
2024-03-07 17:00:00-05:00,12.39,12.41,12.38,12.385,0.0
2024-03-07 18:00:00-05:00,12.385,12.4,12.38,12.4,0.0
2024-03-08 04:00:00-05:00,12.4,12.41,12.4,12.41,0.0
2024-03-08 05:00:00-05:00,12.41,12.44,12.36,12.41,0.0
2024-03-08 06:00:00-05:00,12.43,12.44,12.4,12.42,0.0
2024-03-08 07:00:00-05:00,12.4,12.44,12.39,12.4,0.0
2024-03-08 08:00:00-05:00,12.4,12.45,12.39,12.4,0.0
2024-03-08 09:00:00-05:00,12.4,12.52,12.37,12.4702,0.0
2024-03-08 09:30:00-05:00,12.430000305175781,12.515000343322754,12.3100004196167,12.319999694824219,9161162.0
2024-03-08 10:30:00-05:00,12.319999694824219,12.324999809265137,12.210000038146973,12.220999717712402,9457114.0
2024-03-08 11:30:00-05:00,12.225000381469727,12.300000190734863,12.210000038146973,12.265000343322754,6211705.0
2024-03-08 12:30:00-05:00,12.265000343322754,12.289999961853027,12.220000267028809,12.234999656677246,4094568.0
2024-03-08 13:30:00-05:00,12.234999656677246,12.25,12.199999809265137,12.229999542236328,4322105.0
2024-03-08 14:30:00-05:00,12.223099708557129,12.239999771118164,12.140000343322754,12.145000457763672,6094072.0
2024-03-08 15:30:00-05:00,12.145000457763672,12.180000305175781,12.140000343322754,12.176400184631348,6595125.0
2024-03-08 16:00:00-05:00,12.18,12.22,12.0,12.13,0.0
2024-03-08 17:00:00-05:00,12.12,12.18,12.11,12.13,0.0
2024-03-08 18:00:00-05:00,12.13,12.14,12.12,12.12,0.0
2024-03-11 04:00:00-04:00,12.13,12.18,12.11,12.14,0.0
2024-03-11 05:00:00-04:00,12.12,12.18,12.12,12.18,0.0
2024-03-11 06:00:00-04:00,12.18,12.18,12.14,12.16,0.0
2024-03-11 07:00:00-04:00,12.16,12.17,12.11,12.16,0.0
2024-03-11 08:00:00-04:00,12.16,12.17,12.01,12.14,0.0
2024-03-11 09:00:00-04:00,12.14,12.18,12.12,12.145,0.0
2024-03-11 09:30:00-04:00,12.130000114440918,12.210000038146973,12.074999809265137,12.170000076293945,6991917.0
2024-03-11 10:30:00-04:00,12.178999900817871,12.239999771118164,12.149999618530273,12.222599983215332,5342071.0
2024-03-11 11:30:00-04:00,12.225000381469727,12.22599983215332,12.130000114440918,12.175000190734863,4461950.0
2024-03-11 12:30:00-04:00,12.180000305175781,12.210000038146973,12.149999618530273,12.154999732971191,3301111.0
2024-03-11 13:30:00-04:00,12.15999984741211,12.15999984741211,12.119999885559082,12.140000343322754,3626704.0
2024-03-11 14:30:00-04:00,12.135000228881836,12.149999618530273,12.119999885559082,12.130000114440918,3668016.0
2024-03-11 15:30:00-04:00,12.124699592590332,12.140000343322754,12.100000381469727,12.119999885559082,5081493.0
2024-03-11 16:00:00-04:00,12.12,12.12,12.11,12.12,0.0
2024-03-11 17:00:00-04:00,12.12,12.12,12.11,12.12,0.0
2024-03-11 18:00:00-04:00,12.12,12.14,12.11,12.14,0.0
2024-03-11 19:00:00-04:00,12.14,12.18,12.12,12.165,0.0
2024-03-12 04:00:00-04:00,12.25,12.25,12.11,12.14,0.0
2024-03-12 05:00:00-04:00,12.14,12.16,12.11,12.12,0.0
2024-03-12 06:00:00-04:00,12.12,12.14,12.11,12.11,0.0
2024-03-12 07:00:00-04:00,12.11,12.18,12.11,12.15,0.0
2024-03-12 08:00:00-04:00,12.16,12.25,12.11,12.14,0.0
2024-03-12 09:00:00-04:00,12.14,12.21,12.1,12.14,0.0
2024-03-12 09:30:00-04:00,12.140000343322754,12.15999984741211,12.029999732971191,12.118300437927246,7634966.0
2024-03-12 10:30:00-04:00,12.11970043182373,12.15999984741211,12.100000381469727,12.130000114440918,4492031.0
2024-03-12 11:30:00-04:00,12.125,12.140000343322754,12.100000381469727,12.119999885559082,2718314.0
2024-03-12 12:30:00-04:00,12.119999885559082,12.119999885559082,12.0600004196167,12.085000038146973,3783995.0
2024-03-12 13:30:00-04:00,12.085000038146973,12.140000343322754,12.079999923706055,12.114999771118164,3034757.0
2024-03-12 14:30:00-04:00,12.114999771118164,12.149999618530273,12.100000381469727,12.125,3705656.0
2024-03-12 15:30:00-04:00,12.130000114440918,12.130000114440918,12.100000381469727,12.117500305175781,3678893.0
2024-03-12 16:00:00-04:00,12.11,12.15,12.11,12.135,0.0
2024-03-12 17:00:00-04:00,12.13,12.14,12.12,12.12,0.0
2024-03-12 18:00:00-04:00,12.13,12.13,12.12,12.125,0.0
2024-03-12 19:00:00-04:00,12.13,12.14,12.12,12.12,0.0
2024-03-13 04:00:00-04:00,12.1,12.13,12.09,12.11,0.0
2024-03-13 05:00:00-04:00,12.11,12.14,12.1,12.13,0.0
2024-03-13 06:00:00-04:00,12.13,12.21,12.11,12.21,0.0
2024-03-13 07:00:00-04:00,12.2,12.21,12.13,12.15,0.0
2024-03-13 08:00:00-04:00,12.15,12.2,12.1007,12.11,0.0
2024-03-13 09:00:00-04:00,12.11,12.14,12.1,12.14,0.0
2024-03-13 09:30:00-04:00,12.119999885559082,12.470000267028809,12.109999656677246,12.359999656677246,12990270.0
2024-03-13 10:30:00-04:00,12.369999885559082,12.369999885559082,12.289999961853027,12.358499526977539,4972463.0
2024-03-13 11:30:00-04:00,12.35099983215332,12.479999542236328,12.34000015258789,12.454999923706055,5834363.0
2024-03-13 12:30:00-04:00,12.454999923706055,12.460000038146973,12.399999618530273,12.454999923706055,4039198.0
2024-03-13 13:30:00-04:00,12.454999923706055,12.460000038146973,12.420000076293945,12.423999786376953,3036840.0
2024-03-13 14:30:00-04:00,12.430000305175781,12.449999809265137,12.390000343322754,12.410200119018555,3649695.0
2024-03-13 15:30:00-04:00,12.414999961853027,12.460000038146973,12.369999885559082,12.369999885559082,6488927.0
2024-03-13 16:00:00-04:00,12.37,12.41,12.35,12.375,0.0
2024-03-13 17:00:00-04:00,12.37,12.38,12.37,12.37,0.0
2024-03-13 18:00:00-04:00,12.38,12.38,12.35,12.375,0.0
2024-03-13 19:00:00-04:00,12.37,12.4,12.36,12.375,0.0
2024-03-14 04:00:00-04:00,12.38,12.39,12.35,12.35,0.0
2024-03-14 05:00:00-04:00,12.4,12.41,12.34,12.41,0.0
2024-03-14 06:00:00-04:00,12.36,12.41,12.36,12.4,0.0
2024-03-14 07:00:00-04:00,12.4,12.41,12.38,12.39,0.0
2024-03-14 08:00:00-04:00,12.39,12.44,12.33,12.3995,0.0
2024-03-14 09:00:00-04:00,12.37,12.4,12.35,12.35,0.0
2024-03-14 09:30:00-04:00,12.34000015258789,12.369999885559082,12.130000114440918,12.160099983215332,7907827.0
2024-03-14 10:30:00-04:00,12.170000076293945,12.220000267028809,12.149999618530273,12.175000190734863,4973360.0
2024-03-14 11:30:00-04:00,12.175000190734863,12.1899995803833,12.149999618530273,12.164999961853027,3234987.0
2024-03-14 12:30:00-04:00,12.164999961853027,12.180000305175781,12.109999656677246,12.109999656677246,3555988.0
2024-03-14 13:30:00-04:00,12.109999656677246,12.170000076293945,12.100000381469727,12.130000114440918,4178654.0
2024-03-14 14:30:00-04:00,12.119999885559082,12.130000114440918,12.010000228881836,12.039999961853027,8090980.0
2024-03-14 15:30:00-04:00,12.03499984741211,12.09000015258789,12.010000228881836,12.079999923706055,8142041.0
2024-03-14 16:00:00-04:00,12.075,12.1,12.06,12.08,0.0
2024-03-14 17:00:00-04:00,12.085,12.1,12.07,12.08,0.0
2024-03-14 18:00:00-04:00,12.07,12.11,12.06,12.08,0.0
2024-03-14 19:00:00-04:00,12.08,12.1,12.06,12.08,0.0
2024-03-15 04:00:00-04:00,12.08,12.16,12.08,12.12,0.0
2024-03-15 05:00:00-04:00,12.12,12.13,12.1,12.12,0.0
2024-03-15 06:00:00-04:00,12.12,12.13,12.12,12.12,0.0
2024-03-15 07:00:00-04:00,12.12,12.14,12.11,12.14,0.0
2024-03-15 08:00:00-04:00,12.14,12.16,12.08,12.14,0.0
2024-03-15 09:00:00-04:00,12.14,12.14,12.08,12.08,0.0
2024-03-15 09:30:00-04:00,12.050000190734863,12.270000457763672,12.029999732971191,12.154999732971191,12035232.0
2024-03-15 10:30:00-04:00,12.149999618530273,12.1899995803833,12.130000114440918,12.164999961853027,5497471.0
2024-03-15 11:30:00-04:00,12.164999961853027,12.180000305175781,12.109999656677246,12.114999771118164,3242204.0
2024-03-15 12:30:00-04:00,12.109999656677246,12.130000114440918,12.079999923706055,12.085000038146973,4944502.0
2024-03-15 13:30:00-04:00,12.085000038146973,12.100000381469727,12.0600004196167,12.079999923706055,4703959.0
2024-03-15 14:30:00-04:00,12.074999809265137,12.130000114440918,12.069999694824219,12.114999771118164,5150153.0
2024-03-15 15:30:00-04:00,12.114999771118164,12.119999885559082,12.020000457763672,12.0600004196167,9251131.0
2024-03-15 16:00:00-04:00,12.03,12.07,12.03,12.0699,0.0
2024-03-15 17:00:00-04:00,12.07,12.08,12.06,12.07,0.0
2024-03-15 18:00:00-04:00,12.0699,12.08,12.06,12.065,0.0
2024-03-15 19:00:00-04:00,12.06,12.07,12.05,12.07,0.0
2024-03-18 04:00:00-04:00,12.06,12.11,12.03,12.1,0.0
2024-03-18 05:00:00-04:00,12.11,12.12,12.07,12.1,0.0
2024-03-18 06:00:00-04:00,12.1,12.14,12.08,12.1,0.0
2024-03-18 07:00:00-04:00,12.1,12.12,12.08,12.09,0.0
2024-03-18 08:00:00-04:00,12.08,12.14,12.05,12.11,0.0
2024-03-18 09:00:00-04:00,12.11,12.13,12.11,12.11,0.0
2024-03-18 09:30:00-04:00,12.140000343322754,12.170000076293945,11.979999542236328,12.074999809265137,9607471.0
2024-03-18 10:30:00-04:00,12.074999809265137,12.140000343322754,12.069999694824219,12.104999542236328,4302278.0
2024-03-18 11:30:00-04:00,12.100000381469727,12.119999885559082,12.069999694824219,12.095000267028809,2766447.0
2024-03-18 12:30:00-04:00,12.095000267028809,12.149999618530273,12.09000015258789,12.135000228881836,2120493.0
2024-03-18 13:30:00-04:00,12.135000228881836,12.180000305175781,12.130000114440918,12.159199714660645,3245813.0
2024-03-18 14:30:00-04:00,12.154999732971191,12.15999984741211,12.119999885559082,12.145000457763672,3124274.0
2024-03-18 15:30:00-04:00,12.145000457763672,12.1899995803833,12.119999885559082,12.184000015258789,5780053.0
2024-03-18 16:00:00-04:00,12.17,12.2,12.04,12.085,0.0
2024-03-18 17:00:00-04:00,12.08,12.11,12.08,12.105,0.0
2024-03-18 18:00:00-04:00,12.11,12.13,12.1,12.11,0.0
2024-03-18 19:00:00-04:00,12.11,12.13,12.11,12.12,0.0
2024-03-19 04:00:00-04:00,12.12,12.15,12.12,12.15,0.0
2024-03-19 05:00:00-04:00,12.15,12.15,12.12,12.14,0.0
2024-03-19 06:00:00-04:00,12.14,12.15,12.12,12.13,0.0
2024-03-19 07:00:00-04:00,12.12,12.13,12.11,12.11,0.0
2024-03-19 08:00:00-04:00,12.11,12.18,12.055,12.06,0.0
2024-03-19 09:00:00-04:00,12.07,12.155,12.05,12.1,0.0
2024-03-19 09:30:00-04:00,12.170000076293945,12.279999732971191,12.109999656677246,12.2391996383667,7057091.0
2024-03-19 10:30:00-04:00,12.229999542236328,12.3149995803833,12.220000267028809,12.309900283813477,4624314.0
2024-03-19 11:30:00-04:00,12.300000190734863,12.34000015258789,12.295000076293945,12.323800086975098,3562963.0
2024-03-19 12:30:00-04:00,12.319999694824219,12.350000381469727,12.289999961853027,12.3100004196167,4020843.0
2024-03-19 13:30:00-04:00,12.319999694824219,12.319999694824219,12.260000228881836,12.270099639892578,2463538.0
2024-03-19 14:30:00-04:00,12.272000312805176,12.3100004196167,12.270000457763672,12.28499984741211,2874834.0
2024-03-19 15:30:00-04:00,12.279999732971191,12.34000015258789,12.279999732971191,12.300000190734863,4945798.0
2024-03-19 16:00:00-04:00,12.295,12.33,12.25,12.31,0.0
2024-03-19 17:00:00-04:00,12.31,12.31,12.26,12.28,0.0
2024-03-19 18:00:00-04:00,12.27,12.3,12.27,12.285,0.0
2024-03-19 19:00:00-04:00,12.28,12.3,12.28,12.28,0.0
2024-03-20 04:00:00-04:00,12.24,12.31,12.24,12.28,0.0
2024-03-20 05:00:00-04:00,12.29,12.29,12.26,12.28,0.0
2024-03-20 06:00:00-04:00,12.28,12.28,12.27,12.27,0.0
2024-03-20 07:00:00-04:00,12.28,12.28,12.27,12.28,0.0
2024-03-20 08:00:00-04:00,12.28,12.32,12.26,12.27,0.0
2024-03-20 09:00:00-04:00,12.27,12.3,12.15,12.26,0.0
2024-03-20 09:30:00-04:00,12.270000457763672,12.550000190734863,12.255000114440918,12.519599914550781,9576969.0
2024-03-20 10:30:00-04:00,12.510000228881836,12.59000015258789,12.5,12.585000038146973,6421979.0
2024-03-20 11:30:00-04:00,12.585000038146973,12.640000343322754,12.550000190734863,12.619999885559082,5056863.0
2024-03-20 12:30:00-04:00,12.619999885559082,12.630000114440918,12.574999809265137,12.625,4009845.0
2024-03-20 13:30:00-04:00,12.619999885559082,12.729999542236328,12.600000381469727,12.70419979095459,7523498.0
2024-03-20 14:30:00-04:00,12.704999923706055,12.899999618530273,12.645000457763672,12.869999885559082,16741816.0
2024-03-20 15:30:00-04:00,12.870200157165527,12.920000076293945,12.829999923706055,12.899999618530273,10393163.0
2024-03-20 16:00:00-04:00,12.915,12.915,12.82,12.85,0.0
2024-03-20 17:00:00-04:00,12.84,12.9,12.82,12.84,0.0
2024-03-20 18:00:00-04:00,12.88,12.91,12.84,12.88,0.0
2024-03-20 19:00:00-04:00,12.9,12.92,12.86,12.89,0.0
2024-03-21 04:00:00-04:00,12.89,12.98,12.82,12.96,0.0
2024-03-21 05:00:00-04:00,12.95,12.96,12.93,12.95,0.0
2024-03-21 06:00:00-04:00,12.93,12.95,12.91,12.93,0.0
2024-03-21 07:00:00-04:00,12.92,12.93,12.89,12.9,0.0
2024-03-21 08:00:00-04:00,12.91,12.9588,12.87,12.915,0.0
2024-03-21 09:00:00-04:00,12.915,12.93,12.86,12.9,0.0
2024-03-21 09:30:00-04:00,12.920000076293945,13.0600004196167,12.789999961853027,12.854999542236328,13368702.0
2024-03-21 10:30:00-04:00,12.859999656677246,12.90999984741211,12.819999694824219,12.854999542236328,6384236.0
2024-03-21 11:30:00-04:00,12.854999542236328,12.880000114440918,12.829999923706055,12.840100288391113,4343039.0
2024-03-21 12:30:00-04:00,12.845000267028809,12.869999885559082,12.789999961853027,12.805000305175781,5712190.0
2024-03-21 13:30:00-04:00,12.805000305175781,12.920000076293945,12.789999961853027,12.920000076293945,5881546.0
2024-03-21 14:30:00-04:00,12.914999961853027,12.960000038146973,12.90999984741211,12.954999923706055,5421540.0
2024-03-21 15:30:00-04:00,12.954999923706055,12.979999542236328,12.920000076293945,12.920000076293945,6481258.0
2024-03-21 16:00:00-04:00,12.93,12.94,12.9,12.92,0.0
2024-03-21 17:00:00-04:00,12.92,12.92,12.88,12.9,0.0
2024-03-21 18:00:00-04:00,12.89,12.92,12.86,12.88,0.0
2024-03-21 19:00:00-04:00,12.87,12.88,12.83,12.87,0.0
2024-03-22 04:00:00-04:00,12.84,12.91,12.75,12.91,0.0
2024-03-22 05:00:00-04:00,12.91,12.92,12.83,12.85,0.0
2024-03-22 06:00:00-04:00,12.83,12.9,12.83,12.88,0.0
2024-03-22 07:00:00-04:00,12.88,12.91,12.86,12.9,0.0
2024-03-22 08:00:00-04:00,12.91,12.95,12.85,12.875,0.0
2024-03-22 09:00:00-04:00,12.87,12.92,12.87,12.89,0.0
2024-03-22 09:30:00-04:00,12.869999885559082,12.9399995803833,12.850000381469727,12.899999618530273,4538940.0
2024-03-22 10:30:00-04:00,12.899999618530273,12.960000038146973,12.869999885559082,12.954999923706055,4424114.0
2024-03-22 11:30:00-04:00,12.954999923706055,12.954999923706055,12.899999618530273,12.914999961853027,3063581.0
2024-03-22 12:30:00-04:00,12.919699668884277,12.930000305175781,12.869999885559082,12.904999732971191,2660783.0
2024-03-22 13:30:00-04:00,12.904399871826172,12.90999984741211,12.875,12.880000114440918,2228175.0
2024-03-22 14:30:00-04:00,12.880000114440918,12.920000076293945,12.869999885559082,12.895000457763672,4098255.0
2024-03-22 15:30:00-04:00,12.895000457763672,12.949999809265137,12.880000114440918,12.920000076293945,5807628.0
2024-03-22 16:00:00-04:00,12.91,12.93,12.87,12.93,0.0
2024-03-22 17:00:00-04:00,12.91,12.93,12.91,12.91,0.0
2024-03-22 18:00:00-04:00,12.92,12.92,12.9,12.9,0.0
2024-03-22 19:00:00-04:00,12.91,12.92,12.9,12.905,0.0
2024-03-25 04:00:00-04:00,12.91,12.91,12.9,12.91,0.0
2024-03-25 05:00:00-04:00,12.91,12.93,12.81,12.88,0.0
2024-03-25 06:00:00-04:00,12.91,12.91,12.83,12.83,0.0
2024-03-25 07:00:00-04:00,12.85,12.91,12.84,12.89,0.0
2024-03-25 08:00:00-04:00,12.89,12.91,12.86,12.87,0.0
2024-03-25 09:00:00-04:00,12.88,12.88,12.84,12.855,0.0
2024-03-25 09:30:00-04:00,12.920000076293945,13.0600004196167,12.819999694824219,12.824999809265137,10502689.0
2024-03-25 10:30:00-04:00,12.829999923706055,12.880000114440918,12.739999771118164,12.86400032043457,5624431.0
2024-03-25 11:30:00-04:00,12.866000175476074,12.90999984741211,12.850000381469727,12.895000457763672,3371805.0
2024-03-25 12:30:00-04:00,12.890000343322754,12.9399995803833,12.880000114440918,12.895000457763672,3126410.0
2024-03-25 13:30:00-04:00,12.890000343322754,12.935999870300293,12.875,12.925000190734863,2731315.0
2024-03-25 14:30:00-04:00,12.925000190734863,12.9399995803833,12.880000114440918,12.895000457763672,3717582.0
2024-03-25 15:30:00-04:00,12.899999618530273,12.930000305175781,12.885000228881836,12.899999618530273,4880834.0
2024-03-25 16:00:00-04:00,12.89,12.91,12.89,12.8903,0.0
2024-03-25 17:00:00-04:00,12.9,12.9,12.88,12.8997,0.0
2024-03-25 18:00:00-04:00,12.9,12.9,12.88,12.88,0.0
2024-03-25 19:00:00-04:00,12.89,12.9,12.88,12.895,0.0
2024-03-26 04:00:00-04:00,12.9,12.94,12.88,12.92,0.0
2024-03-26 05:00:00-04:00,12.92,12.97,12.92,12.97,0.0
2024-03-26 06:00:00-04:00,12.97,12.99,12.96,12.98,0.0
2024-03-26 07:00:00-04:00,12.98,12.98,12.93,12.94,0.0
2024-03-26 08:00:00-04:00,12.95,12.99,12.88,12.945,0.0
2024-03-26 09:00:00-04:00,12.945,12.95,12.9,12.94,0.0
2024-03-26 09:30:00-04:00,12.960000038146973,12.960000038146973,12.760000228881836,12.850000381469727,9175584.0
2024-03-26 10:30:00-04:00,12.846599578857422,12.90999984741211,12.819999694824219,12.875,4116980.0
2024-03-26 11:30:00-04:00,12.875,12.880000114440918,12.630000114440918,12.639900207519531,10170116.0
2024-03-26 12:30:00-04:00,12.635000228881836,12.755000114440918,12.550000190734863,12.734999656677246,8925508.0
2024-03-26 13:30:00-04:00,12.736000061035156,12.736000061035156,12.569999694824219,12.595000267028809,8422490.0
2024-03-26 14:30:00-04:00,12.593199729919434,12.600000381469727,12.510000228881836,12.555000305175781,8696759.0
2024-03-26 15:30:00-04:00,12.5600004196167,12.5600004196167,12.430000305175781,12.4399995803833,11061292.0
2024-03-26 16:00:00-04:00,12.45,12.49,12.42,12.47,0.0
2024-03-26 17:00:00-04:00,12.46,12.49,12.46,12.49,0.0
2024-03-26 18:00:00-04:00,12.49,12.5493,12.48,12.51,0.0
2024-03-26 19:00:00-04:00,12.5,12.52,12.48,12.5,0.0
2024-03-27 04:00:00-04:00,12.5,12.74,12.44,12.54,0.0
2024-03-27 05:00:00-04:00,12.57,12.6,12.5,12.57,0.0
2024-03-27 06:00:00-04:00,12.57,12.57,12.51,12.55,0.0
2024-03-27 07:00:00-04:00,12.57,12.57,12.51,12.52,0.0
2024-03-27 08:00:00-04:00,12.52,12.58,12.45,12.5106,0.0
2024-03-27 09:00:00-04:00,12.53,12.53,12.5,12.52,0.0
2024-03-27 09:30:00-04:00,12.529999732971191,12.760000228881836,12.520000457763672,12.729999542236328,8522099.0
2024-03-27 10:30:00-04:00,12.725000381469727,12.880000114440918,12.720000267028809,12.875,7062896.0
2024-03-27 11:30:00-04:00,12.870100021362305,12.890000343322754,12.829999923706055,12.885000228881836,4553643.0
2024-03-27 12:30:00-04:00,12.885000228881836,12.949999809265137,12.864899635314941,12.920000076293945,5576891.0
2024-03-27 13:30:00-04:00,12.90999984741211,12.949999809265137,12.90999984741211,12.949999809265137,3606521.0
2024-03-27 14:30:00-04:00,12.944999694824219,13.0,12.9399995803833,12.989999771118164,6854524.0
2024-03-27 15:30:00-04:00,12.994999885559082,13.069999694824219,12.979999542236328,13.069999694824219,11500349.0
2024-03-27 16:00:00-04:00,13.06,13.0612,13.0,13.02,0.0
2024-03-27 17:00:00-04:00,13.03,13.06,12.99,13.0,0.0
2024-03-27 18:00:00-04:00,13.0,13.03,12.98,13.02,0.0
2024-03-27 19:00:00-04:00,13.01,13.05,13.0,13.0,0.0
2024-03-28 04:00:00-04:00,13.0,13.07,13.0,13.06,0.0
2024-03-28 05:00:00-04:00,13.05,13.06,13.0,13.0,0.0
2024-03-28 06:00:00-04:00,13.05,13.06,13.02,13.05,0.0
2024-03-28 07:00:00-04:00,13.05,13.06,13.01,13.04,0.0
2024-03-28 08:00:00-04:00,13.04,13.06,13.0,13.025,0.0
2024-03-28 09:00:00-04:00,13.02,13.04,13.0,13.04,0.0
2024-03-28 09:30:00-04:00,13.069999694824219,13.270000457763672,13.050000190734863,13.1850004196167,10938484.0
2024-03-28 10:30:00-04:00,13.1899995803833,13.279999732971191,13.180000305175781,13.279999732971191,8659554.0
2024-03-28 11:30:00-04:00,13.274999618530273,13.300000190734863,13.239999771118164,13.259900093078613,7648637.0
2024-03-28 12:30:00-04:00,13.250200271606445,13.260000228881836,13.15999984741211,13.1899995803833,5504026.0
2024-03-28 13:30:00-04:00,13.18690013885498,13.244999885559082,13.180000305175781,13.20930004119873,6213074.0
2024-03-28 14:30:00-04:00,13.210000038146973,13.270000457763672,13.154999732971191,13.270000457763672,6026578.0
2024-03-28 15:30:00-04:00,13.263400077819824,13.300000190734863,13.229999542236328,13.279999732971191,8994920.0
2024-03-28 16:00:00-04:00,13.3,13.3,13.24,13.26,0.0
2024-03-28 17:00:00-04:00,13.26,13.27,11.995,13.26,0.0
2024-03-28 18:00:00-04:00,13.25,13.28,13.24,13.255,0.0
2024-03-28 19:00:00-04:00,13.26,13.28,13.25,13.26,0.0
2024-04-01 04:00:00-04:00,13.31,13.37,13.26,13.36,0.0
2024-04-01 05:00:00-04:00,13.36,13.36,13.29,13.36,0.0
2024-04-01 06:00:00-04:00,13.35,13.42,13.35,13.42,0.0
2024-04-01 07:00:00-04:00,13.37,13.4,13.31,13.34,0.0
2024-04-01 08:00:00-04:00,13.35,13.428,13.28,13.34,0.0
2024-04-01 09:00:00-04:00,13.34,13.35,13.28,13.325,0.0
2024-04-01 09:30:00-04:00,13.329999923706055,13.380000114440918,13.149999618530273,13.159899711608887,8118495.0
2024-04-01 10:30:00-04:00,13.150099754333496,13.229999542236328,13.140000343322754,13.225000381469727,5510670.0
2024-04-01 11:30:00-04:00,13.225000381469727,13.25,13.180000305175781,13.239999771118164,3299489.0
2024-04-01 12:30:00-04:00,13.25,13.270000457763672,13.229999542236328,13.249899864196777,3203376.0
2024-04-01 13:30:00-04:00,13.244999885559082,13.279999732971191,13.239999771118164,13.270000457763672,2938906.0
2024-04-01 14:30:00-04:00,13.265399932861328,13.3100004196167,13.260000228881836,13.260000228881836,4316845.0
2024-04-01 15:30:00-04:00,13.270000457763672,13.300000190734863,13.229999542236328,13.289999961853027,5971980.0
2024-04-01 16:00:00-04:00,13.24,13.29,13.24,13.28,0.0
2024-04-01 17:00:00-04:00,13.28,13.28,13.26,13.27,0.0
2024-04-01 18:00:00-04:00,13.27,13.28,13.26,13.28,0.0
2024-04-01 19:00:00-04:00,13.26,13.28,13.26,13.27,0.0
2024-04-02 04:00:00-04:00,13.28,13.28,13.27,13.28,0.0
2024-04-02 05:00:00-04:00,13.28,13.28,13.21,13.22,0.0
2024-04-02 06:00:00-04:00,13.22,13.27,13.22,13.25,0.0
2024-04-02 07:00:00-04:00,13.26,13.26,13.2,13.24,0.0
2024-04-02 08:00:00-04:00,13.24,13.29,13.19,13.2,0.0
2024-04-02 09:00:00-04:00,13.2,13.22,13.03,13.04,0.0
2024-04-02 09:30:00-04:00,13.15999984741211,13.289999961853027,13.09000015258789,13.210000038146973,8039193.0
2024-04-02 10:30:00-04:00,13.210000038146973,13.369999885559082,13.170000076293945,13.265000343322754,8215910.0
2024-04-02 11:30:00-04:00,13.265000343322754,13.300000190734863,13.25,13.289299964904785,4630746.0
2024-04-02 12:30:00-04:00,13.28499984741211,13.329999923706055,13.279999732971191,13.324999809265137,2729881.0
2024-04-02 13:30:00-04:00,13.324999809265137,13.350000381469727,13.305000305175781,13.3100004196167,2698817.0
2024-04-02 14:30:00-04:00,13.312000274658203,13.34000015258789,13.270000457763672,13.335000038146973,3919861.0
2024-04-02 15:30:00-04:00,13.335000038146973,13.350000381469727,13.270000457763672,13.289999961853027,7426550.0
2024-04-02 16:00:00-04:00,13.28,13.345,13.27,13.29,0.0
2024-04-02 17:00:00-04:00,13.29,13.3,13.27,13.29,0.0
2024-04-02 18:00:00-04:00,13.3,13.3,13.26,13.275,0.0
2024-04-02 19:00:00-04:00,13.275,13.28,13.26,13.2799,0.0
2024-04-03 04:00:00-04:00,13.26,13.29,13.2,13.2,0.0
2024-04-03 05:00:00-04:00,13.2,13.26,13.2,13.26,0.0
2024-04-03 06:00:00-04:00,13.24,13.25,13.22,13.22,0.0
2024-04-03 07:00:00-04:00,13.22,13.265,13.22,13.265,0.0
2024-04-03 08:00:00-04:00,13.265,13.29,13.18,13.24,0.0
2024-04-03 09:00:00-04:00,13.24,13.24,13.2,13.21,0.0
2024-04-03 09:30:00-04:00,13.25,13.569999694824219,13.229999542236328,13.524999618530273,12494341.0
2024-04-03 10:30:00-04:00,13.529999732971191,13.680000305175781,13.5,13.609999656677246,12860286.0
2024-04-03 11:30:00-04:00,13.609999656677246,13.609999656677246,13.510000228881836,13.540200233459473,5169215.0
2024-04-03 12:30:00-04:00,13.540399551391602,13.649999618530273,13.529999732971191,13.609700202941895,4098475.0
2024-04-03 13:30:00-04:00,13.609999656677246,13.640000343322754,13.600000381469727,13.609999656677246,3276034.0
2024-04-03 14:30:00-04:00,13.614999771118164,13.619999885559082,13.562000274658203,13.595000267028809,4567171.0
2024-04-03 15:30:00-04:00,13.595000267028809,13.680000305175781,13.59000015258789,13.670000076293945,10025317.0
2024-04-03 16:00:00-04:00,13.675,13.68,13.62,13.66,0.0
2024-04-03 17:00:00-04:00,13.67,13.73,13.65,13.71,0.0
2024-04-03 18:00:00-04:00,13.7098,13.76,13.7,13.76,0.0
2024-04-03 19:00:00-04:00,13.76,13.79,13.74,13.7698,0.0
2024-04-04 04:00:00-04:00,13.72,13.82,13.72,13.8,0.0
2024-04-04 05:00:00-04:00,13.8,13.8,13.75,13.75,0.0
2024-04-04 06:00:00-04:00,13.77,13.79,13.75,13.78,0.0
2024-04-04 07:00:00-04:00,13.78,13.79,13.75,13.78,0.0
2024-04-04 08:00:00-04:00,13.77,13.9097,13.75,13.88,0.0
2024-04-04 09:00:00-04:00,13.88,13.89,13.81,13.87,0.0
2024-04-04 09:30:00-04:00,13.899999618530273,13.949999809265137,13.760000228881836,13.914999961853027,11687224.0
2024-04-04 10:30:00-04:00,13.90999984741211,13.920000076293945,13.770000457763672,13.770000457763672,7511451.0
2024-04-04 11:30:00-04:00,13.774999618530273,13.880000114440918,13.760000228881836,13.875,7132068.0
2024-04-04 12:30:00-04:00,13.880000114440918,13.890000343322754,13.640000343322754,13.645000457763672,5898322.0
2024-04-04 13:30:00-04:00,13.64009952545166,13.699999809265137,13.40999984741211,13.418000221252441,9474734.0
2024-04-04 14:30:00-04:00,13.40999984741211,13.419899940490723,13.229999542236328,13.265000343322754,12414079.0
2024-04-04 15:30:00-04:00,13.265000343322754,13.2878999710083,13.170000076293945,13.199999809265137,9805500.0
2024-04-04 16:00:00-04:00,13.195,13.22,13.17,13.19,0.0
2024-04-04 17:00:00-04:00,13.2,13.24,13.19,13.24,0.0
2024-04-04 18:00:00-04:00,13.24,13.3,13.21,13.26,0.0
2024-04-04 19:00:00-04:00,13.27,13.3387,13.25,13.31,0.0
2024-04-05 04:00:00-04:00,13.31,13.31,13.22,13.27,0.0
2024-04-05 05:00:00-04:00,13.27,13.28,13.25,13.26,0.0
2024-04-05 06:00:00-04:00,13.27,13.27,13.25,13.26,0.0
2024-04-05 07:00:00-04:00,13.26,13.32,13.25,13.3,0.0
2024-04-05 08:00:00-04:00,13.3,13.35,13.23,13.32,0.0
2024-04-05 09:00:00-04:00,13.32,13.35,13.195,13.2,0.0
2024-04-05 09:30:00-04:00,13.270000457763672,13.395000457763672,13.09000015258789,13.123200416564941,10739291.0
2024-04-05 10:30:00-04:00,13.119999885559082,13.260000228881836,13.11299991607666,13.210000038146973,6798688.0
2024-04-05 11:30:00-04:00,13.20580005645752,13.270000457763672,13.1899995803833,13.265000343322754,5944433.0
2024-04-05 12:30:00-04:00,13.265000343322754,13.329999923706055,13.25,13.3100004196167,3686691.0
2024-04-05 13:30:00-04:00,13.305000305175781,13.319999694824219,13.220000267028809,13.270000457763672,5404424.0
2024-04-05 14:30:00-04:00,13.270000457763672,13.300000190734863,13.255000114440918,13.255000114440918,6438837.0
2024-04-05 15:30:00-04:00,13.260000228881836,13.289999961853027,13.244999885559082,13.270000457763672,5067308.0
2024-04-05 16:00:00-04:00,13.2511,13.28,13.2511,13.28,0.0
2024-04-05 17:00:00-04:00,13.28,13.29,13.27,13.29,0.0
2024-04-05 18:00:00-04:00,13.27,13.31,13.27,13.3,0.0
2024-04-05 19:00:00-04:00,13.3,13.31,13.25,13.29,0.0
2024-04-08 04:00:00-04:00,13.29,13.34,13.22,13.3,0.0
2024-04-08 05:00:00-04:00,13.3,13.31,13.26,13.29,0.0
2024-04-08 06:00:00-04:00,13.28,13.32,13.26,13.29,0.0
2024-04-08 07:00:00-04:00,13.29,13.37,13.26,13.35,0.0
2024-04-08 08:00:00-04:00,13.36,13.38,13.17,13.35,0.0
2024-04-08 09:00:00-04:00,13.36,13.36,13.34,13.355,0.0
2024-04-08 09:30:00-04:00,13.345000267028809,13.539999961853027,13.345000267028809,13.5,7692026.0
2024-04-08 10:30:00-04:00,13.490099906921387,13.510000228881836,13.470000267028809,13.494999885559082,2998233.0
2024-04-08 11:30:00-04:00,13.5,13.5,13.430000305175781,13.444000244140625,2738441.0
2024-04-08 12:30:00-04:00,13.449999809265137,13.470000267028809,13.430000305175781,13.446700096130371,2468781.0
2024-04-08 13:30:00-04:00,13.444999694824219,13.479999542236328,13.4399995803833,13.475000381469727,2356771.0
2024-04-08 14:30:00-04:00,13.479999542236328,13.479999542236328,13.390000343322754,13.434000015258789,3245619.0
2024-04-08 15:30:00-04:00,13.4350004196167,13.449999809265137,13.399999618530273,13.420000076293945,4219031.0
2024-04-08 16:00:00-04:00,13.39,13.44,13.39,13.415,0.0
2024-04-08 17:00:00-04:00,13.41,13.42,13.39,13.41,0.0
2024-04-08 18:00:00-04:00,13.4,13.42,13.4,13.4102,0.0
2024-04-08 19:00:00-04:00,13.41,13.45,13.41,13.415,0.0
2024-04-09 04:00:00-04:00,13.42,13.5,13.42,13.44,0.0
2024-04-09 05:00:00-04:00,13.45,13.47,13.41,13.47,0.0
2024-04-09 06:00:00-04:00,13.46,13.46,13.415,13.42,0.0
2024-04-09 07:00:00-04:00,13.41,13.47,13.39,13.47,0.0
2024-04-09 08:00:00-04:00,13.47,13.5,13.4019,13.49,0.0
2024-04-09 09:00:00-04:00,13.49,13.49,13.46,13.47,0.0
2024-04-09 09:30:00-04:00,13.470000267028809,13.5600004196167,13.40999984741211,13.425000190734863,5773290.0
2024-04-09 10:30:00-04:00,13.425000190734863,13.430000305175781,13.34000015258789,13.414999961853027,4408665.0
2024-04-09 11:30:00-04:00,13.414999961853027,13.59000015258789,13.40999984741211,13.515000343322754,5427860.0
2024-04-09 12:30:00-04:00,13.515000343322754,13.53499984741211,13.449999809265137,13.489999771118164,2709605.0
2024-04-09 13:30:00-04:00,13.489899635314941,13.510000228881836,13.460000038146973,13.469900131225586,2068289.0
2024-04-09 14:30:00-04:00,13.462400436401367,13.5,13.449999809265137,13.494999885559082,2714728.0
2024-04-09 15:30:00-04:00,13.489999771118164,13.5600004196167,13.470000267028809,13.550000190734863,5525363.0
2024-04-09 16:00:00-04:00,13.55,13.56,13.51,13.54,0.0
2024-04-09 17:00:00-04:00,13.535,13.55,13.52,13.55,0.0
2024-04-09 18:00:00-04:00,13.54,13.57,13.53,13.56,0.0
2024-04-09 19:00:00-04:00,13.57,13.57,13.53,13.535,0.0
2024-04-10 04:00:00-04:00,13.59,13.59,13.5,13.55,0.0
2024-04-10 05:00:00-04:00,13.55,13.58,13.55,13.55,0.0
2024-04-10 06:00:00-04:00,13.58,13.59,13.54,13.54,0.0
2024-04-10 07:00:00-04:00,13.54,13.57,13.54,13.56,0.0
2024-04-10 08:00:00-04:00,13.55,13.62,13.55,13.59,0.0
2024-04-10 09:00:00-04:00,13.57,13.57,13.21,13.25,0.0
2024-04-10 09:30:00-04:00,13.260000228881836,13.289999961853027,13.079999923706055,13.204999923706055,10722381.0
2024-04-10 10:30:00-04:00,13.204999923706055,13.220000267028809,13.069999694824219,13.095000267028809,6462427.0
2024-04-10 11:30:00-04:00,13.095000267028809,13.104999542236328,13.029999732971191,13.050000190734863,4651809.0
2024-04-10 12:30:00-04:00,13.050000190734863,13.100000381469727,12.989999771118164,13.0649995803833,4721269.0
2024-04-10 13:30:00-04:00,13.0600004196167,13.069999694824219,12.960000038146973,12.983200073242188,5708342.0
2024-04-10 14:30:00-04:00,12.984999656677246,13.0600004196167,12.949999809265137,13.03499984741211,7352576.0
2024-04-10 15:30:00-04:00,13.039999961853027,13.09000015258789,13.0,13.050100326538086,7035298.0
2024-04-10 16:00:00-04:00,13.06,13.09,13.05,13.07,0.0
2024-04-10 17:00:00-04:00,13.07,13.08,13.05,13.08,0.0
2024-04-10 18:00:00-04:00,13.07,13.07,13.04,13.05,0.0
2024-04-10 19:00:00-04:00,13.045,13.09,13.04,13.08,0.0
2024-04-11 04:00:00-04:00,13.02,13.19,13.02,13.14,0.0
2024-04-11 05:00:00-04:00,13.08,13.12,13.06,13.09,0.0
2024-04-11 06:00:00-04:00,13.09,13.1,13.05,13.06,0.0
2024-04-11 07:00:00-04:00,13.06,13.06,13.0,13.0,0.0
2024-04-11 08:00:00-04:00,13.04,13.13,12.98,13.02,0.0
2024-04-11 09:00:00-04:00,13.01,13.18,13.01,13.14,0.0
2024-04-11 09:30:00-04:00,13.109999656677246,13.109999656677246,12.930000305175781,12.9350004196167,6742448.0
2024-04-11 10:30:00-04:00,12.930000305175781,13.0,12.90999984741211,12.984999656677246,5490606.0
2024-04-11 11:30:00-04:00,12.989999771118164,13.020000457763672,12.930000305175781,12.979999542236328,4045009.0
2024-04-11 12:30:00-04:00,12.979999542236328,13.109999656677246,12.979999542236328,13.090299606323242,2669677.0
2024-04-11 13:30:00-04:00,13.09000015258789,13.140000343322754,13.039999961853027,13.085000038146973,5277203.0
2024-04-11 14:30:00-04:00,13.085000038146973,13.140000343322754,13.0600004196167,13.069999694824219,6526992.0
2024-04-11 15:30:00-04:00,13.069999694824219,13.109999656677246,13.039999961853027,13.039999961853027,5085331.0
2024-04-11 16:00:00-04:00,13.03,13.07,13.03,13.05,0.0
2024-04-11 17:00:00-04:00,13.07,13.07,13.05,13.07,0.0
2024-04-11 18:00:00-04:00,13.06,13.08,13.05,13.07,0.0
2024-04-11 19:00:00-04:00,13.06,13.07,13.04,13.07,0.0
2024-04-12 04:00:00-04:00,13.05,13.09,13.0,13.06,0.0
2024-04-12 05:00:00-04:00,13.06,13.1,13.04,13.04,0.0
2024-04-12 06:00:00-04:00,13.09,13.09,13.01,13.04,0.0
2024-04-12 07:00:00-04:00,13.03,13.03,12.9,12.99,0.0
2024-04-12 08:00:00-04:00,12.99,13.09,12.98,13.01,0.0
2024-04-12 09:00:00-04:00,13.0,13.02,12.95,12.97,0.0
2024-04-12 09:30:00-04:00,12.920000076293945,12.920000076293945,12.6899995803833,12.725000381469727,9610387.0
2024-04-12 10:30:00-04:00,12.720000267028809,12.729999542236328,12.65999984741211,12.670000076293945,6916180.0
2024-04-12 11:30:00-04:00,12.67549991607666,12.710000038146973,12.670000076293945,12.670999526977539,4329313.0
2024-04-12 12:30:00-04:00,12.671099662780762,12.677300453186035,12.539999961853027,12.5600004196167,5443243.0
2024-04-12 13:30:00-04:00,12.5600004196167,12.609999656677246,12.510000228881836,12.550000190734863,6718606.0
2024-04-12 14:30:00-04:00,12.555000305175781,12.5600004196167,12.5,12.503999710083008,6100204.0
2024-04-12 15:30:00-04:00,12.500100135803223,12.630000114440918,12.5,12.619999885559082,9697529.0
2024-04-12 16:00:00-04:00,12.62,12.71,12.6,12.63,0.0
2024-04-12 17:00:00-04:00,12.63,12.63,12.61,12.615,0.0
2024-04-12 18:00:00-04:00,12.62,12.62,12.6,12.62,0.0
2024-04-12 19:00:00-04:00,12.62,12.63,12.6,12.61,0.0
2024-04-15 04:00:00-04:00,12.63,12.71,12.63,12.7,0.0
2024-04-15 05:00:00-04:00,12.7,12.7,12.67,12.67,0.0
2024-04-15 06:00:00-04:00,12.66,12.7,12.64,12.7,0.0
2024-04-15 07:00:00-04:00,12.7,12.7,12.67,12.69,0.0
2024-04-15 08:00:00-04:00,12.69,12.72,12.65,12.7,0.0
2024-04-15 09:00:00-04:00,12.69,12.75,12.66,12.73,0.0
2024-04-15 09:30:00-04:00,12.739999771118164,12.8149995803833,12.449999809265137,12.449999809265137,7833572.0
2024-04-15 10:30:00-04:00,12.454999923706055,12.510000228881836,12.390000343322754,12.444999694824219,6149725.0
2024-04-15 11:30:00-04:00,12.449999809265137,12.489999771118164,12.375,12.404999732971191,5215034.0
2024-04-15 12:30:00-04:00,12.399999618530273,12.40999984741211,12.289999961853027,12.291600227355957,4605635.0
2024-04-15 13:30:00-04:00,12.295000076293945,12.34000015258789,12.229999542236328,12.239999771118164,7622427.0
2024-04-15 14:30:00-04:00,12.244999885559082,12.270000457763672,12.180000305175781,12.204999923706055,7948493.0
2024-04-15 15:30:00-04:00,12.210000038146973,12.270000457763672,12.199999809265137,12.229999542236328,10242888.0
2024-04-15 16:00:00-04:00,12.3,12.3,12.205,12.215,0.0
2024-04-15 17:00:00-04:00,12.215,12.25,12.21,12.21,0.0
2024-04-15 18:00:00-04:00,12.21,12.24,12.21,12.225,0.0
2024-04-15 19:00:00-04:00,12.23,12.25,12.22,12.245,0.0
2024-04-16 04:00:00-04:00,12.245,12.245,12.16,12.22,0.0
2024-04-16 05:00:00-04:00,12.23,12.23,12.18,12.19,0.0
2024-04-16 06:00:00-04:00,12.22,12.23,12.15,12.15,0.0
2024-04-16 07:00:00-04:00,12.15,12.22,12.15,12.18,0.0
2024-04-16 08:00:00-04:00,12.19,12.25,12.151,12.175,0.0
2024-04-16 09:00:00-04:00,12.175,12.19,12.16,12.19,0.0
2024-04-16 09:30:00-04:00,12.140000343322754,12.180000305175781,11.941200256347656,12.074999809265137,13005317.0
2024-04-16 10:30:00-04:00,12.074999809265137,12.10990047454834,12.020000457763672,12.074999809265137,6729756.0
2024-04-16 11:30:00-04:00,12.079999923706055,12.1899995803833,12.069999694824219,12.164999961853027,5346807.0
2024-04-16 12:30:00-04:00,12.170000076293945,12.220000267028809,12.140000343322754,12.184900283813477,4770142.0
2024-04-16 13:30:00-04:00,12.1899995803833,12.25,12.109999656677246,12.121500015258789,7042327.0
2024-04-16 14:30:00-04:00,12.119999885559082,12.210000038146973,12.119999885559082,12.194999694824219,7163063.0
2024-04-16 15:30:00-04:00,12.194999694824219,12.194999694824219,12.079999923706055,12.09000015258789,8510973.0
2024-04-16 16:00:00-04:00,12.1,12.1002,11.96,12.05,0.0
2024-04-16 17:00:00-04:00,12.055,12.09,12.04,12.06,0.0
2024-04-16 18:00:00-04:00,12.06,12.11,12.06,12.09,0.0
2024-04-16 19:00:00-04:00,12.09,12.13,12.06,12.115,0.0
2024-04-17 04:00:00-04:00,12.12,12.12,12.05,12.09,0.0
2024-04-17 05:00:00-04:00,12.08,12.16,12.06,12.14,0.0
2024-04-17 06:00:00-04:00,12.14,12.17,12.09,12.17,0.0
2024-04-17 07:00:00-04:00,12.17,12.18,12.12,12.12,0.0
2024-04-17 08:00:00-04:00,12.12,12.185,12.09,12.1498,0.0
2024-04-17 09:00:00-04:00,12.145,12.16,12.09,12.145,0.0
2024-04-17 09:30:00-04:00,12.135000228881836,12.24899959564209,12.109999656677246,12.170000076293945,6162103.0
2024-04-17 10:30:00-04:00,12.179900169372559,12.180000305175781,12.079999923706055,12.100099563598633,4614323.0
2024-04-17 11:30:00-04:00,12.100000381469727,12.130000114440918,12.039999961853027,12.0649995803833,7622370.0
2024-04-17 12:30:00-04:00,12.0649995803833,12.140000343322754,12.039999961853027,12.119999885559082,3953535.0
2024-04-17 13:30:00-04:00,12.114999771118164,12.130000114440918,12.069999694824219,12.079999923706055,3870508.0
2024-04-17 14:30:00-04:00,12.085000038146973,12.140000343322754,12.029999732971191,12.03499984741211,5261034.0
2024-04-17 15:30:00-04:00,12.03499984741211,12.069999694824219,12.020000457763672,12.030099868774414,5790241.0
2024-04-17 16:00:00-04:00,12.07,12.07,12.02,12.035,0.0
2024-04-17 17:00:00-04:00,12.035,12.05,12.02,12.02,0.0
2024-04-17 18:00:00-04:00,12.04,12.07,12.02,12.065,0.0
2024-04-17 19:00:00-04:00,12.0601,12.08,12.05,12.065,0.0
2024-04-18 04:00:00-04:00,12.07,12.12,12.07,12.09,0.0
2024-04-18 05:00:00-04:00,12.1,12.1,12.07,12.07,0.0
2024-04-18 06:00:00-04:00,12.07,12.09,12.06,12.06,0.0
2024-04-18 07:00:00-04:00,12.07,12.08,12.04,12.05,0.0
2024-04-18 08:00:00-04:00,12.05,12.12,12.04,12.04,0.0
2024-04-18 09:00:00-04:00,12.07,12.09,12.04,12.0799,0.0
2024-04-18 09:30:00-04:00,12.079999923706055,12.130000114440918,11.989999771118164,12.104999542236328,6931712.0
2024-04-18 10:30:00-04:00,12.10990047454834,12.170000076293945,12.09000015258789,12.114999771118164,4866249.0
2024-04-18 11:30:00-04:00,12.114999771118164,12.139900207519531,12.09000015258789,12.100000381469727,3531108.0
2024-04-18 12:30:00-04:00,12.104999542236328,12.109999656677246,12.010000228881836,12.050100326538086,4990861.0
2024-04-18 13:30:00-04:00,12.055000305175781,12.055000305175781,11.979999542236328,12.010100364685059,6308054.0
2024-04-18 14:30:00-04:00,12.017000198364258,12.039999961853027,11.989999771118164,12.024999618530273,5507661.0
2024-04-18 15:30:00-04:00,12.024999618530273,12.074999809265137,12.010000228881836,12.063899993896484,4222240.0
2024-04-18 16:00:00-04:00,12.07,12.09,12.05,12.065,0.0
2024-04-18 17:00:00-04:00,12.065,12.08,12.06,12.08,0.0
2024-04-18 18:00:00-04:00,12.08,12.08,12.05,12.055,0.0
2024-04-18 19:00:00-04:00,12.06,12.06,12.04,12.05,0.0
2024-04-19 04:00:00-04:00,11.98,12.1,11.93,12.0,0.0
2024-04-19 05:00:00-04:00,12.03,12.03,11.97,11.98,0.0
2024-04-19 06:00:00-04:00,11.98,11.99,11.94,11.97,0.0
2024-04-19 07:00:00-04:00,11.97,12.05,11.95,12.03,0.0
2024-04-19 08:00:00-04:00,12.03,12.15,11.94,12.05,0.0
2024-04-19 09:00:00-04:00,12.06,12.1,12.03,12.03,0.0
2024-04-19 09:30:00-04:00,12.020000457763672,12.229999542236328,12.020000457763672,12.150099754333496,7009765.0
2024-04-19 10:30:00-04:00,12.149999618530273,12.15999984741211,12.079999923706055,12.079999923706055,4292786.0
2024-04-19 11:30:00-04:00,12.085000038146973,12.130000114440918,12.0600004196167,12.0649995803833,3165369.0
2024-04-19 12:30:00-04:00,12.0649995803833,12.130000114440918,12.039999961853027,12.100000381469727,3670593.0
2024-04-19 13:30:00-04:00,12.104999542236328,12.149999618530273,12.085000038146973,12.085000038146973,5445174.0
2024-04-19 14:30:00-04:00,12.085000038146973,12.119999885559082,12.0600004196167,12.104999542236328,6871816.0
2024-04-19 15:30:00-04:00,12.109700202941895,12.15999984741211,12.069999694824219,12.140000343322754,5562371.0
2024-04-19 16:00:00-04:00,12.14,12.18,12.11,12.14,0.0
2024-04-19 17:00:00-04:00,12.14,12.14,12.08,12.115,0.0
2024-04-19 18:00:00-04:00,12.115,12.12,12.09,12.105,0.0
2024-04-19 19:00:00-04:00,12.105,12.12,12.09,12.095,0.0
2024-04-22 04:00:00-04:00,12.15,12.19,12.15,12.18,0.0
2024-04-22 05:00:00-04:00,12.17,12.2,12.17,12.2,0.0
2024-04-22 06:00:00-04:00,12.2,12.24,12.19,12.23,0.0
2024-04-22 07:00:00-04:00,12.22,12.22,12.16,12.19,0.0
2024-04-22 08:00:00-04:00,12.18,12.25,12.14,12.18,0.0
2024-04-22 09:00:00-04:00,12.175,12.19,12.16,12.19,0.0
2024-04-22 09:30:00-04:00,12.3100004196167,12.630000114440918,12.25,12.595000267028809,18264074.0
2024-04-22 10:30:00-04:00,12.600000381469727,12.720000267028809,12.569999694824219,12.614999771118164,13574306.0
2024-04-22 11:30:00-04:00,12.609999656677246,12.829999923706055,12.594499588012695,12.819899559020996,9058223.0
2024-04-22 12:30:00-04:00,12.819899559020996,12.869999885559082,12.740099906921387,12.800000190734863,9287349.0
2024-04-22 13:30:00-04:00,12.795000076293945,12.899999618530273,12.789999961853027,12.875,7799236.0
2024-04-22 14:30:00-04:00,12.869999885559082,12.880000114440918,12.800000190734863,12.819999694824219,9149404.0
2024-04-22 15:30:00-04:00,12.819999694824219,12.890000343322754,12.789999961853027,12.890000343322754,13024968.0
2024-04-22 16:00:00-04:00,12.89,12.89,12.32,12.875,0.0
2024-04-22 17:00:00-04:00,12.875,12.8898,12.86,12.8799,0.0
2024-04-22 18:00:00-04:00,12.875,12.88,12.85,12.865,0.0
2024-04-22 19:00:00-04:00,12.86,12.88,12.8,12.8,0.0
2024-04-23 04:00:00-04:00,12.82,12.89,12.82,12.88,0.0
2024-04-23 05:00:00-04:00,12.88,12.89,12.84,12.88,0.0
2024-04-23 06:00:00-04:00,12.85,12.88,12.82,12.85,0.0
2024-04-23 07:00:00-04:00,12.88,13.2,12.87,13.12,0.0
2024-04-23 08:00:00-04:00,13.12,13.17,12.8247,13.1,0.0
2024-04-23 09:00:00-04:00,13.1,13.22,13.09,13.2,0.0
2024-04-23 09:30:00-04:00,13.050000190734863,13.050000190734863,12.819999694824219,12.944999694824219,17729001.0
2024-04-23 10:30:00-04:00,12.944999694824219,12.979999542236328,12.899999618530273,12.925000190734863,11219304.0
2024-04-23 11:30:00-04:00,12.925000190734863,12.930000305175781,12.859999656677246,12.914999961853027,5569367.0
2024-04-23 12:30:00-04:00,12.914999961853027,12.960000038146973,12.90999984741211,12.925000190734863,5045829.0
2024-04-23 13:30:00-04:00,12.925000190734863,12.949999809265137,12.90999984741211,12.944999694824219,3676654.0
2024-04-23 14:30:00-04:00,12.944999694824219,12.979999542236328,12.90999984741211,12.9350004196167,6576999.0
2024-04-23 15:30:00-04:00,12.9350004196167,12.970000267028809,12.90999984741211,12.9399995803833,7326984.0
2024-04-23 16:00:00-04:00,12.955,13.05,12.92,13.015,0.0
2024-04-23 17:00:00-04:00,13.01,13.04,13.0,13.03,0.0
2024-04-23 18:00:00-04:00,13.03,13.04,13.0005,13.04,0.0
2024-04-23 19:00:00-04:00,13.03,13.06,13.02,13.0498,0.0
2024-04-24 04:00:00-04:00,12.99,13.07,12.99,13.05,0.0
2024-04-24 05:00:00-04:00,13.05,13.05,13.0,13.02,0.0
2024-04-24 06:00:00-04:00,13.02,13.02,12.95,12.99,0.0
2024-04-24 07:00:00-04:00,13.0,13.04,12.96,13.03,0.0
2024-04-24 08:00:00-04:00,13.02,13.13,12.9464,13.04,0.0
2024-04-24 09:00:00-04:00,13.03,13.05,12.97,12.995,0.0
2024-04-24 09:30:00-04:00,12.9399995803833,12.979999542236328,12.819999694824219,12.975000381469727,8538760.0
2024-04-24 10:30:00-04:00,12.979999542236328,12.979999542236328,12.890000343322754,12.909899711608887,6674857.0
2024-04-24 11:30:00-04:00,12.90369987487793,12.930000305175781,12.800000190734863,12.826800346374512,6916157.0
2024-04-24 12:30:00-04:00,12.824999809265137,12.90999984741211,12.779999732971191,12.904999732971191,5716046.0
2024-04-24 13:30:00-04:00,12.904999732971191,12.949999809265137,12.869999885559082,12.90820026397705,7599158.0
2024-04-24 14:30:00-04:00,12.904999732971191,12.975000381469727,12.885000228881836,12.949999809265137,9756651.0
2024-04-24 15:30:00-04:00,12.946100234985352,13.04990005493164,12.880000114440918,13.04990005493164,13022573.0
2024-04-24 16:00:00-04:00,13.04,13.55,12.8,13.275,0.0
2024-04-24 17:00:00-04:00,13.27,13.39,13.2,13.38,0.0
2024-04-24 18:00:00-04:00,13.39,13.4,13.22,13.24,0.0
2024-04-24 19:00:00-04:00,13.26,13.27,13.24,13.26,0.0
2024-04-25 04:00:00-04:00,13.0,13.39,13.0,13.28,0.0
2024-04-25 05:00:00-04:00,13.28,13.36,13.25,13.29,0.0
2024-04-25 06:00:00-04:00,13.29,13.34,13.25,13.3,0.0
2024-04-25 07:00:00-04:00,13.3,13.3,13.15,13.17,0.0
2024-04-25 08:00:00-04:00,13.18,13.35,12.95,13.205,0.0
2024-04-25 09:00:00-04:00,13.22,13.22,12.8,12.88,0.0
2024-04-25 09:30:00-04:00,12.850000381469727,13.180000305175781,12.710000038146973,12.795000076293945,13288175.0
2024-04-25 10:30:00-04:00,12.800000190734863,12.805000305175781,12.680000305175781,12.734999656677246,9658650.0
2024-04-25 11:30:00-04:00,12.734999656677246,12.800000190734863,12.699999809265137,12.755000114440918,7721915.0
2024-04-25 12:30:00-04:00,12.755000114440918,12.800000190734863,12.630000114440918,12.65999984741211,8264748.0
2024-04-25 13:30:00-04:00,12.660200119018555,12.845000267028809,12.65999984741211,12.795000076293945,10779682.0
2024-04-25 14:30:00-04:00,12.795000076293945,12.989999771118164,12.75,12.960000038146973,16405922.0
2024-04-25 15:30:00-04:00,12.960000038146973,13.078399658203125,12.9399995803833,13.045000076293945,13979859.0
2024-04-25 16:00:00-04:00,13.04,13.06,12.99,13.03,0.0
2024-04-25 17:00:00-04:00,13.03,13.0499,13.0,13.01,0.0
2024-04-25 18:00:00-04:00,13.0,13.04,12.99,13.01,0.0
2024-04-25 19:00:00-04:00,13.03,13.03,12.95,13.01,0.0
2024-04-26 04:00:00-04:00,13.04,13.04,12.96,13.0,0.0
2024-04-26 05:00:00-04:00,13.0,13.04,13.0,13.01,0.0
2024-04-26 06:00:00-04:00,13.01,13.01,12.99,12.99,0.0
2024-04-26 07:00:00-04:00,12.99,13.02,12.99,13.02,0.0
2024-04-26 08:00:00-04:00,13.02,13.04,12.9615,13.01,0.0
2024-04-26 09:00:00-04:00,12.97,13.08,12.97,13.005,0.0
2024-04-26 09:30:00-04:00,12.760000228881836,13.0,12.609999656677246,12.975000381469727,17094674.0
2024-04-26 10:30:00-04:00,12.970999717712402,13.020000457763672,12.859999656677246,12.859999656677246,8656059.0
2024-04-26 11:30:00-04:00,12.864999771118164,12.890000343322754,12.789999961853027,12.890000343322754,5316261.0
2024-04-26 12:30:00-04:00,12.885000228881836,12.9399995803833,12.869999885559082,12.908900260925293,2942154.0
2024-04-26 13:30:00-04:00,12.90939998626709,12.90999984741211,12.829999923706055,12.856599807739258,5905029.0
2024-04-26 14:30:00-04:00,12.858499526977539,12.899999618530273,12.84000015258789,12.850000381469727,5141172.0
2024-04-26 15:30:00-04:00,12.845000267028809,12.859999656677246,12.770000457763672,12.774999618530273,8740656.0
2024-04-26 16:00:00-04:00,12.79,12.86,12.77,12.83,0.0
2024-04-26 17:00:00-04:00,12.82,12.84,12.8,12.81,0.0
2024-04-26 18:00:00-04:00,12.8,12.8,12.78,12.78,0.0
2024-04-26 19:00:00-04:00,12.785,12.81,12.78,12.7999,0.0
2024-04-29 04:00:00-04:00,12.85,12.89,12.76,12.89,0.0
2024-04-29 05:00:00-04:00,12.87,12.88,12.84,12.84,0.0
2024-04-29 06:00:00-04:00,12.87,12.9,12.85,12.88,0.0
2024-04-29 07:00:00-04:00,12.88,12.9,12.8,12.85,0.0
2024-04-29 08:00:00-04:00,12.83,12.91,12.77,12.86,0.0
2024-04-29 09:00:00-04:00,12.86,12.88,12.79,12.84,0.0
2024-04-29 09:30:00-04:00,12.8100004196167,12.84000015258789,12.6899995803833,12.71500015258789,7544270.0
2024-04-29 10:30:00-04:00,12.710000038146973,12.729999542236328,12.550000190734863,12.57699966430664,10690829.0
2024-04-29 11:30:00-04:00,12.574999809265137,12.670000076293945,12.574999809265137,12.65999984741211,4524780.0
2024-04-29 12:30:00-04:00,12.654999732971191,12.6899995803833,12.619999885559082,12.6850004196167,3958834.0
2024-04-29 13:30:00-04:00,12.6850004196167,12.736000061035156,12.65999984741211,12.704999923706055,4509992.0
2024-04-29 14:30:00-04:00,12.704999923706055,12.729999542236328,12.630000114440918,12.701800346374512,7887279.0
2024-04-29 15:30:00-04:00,12.704999923706055,12.760000228881836,12.6899995803833,12.744999885559082,6565919.0
2024-04-29 16:00:00-04:00,12.7306,12.75,12.71,12.73,0.0
2024-04-29 17:00:00-04:00,12.73,12.74,12.72,12.725,0.0
2024-04-29 18:00:00-04:00,12.725,12.74,12.72,12.73,0.0
2024-04-29 19:00:00-04:00,12.72,12.74,12.7,12.72,0.0
2024-04-30 04:00:00-04:00,12.72,12.75,12.6,12.65,0.0
2024-04-30 05:00:00-04:00,12.65,12.72,12.64,12.7,0.0
2024-04-30 06:00:00-04:00,12.7,12.7,12.65,12.65,0.0
2024-04-30 07:00:00-04:00,12.67,12.7,12.65,12.7,0.0
2024-04-30 08:00:00-04:00,12.7,12.75,12.63,12.63,0.0
2024-04-30 09:00:00-04:00,12.63,12.66,12.56,12.59,0.0
2024-04-30 09:30:00-04:00,12.600000381469727,12.600000381469727,12.344200134277344,12.369999885559082,11018421.0
2024-04-30 10:30:00-04:00,12.369999885559082,12.385000228881836,12.260000228881836,12.350000381469727,10273648.0
2024-04-30 11:30:00-04:00,12.345000267028809,12.350000381469727,12.260000228881836,12.270000457763672,7278095.0
2024-04-30 12:30:00-04:00,12.278200149536133,12.279999732971191,12.130000114440918,12.136799812316895,12738435.0
2024-04-30 13:30:00-04:00,12.135000228881836,12.25,12.130000114440918,12.230199813842773,9325416.0
2024-04-30 14:30:00-04:00,12.230299949645996,12.279999732971191,12.180000305175781,12.234999656677246,6047589.0
2024-04-30 15:30:00-04:00,12.234999656677246,12.236499786376953,12.149999618530273,12.154999732971191,8610927.0
2024-04-30 16:00:00-04:00,12.1571,12.26,12.149,12.15,0.0
2024-04-30 17:00:00-04:00,12.21,12.22,12.16,12.16,0.0
2024-04-30 18:00:00-04:00,12.18,12.2,12.16,12.16,0.0
2024-04-30 19:00:00-04:00,12.18,12.18,12.16,12.17,0.0
2024-05-01 04:00:00-04:00,12.0,12.24,12.0,12.18,0.0
2024-05-01 05:00:00-04:00,12.16,12.17,12.13,12.13,0.0
2024-05-01 06:00:00-04:00,12.14,12.17,12.12,12.15,0.0
2024-05-01 07:00:00-04:00,12.14,12.16,12.12,12.14,0.0
2024-05-01 08:00:00-04:00,12.14,12.4,12.12,12.1897,0.0
2024-05-01 09:00:00-04:00,12.19,12.2,12.15,12.17,0.0
2024-05-01 09:30:00-04:00,12.15999984741211,12.329999923706055,12.149999618530273,12.279999732971191,7832165.0
2024-05-01 10:30:00-04:00,12.28219985961914,12.345000267028809,12.239999771118164,12.255000114440918,5751087.0
2024-05-01 11:30:00-04:00,12.255000114440918,12.270000457763672,12.210000038146973,12.220000267028809,3653718.0
2024-05-01 12:30:00-04:00,12.229999542236328,12.229999542236328,12.180000305175781,12.1850004196167,3622402.0
2024-05-01 13:30:00-04:00,12.1850004196167,12.25,12.180000305175781,12.249899864196777,4095566.0
2024-05-01 14:30:00-04:00,12.244999885559082,12.430000305175781,12.1850004196167,12.354999542236328,9768209.0
2024-05-01 15:30:00-04:00,12.354999542236328,12.354999542236328,12.19379997253418,12.199999809265137,6645624.0
2024-05-01 16:00:00-04:00,12.2,12.23,12.19,12.21,0.0
2024-05-01 17:00:00-04:00,12.22,12.24,12.2,12.2198,0.0
2024-05-01 18:00:00-04:00,12.21,12.23,12.21,12.21,0.0
2024-05-01 19:00:00-04:00,12.23,12.26,12.21,12.25,0.0
2024-05-02 04:00:00-04:00,12.25,12.32,12.25,12.3,0.0
2024-05-02 05:00:00-04:00,12.28,12.3,12.25,12.27,0.0
2024-05-02 06:00:00-04:00,12.28,12.35,12.26,12.33,0.0
2024-05-02 07:00:00-04:00,12.33,12.34,12.32,12.33,0.0
2024-05-02 08:00:00-04:00,12.33,12.35,12.29,12.34,0.0
2024-05-02 09:00:00-04:00,12.34,12.41,12.33,12.35,0.0
2024-05-02 09:30:00-04:00,12.399999618530273,12.550000190734863,12.359999656677246,12.4399995803833,11244668.0
2024-05-02 10:30:00-04:00,12.4350004196167,12.5,12.359999656677246,12.444999694824219,6677530.0
2024-05-02 11:30:00-04:00,12.444999694824219,12.479999542236328,12.385000228881836,12.404999732971191,3815077.0
2024-05-02 12:30:00-04:00,12.404999732971191,12.420000076293945,12.369999885559082,12.420000076293945,3203616.0
2024-05-02 13:30:00-04:00,12.418399810791016,12.430000305175781,12.380000114440918,12.395000457763672,3724765.0
2024-05-02 14:30:00-04:00,12.395000457763672,12.470000267028809,12.390000343322754,12.46500015258789,6578832.0
2024-05-02 15:30:00-04:00,12.46500015258789,12.5,12.430000305175781,12.489999771118164,7785584.0
2024-05-02 16:00:00-04:00,12.49,12.51,12.45,12.5,0.0
2024-05-02 17:00:00-04:00,12.49,12.51,12.46,12.4799,0.0
2024-05-02 18:00:00-04:00,12.475,12.5,12.47,12.49,0.0
2024-05-02 19:00:00-04:00,12.5,12.51,12.49,12.49,0.0
2024-05-03 04:00:00-04:00,12.53,12.54,12.49,12.5,0.0
2024-05-03 05:00:00-04:00,12.51,12.54,12.5,12.51,0.0
2024-05-03 06:00:00-04:00,12.54,12.54,12.5,12.51,0.0
2024-05-03 07:00:00-04:00,12.53,12.56,12.51,12.53,0.0
2024-05-03 08:00:00-04:00,12.53,12.55,12.49,12.53,0.0
2024-05-03 09:00:00-04:00,12.53,12.66,12.49,12.63,0.0
2024-05-03 09:30:00-04:00,12.710000038146973,12.760000228881836,12.5,12.537500381469727,9377421.0
2024-05-03 10:30:00-04:00,12.53499984741211,12.550000190734863,12.420000076293945,12.4399995803833,6533427.0
2024-05-03 11:30:00-04:00,12.449999809265137,12.489999771118164,12.420000076293945,12.477999687194824,4463829.0
2024-05-03 12:30:00-04:00,12.470000267028809,12.489999771118164,12.420000076293945,12.425000190734863,4270287.0
2024-05-03 13:30:00-04:00,12.425000190734863,12.470000267028809,12.420000076293945,12.430000305175781,3853596.0
2024-05-03 14:30:00-04:00,12.425000190734863,12.4399995803833,12.399999618530273,12.40999984741211,4729123.0
2024-05-03 15:30:00-04:00,12.404999732971191,12.460000038146973,12.390000343322754,12.430000305175781,6127759.0
2024-05-03 16:00:00-04:00,12.43,12.45,12.305,12.42,0.0
2024-05-03 17:00:00-04:00,12.43,12.43,12.41,12.43,0.0
2024-05-03 18:00:00-04:00,12.43,12.43,12.41,12.425,0.0
2024-05-03 19:00:00-04:00,12.4298,12.43,12.42,12.43,0.0
2024-05-06 04:00:00-04:00,12.43,12.49,12.43,12.47,0.0
2024-05-06 05:00:00-04:00,12.48,12.48,12.47,12.48,0.0
2024-05-06 06:00:00-04:00,12.47,12.48,12.47,12.48,0.0
2024-05-06 07:00:00-04:00,12.48,12.5,12.46,12.48,0.0
2024-05-06 08:00:00-04:00,12.48,12.54,12.45,12.5,0.0
2024-05-06 09:00:00-04:00,12.51,14.195,12.5,12.52,0.0
2024-05-06 09:30:00-04:00,12.539999961853027,12.619999885559082,12.505000114440918,12.5600004196167,6409493.0
2024-05-06 10:30:00-04:00,12.555000305175781,12.5600004196167,12.479999542236328,12.545000076293945,4092603.0
2024-05-06 11:30:00-04:00,12.550000190734863,12.555000305175781,12.5,12.500100135803223,2971168.0
2024-05-06 12:30:00-04:00,12.5,12.524999618530273,12.489999771118164,12.5,1903845.0
2024-05-06 13:30:00-04:00,12.505000114440918,12.520000457763672,12.489999771118164,12.510000228881836,2400543.0
2024-05-06 14:30:00-04:00,12.510000228881836,12.520000457763672,12.460000038146973,12.46500015258789,3374823.0
2024-05-06 15:30:00-04:00,12.46500015258789,12.520000457763672,12.457500457763672,12.5,5614963.0
2024-05-06 16:00:00-04:00,12.5,12.5,12.43,12.4799,0.0
2024-05-06 17:00:00-04:00,12.47,12.5,12.47,12.49,0.0
2024-05-06 18:00:00-04:00,12.49,12.49,12.48,12.485,0.0
2024-05-06 19:00:00-04:00,12.49,12.5,12.48,12.48,0.0
2024-05-07 04:00:00-04:00,12.5,12.5,12.37,12.39,0.0
2024-05-07 05:00:00-04:00,12.39,12.42,12.38,12.42,0.0
2024-05-07 06:00:00-04:00,12.42,12.42,12.4,12.42,0.0
2024-05-07 07:00:00-04:00,12.42,12.42,12.37,12.37,0.0
2024-05-07 08:00:00-04:00,12.38,12.5,12.37,12.39,0.0
2024-05-07 09:00:00-04:00,12.39,12.4,12.37,12.3994,0.0
2024-05-07 09:30:00-04:00,12.399999618530273,12.4399995803833,12.34000015258789,12.364999771118164,6019641.0
2024-05-07 10:30:00-04:00,12.364999771118164,12.380000114440918,12.279999732971191,12.281399726867676,4538521.0
2024-05-07 11:30:00-04:00,12.279999732971191,12.300000190734863,12.199999809265137,12.233099937438965,6853696.0
2024-05-07 12:30:00-04:00,12.233099937438965,12.25,12.149999618530273,12.199999809265137,4924335.0
2024-05-07 13:30:00-04:00,12.194999694824219,12.220000267028809,12.15999984741211,12.1875,4019157.0
2024-05-07 14:30:00-04:00,12.1850004196167,12.199999809265137,12.085000038146973,12.10789966583252,7655993.0
2024-05-07 15:30:00-04:00,12.10509967803955,12.199999809265137,12.100000381469727,12.164999961853027,8736129.0
2024-05-07 16:00:00-04:00,12.18,12.2174,12.1,12.18,0.0
2024-05-07 17:00:00-04:00,12.19,12.2,12.18,12.195,0.0
2024-05-07 18:00:00-04:00,12.2,12.2,12.17,12.1803,0.0
2024-05-07 19:00:00-04:00,12.1898,12.2,12.18,12.19,0.0
2024-05-08 04:00:00-04:00,12.19,12.21,12.17,12.2,0.0
2024-05-08 05:00:00-04:00,12.2,12.21,12.18,12.2,0.0
2024-05-08 06:00:00-04:00,12.18,12.21,12.17,12.17,0.0
2024-05-08 07:00:00-04:00,12.2,12.2,12.13,12.14,0.0
2024-05-08 08:00:00-04:00,12.13,12.26,12.1,12.13,0.0
2024-05-08 09:00:00-04:00,12.11,12.13,12.1,12.11,0.0
2024-05-08 09:30:00-04:00,12.079999923706055,12.210000038146973,12.020000457763672,12.125,7509553.0
2024-05-08 10:30:00-04:00,12.125,12.220000267028809,12.119999885559082,12.21500015258789,6078756.0
2024-05-08 11:30:00-04:00,12.21500015258789,12.25,12.1899995803833,12.204999923706055,4251433.0
2024-05-08 12:30:00-04:00,12.204999923706055,12.220000267028809,12.15999984741211,12.170000076293945,3375398.0
2024-05-08 13:30:00-04:00,12.180000305175781,12.210000038146973,12.15999984741211,12.204999923706055,2939578.0
2024-05-08 14:30:00-04:00,12.210000038146973,12.210000038146973,12.149999618530273,12.180000305175781,4279915.0
2024-05-08 15:30:00-04:00,12.175000190734863,12.199999809265137,12.149999618530273,12.15999984741211,4331427.0
2024-05-08 16:00:00-04:00,12.2,12.2,12.12,12.13,0.0
2024-05-08 17:00:00-04:00,12.135,12.15,12.12,12.13,0.0
2024-05-08 18:00:00-04:00,12.12,12.14,12.12,12.12,0.0
2024-05-08 19:00:00-04:00,12.13,12.15,12.12,12.135,0.0
2024-05-09 04:00:00-04:00,12.15,12.16,12.13,12.13,0.0
2024-05-09 05:00:00-04:00,12.15,12.15,12.13,12.15,0.0
2024-05-09 06:00:00-04:00,12.13,12.15,12.13,12.15,0.0
2024-05-09 07:00:00-04:00,12.15,12.18,12.13,12.15,0.0
2024-05-09 08:00:00-04:00,12.15,12.17,12.13,12.14,0.0
2024-05-09 09:00:00-04:00,12.13,12.17,12.13,12.16,0.0
2024-05-09 09:30:00-04:00,12.140000343322754,12.199999809265137,12.079999923706055,12.170000076293945,4974647.0
2024-05-09 10:30:00-04:00,12.175000190734863,12.220000267028809,12.140000343322754,12.170000076293945,4476456.0
2024-05-09 11:30:00-04:00,12.180000305175781,12.180000305175781,12.149999618530273,12.149999618530273,2130572.0
2024-05-09 12:30:00-04:00,12.150500297546387,12.15999984741211,12.119999885559082,12.135000228881836,1631991.0
2024-05-09 13:30:00-04:00,12.130000114440918,12.145000457763672,12.079999923706055,12.09749984741211,2927232.0
2024-05-09 14:30:00-04:00,12.095000267028809,12.100000381469727,12.0600004196167,12.079999923706055,4078348.0
2024-05-09 15:30:00-04:00,12.079999923706055,12.149999618530273,12.079999923706055,12.139900207519531,6579760.0
2024-05-09 16:00:00-04:00,12.135,12.15,12.11,12.1301,0.0
2024-05-09 17:00:00-04:00,12.14,12.14,12.13,12.14,0.0
2024-05-09 18:00:00-04:00,12.14,12.14,12.13,12.14,0.0
2024-05-09 19:00:00-04:00,12.14,12.15,12.12,12.15,0.0
2024-05-10 04:00:00-04:00,12.15,12.16,12.1,12.15,0.0
2024-05-10 05:00:00-04:00,12.15,12.17,12.14,12.16,0.0
2024-05-10 06:00:00-04:00,12.17,12.2,12.15,12.2,0.0
2024-05-10 07:00:00-04:00,12.2,12.2,12.17,12.17,0.0
2024-05-10 08:00:00-04:00,12.18,12.2,12.13,12.1801,0.0
2024-05-10 09:00:00-04:00,12.1802,12.19,12.13,12.1796,0.0
2024-05-10 09:30:00-04:00,12.145000457763672,12.170000076293945,11.979999542236328,11.984999656677246,11291460.0
2024-05-10 10:30:00-04:00,11.984999656677246,12.029999732971191,11.949999809265137,11.952500343322754,6902813.0
2024-05-10 11:30:00-04:00,11.9552001953125,12.0,11.912199974060059,11.984999656677246,6765900.0
2024-05-10 12:30:00-04:00,11.98009967803955,12.010000228881836,11.970000267028809,11.989999771118164,3126760.0
2024-05-10 13:30:00-04:00,11.990699768066406,12.010000228881836,11.970000267028809,11.979999542236328,3776995.0
2024-05-10 14:30:00-04:00,11.98009967803955,12.010000228881836,11.970000267028809,12.0,3183846.0
2024-05-10 15:30:00-04:00,12.005000114440918,12.010000228881836,11.970000267028809,12.0,7586937.0
2024-05-10 16:00:00-04:00,12.0,12.0,11.97,11.9898,0.0
2024-05-10 17:00:00-04:00,11.98,12.0,11.98,11.995,0.0
2024-05-10 18:00:00-04:00,12.0,12.0,11.99,12.0,0.0
2024-05-10 19:00:00-04:00,12.0,12.0,11.99,12.0,0.0
2024-05-13 04:00:00-04:00,12.0,12.06,12.0,12.02,0.0
2024-05-13 05:00:00-04:00,12.02,12.04,12.01,12.04,0.0
2024-05-13 06:00:00-04:00,12.04,12.04,12.02,12.02,0.0
2024-05-13 07:00:00-04:00,12.03,12.03,12.01,12.02,0.0
2024-05-13 08:00:00-04:00,12.01,12.04,12.0,12.02,0.0
2024-05-13 09:00:00-04:00,12.02,12.07,12.01,12.04,0.0
2024-05-13 09:30:00-04:00,12.050000190734863,12.40999984741211,12.050000190734863,12.380000114440918,16756640.0
2024-05-13 10:30:00-04:00,12.380000114440918,12.430000305175781,12.369999885559082,12.385000228881836,6667476.0
2024-05-13 11:30:00-04:00,12.370100021362305,12.449999809265137,12.324999809265137,12.395000457763672,11018717.0
2024-05-13 12:30:00-04:00,12.395000457763672,12.399999618530273,12.300000190734863,12.34000015258789,6814949.0
2024-05-13 13:30:00-04:00,12.335000038146973,12.385000228881836,12.319999694824219,12.34469985961914,4998930.0
2024-05-13 14:30:00-04:00,12.345000267028809,12.350000381469727,12.319999694824219,12.350000381469727,3587838.0
2024-05-13 15:30:00-04:00,12.345000267028809,12.380000114440918,12.300000190734863,12.329999923706055,5952002.0
2024-05-13 16:00:00-04:00,12.3,12.35,12.3,12.32,0.0
2024-05-13 17:00:00-04:00,12.32,12.34,12.31,12.3199,0.0
2024-05-13 18:00:00-04:00,12.315,12.33,12.31,12.33,0.0
2024-05-13 19:00:00-04:00,12.32,12.33,12.31,12.31,0.0
2024-05-14 04:00:00-04:00,12.31,12.34,12.29,12.33,0.0
2024-05-14 05:00:00-04:00,12.33,12.36,12.33,12.33,0.0
2024-05-14 06:00:00-04:00,12.33,12.45,12.32,12.41,0.0
2024-05-14 07:00:00-04:00,12.41,12.45,12.36,12.37,0.0
2024-05-14 08:00:00-04:00,12.35,12.45,12.3,12.33,0.0
2024-05-14 09:00:00-04:00,12.32,12.38,12.22,12.37,0.0
2024-05-14 09:30:00-04:00,12.4399995803833,12.640000343322754,12.420000076293945,12.5,11353192.0
2024-05-14 10:30:00-04:00,12.501999855041504,12.550000190734863,12.420000076293945,12.520000457763672,6288399.0
2024-05-14 11:30:00-04:00,12.520000457763672,12.52750015258789,12.470000267028809,12.470100402832031,3154830.0
2024-05-14 12:30:00-04:00,12.470000267028809,12.479999542236328,12.375,12.395000457763672,4691543.0
2024-05-14 13:30:00-04:00,12.395000457763672,12.420000076293945,12.359999656677246,12.404999732971191,3028495.0
2024-05-14 14:30:00-04:00,12.404999732971191,12.449999809265137,12.399999618530273,12.4350004196167,3934043.0
2024-05-14 15:30:00-04:00,12.4350004196167,12.460000038146973,12.414999961853027,12.4399995803833,4576647.0
2024-05-14 16:00:00-04:00,12.42,12.45,12.095,12.4402,0.0
2024-05-14 17:00:00-04:00,12.44,12.47,12.44,12.46,0.0
2024-05-14 18:00:00-04:00,12.4407,12.48,12.44,12.46,0.0
2024-05-14 19:00:00-04:00,12.4602,12.47,12.45,12.46,0.0
2024-05-15 04:00:00-04:00,12.47,12.53,12.47,12.53,0.0
2024-05-15 05:00:00-04:00,12.51,12.53,12.5,12.51,0.0
2024-05-15 06:00:00-04:00,12.5,12.52,12.5,12.5,0.0
2024-05-15 07:00:00-04:00,12.5,12.5,12.47,12.47,0.0
2024-05-15 08:00:00-04:00,12.47,12.52,12.44,12.46,0.0
2024-05-15 09:00:00-04:00,12.47,12.58,12.46,12.56,0.0
2024-05-15 09:30:00-04:00,12.489999771118164,12.5600004196167,12.180000305175781,12.1850004196167,9840341.0
2024-05-15 10:30:00-04:00,12.180000305175781,12.28499984741211,12.180000305175781,12.25,10042082.0
2024-05-15 11:30:00-04:00,12.25,12.279999732971191,12.229999542236328,12.255000114440918,4149742.0
2024-05-15 12:30:00-04:00,12.255000114440918,12.295000076293945,12.239999771118164,12.273200035095215,3361249.0
2024-05-15 13:30:00-04:00,12.279899597167969,12.279999732971191,12.220000267028809,12.239999771118164,5528457.0
2024-05-15 14:30:00-04:00,12.239899635314941,12.276000022888184,12.210000038146973,12.274999618530273,4821378.0
2024-05-15 15:30:00-04:00,12.274999618530273,12.335000038146973,12.260000228881836,12.3100004196167,9990391.0
2024-05-15 16:00:00-04:00,12.31,12.33,12.28,12.315,0.0
2024-05-15 17:00:00-04:00,12.32,12.32,12.31,12.32,0.0
2024-05-15 18:00:00-04:00,12.32,12.32,12.3,12.31,0.0
2024-05-15 19:00:00-04:00,12.31,12.32,12.3,12.31,0.0
2024-05-16 04:00:00-04:00,12.31,12.31,12.3,12.3,0.0
2024-05-16 05:00:00-04:00,12.31,12.31,12.3,12.31,0.0
2024-05-16 06:00:00-04:00,12.3,12.32,12.3,12.31,0.0
2024-05-16 07:00:00-04:00,12.3,12.34,12.3,12.31,0.0
2024-05-16 08:00:00-04:00,12.31,12.35,11.99,12.325,0.0
2024-05-16 09:00:00-04:00,12.33,12.34,12.29,12.295,0.0
2024-05-16 09:30:00-04:00,12.270000457763672,12.359999656677246,12.260000228881836,12.354999542236328,6039144.0
2024-05-16 10:30:00-04:00,12.354999542236328,12.40999984741211,12.319999694824219,12.395000457763672,5992403.0
2024-05-16 11:30:00-04:00,12.395000457763672,12.470000267028809,12.380000114440918,12.44320011138916,5991911.0
2024-05-16 12:30:00-04:00,12.444999694824219,12.479999542236328,12.420000076293945,12.4350004196167,4445932.0
2024-05-16 13:30:00-04:00,12.4399995803833,12.449999809265137,12.40999984741211,12.425000190734863,3083939.0
2024-05-16 14:30:00-04:00,12.430000305175781,12.454999923706055,12.40999984741211,12.40999984741211,4440013.0
2024-05-16 15:30:00-04:00,12.414999961853027,12.4399995803833,12.369999885559082,12.380000114440918,6932273.0
2024-05-16 16:00:00-04:00,12.38,12.39,12.32,12.325,0.0
2024-05-16 17:00:00-04:00,12.3299,12.38,12.29,12.37,0.0
2024-05-16 18:00:00-04:00,12.35,12.38,12.35,12.37,0.0
2024-05-16 19:00:00-04:00,12.37,12.37,12.35,12.355,0.0
2024-05-17 04:00:00-04:00,12.36,12.39,12.36,12.37,0.0
2024-05-17 05:00:00-04:00,12.37,12.37,12.36,12.37,0.0
2024-05-17 06:00:00-04:00,12.38,12.39,12.37,12.38,0.0
2024-05-17 07:00:00-04:00,12.38,12.4,12.37,12.39,0.0
2024-05-17 08:00:00-04:00,12.4,12.41,12.3624,12.38,0.0
2024-05-17 09:00:00-04:00,12.38,12.4,12.35,12.36,0.0
2024-05-17 09:30:00-04:00,12.369999885559082,12.380000114440918,12.260000228881836,12.3149995803833,4301209.0
2024-05-17 10:30:00-04:00,12.310400009155273,12.319999694824219,12.279999732971191,12.3149995803833,2381202.0
2024-05-17 11:30:00-04:00,12.319999694824219,12.34000015258789,12.300000190734863,12.324999809265137,1987650.0
2024-05-17 12:30:00-04:00,12.324999809265137,12.350000381469727,12.3100004196167,12.3149995803833,2439812.0
2024-05-17 13:30:00-04:00,12.319999694824219,12.319999694824219,12.260000228881836,12.270000457763672,2558913.0
2024-05-17 14:30:00-04:00,12.279999732971191,12.289999961853027,12.270000457763672,12.279999732971191,2369485.0
2024-05-17 15:30:00-04:00,12.274999618530273,12.279999732971191,12.25,12.279999732971191,4479006.0
2024-05-17 16:00:00-04:00,12.28,12.3,12.26,12.2902,0.0
2024-05-17 17:00:00-04:00,12.3,12.3,12.27,12.275,0.0
2024-05-17 18:00:00-04:00,12.27,12.28,12.27,12.28,0.0
2024-05-17 19:00:00-04:00,12.2797,12.29,12.27,12.28,0.0
2024-05-20 04:00:00-04:00,12.28,12.36,12.27,12.28,0.0
2024-05-20 05:00:00-04:00,12.27,12.29,12.27,12.28,0.0
2024-05-20 06:00:00-04:00,12.27,12.29,12.27,12.28,0.0
2024-05-20 07:00:00-04:00,12.28,12.3,12.28,12.29,0.0
2024-05-20 08:00:00-04:00,12.29,12.3,12.27,12.2999,0.0
2024-05-20 09:00:00-04:00,12.2998,12.3,12.27,12.28,0.0
2024-05-20 09:30:00-04:00,12.305000305175781,12.329999923706055,12.239999771118164,12.265000343322754,5498280.0
2024-05-20 10:30:00-04:00,12.265000343322754,12.289999961853027,12.239999771118164,12.25,3731275.0
2024-05-20 11:30:00-04:00,12.244999885559082,12.265000343322754,12.220000267028809,12.229999542236328,2706022.0
2024-05-20 12:30:00-04:00,12.229999542236328,12.239999771118164,12.180000305175781,12.1899995803833,3217450.0
2024-05-20 13:30:00-04:00,12.194999694824219,12.20989990234375,12.149999618530273,12.1850004196167,2807858.0
2024-05-20 14:30:00-04:00,12.1850004196167,12.199999809265137,12.180000305175781,12.1850004196167,1882960.0
2024-05-20 15:30:00-04:00,12.1850004196167,12.1899995803833,12.140000343322754,12.154999732971191,4547909.0
2024-05-20 16:00:00-04:00,12.16,12.19,12.15,12.18,0.0
2024-05-20 17:00:00-04:00,12.17,12.18,12.15,12.17,0.0
2024-05-20 18:00:00-04:00,12.18,12.18,12.15,12.18,0.0
2024-05-20 19:00:00-04:00,12.1702,12.18,12.16,12.165,0.0
2024-05-21 04:00:00-04:00,12.16,12.185,12.16,12.18,0.0
2024-05-21 05:00:00-04:00,12.18,12.19,12.16,12.19,0.0
2024-05-21 06:00:00-04:00,12.18,12.18,12.16,12.17,0.0
2024-05-21 07:00:00-04:00,12.18,12.18,12.16,12.17,0.0
2024-05-21 08:00:00-04:00,12.17,12.21,12.16,12.1799,0.0
2024-05-21 09:00:00-04:00,12.17,12.18,12.13,12.14,0.0
2024-05-21 09:30:00-04:00,12.15999984741211,12.20300006866455,12.029999732971191,12.055000305175781,6803779.0
2024-05-21 10:30:00-04:00,12.055000305175781,12.130000114440918,12.050000190734863,12.130000114440918,4374606.0
2024-05-21 11:30:00-04:00,12.119999885559082,12.130000114440918,12.079999923706055,12.095000267028809,3077429.0
2024-05-21 12:30:00-04:00,12.099900245666504,12.119999885559082,12.079999923706055,12.100099563598633,2462716.0
2024-05-21 13:30:00-04:00,12.104999542236328,12.170000076293945,12.100000381469727,12.145000457763672,2910060.0
2024-05-21 14:30:00-04:00,12.149999618530273,12.15999984741211,12.119999885559082,12.129899978637695,4092192.0
2024-05-21 15:30:00-04:00,12.125,12.15999984741211,12.109999656677246,12.149999618530273,4516204.0
2024-05-21 16:00:00-04:00,12.155,12.155,12.14,12.1499,0.0
2024-05-21 17:00:00-04:00,12.14,12.15,12.13,12.14,0.0
2024-05-21 18:00:00-04:00,12.1492,12.15,12.12,12.1499,0.0
2024-05-21 19:00:00-04:00,12.1401,12.15,12.13,12.145,0.0
2024-05-22 04:00:00-04:00,12.15,12.15,12.09,12.11,0.0
2024-05-22 05:00:00-04:00,12.1,12.11,12.08,12.09,0.0
2024-05-22 06:00:00-04:00,12.11,12.12,12.07,12.1,0.0
2024-05-22 07:00:00-04:00,12.11,12.17,12.1,12.12,0.0
2024-05-22 08:00:00-04:00,12.13,12.17,12.09,12.0997,0.0
2024-05-22 09:00:00-04:00,12.1,12.15,12.08,12.095,0.0
2024-05-22 09:30:00-04:00,12.0600004196167,12.079999923706055,11.989999771118164,11.999699592590332,7109973.0
2024-05-22 10:30:00-04:00,12.0,12.069999694824219,11.970000267028809,12.0600004196167,7901775.0
2024-05-22 11:30:00-04:00,12.055000305175781,12.069999694824219,12.029999732971191,12.0600004196167,3168486.0
2024-05-22 12:30:00-04:00,12.0649995803833,12.069999694824219,12.039999961853027,12.045000076293945,1737613.0
2024-05-22 13:30:00-04:00,12.039999961853027,12.0600004196167,11.989999771118164,11.992300033569336,2897949.0
2024-05-22 14:30:00-04:00,11.989999771118164,12.020000457763672,11.979999542236328,12.015000343322754,3237839.0
2024-05-22 15:30:00-04:00,12.020000457763672,12.050000190734863,12.0,12.029999732971191,4184832.0
2024-05-22 16:00:00-04:00,12.0394,12.08,12.01,12.045,0.0
2024-05-22 17:00:00-04:00,12.05,12.06,12.04,12.04,0.0
2024-05-22 18:00:00-04:00,12.06,12.07,12.04,12.05,0.0
2024-05-22 19:00:00-04:00,12.06,12.07,12.03,12.035,0.0
2024-05-23 04:00:00-04:00,12.04,12.1,12.04,12.09,0.0
2024-05-23 05:00:00-04:00,12.07,12.11,12.06,12.09,0.0
2024-05-23 06:00:00-04:00,12.08,12.12,12.08,12.11,0.0
2024-05-23 07:00:00-04:00,12.1,12.14,12.1,12.1,0.0
2024-05-23 08:00:00-04:00,12.11,12.14,12.07,12.115,0.0
2024-05-23 09:00:00-04:00,12.11,12.12,12.09,12.11,0.0
2024-05-23 09:30:00-04:00,12.100000381469727,12.170000076293945,12.010000228881836,12.104999542236328,8480446.0
2024-05-23 10:30:00-04:00,12.109999656677246,12.15999984741211,12.069999694824219,12.079999923706055,4910295.0
2024-05-23 11:30:00-04:00,12.085000038146973,12.199999809265137,12.079999923706055,12.199999809265137,5111254.0
2024-05-23 12:30:00-04:00,12.199999809265137,12.220000267028809,12.140000343322754,12.164999961853027,4832683.0
2024-05-23 13:30:00-04:00,12.15999984741211,12.170000076293945,12.069999694824219,12.090200424194336,4055632.0
2024-05-23 14:30:00-04:00,12.09000015258789,12.109999656677246,12.029999732971191,12.043499946594238,4740706.0
2024-05-23 15:30:00-04:00,12.045000076293945,12.109999656677246,12.039999961853027,12.109999656677246,4946346.0
2024-05-23 16:00:00-04:00,12.14,12.14,12.09,12.11,0.0
2024-05-23 17:00:00-04:00,12.1099,12.11,12.08,12.1,0.0
2024-05-23 18:00:00-04:00,12.1,12.11,12.09,12.0998,0.0
2024-05-23 19:00:00-04:00,12.1,12.13,12.1,12.1297,0.0
2024-05-24 04:00:00-04:00,12.15,12.17,12.03,12.13,0.0
2024-05-24 05:00:00-04:00,12.12,12.14,12.07,12.12,0.0
2024-05-24 06:00:00-04:00,12.12,12.14,12.09,12.13,0.0
2024-05-24 07:00:00-04:00,12.13,12.14,12.12,12.13,0.0
2024-05-24 08:00:00-04:00,12.13,12.17,12.11,12.13,0.0
2024-05-24 09:00:00-04:00,12.13,13.555,12.12,12.1597,0.0
2024-05-24 09:30:00-04:00,12.15999984741211,12.270000457763672,12.039999961853027,12.119999885559082,7312695.0
2024-05-24 10:30:00-04:00,12.119999885559082,12.119999885559082,12.055000305175781,12.085000038146973,4546561.0
2024-05-24 11:30:00-04:00,12.09000015258789,12.170000076293945,12.079999923706055,12.14780044555664,5217384.0
2024-05-24 12:30:00-04:00,12.149999618530273,12.149999618530273,12.079999923706055,12.095000267028809,2623930.0
2024-05-24 13:30:00-04:00,12.09000015258789,12.140000343322754,12.09000015258789,12.109999656677246,2894157.0
2024-05-24 14:30:00-04:00,12.114999771118164,12.140000343322754,12.100000381469727,12.135000228881836,2838090.0
2024-05-24 15:30:00-04:00,12.135000228881836,12.170000076293945,12.119999885559082,12.15999984741211,6335457.0
2024-05-24 16:00:00-04:00,12.15,12.17,12.05,12.121,0.0
2024-05-24 17:00:00-04:00,12.12,12.15,12.12,12.145,0.0
2024-05-24 18:00:00-04:00,12.14,12.15,12.14,12.145,0.0
2024-05-24 19:00:00-04:00,12.14,12.15,12.13,12.14,0.0
2024-05-28 04:00:00-04:00,12.13,12.19,12.13,12.15,0.0
2024-05-28 05:00:00-04:00,12.15,12.17,12.15,12.17,0.0
2024-05-28 06:00:00-04:00,12.17,12.19,12.16,12.19,0.0
2024-05-28 07:00:00-04:00,12.19,12.2,12.16,12.19,0.0
2024-05-28 08:00:00-04:00,12.19,12.2,12.13,12.165,0.0
2024-05-28 09:00:00-04:00,12.16,12.17,12.14,12.15,0.0
2024-05-28 09:30:00-04:00,12.109999656677246,12.130000114440918,11.829999923706055,11.854999542236328,14533202.0
2024-05-28 10:30:00-04:00,11.859700202941895,11.899999618530273,11.829999923706055,11.895000457763672,6017025.0
2024-05-28 11:30:00-04:00,11.899999618530273,11.899999618530273,11.869999885559082,11.872400283813477,3350188.0
2024-05-28 12:30:00-04:00,11.869999885559082,11.880000114440918,11.800000190734863,11.800000190734863,5571591.0
2024-05-28 13:30:00-04:00,11.805000305175781,11.819999694824219,11.710000038146973,11.71500015258789,6206652.0
2024-05-28 14:30:00-04:00,11.714900016784668,11.720000267028809,11.680000305175781,11.680000305175781,6982812.0
2024-05-28 15:30:00-04:00,11.680000305175781,11.699999809265137,11.65999984741211,11.680000305175781,10246475.0
2024-05-28 16:00:00-04:00,11.685,11.79,11.6574,11.73,0.0
2024-05-28 17:00:00-04:00,11.7016,11.73,11.68,11.715,0.0
2024-05-28 18:00:00-04:00,11.715,11.73,11.7,11.7194,0.0
2024-05-28 19:00:00-04:00,11.72,11.73,11.7,11.72,0.0
2024-05-29 04:00:00-04:00,11.74,11.74,11.61,11.64,0.0
2024-05-29 05:00:00-04:00,11.62,11.65,11.62,11.64,0.0
2024-05-29 06:00:00-04:00,11.62,11.67,11.61,11.64,0.0
2024-05-29 07:00:00-04:00,11.64,11.74,11.58,11.58,0.0
2024-05-29 08:00:00-04:00,11.58,11.75,11.58,11.59,0.0
2024-05-29 09:00:00-04:00,11.59,12.105,11.57,11.57,0.0
2024-05-29 09:30:00-04:00,11.569999694824219,11.649999618530273,11.5,11.629300117492676,8221589.0
2024-05-29 10:30:00-04:00,11.630000114440918,11.649999618530273,11.579999923706055,11.609999656677246,5889689.0
2024-05-29 11:30:00-04:00,11.609999656677246,11.609999656677246,11.529999732971191,11.574999809265137,4398671.0
2024-05-29 12:30:00-04:00,11.574999809265137,11.604999542236328,11.550000190734863,11.563400268554688,3881751.0
2024-05-29 13:30:00-04:00,11.5649995803833,11.600000381469727,11.539999961853027,11.5649995803833,2798450.0
2024-05-29 14:30:00-04:00,11.5649995803833,11.569999694824219,11.510000228881836,11.539999961853027,3330437.0
2024-05-29 15:30:00-04:00,11.529999732971191,11.574999809265137,11.510000228881836,11.5649995803833,7662458.0
2024-05-29 16:00:00-04:00,11.57,12.19,11.52,11.56,0.0
2024-05-29 17:00:00-04:00,11.5503,11.5793,11.55,11.5599,0.0
2024-05-29 18:00:00-04:00,11.5501,11.57,11.54,11.5498,0.0
2024-05-29 19:00:00-04:00,11.55,11.56,11.52,11.53,0.0
2024-05-30 04:00:00-04:00,11.56,11.58,11.55,11.55,0.0
2024-05-30 05:00:00-04:00,11.55,11.59,11.55,11.58,0.0
2024-05-30 06:00:00-04:00,11.59,11.59,11.54,11.55,0.0
2024-05-30 07:00:00-04:00,11.57,11.58,11.55,11.57,0.0
2024-05-30 08:00:00-04:00,11.56,11.58,11.53,11.57,0.0
2024-05-30 09:00:00-04:00,11.56,11.6,11.525,11.595,0.0
2024-05-30 09:30:00-04:00,11.579999923706055,11.729999542236328,11.479999542236328,11.699999809265137,8834233.0
2024-05-30 10:30:00-04:00,11.699999809265137,11.739999771118164,11.65999984741211,11.670000076293945,6695842.0
2024-05-30 11:30:00-04:00,11.664999961853027,11.6899995803833,11.630000114440918,11.670000076293945,5065425.0
2024-05-30 12:30:00-04:00,11.675000190734863,11.75,11.65999984741211,11.720000267028809,4429575.0
2024-05-30 13:30:00-04:00,11.725000381469727,11.739999771118164,11.680000305175781,11.710000038146973,2926981.0
2024-05-30 14:30:00-04:00,11.720000267028809,11.75,11.699999809265137,11.710000038146973,4045847.0
2024-05-30 15:30:00-04:00,11.720000267028809,11.779999732971191,11.710000038146973,11.779999732971191,5788470.0
2024-05-30 16:00:00-04:00,11.78,11.78,11.71,11.7402,0.0
2024-05-30 17:00:00-04:00,11.74,11.77,11.73,11.75,0.0
2024-05-30 18:00:00-04:00,11.77,11.77,11.73,11.75,0.0
2024-05-30 19:00:00-04:00,11.74,11.75,11.73,11.74,0.0
2024-05-31 04:00:00-04:00,11.73,11.75,11.71,11.71,0.0
2024-05-31 05:00:00-04:00,11.74,11.75,11.7,11.74,0.0
2024-05-31 06:00:00-04:00,11.71,11.75,11.71,11.75,0.0
2024-05-31 07:00:00-04:00,11.75,11.75,11.72,11.74,0.0
2024-05-31 08:00:00-04:00,11.74,11.79,11.7,11.735,0.0
2024-05-31 09:00:00-04:00,11.735,11.83,11.54,11.8,0.0
2024-05-31 09:30:00-04:00,11.770000457763672,11.920000076293945,11.65999984741211,11.88010025024414,7924432.0
2024-05-31 10:30:00-04:00,11.885000228881836,11.979999542236328,11.869999885559082,11.95009994506836,7114529.0
2024-05-31 11:30:00-04:00,11.954999923706055,11.970000267028809,11.930000305175781,11.954999923706055,3514683.0
2024-05-31 12:30:00-04:00,11.954999923706055,12.0,11.9399995803833,11.989999771118164,3977741.0
2024-05-31 13:30:00-04:00,12.0,12.069999694824219,11.989999771118164,12.045000076293945,5049585.0
2024-05-31 14:30:00-04:00,12.039999961853027,12.119999885559082,12.039999961853027,12.104999542236328,6361795.0
2024-05-31 15:30:00-04:00,12.104999542236328,12.149999618530273,12.09000015258789,12.140000343322754,11215599.0
2024-05-31 16:00:00-04:00,12.145,12.15,12.07,12.11,0.0
2024-05-31 17:00:00-04:00,12.1198,12.13,12.1,12.125,0.0
2024-05-31 18:00:00-04:00,12.1202,12.13,12.1,12.11,0.0
2024-05-31 19:00:00-04:00,12.1,12.13,12.09,12.12,0.0
2024-06-03 04:00:00-04:00,12.0,12.17,12.0,12.17,0.0
2024-06-03 05:00:00-04:00,12.18,12.18,12.13,12.13,0.0
2024-06-03 06:00:00-04:00,12.15,12.16,12.13,12.14,0.0
2024-06-03 07:00:00-04:00,12.14,12.16,12.11,12.16,0.0
2024-06-03 08:00:00-04:00,12.16,12.2,12.1,12.19,0.0
2024-06-03 09:00:00-04:00,12.19,12.23,12.13,12.19,0.0
2024-06-03 09:30:00-04:00,12.25,12.319999694824219,12.104999542236328,12.140000343322754,11932699.0
2024-06-03 10:30:00-04:00,12.140000343322754,12.180000305175781,12.0600004196167,12.154999732971191,7061358.0
2024-06-03 11:30:00-04:00,12.154999732971191,12.15999984741211,12.029999732971191,12.045000076293945,6740554.0
2024-06-03 12:30:00-04:00,12.039999961853027,12.140000343322754,12.020000457763672,12.125,5148809.0
2024-06-03 13:30:00-04:00,12.125,12.220000267028809,12.119999885559082,12.210000038146973,4443711.0
2024-06-03 14:30:00-04:00,12.21500015258789,12.279999732971191,12.1899995803833,12.229999542236328,6236602.0
2024-06-03 15:30:00-04:00,12.239999771118164,12.279999732971191,12.15999984741211,12.1899995803833,7852909.0
2024-06-03 16:00:00-04:00,12.19,12.2077,12.17,12.185,0.0
2024-06-03 17:00:00-04:00,12.18,12.19,12.16,12.185,0.0
2024-06-03 18:00:00-04:00,12.18,12.19,12.17,12.1798,0.0
2024-06-03 19:00:00-04:00,12.18,12.19,12.17,12.17,0.0
2024-06-04 04:00:00-04:00,12.19,12.2,12.14,12.15,0.0
2024-06-04 05:00:00-04:00,12.14,12.16,12.12,12.12,0.0
2024-06-04 06:00:00-04:00,12.12,12.14,12.11,12.13,0.0
2024-06-04 07:00:00-04:00,12.13,12.15,12.12,12.13,0.0
2024-06-04 08:00:00-04:00,12.14,12.21,12.11,12.14,0.0
2024-06-04 09:00:00-04:00,12.14,12.17,12.12,12.1495,0.0
2024-06-04 09:30:00-04:00,12.079999923706055,12.130000114440918,12.020000457763672,12.109999656677246,6800517.0
2024-06-04 10:30:00-04:00,12.104999542236328,12.119999885559082,12.039999961853027,12.039999961853027,5639902.0
2024-06-04 11:30:00-04:00,12.045000076293945,12.050000190734863,11.979999542236328,12.010000228881836,6327284.0
2024-06-04 12:30:00-04:00,12.010299682617188,12.010299682617188,11.960000038146973,11.999799728393555,4654020.0
2024-06-04 13:30:00-04:00,11.995800018310547,12.020000457763672,11.960000038146973,12.010000228881836,4154103.0
2024-06-04 14:30:00-04:00,12.009699821472168,12.020000457763672,11.970000267028809,11.984999656677246,4035540.0
2024-06-04 15:30:00-04:00,11.984999656677246,12.029999732971191,11.970000267028809,12.024999618530273,6376735.0
2024-06-04 16:00:00-04:00,12.03,12.135,11.99,12.0399,0.0
2024-06-04 17:00:00-04:00,12.04,12.155,12.03,12.05,0.0
2024-06-04 18:00:00-04:00,12.03,12.05,12.03,12.04,0.0
2024-06-04 19:00:00-04:00,12.04,12.05,12.03,12.05,0.0
2024-06-05 04:00:00-04:00,12.05,12.11,12.03,12.06,0.0
2024-06-05 05:00:00-04:00,12.06,12.1,12.06,12.1,0.0
2024-06-05 06:00:00-04:00,12.09,12.13,12.06,12.11,0.0
2024-06-05 07:00:00-04:00,12.11,12.13,12.03,12.05,0.0
2024-06-05 08:00:00-04:00,12.06,12.13,12.03,12.06,0.0
2024-06-05 09:00:00-04:00,12.055,12.09,12.05,12.07,0.0
2024-06-05 09:30:00-04:00,12.050000190734863,12.069999694824219,11.819999694824219,11.835000038146973,8614542.0
2024-06-05 10:30:00-04:00,11.829999923706055,11.885000228881836,11.829999923706055,11.864999771118164,5021203.0
2024-06-05 11:30:00-04:00,11.864999771118164,12.010000228881836,11.859999656677246,11.984999656677246,7375378.0
2024-06-05 12:30:00-04:00,11.979999542236328,12.020000457763672,11.960000038146973,11.984999656677246,4921271.0
2024-06-05 13:30:00-04:00,11.984999656677246,12.020000457763672,11.970000267028809,12.005000114440918,3398900.0
2024-06-05 14:30:00-04:00,12.005000114440918,12.0600004196167,12.0,12.055000305175781,4733787.0
2024-06-05 15:30:00-04:00,12.055000305175781,12.119999885559082,12.050000190734863,12.074999809265137,6901759.0
2024-06-05 16:00:00-04:00,12.075,12.1,12.03,12.04,0.0
2024-06-05 17:00:00-04:00,12.04,12.05,12.04,12.0499,0.0
2024-06-05 18:00:00-04:00,12.05,12.05,12.04,12.0497,0.0
2024-06-05 19:00:00-04:00,12.05,12.06,12.04,12.06,0.0
2024-06-06 04:00:00-04:00,12.06,12.07,12.04,12.05,0.0
2024-06-06 05:00:00-04:00,12.05,12.05,12.03,12.04,0.0
2024-06-06 06:00:00-04:00,12.05,12.05,12.03,12.04,0.0
2024-06-06 07:00:00-04:00,12.04,12.04,12.03,12.03,0.0
2024-06-06 08:00:00-04:00,12.03,12.12,12.0,12.01,0.0
2024-06-06 09:00:00-04:00,12.02,12.04,11.99,11.99,0.0
2024-06-06 09:30:00-04:00,11.979999542236328,12.100000381469727,11.960000038146973,12.010000228881836,6219210.0
2024-06-06 10:30:00-04:00,12.010000228881836,12.029999732971191,11.970000267028809,12.029999732971191,4175394.0
2024-06-06 11:30:00-04:00,12.024999618530273,12.050000190734863,12.010000228881836,12.039899826049805,3395952.0
2024-06-06 12:30:00-04:00,12.03499984741211,12.069999694824219,12.024999618530273,12.0649995803833,2093140.0
2024-06-06 13:30:00-04:00,12.069999694824219,12.069999694824219,12.0,12.024999618530273,2327545.0
2024-06-06 14:30:00-04:00,12.024999618530273,12.079999923706055,12.020000457763672,12.070099830627441,3515429.0
2024-06-06 15:30:00-04:00,12.079999923706055,12.079999923706055,12.039999961853027,12.074999809265137,4014418.0
2024-06-06 16:00:00-04:00,12.06,12.07,12.0,12.065,0.0
2024-06-06 17:00:00-04:00,12.065,12.07,12.05,12.0502,0.0
2024-06-06 18:00:00-04:00,12.0501,12.07,12.03,12.07,0.0
2024-06-06 19:00:00-04:00,12.06,12.07,12.03,12.04,0.0
2024-06-07 04:00:00-04:00,12.04,12.07,12.04,12.06,0.0
2024-06-07 05:00:00-04:00,12.06,12.07,12.06,12.07,0.0
2024-06-07 06:00:00-04:00,12.07,12.07,12.06,12.07,0.0
2024-06-07 07:00:00-04:00,12.06,12.07,12.04,12.05,0.0
2024-06-07 08:00:00-04:00,12.05,12.07,12.01,12.045,0.0
2024-06-07 09:00:00-04:00,12.05,12.06,11.95,11.985,0.0
2024-06-07 09:30:00-04:00,12.0,12.0600004196167,11.949999809265137,12.029999732971191,6771174.0
2024-06-07 10:30:00-04:00,12.029999732971191,12.079999923706055,12.005000114440918,12.024999618530273,4988618.0
2024-06-07 11:30:00-04:00,12.020099639892578,12.039999961853027,12.020000457763672,12.039999961853027,2151361.0
2024-06-07 12:30:00-04:00,12.039999961853027,12.069999694824219,12.029999732971191,12.0649995803833,2175168.0
2024-06-07 13:30:00-04:00,12.0649995803833,12.09000015258789,12.050000190734863,12.085000038146973,2296572.0
2024-06-07 14:30:00-04:00,12.085000038146973,12.130000114440918,12.079999923706055,12.130000114440918,3332881.0
2024-06-07 15:30:00-04:00,12.125,12.15999984741211,12.109999656677246,12.130000114440918,5131157.0
2024-06-07 16:00:00-04:00,12.15,12.22,12.12,12.14,0.0
2024-06-07 17:00:00-04:00,12.135,12.15,12.13,12.13,0.0
2024-06-07 18:00:00-04:00,12.14,12.14,12.12,12.125,0.0
2024-06-07 19:00:00-04:00,12.125,12.1398,12.12,12.1398,0.0
2024-06-10 04:00:00-04:00,12.14,12.15,12.12,12.12,0.0
2024-06-10 05:00:00-04:00,12.13,12.14,12.11,12.11,0.0
2024-06-10 06:00:00-04:00,12.12,12.12,12.11,12.11,0.0
2024-06-10 07:00:00-04:00,12.12,12.12,12.11,12.12,0.0
2024-06-10 08:00:00-04:00,12.12,12.15,12.1,12.125,0.0
2024-06-10 09:00:00-04:00,12.13,12.13,12.09,12.0997,0.0
2024-06-10 09:30:00-04:00,12.130000114440918,12.470000267028809,12.100000381469727,12.4350004196167,17722290.0
2024-06-10 10:30:00-04:00,12.4350004196167,12.449999809265137,12.3149995803833,12.425000190734863,8475004.0
2024-06-10 11:30:00-04:00,12.425000190734863,12.489999771118164,12.375,12.484999656677246,8412175.0
2024-06-10 12:30:00-04:00,12.48009967803955,12.5,12.395000457763672,12.449999809265137,5423066.0
2024-06-10 13:30:00-04:00,12.446800231933594,12.489999771118164,12.430000305175781,12.46500015258789,4660310.0
2024-06-10 14:30:00-04:00,12.460000038146973,12.5,12.460000038146973,12.484999656677246,5583099.0
2024-06-10 15:30:00-04:00,12.489999771118164,12.520000457763672,12.350000381469727,12.380000114440918,12848781.0
2024-06-10 16:00:00-04:00,12.38,12.44,12.35,12.37,0.0
2024-06-10 17:00:00-04:00,12.37,12.4,12.36,12.38,0.0
2024-06-10 18:00:00-04:00,12.37,12.39,12.37,12.38,0.0
2024-06-10 19:00:00-04:00,12.37,12.39,12.37,12.3701,0.0
2024-06-11 04:00:00-04:00,12.37,12.41,12.34,12.38,0.0
2024-06-11 05:00:00-04:00,12.38,12.38,12.33,12.33,0.0
2024-06-11 06:00:00-04:00,12.33,12.35,12.32,12.34,0.0
2024-06-11 07:00:00-04:00,12.34,12.35,12.33,12.35,0.0
2024-06-11 08:00:00-04:00,12.34,12.38,12.3,12.34,0.0
2024-06-11 09:00:00-04:00,12.34,12.35,12.3,12.32,0.0
2024-06-11 09:30:00-04:00,12.319999694824219,12.354999542236328,12.140000343322754,12.199999809265137,7708440.0
2024-06-11 10:30:00-04:00,12.204999923706055,12.260000228881836,12.199999809265137,12.220100402832031,4901041.0
2024-06-11 11:30:00-04:00,12.225000381469727,12.260000228881836,12.15999984741211,12.164999961853027,5714703.0
2024-06-11 12:30:00-04:00,12.164999961853027,12.1899995803833,12.140000343322754,12.145000457763672,4452919.0
2024-06-11 13:30:00-04:00,12.145000457763672,12.1899995803833,12.100000381469727,12.104999542236328,5369559.0
2024-06-11 14:30:00-04:00,12.109999656677246,12.130000114440918,12.079999923706055,12.085000038146973,5557249.0
2024-06-11 15:30:00-04:00,12.079999923706055,12.119999885559082,12.050000190734863,12.119999885559082,8251074.0
2024-06-11 16:00:00-04:00,12.11,12.13,12.09,12.12,0.0
2024-06-11 17:00:00-04:00,12.115,12.12,12.11,12.115,0.0
2024-06-11 18:00:00-04:00,12.12,12.12,12.09,12.09,0.0
2024-06-11 19:00:00-04:00,12.095,12.12,12.08,12.12,0.0
2024-06-12 04:00:00-04:00,12.12,12.13,12.11,12.13,0.0
2024-06-12 05:00:00-04:00,12.13,12.13,12.12,12.13,0.0
2024-06-12 06:00:00-04:00,12.13,12.13,12.12,12.13,0.0
2024-06-12 07:00:00-04:00,12.13,12.14,12.12,12.12,0.0
2024-06-12 08:00:00-04:00,12.12,12.15,12.11,12.14,0.0
2024-06-12 09:00:00-04:00,12.15,12.36,12.11,12.345,0.0
2024-06-12 09:30:00-04:00,12.279999732971191,12.369999885559082,12.180000305175781,12.239999771118164,11827785.0
2024-06-12 10:30:00-04:00,12.239999771118164,12.25,12.140000343322754,12.185999870300293,6045015.0
2024-06-12 11:30:00-04:00,12.1850004196167,12.210000038146973,12.100000381469727,12.100000381469727,4203158.0
2024-06-12 12:30:00-04:00,12.104999542236328,12.149999618530273,12.100000381469727,12.135000228881836,3118584.0
2024-06-12 13:30:00-04:00,12.135000228881836,12.15999984741211,12.069999694824219,12.149999618530273,5046478.0
2024-06-12 14:30:00-04:00,12.145000457763672,12.15999984741211,12.029999732971191,12.029999732971191,7230148.0
2024-06-12 15:30:00-04:00,12.03499984741211,12.109999656677246,12.029999732971191,12.09000015258789,9219104.0
2024-06-12 16:00:00-04:00,12.11,12.11,12.08,12.08,0.0
2024-06-12 17:00:00-04:00,12.08,12.1,12.08,12.095,0.0
2024-06-12 18:00:00-04:00,12.09,12.1,12.08,12.1,0.0
2024-06-12 19:00:00-04:00,12.1,12.1,12.08,12.09,0.0
2024-06-13 04:00:00-04:00,12.1,12.11,12.09,12.09,0.0
2024-06-13 05:00:00-04:00,12.09,12.12,12.09,12.12,0.0
2024-06-13 06:00:00-04:00,12.09,12.12,12.08,12.08,0.0
2024-06-13 07:00:00-04:00,12.08,12.08,12.06,12.07,0.0
2024-06-13 08:00:00-04:00,12.07,12.13,12.06,12.095,0.0
2024-06-13 09:00:00-04:00,12.1,12.14,12.1,12.115,0.0
2024-06-13 09:30:00-04:00,12.079999923706055,12.085000038146973,11.859999656677246,11.879199981689453,12226583.0
2024-06-13 10:30:00-04:00,11.875,11.90999984741211,11.850000381469727,11.901399612426758,7694924.0
2024-06-13 11:30:00-04:00,11.904500007629395,11.970000267028809,11.890000343322754,11.944999694824219,3250196.0
2024-06-13 12:30:00-04:00,11.944999694824219,11.960000038146973,11.920000076293945,11.9350004196167,3006600.0
2024-06-13 13:30:00-04:00,11.9350004196167,11.949999809265137,11.90999984741211,11.929900169372559,2658323.0
2024-06-13 14:30:00-04:00,11.925000190734863,11.979900360107422,11.920000076293945,11.951899528503418,2548810.0
2024-06-13 15:30:00-04:00,11.949999809265137,11.979999542236328,11.930000305175781,11.930000305175781,4139926.0
2024-06-13 16:00:00-04:00,11.94,11.97,11.93,11.95,0.0
2024-06-13 17:00:00-04:00,11.95,11.95,11.94,11.945,0.0
2024-06-13 18:00:00-04:00,11.95,11.95,11.94,11.94,0.0
2024-06-13 19:00:00-04:00,11.945,11.96,11.94,11.95,0.0
2024-06-14 04:00:00-04:00,11.95,11.95,11.88,11.88,0.0
2024-06-14 05:00:00-04:00,11.88,11.9,11.88,11.89,0.0
2024-06-14 06:00:00-04:00,11.89,11.89,11.85,11.86,0.0
2024-06-14 07:00:00-04:00,11.85,11.87,11.8,11.85,0.0
2024-06-14 08:00:00-04:00,11.85,11.95,11.8,11.85,0.0
2024-06-14 09:00:00-04:00,11.85,11.85,11.82,11.83,0.0
2024-06-14 09:30:00-04:00,11.800000190734863,11.829999923706055,11.579999923706055,11.599900245666504,15804659.0
2024-06-14 10:30:00-04:00,11.59000015258789,11.680000305175781,11.550000190734863,11.670000076293945,7927782.0
2024-06-14 11:30:00-04:00,11.664999961853027,11.6899995803833,11.609999656677246,11.654999732971191,5857763.0
2024-06-14 12:30:00-04:00,11.654999732971191,11.720000267028809,11.649999618530273,11.70300006866455,4013978.0
2024-06-14 13:30:00-04:00,11.703200340270996,11.710000038146973,11.649999618530273,11.659899711608887,3178191.0
2024-06-14 14:30:00-04:00,11.654999732971191,11.680000305175781,11.640000343322754,11.680000305175781,3434866.0
2024-06-14 15:30:00-04:00,11.675000190734863,11.720000267028809,11.65999984741211,11.71500015258789,5016459.0
2024-06-14 16:00:00-04:00,11.69,11.72,11.68,11.71,0.0
2024-06-14 17:00:00-04:00,11.7,11.71,11.7,11.705,0.0
2024-06-14 18:00:00-04:00,11.705,11.71,11.69,11.69,0.0
2024-06-14 19:00:00-04:00,11.7,11.7,11.68,11.7,0.0
2024-06-17 04:00:00-04:00,11.7,11.79,11.7,11.745,0.0
2024-06-17 05:00:00-04:00,11.74,11.74,11.71,11.72,0.0
2024-06-17 06:00:00-04:00,11.72,11.73,11.71,11.72,0.0
2024-06-17 07:00:00-04:00,11.72,11.72,11.68,11.69,0.0
2024-06-17 08:00:00-04:00,11.69,11.79,11.67,11.7,0.0
2024-06-17 09:00:00-04:00,11.69,11.775,11.67,11.68,0.0
2024-06-17 09:30:00-04:00,11.65999984741211,11.819999694824219,11.65999984741211,11.765000343322754,6127666.0
2024-06-17 10:30:00-04:00,11.765000343322754,11.800000190734863,11.760000228881836,11.795000076293945,3283041.0
2024-06-17 11:30:00-04:00,11.795000076293945,11.829999923706055,11.789999961853027,11.824999809265137,4389628.0
2024-06-17 12:30:00-04:00,11.829999923706055,11.829999923706055,11.779999732971191,11.8100004196167,2798402.0
2024-06-17 13:30:00-04:00,11.8100004196167,11.850000381469727,11.8100004196167,11.849900245666504,3461438.0
2024-06-17 14:30:00-04:00,11.845000267028809,11.869999885559082,11.824999809265137,11.864999771118164,3167940.0
2024-06-17 15:30:00-04:00,11.864999771118164,11.890000343322754,11.829999923706055,11.850000381469727,5789183.0
2024-06-17 16:00:00-04:00,11.85,11.9,11.84,11.86,0.0
2024-06-17 17:00:00-04:00,11.87,11.87,11.85,11.85,0.0
2024-06-17 18:00:00-04:00,11.86,11.86,11.85,11.85,0.0
2024-06-17 19:00:00-04:00,11.86,11.86,11.85,11.855,0.0
2024-06-18 04:00:00-04:00,11.81,11.85,11.8,11.8,0.0
2024-06-18 05:00:00-04:00,11.8,11.81,11.8,11.81,0.0
2024-06-18 06:00:00-04:00,11.81,11.81,11.8,11.81,0.0
2024-06-18 07:00:00-04:00,11.81,11.81,11.79,11.8,0.0
2024-06-18 08:00:00-04:00,11.79,11.85,11.79,11.81,0.0
2024-06-18 09:00:00-04:00,11.81,11.86,11.79,11.8,0.0
2024-06-18 09:30:00-04:00,11.8100004196167,11.9350004196167,11.800000190734863,11.809700012207031,7275608.0
2024-06-18 10:30:00-04:00,11.8100004196167,11.829999923706055,11.789999961853027,11.795000076293945,4557920.0
2024-06-18 11:30:00-04:00,11.789999961853027,11.84000015258789,11.789999961853027,11.824999809265137,2306940.0
2024-06-18 12:30:00-04:00,11.824999809265137,11.829999923706055,11.800000190734863,11.8100004196167,1931753.0
2024-06-18 13:30:00-04:00,11.8100004196167,11.829999923706055,11.800000190734863,11.8149995803833,1983954.0
2024-06-18 14:30:00-04:00,11.8149995803833,11.819999694824219,11.770000457763672,11.780200004577637,2204305.0
2024-06-18 15:30:00-04:00,11.78499984741211,11.8100004196167,11.770000457763672,11.78499984741211,3307079.0
2024-06-18 16:00:00-04:00,11.7967,11.81,11.77,11.79,0.0
2024-06-18 17:00:00-04:00,11.79,11.79,11.77,11.77,0.0
2024-06-18 18:00:00-04:00,11.78,11.8,11.77,11.8,0.0
2024-06-18 19:00:00-04:00,11.79,11.8,11.78,11.78,0.0
2024-06-20 04:00:00-04:00,11.78,11.85,11.75,11.78,0.0
2024-06-20 05:00:00-04:00,11.78,11.79,11.77,11.77,0.0
2024-06-20 06:00:00-04:00,11.77,11.79,11.77,11.78,0.0
2024-06-20 07:00:00-04:00,11.78,11.8,11.77,11.8,0.0
2024-06-20 08:00:00-04:00,11.79,12.175,11.7317,11.8,0.0
2024-06-20 09:00:00-04:00,11.795,11.8,11.75,11.75,0.0
2024-06-20 09:30:00-04:00,11.710000038146973,11.739999771118164,11.649999618530273,11.720000267028809,8241705.0
2024-06-20 10:30:00-04:00,11.710000038146973,11.739999771118164,11.6899995803833,11.710000038146973,4083149.0
2024-06-20 11:30:00-04:00,11.71500015258789,11.729999542236328,11.680000305175781,11.704999923706055,3120330.0
2024-06-20 12:30:00-04:00,11.704999923706055,11.779999732971191,11.699999809265137,11.770000457763672,3187003.0
2024-06-20 13:30:00-04:00,11.765000343322754,11.890000343322754,11.760000228881836,11.885000228881836,6520706.0
2024-06-20 14:30:00-04:00,11.885000228881836,11.970000267028809,11.880000114440918,11.9350004196167,8133712.0
2024-06-20 15:30:00-04:00,11.9399995803833,11.949999809265137,11.90999984741211,11.9399995803833,7322705.0
2024-06-20 16:00:00-04:00,11.94,11.94,11.86,11.92,0.0
2024-06-20 17:00:00-04:00,11.92,11.93,11.9,11.91,0.0
2024-06-20 18:00:00-04:00,11.9,11.91,11.9,11.9,0.0
2024-06-20 19:00:00-04:00,11.91,11.91,11.89,11.895,0.0
2024-06-21 04:00:00-04:00,11.9,11.92,11.9,11.91,0.0
2024-06-21 05:00:00-04:00,11.91,11.92,11.9,11.91,0.0
2024-06-21 06:00:00-04:00,11.9,11.91,11.9,11.9,0.0
2024-06-21 07:00:00-04:00,11.9,11.91,11.89,11.9,0.0
2024-06-21 08:00:00-04:00,11.89,12.155,11.88,11.89,0.0
2024-06-21 09:00:00-04:00,11.895,11.91,11.705,11.9098,0.0
2024-06-21 09:30:00-04:00,11.899999618530273,11.90999984741211,11.770000457763672,11.824999809265137,10115394.0
2024-06-21 10:30:00-04:00,11.824999809265137,11.850000381469727,11.770000457763672,11.795000076293945,6125488.0
2024-06-21 11:30:00-04:00,11.795000076293945,11.800000190734863,11.760000228881836,11.800000190734863,4888507.0
2024-06-21 12:30:00-04:00,11.795000076293945,11.84000015258789,11.789999961853027,11.819999694824219,2257637.0
2024-06-21 13:30:00-04:00,11.8149995803833,11.84000015258789,11.800000190734863,11.829999923706055,2686974.0
2024-06-21 14:30:00-04:00,11.824999809265137,11.84000015258789,11.8100004196167,11.819999694824219,2991888.0
2024-06-21 15:30:00-04:00,11.819899559020996,11.859999656677246,11.8100004196167,11.84000015258789,5494299.0
2024-06-21 16:00:00-04:00,11.84,11.87,11.83,11.86,0.0
2024-06-21 17:00:00-04:00,11.8503,11.86,11.84,11.86,0.0
2024-06-21 18:00:00-04:00,11.86,11.86,11.84,11.85,0.0
2024-06-21 19:00:00-04:00,11.84,11.85,11.84,11.8499,0.0
2024-06-24 04:00:00-04:00,11.84,11.89,11.84,11.88,0.0
2024-06-24 05:00:00-04:00,11.86,11.88,11.86,11.86,0.0
2024-06-24 06:00:00-04:00,11.86,11.89,11.86,11.86,0.0
2024-06-24 07:00:00-04:00,11.86,11.9,11.85,11.89,0.0
2024-06-24 08:00:00-04:00,11.88,11.9,11.81,11.89,0.0
2024-06-24 09:00:00-04:00,11.88,11.89,11.85,11.86,0.0
2024-06-24 09:30:00-04:00,11.930000305175781,12.220000267028809,11.920000076293945,12.114999771118164,14351756.0
2024-06-24 10:30:00-04:00,12.11870002746582,12.239999771118164,12.109999656677246,12.199999809265137,12329601.0
2024-06-24 11:30:00-04:00,12.204999923706055,12.25,12.190099716186523,12.21500015258789,7485681.0
2024-06-24 12:30:00-04:00,12.21500015258789,12.220000267028809,12.15999984741211,12.170000076293945,4113769.0
2024-06-24 13:30:00-04:00,12.164999961853027,12.220000267028809,12.15999984741211,12.21500015258789,2707201.0
2024-06-24 14:30:00-04:00,12.21500015258789,12.25,12.199999809265137,12.234999656677246,5496558.0
2024-06-24 15:30:00-04:00,12.239899635314941,12.25,12.220000267028809,12.229999542236328,6508217.0
2024-06-24 16:00:00-04:00,12.23,12.23,12.2,12.21,0.0
2024-06-24 17:00:00-04:00,12.2195,12.22,12.2,12.21,0.0
2024-06-24 18:00:00-04:00,12.21,12.23,12.2,12.2,0.0
2024-06-24 19:00:00-04:00,12.2,12.22,12.2,12.21,0.0
2024-06-25 04:00:00-04:00,12.21,12.23,12.21,12.23,0.0
2024-06-25 05:00:00-04:00,12.23,12.24,12.21,12.22,0.0
2024-06-25 06:00:00-04:00,12.22,12.22,12.2,12.2,0.0
2024-06-25 07:00:00-04:00,12.21,12.23,12.15,12.19,0.0
2024-06-25 08:00:00-04:00,12.19,12.31,12.12,12.22,0.0
2024-06-25 09:00:00-04:00,12.22,12.23,11.925,12.18,0.0
2024-06-25 09:30:00-04:00,12.170000076293945,12.210000038146973,12.0600004196167,12.170000076293945,8553120.0
2024-06-25 10:30:00-04:00,12.164999961853027,12.170000076293945,12.069999694824219,12.114999771118164,5493476.0
2024-06-25 11:30:00-04:00,12.114999771118164,12.149999618530273,12.069999694824219,12.085000038146973,4113055.0
2024-06-25 12:30:00-04:00,12.085000038146973,12.085000038146973,12.050000190734863,12.069899559020996,2541830.0
2024-06-25 13:30:00-04:00,12.069999694824219,12.079999923706055,12.029999732971191,12.039899826049805,3046408.0
2024-06-25 14:30:00-04:00,12.03499984741211,12.069999694824219,12.029999732971191,12.0649995803833,2135426.0
2024-06-25 15:30:00-04:00,12.0649995803833,12.09000015258789,12.045000076293945,12.09000015258789,5552364.0
2024-06-25 16:00:00-04:00,12.09,12.12,12.06,12.11,0.0
2024-06-25 17:00:00-04:00,12.11,12.12,12.09,12.105,0.0
2024-06-25 18:00:00-04:00,12.1,12.14,12.1,12.135,0.0
2024-06-25 19:00:00-04:00,12.13,12.14,12.1,12.125,0.0
2024-06-26 04:00:00-04:00,12.14,12.16,12.08,12.11,0.0
2024-06-26 05:00:00-04:00,12.13,12.13,12.1,12.13,0.0
2024-06-26 06:00:00-04:00,12.11,12.13,12.08,12.08,0.0
2024-06-26 07:00:00-04:00,12.1,12.1,12.07,12.08,0.0
2024-06-26 08:00:00-04:00,12.07,12.17,12.05,12.06,0.0
2024-06-26 09:00:00-04:00,12.055,12.06,12.0,12.015,0.0
2024-06-26 09:30:00-04:00,12.010000228881836,12.029999732971191,11.944999694824219,12.015000343322754,6775103.0
2024-06-26 10:30:00-04:00,12.015000343322754,12.09000015258789,11.949999809265137,11.96500015258789,7613201.0
2024-06-26 11:30:00-04:00,11.969900131225586,11.989999771118164,11.949999809265137,11.96500015258789,6319598.0
2024-06-26 12:30:00-04:00,11.96500015258789,12.010000228881836,11.949999809265137,12.0,2825315.0
2024-06-26 13:30:00-04:00,12.005000114440918,12.079999923706055,12.0,12.074999809265137,5742701.0
2024-06-26 14:30:00-04:00,12.074999809265137,12.079999923706055,12.045000076293945,12.079999923706055,3909526.0
2024-06-26 15:30:00-04:00,12.069999694824219,12.130000114440918,12.050000190734863,12.100000381469727,4730153.0
2024-06-26 16:00:00-04:00,12.07,12.11,12.07,12.1,0.0
2024-06-26 17:00:00-04:00,12.1,12.1,12.06,12.075,0.0
2024-06-26 18:00:00-04:00,12.06,12.1,12.06,12.08,0.0
2024-06-26 19:00:00-04:00,12.075,12.08,12.07,12.0702,0.0
2024-06-27 04:00:00-04:00,12.05,12.08,12.05,12.08,0.0
2024-06-27 05:00:00-04:00,12.08,12.08,12.07,12.07,0.0
2024-06-27 06:00:00-04:00,12.07,12.09,12.07,12.07,0.0
2024-06-27 07:00:00-04:00,12.07,12.1,12.07,12.08,0.0
2024-06-27 08:00:00-04:00,12.07,12.1,12.06,12.0702,0.0
2024-06-27 09:00:00-04:00,12.08,12.09,12.07,12.085,0.0
2024-06-27 09:30:00-04:00,12.079999923706055,12.220000267028809,12.045000076293945,12.180299758911133,8565510.0
2024-06-27 10:30:00-04:00,12.1850004196167,12.380000114440918,12.180000305175781,12.279899597167969,12604138.0
2024-06-27 11:30:00-04:00,12.270000457763672,12.319999694824219,12.210000038146973,12.289899826049805,6457338.0
2024-06-27 12:30:00-04:00,12.279999732971191,12.3100004196167,12.239999771118164,12.260000228881836,3848932.0
2024-06-27 13:30:00-04:00,12.270000457763672,12.300000190734863,12.229999542236328,12.229999542236328,2955063.0
2024-06-27 14:30:00-04:00,12.234999656677246,12.260000228881836,12.21500015258789,12.255000114440918,3704856.0
2024-06-27 15:30:00-04:00,12.255000114440918,12.270000457763672,12.210000038146973,12.239999771118164,6485978.0
2024-06-27 16:00:00-04:00,12.23,12.235,12.21,12.22,0.0
2024-06-27 17:00:00-04:00,12.22,12.23,12.21,12.22,0.0
2024-06-27 18:00:00-04:00,12.21,12.25,12.21,12.24,0.0
2024-06-27 19:00:00-04:00,12.2302,12.24,12.21,12.24,0.0
2024-06-28 04:00:00-04:00,12.26,12.26,12.09,12.26,0.0
2024-06-28 05:00:00-04:00,12.27,12.27,12.25,12.27,0.0
2024-06-28 06:00:00-04:00,12.26,12.27,12.26,12.27,0.0
2024-06-28 07:00:00-04:00,12.26,12.31,12.25,12.29,0.0
2024-06-28 08:00:00-04:00,12.3,12.32,12.24,12.27,0.0
2024-06-28 09:00:00-04:00,12.27,12.29,12.26,12.26,0.0
2024-06-28 09:30:00-04:00,12.260000228881836,12.529999732971191,12.260000228881836,12.494999885559082,13085480.0
2024-06-28 10:30:00-04:00,12.494199752807617,12.5600004196167,12.470000267028809,12.470000267028809,9831413.0
2024-06-28 11:30:00-04:00,12.4753999710083,12.539999961853027,12.460000038146973,12.52400016784668,6646581.0
2024-06-28 12:30:00-04:00,12.520099639892578,12.539999961853027,12.449999809265137,12.449999809265137,3957140.0
2024-06-28 13:30:00-04:00,12.449999809265137,12.569999694824219,12.4399995803833,12.5649995803833,4651317.0
2024-06-28 14:30:00-04:00,12.5649995803833,12.619999885559082,12.539999961853027,12.600000381469727,7363452.0
2024-06-28 15:30:00-04:00,12.604999542236328,12.619999885559082,12.520000457763672,12.539999961853027,9693606.0
2024-06-28 16:00:00-04:00,12.54,12.55,12.53,12.54,0.0
2024-06-28 17:00:00-04:00,12.54,12.55,12.51,12.52,0.0
2024-06-28 18:00:00-04:00,12.52,12.54,12.51,12.51,0.0
2024-06-28 19:00:00-04:00,12.51,12.54,12.49,12.52,0.0
2024-07-01 04:00:00-04:00,12.52,12.58,12.48,12.56,0.0
2024-07-01 05:00:00-04:00,12.56,12.6,12.55,12.57,0.0
2024-07-01 06:00:00-04:00,12.57,12.57,12.56,12.57,0.0
2024-07-01 07:00:00-04:00,12.56,12.63,12.55,12.59,0.0
2024-07-01 08:00:00-04:00,12.59,12.63,12.5,12.58,0.0
2024-07-01 09:00:00-04:00,12.58,12.58,12.53,12.535,0.0
2024-07-01 09:30:00-04:00,12.5600004196167,12.670000076293945,12.529999732971191,12.595000267028809,11312577.0
2024-07-01 10:30:00-04:00,12.600000381469727,12.699999809265137,12.579999923706055,12.645000457763672,8810631.0
2024-07-01 11:30:00-04:00,12.645000457763672,12.649999618530273,12.600000381469727,12.635000228881836,5056958.0
2024-07-01 12:30:00-04:00,12.635000228881836,12.739999771118164,12.619999885559082,12.725000381469727,4732782.0
2024-07-01 13:30:00-04:00,12.725000381469727,12.869999885559082,12.720000267028809,12.805000305175781,9021126.0
2024-07-01 14:30:00-04:00,12.809900283813477,12.824999809265137,12.739999771118164,12.75,7106031.0
2024-07-01 15:30:00-04:00,12.75,12.779999732971191,12.729999542236328,12.765000343322754,6453580.0
2024-07-01 16:00:00-04:00,12.76,12.77,12.73,12.73,0.0
2024-07-01 17:00:00-04:00,12.73,12.74,12.72,12.7399,0.0
2024-07-01 18:00:00-04:00,12.74,12.74,12.71,12.74,0.0
2024-07-01 19:00:00-04:00,12.7202,12.74,12.7,12.7,0.0
2024-07-02 04:00:00-04:00,12.74,12.74,12.7,12.7,0.0
2024-07-02 05:00:00-04:00,12.7,12.72,12.7,12.7,0.0
2024-07-02 06:00:00-04:00,12.7,12.72,12.7,12.72,0.0
2024-07-02 07:00:00-04:00,12.72,12.72,12.67,12.68,0.0
2024-07-02 08:00:00-04:00,12.68,12.76,12.6,12.68,0.0
2024-07-02 09:00:00-04:00,12.66,12.71,12.66,12.7,0.0
2024-07-02 09:30:00-04:00,12.829999923706055,12.949999809265137,12.770000457763672,12.914999961853027,11882955.0
2024-07-02 10:30:00-04:00,12.914999961853027,12.920000076293945,12.75,12.777000427246094,8244479.0
2024-07-02 11:30:00-04:00,12.774999618530273,12.819999694824219,12.75,12.755000114440918,5464450.0
2024-07-02 12:30:00-04:00,12.755000114440918,12.779999732971191,12.740099906921387,12.744999885559082,3013806.0
2024-07-02 13:30:00-04:00,12.744999885559082,12.84000015258789,12.720000267028809,12.835000038146973,3518468.0
2024-07-02 14:30:00-04:00,12.84000015258789,12.859999656677246,12.819999694824219,12.854999542236328,4249801.0
2024-07-02 15:30:00-04:00,12.850000381469727,12.899999618530273,12.850000381469727,12.875,6144428.0
2024-07-02 16:00:00-04:00,12.875,12.89,12.76,12.83,0.0
2024-07-02 17:00:00-04:00,12.83,12.87,12.81,12.835,0.0
2024-07-02 18:00:00-04:00,12.83,12.85,12.82,12.85,0.0
2024-07-02 19:00:00-04:00,12.85,12.85,12.83,12.84,0.0
2024-07-03 04:00:00-04:00,12.85,12.88,12.85,12.85,0.0
2024-07-03 05:00:00-04:00,12.88,12.88,12.85,12.88,0.0
2024-07-03 06:00:00-04:00,12.88,12.88,12.86,12.87,0.0
2024-07-03 07:00:00-04:00,12.87,12.88,12.84,12.86,0.0
2024-07-03 08:00:00-04:00,12.86,12.88,12.84,12.86,0.0
2024-07-03 09:00:00-04:00,12.855,12.87,12.85,12.86,0.0
2024-07-03 09:30:00-04:00,12.890000343322754,12.930000305175781,12.810099601745605,12.904999732971191,7104869.0
2024-07-03 10:30:00-04:00,12.904999732971191,12.960000038146973,12.841300010681152,12.850000381469727,7147741.0
2024-07-03 11:30:00-04:00,12.854999542236328,12.859999656677246,12.800000190734863,12.835000038146973,5308595.0
2024-07-03 13:00:00-04:00,12.835000038146973,12.880000114440918,12.819999694824219,12.84000015258789,0.0
2024-07-03 14:00:00-04:00,12.84,12.87,12.82,12.86,0.0
2024-07-03 15:00:00-04:00,12.85,12.87,12.26,12.85,0.0
2024-07-03 16:00:00-04:00,12.8301,12.86,12.83,12.84,0.0
2024-07-05 04:00:00-04:00,12.84,12.93,12.84,12.9,0.0
2024-07-05 05:00:00-04:00,12.89,12.9,12.86,12.88,0.0
2024-07-05 06:00:00-04:00,12.88,12.89,12.86,12.86,0.0
2024-07-05 07:00:00-04:00,12.86,12.88,12.85,12.87,0.0
2024-07-05 08:00:00-04:00,12.88,12.97,12.8,12.89,0.0
2024-07-05 09:00:00-04:00,12.88,12.9,12.87,12.8701,0.0
2024-07-05 09:30:00-04:00,12.869999885559082,12.960000038146973,12.800000190734863,12.885000228881836,6716348.0
2024-07-05 10:30:00-04:00,12.880000114440918,12.885000228881836,12.819999694824219,12.829999923706055,5197792.0
2024-07-05 11:30:00-04:00,12.835000038146973,12.84000015258789,12.779999732971191,12.779999732971191,3700274.0
2024-07-05 12:30:00-04:00,12.779999732971191,12.8100004196167,12.75,12.760000228881836,2770014.0
2024-07-05 13:30:00-04:00,12.760000228881836,12.8100004196167,12.75,12.789999961853027,2234484.0
2024-07-05 14:30:00-04:00,12.78499984741211,12.829999923706055,12.779999732971191,12.824999809265137,3113901.0
2024-07-05 15:30:00-04:00,12.824999809265137,12.890000343322754,12.8100004196167,12.84000015258789,4945249.0
2024-07-05 16:00:00-04:00,12.84,12.84,12.83,12.84,0.0
2024-07-05 17:00:00-04:00,12.84,12.84,12.82,12.82,0.0
2024-07-05 18:00:00-04:00,12.83,12.84,12.82,12.83,0.0
2024-07-05 19:00:00-04:00,12.83,12.84,12.82,12.8299,0.0
2024-07-08 04:00:00-04:00,12.87,12.88,12.85,12.87,0.0
2024-07-08 05:00:00-04:00,12.87,12.88,12.87,12.88,0.0
2024-07-08 06:00:00-04:00,12.87,12.88,12.86,12.87,0.0
2024-07-08 07:00:00-04:00,12.88,12.925,12.86,12.92,0.0
2024-07-08 08:00:00-04:00,12.92,12.95,12.86,12.92,0.0
2024-07-08 09:00:00-04:00,12.915,12.98,12.84,12.94,0.0
2024-07-08 09:30:00-04:00,12.970000267028809,13.199999809265137,12.930000305175781,12.96619987487793,12509062.0
2024-07-08 10:30:00-04:00,12.96500015258789,13.100000381469727,12.949999809265137,13.050100326538086,7017131.0
2024-07-08 11:30:00-04:00,13.055000305175781,13.0600004196167,12.979999542236328,12.994999885559082,4527754.0
2024-07-08 12:30:00-04:00,12.994999885559082,13.0,12.930000305175781,12.930000305175781,3277919.0
2024-07-08 13:30:00-04:00,12.930000305175781,12.949999809265137,12.914999961853027,12.944999694824219,3491587.0
2024-07-08 14:30:00-04:00,12.944999694824219,12.979999542236328,12.920000076293945,12.960000038146973,2983131.0
2024-07-08 15:30:00-04:00,12.960000038146973,13.020000457763672,12.960000038146973,12.979999542236328,6798923.0
2024-07-08 16:00:00-04:00,12.98,13.01,12.97,13.005,0.0
2024-07-08 17:00:00-04:00,13.0,13.01,12.98,13.0,0.0
2024-07-08 18:00:00-04:00,13.01,13.01,12.98,13.0,0.0
2024-07-08 19:00:00-04:00,12.99,13.0,12.98,12.99,0.0
2024-07-09 04:00:00-04:00,13.0,13.01,12.99,13.01,0.0
2024-07-09 05:00:00-04:00,13.0,13.01,12.99,13.0,0.0
2024-07-09 06:00:00-04:00,13.0,13.01,12.99,13.01,0.0
2024-07-09 07:00:00-04:00,13.0,13.01,12.99,12.99,0.0
2024-07-09 08:00:00-04:00,12.99,13.02,12.98,12.99,0.0
2024-07-09 09:00:00-04:00,12.995,13.01,12.965,12.97,0.0
2024-07-09 09:30:00-04:00,12.960000038146973,13.039999961853027,12.880000114440918,12.9399995803833,8419744.0
2024-07-09 10:30:00-04:00,12.930000305175781,12.970000267028809,12.90999984741211,12.969900131225586,5517067.0
2024-07-09 11:30:00-04:00,12.968199729919434,13.039999961853027,12.960100173950195,13.015000343322754,5460183.0
2024-07-09 12:30:00-04:00,13.015000343322754,13.069999694824219,13.010000228881836,13.029999732971191,3504184.0
2024-07-09 13:30:00-04:00,13.029999732971191,13.050000190734863,12.989999771118164,12.989999771118164,2453442.0
2024-07-09 14:30:00-04:00,12.989999771118164,13.020000457763672,12.949999809265137,12.949999809265137,5060801.0
2024-07-09 15:30:00-04:00,12.949999809265137,12.970000267028809,12.885000228881836,12.904999732971191,5891565.0
2024-07-09 16:00:00-04:00,12.91,12.92,12.87,12.9,0.0
2024-07-09 17:00:00-04:00,12.89,12.91,12.88,12.89,0.0
2024-07-09 18:00:00-04:00,12.89,12.9,12.88,12.9,0.0
2024-07-09 19:00:00-04:00,12.89,12.91,12.89,12.91,0.0
2024-07-10 04:00:00-04:00,12.97,12.97,12.91,12.93,0.0
2024-07-10 05:00:00-04:00,12.91,12.94,12.91,12.94,0.0
2024-07-10 06:00:00-04:00,12.91,12.94,12.91,12.94,0.0
2024-07-10 07:00:00-04:00,12.94,12.94,12.91,12.92,0.0
2024-07-10 08:00:00-04:00,12.93,13.09,12.89,12.97,0.0
2024-07-10 09:00:00-04:00,12.97,12.99,12.96,12.96,0.0
2024-07-10 09:30:00-04:00,12.949999809265137,13.0,12.90999984741211,12.9350004196167,3678995.0
2024-07-10 10:30:00-04:00,12.9350004196167,13.069999694824219,12.920000076293945,13.03499984741211,4737830.0
2024-07-10 11:30:00-04:00,13.039999961853027,13.09000015258789,13.005000114440918,13.077400207519531,5170457.0
2024-07-10 12:30:00-04:00,13.074999809265137,13.170000076293945,13.0600004196167,13.154999732971191,6255641.0
2024-07-10 13:30:00-04:00,13.154999732971191,13.210000038146973,13.119999885559082,13.175000190734863,5023772.0
2024-07-10 14:30:00-04:00,13.175000190734863,13.1899995803833,13.149999618530273,13.15999984741211,2383820.0
2024-07-10 15:30:00-04:00,13.158699989318848,13.1899995803833,13.140000343322754,13.175000190734863,5356643.0
2024-07-10 16:00:00-04:00,13.16,13.18,13.14,13.16,0.0
2024-07-10 17:00:00-04:00,13.16,13.16,13.14,13.15,0.0
2024-07-10 18:00:00-04:00,13.16,13.16,13.14,13.14,0.0
2024-07-10 19:00:00-04:00,13.15,13.15,13.14,13.14,0.0
2024-07-11 04:00:00-04:00,13.15,13.16,13.13,13.13,0.0
2024-07-11 05:00:00-04:00,13.13,13.16,13.13,13.16,0.0
2024-07-11 06:00:00-04:00,13.15,13.16,13.14,13.14,0.0
2024-07-11 07:00:00-04:00,13.14,13.16,13.13,13.15,0.0
2024-07-11 08:00:00-04:00,13.15,13.16,13.12,13.16,0.0
2024-07-11 09:00:00-04:00,13.19,13.3,13.16,13.28,0.0
2024-07-11 09:30:00-04:00,13.25,13.539999961853027,13.25,13.4798002243042,15043364.0
2024-07-11 10:30:00-04:00,13.475000381469727,13.520000457763672,13.40999984741211,13.4399995803833,9496975.0
2024-07-11 11:30:00-04:00,13.444999694824219,13.479999542236328,13.380000114440918,13.40999984741211,5741691.0
2024-07-11 12:30:00-04:00,13.414999961853027,13.449999809265137,13.399999618530273,13.440099716186523,3281255.0
2024-07-11 13:30:00-04:00,13.444999694824219,13.470000267028809,13.420000076293945,13.4399995803833,3183824.0
2024-07-11 14:30:00-04:00,13.444999694824219,13.489999771118164,13.4399995803833,13.479999542236328,3907448.0
2024-07-11 15:30:00-04:00,13.475000381469727,13.529999732971191,13.470000267028809,13.470000267028809,7319714.0
2024-07-11 16:00:00-04:00,13.47,13.5,13.45,13.46,0.0
2024-07-11 17:00:00-04:00,13.46,13.48,13.45,13.45,0.0
2024-07-11 18:00:00-04:00,13.46,13.48,13.42,13.465,0.0
2024-07-11 19:00:00-04:00,13.47,13.48,13.42,13.47,0.0
2024-07-12 04:00:00-04:00,13.47,13.5,13.4,13.47,0.0
2024-07-12 05:00:00-04:00,13.47,13.5,13.47,13.49,0.0
2024-07-12 06:00:00-04:00,13.49,13.49,13.46,13.46,0.0
2024-07-12 07:00:00-04:00,13.48,13.52,13.47,13.5,0.0
2024-07-12 08:00:00-04:00,13.51,13.52,13.3,13.52,0.0
2024-07-12 09:00:00-04:00,13.51,13.54,13.46,13.525,0.0
2024-07-12 09:30:00-04:00,13.529999732971191,13.925000190734863,13.529999732971191,13.920000076293945,15486343.0
2024-07-12 10:30:00-04:00,13.914999961853027,14.020000457763672,13.880000114440918,13.975000381469727,19199659.0
2024-07-12 11:30:00-04:00,13.975000381469727,13.989999771118164,13.920000076293945,13.970100402832031,6766540.0
2024-07-12 12:30:00-04:00,13.974200248718262,14.085000038146973,13.920100212097168,14.074999809265137,8712370.0
2024-07-12 13:30:00-04:00,14.074999809265137,14.180000305175781,14.069999694824219,14.145000457763672,8540714.0
2024-07-12 14:30:00-04:00,14.145000457763672,14.199999809265137,14.130000114440918,14.194999694824219,8216801.0
2024-07-12 15:30:00-04:00,14.199999809265137,14.210000038146973,14.010000228881836,14.024999618530273,14208674.0
2024-07-12 16:00:00-04:00,14.03,14.08,14.0,14.03,0.0
2024-07-12 17:00:00-04:00,14.03,14.06,14.02,14.025,0.0
2024-07-12 18:00:00-04:00,14.03,14.03,14.01,14.015,0.0
2024-07-12 19:00:00-04:00,14.01,14.03,14.01,14.03,0.0
2024-07-15 04:00:00-04:00,14.03,14.15,14.02,14.12,0.0
2024-07-15 05:00:00-04:00,14.12,14.17,14.1,14.17,0.0
2024-07-15 06:00:00-04:00,14.15,14.17,14.12,14.13,0.0
2024-07-15 07:00:00-04:00,14.13,14.15,14.1,14.14,0.0
2024-07-15 08:00:00-04:00,14.14,14.17,14.01,14.17,0.0
2024-07-15 09:00:00-04:00,14.16,14.2,14.03,14.17,0.0
2024-07-15 09:30:00-04:00,14.210000038146973,14.430000305175781,14.119999885559082,14.280200004577637,16813439.0
2024-07-15 10:30:00-04:00,14.281000137329102,14.359999656677246,14.229999542236328,14.300000190734863,9715643.0
2024-07-15 11:30:00-04:00,14.306599617004395,14.420000076293945,14.289999961853027,14.405400276184082,7844707.0
2024-07-15 12:30:00-04:00,14.404999732971191,14.40999984741211,14.279999732971191,14.335000038146973,7121446.0
2024-07-15 13:30:00-04:00,14.335000038146973,14.37600040435791,14.270000457763672,14.364999771118164,4826639.0
2024-07-15 14:30:00-04:00,14.364999771118164,14.380000114440918,14.199999809265137,14.21500015258789,6412782.0
2024-07-15 15:30:00-04:00,14.21500015258789,14.260000228881836,14.180000305175781,14.220000267028809,8271340.0
2024-07-15 16:00:00-04:00,14.23,14.24,14.21,14.23,0.0
2024-07-15 17:00:00-04:00,14.23,14.24,13.26,14.235,0.0
2024-07-15 18:00:00-04:00,14.24,14.24,14.22,14.24,0.0
2024-07-15 19:00:00-04:00,14.235,14.25,14.23,14.23,0.0
2024-07-16 04:00:00-04:00,14.22,14.25,14.16,14.21,0.0
2024-07-16 05:00:00-04:00,14.23,14.27,14.21,14.27,0.0
2024-07-16 06:00:00-04:00,14.27,14.28,14.25,14.28,0.0
2024-07-16 07:00:00-04:00,14.29,14.29,14.25,14.27,0.0
2024-07-16 08:00:00-04:00,14.28,14.31,14.18,14.285,0.0
2024-07-16 09:00:00-04:00,14.28,14.29,14.24,14.245,0.0
2024-07-16 09:30:00-04:00,14.270000457763672,14.34000015258789,14.1899995803833,14.255999565124512,10194618.0
2024-07-16 10:30:00-04:00,14.25,14.3100004196167,14.229999542236328,14.274999618530273,7528965.0
2024-07-16 11:30:00-04:00,14.274999618530273,14.359999656677246,14.229999542236328,14.324999809265137,6253835.0
2024-07-16 12:30:00-04:00,14.319999694824219,14.380000114440918,14.3100004196167,14.345000267028809,3165792.0
2024-07-16 13:30:00-04:00,14.345000267028809,14.430000305175781,14.335000038146973,14.410099983215332,3952684.0
2024-07-16 14:30:00-04:00,14.414999961853027,14.470000267028809,14.40999984741211,14.460000038146973,5936443.0
2024-07-16 15:30:00-04:00,14.454999923706055,14.460000038146973,14.350000381469727,14.385000228881836,8499814.0
2024-07-16 16:00:00-04:00,14.39,14.4,14.35,14.395,0.0
2024-07-16 17:00:00-04:00,14.39,14.4,14.39,14.4,0.0
2024-07-16 18:00:00-04:00,14.39,14.4,14.39,14.39,0.0
2024-07-16 19:00:00-04:00,14.4,14.4,14.39,14.39,0.0
2024-07-17 04:00:00-04:00,14.4,14.41,14.3,14.32,0.0
2024-07-17 05:00:00-04:00,14.32,14.38,14.32,14.33,0.0
2024-07-17 06:00:00-04:00,14.35,14.43,14.31,14.39,0.0
2024-07-17 07:00:00-04:00,14.39,14.39,14.3,14.3,0.0
2024-07-17 08:00:00-04:00,14.3,14.42,14.25,14.26,0.0
2024-07-17 09:00:00-04:00,14.26,14.28,14.23,14.27,0.0
2024-07-17 09:30:00-04:00,14.289999961853027,14.630000114440918,14.279999732971191,14.45989990234375,13281612.0
2024-07-17 10:30:00-04:00,14.460000038146973,14.510000228881836,14.404999732971191,14.494999885559082,9897637.0
2024-07-17 11:30:00-04:00,14.494999885559082,14.520000457763672,14.414999961853027,14.419300079345703,8378269.0
2024-07-17 12:30:00-04:00,14.414999961853027,14.489999771118164,14.399999618530273,14.4350004196167,6049343.0
2024-07-17 13:30:00-04:00,14.434499740600586,14.449999809265137,14.390000343322754,14.4399995803833,4208822.0
2024-07-17 14:30:00-04:00,14.4350004196167,14.5,14.390000343322754,14.494999885559082,5902836.0
2024-07-17 15:30:00-04:00,14.494999885559082,14.520000457763672,14.449999809265137,14.479999542236328,6258510.0
2024-07-17 16:00:00-04:00,14.485,14.5,14.45,14.48,0.0
2024-07-17 17:00:00-04:00,14.49,14.49,14.46,14.46,0.0
2024-07-17 18:00:00-04:00,14.4602,14.49,14.45,14.48,0.0
2024-07-17 19:00:00-04:00,14.48,14.5,14.48,14.4992,0.0
2024-07-18 04:00:00-04:00,14.49,14.49,14.37,14.46,0.0
2024-07-18 05:00:00-04:00,14.47,14.48,14.43,14.48,0.0
2024-07-18 06:00:00-04:00,14.48,14.48,14.45,14.47,0.0
2024-07-18 07:00:00-04:00,14.48,14.49,14.46,14.47,0.0
2024-07-18 08:00:00-04:00,14.48,14.52,14.46,14.51,0.0
2024-07-18 09:00:00-04:00,14.51,15.87,14.44,14.46,0.0
2024-07-18 09:30:00-04:00,14.510000228881836,14.850000381469727,14.470000267028809,14.795000076293945,11739015.0
2024-07-18 10:30:00-04:00,14.795000076293945,14.800000190734863,14.680000305175781,14.78499984741211,9125746.0
2024-07-18 11:30:00-04:00,14.78499984741211,14.819999694824219,14.704999923706055,14.71500015258789,6866987.0
2024-07-18 12:30:00-04:00,14.710200309753418,14.779999732971191,14.670000076293945,14.700300216674805,5511580.0
2024-07-18 13:30:00-04:00,14.704999923706055,14.739999771118164,14.524999618530273,14.529899597167969,6785788.0
2024-07-18 14:30:00-04:00,14.524999618530273,14.5600004196167,14.449999809265137,14.494999885559082,7601821.0
2024-07-18 15:30:00-04:00,14.489999771118164,14.635000228881836,14.479999542236328,14.550000190734863,6922774.0
2024-07-18 16:00:00-04:00,14.56,14.61,14.53,14.57,0.0
2024-07-18 17:00:00-04:00,14.58,14.59,14.55,14.59,0.0
2024-07-18 18:00:00-04:00,14.59,14.59,14.58,14.585,0.0
2024-07-18 19:00:00-04:00,14.59,14.64,14.56,14.605,0.0
2024-07-19 04:00:00-04:00,14.59,14.61,14.41,14.46,0.0
2024-07-19 05:00:00-04:00,14.45,14.56,14.45,14.51,0.0
2024-07-19 06:00:00-04:00,14.52,14.52,14.41,14.5,0.0
2024-07-19 07:00:00-04:00,14.5,14.6,14.48,14.52,0.0
2024-07-19 08:00:00-04:00,14.53,14.84,14.4552,14.55,0.0
2024-07-19 09:00:00-04:00,14.55,14.55,14.46,14.49,0.0
2024-07-19 09:30:00-04:00,14.489999771118164,14.5,14.279999732971191,14.305000305175781,10992792.0
2024-07-19 10:30:00-04:00,14.305000305175781,14.350000381469727,14.149999618530273,14.154999732971191,11528684.0
2024-07-19 11:30:00-04:00,14.154999732971191,14.220000267028809,14.0600004196167,14.150099754333496,12314219.0
2024-07-19 12:30:00-04:00,14.154999732971191,14.15999984741211,14.020099639892578,14.029999732971191,7642096.0
2024-07-19 13:30:00-04:00,14.03499984741211,14.069999694824219,13.989999771118164,14.0,9097856.0
2024-07-19 14:30:00-04:00,14.005000114440918,14.0600004196167,13.970000267028809,14.03499984741211,7440071.0
2024-07-19 15:30:00-04:00,14.03499984741211,14.069999694824219,13.960000038146973,13.989999771118164,11450902.0
2024-07-19 16:00:00-04:00,14.03,14.06,13.95,13.98,0.0
2024-07-19 17:00:00-04:00,13.9801,14.0,13.97,14.0,0.0
2024-07-19 18:00:00-04:00,14.0,14.46,13.95,14.0,0.0
2024-07-19 19:00:00-04:00,13.98,14.51,13.98,13.98,0.0
2024-07-22 04:00:00-04:00,14.02,14.11,14.0,14.06,0.0
2024-07-22 05:00:00-04:00,14.06,14.06,14.0,14.03,0.0
2024-07-22 06:00:00-04:00,14.03,14.03,14.01,14.03,0.0
2024-07-22 07:00:00-04:00,14.02,14.05,14.01,14.04,0.0
2024-07-22 08:00:00-04:00,14.04,14.09,14.0,14.07,0.0
2024-07-22 09:00:00-04:00,14.075,14.0836,14.0,14.0197,0.0
2024-07-22 09:30:00-04:00,14.020099639892578,14.119999885559082,13.789999961853027,13.904999732971191,14128315.0
2024-07-22 10:30:00-04:00,13.904999732971191,14.069999694824219,13.899999618530273,14.020000457763672,9418130.0
2024-07-22 11:30:00-04:00,14.024999618530273,14.039999961853027,13.96500015258789,13.96500015258789,6276738.0
2024-07-22 12:30:00-04:00,13.96500015258789,14.0600004196167,13.925000190734863,14.055000305175781,5823838.0
2024-07-22 13:30:00-04:00,14.055000305175781,14.079999923706055,14.010000228881836,14.03499984741211,3394922.0
2024-07-22 14:30:00-04:00,14.029999732971191,14.149999618530273,14.020000457763672,14.140000343322754,5527035.0
2024-07-22 15:30:00-04:00,14.145000457763672,14.180000305175781,14.100000381469727,14.109999656677246,8497613.0
2024-07-22 16:00:00-04:00,14.12,14.1729,14.06,14.12,0.0
2024-07-22 17:00:00-04:00,14.13,14.13,14.07,14.07,0.0
2024-07-22 18:00:00-04:00,14.07,14.13,14.07,14.12,0.0
2024-07-22 19:00:00-04:00,14.1,14.12,14.08,14.1,0.0
2024-07-23 04:00:00-04:00,14.11,14.11,14.05,14.08,0.0
2024-07-23 05:00:00-04:00,14.06,14.09,14.06,14.06,0.0
2024-07-23 06:00:00-04:00,14.08,14.14,14.08,14.14,0.0
2024-07-23 07:00:00-04:00,14.14,14.48,14.14,14.36,0.0
2024-07-23 08:00:00-04:00,14.35,14.43,14.07,14.26,0.0
2024-07-23 09:00:00-04:00,14.26,14.7,14.03,14.05,0.0
2024-07-23 09:30:00-04:00,14.0600004196167,14.069999694824219,13.569999694824219,13.744999885559082,20719468.0
2024-07-23 10:30:00-04:00,13.746199607849121,13.8100004196167,13.670000076293945,13.744999885559082,15570241.0
2024-07-23 11:30:00-04:00,13.75,13.859999656677246,13.720000267028809,13.850000381469727,9547990.0
2024-07-23 12:30:00-04:00,13.854999542236328,13.970000267028809,13.800000190734863,13.850000381469727,10364534.0
2024-07-23 13:30:00-04:00,13.850000381469727,13.930000305175781,13.84000015258789,13.902700424194336,6578765.0
2024-07-23 14:30:00-04:00,13.904000282287598,13.960000038146973,13.880000114440918,13.880000114440918,5346741.0
2024-07-23 15:30:00-04:00,13.87600040435791,13.890000343322754,13.789999961853027,13.829999923706055,9882223.0
2024-07-23 16:00:00-04:00,13.84,13.86,13.8,13.83,0.0
2024-07-23 17:00:00-04:00,13.84,13.84,13.74,13.785,0.0
2024-07-23 18:00:00-04:00,13.78,13.81,13.76,13.7998,0.0
2024-07-23 19:00:00-04:00,13.8,13.83,13.71,13.7806,0.0
2024-07-24 04:00:00-04:00,13.85,13.85,13.65,13.79,0.0
2024-07-24 05:00:00-04:00,13.76,13.78,13.76,13.77,0.0
2024-07-24 06:00:00-04:00,13.77,13.78,13.67,13.67,0.0
2024-07-24 07:00:00-04:00,13.67,13.67,13.65,13.66,0.0
2024-07-24 08:00:00-04:00,13.66,13.87,13.62,13.65,0.0
2024-07-24 09:00:00-04:00,13.65,13.65,13.62,13.62,0.0
2024-07-24 09:30:00-04:00,13.729999542236328,13.864999771118164,13.59000015258789,13.669899940490723,13460016.0
2024-07-24 10:30:00-04:00,13.65999984741211,13.8100004196167,13.649999618530273,13.774999618530273,9226667.0
2024-07-24 11:30:00-04:00,13.770000457763672,13.875,13.760000228881836,13.810099601745605,7807108.0
2024-07-24 12:30:00-04:00,13.8100004196167,13.829999923706055,13.720000267028809,13.734999656677246,5469100.0
2024-07-24 13:30:00-04:00,13.734999656677246,13.800000190734863,13.699999809265137,13.704999923706055,3657221.0
2024-07-24 14:30:00-04:00,13.704999923706055,13.729999542236328,13.649999618530273,13.664999961853027,5593052.0
2024-07-24 15:30:00-04:00,13.660499572753906,13.680000305175781,13.59000015258789,13.65999984741211,11995805.0
2024-07-24 16:00:00-04:00,13.65,13.72,11.91,12.09,0.0
2024-07-24 17:00:00-04:00,12.09,12.3,12.05,12.135,0.0
2024-07-24 18:00:00-04:00,12.1493,12.18,12.05,12.08,0.0
2024-07-24 19:00:00-04:00,12.075,12.1,12.03,12.09,0.0
2024-07-25 04:00:00-04:00,12.11,12.14,12.0,12.0,0.0
2024-07-25 05:00:00-04:00,12.01,12.02,11.83,11.85,0.0
2024-07-25 06:00:00-04:00,11.85,11.94,11.79,11.9,0.0
2024-07-25 07:00:00-04:00,11.91,11.92,11.73,11.92,0.0
2024-07-25 08:00:00-04:00,11.91,12.15,11.73,11.9,0.0
2024-07-25 09:00:00-04:00,11.9,12.08,11.73,11.75,0.0
2024-07-25 09:30:00-04:00,11.835000038146973,11.979999542236328,11.260000228881836,11.269000053405762,97038435.0
2024-07-25 10:30:00-04:00,11.265000343322754,11.4399995803833,11.1899995803833,11.4350004196167,50634931.0
2024-07-25 11:30:00-04:00,11.4350004196167,11.460000038146973,11.350000381469727,11.37969970703125,20055891.0
2024-07-25 12:30:00-04:00,11.375,11.5,11.329999923706055,11.335000038146973,20467678.0
2024-07-25 13:30:00-04:00,11.330100059509277,11.369999885559082,11.239999771118164,11.240099906921387,19490394.0
2024-07-25 14:30:00-04:00,11.240099906921387,11.279999732971191,11.15999984741211,11.234999656677246,20825632.0
2024-07-25 15:30:00-04:00,11.234999656677246,11.239999771118164,11.149999618530273,11.154999732971191,21661376.0
2024-07-25 16:00:00-04:00,11.17,11.21,11.15,11.21,0.0
2024-07-25 17:00:00-04:00,11.2098,11.23,11.16,11.22,0.0
2024-07-25 18:00:00-04:00,11.22,11.24,11.21,11.22,0.0
2024-07-25 19:00:00-04:00,11.22,11.23,11.22,11.23,0.0
2024-07-26 04:00:00-04:00,11.3,11.31,11.27,11.28,0.0
2024-07-26 05:00:00-04:00,11.28,11.28,11.27,11.28,0.0
2024-07-26 06:00:00-04:00,11.28,11.28,11.25,11.26,0.0
2024-07-26 07:00:00-04:00,11.26,11.26,11.23,11.24,0.0
2024-07-26 08:00:00-04:00,11.24,11.35,11.23,11.2397,0.0
2024-07-26 09:00:00-04:00,11.24,11.89,11.23,11.23,0.0
2024-07-26 09:30:00-04:00,11.204999923706055,11.270000457763672,11.050000190734863,11.154999732971191,19867497.0
2024-07-26 10:30:00-04:00,11.149999618530273,11.210000038146973,11.100000381469727,11.204999923706055,10964283.0
2024-07-26 11:30:00-04:00,11.210000038146973,11.289999961853027,11.199999809265137,11.28499984741211,10232390.0
2024-07-26 12:30:00-04:00,11.28499984741211,11.359999656677246,11.270000457763672,11.295000076293945,7734224.0
2024-07-26 13:30:00-04:00,11.295000076293945,11.295000076293945,11.180000305175781,11.225000381469727,7930767.0
2024-07-26 14:30:00-04:00,11.225000381469727,11.25,11.20009994506836,11.244999885559082,5952245.0
2024-07-26 15:30:00-04:00,11.244999885559082,11.244999885559082,11.180000305175781,11.180000305175781,11098493.0
2024-07-26 16:00:00-04:00,11.19,11.2,11.18,11.19,0.0
2024-07-26 17:00:00-04:00,11.19,11.2,11.18,11.195,0.0
2024-07-26 18:00:00-04:00,11.2,11.2,11.19,11.195,0.0
2024-07-26 19:00:00-04:00,11.195,11.2,11.18,11.1901,0.0
2024-07-29 04:00:00-04:00,11.21,11.27,11.21,11.26,0.0
2024-07-29 05:00:00-04:00,11.26,11.26,11.24,11.24,0.0
2024-07-29 06:00:00-04:00,11.24,11.24,11.18,11.18,0.0
2024-07-29 07:00:00-04:00,11.18,11.22,11.17,11.19,0.0
2024-07-29 08:00:00-04:00,11.2,11.3,11.18,11.21,0.0
2024-07-29 09:00:00-04:00,11.21,11.22,11.15,11.16,0.0
2024-07-29 09:30:00-04:00,11.180000305175781,11.180000305175781,10.800000190734863,10.953300476074219,31025060.0
2024-07-29 10:30:00-04:00,10.954999923706055,11.050000190734863,10.9399995803833,11.0,15305669.0
2024-07-29 11:30:00-04:00,10.998700141906738,11.0,10.949999809265137,10.984999656677246,8438720.0
2024-07-29 12:30:00-04:00,10.984999656677246,11.010000228881836,10.960000038146973,10.984999656677246,6440583.0
2024-07-29 13:30:00-04:00,10.979999542236328,11.029999732971191,10.970000267028809,10.989999771118164,5682197.0
2024-07-29 14:30:00-04:00,10.994999885559082,11.010000228881836,10.9399995803833,10.95989990234375,7759580.0
2024-07-29 15:30:00-04:00,10.95009994506836,11.020000457763672,10.95009994506836,11.015000343322754,8831672.0
2024-07-29 16:00:00-04:00,11.02,11.02,10.99,11.005,0.0
2024-07-29 17:00:00-04:00,11.0,11.01,11.0,11.01,0.0
2024-07-29 18:00:00-04:00,11.01,11.02,11.0,11.01,0.0
2024-07-29 19:00:00-04:00,11.02,11.02,10.98,10.99,0.0
2024-07-30 04:00:00-04:00,11.0,11.14,11.0,11.05,0.0
2024-07-30 05:00:00-04:00,11.04,11.05,11.02,11.02,0.0
2024-07-30 06:00:00-04:00,11.02,11.04,11.02,11.03,0.0
2024-07-30 07:00:00-04:00,11.04,11.04,11.0,11.0,0.0
2024-07-30 08:00:00-04:00,11.0,11.07,10.97,11.0297,0.0
2024-07-30 09:00:00-04:00,11.02,11.03,11.0,11.01,0.0
2024-07-30 09:30:00-04:00,11.039999961853027,11.109999656677246,10.880000114440918,10.938400268554688,14903833.0
2024-07-30 10:30:00-04:00,10.9399995803833,10.949999809265137,10.850000381469727,10.860300064086914,10589152.0
2024-07-30 11:30:00-04:00,10.86620044708252,10.876899719238281,10.829999923706055,10.859600067138672,10310719.0
2024-07-30 12:30:00-04:00,10.85099983215332,10.880000114440918,10.789999961853027,10.840100288391113,6858491.0
2024-07-30 13:30:00-04:00,10.845000267028809,10.859999656677246,10.800000190734863,10.8100004196167,4624371.0
2024-07-30 14:30:00-04:00,10.819999694824219,10.829999923706055,10.779999732971191,10.819899559020996,7950285.0
2024-07-30 15:30:00-04:00,10.8100004196167,10.859999656677246,10.789999961853027,10.84000015258789,9547563.0
2024-07-30 16:00:00-04:00,10.835,10.86,10.82,10.845,0.0
2024-07-30 17:00:00-04:00,10.85,10.85,10.83,10.84,0.0
2024-07-30 18:00:00-04:00,10.84,10.86,10.83,10.85,0.0
2024-07-30 19:00:00-04:00,10.85,10.87,10.84,10.86,0.0
2024-07-31 04:00:00-04:00,10.88,10.91,10.85,10.88,0.0
2024-07-31 05:00:00-04:00,10.87,10.89,10.86,10.89,0.0
2024-07-31 06:00:00-04:00,10.89,10.9,10.87,10.9,0.0
2024-07-31 07:00:00-04:00,10.9,10.95,10.89,10.95,0.0
2024-07-31 08:00:00-04:00,10.96,10.9656,10.84,10.95,0.0
2024-07-31 09:00:00-04:00,10.945,10.98,10.93,10.93,0.0
2024-07-31 09:30:00-04:00,10.859999656677246,10.920000076293945,10.720000267028809,10.862000465393066,16905454.0
2024-07-31 10:30:00-04:00,10.859999656677246,10.930000305175781,10.819999694824219,10.899999618530273,9680834.0
2024-07-31 11:30:00-04:00,10.895000457763672,10.970000267028809,10.859999656677246,10.954999923706055,7177470.0
2024-07-31 12:30:00-04:00,10.960000038146973,11.010000228881836,10.880000114440918,10.887999534606934,6247193.0
2024-07-31 13:30:00-04:00,10.885000228881836,10.90999984741211,10.829999923706055,10.880000114440918,6375343.0
2024-07-31 14:30:00-04:00,10.875,10.970000267028809,10.84000015258789,10.850000381469727,10462859.0
2024-07-31 15:30:00-04:00,10.854999542236328,10.869999885559082,10.8100004196167,10.819899559020996,9261230.0
2024-07-31 16:00:00-04:00,10.82,10.86,10.8,10.82,0.0
2024-07-31 17:00:00-04:00,10.82,10.85,10.81,10.84,0.0
2024-07-31 18:00:00-04:00,10.85,10.87,10.84,10.8599,0.0
2024-07-31 19:00:00-04:00,10.8597,10.88,10.84,10.875,0.0
2024-08-01 04:00:00-04:00,10.89,10.9,10.82,10.84,0.0
2024-08-01 05:00:00-04:00,10.84,10.84,10.81,10.84,0.0
2024-08-01 06:00:00-04:00,10.83,10.87,10.83,10.87,0.0
2024-08-01 07:00:00-04:00,10.87,10.9,10.84,10.9,0.0
2024-08-01 08:00:00-04:00,10.89,10.91,10.8088,10.88,0.0
2024-08-01 09:00:00-04:00,10.875,10.89,10.82,10.865,0.0
2024-08-01 09:30:00-04:00,10.859999656677246,10.920000076293945,10.779999732971191,10.824999809265137,10978170.0
2024-08-01 10:30:00-04:00,10.824999809265137,10.869999885559082,10.760000228881836,10.765000343322754,7307927.0
2024-08-01 11:30:00-04:00,10.760000228881836,10.795000076293945,10.720000267028809,10.747099876403809,7954392.0
2024-08-01 12:30:00-04:00,10.744999885559082,10.760000228881836,10.670000076293945,10.675000190734863,7291245.0
2024-08-01 13:30:00-04:00,10.673600196838379,10.720000267028809,10.630000114440918,10.630000114440918,7384306.0
2024-08-01 14:30:00-04:00,10.630000114440918,10.6899995803833,10.604999542236328,10.6899995803833,6729258.0
2024-08-01 15:30:00-04:00,10.6899995803833,10.710000038146973,10.640000343322754,10.699999809265137,8641100.0
2024-08-01 16:00:00-04:00,10.69,10.72,10.67,10.69,0.0
2024-08-01 17:00:00-04:00,10.685,10.69,10.67,10.675,0.0
2024-08-01 18:00:00-04:00,10.68,10.82,10.66,10.68,0.0
2024-08-01 19:00:00-04:00,10.685,10.69,10.67,10.69,0.0
2024-08-02 04:00:00-04:00,10.69,10.72,10.63,10.65,0.0
2024-08-02 05:00:00-04:00,10.655,10.67,10.61,10.61,0.0
2024-08-02 06:00:00-04:00,10.62,10.64,10.59,10.61,0.0
2024-08-02 07:00:00-04:00,10.61,10.64,10.56,10.56,0.0
2024-08-02 08:00:00-04:00,10.57,10.6492,10.56,10.6,0.0
2024-08-02 09:00:00-04:00,10.61,10.62,10.46,10.49,0.0
2024-08-02 09:30:00-04:00,10.550000190734863,10.550000190734863,10.119999885559082,10.135000228881836,22396966.0
2024-08-02 10:30:00-04:00,10.130000114440918,10.239999771118164,10.079999923706055,10.220000267028809,17142546.0
2024-08-02 11:30:00-04:00,10.21500015258789,10.239999771118164,10.170000076293945,10.199999809265137,10681042.0
2024-08-02 12:30:00-04:00,10.194999694824219,10.225000381469727,10.109999656677246,10.114999771118164,9946417.0
2024-08-02 13:30:00-04:00,10.114999771118164,10.170000076293945,10.085000038146973,10.149900436401367,10289884.0
2024-08-02 14:30:00-04:00,10.145000457763672,10.149999618530273,10.079999923706055,10.104999542236328,12213133.0
2024-08-02 15:30:00-04:00,10.100000381469727,10.114999771118164,10.0,10.039999961853027,19416638.0
2024-08-02 16:00:00-04:00,10.04,10.08,10.0,10.035,0.0
2024-08-02 17:00:00-04:00,10.04,10.07,10.03,10.07,0.0
2024-08-02 18:00:00-04:00,10.07,10.08,10.06,10.075,0.0
2024-08-02 19:00:00-04:00,10.0797,10.08,10.05,10.0503,0.0
2024-08-05 04:00:00-04:00,10.05,10.07,9.64,9.81,0.0
2024-08-05 05:00:00-04:00,9.83,9.83,9.71,9.78,0.0
2024-08-05 06:00:00-04:00,9.75,9.83,9.7,9.73,0.0
2024-08-05 07:00:00-04:00,9.72,10.03,9.72,9.83,0.0
2024-08-05 08:00:00-04:00,9.83,10.04,9.54,9.54,0.0
2024-08-05 09:00:00-04:00,9.55,9.66,9.41,9.57,0.0
2024-08-05 09:30:00-04:00,9.5600004196167,9.739999771118164,9.489999771118164,9.585000038146973,32557000.0
2024-08-05 10:30:00-04:00,9.582099914550781,9.819999694824219,9.579999923706055,9.810700416564941,15317983.0
2024-08-05 11:30:00-04:00,9.8149995803833,9.899999618530273,9.789999961853027,9.854999542236328,15907876.0
2024-08-05 12:30:00-04:00,9.854999542236328,9.880000114440918,9.760000228881836,9.779999732971191,10221734.0
2024-08-05 13:30:00-04:00,9.78499984741211,9.8100004196167,9.720000267028809,9.78499984741211,9244723.0
2024-08-05 14:30:00-04:00,9.78499984741211,9.819999694824219,9.6899995803833,9.78600025177002,11487860.0
2024-08-05 15:30:00-04:00,9.78499984741211,9.789999961853027,9.670000076293945,9.720000267028809,13021296.0
2024-08-05 16:00:00-04:00,9.71,9.78,9.6997,9.72,0.0
2024-08-05 17:00:00-04:00,9.72,9.75,9.59,9.745,0.0
2024-08-05 18:00:00-04:00,9.7499,9.8,9.74,9.8,0.0
2024-08-05 19:00:00-04:00,9.8,9.9,9.79,9.88,0.0
2024-08-06 04:00:00-04:00,9.95,10.04,9.78,9.79,0.0
2024-08-06 05:00:00-04:00,9.79,9.79,9.7,9.74,0.0
2024-08-06 06:00:00-04:00,9.74,9.83,9.71,9.8,0.0
2024-08-06 07:00:00-04:00,9.81,9.85,9.8,9.84,0.0
2024-08-06 08:00:00-04:00,9.85,10.0488,9.71,9.86,0.0
2024-08-06 09:00:00-04:00,9.86,9.86,9.79,9.83,0.0
2024-08-06 09:30:00-04:00,9.789999961853027,9.850000381469727,9.675000190734863,9.765000343322754,18557490.0
2024-08-06 10:30:00-04:00,9.765000343322754,9.8100004196167,9.720000267028809,9.720000267028809,18081693.0
2024-08-06 11:30:00-04:00,9.725000381469727,9.8100004196167,9.720000267028809,9.755000114440918,10216448.0
2024-08-06 12:30:00-04:00,9.753999710083008,9.779999732971191,9.739999771118164,9.756500244140625,14050379.0
2024-08-06 13:30:00-04:00,9.760000228881836,9.859999656677246,9.739999771118164,9.849800109863281,10361058.0
2024-08-06 14:30:00-04:00,9.849900245666504,9.859999656677246,9.75,9.824999809265137,25029128.0
2024-08-06 15:30:00-04:00,9.824999809265137,9.859999656677246,9.779999732971191,9.779999732971191,8873027.0
2024-08-06 16:00:00-04:00,9.78,9.85,9.525,9.815,0.0
2024-08-06 17:00:00-04:00,9.815,9.84,9.78,9.815,0.0
2024-08-06 18:00:00-04:00,9.815,9.84,9.81,9.84,0.0
2024-08-06 19:00:00-04:00,9.84,9.84,9.82,9.83,0.0
2024-08-07 04:00:00-04:00,9.8,9.88,9.75,9.78,0.0
2024-08-07 05:00:00-04:00,9.78,9.82,9.77,9.79,0.0
2024-08-07 06:00:00-04:00,9.79,9.82,9.79,9.82,0.0
2024-08-07 07:00:00-04:00,9.82,9.95,9.82,9.88,0.0
2024-08-07 08:00:00-04:00,9.87,9.9764,9.78,9.86,0.0
2024-08-07 09:00:00-04:00,9.86,9.88,9.695,9.87,0.0
2024-08-07 09:30:00-04:00,9.850000381469727,9.90999984741211,9.800000190734863,9.894700050354004,12587174.0
2024-08-07 10:30:00-04:00,9.899999618530273,9.970000267028809,9.859999656677246,9.914999961853027,12584764.0
2024-08-07 11:30:00-04:00,9.925000190734863,9.979999542236328,9.880000114440918,9.9350004196167,7685544.0
2024-08-07 12:30:00-04:00,9.9350004196167,9.960000038146973,9.819999694824219,9.850000381469727,6462636.0
2024-08-07 13:30:00-04:00,9.84000015258789,9.90999984741211,9.760000228881836,9.78499984741211,6863332.0
2024-08-07 14:30:00-04:00,9.78499984741211,9.829999923706055,9.75,9.779999732971191,6329974.0
2024-08-07 15:30:00-04:00,9.789999961853027,9.8149995803833,9.75,9.774999618530273,8722895.0
2024-08-07 16:00:00-04:00,9.77,9.8,9.725,9.74,0.0
2024-08-07 17:00:00-04:00,9.74,9.77,9.73,9.75,0.0
2024-08-07 18:00:00-04:00,9.74,9.77,9.74,9.7697,0.0
2024-08-07 19:00:00-04:00,9.77,9.77,9.72,9.75,0.0
2024-08-08 04:00:00-04:00,9.78,9.81,9.73,9.75,0.0
2024-08-08 05:00:00-04:00,9.75,9.79,9.74,9.78,0.0
2024-08-08 06:00:00-04:00,9.78,9.78,9.76,9.77,0.0
2024-08-08 07:00:00-04:00,9.76,9.78,9.76,9.77,0.0
2024-08-08 08:00:00-04:00,9.78,9.8088,9.75,9.785,0.0
2024-08-08 09:00:00-04:00,9.79,9.88,9.79,9.85,0.0
2024-08-08 09:30:00-04:00,9.800000190734863,10.109999656677246,9.800000190734863,10.085000038146973,14564075.0
2024-08-08 10:30:00-04:00,10.085000038146973,10.140000343322754,10.010000228881836,10.119999885559082,10036085.0
2024-08-08 11:30:00-04:00,10.114999771118164,10.199999809265137,10.100000381469727,10.175000190734863,13193293.0
2024-08-08 12:30:00-04:00,10.175000190734863,10.239999771118164,10.130000114440918,10.229999542236328,8577888.0
2024-08-08 13:30:00-04:00,10.229999542236328,10.25,10.15999984741211,10.175000190734863,6864930.0
2024-08-08 14:30:00-04:00,10.173199653625488,10.1899995803833,10.119999885559082,10.121000289916992,6318802.0
2024-08-08 15:30:00-04:00,10.125,10.130000114440918,10.079999923706055,10.130000114440918,7109695.0
2024-08-08 16:00:00-04:00,10.12,10.2,10.12,10.16,0.0
2024-08-08 17:00:00-04:00,10.16,10.16,10.13,10.14,0.0
2024-08-08 18:00:00-04:00,10.16,11.145,10.13,10.16,0.0
2024-08-08 19:00:00-04:00,10.16,10.19,10.15,10.19,0.0
2024-08-09 04:00:00-04:00,10.2,10.24,10.18,10.18,0.0
2024-08-09 05:00:00-04:00,10.19,10.24,10.18,10.22,0.0
2024-08-09 06:00:00-04:00,10.22,10.23,10.16,10.19,0.0
2024-08-09 07:00:00-04:00,10.19,10.2,10.16,10.2,0.0
2024-08-09 08:00:00-04:00,10.19,10.2279,10.15,10.16,0.0
2024-08-09 09:00:00-04:00,10.15,10.16,10.1,10.13,0.0
2024-08-09 09:30:00-04:00,10.079999923706055,10.109999656677246,9.979999542236328,9.984999656677246,10002002.0
2024-08-09 10:30:00-04:00,9.984999656677246,10.164999961853027,9.970000267028809,10.079899787902832,9236789.0
2024-08-09 11:30:00-04:00,10.079999923706055,10.140000343322754,10.069999694824219,10.085000038146973,6201603.0
2024-08-09 12:30:00-04:00,10.085000038146973,10.170000076293945,10.079999923706055,10.13949966430664,5200546.0
2024-08-09 13:30:00-04:00,10.140000343322754,10.140000343322754,10.0600004196167,10.07759952545166,3918245.0
2024-08-09 14:30:00-04:00,10.079899787902832,10.140000343322754,10.0600004196167,10.114999771118164,4968148.0
2024-08-09 15:30:00-04:00,10.114999771118164,10.135000228881836,10.100000381469727,10.100000381469727,5797740.0
2024-08-09 16:00:00-04:00,10.1,10.11,10.07,10.08,0.0
2024-08-09 17:00:00-04:00,10.08,10.1,10.06,10.09,0.0
2024-08-09 18:00:00-04:00,10.08,10.1,10.08,10.09,0.0
2024-08-09 19:00:00-04:00,10.08,10.1,10.08,10.1,0.0
2024-08-12 04:00:00-04:00,10.1,10.19,10.1,10.14,0.0
2024-08-12 05:00:00-04:00,10.13,10.15,10.1,10.11,0.0
2024-08-12 06:00:00-04:00,10.11,10.12,10.1,10.11,0.0
2024-08-12 07:00:00-04:00,10.12,10.12,10.11,10.12,0.0
2024-08-12 08:00:00-04:00,10.12,10.2188,10.11,10.12,0.0
2024-08-12 09:00:00-04:00,10.12,10.12,10.11,10.11,0.0
2024-08-12 09:30:00-04:00,10.100000381469727,10.104000091552734,9.75,9.899999618530273,11770815.0
2024-08-12 10:30:00-04:00,9.899999618530273,9.970000267028809,9.890000343322754,9.9350004196167,8863746.0
2024-08-12 11:30:00-04:00,9.9350004196167,9.949999809265137,9.899999618530273,9.90999984741211,5994596.0
2024-08-12 12:30:00-04:00,9.914999961853027,9.920000076293945,9.880000114440918,9.89009952545166,4355800.0
2024-08-12 13:30:00-04:00,9.895000457763672,9.899999618530273,9.869999885559082,9.895000457763672,3129284.0
2024-08-12 14:30:00-04:00,9.895000457763672,9.899999618530273,9.859999656677246,9.875,4135841.0
2024-08-12 15:30:00-04:00,9.875,9.890000343322754,9.84000015258789,9.875,7524505.0
2024-08-12 16:00:00-04:00,9.875,9.89,9.86,9.87,0.0
2024-08-12 17:00:00-04:00,9.86,9.87,9.85,9.87,0.0
2024-08-12 18:00:00-04:00,9.87,9.88,9.86,9.87,0.0
2024-08-12 19:00:00-04:00,9.87,9.88,9.86,9.87,0.0
2024-08-13 04:00:00-04:00,9.99,9.99,9.87,9.88,0.0
2024-08-13 05:00:00-04:00,9.88,9.89,9.87,9.87,0.0
2024-08-13 06:00:00-04:00,9.88,9.9,9.87,9.88,0.0
2024-08-13 07:00:00-04:00,9.88,9.88,9.87,9.88,0.0
2024-08-13 08:00:00-04:00,9.88,9.9,9.87,9.88,0.0
2024-08-13 09:00:00-04:00,9.88,9.95,9.8705,9.9198,0.0
2024-08-13 09:30:00-04:00,9.920000076293945,9.949999809265137,9.770000457763672,9.9399995803833,7966208.0
2024-08-13 10:30:00-04:00,9.9350004196167,9.970000267028809,9.90999984741211,9.944999694824219,5302327.0
2024-08-13 11:30:00-04:00,9.94890022277832,10.029999732971191,9.9399995803833,10.015000343322754,5361107.0
2024-08-13 12:30:00-04:00,10.015000343322754,10.050000190734863,10.0,10.020000457763672,3736384.0
2024-08-13 13:30:00-04:00,10.024999618530273,10.100000381469727,10.020000457763672,10.095000267028809,3948864.0
2024-08-13 14:30:00-04:00,10.095000267028809,10.119999885559082,10.0600004196167,10.095000267028809,4967384.0
2024-08-13 15:30:00-04:00,10.100000381469727,10.149999618530273,10.080900192260742,10.130000114440918,7976727.0
2024-08-13 16:00:00-04:00,10.13,10.15,10.13,10.14,0.0
2024-08-13 17:00:00-04:00,10.14,10.14,10.1,10.14,0.0
2024-08-13 18:00:00-04:00,10.14,10.14,10.11,10.11,0.0
2024-08-13 19:00:00-04:00,10.11,10.14,10.11,10.14,0.0
2024-08-14 04:00:00-04:00,10.15,10.17,10.14,10.14,0.0
2024-08-14 05:00:00-04:00,10.14,10.15,10.14,10.14,0.0
2024-08-14 06:00:00-04:00,10.14,10.17,10.14,10.16,0.0
2024-08-14 07:00:00-04:00,10.16,10.17,10.15,10.16,0.0
2024-08-14 08:00:00-04:00,10.16,10.19,10.14,10.19,0.0
2024-08-14 09:00:00-04:00,10.19,10.22,9.825,10.19,0.0
2024-08-14 09:30:00-04:00,10.15999984741211,10.180000305175781,10.050000190734863,10.120400428771973,6697634.0
2024-08-14 10:30:00-04:00,10.130000114440918,10.140000343322754,10.100000381469727,10.119999885559082,4549170.0
2024-08-14 11:30:00-04:00,10.125,10.180000305175781,10.109999656677246,10.119999885559082,3964089.0
2024-08-14 12:30:00-04:00,10.114999771118164,10.1899995803833,10.109999656677246,10.1850004196167,4025088.0
2024-08-14 13:30:00-04:00,10.1850004196167,10.210000038146973,10.175000190734863,10.210000038146973,3371141.0
2024-08-14 14:30:00-04:00,10.210000038146973,10.239999771118164,10.199999809265137,10.21500015258789,3198190.0
2024-08-14 15:30:00-04:00,10.215999603271484,10.239999771118164,10.180000305175781,10.180000305175781,6412977.0
2024-08-14 16:00:00-04:00,10.22,10.22,10.1151,10.2,0.0
2024-08-14 17:00:00-04:00,10.2,10.2,10.19,10.195,0.0
2024-08-14 18:00:00-04:00,10.2,10.2,10.19,10.195,0.0
2024-08-14 19:00:00-04:00,10.2,10.2,10.19,10.19,0.0
2024-08-15 04:00:00-04:00,10.22,10.22,10.19,10.2,0.0
2024-08-15 05:00:00-04:00,10.2,10.2,10.19,10.2,0.0
2024-08-15 06:00:00-04:00,10.2,10.2,10.19,10.2,0.0
2024-08-15 07:00:00-04:00,10.2,10.2,10.18,10.19,0.0
2024-08-15 08:00:00-04:00,10.19,10.2,10.18,10.18,0.0
2024-08-15 09:00:00-04:00,10.19,10.38,10.18,10.35,0.0
2024-08-15 09:30:00-04:00,10.449999809265137,10.5,10.390000343322754,10.465100288391113,10652591.0
2024-08-15 10:30:00-04:00,10.469900131225586,10.479999542236328,10.420000076293945,10.444999694824219,5556669.0
2024-08-15 11:30:00-04:00,10.4399995803833,10.489999771118164,10.4350004196167,10.484999656677246,4175007.0
2024-08-15 12:30:00-04:00,10.484999656677246,10.489999771118164,10.40999984741211,10.425000190734863,3071227.0
2024-08-15 13:30:00-04:00,10.425000190734863,10.449999809265137,10.380000114440918,10.444999694824219,3152783.0
2024-08-15 14:30:00-04:00,10.444999694824219,10.479999542236328,10.420000076293945,10.475000381469727,4132742.0
2024-08-15 15:30:00-04:00,10.475000381469727,10.479999542236328,10.449999809265137,10.45009994506836,5673726.0
2024-08-15 16:00:00-04:00,10.455,10.48,10.4369,10.465,0.0
2024-08-15 17:00:00-04:00,10.47,10.48,10.44,10.48,0.0
2024-08-15 18:00:00-04:00,10.48,10.48,10.47,10.475,0.0
2024-08-15 19:00:00-04:00,10.4797,10.48,10.47,10.47,0.0
2024-08-16 04:00:00-04:00,10.48,10.51,10.47,10.49,0.0
2024-08-16 05:00:00-04:00,10.48,10.5,10.48,10.5,0.0
2024-08-16 06:00:00-04:00,10.5,10.5,10.48,10.49,0.0
2024-08-16 07:00:00-04:00,10.5,10.5,10.48,10.48,0.0
2024-08-16 08:00:00-04:00,10.47,10.5,10.41,10.415,0.0
2024-08-16 09:00:00-04:00,10.415,10.43,10.38,10.39,0.0
2024-08-16 09:30:00-04:00,10.399999618530273,10.470000267028809,10.395000457763672,10.4350004196167,6041461.0
2024-08-16 10:30:00-04:00,10.4399995803833,10.449999809265137,10.369999885559082,10.425000190734863,5156543.0
2024-08-16 11:30:00-04:00,10.425000190734863,10.430000305175781,10.380000114440918,10.396400451660156,2778747.0
2024-08-16 12:30:00-04:00,10.395000457763672,10.460000038146973,10.390000343322754,10.444999694824219,2958915.0
2024-08-16 13:30:00-04:00,10.444999694824219,10.460000038146973,10.430000305175781,10.449999809265137,3037831.0
2024-08-16 14:30:00-04:00,10.444000244140625,10.489999771118164,10.4399995803833,10.479999542236328,2903427.0
2024-08-16 15:30:00-04:00,10.479999542236328,10.515000343322754,10.470000267028809,10.505000114440918,5210153.0
2024-08-16 16:00:00-04:00,10.49,10.53,10.3973,10.53,0.0
2024-08-16 17:00:00-04:00,10.51,10.52,10.5,10.51,0.0
2024-08-16 18:00:00-04:00,10.51,10.51,10.5,10.505,0.0
2024-08-16 19:00:00-04:00,10.5,10.51,10.5,10.5002,0.0
2024-08-19 04:00:00-04:00,10.5,10.54,10.5,10.51,0.0
2024-08-19 05:00:00-04:00,10.51,10.51,10.5,10.51,0.0
2024-08-19 06:00:00-04:00,10.51,10.51,10.5,10.5,0.0
2024-08-19 07:00:00-04:00,10.51,10.51,10.49,10.5,0.0
2024-08-19 08:00:00-04:00,10.51,10.57,10.49,10.53,0.0
2024-08-19 09:00:00-04:00,10.53,10.53,10.52,10.52,0.0
2024-08-19 09:30:00-04:00,10.5600004196167,10.645000457763672,10.539999961853027,10.610099792480469,7382462.0
2024-08-19 10:30:00-04:00,10.609999656677246,10.649999618530273,10.604999542236328,10.625,3726476.0
2024-08-19 11:30:00-04:00,10.625,10.6899995803833,10.619999885559082,10.685700416564941,3598657.0
2024-08-19 12:30:00-04:00,10.685400009155273,10.720000267028809,10.65999984741211,10.699999809265137,4283531.0
2024-08-19 13:30:00-04:00,10.699899673461914,10.739999771118164,10.670000076293945,10.725000381469727,5678214.0
2024-08-19 14:30:00-04:00,10.723699569702148,10.75,10.720000267028809,10.734999656677246,3389676.0
2024-08-19 15:30:00-04:00,10.734999656677246,10.75,10.720000267028809,10.729999542236328,6233147.0
2024-08-19 16:00:00-04:00,10.72,10.75,10.71,10.715,0.0
2024-08-19 17:00:00-04:00,10.715,10.73,10.71,10.715,0.0
2024-08-19 18:00:00-04:00,10.72,10.73,10.71,10.72,0.0
2024-08-19 19:00:00-04:00,10.73,10.73,10.71,10.72,0.0
2024-08-20 04:00:00-04:00,10.75,10.75,10.72,10.73,0.0
2024-08-20 05:00:00-04:00,10.74,10.74,10.73,10.74,0.0
2024-08-20 06:00:00-04:00,10.74,10.75,10.73,10.74,0.0
2024-08-20 07:00:00-04:00,10.74,10.74,10.73,10.74,0.0
2024-08-20 08:00:00-04:00,10.74,10.78,10.72,10.75,0.0
2024-08-20 09:00:00-04:00,10.75,10.75,10.71,10.72,0.0
2024-08-20 09:30:00-04:00,10.699999809265137,10.729999542236328,10.609999656677246,10.694999694824219,7274476.0
2024-08-20 10:30:00-04:00,10.694999694824219,10.789999961853027,10.680000305175781,10.71500015258789,7392589.0
2024-08-20 11:30:00-04:00,10.710000038146973,10.770000457763672,10.699999809265137,10.729999542236328,4245309.0
2024-08-20 12:30:00-04:00,10.724800109863281,10.739999771118164,10.699999809265137,10.734999656677246,2468977.0
2024-08-20 13:30:00-04:00,10.734999656677246,10.75,10.710000038146973,10.739899635314941,2380732.0
2024-08-20 14:30:00-04:00,10.734999656677246,10.739999771118164,10.720000267028809,10.729999542236328,2080893.0
2024-08-20 15:30:00-04:00,10.725000381469727,10.734999656677246,10.680000305175781,10.680000305175781,3703566.0
2024-08-20 16:00:00-04:00,10.68,10.7,10.67,10.68,0.0
2024-08-20 17:00:00-04:00,10.67,10.68,10.67,10.67,0.0
2024-08-20 18:00:00-04:00,10.67,10.69,10.67,10.68,0.0
2024-08-20 19:00:00-04:00,10.67,10.69,10.65,10.65,0.0
2024-08-21 04:00:00-04:00,10.67,10.7,10.66,10.7,0.0
2024-08-21 05:00:00-04:00,10.7,10.7,10.68,10.69,0.0
2024-08-21 06:00:00-04:00,10.7,10.7,10.68,10.69,0.0
2024-08-21 07:00:00-04:00,10.7,10.72,10.69,10.72,0.0
2024-08-21 08:00:00-04:00,10.72,10.86,10.64,10.825,0.0
2024-08-21 09:00:00-04:00,10.82,10.86,10.81,10.84,0.0
2024-08-21 09:30:00-04:00,10.835000038146973,10.970000267028809,10.829999923706055,10.859999656677246,13409094.0
2024-08-21 10:30:00-04:00,10.860099792480469,10.899999618530273,10.75,10.805000305175781,6841871.0
2024-08-21 11:30:00-04:00,10.805000305175781,10.84000015258789,10.789999961853027,10.82349967956543,4971428.0
2024-08-21 12:30:00-04:00,10.824999809265137,10.850000381469727,10.8100004196167,10.8149995803833,2987610.0
2024-08-21 13:30:00-04:00,10.814599990844727,10.850000381469727,10.800000190734863,10.836600303649902,3652173.0
2024-08-21 14:30:00-04:00,10.835000038146973,10.869999885559082,10.800000190734863,10.835000038146973,7355913.0
2024-08-21 15:30:00-04:00,10.84000015258789,10.859999656677246,10.8100004196167,10.845000267028809,5675253.0
2024-08-21 16:00:00-04:00,10.845,10.86,10.84,10.855,0.0
2024-08-21 17:00:00-04:00,10.86,10.86,10.8,10.82,0.0
2024-08-21 18:00:00-04:00,10.82,10.86,10.82,10.845,0.0
2024-08-21 19:00:00-04:00,10.8412,10.86,10.84,10.8502,0.0
2024-08-22 04:00:00-04:00,10.85,10.91,10.85,10.89,0.0
2024-08-22 05:00:00-04:00,10.9,10.9,10.89,10.89,0.0
2024-08-22 06:00:00-04:00,10.89,10.9,10.87,10.88,0.0
2024-08-22 07:00:00-04:00,10.87,10.88,10.85,10.86,0.0
2024-08-22 08:00:00-04:00,10.86,10.9,10.84,10.875,0.0
2024-08-22 09:00:00-04:00,10.87,10.88,10.82,10.82,0.0
2024-08-22 09:30:00-04:00,10.850000381469727,10.989999771118164,10.84000015258789,10.944100379943848,8323280.0
2024-08-22 10:30:00-04:00,10.949999809265137,11.010000228881836,10.90999984741211,10.9399995803833,7662105.0
2024-08-22 11:30:00-04:00,10.9350004196167,10.979999542236328,10.920000076293945,10.970000267028809,5031872.0
2024-08-22 12:30:00-04:00,10.970000267028809,10.979999542236328,10.925000190734863,10.9350004196167,3294726.0
2024-08-22 13:30:00-04:00,10.930000305175781,10.949999809265137,10.899999618530273,10.930100440979004,4398001.0
2024-08-22 14:30:00-04:00,10.9399995803833,10.989999771118164,10.930000305175781,10.954999923706055,3647823.0
2024-08-22 15:30:00-04:00,10.954999923706055,10.970000267028809,10.880000114440918,10.920000076293945,7040056.0
2024-08-22 16:00:00-04:00,10.92,10.94,10.88,10.88,0.0
2024-08-22 17:00:00-04:00,10.88,10.92,10.88,10.89,0.0
2024-08-22 18:00:00-04:00,10.89,10.9,10.89,10.895,0.0
2024-08-22 19:00:00-04:00,10.9,10.9,10.89,10.9,0.0
2024-08-23 04:00:00-04:00,10.99,10.99,10.95,10.99,0.0
2024-08-23 05:00:00-04:00,10.98,10.99,10.96,10.97,0.0
2024-08-23 06:00:00-04:00,10.97,10.97,10.96,10.97,0.0
2024-08-23 07:00:00-04:00,10.97,10.98,10.95,10.97,0.0
2024-08-23 08:00:00-04:00,10.97,10.99,10.93,10.955,0.0
2024-08-23 09:00:00-04:00,10.95,10.98,10.94,10.975,0.0
2024-08-23 09:30:00-04:00,10.979999542236328,11.079999923706055,10.9399995803833,11.069999694824219,7789547.0
2024-08-23 10:30:00-04:00,11.074999809265137,11.220000267028809,11.050000190734863,11.210000038146973,10666058.0
2024-08-23 11:30:00-04:00,11.204999923706055,11.239999771118164,11.130000114440918,11.145000457763672,8461944.0
2024-08-23 12:30:00-04:00,11.145000457763672,11.199999809265137,11.119999885559082,11.1850004196167,5424131.0
2024-08-23 13:30:00-04:00,11.187399864196777,11.210000038146973,11.15999984741211,11.204999923706055,3877182.0
2024-08-23 14:30:00-04:00,11.199999809265137,11.25,11.1899995803833,11.244999885559082,5542603.0
2024-08-23 15:30:00-04:00,11.244999885559082,11.279999732971191,11.225000381469727,11.265000343322754,11098806.0
2024-08-23 16:00:00-04:00,11.25,11.27,11.2303,11.245,0.0
2024-08-23 17:00:00-04:00,11.25,11.27,11.24,11.25,0.0
2024-08-23 18:00:00-04:00,11.25,11.27,11.25,11.2698,0.0
2024-08-23 19:00:00-04:00,11.2691,11.27,11.25,11.27,0.0
2024-08-26 04:00:00-04:00,11.27,11.31,11.25,11.27,0.0
2024-08-26 05:00:00-04:00,11.26,11.29,11.26,11.27,0.0
2024-08-26 06:00:00-04:00,11.27,11.32,11.27,11.3,0.0
2024-08-26 07:00:00-04:00,11.31,11.32,11.28,11.3,0.0
2024-08-26 08:00:00-04:00,11.29,11.32,11.22,11.265,0.0
2024-08-26 09:00:00-04:00,11.27,11.3,11.25,11.29,0.0
2024-08-26 09:30:00-04:00,11.319999694824219,11.369999885559082,11.239999771118164,11.265000343322754,8988543.0
2024-08-26 10:30:00-04:00,11.260000228881836,11.270000457763672,11.100000381469727,11.119999885559082,8601709.0
2024-08-26 11:30:00-04:00,11.11989974975586,11.140000343322754,11.069999694824219,11.104999542236328,6350183.0
2024-08-26 12:30:00-04:00,11.100099563598633,11.170000076293945,11.100000381469727,11.144000053405762,3989339.0
2024-08-26 13:30:00-04:00,11.145000457763672,11.149999618530273,11.079999923706055,11.129899978637695,5264286.0
2024-08-26 14:30:00-04:00,11.125,11.149999618530273,11.109999656677246,11.145000457763672,6575608.0
2024-08-26 15:30:00-04:00,11.140199661254883,11.15999984741211,11.100000381469727,11.119999885559082,5968950.0
2024-08-26 16:00:00-04:00,11.12,11.13,11.1,11.12,0.0
2024-08-26 17:00:00-04:00,11.12,11.13,11.11,11.12,0.0
2024-08-26 18:00:00-04:00,11.11,11.13,11.1,11.1,0.0
2024-08-26 19:00:00-04:00,11.1101,11.13,11.1,11.1199,0.0
2024-08-27 04:00:00-04:00,11.12,11.16,11.11,11.13,0.0
2024-08-27 05:00:00-04:00,11.13,11.14,11.08,11.11,0.0
2024-08-27 06:00:00-04:00,11.11,11.11,11.03,11.05,0.0
2024-08-27 07:00:00-04:00,11.06,11.1,11.02,11.1,0.0
2024-08-27 08:00:00-04:00,11.1,11.16,11.05,11.09,0.0
2024-08-27 09:00:00-04:00,11.09,11.11,11.07,11.07,0.0
2024-08-27 09:30:00-04:00,11.119999885559082,11.180000305175781,10.989999771118164,11.055000305175781,9639238.0
2024-08-27 10:30:00-04:00,11.055000305175781,11.100000381469727,11.050000190734863,11.0600004196167,4876661.0
2024-08-27 11:30:00-04:00,11.0600004196167,11.09000015258789,11.03499984741211,11.09000015258789,3621088.0
2024-08-27 12:30:00-04:00,11.079999923706055,11.180000305175781,11.0600004196167,11.175000190734863,4721485.0
2024-08-27 13:30:00-04:00,11.175000190734863,11.220000267028809,11.149999618530273,11.1850004196167,5452888.0
2024-08-27 14:30:00-04:00,11.1850004196167,11.194999694824219,11.140000343322754,11.154999732971191,2758101.0
2024-08-27 15:30:00-04:00,11.154999732971191,11.180000305175781,11.140000343322754,11.140000343322754,5217352.0
2024-08-27 16:00:00-04:00,11.14,11.16,11.1097,11.125,0.0
2024-08-27 17:00:00-04:00,11.12,11.14,11.12,11.14,0.0
2024-08-27 18:00:00-04:00,11.14,11.14,11.11,11.13,0.0
2024-08-27 19:00:00-04:00,11.13,11.14,11.11,11.11,0.0
2024-08-28 04:00:00-04:00,11.12,11.16,11.12,11.14,0.0
2024-08-28 05:00:00-04:00,11.14,11.14,11.13,11.13,0.0
2024-08-28 06:00:00-04:00,11.14,11.14,11.13,11.13,0.0
2024-08-28 07:00:00-04:00,11.14,11.14,11.13,11.14,0.0
2024-08-28 08:00:00-04:00,11.14,11.16,11.11,11.11,0.0
2024-08-28 09:00:00-04:00,11.12,11.12,11.09,11.0902,0.0
2024-08-28 09:30:00-04:00,11.100000381469727,11.1850004196167,11.069999694824219,11.109999656677246,5398746.0
2024-08-28 10:30:00-04:00,11.119999885559082,11.130000114440918,10.979999542236328,11.029999732971191,8091108.0
2024-08-28 11:30:00-04:00,11.028200149536133,11.0600004196167,10.984999656677246,11.005000114440918,4747530.0
2024-08-28 12:30:00-04:00,11.0,11.050000190734863,10.989999771118164,11.04010009765625,2351562.0
2024-08-28 13:30:00-04:00,11.050000190734863,11.069999694824219,10.989999771118164,11.0,3116658.0
2024-08-28 14:30:00-04:00,10.994999885559082,11.0600004196167,10.989999771118164,11.03499984741211,2913363.0
2024-08-28 15:30:00-04:00,11.031999588012695,11.050000190734863,11.020000457763672,11.03499984741211,5753751.0
2024-08-28 16:00:00-04:00,11.04,11.05,11.0,11.0,0.0
2024-08-28 17:00:00-04:00,11.0,11.02,11.0,11.02,0.0
2024-08-28 18:00:00-04:00,11.01,11.02,10.98,10.99,0.0
2024-08-28 19:00:00-04:00,11.0,11.0,10.98,10.9999,0.0
2024-08-29 04:00:00-04:00,10.99,11.05,10.95,11.02,0.0
2024-08-29 05:00:00-04:00,11.04,11.08,11.02,11.08,0.0
2024-08-29 06:00:00-04:00,11.06,11.09,11.05,11.06,0.0
2024-08-29 07:00:00-04:00,11.07,11.07,11.05,11.06,0.0
2024-08-29 08:00:00-04:00,11.06,11.07,11.01,11.0599,0.0
2024-08-29 09:00:00-04:00,11.06,11.08,11.04,11.0599,0.0
2024-08-29 09:30:00-04:00,11.020000457763672,11.12090015411377,10.989999771118164,11.089699745178223,6365759.0
2024-08-29 10:30:00-04:00,11.09000015258789,11.09000015258789,11.020000457763672,11.077099800109863,3734052.0
2024-08-29 11:30:00-04:00,11.074999809265137,11.149999618530273,11.069999694824219,11.145000457763672,4052928.0
2024-08-29 12:30:00-04:00,11.140199661254883,11.15999984741211,11.119999885559082,11.140000343322754,3334327.0
2024-08-29 13:30:00-04:00,11.139100074768066,11.199999809265137,11.130000114440918,11.175000190734863,4195429.0
2024-08-29 14:30:00-04:00,11.175000190734863,11.1899995803833,11.109999656677246,11.145000457763672,5351176.0
2024-08-29 15:30:00-04:00,11.145000457763672,11.149999618530273,11.102100372314453,11.109999656677246,5690213.0
2024-08-29 16:00:00-04:00,11.11,11.14,11.1006,11.12,0.0
2024-08-29 17:00:00-04:00,11.13,11.13,11.11,11.11,0.0
2024-08-29 18:00:00-04:00,11.11,11.13,11.11,11.115,0.0
2024-08-29 19:00:00-04:00,11.12,11.13,11.11,11.115,0.0
2024-08-30 04:00:00-04:00,11.12,11.18,11.11,11.13,0.0
2024-08-30 05:00:00-04:00,11.12,11.15,11.12,11.15,0.0
2024-08-30 06:00:00-04:00,11.14,11.17,11.13,11.16,0.0
2024-08-30 07:00:00-04:00,11.14,11.15,11.12,11.15,0.0
2024-08-30 08:00:00-04:00,11.15,11.18,11.11,11.16,0.0
2024-08-30 09:00:00-04:00,11.17,11.18,11.12,11.14,0.0
2024-08-30 09:30:00-04:00,11.149999618530273,11.220000267028809,11.100000381469727,11.164999961853027,5200647.0
2024-08-30 10:30:00-04:00,11.170000076293945,11.207900047302246,11.100099563598633,11.125,6616170.0
2024-08-30 11:30:00-04:00,11.125,11.157500267028809,11.100000381469727,11.104999542236328,3591660.0
2024-08-30 12:30:00-04:00,11.104999542236328,11.109999656677246,11.055000305175781,11.0649995803833,3453773.0
2024-08-30 13:30:00-04:00,11.0649995803833,11.15999984741211,11.0600004196167,11.146699905395508,3246826.0
2024-08-30 14:30:00-04:00,11.149999618530273,11.199999809265137,11.119999885559082,11.1850004196167,5278975.0
2024-08-30 15:30:00-04:00,11.1850004196167,11.229999542236328,11.164999961853027,11.1899995803833,7499039.0
2024-08-30 16:00:00-04:00,11.19,11.24,11.075,11.21,0.0
2024-08-30 17:00:00-04:00,11.21,11.22,11.18,11.19,0.0
2024-08-30 18:00:00-04:00,11.1902,11.2,11.18,11.1899,0.0
2024-08-30 19:00:00-04:00,11.1898,11.19,11.17,11.18,0.0
2024-09-03 04:00:00-04:00,11.14,11.16,11.06,11.09,0.0
2024-09-03 05:00:00-04:00,11.08,11.09,11.03,11.05,0.0
2024-09-03 06:00:00-04:00,11.05,11.06,11.02,11.04,0.0
2024-09-03 07:00:00-04:00,11.04,11.11,11.04,11.08,0.0
2024-09-03 08:00:00-04:00,11.09,11.19,11.04,11.1,0.0
2024-09-03 09:00:00-04:00,11.1,11.12,11.08,11.1,0.0
2024-09-03 09:30:00-04:00,11.079999923706055,11.140000343322754,10.9399995803833,10.979999542236328,11118017.0
2024-09-03 10:30:00-04:00,10.979999542236328,11.069999694824219,10.960000038146973,11.03499984741211,6051986.0
2024-09-03 11:30:00-04:00,11.03499984741211,11.039999961853027,10.979999542236328,11.005000114440918,4169562.0
2024-09-03 12:30:00-04:00,11.005000114440918,11.029999732971191,10.970000267028809,11.0,3626801.0
2024-09-03 13:30:00-04:00,10.994999885559082,11.039999961853027,10.970000267028809,11.005000114440918,5180364.0
2024-09-03 14:30:00-04:00,11.002799987792969,11.020000457763672,10.979999542236328,11.015000343322754,5285146.0
2024-09-03 15:30:00-04:00,11.015000343322754,11.029999732971191,10.949999809265137,10.989999771118164,8070470.0
2024-09-03 16:00:00-04:00,10.98,11.01,10.98,10.99,0.0
2024-09-03 17:00:00-04:00,11.0,11.0,10.96,11.0,0.0
2024-09-03 18:00:00-04:00,11.0,11.0,10.98,11.0,0.0
2024-09-03 19:00:00-04:00,10.98,11.0,10.98,10.99,0.0
2024-09-04 04:00:00-04:00,10.98,10.99,10.95,10.96,0.0
2024-09-04 05:00:00-04:00,10.95,10.96,10.94,10.95,0.0
2024-09-04 06:00:00-04:00,10.96,10.98,10.91,10.94,0.0
2024-09-04 07:00:00-04:00,10.94,10.96,10.91,10.95,0.0
2024-09-04 08:00:00-04:00,10.95,10.9988,10.94,10.945,0.0
2024-09-04 09:00:00-04:00,10.94,10.96,10.94,10.945,0.0
2024-09-04 09:30:00-04:00,10.989999771118164,11.154999732971191,10.979999542236328,11.0649995803833,8878890.0
2024-09-04 10:30:00-04:00,11.069999694824219,11.140000343322754,11.0600004196167,11.123700141906738,6304677.0
2024-09-04 11:30:00-04:00,11.125,11.140000343322754,11.069999694824219,11.085000038146973,3914117.0
2024-09-04 12:30:00-04:00,11.079999923706055,11.10669994354248,10.979999542236328,10.984999656677246,3603454.0
2024-09-04 13:30:00-04:00,10.979999542236328,10.989999771118164,10.899999618530273,10.914999961853027,5655458.0
2024-09-04 14:30:00-04:00,10.90999984741211,10.92650032043457,10.859999656677246,10.864999771118164,5816475.0
2024-09-04 15:30:00-04:00,10.864999771118164,10.949999809265137,10.850000381469727,10.949999809265137,8448652.0
2024-09-04 16:00:00-04:00,10.95,10.95,10.9,10.93,0.0
2024-09-04 17:00:00-04:00,10.93,10.95,10.92,10.94,0.0
2024-09-04 18:00:00-04:00,10.94,10.95,10.92,10.93,0.0
2024-09-04 19:00:00-04:00,10.94,10.95,10.93,10.95,0.0
2024-09-05 04:00:00-04:00,10.95,10.95,10.86,10.93,0.0
2024-09-05 05:00:00-04:00,10.93,10.95,10.93,10.93,0.0
2024-09-05 06:00:00-04:00,10.92,10.95,10.92,10.93,0.0
2024-09-05 07:00:00-04:00,10.94,10.99,10.93,10.99,0.0
2024-09-05 08:00:00-04:00,11.0,11.0,10.9,10.96,0.0
2024-09-05 09:00:00-04:00,10.9501,10.98,10.9501,10.9799,0.0
2024-09-05 09:30:00-04:00,11.079999923706055,11.135000228881836,10.75,10.949999809265137,12493999.0
2024-09-05 10:30:00-04:00,10.949999809265137,10.970000267028809,10.8100004196167,10.835700035095215,6490646.0
2024-09-05 11:30:00-04:00,10.835000038146973,10.859999656677246,10.760000228881836,10.805000305175781,6140133.0
2024-09-05 12:30:00-04:00,10.800000190734863,10.8100004196167,10.729999542236328,10.734999656677246,4711195.0
2024-09-05 13:30:00-04:00,10.734999656677246,10.789999961853027,10.729999542236328,10.765000343322754,4408339.0
2024-09-05 14:30:00-04:00,10.765000343322754,10.789999961853027,10.720000267028809,10.744999885559082,4597327.0
2024-09-05 15:30:00-04:00,10.744999885559082,10.789999961853027,10.739999771118164,10.770000457763672,6820410.0
2024-09-05 16:00:00-04:00,10.77,10.79,10.75,10.76,0.0
2024-09-05 17:00:00-04:00,10.79,10.79,10.76,10.7703,0.0
2024-09-05 18:00:00-04:00,10.7799,10.78,10.76,10.765,0.0
2024-09-05 19:00:00-04:00,10.77,10.78,10.76,10.775,0.0
2024-09-06 04:00:00-04:00,10.78,10.78,10.69,10.72,0.0
2024-09-06 05:00:00-04:00,10.72,10.73,10.72,10.72,0.0
2024-09-06 06:00:00-04:00,10.72,10.73,10.71,10.72,0.0
2024-09-06 07:00:00-04:00,10.73,10.77,10.72,10.73,0.0
2024-09-06 08:00:00-04:00,10.73,10.81,10.6988,10.7397,0.0
2024-09-06 09:00:00-04:00,10.73,10.83,10.71,10.81,0.0
2024-09-06 09:30:00-04:00,10.779999732971191,10.869999885559082,10.739999771118164,10.750100135803223,6386041.0
2024-09-06 10:30:00-04:00,10.759699821472168,10.779999732971191,10.569999694824219,10.585000038146973,8886046.0
2024-09-06 11:30:00-04:00,10.585000038146973,10.630000114440918,10.550000190734863,10.555000305175781,5302303.0
2024-09-06 12:30:00-04:00,10.555000305175781,10.609999656677246,10.539999961853027,10.574999809265137,5217517.0
2024-09-06 13:30:00-04:00,10.569999694824219,10.600000381469727,10.54010009765625,10.555000305175781,3541271.0
2024-09-06 14:30:00-04:00,10.555000305175781,10.640000343322754,10.529999732971191,10.629899978637695,4281505.0
2024-09-06 15:30:00-04:00,10.625,10.646400451660156,10.5600004196167,10.59000015258789,7569078.0
2024-09-06 16:00:00-04:00,10.58,10.62,10.55,10.56,0.0
2024-09-06 17:00:00-04:00,10.55,10.58,10.54,10.555,0.0
2024-09-06 18:00:00-04:00,10.5597,10.57,10.55,10.5599,0.0
2024-09-06 19:00:00-04:00,10.56,10.57,10.54,10.5402,0.0
2024-09-09 04:00:00-04:00,10.57,10.66,10.55,10.61,0.0
2024-09-09 05:00:00-04:00,10.62,10.63,10.61,10.61,0.0
2024-09-09 06:00:00-04:00,10.62,10.66,10.62,10.65,0.0
2024-09-09 07:00:00-04:00,10.65,10.66,10.61,10.63,0.0
2024-09-09 08:00:00-04:00,10.63,10.72,10.58,10.62,0.0
2024-09-09 09:00:00-04:00,10.63,10.775,10.62,10.635,0.0
2024-09-09 09:30:00-04:00,10.609999656677246,10.680000305175781,10.53499984741211,10.645000457763672,7049771.0
2024-09-09 10:30:00-04:00,10.640000343322754,10.670000076293945,10.600000381469727,10.61620044708252,5395741.0
2024-09-09 11:30:00-04:00,10.614999771118164,10.75,10.609999656677246,10.728899955749512,4754417.0
2024-09-09 12:30:00-04:00,10.725000381469727,10.760000228881836,10.720000267028809,10.755000114440918,3629934.0
2024-09-09 13:30:00-04:00,10.755000114440918,10.760000228881836,10.6899995803833,10.704999923706055,4061910.0
2024-09-09 14:30:00-04:00,10.704999923706055,10.720000267028809,10.680000305175781,10.699999809265137,3311895.0
2024-09-09 15:30:00-04:00,10.694999694824219,10.699999809265137,10.649999618530273,10.65999984741211,5825494.0
2024-09-09 16:00:00-04:00,10.65,10.68,10.65,10.68,0.0
2024-09-09 17:00:00-04:00,10.68,10.7,10.66,10.69,0.0
2024-09-09 18:00:00-04:00,10.68,10.7,10.67,10.69,0.0
2024-09-09 19:00:00-04:00,10.69,10.7,10.67,10.69,0.0
2024-09-10 04:00:00-04:00,10.69,10.69,10.68,10.69,0.0
2024-09-10 05:00:00-04:00,10.69,10.69,10.655,10.67,0.0
2024-09-10 06:00:00-04:00,10.66,10.67,10.65,10.65,0.0
2024-09-10 07:00:00-04:00,10.65,10.67,10.46,10.46,0.0
2024-09-10 08:00:00-04:00,10.46,10.7288,10.37,10.48,0.0
2024-09-10 09:00:00-04:00,10.479,10.5,10.42,10.48,0.0
2024-09-10 09:30:00-04:00,10.489999771118164,10.489999771118164,10.239999771118164,10.28499984741211,16168978.0
2024-09-10 10:30:00-04:00,10.289999961853027,10.350000381469727,10.260000228881836,10.3100004196167,9091696.0
2024-09-10 11:30:00-04:00,10.3149995803833,10.319999694824219,10.170000076293945,10.225500106811523,8775724.0
2024-09-10 12:30:00-04:00,10.22350025177002,10.289999961853027,10.199999809265137,10.28969955444336,5610272.0
2024-09-10 13:30:00-04:00,10.28499984741211,10.329999923706055,10.279999732971191,10.3149995803833,5736264.0
2024-09-10 14:30:00-04:00,10.3100004196167,10.369999885559082,10.3100004196167,10.350099563598633,3859418.0
2024-09-10 15:30:00-04:00,10.354999542236328,10.359999656677246,10.289999961853027,10.319999694824219,7603092.0
2024-09-10 16:00:00-04:00,10.32,10.33,10.3,10.31,0.0
2024-09-10 17:00:00-04:00,10.31,10.32,10.28,10.31,0.0
2024-09-10 18:00:00-04:00,10.31,10.32,10.3,10.32,0.0
2024-09-10 19:00:00-04:00,10.32,10.32,10.3,10.31,0.0
2024-09-11 04:00:00-04:00,10.31,10.4,10.3,10.33,0.0
2024-09-11 05:00:00-04:00,10.31,10.31,10.26,10.26,0.0
2024-09-11 06:00:00-04:00,10.28,10.3,10.27,10.3,0.0
2024-09-11 07:00:00-04:00,10.3,10.32,10.29,10.32,0.0
2024-09-11 08:00:00-04:00,10.31,10.34,10.2,10.34,0.0
2024-09-11 09:00:00-04:00,10.32,10.35,10.21,10.31,0.0
2024-09-11 09:30:00-04:00,10.300000190734863,10.300000190734863,10.140000343322754,10.164999961853027,10250755.0
2024-09-11 10:30:00-04:00,10.170000076293945,10.21500015258789,10.130000114440918,10.199999809265137,8555954.0
2024-09-11 11:30:00-04:00,10.194999694824219,10.229999542236328,10.180000305175781,10.220000267028809,6482923.0
2024-09-11 12:30:00-04:00,10.223999977111816,10.319999694824219,10.21500015258789,10.305000305175781,5744004.0
2024-09-11 13:30:00-04:00,10.305000305175781,10.369999885559082,10.289999961853027,10.369999885559082,4919504.0
2024-09-11 14:30:00-04:00,10.364999771118164,10.40999984741211,10.350000381469727,10.399800300598145,6287162.0
2024-09-11 15:30:00-04:00,10.395000457763672,10.460000038146973,10.390000343322754,10.4399995803833,6687514.0
2024-09-11 16:00:00-04:00,10.44,10.458,10.4,10.415,0.0
2024-09-11 17:00:00-04:00,10.4103,10.45,10.4,10.43,0.0
2024-09-11 18:00:00-04:00,10.4292,10.43,10.41,10.42,0.0
2024-09-11 19:00:00-04:00,10.43,10.45,10.41,10.45,0.0
2024-09-12 04:00:00-04:00,10.45,10.46,10.42,10.44,0.0
2024-09-12 05:00:00-04:00,10.44,10.48,10.44,10.47,0.0
2024-09-12 06:00:00-04:00,10.47,10.49,10.47,10.48,0.0
2024-09-12 07:00:00-04:00,10.49,10.49,10.46,10.46,0.0
2024-09-12 08:00:00-04:00,10.46,10.49,10.44,10.46,0.0
2024-09-12 09:00:00-04:00,10.45,10.46,10.4,10.45,0.0
2024-09-12 09:30:00-04:00,10.399999618530273,10.529999732971191,10.319999694824219,10.505000114440918,8022248.0
2024-09-12 10:30:00-04:00,10.505000114440918,10.555500030517578,10.5,10.5,8122130.0
2024-09-12 11:30:00-04:00,10.5,10.585000038146973,10.5,10.5649995803833,6092060.0
2024-09-12 12:30:00-04:00,10.5600004196167,10.630000114440918,10.550000190734863,10.604999542236328,4246095.0
2024-09-12 13:30:00-04:00,10.602499961853027,10.649700164794922,10.593999862670898,10.604999542236328,3244736.0
2024-09-12 14:30:00-04:00,10.600099563598633,10.619999885559082,10.5600004196167,10.609999656677246,3347314.0
2024-09-12 15:30:00-04:00,10.604999542236328,10.630000114440918,10.579999923706055,10.619999885559082,6074602.0
2024-09-12 16:00:00-04:00,10.62,10.64,10.58,10.59,0.0
2024-09-12 17:00:00-04:00,10.58,10.59,10.5395,10.58,0.0
2024-09-12 18:00:00-04:00,10.58,10.59,10.56,10.59,0.0
2024-09-12 19:00:00-04:00,10.59,10.59,10.57,10.59,0.0
2024-09-13 04:00:00-04:00,10.6,10.65,10.6,10.63,0.0
2024-09-13 05:00:00-04:00,10.62,10.64,10.62,10.63,0.0
2024-09-13 06:00:00-04:00,10.63,10.66,10.63,10.66,0.0
2024-09-13 07:00:00-04:00,10.66,10.67,10.65,10.66,0.0
2024-09-13 08:00:00-04:00,10.66,10.67,10.6295,10.67,0.0
2024-09-13 09:00:00-04:00,10.66,10.69,10.66,10.69,0.0
2024-09-13 09:30:00-04:00,10.680000305175781,10.789999961853027,10.670000076293945,10.755000114440918,8146822.0
2024-09-13 10:30:00-04:00,10.760000228881836,10.779999732971191,10.65999984741211,10.6850004196167,6900369.0
2024-09-13 11:30:00-04:00,10.6899995803833,10.720000267028809,10.670000076293945,10.675000190734863,4246146.0
2024-09-13 12:30:00-04:00,10.675000190734863,10.680000305175781,10.625,10.645000457763672,3282674.0
2024-09-13 13:30:00-04:00,10.644000053405762,10.680000305175781,10.630000114440918,10.65999984741211,3837356.0
2024-09-13 14:30:00-04:00,10.664999961853027,10.680000305175781,10.649999618530273,10.669899940490723,2560577.0
2024-09-13 15:30:00-04:00,10.65999984741211,10.6899995803833,10.640000343322754,10.6850004196167,4065474.0
2024-09-13 16:00:00-04:00,10.69,10.69,10.6741,10.69,0.0
2024-09-13 17:00:00-04:00,10.69,10.69,10.67,10.69,0.0
2024-09-13 18:00:00-04:00,10.68,10.69,10.67,10.6799,0.0
2024-09-13 19:00:00-04:00,10.66,10.689,10.66,10.689,0.0
2024-09-16 04:00:00-04:00,10.68,10.72,10.67,10.72,0.0
2024-09-16 05:00:00-04:00,10.71,10.77,10.7,10.77,0.0
2024-09-16 06:00:00-04:00,10.75,10.77,10.73,10.73,0.0
2024-09-16 07:00:00-04:00,10.74,10.77,10.73,10.76,0.0
2024-09-16 08:00:00-04:00,10.76,10.77,10.7,10.74,0.0
2024-09-16 09:00:00-04:00,10.7303,10.74,10.72,10.725,0.0
2024-09-16 09:30:00-04:00,10.739999771118164,10.920000076293945,10.710000038146973,10.819899559020996,7559958.0
2024-09-16 10:30:00-04:00,10.8149995803833,10.819999694824219,10.760000228881836,10.78380012512207,4770051.0
2024-09-16 11:30:00-04:00,10.789899826049805,10.829999923706055,10.779999732971191,10.8149995803833,3738934.0
2024-09-16 12:30:00-04:00,10.8149995803833,10.850000381469727,10.800000190734863,10.813699722290039,3779957.0
2024-09-16 13:30:00-04:00,10.8149995803833,10.829999923706055,10.800000190734863,10.829999923706055,2157794.0
2024-09-16 14:30:00-04:00,10.829999923706055,10.850000381469727,10.819999694824219,10.831100463867188,3453298.0
2024-09-16 15:30:00-04:00,10.84000015258789,10.84000015258789,10.770000457763672,10.800000190734863,6370016.0
2024-09-16 16:00:00-04:00,10.8,10.81,10.78,10.79,0.0
2024-09-16 17:00:00-04:00,10.79,10.8,10.77,10.78,0.0
2024-09-16 18:00:00-04:00,10.78,10.81,10.78,10.805,0.0
2024-09-16 19:00:00-04:00,10.81,10.85,10.8,10.82,0.0
2024-09-17 04:00:00-04:00,10.86,10.86,10.81,10.845,0.0
2024-09-17 05:00:00-04:00,10.85,10.85,10.83,10.83,0.0
2024-09-17 06:00:00-04:00,10.84,10.84,10.83,10.83,0.0
2024-09-17 07:00:00-04:00,10.83,10.84,10.83,10.84,0.0
2024-09-17 08:00:00-04:00,10.84,10.88,10.8,10.84,0.0
2024-09-17 09:00:00-04:00,10.85,10.9,10.84,10.9,0.0
2024-09-17 09:30:00-04:00,10.890000343322754,11.135000228881836,10.890000343322754,11.109999656677246,11824764.0
2024-09-17 10:30:00-04:00,11.116000175476074,11.119999885559082,10.970000267028809,10.994999885559082,9335603.0
2024-09-17 11:30:00-04:00,10.994999885559082,11.010000228881836,10.920000076293945,10.9399995803833,6150382.0
2024-09-17 12:30:00-04:00,10.9399995803833,10.9399995803833,10.819999694824219,10.854999542236328,7044428.0
2024-09-17 13:30:00-04:00,10.855999946594238,10.920000076293945,10.850000381469727,10.899700164794922,3786353.0
2024-09-17 14:30:00-04:00,10.89009952545166,10.920000076293945,10.859999656677246,10.895000457763672,4287731.0
2024-09-17 15:30:00-04:00,10.895000457763672,10.90999984741211,10.869999885559082,10.90999984741211,6409471.0
2024-09-17 16:00:00-04:00,10.91,10.91,10.89,10.91,0.0
2024-09-17 17:00:00-04:00,10.9,10.91,10.9,10.91,0.0
2024-09-17 18:00:00-04:00,10.91,10.91,10.89,10.905,0.0
2024-09-17 19:00:00-04:00,10.905,10.93,10.9,10.92,0.0
2024-09-18 04:00:00-04:00,10.92,10.95,10.9,10.92,0.0
2024-09-18 05:00:00-04:00,10.91,10.92,10.9,10.91,0.0
2024-09-18 06:00:00-04:00,10.91,10.92,10.9,10.92,0.0
2024-09-18 07:00:00-04:00,10.91,10.92,10.9,10.91,0.0
2024-09-18 08:00:00-04:00,10.91,10.9788,10.9,10.91,0.0
2024-09-18 09:00:00-04:00,10.91,10.93,10.9097,10.93,0.0
2024-09-18 09:30:00-04:00,10.930000305175781,11.029999732971191,10.914999961853027,10.967900276184082,6119975.0
2024-09-18 10:30:00-04:00,10.96500015258789,11.020000457763672,10.9399995803833,11.010000228881836,5408351.0
2024-09-18 11:30:00-04:00,11.0,11.020000457763672,10.949999809265137,11.010000228881836,4375933.0
2024-09-18 12:30:00-04:00,11.005000114440918,11.029999732971191,10.979999542236328,11.026100158691406,3038840.0
2024-09-18 13:30:00-04:00,11.029999732971191,11.210000038146973,11.010000228881836,11.180000305175781,10149419.0
2024-09-18 14:30:00-04:00,11.170100212097168,11.255000114440918,10.989999771118164,11.064299583435059,13543432.0
2024-09-18 15:30:00-04:00,11.0649995803833,11.09000015258789,10.949999809265137,10.984999656677246,8681831.0
2024-09-18 16:00:00-04:00,10.98,11.01,10.9,11.0,0.0
2024-09-18 17:00:00-04:00,10.99,11.03,10.98,11.0,0.0
2024-09-18 18:00:00-04:00,11.0,11.05,10.99,11.02,0.0
2024-09-18 19:00:00-04:00,11.04,11.04,11.02,11.03,0.0
2024-09-19 04:00:00-04:00,11.05,11.15,11.05,11.14,0.0
2024-09-19 05:00:00-04:00,11.14,11.22,11.14,11.18,0.0
2024-09-19 06:00:00-04:00,11.18,11.21,11.17,11.21,0.0
2024-09-19 07:00:00-04:00,11.21,11.26,11.2,11.22,0.0
2024-09-19 08:00:00-04:00,11.23,11.26,11.09,11.24,0.0
2024-09-19 09:00:00-04:00,11.24,11.26,11.2,11.22,0.0
2024-09-19 09:30:00-04:00,11.220000267028809,11.3100004196167,11.029999732971191,11.085000038146973,10032693.0
2024-09-19 10:30:00-04:00,11.09000015258789,11.130000114440918,11.053999900817871,11.114999771118164,5018778.0
2024-09-19 11:30:00-04:00,11.114999771118164,11.180000305175781,11.109999656677246,11.144000053405762,5296995.0
2024-09-19 12:30:00-04:00,11.145000457763672,11.159899711608887,11.069999694824219,11.074999809265137,4221455.0
2024-09-19 13:30:00-04:00,11.074999809265137,11.079999923706055,10.960000038146973,10.994999885559082,6228495.0
2024-09-19 14:30:00-04:00,10.994999885559082,11.010000228881836,10.864999771118164,10.885000228881836,9913912.0
2024-09-19 15:30:00-04:00,10.885000228881836,10.930000305175781,10.869999885559082,10.91100025177002,7585003.0
2024-09-19 16:00:00-04:00,10.92,10.920109,10.9,10.91,0.0
2024-09-19 17:00:00-04:00,10.91,10.92,10.89,10.9,0.0
2024-09-19 18:00:00-04:00,10.9003,10.91,10.89,10.9,0.0
2024-09-19 19:00:00-04:00,10.91,10.91,10.9,10.91,0.0
2024-09-20 04:00:00-04:00,10.95,10.95,10.8,10.82,0.0
2024-09-20 05:00:00-04:00,10.81,10.84,10.77,10.83,0.0
2024-09-20 06:00:00-04:00,10.83,10.84,10.82,10.83,0.0
2024-09-20 07:00:00-04:00,10.83,10.85,10.82,10.85,0.0
2024-09-20 08:00:00-04:00,10.86,10.95,10.82,10.86,0.0
2024-09-20 09:00:00-04:00,10.86,10.88,10.84,10.8402,0.0
2024-09-20 09:30:00-04:00,10.859999656677246,10.859999656677246,10.720000267028809,10.734999656677246,12827503.0
2024-09-20 10:30:00-04:00,10.738200187683105,10.75,10.6899995803833,10.726300239562988,6692256.0
2024-09-20 11:30:00-04:00,10.725000381469727,10.829999923706055,10.699999809265137,10.800000190734863,5945424.0
2024-09-20 12:30:00-04:00,10.79990005493164,10.819999694824219,10.789999961853027,10.795000076293945,3585239.0
2024-09-20 13:30:00-04:00,10.795000076293945,10.8100004196167,10.760000228881836,10.760000228881836,2603694.0
2024-09-20 14:30:00-04:00,10.761799812316895,10.829999923706055,10.75,10.820099830627441,3772274.0
2024-09-20 15:30:00-04:00,10.824999809265137,10.880000114440918,10.819999694824219,10.859999656677246,10047439.0
2024-09-20 16:00:00-04:00,10.88,10.8835,10.83,10.85,0.0
2024-09-20 17:00:00-04:00,10.84,10.87,10.84,10.86,0.0
2024-09-20 18:00:00-04:00,10.86,10.86,10.84,10.86,0.0
2024-09-20 19:00:00-04:00,10.86,10.87,10.85,10.869,0.0
2024-09-23 04:00:00-04:00,10.87,10.9,10.85,10.855,0.0
2024-09-23 05:00:00-04:00,10.86,10.86,10.85,10.85,0.0
2024-09-23 06:00:00-04:00,10.86,10.87,10.85,10.87,0.0
2024-09-23 07:00:00-04:00,10.86,10.88,10.86,10.88,0.0
2024-09-23 08:00:00-04:00,10.88,10.91,10.83,10.89,0.0
2024-09-23 09:00:00-04:00,10.88,10.93,10.88,10.89,0.0
2024-09-23 09:30:00-04:00,10.84000015258789,10.850000381469727,10.710000038146973,10.750200271606445,8625155.0
2024-09-23 10:30:00-04:00,10.755000114440918,10.805000305175781,10.739999771118164,10.765000343322754,5472639.0
2024-09-23 11:30:00-04:00,10.765000343322754,10.829999923706055,10.760000228881836,10.805000305175781,5273697.0
2024-09-23 12:30:00-04:00,10.805999755859375,10.880000114440918,10.78499984741211,10.864999771118164,4139638.0
2024-09-23 13:30:00-04:00,10.8641996383667,10.90999984741211,10.850000381469727,10.875,3659738.0
2024-09-23 14:30:00-04:00,10.875,10.880000114440918,10.835000038146973,10.880000114440918,3336520.0
2024-09-23 15:30:00-04:00,10.879899978637695,10.920000076293945,10.870100021362305,10.90999984741211,5847918.0
2024-09-23 16:00:00-04:00,10.91,10.91,10.88,10.89,0.0
2024-09-23 17:00:00-04:00,10.9,10.91,10.88,10.88,0.0
2024-09-23 18:00:00-04:00,10.89,10.89,10.87,10.875,0.0
2024-09-23 19:00:00-04:00,10.88,10.88,10.87,10.87,0.0
2024-09-24 04:00:00-04:00,10.87,10.98,10.87,10.96,0.0
2024-09-24 05:00:00-04:00,10.96,10.98,10.95,10.96,0.0
2024-09-24 06:00:00-04:00,10.97,10.97,10.95,10.97,0.0
2024-09-24 07:00:00-04:00,10.96,11.0,10.93,10.94,0.0
2024-09-24 08:00:00-04:00,10.94,10.98,10.89,10.945,0.0
2024-09-24 09:00:00-04:00,10.94,10.98,10.79,10.98,0.0
2024-09-24 09:30:00-04:00,10.970000267028809,11.0,10.869999885559082,10.895000457763672,8515869.0
2024-09-24 10:30:00-04:00,10.895000457763672,10.920000076293945,10.869999885559082,10.880000114440918,2703160.0
2024-09-24 11:30:00-04:00,10.880000114440918,10.899999618530273,10.8100004196167,10.819100379943848,6201436.0
2024-09-24 12:30:00-04:00,10.8149995803833,10.890000343322754,10.8100004196167,10.882599830627441,3341797.0
2024-09-24 13:30:00-04:00,10.885000228881836,10.890000343322754,10.829999923706055,10.850000381469727,2118434.0
2024-09-24 14:30:00-04:00,10.84000015258789,10.859999656677246,10.829999923706055,10.839900016784668,4339220.0
2024-09-24 15:30:00-04:00,10.84000015258789,10.869999885559082,10.819999694824219,10.869999885559082,5875496.0
2024-09-24 16:00:00-04:00,10.87,10.87,10.84,10.865,0.0
2024-09-24 17:00:00-04:00,10.865,10.87,10.85,10.85,0.0
2024-09-24 18:00:00-04:00,10.86,10.8601,10.84,10.86,0.0
2024-09-24 19:00:00-04:00,10.86,10.87,10.85,10.86,0.0
2024-09-25 04:00:00-04:00,10.86,10.87,10.83,10.86,0.0
2024-09-25 05:00:00-04:00,10.85,10.86,10.85,10.86,0.0
2024-09-25 06:00:00-04:00,10.86,10.87,10.58,10.64,0.0
2024-09-25 07:00:00-04:00,10.64,10.7,10.63,10.69,0.0
2024-09-25 08:00:00-04:00,10.69,10.87,10.61,10.69,0.0
2024-09-25 09:00:00-04:00,10.6895,10.7,10.6,10.61,0.0
2024-09-25 09:30:00-04:00,10.59000015258789,10.59000015258789,10.319999694824219,10.399900436401367,28135184.0
2024-09-25 10:30:00-04:00,10.395000457763672,10.4399995803833,10.359999656677246,10.404999732971191,11922843.0
2024-09-25 11:30:00-04:00,10.409899711608887,10.4399995803833,10.390000343322754,10.425000190734863,7021784.0
2024-09-25 12:30:00-04:00,10.425000190734863,10.460000038146973,10.40999984741211,10.4350004196167,5950635.0
2024-09-25 13:30:00-04:00,10.430000305175781,10.449999809265137,10.40999984741211,10.439499855041504,4309362.0
2024-09-25 14:30:00-04:00,10.437999725341797,10.449999809265137,10.40999984741211,10.420000076293945,3359382.0
2024-09-25 15:30:00-04:00,10.416299819946289,10.430000305175781,10.395000457763672,10.420000076293945,7043451.0
2024-09-25 16:00:00-04:00,10.42,10.46,10.42,10.4299,0.0
2024-09-25 17:00:00-04:00,10.42,10.46,10.42,10.45,0.0
2024-09-25 18:00:00-04:00,10.45,10.46,10.44,10.44,0.0
2024-09-25 19:00:00-04:00,10.45,10.46,10.44,10.45,0.0
2024-09-26 04:00:00-04:00,10.5,10.55,10.46,10.53,0.0
2024-09-26 05:00:00-04:00,10.53,10.55,10.5,10.55,0.0
2024-09-26 06:00:00-04:00,10.55,10.57,10.54,10.54,0.0
2024-09-26 07:00:00-04:00,10.54,10.6,10.53,10.54,0.0
2024-09-26 08:00:00-04:00,10.54,10.6,10.46,10.555,0.0
2024-09-26 09:00:00-04:00,10.55,10.58,10.535,10.5703,0.0
2024-09-26 09:30:00-04:00,10.5600004196167,10.680000305175781,10.5600004196167,10.640000343322754,13027565.0
2024-09-26 10:30:00-04:00,10.645000457763672,10.670000076293945,10.600000381469727,10.659899711608887,5007633.0
2024-09-26 11:30:00-04:00,10.649999618530273,10.720000267028809,10.649999618530273,10.704999923706055,4851703.0
2024-09-26 12:30:00-04:00,10.70300006866455,10.720000267028809,10.640000343322754,10.677000045776367,3389854.0
2024-09-26 13:30:00-04:00,10.675000190734863,10.729999542236328,10.670100212097168,10.690199851989746,5082575.0
2024-09-26 14:30:00-04:00,10.694999694824219,10.75,10.65999984741211,10.664999961853027,3805663.0
2024-09-26 15:30:00-04:00,10.65999984741211,10.680000305175781,10.630000114440918,10.680000305175781,6397077.0
2024-09-26 16:00:00-04:00,10.68,10.7,10.65,10.675,0.0
2024-09-26 17:00:00-04:00,10.675,10.68,10.65,10.65,0.0
2024-09-26 18:00:00-04:00,10.67,10.68,10.65,10.6697,0.0
2024-09-26 19:00:00-04:00,10.66,10.67,10.65,10.65,0.0
2024-09-27 04:00:00-04:00,10.7,10.77,10.7,10.76,0.0
2024-09-27 05:00:00-04:00,10.76,10.76,10.74,10.76,0.0
2024-09-27 06:00:00-04:00,10.76,10.78,10.76,10.78,0.0
2024-09-27 07:00:00-04:00,10.78,10.79,10.72,10.76,0.0
2024-09-27 08:00:00-04:00,10.76,10.79,10.67,10.74,0.0
2024-09-27 09:00:00-04:00,10.78,10.82,10.76,10.8,0.0
2024-09-27 09:30:00-04:00,10.84000015258789,10.9350004196167,10.770000457763672,10.914999961853027,11032425.0
2024-09-27 10:30:00-04:00,10.914999961853027,10.989999771118164,10.899999618530273,10.984999656677246,7567258.0
2024-09-27 11:30:00-04:00,10.984999656677246,10.989999771118164,10.880000114440918,10.890000343322754,4956170.0
2024-09-27 12:30:00-04:00,10.885000228881836,10.88599967956543,10.789999961853027,10.827400207519531,5505973.0
2024-09-27 13:30:00-04:00,10.824999809265137,10.84000015258789,10.779999732971191,10.78499984741211,3607000.0
2024-09-27 14:30:00-04:00,10.78499984741211,10.829999923706055,10.760000228881836,10.795999526977539,3300628.0
2024-09-27 15:30:00-04:00,10.795000076293945,10.800000190734863,10.760000228881836,10.770000457763672,5284091.0
2024-09-27 16:00:00-04:00,10.79,10.79,10.76,10.78,0.0
2024-09-27 17:00:00-04:00,10.78,10.78,10.77,10.7797,0.0
2024-09-27 18:00:00-04:00,10.77,10.78,10.76,10.77,0.0
2024-09-27 19:00:00-04:00,10.78,10.78,10.76,10.7695,0.0
2024-09-30 04:00:00-04:00,10.8,10.8,10.46,10.48,0.0
2024-09-30 05:00:00-04:00,10.49,10.52,10.43,10.46,0.0
2024-09-30 06:00:00-04:00,10.47,10.5,10.39,10.46,0.0
2024-09-30 07:00:00-04:00,10.43,10.49,10.35,10.43,0.0
2024-09-30 08:00:00-04:00,10.44,10.8,10.35,10.39,0.0
2024-09-30 09:00:00-04:00,10.395,10.44,10.37,10.42,0.0
2024-09-30 09:30:00-04:00,10.505000114440918,10.609999656677246,10.489999771118164,10.53499984741211,15548019.0
2024-09-30 10:30:00-04:00,10.539999961853027,10.59000015258789,10.510000228881836,10.519700050354004,6600635.0
2024-09-30 11:30:00-04:00,10.524999618530273,10.53499984741211,10.489999771118164,10.520000457763672,6228539.0
2024-09-30 12:30:00-04:00,10.524999618530273,10.579999923706055,10.489999771118164,10.555000305175781,5953754.0
2024-09-30 13:30:00-04:00,10.555000305175781,10.579999923706055,10.489999771118164,10.505000114440918,4924652.0
2024-09-30 14:30:00-04:00,10.505000114440918,10.539999961853027,10.479999542236328,10.515000343322754,5078193.0
2024-09-30 15:30:00-04:00,10.515000343322754,10.579999923706055,10.510000228881836,10.555000305175781,8288872.0
2024-09-30 16:00:00-04:00,10.56,10.57,10.55,10.55,0.0
2024-09-30 17:00:00-04:00,10.55,10.56,10.53,10.54,0.0
2024-09-30 18:00:00-04:00,10.55,10.56,10.53,10.56,0.0
2024-09-30 19:00:00-04:00,10.56,10.56,10.54,10.56,0.0
2024-10-01 04:00:00-04:00,10.66,10.88,10.66,10.815,0.0
2024-10-01 05:00:00-04:00,10.815,10.84,10.79,10.8,0.0
2024-10-01 06:00:00-04:00,10.8,10.86,10.79,10.84,0.0
2024-10-01 07:00:00-04:00,10.86,10.86,10.77,10.81,0.0
2024-10-01 08:00:00-04:00,10.81,10.86,10.56,10.7895,0.0
2024-10-01 09:00:00-04:00,10.7899,10.8,10.56,10.77,0.0
2024-10-01 09:30:00-04:00,10.720000267028809,10.8149995803833,10.579999923706055,10.628499984741211,18313821.0
2024-10-01 10:30:00-04:00,10.619999885559082,10.720000267028809,10.59000015258789,10.71500015258789,8821030.0
2024-10-01 11:30:00-04:00,10.71500015258789,10.795000076293945,10.710100173950195,10.765000343322754,8711471.0
2024-10-01 12:30:00-04:00,10.765000343322754,10.779999732971191,10.680000305175781,10.6850004196167,6760765.0
2024-10-01 13:30:00-04:00,10.6850004196167,10.779999732971191,10.680000305175781,10.779000282287598,4368080.0
2024-10-01 14:30:00-04:00,10.774999618530273,10.800000190734863,10.760000228881836,10.779999732971191,4332896.0
2024-10-01 15:30:00-04:00,10.774999618530273,10.779999732971191,10.739999771118164,10.75,7352565.0
2024-10-01 16:00:00-04:00,10.7597,10.76,10.72,10.73,0.0
2024-10-01 17:00:00-04:00,10.75,10.75,10.72,10.73,0.0
2024-10-01 18:00:00-04:00,10.735,10.74,10.72,10.735,0.0
2024-10-01 19:00:00-04:00,10.73,10.74,10.71,10.73,0.0
2024-10-02 04:00:00-04:00,10.72,10.75,10.71,10.74,0.0
2024-10-02 05:00:00-04:00,10.74,10.74,10.7,10.71,0.0
2024-10-02 06:00:00-04:00,10.71,10.71,10.65,10.67,0.0
2024-10-02 07:00:00-04:00,10.68,10.72,10.68,10.7,0.0
2024-10-02 08:00:00-04:00,10.7,10.77,10.64,10.71,0.0
2024-10-02 09:00:00-04:00,10.71,10.73,10.69,10.7,0.0
2024-10-02 09:30:00-04:00,10.729999542236328,10.729999542236328,10.430000305175781,10.479999542236328,14417954.0
2024-10-02 10:30:00-04:00,10.479999542236328,10.539999961853027,10.470000267028809,10.479999542236328,6692821.0
2024-10-02 11:30:00-04:00,10.489999771118164,10.520000457763672,10.479999542236328,10.494999885559082,4174399.0
2024-10-02 12:30:00-04:00,10.494999885559082,10.5,10.449999809265137,10.479999542236328,5935056.0
2024-10-02 13:30:00-04:00,10.475000381469727,10.520000457763672,10.470000267028809,10.491700172424316,5199450.0
2024-10-02 14:30:00-04:00,10.494999885559082,10.5,10.470000267028809,10.484999656677246,3047817.0
2024-10-02 15:30:00-04:00,10.484999656677246,10.5,10.460000038146973,10.475000381469727,7629658.0
2024-10-02 16:00:00-04:00,10.48,10.5,10.47,10.495,0.0
2024-10-02 17:00:00-04:00,10.4997,10.51,10.48,10.51,0.0
2024-10-02 18:00:00-04:00,10.51,10.51,10.49,10.49,0.0
2024-10-02 19:00:00-04:00,10.495,10.5,10.49,10.4998,0.0
2024-10-03 04:00:00-04:00,10.49,10.5,10.42,10.42,0.0
2024-10-03 05:00:00-04:00,10.42,10.44,10.42,10.43,0.0
2024-10-03 06:00:00-04:00,10.44,10.44,10.42,10.43,0.0
2024-10-03 07:00:00-04:00,10.43,10.43,10.42,10.43,0.0
2024-10-03 08:00:00-04:00,10.43,10.48,10.41,10.41,0.0
2024-10-03 09:00:00-04:00,10.42,10.48,10.41,10.42,0.0
2024-10-03 09:30:00-04:00,10.40999984741211,10.449999809265137,10.359999656677246,10.425000190734863,9510134.0
2024-10-03 10:30:00-04:00,10.424300193786621,10.430000305175781,10.369999885559082,10.395000457763672,5554949.0
2024-10-03 11:30:00-04:00,10.399999618530273,10.40999984741211,10.380000114440918,10.395000457763672,3530378.0
2024-10-03 12:30:00-04:00,10.390000343322754,10.390000343322754,10.329999923706055,10.364999771118164,5310125.0
2024-10-03 13:30:00-04:00,10.364999771118164,10.40999984741211,10.36400032043457,10.404999732971191,3535732.0
2024-10-03 14:30:00-04:00,10.404999732971191,10.420000076293945,10.390000343322754,10.406499862670898,2460043.0
2024-10-03 15:30:00-04:00,10.404999732971191,10.470000267028809,10.399999618530273,10.444999694824219,7256448.0
2024-10-03 16:00:00-04:00,10.42,10.47,10.41,10.435,0.0
2024-10-03 17:00:00-04:00,10.43,10.45,10.42,10.43,0.0
2024-10-03 18:00:00-04:00,10.42,10.45,10.42,10.45,0.0
2024-10-03 19:00:00-04:00,10.45,10.45,10.42,10.45,0.0
2024-10-04 04:00:00-04:00,10.45,10.48,10.44,10.48,0.0
2024-10-04 05:00:00-04:00,10.48,10.48,10.47,10.47,0.0
2024-10-04 06:00:00-04:00,10.48,10.48,10.44,10.44,0.0
2024-10-04 07:00:00-04:00,10.44,10.49,10.44,10.48,0.0
2024-10-04 08:00:00-04:00,10.49,10.52,10.44,10.52,0.0
2024-10-04 09:00:00-04:00,10.52,10.63,10.51,10.6,0.0
2024-10-04 09:30:00-04:00,10.59000015258789,10.609999656677246,10.460000038146973,10.46500015258789,10114778.0
2024-10-04 10:30:00-04:00,10.466699600219727,10.539999961853027,10.4399995803833,10.499899864196777,5377591.0
2024-10-04 11:30:00-04:00,10.494999885559082,10.5600004196167,10.489999771118164,10.520000457763672,4066524.0
2024-10-04 12:30:00-04:00,10.524999618530273,10.550000190734863,10.520000457763672,10.529999732971191,3522464.0
2024-10-04 13:30:00-04:00,10.529999732971191,10.545000076293945,10.5,10.515000343322754,3530877.0
2024-10-04 14:30:00-04:00,10.510000228881836,10.550000190734863,10.510000228881836,10.53499984741211,3363547.0
2024-10-04 15:30:00-04:00,10.53499984741211,10.579999923706055,10.529999732971191,10.569999694824219,7406856.0
2024-10-04 16:00:00-04:00,10.57,10.58,10.365,10.555,0.0
2024-10-04 17:00:00-04:00,10.5501,10.61,10.55,10.575,0.0
2024-10-04 18:00:00-04:00,10.5795,10.6,10.56,10.56,0.0
2024-10-04 19:00:00-04:00,10.561,10.58,10.39,10.56,0.0
2024-10-07 04:00:00-04:00,10.55,10.59,10.47,10.565,0.0
2024-10-07 05:00:00-04:00,10.56,10.57,10.5,10.5,0.0
2024-10-07 06:00:00-04:00,10.51,10.54,10.5,10.52,0.0
2024-10-07 07:00:00-04:00,10.53,10.53,10.52,10.52,0.0
2024-10-07 08:00:00-04:00,10.54,10.6,10.47,10.54,0.0
2024-10-07 09:00:00-04:00,10.54,10.57,10.52,10.54,0.0
2024-10-07 09:30:00-04:00,10.550000190734863,10.609999656677246,10.479999542236328,10.5600004196167,6437282.0
2024-10-07 10:30:00-04:00,10.5600004196167,10.569999694824219,10.489999771118164,10.515000343322754,4941243.0
2024-10-07 11:30:00-04:00,10.515000343322754,10.520000457763672,10.479999542236328,10.494999885559082,3948145.0
2024-10-07 12:30:00-04:00,10.494999885559082,10.539999961853027,10.489999771118164,10.524999618530273,2509921.0
2024-10-07 13:30:00-04:00,10.520000457763672,10.529999732971191,10.5,10.505000114440918,2427667.0
2024-10-07 14:30:00-04:00,10.5,10.505000114440918,10.449999809265137,10.46500015258789,6016990.0
2024-10-07 15:30:00-04:00,10.46500015258789,10.5,10.460000038146973,10.479999542236328,5207427.0
2024-10-07 16:00:00-04:00,10.49,10.5,10.47,10.495,0.0
2024-10-07 17:00:00-04:00,10.49,10.5,10.49,10.5,0.0
2024-10-07 18:00:00-04:00,10.49,10.51,10.48,10.48,0.0
2024-10-07 19:00:00-04:00,10.5,10.5,10.48,10.4997,0.0
2024-10-08 04:00:00-04:00,10.5,10.5,10.47,10.48,0.0
2024-10-08 05:00:00-04:00,10.48,10.5,10.48,10.49,0.0
2024-10-08 06:00:00-04:00,10.49,10.5,10.48,10.49,0.0
2024-10-08 07:00:00-04:00,10.49,10.52,10.48,10.52,0.0
2024-10-08 08:00:00-04:00,10.52,10.53,10.46,10.52,0.0
2024-10-08 09:00:00-04:00,10.52,10.52,10.5,10.52,0.0
2024-10-08 09:30:00-04:00,10.5,10.529999732971191,10.380000114440918,10.425000190734863,9756108.0
2024-10-08 10:30:00-04:00,10.425000190734863,10.5,10.40999984741211,10.470000267028809,6632783.0
2024-10-08 11:30:00-04:00,10.46500015258789,10.5,10.449999809265137,10.494999885559082,3885727.0
2024-10-08 12:30:00-04:00,10.5,10.510000228881836,10.479999542236328,10.494999885559082,3929954.0
2024-10-08 13:30:00-04:00,10.494999885559082,10.579999923706055,10.479999542236328,10.529999732971191,7166929.0
2024-10-08 14:30:00-04:00,10.529999732971191,10.550000190734863,10.510000228881836,10.52299976348877,4729429.0
2024-10-08 15:30:00-04:00,10.524999618530273,10.529999732971191,10.470000267028809,10.5,6871816.0
2024-10-08 16:00:00-04:00,10.49,10.51,10.48,10.49,0.0
2024-10-08 17:00:00-04:00,10.49,10.52,10.48,10.5,0.0
2024-10-08 18:00:00-04:00,10.51,10.52,10.49,10.4998,0.0
2024-10-08 19:00:00-04:00,10.5,10.5,10.49,10.495,0.0
2024-10-09 04:00:00-04:00,10.47,10.5,10.47,10.48,0.0
2024-10-09 05:00:00-04:00,10.48,10.49,10.47,10.49,0.0
2024-10-09 06:00:00-04:00,10.49,10.5,10.48,10.5,0.0
2024-10-09 07:00:00-04:00,10.49,10.5,10.49,10.49,0.0
2024-10-09 08:00:00-04:00,10.49,10.5,10.48,10.4802,0.0
2024-10-09 09:00:00-04:00,10.49,10.49,10.47,10.48,0.0
2024-10-09 09:30:00-04:00,10.489999771118164,10.579999923706055,10.4399995803833,10.520000457763672,6748396.0
2024-10-09 10:30:00-04:00,10.529999732971191,10.600000381469727,10.510000228881836,10.579999923706055,3711614.0
2024-10-09 11:30:00-04:00,10.585000038146973,10.649999618530273,10.579999923706055,10.640000343322754,5553431.0
2024-10-09 12:30:00-04:00,10.634099960327148,10.680000305175781,10.614999771118164,10.664999961853027,5788995.0
2024-10-09 13:30:00-04:00,10.664999961853027,10.670000076293945,10.614999771118164,10.649999618530273,4138044.0
2024-10-09 14:30:00-04:00,10.645000457763672,10.649999618530273,10.574999809265137,10.583600044250488,3712433.0
2024-10-09 15:30:00-04:00,10.585000038146973,10.619999885559082,10.569999694824219,10.609999656677246,5466327.0
2024-10-09 16:00:00-04:00,10.62,10.62,10.58,10.585,0.0
2024-10-09 17:00:00-04:00,10.585,10.62,10.5801,10.61,0.0
2024-10-09 18:00:00-04:00,10.609,10.61,10.59,10.6,0.0
2024-10-09 19:00:00-04:00,10.61,10.61,10.59,10.5999,0.0
2024-10-10 04:00:00-04:00,10.6,10.65,10.6,10.61,0.0
2024-10-10 05:00:00-04:00,10.61,10.62,10.61,10.61,0.0
2024-10-10 06:00:00-04:00,10.61,10.61,10.6,10.61,0.0
2024-10-10 07:00:00-04:00,10.61,10.62,10.6,10.61,0.0
2024-10-10 08:00:00-04:00,10.6,10.65,10.6,10.6197,0.0
2024-10-10 09:00:00-04:00,10.62,10.63,10.54,10.57,0.0
2024-10-10 09:30:00-04:00,10.579999923706055,10.670000076293945,10.539999961853027,10.625,5063042.0
2024-10-10 10:30:00-04:00,10.625,10.699999809265137,10.609999656677246,10.675000190734863,5231377.0
2024-10-10 11:30:00-04:00,10.680000305175781,10.699999809265137,10.65999984741211,10.6850004196167,3033697.0
2024-10-10 12:30:00-04:00,10.6850004196167,10.6899995803833,10.619999885559082,10.65999984741211,2765310.0
2024-10-10 13:30:00-04:00,10.65999984741211,10.65999984741211,10.630000114440918,10.645999908447266,2160460.0
2024-10-10 14:30:00-04:00,10.640000343322754,10.649999618530273,10.614999771118164,10.63379955291748,3310564.0
2024-10-10 15:30:00-04:00,10.640000343322754,10.680000305175781,10.614999771118164,10.680000305175781,5212843.0
2024-10-10 16:00:00-04:00,10.675,10.7,10.65,10.7,0.0
2024-10-10 17:00:00-04:00,10.69,10.7,10.66,10.665,0.0
2024-10-10 18:00:00-04:00,10.66,10.68,10.66,10.67,0.0
2024-10-10 19:00:00-04:00,10.66,10.7,10.66,10.69,0.0
2024-10-11 04:00:00-04:00,10.69,10.69,10.55,10.68,0.0
2024-10-11 05:00:00-04:00,10.67,10.68,10.66,10.67,0.0
2024-10-11 06:00:00-04:00,10.66,10.68,10.66,10.66,0.0
2024-10-11 07:00:00-04:00,10.68,10.69,10.66,10.69,0.0
2024-10-11 08:00:00-04:00,10.68,10.71,10.5748,10.675,0.0
2024-10-11 09:00:00-04:00,10.68,10.72,10.67,10.675,0.0
2024-10-11 09:30:00-04:00,10.640000343322754,10.760000228881836,10.630000114440918,10.755000114440918,4804089.0
2024-10-11 10:30:00-04:00,10.760000228881836,10.779999732971191,10.739999771118164,10.770000457763672,2744016.0
2024-10-11 11:30:00-04:00,10.763999938964844,10.770000457763672,10.739999771118164,10.755599975585938,1786635.0
2024-10-11 12:30:00-04:00,10.75,10.770000457763672,10.739999771118164,10.765000343322754,2372102.0
2024-10-11 13:30:00-04:00,10.770000457763672,10.800000190734863,10.760000228881836,10.776000022888184,2567180.0
2024-10-11 14:30:00-04:00,10.774999618530273,10.779999732971191,10.75,10.75,2950106.0
2024-10-11 15:30:00-04:00,10.75,10.760000228881836,10.710000038146973,10.720000267028809,7229322.0
2024-10-11 16:00:00-04:00,10.725,10.73,10.61,10.69,0.0
2024-10-11 17:00:00-04:00,10.69,10.72,10.68,10.71,0.0
2024-10-11 18:00:00-04:00,10.7,10.72,10.68,10.7,0.0
2024-10-11 19:00:00-04:00,10.71,10.71,10.7,10.71,0.0
2024-10-14 04:00:00-04:00,10.71,10.77,10.71,10.74,0.0
2024-10-14 05:00:00-04:00,10.73,10.74,10.72,10.73,0.0
2024-10-14 06:00:00-04:00,10.74,10.74,10.72,10.74,0.0
2024-10-14 07:00:00-04:00,10.74,10.75,10.72,10.74,0.0
2024-10-14 08:00:00-04:00,10.74,10.81,10.6912,10.7398,0.0
2024-10-14 09:00:00-04:00,10.74,10.74,10.72,10.73,0.0
2024-10-14 09:30:00-04:00,10.710000038146973,10.800000190734863,10.654999732971191,10.770000457763672,5598049.0
2024-10-14 10:30:00-04:00,10.76990032196045,10.869999885559082,10.760000228881836,10.850000381469727,6501049.0
2024-10-14 11:30:00-04:00,10.859999656677246,10.890000343322754,10.850000381469727,10.869999885559082,2947256.0
2024-10-14 12:30:00-04:00,10.875,10.890000343322754,10.859999656677246,10.864999771118164,2839917.0
2024-10-14 13:30:00-04:00,10.864999771118164,10.899999618530273,10.859999656677246,10.895000457763672,3616988.0
2024-10-14 14:30:00-04:00,10.895000457763672,10.90999984741211,10.880000114440918,10.909199714660645,3390291.0
2024-10-14 15:30:00-04:00,10.904999732971191,10.960000038146973,10.890000343322754,10.9399995803833,8035707.0
2024-10-14 16:00:00-04:00,10.95,10.95,10.9,10.925,0.0
2024-10-14 17:00:00-04:00,10.92,10.95,10.92,10.94,0.0
2024-10-14 18:00:00-04:00,10.94,10.9775,10.92,10.947,0.0
2024-10-14 19:00:00-04:00,10.93,10.95,10.93,10.9495,0.0
2024-10-15 04:00:00-04:00,10.92,10.96,10.92,10.935,0.0
2024-10-15 05:00:00-04:00,10.94,10.95,10.93,10.93,0.0
2024-10-15 06:00:00-04:00,10.94,10.94,10.93,10.93,0.0
2024-10-15 07:00:00-04:00,10.93,10.95,10.92,10.92,0.0
2024-10-15 08:00:00-04:00,10.92,10.98,10.91,10.935,0.0
2024-10-15 09:00:00-04:00,10.93,10.94,10.93,10.94,0.0
2024-10-15 09:30:00-04:00,10.90999984741211,10.989999771118164,10.84000015258789,10.9350004196167,8702945.0
2024-10-15 10:30:00-04:00,10.9350004196167,11.020000457763672,10.90999984741211,10.979999542236328,8395375.0
2024-10-15 11:30:00-04:00,10.984999656677246,10.989999771118164,10.9399995803833,10.965200424194336,3486360.0
2024-10-15 12:30:00-04:00,10.96500015258789,10.970000267028809,10.920000076293945,10.925000190734863,3014300.0
2024-10-15 13:30:00-04:00,10.925000190734863,10.979999542236328,10.90999984741211,10.914999961853027,5897455.0
2024-10-15 14:30:00-04:00,10.90999984741211,10.9399995803833,10.90999984741211,10.90999984741211,4336437.0
2024-10-15 15:30:00-04:00,10.90999984741211,10.916000366210938,10.819999694824219,10.864999771118164,8681655.0
2024-10-15 16:00:00-04:00,10.86,10.87,10.83,10.84,0.0
2024-10-15 17:00:00-04:00,10.85,10.85,10.84,10.85,0.0
2024-10-15 18:00:00-04:00,10.85,10.85,10.83,10.85,0.0
2024-10-15 19:00:00-04:00,10.84,10.87,10.84,10.8401,0.0
2024-10-16 04:00:00-04:00,10.85,10.88,10.84,10.87,0.0
2024-10-16 05:00:00-04:00,10.865,10.88,10.84,10.845,0.0
2024-10-16 06:00:00-04:00,10.84,10.88,10.84,10.88,0.0
2024-10-16 07:00:00-04:00,10.88,10.88,10.87,10.88,0.0
2024-10-16 08:00:00-04:00,10.88,10.89,10.85,10.89,0.0
2024-10-16 09:00:00-04:00,10.88,10.91,10.88,10.885,0.0
2024-10-16 09:30:00-04:00,10.890000343322754,11.180000305175781,10.890000343322754,11.029999732971191,13317760.0
2024-10-16 10:30:00-04:00,11.029999732971191,11.086000442504883,10.989999771118164,11.005000114440918,6029915.0
2024-10-16 11:30:00-04:00,11.010000228881836,11.020000457763672,10.979999542236328,10.984999656677246,2979409.0
2024-10-16 12:30:00-04:00,10.984999656677246,10.989999771118164,10.960000038146973,10.975600242614746,2429514.0
2024-10-16 13:30:00-04:00,10.977973937988281,11.029999732971191,10.970000267028809,11.02400016784668,2327793.0
2024-10-16 14:30:00-04:00,11.020000457763672,11.050000190734863,11.010000228881836,11.015000343322754,3037540.0
2024-10-16 15:30:00-04:00,11.015000343322754,11.050000190734863,11.010000228881836,11.039999961853027,5930557.0
2024-10-16 16:00:00-04:00,11.04,11.05,11.02,11.03,0.0
2024-10-16 17:00:00-04:00,11.03,11.05,11.03,11.03,0.0
2024-10-16 18:00:00-04:00,11.03,11.05,11.03,11.04,0.0
2024-10-16 19:00:00-04:00,11.03,11.05,11.03,11.04,0.0
2024-10-17 04:00:00-04:00,11.01,11.06,11.0,11.06,0.0
2024-10-17 05:00:00-04:00,11.05,11.07,11.05,11.07,0.0
2024-10-17 06:00:00-04:00,11.07,11.07,11.05,11.05,0.0
2024-10-17 07:00:00-04:00,11.05,11.06,11.04,11.05,0.0
2024-10-17 08:00:00-04:00,11.04,11.1,11.03,11.04,0.0
2024-10-17 09:00:00-04:00,11.05,11.06,11.03,11.06,0.0
2024-10-17 09:30:00-04:00,11.039999961853027,11.119999885559082,10.9350004196167,11.013999938964844,6547436.0
2024-10-17 10:30:00-04:00,11.019100189208984,11.050000190734863,11.0,11.036700248718262,3570740.0
2024-10-17 11:30:00-04:00,11.03499984741211,11.109999656677246,11.029999732971191,11.100000381469727,3787162.0
2024-10-17 12:30:00-04:00,11.096699714660645,11.109999656677246,11.079999923706055,11.104999542236328,3923305.0
2024-10-17 13:30:00-04:00,11.109999656677246,11.130000114440918,11.09000015258789,11.109999656677246,3143230.0
2024-10-17 14:30:00-04:00,11.104999542236328,11.109999656677246,11.0600004196167,11.074999809265137,3084807.0
2024-10-17 15:30:00-04:00,11.074999809265137,11.09000015258789,11.050000190734863,11.069999694824219,4959512.0
2024-10-17 16:00:00-04:00,11.07,11.08,11.05,11.07,0.0
2024-10-17 17:00:00-04:00,11.065,11.07,11.05,11.065,0.0
2024-10-17 18:00:00-04:00,11.07,11.07,11.05,11.06,0.0
2024-10-17 19:00:00-04:00,11.06,11.07,11.03,11.05,0.0
2024-10-18 04:00:00-04:00,11.06,11.1,11.03,11.06,0.0
2024-10-18 05:00:00-04:00,11.07,11.08,11.05,11.08,0.0
2024-10-18 06:00:00-04:00,11.07,11.12,11.06,11.11,0.0
2024-10-18 07:00:00-04:00,11.11,11.14,11.1,11.13,0.0
2024-10-18 08:00:00-04:00,11.13,11.15,11.05,11.14,0.0
2024-10-18 09:00:00-04:00,11.15,11.16,11.14,11.16,0.0
2024-10-18 09:30:00-04:00,11.15999984741211,11.170000076293945,11.039999961853027,11.119999885559082,6031428.0
2024-10-18 10:30:00-04:00,11.119999885559082,11.130000114440918,11.09000015258789,11.114999771118164,2998402.0
2024-10-18 11:30:00-04:00,11.114999771118164,11.130000114440918,11.109999656677246,11.125,2133166.0
2024-10-18 12:30:00-04:00,11.125,11.130000114440918,11.100000381469727,11.114999771118164,1790858.0
2024-10-18 13:30:00-04:00,11.114999771118164,11.119999885559082,11.085000038146973,11.090100288391113,1868101.0
2024-10-18 14:30:00-04:00,11.100000381469727,11.100000381469727,11.0600004196167,11.069999694824219,2181084.0
2024-10-18 15:30:00-04:00,11.0649995803833,11.119999885559082,11.050000190734863,11.100000381469727,5206459.0
2024-10-18 16:00:00-04:00,11.0902,11.1,11.07,11.08,0.0
2024-10-18 17:00:00-04:00,11.07,11.1,11.07,11.08,0.0
2024-10-18 18:00:00-04:00,11.07,11.09,11.07,11.09,0.0
2024-10-18 19:00:00-04:00,11.0898,11.09,11.07,11.08,0.0
2024-10-21 04:00:00-04:00,11.08,11.12,11.08,11.09,0.0
2024-10-21 05:00:00-04:00,11.1,11.1,11.09,11.09,0.0
2024-10-21 06:00:00-04:00,11.09,11.1,11.09,11.1,0.0
2024-10-21 07:00:00-04:00,11.1,11.1,11.06,11.06,0.0
2024-10-21 08:00:00-04:00,11.065,11.14,11.06,11.065,0.0
2024-10-21 09:00:00-04:00,11.07,11.1,11.06,11.08,0.0
2024-10-21 09:30:00-04:00,11.079999923706055,11.15999984741211,11.069999694824219,11.104999542236328,5325329.0
2024-10-21 10:30:00-04:00,11.104499816894531,11.109999656677246,10.970000267028809,10.984999656677246,5318918.0
2024-10-21 11:30:00-04:00,10.984999656677246,10.989999771118164,10.949999809265137,10.970000267028809,3600956.0
2024-10-21 12:30:00-04:00,10.96500015258789,11.0,10.960000038146973,10.984999656677246,2058013.0
2024-10-21 13:30:00-04:00,10.989999771118164,10.989999771118164,10.944999694824219,10.953900337219238,2275577.0
2024-10-21 14:30:00-04:00,10.949999809265137,10.960000038146973,10.920000076293945,10.920000076293945,4976275.0
2024-10-21 15:30:00-04:00,10.920000076293945,10.930000305175781,10.859999656677246,10.880000114440918,8015933.0
2024-10-21 16:00:00-04:00,10.8725,10.95,10.8725,10.92,0.0
2024-10-21 17:00:00-04:00,10.93,11.17,10.54,10.915,0.0
2024-10-21 18:00:00-04:00,10.91,10.93,10.91,10.91,0.0
2024-10-21 19:00:00-04:00,10.92,10.92,10.9,10.91,0.0
2024-10-22 04:00:00-04:00,10.89,10.92,10.88,10.9,0.0
2024-10-22 05:00:00-04:00,10.88,10.93,10.88,10.93,0.0
2024-10-22 06:00:00-04:00,10.94,10.94,10.88,10.92,0.0
2024-10-22 07:00:00-04:00,10.94,11.04,10.84,10.87,0.0
2024-10-22 08:00:00-04:00,10.87,11.0002,10.78,10.83,0.0
2024-10-22 09:00:00-04:00,10.84,10.92,10.79,10.91,0.0
2024-10-22 09:30:00-04:00,10.920000076293945,11.119999885559082,10.920000076293945,11.03499984741211,14006204.0
2024-10-22 10:30:00-04:00,11.03499984741211,11.079999923706055,10.989999771118164,11.010000228881836,5311940.0
2024-10-22 11:30:00-04:00,11.0,11.055999755859375,11.0,11.015000343322754,3488257.0
2024-10-22 12:30:00-04:00,11.015000343322754,11.029999732971191,11.0,11.015000343322754,2581271.0
2024-10-22 13:30:00-04:00,11.015000343322754,11.079999923706055,11.005000114440918,11.074999809265137,4830934.0
2024-10-22 14:30:00-04:00,11.074999809265137,11.149999618530273,11.055000305175781,11.140000343322754,8457922.0
2024-10-22 15:30:00-04:00,11.140000343322754,11.140000343322754,11.100000381469727,11.11620044708252,7791138.0
2024-10-22 16:00:00-04:00,11.11,11.12,11.08,11.095,0.0
2024-10-22 17:00:00-04:00,11.09,11.11,11.09,11.09,0.0
2024-10-22 18:00:00-04:00,11.1,11.1,11.09,11.095,0.0
2024-10-22 19:00:00-04:00,11.09,11.1,11.09,11.095,0.0
2024-10-23 04:00:00-04:00,11.1,11.2,11.1,11.13,0.0
2024-10-23 05:00:00-04:00,11.13,11.15,11.12,11.13,0.0
2024-10-23 06:00:00-04:00,11.13,11.14,11.08,11.1,0.0
2024-10-23 07:00:00-04:00,11.1,11.11,11.09,11.11,0.0
2024-10-23 08:00:00-04:00,11.11,11.2,11.07,11.09,0.0
2024-10-23 09:00:00-04:00,11.0999,11.1,11.06,11.075,0.0
2024-10-23 09:30:00-04:00,11.109999656677246,11.1899995803833,11.09000015258789,11.119999885559082,7879038.0
2024-10-23 10:30:00-04:00,11.125,11.180000305175781,11.104999542236328,11.15999984741211,4134375.0
2024-10-23 11:30:00-04:00,11.164999961853027,11.239999771118164,11.15999984741211,11.21500015258789,5210724.0
2024-10-23 12:30:00-04:00,11.210000038146973,11.220000267028809,11.100500106811523,11.114999771118164,3387891.0
2024-10-23 13:30:00-04:00,11.114999771118164,11.116000175476074,11.020000457763672,11.03499984741211,3465628.0
2024-10-23 14:30:00-04:00,11.03499984741211,11.076000213623047,11.029999732971191,11.060199737548828,3625657.0
2024-10-23 15:30:00-04:00,11.0600004196167,11.09000015258789,11.039999961853027,11.059900283813477,6144538.0
2024-10-23 16:00:00-04:00,11.055,11.09,11.05,11.055,0.0
2024-10-23 17:00:00-04:00,11.0599,11.1,11.05,11.08,0.0
2024-10-23 18:00:00-04:00,11.09,11.09,11.07,11.0803,0.0
2024-10-23 19:00:00-04:00,11.09,11.12,11.07,11.08,0.0
2024-10-24 04:00:00-04:00,11.1,11.16,11.07,11.16,0.0
2024-10-24 05:00:00-04:00,11.15,11.19,11.14,11.18,0.0
2024-10-24 06:00:00-04:00,11.18,11.18,11.17,11.17,0.0
2024-10-24 07:00:00-04:00,11.16,11.3,11.16,11.269,0.0
2024-10-24 08:00:00-04:00,11.26,11.3,11.09,11.25,0.0
2024-10-24 09:00:00-04:00,11.25,11.28,11.21,11.22,0.0
2024-10-24 09:30:00-04:00,11.239999771118164,11.25,11.09000015258789,11.149999618530273,9497696.0
2024-10-24 10:30:00-04:00,11.145000457763672,11.220000267028809,11.140000343322754,11.204999923706055,5431009.0
2024-10-24 11:30:00-04:00,11.204999923706055,11.210000038146973,11.069999694824219,11.095000267028809,5867207.0
2024-10-24 12:30:00-04:00,11.095000267028809,11.140000343322754,11.09000015258789,11.125,3288821.0
2024-10-24 13:30:00-04:00,11.119999885559082,11.140000343322754,11.09000015258789,11.129899978637695,3297110.0
2024-10-24 14:30:00-04:00,11.125,11.199999809265137,11.11400032043457,11.181699752807617,4628707.0
2024-10-24 15:30:00-04:00,11.180999755859375,11.25,11.180000305175781,11.234999656677246,8664227.0
2024-10-24 16:00:00-04:00,11.23,11.25,11.21,11.21,0.0
2024-10-24 17:00:00-04:00,11.21,11.22,11.2,11.21,0.0
2024-10-24 18:00:00-04:00,11.21,11.23,11.2,11.215,0.0
2024-10-24 19:00:00-04:00,11.22,11.23,11.2,11.2,0.0
2024-10-25 04:00:00-04:00,11.24,11.25,11.2,11.24,0.0
2024-10-25 05:00:00-04:00,11.22,11.25,11.22,11.25,0.0
2024-10-25 06:00:00-04:00,11.24,11.28,11.23,11.27,0.0
2024-10-25 07:00:00-04:00,11.27,11.27,11.23,11.255,0.0
2024-10-25 08:00:00-04:00,11.255,11.265,11.19,11.25,0.0
2024-10-25 09:00:00-04:00,11.25,11.26,11.24,11.25,0.0
2024-10-25 09:30:00-04:00,11.279999732971191,11.329999923706055,11.15999984741211,11.207300186157227,6405990.0
2024-10-25 10:30:00-04:00,11.210000038146973,11.220000267028809,11.119999885559082,11.125,5328129.0
2024-10-25 11:30:00-04:00,11.125,11.149999618530273,11.100000381469727,11.114999771118164,4005443.0
2024-10-25 12:30:00-04:00,11.114999771118164,11.119999885559082,11.050000190734863,11.0649995803833,5119219.0
2024-10-25 13:30:00-04:00,11.0649995803833,11.079999923706055,11.015000343322754,11.074999809265137,4222664.0
2024-10-25 14:30:00-04:00,11.074999809265137,11.119999885559082,11.0600004196167,11.095000267028809,4841437.0
2024-10-25 15:30:00-04:00,11.095000267028809,11.100000381469727,11.0600004196167,11.074999809265137,5380113.0
2024-10-25 16:00:00-04:00,11.07,11.12,11.06,11.1,0.0
2024-10-25 17:00:00-04:00,11.1,11.12,11.09,11.0901,0.0
2024-10-25 18:00:00-04:00,11.11,11.12,11.06,11.1,0.0
2024-10-25 19:00:00-04:00,11.1099,11.11,11.08,11.11,0.0
2024-10-28 04:00:00-04:00,11.08,11.15,11.08,11.13,0.0
2024-10-28 05:00:00-04:00,11.12,11.17,11.12,11.16,0.0
2024-10-28 06:00:00-04:00,11.16,11.17,11.15,11.17,0.0
2024-10-28 07:00:00-04:00,11.17,11.17,11.15,11.17,0.0
2024-10-28 08:00:00-04:00,11.18,11.18,11.1,11.17,0.0
2024-10-28 09:00:00-04:00,11.17,11.18,11.07,11.1797,0.0
2024-10-28 09:30:00-04:00,11.164999961853027,11.274999618530273,11.121199607849121,11.265899658203125,14477149.0
2024-10-28 10:30:00-04:00,11.265000343322754,11.319999694824219,11.25,11.305000305175781,8915176.0
2024-10-28 11:30:00-04:00,11.305000305175781,11.3100004196167,11.270000457763672,11.3100004196167,5360936.0
2024-10-28 12:30:00-04:00,11.305000305175781,11.34000015258789,11.279999732971191,11.3149995803833,8501474.0
2024-10-28 13:30:00-04:00,11.3149995803833,11.34000015258789,11.300000190734863,11.324999809265137,7743213.0
2024-10-28 14:30:00-04:00,11.324999809265137,11.350000381469727,11.300000190734863,11.319999694824219,8879817.0
2024-10-28 15:30:00-04:00,11.329999923706055,11.390000343322754,11.319999694824219,11.380000114440918,17434218.0
2024-10-28 16:00:00-04:00,11.37,11.82,10.7,10.8,0.0
2024-10-28 17:00:00-04:00,10.8,10.81,10.72,10.75,0.0
2024-10-28 18:00:00-04:00,10.75,10.75,10.65,10.685,0.0
2024-10-28 19:00:00-04:00,10.69,10.71,10.65,10.69,0.0
2024-10-29 04:00:00-04:00,10.8,10.8,10.67,10.69,0.0
2024-10-29 05:00:00-04:00,10.7,10.7,10.65,10.68,0.0
2024-10-29 06:00:00-04:00,10.68,10.71,10.66,10.67,0.0
2024-10-29 07:00:00-04:00,10.67,10.81,10.66,10.74,0.0
2024-10-29 08:00:00-04:00,10.74,10.86,10.53,10.61,0.0
2024-10-29 09:00:00-04:00,10.62,11.37,10.48,10.58,0.0
2024-10-29 09:30:00-04:00,10.529999732971191,10.550000190734863,10.180000305175781,10.404999732971191,54957148.0
2024-10-29 10:30:00-04:00,10.404999732971191,10.40999984741211,10.300000190734863,10.354999542236328,21350062.0
2024-10-29 11:30:00-04:00,10.359700202941895,10.470000267028809,10.34000015258789,10.359999656677246,15676645.0
2024-10-29 12:30:00-04:00,10.354999542236328,10.40999984741211,10.329999923706055,10.390000343322754,10977544.0
2024-10-29 13:30:00-04:00,10.390000343322754,10.4399995803833,10.380000114440918,10.421500205993652,10721967.0
2024-10-29 14:30:00-04:00,10.425000190734863,10.470000267028809,10.420000076293945,10.444999694824219,12623680.0
2024-10-29 15:30:00-04:00,10.444999694824219,10.479999542236328,10.390000343322754,10.404999732971191,19046733.0
2024-10-29 16:00:00-04:00,10.405,10.45,10.39,10.43,0.0
2024-10-29 17:00:00-04:00,10.43,10.43,10.41,10.42,0.0
2024-10-29 18:00:00-04:00,10.42,10.43,10.41,10.41,0.0
2024-10-29 19:00:00-04:00,10.42,10.42,10.41,10.41,0.0
2024-10-30 04:00:00-04:00,10.43,10.47,10.42,10.44,0.0
2024-10-30 05:00:00-04:00,10.43,10.44,10.4,10.41,0.0
2024-10-30 06:00:00-04:00,10.41,10.43,10.41,10.43,0.0
2024-10-30 07:00:00-04:00,10.42,10.44,10.4,10.4,0.0
2024-10-30 08:00:00-04:00,10.4,10.49,10.4,10.41,0.0
2024-10-30 09:00:00-04:00,10.4,10.41,10.4,10.4,0.0
2024-10-30 09:30:00-04:00,10.395000457763672,10.420000076293945,10.329999923706055,10.379899978637695,11156109.0
2024-10-30 10:30:00-04:00,10.375,10.460000038146973,10.369999885559082,10.430000305175781,6053334.0
2024-10-30 11:30:00-04:00,10.430000305175781,10.460000038146973,10.420000076293945,10.444999694824219,5188156.0
2024-10-30 12:30:00-04:00,10.4399995803833,10.529999732971191,10.4399995803833,10.475000381469727,5941826.0
2024-10-30 13:30:00-04:00,10.475000381469727,10.5,10.460000038146973,10.494999885559082,3569766.0
2024-10-30 14:30:00-04:00,10.5,10.510000228881836,10.479999542236328,10.494999885559082,4986067.0
2024-10-30 15:30:00-04:00,10.494999885559082,10.5,10.460000038146973,10.470000267028809,8313444.0
2024-10-30 16:00:00-04:00,10.47,10.48,10.45,10.465,0.0
2024-10-30 17:00:00-04:00,10.47,10.52,10.45,10.46,0.0
2024-10-30 18:00:00-04:00,10.45,10.46,10.43,10.45,0.0
2024-10-30 19:00:00-04:00,10.44,10.47,10.4,10.4204,0.0
2024-10-31 04:00:00-04:00,10.42,10.47,10.41,10.43,0.0
2024-10-31 05:00:00-04:00,10.425,10.46,10.42,10.45,0.0
2024-10-31 06:00:00-04:00,10.45,10.47,10.44,10.47,0.0
2024-10-31 07:00:00-04:00,10.47,10.47,10.45,10.47,0.0
2024-10-31 08:00:00-04:00,10.47,10.48,10.42,10.45,0.0
2024-10-31 09:00:00-04:00,10.46,10.47,10.45,10.46,0.0
2024-10-31 09:30:00-04:00,10.430000305175781,10.470000267028809,10.3100004196167,10.359999656677246,11106699.0
2024-10-31 10:30:00-04:00,10.361000061035156,10.399999618530273,10.279999732971191,10.324999809265137,8019558.0
2024-10-31 11:30:00-04:00,10.319999694824219,10.345000267028809,10.300000190734863,10.324999809265137,4576218.0
2024-10-31 12:30:00-04:00,10.324999809265137,10.34000015258789,10.279999732971191,10.324999809265137,7231134.0
2024-10-31 13:30:00-04:00,10.324999809265137,10.329999923706055,10.279999732971191,10.28499984741211,5897490.0
2024-10-31 14:30:00-04:00,10.28499984741211,10.289999961853027,10.25,10.265000343322754,7817263.0
2024-10-31 15:30:00-04:00,10.265000343322754,10.319999694824219,10.239999771118164,10.289999961853027,12550870.0
2024-10-31 16:00:00-04:00,10.29,10.32,10.27,10.295,0.0
2024-10-31 17:00:00-04:00,10.2999,10.3,10.28,10.29,0.0
2024-10-31 18:00:00-04:00,10.295,10.3,10.28,10.295,0.0
2024-10-31 19:00:00-04:00,10.295,10.3,10.29,10.2997,0.0
2024-11-01 04:00:00-04:00,10.31,10.33,10.31,10.31,0.0
2024-11-01 05:00:00-04:00,10.32,10.32,10.3,10.31,0.0
2024-11-01 06:00:00-04:00,10.31,10.32,10.29,10.31,0.0
2024-11-01 07:00:00-04:00,10.32,10.33,10.31,10.32,0.0
2024-11-01 08:00:00-04:00,10.33,10.34,10.29,10.325,0.0
2024-11-01 09:00:00-04:00,10.33,10.38,10.3,10.37,0.0
2024-11-01 09:30:00-04:00,10.329999923706055,10.40999984741211,10.295000076293945,10.389900207519531,8185768.0
2024-11-01 10:30:00-04:00,10.385000228881836,10.390000343322754,10.34000015258789,10.364999771118164,5011589.0
2024-11-01 11:30:00-04:00,10.364999771118164,10.380000114440918,10.329999923706055,10.329999923706055,3307441.0
2024-11-01 12:30:00-04:00,10.335000038146973,10.34000015258789,10.289999961853027,10.300000190734863,3892984.0
2024-11-01 13:30:00-04:00,10.305000305175781,10.306699752807617,10.229999542236328,10.274999618530273,6310603.0
2024-11-01 14:30:00-04:00,10.274999618530273,10.289999961853027,10.229999542236328,10.234999656677246,5389443.0
2024-11-01 15:30:00-04:00,10.234999656677246,10.239999771118164,10.199999809265137,10.21500015258789,7321469.0
2024-11-01 16:00:00-04:00,10.22,10.2909,10.19,10.215,0.0
2024-11-01 17:00:00-04:00,10.22,10.22,10.2,10.22,0.0
2024-11-01 18:00:00-04:00,10.22,10.23,10.21,10.22,0.0
2024-11-01 19:00:00-04:00,10.215,10.22,10.21,10.215,0.0
2024-11-04 04:00:00-05:00,10.24,10.24,10.16,10.18,0.0
2024-11-04 05:00:00-05:00,10.18,10.22,10.17,10.22,0.0
2024-11-04 06:00:00-05:00,10.21,10.24,10.21,10.23,0.0
2024-11-04 07:00:00-05:00,10.23,10.24,10.22,10.23,0.0
2024-11-04 08:00:00-05:00,10.23,10.25,10.18,10.25,0.0
2024-11-04 09:00:00-05:00,10.24,10.25,10.23,10.23,0.0
2024-11-04 09:30:00-05:00,10.229999542236328,10.569999694824219,10.229999542236328,10.524999618530273,16468101.0
2024-11-04 10:30:00-05:00,10.521900177001953,10.550000190734863,10.430000305175781,10.430000305175781,6959274.0
2024-11-04 11:30:00-05:00,10.430000305175781,10.4399995803833,10.369999885559082,10.41670036315918,5856745.0
2024-11-04 12:30:00-05:00,10.414999961853027,10.4399995803833,10.369999885559082,10.397100448608398,4249137.0
2024-11-04 13:30:00-05:00,10.399999618530273,10.399999618530273,10.364999771118164,10.364999771118164,3547154.0
2024-11-04 14:30:00-05:00,10.364999771118164,10.390000343322754,10.34000015258789,10.375,4905214.0
2024-11-04 15:30:00-05:00,10.375,10.380000114440918,10.34000015258789,10.359999656677246,7822120.0
2024-11-04 16:00:00-05:00,10.37,10.37,10.36,10.37,0.0
2024-11-04 17:00:00-05:00,10.36,10.37,10.36,10.365,0.0
2024-11-04 18:00:00-05:00,10.37,10.37,10.36,10.37,0.0
2024-11-05 04:00:00-05:00,10.38,10.41,10.38,10.39,0.0
2024-11-05 05:00:00-05:00,10.38,10.39,10.38,10.39,0.0
2024-11-05 06:00:00-05:00,10.39,10.4,10.38,10.39,0.0
2024-11-05 07:00:00-05:00,10.39,10.41,10.39,10.41,0.0
2024-11-05 08:00:00-05:00,10.37,10.41,10.35,10.4098,0.0
2024-11-05 09:00:00-05:00,10.41,10.42,10.35,10.37,0.0
2024-11-05 09:30:00-05:00,10.329899787902832,10.5600004196167,10.300000190734863,10.550100326538086,9792661.0
2024-11-05 10:30:00-05:00,10.555000305175781,10.579999923706055,10.520000457763672,10.5600004196167,7443342.0
2024-11-05 11:30:00-05:00,10.5649995803833,10.579999923706055,10.550000190734863,10.569899559020996,3379171.0
2024-11-05 12:30:00-05:00,10.5649995803833,10.579999923706055,10.524999618530273,10.539999961853027,2794074.0
2024-11-05 13:30:00-05:00,10.538399696350098,10.574999809265137,10.524999618530273,10.559900283813477,4625720.0
2024-11-05 14:30:00-05:00,10.555000305175781,10.579999923706055,10.529999732971191,10.5600004196167,5741326.0
2024-11-05 15:30:00-05:00,10.569999694824219,10.640000343322754,10.5600004196167,10.609999656677246,10803897.0
2024-11-05 16:00:00-05:00,10.61,10.62,10.57,10.58,0.0
2024-11-05 17:00:00-05:00,10.58,10.59,10.58,10.59,0.0
2024-11-05 18:00:00-05:00,10.59,10.59,10.58,10.58,0.0
2024-11-06 04:00:00-05:00,10.7,11.02,10.7,10.96,0.0
2024-11-06 05:00:00-05:00,10.96,11.05,10.9,10.92,0.0
2024-11-06 06:00:00-05:00,10.91,11.03,10.91,11.0,0.0
2024-11-06 07:00:00-05:00,11.01,11.06,10.82,10.87,0.0
2024-11-06 08:00:00-05:00,10.87,11.05,10.71,10.9198,0.0
2024-11-06 09:00:00-05:00,10.91,10.92,10.81,10.89,0.0
2024-11-06 09:30:00-05:00,10.949999809265137,11.085000038146973,10.835000038146973,10.954999923706055,28195589.0
2024-11-06 10:30:00-05:00,10.959400177001953,11.050000190734863,10.9399995803833,11.024999618530273,11804139.0
2024-11-06 11:30:00-05:00,11.020000457763672,11.039999961853027,10.989999771118164,11.030099868774414,9212827.0
2024-11-06 12:30:00-05:00,11.03499984741211,11.1899995803833,11.020000457763672,11.145000457763672,11744683.0
2024-11-06 13:30:00-05:00,11.145000457763672,11.210000038146973,11.119999885559082,11.1899995803833,8636428.0
2024-11-06 14:30:00-05:00,11.194999694824219,11.229999542236328,11.1899995803833,11.203900337219238,9185206.0
2024-11-06 15:30:00-05:00,11.204999923706055,11.21500015258789,11.170000076293945,11.1899995803833,11663823.0
2024-11-06 16:00:00-05:00,11.195,11.195,11.12,11.1499,0.0
2024-11-06 17:00:00-05:00,11.15,11.19,11.14,11.17,0.0
2024-11-06 18:00:00-05:00,11.18,11.2,11.16,11.2,0.0
2024-11-07 04:00:00-05:00,11.3,11.3,10.77,11.07,0.0
2024-11-07 05:00:00-05:00,11.08,11.09,11.03,11.03,0.0
2024-11-07 06:00:00-05:00,11.04,11.05,10.75,10.82,0.0
2024-11-07 07:00:00-05:00,10.82,10.96,10.82,10.93,0.0
2024-11-07 08:00:00-05:00,10.94,11.27,10.7697,10.95,0.0
2024-11-07 09:00:00-05:00,10.96,10.97,10.9,10.92,0.0
2024-11-07 09:30:00-05:00,11.005000114440918,11.095000267028809,10.829999923706055,11.09000015258789,15262783.0
2024-11-07 10:30:00-05:00,11.095000267028809,11.109999656677246,11.010000228881836,11.029999732971191,7227342.0
2024-11-07 11:30:00-05:00,11.024999618530273,11.069999694824219,11.0,11.055000305175781,5355229.0
2024-11-07 12:30:00-05:00,11.055000305175781,11.0600004196167,10.989999771118164,11.015000343322754,3939223.0
2024-11-07 13:30:00-05:00,11.015000343322754,11.020000457763672,10.970000267028809,11.010000228881836,4492354.0
2024-11-07 14:30:00-05:00,11.010000228881836,11.029999732971191,10.949999809265137,10.981900215148926,6404424.0
2024-11-07 15:30:00-05:00,10.979999542236328,10.989999771118164,10.949999809265137,10.960000038146973,6617572.0
2024-11-07 16:00:00-05:00,10.955,10.98,10.95,10.98,0.0
2024-11-07 17:00:00-05:00,10.98,10.98,10.96,10.97,0.0
2024-11-07 18:00:00-05:00,10.9698,10.97,10.96,10.965,0.0
2024-11-08 04:00:00-05:00,10.96,11.01,10.96,10.99,0.0
2024-11-08 05:00:00-05:00,11.0,11.0,10.91,10.91,0.0
2024-11-08 06:00:00-05:00,10.91,10.92,10.85,10.89,0.0
2024-11-08 07:00:00-05:00,10.89,10.94,10.89,10.92,0.0
2024-11-08 08:00:00-05:00,10.92,11.01,10.85,10.9112,0.0
2024-11-08 09:00:00-05:00,10.91,10.92,10.9,10.91,0.0
2024-11-08 09:30:00-05:00,10.930000305175781,10.949999809265137,10.859999656677246,10.90999984741211,7402447.0
2024-11-08 10:30:00-05:00,10.904999732971191,10.960000038146973,10.890000343322754,10.930000305175781,6402085.0
2024-11-08 11:30:00-05:00,10.93850040435791,10.9399995803833,10.899999618530273,10.920000076293945,4596417.0
2024-11-08 12:30:00-05:00,10.925000190734863,10.930000305175781,10.90999984741211,10.920000076293945,2583863.0
2024-11-08 13:30:00-05:00,10.914999961853027,10.949999809265137,10.90999984741211,10.925000190734863,3129381.0
2024-11-08 14:30:00-05:00,10.925000190734863,10.930000305175781,10.899999618530273,10.90999984741211,3886293.0
2024-11-08 15:30:00-05:00,10.915800094604492,10.970000267028809,10.899999618530273,10.960000038146973,7943975.0
2024-11-08 16:00:00-05:00,10.97,10.99,10.93,10.98,0.0
2024-11-08 17:00:00-05:00,10.98,10.98,10.97,10.98,0.0
2024-11-08 18:00:00-05:00,10.9799,10.98,10.97,10.98,0.0
2024-11-11 04:00:00-05:00,10.99,11.04,10.96,11.01,0.0
2024-11-11 05:00:00-05:00,11.02,11.02,11.0,11.01,0.0
2024-11-11 06:00:00-05:00,11.0,11.0,10.98,10.99,0.0
2024-11-11 07:00:00-05:00,10.99,11.07,10.99,11.07,0.0
2024-11-11 08:00:00-05:00,11.06,11.09,10.98,11.07,0.0
2024-11-11 09:00:00-05:00,11.075,11.08,11.06,11.08,0.0
2024-11-11 09:30:00-05:00,11.060099601745605,11.210000038146973,11.020000457763672,11.204999923706055,11357696.0
2024-11-11 10:30:00-05:00,11.210000038146973,11.229999542236328,11.170000076293945,11.197491645812988,6712313.0
2024-11-11 11:30:00-05:00,11.1899995803833,11.319999694824219,11.180000305175781,11.289999961853027,8376677.0
2024-11-11 12:30:00-05:00,11.28499984741211,11.300000190734863,11.229999542236328,11.239999771118164,5896071.0
2024-11-11 13:30:00-05:00,11.244999885559082,11.279999732971191,11.229999542236328,11.26550006866455,3939358.0
2024-11-11 14:30:00-05:00,11.260000228881836,11.270000457763672,11.220000267028809,11.260000228881836,4147694.0
2024-11-11 15:30:00-05:00,11.270000457763672,11.279999732971191,11.229999542236328,11.239999771118164,8053655.0
2024-11-11 16:00:00-05:00,11.24,11.24,11.14,11.19,0.0
2024-11-11 17:00:00-05:00,11.1801,11.23,11.18,11.23,0.0
2024-11-11 18:00:00-05:00,11.21,11.22,11.19,11.205,0.0
2024-11-12 04:00:00-05:00,11.22,11.24,11.2,11.2,0.0
2024-11-12 05:00:00-05:00,11.21,11.21,11.14,11.15,0.0
2024-11-12 06:00:00-05:00,11.15,11.15,11.0,11.13,0.0
2024-11-12 07:00:00-05:00,11.13,11.16,11.11,11.11,0.0
2024-11-12 08:00:00-05:00,11.115,11.24,11.05,11.12,0.0
2024-11-12 09:00:00-05:00,11.12,11.13,11.1,11.11,0.0
2024-11-12 09:30:00-05:00,11.140000343322754,11.300000190734863,11.069999694824219,11.100000381469727,9401426.0
2024-11-12 10:30:00-05:00,11.095000267028809,11.140000343322754,11.020000457763672,11.02929973602295,6261552.0
2024-11-12 11:30:00-05:00,11.029899597167969,11.029999732971191,10.970000267028809,11.024999618530273,5254331.0
2024-11-12 12:30:00-05:00,11.022299766540527,11.039999961853027,10.949999809265137,10.975000381469727,3769595.0
2024-11-12 13:30:00-05:00,10.975000381469727,11.109999656677246,10.970000267028809,11.100000381469727,4407429.0
2024-11-12 14:30:00-05:00,11.100000381469727,11.119999885559082,11.079999923706055,11.09000015258789,3710498.0
2024-11-12 15:30:00-05:00,11.100000381469727,11.109999656677246,11.050000190734863,11.109999656677246,7394187.0
2024-11-12 16:00:00-05:00,11.09,11.12,11.075,11.12,0.0
2024-11-12 17:00:00-05:00,11.12,11.13,11.08,11.09,0.0
2024-11-12 18:00:00-05:00,11.1,11.12,11.07,11.1,0.0
2024-11-13 04:00:00-05:00,11.09,11.1,10.98,11.08,0.0
2024-11-13 05:00:00-05:00,11.08,11.09,11.06,11.075,0.0
2024-11-13 06:00:00-05:00,11.07,11.075,11.055,11.055,0.0
2024-11-13 07:00:00-05:00,11.05,11.08,11.05,11.055,0.0
2024-11-13 08:00:00-05:00,11.06,11.1,10.9888,11.05,0.0
2024-11-13 09:00:00-05:00,11.04,11.155,11.03,11.135,0.0
2024-11-13 09:30:00-05:00,11.119999885559082,11.170000076293945,11.020000457763672,11.100000381469727,12001597.0
2024-11-13 10:30:00-05:00,11.09000015258789,11.140000343322754,11.069999694824219,11.130000114440918,8164395.0
2024-11-13 11:30:00-05:00,11.135000228881836,11.140000343322754,11.09000015258789,11.095000267028809,4763482.0
2024-11-13 12:30:00-05:00,11.095000267028809,11.109999656677246,11.069999694824219,11.074999809265137,2746110.0
2024-11-13 13:30:00-05:00,11.074999809265137,11.100000381469727,11.050000190734863,11.055000305175781,2437744.0
2024-11-13 14:30:00-05:00,11.056099891662598,11.079999923706055,11.020000457763672,11.079999923706055,3413259.0
2024-11-13 15:30:00-05:00,11.071599960327148,11.119999885559082,11.069999694824219,11.104999542236328,5281023.0
2024-11-13 16:00:00-05:00,11.12,11.12,11.09,11.105,0.0
2024-11-13 17:00:00-05:00,11.1,11.11,11.08,11.095,0.0
2024-11-13 18:00:00-05:00,11.1,11.11,11.07,11.11,0.0
2024-11-14 04:00:00-05:00,11.1,11.12,11.1,11.11,0.0
2024-11-14 05:00:00-05:00,11.12,11.14,11.12,11.14,0.0
2024-11-14 06:00:00-05:00,11.13,11.14,11.13,11.14,0.0
2024-11-14 07:00:00-05:00,11.13,11.15,11.13,11.14,0.0
2024-11-14 08:00:00-05:00,11.14,11.14,11.08,11.13,0.0
2024-11-14 09:00:00-05:00,11.13,11.14,11.08,11.105,0.0
2024-11-14 09:30:00-05:00,11.130000114440918,11.229999542236328,11.119999885559082,11.210000038146973,8078990.0
2024-11-14 10:30:00-05:00,11.210000038146973,11.210000038146973,11.149999618530273,11.194999694824219,4836024.0
2024-11-14 11:30:00-05:00,11.199999809265137,11.220000267028809,11.130000114440918,11.168299674987793,4534804.0
2024-11-14 12:30:00-05:00,11.164400100708008,11.168299674987793,11.020000457763672,11.085000038146973,8109049.0
2024-11-14 13:30:00-05:00,11.085000038146973,11.100000381469727,11.039999961853027,11.095000267028809,4188199.0
2024-11-14 14:30:00-05:00,11.099900245666504,11.119999885559082,11.0600004196167,11.114999771118164,4842075.0
2024-11-14 15:30:00-05:00,11.114999771118164,11.130000114440918,11.050000190734863,11.074999809265137,8156991.0
2024-11-14 16:00:00-05:00,11.07,11.07,11.05,11.05,0.0
2024-11-14 17:00:00-05:00,11.055,11.07,11.05,11.07,0.0
2024-11-14 18:00:00-05:00,11.06,11.08,11.06,11.06,0.0
2024-11-15 04:00:00-05:00,11.04,11.05,11.0,11.03,0.0
2024-11-15 05:00:00-05:00,11.03,11.04,11.02,11.04,0.0
2024-11-15 06:00:00-05:00,11.04,11.06,11.04,11.05,0.0
2024-11-15 07:00:00-05:00,11.06,11.08,11.04,11.06,0.0
2024-11-15 08:00:00-05:00,11.06,11.0799,11.03,11.06,0.0
2024-11-15 09:00:00-05:00,11.07,11.07,11.05,11.06,0.0
2024-11-15 09:30:00-05:00,11.050000190734863,11.119999885559082,10.989999771118164,11.0649995803833,9952791.0
2024-11-15 10:30:00-05:00,11.0649995803833,11.069999694824219,10.979999542236328,11.0600004196167,8795502.0
2024-11-15 11:30:00-05:00,11.0600004196167,11.0600004196167,11.010000228881836,11.029999732971191,4948337.0
2024-11-15 12:30:00-05:00,11.024999618530273,11.100000381469727,11.020000457763672,11.079999923706055,3587767.0
2024-11-15 13:30:00-05:00,11.085000038146973,11.149999618530273,11.0600004196167,11.145000457763672,4674419.0
2024-11-15 14:30:00-05:00,11.145000457763672,11.149999618530273,11.079999923706055,11.09000015258789,5515289.0
2024-11-15 15:30:00-05:00,11.095000267028809,11.100000381469727,11.010000228881836,11.010000228881836,10709129.0
2024-11-15 16:00:00-05:00,11.01,11.0615,10.99,11.005,0.0
2024-11-15 17:00:00-05:00,11.0,11.04,11.0,11.01,0.0
2024-11-15 18:00:00-05:00,11.01,11.02,11.0,11.01,0.0
2024-11-18 04:00:00-05:00,11.02,11.05,11.0,11.05,0.0
2024-11-18 05:00:00-05:00,11.04,11.05,11.04,11.04,0.0
2024-11-18 06:00:00-05:00,11.05,11.06,11.01,11.02,0.0
2024-11-18 07:00:00-05:00,11.04,11.05,11.02,11.04,0.0
2024-11-18 08:00:00-05:00,11.04,11.06,11.01,11.05,0.0
2024-11-18 09:00:00-05:00,11.04,11.05,11.04,11.04,0.0
2024-11-18 09:30:00-05:00,11.050000190734863,11.1899995803833,11.029999732971191,11.15999984741211,9449032.0
2024-11-18 10:30:00-05:00,11.15999984741211,11.229999542236328,11.15999984741211,11.225000381469727,7074957.0
2024-11-18 11:30:00-05:00,11.223400115966797,11.25,11.210000038146973,11.22599983215332,6131145.0
2024-11-18 12:30:00-05:00,11.229999542236328,11.25,11.21500015258789,11.244999885559082,2638198.0
2024-11-18 13:30:00-05:00,11.246299743652344,11.270000457763672,11.220000267028809,11.225000381469727,4823070.0
2024-11-18 14:30:00-05:00,11.225000381469727,11.25,11.210000038146973,11.242799758911133,4079898.0
2024-11-18 15:30:00-05:00,11.244999885559082,11.260000228881836,11.210000038146973,11.225000381469727,6045420.0
2024-11-18 16:00:00-05:00,11.22,11.23,11.005,11.215,0.0
2024-11-18 17:00:00-05:00,11.21,11.22,11.2,11.21,0.0
2024-11-18 18:00:00-05:00,11.21,11.22,11.17,11.18,0.0
2024-11-19 04:00:00-05:00,11.2,11.25,11.12,11.12,0.0
2024-11-19 05:00:00-05:00,11.12,11.14,11.1,11.14,0.0
2024-11-19 06:00:00-05:00,11.14,11.16,11.13,11.14,0.0
2024-11-19 07:00:00-05:00,11.14,11.15,11.11,11.13,0.0
2024-11-19 08:00:00-05:00,11.14,11.24,11.1,11.11,0.0
2024-11-19 09:00:00-05:00,11.1,11.11,11.04,11.08,0.0
2024-11-19 09:30:00-05:00,11.0600004196167,11.170000076293945,11.010000228881836,11.139699935913086,9776535.0
2024-11-19 10:30:00-05:00,11.135000228881836,11.170000076293945,11.130000114440918,11.15999984741211,4232865.0
2024-11-19 11:30:00-05:00,11.164999961853027,11.319999694824219,11.130000114440918,11.130000114440918,9209619.0
2024-11-19 12:30:00-05:00,11.135000228881836,11.140000343322754,11.085000038146973,11.135000228881836,3396620.0
2024-11-19 13:30:00-05:00,11.131799697875977,11.140000343322754,11.069999694824219,11.069999694824219,5609544.0
2024-11-19 14:30:00-05:00,11.071200370788574,11.079999923706055,11.010000228881836,11.055000305175781,7358037.0
2024-11-19 15:30:00-05:00,11.055000305175781,11.079899787902832,11.039999961853027,11.050000190734863,7251693.0
2024-11-19 16:00:00-05:00,11.05,11.06,11.0491,11.0503,0.0
2024-11-19 17:00:00-05:00,11.06,11.06,11.04,11.06,0.0
2024-11-19 18:00:00-05:00,11.06,11.07,11.04,11.065,0.0
2024-11-20 04:00:00-05:00,11.08,11.08,11.03,11.07,0.0
2024-11-20 05:00:00-05:00,11.08,11.08,11.05,11.05,0.0
2024-11-20 06:00:00-05:00,11.05,11.06,11.04,11.06,0.0
2024-11-20 07:00:00-05:00,11.05,11.06,11.04,11.05,0.0
2024-11-20 08:00:00-05:00,11.05,11.08,11.04,11.05,0.0
2024-11-20 09:00:00-05:00,11.06,11.093,11.03,11.035,0.0
2024-11-20 09:30:00-05:00,11.010000228881836,11.048999786376953,10.819999694824219,10.854999542236328,10270959.0
2024-11-20 10:30:00-05:00,10.854999542236328,10.859999656677246,10.739999771118164,10.74020004272461,8902507.0
2024-11-20 11:30:00-05:00,10.744999885559082,10.759900093078613,10.630000114440918,10.670000076293945,9630661.0
2024-11-20 12:30:00-05:00,10.664999961853027,10.720000267028809,10.649999618530273,10.65999984741211,7465347.0
2024-11-20 13:30:00-05:00,10.669899940490723,10.675000190734863,10.609999656677246,10.649999618530273,6247815.0
2024-11-20 14:30:00-05:00,10.64009952545166,10.699999809265137,10.640000343322754,10.654999732971191,5317779.0
2024-11-20 15:30:00-05:00,10.654999732971191,10.729999542236328,10.649999618530273,10.729999542236328,10146059.0
2024-11-20 16:00:00-05:00,10.73,10.74,10.705,10.715,0.0
2024-11-20 17:00:00-05:00,10.715,10.73,10.68,10.72,0.0
2024-11-20 18:00:00-05:00,10.72,10.74,10.71,10.72,0.0
2024-11-21 04:00:00-05:00,10.71,10.75,10.695,10.695,0.0
2024-11-21 05:00:00-05:00,10.69,10.7,10.68,10.68,0.0
2024-11-21 06:00:00-05:00,10.69,10.73,10.68,10.73,0.0
2024-11-21 07:00:00-05:00,10.73,10.75,10.73,10.745,0.0
2024-11-21 08:00:00-05:00,10.75,10.77,10.68,10.76,0.0
2024-11-21 09:00:00-05:00,10.7698,10.78,10.73,10.77,0.0
2024-11-21 09:30:00-05:00,10.779999732971191,10.829999923706055,10.609999656677246,10.617899894714355,12215698.0
2024-11-21 10:30:00-05:00,10.609999656677246,10.779999732971191,10.609999656677246,10.770000457763672,8340160.0
2024-11-21 11:30:00-05:00,10.774999618530273,10.789999961853027,10.739999771118164,10.784700393676758,5052245.0
2024-11-21 12:30:00-05:00,10.78499984741211,10.84000015258789,10.779999732971191,10.8100004196167,4103374.0
2024-11-21 13:30:00-05:00,10.8100004196167,10.850000381469727,10.800000190734863,10.84000015258789,4845379.0
2024-11-21 14:30:00-05:00,10.845000267028809,10.850000381469727,10.795000076293945,10.8149995803833,5944891.0
2024-11-21 15:30:00-05:00,10.8149995803833,10.829999923706055,10.779999732971191,10.800000190734863,9147749.0
2024-11-21 16:00:00-05:00,10.8,10.82,10.78,10.785,0.0
2024-11-21 17:00:00-05:00,10.79,10.79,10.76,10.775,0.0
2024-11-21 18:00:00-05:00,10.7798,10.79,10.77,10.79,0.0
2024-11-22 04:00:00-05:00,10.78,10.83,10.77,10.79,0.0
2024-11-22 05:00:00-05:00,10.79,10.79,10.78,10.79,0.0
2024-11-22 06:00:00-05:00,10.79,10.825,10.78,10.82,0.0
2024-11-22 07:00:00-05:00,10.82,10.82,10.79,10.8,0.0
2024-11-22 08:00:00-05:00,10.8,10.84,10.7888,10.81,0.0
2024-11-22 09:00:00-05:00,10.8,10.83,10.8,10.815,0.0
2024-11-22 09:30:00-05:00,10.8100004196167,11.029999732971191,10.800000190734863,11.024999618530273,10529025.0
2024-11-22 10:30:00-05:00,11.024999618530273,11.229999542236328,11.020000457763672,11.199999809265137,13076409.0
2024-11-22 11:30:00-05:00,11.199999809265137,11.380000114440918,11.15999984741211,11.255000114440918,19782615.0
2024-11-22 12:30:00-05:00,11.250100135803223,11.300000190734863,11.229999542236328,11.28499984741211,7960486.0
2024-11-22 13:30:00-05:00,11.279999732971191,11.300000190734863,11.25,11.27180004119873,6778938.0
2024-11-22 14:30:00-05:00,11.270000457763672,11.289999961853027,11.170000076293945,11.199999809265137,7150797.0
2024-11-22 15:30:00-05:00,11.199999809265137,11.220000267028809,11.170000076293945,11.180000305175781,11075514.0
2024-11-22 16:00:00-05:00,11.18,11.2,11.15,11.16,0.0
2024-11-22 17:00:00-05:00,11.16,11.19,11.15,11.17,0.0
2024-11-22 18:00:00-05:00,11.17,11.2,11.17,11.18,0.0
2024-11-25 04:00:00-05:00,11.22,11.25,11.19,11.24,0.0
2024-11-25 05:00:00-05:00,11.24,11.29,11.23,11.29,0.0
2024-11-25 06:00:00-05:00,11.28,11.3,11.28,11.29,0.0
2024-11-25 07:00:00-05:00,11.29,11.3,11.26,11.27,0.0
2024-11-25 08:00:00-05:00,11.27,11.3,11.2027,11.27,0.0
2024-11-25 09:00:00-05:00,11.265,11.3,11.26,11.3,0.0
2024-11-25 09:30:00-05:00,11.300000190734863,11.399999618530273,11.279899597167969,11.395000457763672,10943498.0
2024-11-25 10:30:00-05:00,11.395000457763672,11.520000457763672,11.380000114440918,11.449999809265137,11227901.0
2024-11-25 11:30:00-05:00,11.449999809265137,11.460000038146973,11.359999656677246,11.364999771118164,6323968.0
2024-11-25 12:30:00-05:00,11.364999771118164,11.449999809265137,11.359999656677246,11.444999694824219,2757868.0
2024-11-25 13:30:00-05:00,11.443534851074219,11.5,11.430000305175781,11.440199851989746,3600278.0
2024-11-25 14:30:00-05:00,11.444999694824219,11.479999542236328,11.430000305175781,11.46500015258789,4419602.0
2024-11-25 15:30:00-05:00,11.46500015258789,11.479999542236328,11.390000343322754,11.399999618530273,9005979.0
2024-11-25 16:00:00-05:00,11.4,11.42,11.39,11.4,0.0
2024-11-25 17:00:00-05:00,11.4001,11.42,11.37,11.42,0.0
2024-11-25 18:00:00-05:00,11.42,11.43,11.32,11.3399,0.0
2024-11-26 04:00:00-05:00,11.33,11.4,11.18,11.25,0.0
2024-11-26 05:00:00-05:00,11.26,11.27,11.22,11.23,0.0
2024-11-26 06:00:00-05:00,11.22,11.23,11.21,11.22,0.0
2024-11-26 07:00:00-05:00,11.21,11.22,11.06,11.18,0.0
2024-11-26 08:00:00-05:00,11.17,11.37,11.13,11.16,0.0
2024-11-26 09:00:00-05:00,11.16,11.22,11.13,11.2,0.0
2024-11-26 09:30:00-05:00,11.15999984741211,11.229999542236328,11.039999961853027,11.1850004196167,13727164.0
2024-11-26 10:30:00-05:00,11.1850004196167,11.220000267028809,11.130000114440918,11.163299560546875,6668692.0
2024-11-26 11:30:00-05:00,11.170000076293945,11.180000305175781,11.119999885559082,11.135000228881836,4333928.0
2024-11-26 12:30:00-05:00,11.140000343322754,11.175000190734863,11.130000114440918,11.164999961853027,3563407.0
2024-11-26 13:30:00-05:00,11.164999961853027,11.180000305175781,11.119999885559082,11.135000228881836,2568917.0
2024-11-26 14:30:00-05:00,11.139900207519531,11.140000343322754,11.100000381469727,11.130000114440918,4736294.0
2024-11-26 15:30:00-05:00,11.125,11.130000114440918,11.079999923706055,11.09000015258789,7082842.0
2024-11-26 16:00:00-05:00,11.1,11.13,11.09,11.1,0.0
2024-11-26 17:00:00-05:00,11.11,11.12,11.1,11.115,0.0
2024-11-26 18:00:00-05:00,11.12,11.13,11.1,11.11,0.0
2024-11-27 04:00:00-05:00,11.16,11.16,11.1,11.11,0.0
2024-11-27 05:00:00-05:00,11.11,11.12,11.1,11.12,0.0
2024-11-27 06:00:00-05:00,11.12,11.12,11.11,11.12,0.0
2024-11-27 07:00:00-05:00,11.12,11.15,11.11,11.15,0.0
2024-11-27 08:00:00-05:00,11.15,11.16,11.1,11.14,0.0
2024-11-27 09:00:00-05:00,11.145,11.15,10.41,11.14,0.0
2024-11-27 09:30:00-05:00,11.130000114440918,11.255000114440918,11.069999694824219,11.100000381469727,6162168.0
2024-11-27 10:30:00-05:00,11.09000015258789,11.180000305175781,11.079999923706055,11.149999618530273,4466709.0
2024-11-27 11:30:00-05:00,11.149999618530273,11.149999618530273,11.100000381469727,11.114999771118164,3464246.0
2024-11-27 12:30:00-05:00,11.119999885559082,11.119999885559082,11.09000015258789,11.100000381469727,1989819.0
2024-11-27 13:30:00-05:00,11.100000381469727,11.104999542236328,11.0600004196167,11.085000038146973,2686692.0
2024-11-27 14:30:00-05:00,11.079999923706055,11.100000381469727,11.0600004196167,11.085000038146973,3120930.0
2024-11-27 15:30:00-05:00,11.085000038146973,11.119999885559082,11.079999923706055,11.104999542236328,3804105.0
2024-11-27 16:00:00-05:00,11.1,11.11,11.1,11.1,0.0
2024-11-27 17:00:00-05:00,11.11,11.11,11.09,11.091,0.0
2024-11-27 18:00:00-05:00,11.11,11.12,11.09,11.11,0.0
2024-11-29 04:00:00-05:00,11.15,11.15,11.13,11.15,0.0
2024-11-29 05:00:00-05:00,11.16,11.17,11.15,11.16,0.0
2024-11-29 06:00:00-05:00,11.16,11.18,11.16,11.17,0.0
2024-11-29 07:00:00-05:00,11.17,11.17,11.15,11.16,0.0
2024-11-29 08:00:00-05:00,11.16,11.18,11.14,11.17,0.0
2024-11-29 09:00:00-05:00,11.16,11.18,11.16,11.17,0.0
2024-11-29 09:30:00-05:00,11.15999984741211,11.270000457763672,11.149999618530273,11.149999618530273,7518217.0
2024-11-29 10:30:00-05:00,11.154999732971191,11.25,11.130000114440918,11.210000038146973,7053744.0
2024-11-29 11:30:00-05:00,11.21500015258789,11.220000267028809,11.170000076293945,11.172599792480469,3994709.0
2024-11-29 13:00:00-05:00,11.180000305175781,11.1850004196167,11.119999885559082,11.149999618530273,0.0
2024-11-29 14:00:00-05:00,11.155,11.1631,11.13,11.13,0.0
2024-11-29 15:00:00-05:00,11.13,11.15,11.13,11.14,0.0
2024-11-29 16:00:00-05:00,11.1399,11.15,11.13,11.13,0.0
2024-12-02 04:00:00-05:00,11.14,11.18,11.11,11.11,0.0
2024-12-02 05:00:00-05:00,11.12,11.13,11.11,11.12,0.0
2024-12-02 06:00:00-05:00,11.13,11.13,11.11,11.12,0.0
2024-12-02 07:00:00-05:00,11.12,11.14,11.1,11.14,0.0
2024-12-02 08:00:00-05:00,11.14,11.18,11.06,11.165,0.0
2024-12-02 09:00:00-05:00,11.17,11.18,10.835,11.1699,0.0
2024-12-02 09:30:00-05:00,11.220000267028809,11.244999885559082,11.0,11.0600004196167,13699356.0
2024-12-02 10:30:00-05:00,11.055000305175781,11.059900283813477,11.0,11.036299705505371,4744585.0
2024-12-02 11:30:00-05:00,11.039999961853027,11.100000381469727,11.029999732971191,11.055000305175781,4654098.0
2024-12-02 12:30:00-05:00,11.051199913024902,11.104999542236328,11.050000190734863,11.0649995803833,3492854.0
2024-12-02 13:30:00-05:00,11.0649995803833,11.069999694824219,11.020000457763672,11.024999618530273,2670383.0
2024-12-02 14:30:00-05:00,11.029899597167969,11.0600004196167,11.020000457763672,11.032500267028809,3135176.0
2024-12-02 15:30:00-05:00,11.030099868774414,11.039999961853027,10.960000038146973,10.960000038146973,10096114.0
2024-12-02 16:00:00-05:00,10.98,11.01,10.97,11.005,0.0
2024-12-02 17:00:00-05:00,11.005,11.04,10.98,11.0,0.0
2024-12-02 18:00:00-05:00,11.02,11.02,11.0,11.005,0.0
2024-12-03 04:00:00-05:00,11.0,11.03,10.99,11.0,0.0
2024-12-03 05:00:00-05:00,11.0,11.01,10.98,11.0,0.0
2024-12-03 06:00:00-05:00,10.99,11.0,10.98,11.0,0.0
2024-12-03 07:00:00-05:00,11.0,11.0,10.98,10.99,0.0
2024-12-03 08:00:00-05:00,10.99,11.02,10.98,11.005,0.0
2024-12-03 09:00:00-05:00,11.005,11.01,10.98,10.985,0.0
2024-12-03 09:30:00-05:00,10.989999771118164,11.010000228881836,10.890000343322754,10.890999794006348,8638561.0
2024-12-03 10:30:00-05:00,10.895000457763672,10.90999984741211,10.850000381469727,10.850000381469727,6849860.0
2024-12-03 11:30:00-05:00,10.854999542236328,10.930000305175781,10.829999923706055,10.864999771118164,7333392.0
2024-12-03 12:30:00-05:00,10.859999656677246,10.880000114440918,10.859999656677246,10.875,2485578.0
2024-12-03 13:30:00-05:00,10.872300148010254,10.880000114440918,10.850000381469727,10.871999740600586,2789336.0
2024-12-03 14:30:00-05:00,10.870100021362305,10.880000114440918,10.829999923706055,10.869999885559082,4030405.0
2024-12-03 15:30:00-05:00,10.862600326538086,10.869999885559082,10.819999694824219,10.829899787902832,5671899.0
2024-12-03 16:00:00-05:00,10.84,10.87,10.82,10.84,0.0
2024-12-03 17:00:00-05:00,10.84,10.84,10.83,10.84,0.0
2024-12-03 18:00:00-05:00,10.84,10.86,10.83,10.84,0.0
2024-12-04 04:00:00-05:00,10.86,10.89,10.85,10.88,0.0
2024-12-04 05:00:00-05:00,10.89,10.89,10.88,10.89,0.0
2024-12-04 06:00:00-05:00,10.89,10.9,10.89,10.9,0.0
2024-12-04 07:00:00-05:00,10.89,10.9,10.8,10.87,0.0
2024-12-04 08:00:00-05:00,10.86,10.9,10.82,10.87,0.0
2024-12-04 09:00:00-05:00,10.8699,10.87,10.84,10.85,0.0
2024-12-04 09:30:00-05:00,10.850000381469727,10.869999885559082,10.619999885559082,10.6850004196167,15570577.0
2024-12-04 10:30:00-05:00,10.6850004196167,10.704999923706055,10.65999984741211,10.675000190734863,7752160.0
2024-12-04 11:30:00-05:00,10.670000076293945,10.699999809265137,10.600000381469727,10.60990047454834,8437075.0
2024-12-04 12:30:00-05:00,10.606599807739258,10.649999618530273,10.600000381469727,10.627900123596191,7067057.0
2024-12-04 13:30:00-05:00,10.626500129699707,10.640000343322754,10.59000015258789,10.635000228881836,7424362.0
2024-12-04 14:30:00-05:00,10.639900207519531,10.649999618530273,10.619999885559082,10.630000114440918,4682039.0
2024-12-04 15:30:00-05:00,10.630000114440918,10.765000343322754,10.630000114440918,10.75,10528686.0
2024-12-04 16:00:00-05:00,10.74,11.105,10.72,10.74,0.0
2024-12-04 17:00:00-05:00,10.74,10.75,10.73,10.74,0.0
2024-12-04 18:00:00-05:00,10.75,10.75,10.73,10.735,0.0
2024-12-05 04:00:00-05:00,10.73,10.79,10.73,10.745,0.0
2024-12-05 05:00:00-05:00,10.74,10.76,10.74,10.76,0.0
2024-12-05 06:00:00-05:00,10.75,10.76,10.52,10.54,0.0
2024-12-05 07:00:00-05:00,10.56,10.64,10.52,10.62,0.0
2024-12-05 08:00:00-05:00,10.63,10.76,10.5497,10.64,0.0
2024-12-05 09:00:00-05:00,10.64,10.64,10.58,10.635,0.0
2024-12-05 09:30:00-05:00,10.640000343322754,10.6899995803833,10.390000343322754,10.515000343322754,21136040.0
2024-12-05 10:30:00-05:00,10.51039981842041,10.520000457763672,10.460000038146973,10.475000381469727,9773055.0
2024-12-05 11:30:00-05:00,10.479399681091309,10.489999771118164,10.420000076293945,10.437399864196777,8336987.0
2024-12-05 12:30:00-05:00,10.430000305175781,10.529999732971191,10.430000305175781,10.461799621582031,6649003.0
2024-12-05 13:30:00-05:00,10.46500015258789,10.489999771118164,10.449999809265137,10.479999542236328,4206742.0
2024-12-05 14:30:00-05:00,10.470000267028809,10.5,10.460000038146973,10.492799758911133,4748601.0
2024-12-05 15:30:00-05:00,10.497699737548828,10.5,10.430000305175781,10.444999694824219,8652867.0
2024-12-05 16:00:00-05:00,10.46,10.48,10.44,10.465,0.0
2024-12-05 17:00:00-05:00,10.46,10.47,10.44,10.46,0.0
2024-12-05 18:00:00-05:00,10.46,10.46,10.44,10.45,0.0
2024-12-06 04:00:00-05:00,10.48,10.52,10.47,10.5,0.0
2024-12-06 05:00:00-05:00,10.5,10.51,10.49,10.5,0.0
2024-12-06 06:00:00-05:00,10.5,10.5,10.45,10.49,0.0
2024-12-06 07:00:00-05:00,10.5,10.5,10.44,10.46,0.0
2024-12-06 08:00:00-05:00,10.46,10.52,10.44,10.485,0.0
2024-12-06 09:00:00-05:00,10.48,11.045,10.47,10.52,0.0
2024-12-06 09:30:00-05:00,10.505000114440918,10.5600004196167,10.479999542236328,10.550000190734863,8143216.0
2024-12-06 10:30:00-05:00,10.545000076293945,10.600000381469727,10.5,10.510000228881836,8377371.0
2024-12-06 11:30:00-05:00,10.510000228881836,10.515000343322754,10.420000076293945,10.470000267028809,8702964.0
2024-12-06 12:30:00-05:00,10.4753999710083,10.489999771118164,10.460000038146973,10.475000381469727,4608929.0
2024-12-06 13:30:00-05:00,10.470000267028809,10.479999542236328,10.430000305175781,10.449999809265137,4015869.0
2024-12-06 14:30:00-05:00,10.454999923706055,10.489999771118164,10.4399995803833,10.475000381469727,3335883.0
2024-12-06 15:30:00-05:00,10.475000381469727,10.520000457763672,10.460000038146973,10.520000457763672,7899038.0
2024-12-06 16:00:00-05:00,10.52,10.52,10.49,10.515,0.0
2024-12-06 17:00:00-05:00,10.52,11.0,10.51,10.53,0.0
2024-12-06 18:00:00-05:00,10.54,10.54,10.5,10.51,0.0
2024-12-09 04:00:00-05:00,10.51,10.79,10.48,10.55,0.0
2024-12-09 05:00:00-05:00,10.55,10.55,10.54,10.54,0.0
2024-12-09 06:00:00-05:00,10.54,10.54,10.53,10.54,0.0
2024-12-09 07:00:00-05:00,10.53,10.63,10.5,10.52,0.0
2024-12-09 08:00:00-05:00,10.52,10.59,10.45,10.5601,0.0
2024-12-09 09:00:00-05:00,10.57,10.57,10.56,10.57,0.0
2024-12-09 09:30:00-05:00,10.555000305175781,10.770000457763672,10.529999732971191,10.71500015258789,16370130.0
2024-12-09 10:30:00-05:00,10.71500015258789,10.800000190734863,10.640000343322754,10.658499717712402,11058647.0
2024-12-09 11:30:00-05:00,10.654999732971191,10.699999809265137,10.619999885559082,10.626999855041504,5104485.0
2024-12-09 12:30:00-05:00,10.625,10.649999618530273,10.600000381469727,10.609999656677246,3376874.0
2024-12-09 13:30:00-05:00,10.604999542236328,10.630000114440918,10.59000015258789,10.609999656677246,3384816.0
2024-12-09 14:30:00-05:00,10.609999656677246,10.630000114440918,10.59000015258789,10.604999542236328,3188228.0
2024-12-09 15:30:00-05:00,10.604999542236328,10.619999885559082,10.579999923706055,10.619999885559082,6522509.0
2024-12-09 16:00:00-05:00,10.62,10.62,10.59,10.59,0.0
2024-12-09 17:00:00-05:00,10.6,10.6,10.59,10.6,0.0
2024-12-09 18:00:00-05:00,10.6,10.62,10.59,10.61,0.0
2024-12-10 04:00:00-05:00,10.6,10.65,10.55,10.58,0.0
2024-12-10 05:00:00-05:00,10.58,10.6,10.58,10.6,0.0
2024-12-10 06:00:00-05:00,10.59,10.6,10.58,10.6,0.0
2024-12-10 07:00:00-05:00,10.59,10.64,10.59,10.64,0.0
2024-12-10 08:00:00-05:00,10.64,10.65,10.58,10.62,0.0
2024-12-10 09:00:00-05:00,10.625,10.63,10.61,10.62,0.0
2024-12-10 09:30:00-05:00,10.720000267028809,10.739999771118164,10.550000190734863,10.675000190734863,8841732.0
2024-12-10 10:30:00-05:00,10.675000190734863,10.699999809265137,10.65999984741211,10.6850004196167,4951523.0
2024-12-10 11:30:00-05:00,10.6850004196167,10.6899995803833,10.600000381469727,10.619999885559082,4976807.0
2024-12-10 12:30:00-05:00,10.617300033569336,10.65999984741211,10.609999656677246,10.645000457763672,3293971.0
2024-12-10 13:30:00-05:00,10.645000457763672,10.680000305175781,10.630000114440918,10.680000305175781,3974488.0
2024-12-10 14:30:00-05:00,10.680000305175781,10.699999809265137,10.609999656677246,10.614999771118164,5364161.0
2024-12-10 15:30:00-05:00,10.614999771118164,10.619999885559082,10.550000190734863,10.555000305175781,7218607.0
2024-12-10 16:00:00-05:00,10.56,10.65,10.55,10.61,0.0
2024-12-10 17:00:00-05:00,10.62,10.62,10.56,10.5999,0.0
2024-12-10 18:00:00-05:00,10.6,10.62,10.59,10.59,0.0
2024-12-11 04:00:00-05:00,10.6,10.66,10.6,10.61,0.0
2024-12-11 05:00:00-05:00,10.61,10.61,10.6,10.6,0.0
2024-12-11 06:00:00-05:00,10.6,10.6,10.58,10.59,0.0
2024-12-11 07:00:00-05:00,10.59,10.6,10.57,10.58,0.0
2024-12-11 08:00:00-05:00,10.58,10.61,10.57,10.59,0.0
2024-12-11 09:00:00-05:00,10.59,10.69,10.59,10.62,0.0
2024-12-11 09:30:00-05:00,10.609999656677246,10.609999656677246,10.3100004196167,10.345000267028809,16566986.0
2024-12-11 10:30:00-05:00,10.345000267028809,10.350000381469727,10.279999732971191,10.345000267028809,10455299.0
2024-12-11 11:30:00-05:00,10.345000267028809,10.380000114440918,10.329999923706055,10.345000267028809,7140879.0
2024-12-11 12:30:00-05:00,10.343600273132324,10.420000076293945,10.34000015258789,10.414999961853027,5549017.0
2024-12-11 13:30:00-05:00,10.420000076293945,10.430000305175781,10.369999885559082,10.380000114440918,3787001.0
2024-12-11 14:30:00-05:00,10.385000228881836,10.399999618530273,10.369999885559082,10.381799697875977,4145077.0
2024-12-11 15:30:00-05:00,10.385000228881836,10.430000305175781,10.380000114440918,10.404999732971191,6757121.0
2024-12-11 16:00:00-05:00,10.41,10.42,10.343017,10.41,0.0
2024-12-11 17:00:00-05:00,10.4,10.42,10.4,10.42,0.0
2024-12-11 18:00:00-05:00,10.42,10.43,10.41,10.415,0.0
2024-12-12 04:00:00-05:00,10.45,10.45,10.38,10.39,0.0
2024-12-12 05:00:00-05:00,10.39,10.41,10.38,10.4,0.0
2024-12-12 06:00:00-05:00,10.41,10.41,10.39,10.4,0.0
2024-12-12 07:00:00-05:00,10.41,10.41,10.4,10.41,0.0
2024-12-12 08:00:00-05:00,10.41,10.46,10.39,10.405,0.0
2024-12-12 09:00:00-05:00,10.4,10.43,10.37,10.38,0.0
2024-12-12 09:30:00-05:00,10.380000114440918,10.505000114440918,10.380000114440918,10.454999923706055,6305504.0
2024-12-12 10:30:00-05:00,10.454999923706055,10.460000038146973,10.380000114440918,10.404999732971191,4322758.0
2024-12-12 11:30:00-05:00,10.40999984741211,10.40999984741211,10.359999656677246,10.364999771118164,3324934.0
2024-12-12 12:30:00-05:00,10.36359977722168,10.369999885559082,10.350000381469727,10.364999771118164,2996062.0
2024-12-12 13:30:00-05:00,10.364999771118164,10.380000114440918,10.350000381469727,10.354999542236328,2946237.0
2024-12-12 14:30:00-05:00,10.354999542236328,10.470000267028809,10.350000381469727,10.454999923706055,6413685.0
2024-12-12 15:30:00-05:00,10.454999923706055,10.460000038146973,10.390000343322754,10.395000457763672,6656024.0
2024-12-12 16:00:00-05:00,10.41,11.18,10.38,10.3901,0.0
2024-12-12 17:00:00-05:00,10.3903,10.4,10.39,10.4,0.0
2024-12-12 18:00:00-05:00,10.39,10.4,10.39,10.39,0.0
2024-12-13 04:00:00-05:00,10.4,10.42,10.4,10.4,0.0
2024-12-13 05:00:00-05:00,10.41,10.43,10.41,10.42,0.0
2024-12-13 06:00:00-05:00,10.41,10.43,10.41,10.41,0.0
2024-12-13 07:00:00-05:00,10.42,10.43,10.41,10.42,0.0
2024-12-13 08:00:00-05:00,10.42,10.44,10.38,10.44,0.0
2024-12-13 09:00:00-05:00,10.44,10.44,10.41,10.42,0.0
2024-12-13 09:30:00-05:00,10.399999618530273,10.414999961853027,10.319999694824219,10.354999542236328,6065594.0
2024-12-13 10:30:00-05:00,10.354999542236328,10.390000343322754,10.319999694824219,10.383600234985352,3817097.0
2024-12-13 11:30:00-05:00,10.385000228881836,10.4399995803833,10.380000114440918,10.382699966430664,6366748.0
2024-12-13 12:30:00-05:00,10.385000228881836,10.390000343322754,10.350000381469727,10.363800048828125,2848255.0
2024-12-13 13:30:00-05:00,10.364999771118164,10.369999885559082,10.324999809265137,10.354999542236328,3214891.0
2024-12-13 14:30:00-05:00,10.350000381469727,10.380000114440918,10.350000381469727,10.380000114440918,2774407.0
2024-12-13 15:30:00-05:00,10.380000114440918,10.395000457763672,10.350000381469727,10.390000343322754,5561019.0
2024-12-13 16:00:00-05:00,10.4,10.4,10.36,10.375,0.0
2024-12-13 17:00:00-05:00,10.375,10.39,10.37,10.38,0.0
2024-12-13 18:00:00-05:00,10.38,10.38,10.37,10.3797,0.0
2024-12-16 04:00:00-05:00,10.26,10.29,10.17,10.2,0.0
2024-12-16 05:00:00-05:00,10.2,10.21,10.18,10.2,0.0
2024-12-16 06:00:00-05:00,10.2,10.2,10.15,10.17,0.0
2024-12-16 07:00:00-05:00,10.17,10.23,10.15,10.19,0.0
2024-12-16 08:00:00-05:00,10.19,10.32,10.01,10.07,0.0
2024-12-16 09:00:00-05:00,10.07,10.08,10.04,10.06,0.0
2024-12-16 09:30:00-05:00,10.069999694824219,10.109999656677246,9.880000114440918,10.03499984741211,28739018.0
2024-12-16 10:30:00-05:00,10.035099983215332,10.119999885559082,10.020000457763672,10.10990047454834,11011100.0
2024-12-16 11:30:00-05:00,10.104999542236328,10.119999885559082,10.029999732971191,10.039799690246582,6167570.0
2024-12-16 12:30:00-05:00,10.031000137329102,10.039999961853027,9.970000267028809,9.975000381469727,6910638.0
2024-12-16 13:30:00-05:00,9.97700023651123,10.029999732971191,9.949999809265137,9.982399940490723,7522617.0
2024-12-16 14:30:00-05:00,9.984999656677246,10.029999732971191,9.975000381469727,9.989999771118164,6000820.0
2024-12-16 15:30:00-05:00,9.989999771118164,10.010000228881836,9.949999809265137,9.989999771118164,12130983.0
2024-12-16 16:00:00-05:00,9.99,10.03,9.96,10.03,0.0
2024-12-16 17:00:00-05:00,10.03,10.03,10.0,10.01,0.0
2024-12-16 18:00:00-05:00,10.01,10.02,9.99,10.0101,0.0
2024-12-17 04:00:00-05:00,10.02,10.045,9.99,9.99,0.0
2024-12-17 05:00:00-05:00,10.0,10.0,9.99,10.0,0.0
2024-12-17 06:00:00-05:00,10.0,10.0,9.93,9.98,0.0
2024-12-17 07:00:00-05:00,9.99,10.01,9.96,9.97,0.0
2024-12-17 08:00:00-05:00,9.97,10.04,9.95,9.96,0.0
2024-12-17 09:00:00-05:00,9.95,9.99,9.95,9.97,0.0
2024-12-17 09:30:00-05:00,9.960000038146973,10.029999732971191,9.880000114440918,9.9350004196167,14419681.0
2024-12-17 10:30:00-05:00,9.9350004196167,10.029999732971191,9.930000305175781,9.994999885559082,10773738.0
2024-12-17 11:30:00-05:00,9.994999885559082,10.010000228881836,9.949999809265137,9.989999771118164,6653850.0
2024-12-17 12:30:00-05:00,9.984999656677246,10.039999961853027,9.979999542236328,10.024999618530273,4585497.0
2024-12-17 13:30:00-05:00,10.024999618530273,10.039999961853027,9.970000267028809,9.979999542236328,4670746.0
2024-12-17 14:30:00-05:00,9.97089958190918,9.97089958190918,9.90999984741211,9.919599533081055,5923970.0
2024-12-17 15:30:00-05:00,9.914899826049805,9.989999771118164,9.90999984741211,9.970000267028809,10698718.0
2024-12-17 16:00:00-05:00,9.97,10.025,9.93,9.95,0.0
2024-12-17 17:00:00-05:00,9.945,9.97,9.94,9.9601,0.0
2024-12-17 18:00:00-05:00,9.97,9.97,9.95,9.9599,0.0
2024-12-18 04:00:00-05:00,9.97,10.0,9.93,9.95,0.0
2024-12-18 05:00:00-05:00,9.95,9.97,9.94,9.96,0.0
2024-12-18 06:00:00-05:00,9.96,10.0,9.95,9.99,0.0
2024-12-18 07:00:00-05:00,9.995,10.0,9.97,9.97,0.0
2024-12-18 08:00:00-05:00,9.98,10.0,9.94,9.99,0.0
2024-12-18 09:00:00-05:00,9.98,10.0,9.97,10.0,0.0
2024-12-18 09:30:00-05:00,9.9399995803833,10.050000190734863,9.920000076293945,10.050000190734863,7119653.0
2024-12-18 10:30:00-05:00,10.046500205993652,10.09000015258789,10.0,10.039999961853027,7333676.0
2024-12-18 11:30:00-05:00,10.030099868774414,10.09000015258789,10.0,10.074999809265137,6846626.0
2024-12-18 12:30:00-05:00,10.074999809265137,10.09000015258789,10.010000228881836,10.03499984741211,3427521.0
2024-12-18 13:30:00-05:00,10.029999732971191,10.0600004196167,9.9399995803833,9.949999809265137,6221538.0
2024-12-18 14:30:00-05:00,9.960000038146973,9.979999542236328,9.760000228881836,9.774999618530273,14481243.0
2024-12-18 15:30:00-05:00,9.774999618530273,9.789999961853027,9.65999984741211,9.680000305175781,19272482.0
2024-12-18 16:00:00-05:00,9.71,9.97,9.67,9.7,0.0
2024-12-18 17:00:00-05:00,9.71,9.77,9.69,9.76,0.0
2024-12-18 18:00:00-05:00,9.76,9.77,9.74,9.74,0.0
2024-12-19 04:00:00-05:00,9.77,9.84,9.77,9.77,0.0
2024-12-19 05:00:00-05:00,9.77,9.78,9.71,9.71,0.0
2024-12-19 06:00:00-05:00,9.72,9.75,9.72,9.74,0.0
2024-12-19 07:00:00-05:00,9.74,9.8,9.74,9.79,0.0
2024-12-19 08:00:00-05:00,9.8,9.8,9.7,9.8,0.0
2024-12-19 09:00:00-05:00,9.7997,9.81,9.69,9.81,0.0
2024-12-19 09:30:00-05:00,9.789999961853027,9.944999694824219,9.75,9.75,14077639.0
2024-12-19 10:30:00-05:00,9.75,9.789999961853027,9.699999809265137,9.73490047454834,11366392.0
2024-12-19 11:30:00-05:00,9.734999656677246,9.789999961853027,9.710000038146973,9.75,9516552.0
2024-12-19 12:30:00-05:00,9.755000114440918,9.760000228881836,9.710000038146973,9.755000114440918,7166540.0
2024-12-19 13:30:00-05:00,9.752400398254395,9.800000190734863,9.729999542236328,9.755000114440918,5538505.0
2024-12-19 14:30:00-05:00,9.75,9.770000457763672,9.720000267028809,9.73449993133545,7037313.0
2024-12-19 15:30:00-05:00,9.739999771118164,9.760000228881836,9.699999809265137,9.739999771118164,8890774.0
2024-12-19 16:00:00-05:00,9.76,9.78,9.73,9.74,0.0
2024-12-19 17:00:00-05:00,9.75,9.78,9.74,9.77,0.0
2024-12-19 18:00:00-05:00,9.77,9.78,9.75,9.75,0.0
2024-12-20 04:00:00-05:00,9.72,9.72,9.67,9.68,0.0
2024-12-20 05:00:00-05:00,9.68,9.68,9.52,9.62,0.0
2024-12-20 06:00:00-05:00,9.62,9.67,9.62,9.67,0.0
2024-12-20 07:00:00-05:00,9.67,9.74,9.63,9.64,0.0
2024-12-20 08:00:00-05:00,9.63,9.74,9.6,9.66,0.0
2024-12-20 09:00:00-05:00,9.6599,9.71,9.65,9.6899,0.0
2024-12-20 09:30:00-05:00,9.699999809265137,9.859999656677246,9.680000305175781,9.819499969482422,12941211.0
2024-12-20 10:30:00-05:00,9.8149995803833,9.9399995803833,9.810099601745605,9.90999984741211,10882437.0
2024-12-20 11:30:00-05:00,9.914999961853027,9.960000038146973,9.899999618530273,9.924799919128418,7796747.0
2024-12-20 12:30:00-05:00,9.920000076293945,9.960000038146973,9.880000114440918,9.890000343322754,4872464.0
2024-12-20 13:30:00-05:00,9.885000228881836,9.90999984741211,9.859999656677246,9.885000228881836,5405838.0
2024-12-20 14:30:00-05:00,9.885000228881836,9.920000076293945,9.864999771118164,9.885000228881836,5374213.0
2024-12-20 15:30:00-05:00,9.885000228881836,9.899999618530273,9.850000381469727,9.885000228881836,7899857.0
2024-12-20 16:00:00-05:00,9.9,9.9,9.86,9.88,0.0
2024-12-20 17:00:00-05:00,9.88,9.89,9.87,9.885,0.0
2024-12-20 18:00:00-05:00,9.88,9.91,9.88,9.89,0.0
2024-12-23 04:00:00-05:00,9.92,9.92,9.9,9.91,0.0
2024-12-23 05:00:00-05:00,9.9,9.91,9.9,9.91,0.0
2024-12-23 06:00:00-05:00,9.91,9.91,9.88,9.89,0.0
2024-12-23 07:00:00-05:00,9.89,9.89,9.87,9.89,0.0
2024-12-23 08:00:00-05:00,9.89,9.9688,9.87,9.92,0.0
2024-12-23 09:00:00-05:00,9.9198,9.92,9.87,9.88,0.0
2024-12-23 09:30:00-05:00,9.869999885559082,9.880000114440918,9.75,9.8149995803833,9756120.0
2024-12-23 10:30:00-05:00,9.8100004196167,9.829999923706055,9.779999732971191,9.8100004196167,6984926.0
2024-12-23 11:30:00-05:00,9.8100004196167,9.850000381469727,9.789999961853027,9.82859992980957,5256205.0
2024-12-23 12:30:00-05:00,9.824999809265137,9.869999885559082,9.8100004196167,9.865900039672852,5491262.0
2024-12-23 13:30:00-05:00,9.866700172424316,9.869999885559082,9.84000015258789,9.854999542236328,3784053.0
2024-12-23 14:30:00-05:00,9.854999542236328,9.895000457763672,9.84000015258789,9.885000228881836,6330765.0
2024-12-23 15:30:00-05:00,9.885000228881836,9.920000076293945,9.880000114440918,9.904999732971191,6488082.0
2024-12-23 16:00:00-05:00,9.9,9.9093,9.88,9.89,0.0
2024-12-23 17:00:00-05:00,9.88,9.9,9.88,9.8999,0.0
2024-12-23 18:00:00-05:00,9.89,9.9,9.806,9.9,0.0
2024-12-24 04:00:00-05:00,9.91,9.92,9.9,9.91,0.0
2024-12-24 05:00:00-05:00,9.91,9.95,9.9,9.92,0.0
2024-12-24 06:00:00-05:00,9.93,9.93,9.89,9.9,0.0
2024-12-24 07:00:00-05:00,9.9,9.91,9.9,9.91,0.0
2024-12-24 08:00:00-05:00,9.91,9.9424,9.89,9.91,0.0
2024-12-24 09:00:00-05:00,9.905,9.93,9.9,9.93,0.0
2024-12-24 09:30:00-05:00,9.899999618530273,9.989999771118164,9.890000343322754,9.979999542236328,5464967.0
2024-12-24 10:30:00-05:00,9.975000381469727,10.029999732971191,9.899999618530273,10.024999618530273,8658060.0
2024-12-24 11:30:00-05:00,10.029999732971191,10.050000190734863,10.010000228881836,10.03499984741211,7172016.0
2024-12-24 13:00:00-05:00,10.03499984741211,10.0600004196167,10.020000457763672,10.024999618530273,0.0
2024-12-24 14:00:00-05:00,10.025,10.03,9.99,10.01,0.0
2024-12-24 15:00:00-05:00,10.0,10.01,9.98,9.99,0.0
2024-12-24 16:00:00-05:00,9.9801,10.02,9.98,9.9903,0.0
2024-12-26 04:00:00-05:00,10.01,10.03,9.99,9.99,0.0
2024-12-26 05:00:00-05:00,9.99,10.01,9.99,10.01,0.0
2024-12-26 06:00:00-05:00,10.01,10.01,9.99,9.99,0.0
2024-12-26 07:00:00-05:00,10.0,10.01,9.99,10.0,0.0
2024-12-26 08:00:00-05:00,9.99,10.05,9.99,9.99,0.0
2024-12-26 09:00:00-05:00,9.99,10.0,9.97,9.97,0.0
2024-12-26 09:30:00-05:00,10.0,10.109999656677246,9.979999542236328,10.074999809265137,7955438.0
2024-12-26 10:30:00-05:00,10.071800231933594,10.119999885559082,10.0649995803833,10.100000381469727,5143740.0
2024-12-26 11:30:00-05:00,10.095000267028809,10.119999885559082,10.079999923706055,10.079999923706055,3377579.0
2024-12-26 12:30:00-05:00,10.079999923706055,10.100000381469727,10.069999694824219,10.095000267028809,3355226.0
2024-12-26 13:30:00-05:00,10.095000267028809,10.100000381469727,10.069999694824219,10.086700439453125,3608726.0
2024-12-26 14:30:00-05:00,10.085000038146973,10.109999656677246,10.069999694824219,10.104999542236328,4292642.0
2024-12-26 15:30:00-05:00,10.109999656677246,10.119999885559082,10.0600004196167,10.069999694824219,4548897.0
2024-12-26 16:00:00-05:00,10.07,10.0899,10.06,10.08,0.0
2024-12-26 17:00:00-05:00,10.08,10.08,10.05,10.0699,0.0
2024-12-26 18:00:00-05:00,10.07,10.07,10.05,10.07,0.0
2024-12-27 04:00:00-05:00,10.07,10.07,10.02,10.04,0.0
2024-12-27 05:00:00-05:00,10.05,10.07,10.02,10.03,0.0
2024-12-27 06:00:00-05:00,10.03,10.04,10.02,10.03,0.0
2024-12-27 07:00:00-05:00,10.04,10.06,10.03,10.05,0.0
2024-12-27 08:00:00-05:00,10.04,10.07,10.01,10.04,0.0
2024-12-27 09:00:00-05:00,10.05,10.05,10.04,10.0499,0.0
2024-12-27 09:30:00-05:00,10.024999618530273,10.199999809265137,9.979999542236328,10.03499984741211,9726831.0
2024-12-27 10:30:00-05:00,10.029999732971191,10.109999656677246,10.020000457763672,10.069999694824219,8022376.0
2024-12-27 11:30:00-05:00,10.0649995803833,10.079999923706055,9.989999771118164,10.005000114440918,6372485.0
2024-12-27 12:30:00-05:00,10.005000114440918,10.0600004196167,9.989999771118164,10.03499984741211,5643974.0
2024-12-27 13:30:00-05:00,10.038700103759766,10.079999923706055,10.029999732971191,10.050000190734863,7971380.0
2024-12-27 14:30:00-05:00,10.050000190734863,10.079999923706055,10.029999732971191,10.030099868774414,4976058.0
2024-12-27 15:30:00-05:00,10.03499984741211,10.050000190734863,10.0,10.039999961853027,5964530.0
2024-12-27 16:00:00-05:00,10.03,10.04,10.0,10.0,0.0
2024-12-27 17:00:00-05:00,10.0,10.01,10.0,10.0098,0.0
2024-12-27 18:00:00-05:00,10.01,10.01,10.0,10.0,0.0
2024-12-30 04:00:00-05:00,10.0,10.04,10.0,10.02,0.0
2024-12-30 05:00:00-05:00,10.03,10.04,10.02,10.03,0.0
2024-12-30 06:00:00-05:00,10.03,10.04,10.03,10.04,0.0
2024-12-30 07:00:00-05:00,10.03,10.04,10.01,10.02,0.0
2024-12-30 08:00:00-05:00,10.01,10.05,9.98,9.98,0.0
2024-12-30 09:00:00-05:00,9.99,9.99,9.92,9.93,0.0
2024-12-30 09:30:00-05:00,9.949999809265137,9.975000381469727,9.829999923706055,9.835000038146973,8768834.0
2024-12-30 10:30:00-05:00,9.835000038146973,9.920000076293945,9.819999694824219,9.914999961853027,7663141.0
2024-12-30 11:30:00-05:00,9.920000076293945,9.9399995803833,9.899999618530273,9.933600425720215,5870577.0
2024-12-30 12:30:00-05:00,9.9350004196167,9.949999809265137,9.90999984741211,9.920000076293945,5718259.0
2024-12-30 13:30:00-05:00,9.925000190734863,9.9399995803833,9.90999984741211,9.930000305175781,5405027.0
2024-12-30 14:30:00-05:00,9.920000076293945,9.930000305175781,9.890000343322754,9.89009952545166,4565839.0
2024-12-30 15:30:00-05:00,9.890000343322754,9.90999984741211,9.869999885559082,9.869999885559082,5801044.0
2024-12-30 16:00:00-05:00,9.88,9.88,9.86,9.865,0.0
2024-12-30 17:00:00-05:00,9.87,9.88,9.86,9.865,0.0
2024-12-30 18:00:00-05:00,9.87,9.87,9.86,9.8698,0.0
2024-12-31 04:00:00-05:00,9.89,9.92,9.88,9.92,0.0
2024-12-31 05:00:00-05:00,9.92,9.92,9.9,9.91,0.0
2024-12-31 06:00:00-05:00,9.91,9.92,9.91,9.92,0.0
2024-12-31 07:00:00-05:00,9.92,9.93,9.91,9.93,0.0
2024-12-31 08:00:00-05:00,9.93,9.94,9.89,9.91,0.0
2024-12-31 09:00:00-05:00,9.91,9.93,9.9,9.93,0.0
2024-12-31 09:30:00-05:00,9.90999984741211,10.010000228881836,9.890000343322754,9.994999885559082,8025946.0
2024-12-31 10:30:00-05:00,9.9975004196167,10.0,9.890000343322754,9.899999618530273,10073547.0
2024-12-31 11:30:00-05:00,9.890000343322754,9.899999618530273,9.84000015258789,9.845000267028809,7672203.0
2024-12-31 12:30:00-05:00,9.840999603271484,9.920000076293945,9.84000015258789,9.880000114440918,6770122.0
2024-12-31 13:30:00-05:00,9.871000289916992,9.90999984741211,9.859999656677246,9.869999885559082,5571084.0
2024-12-31 14:30:00-05:00,9.869999885559082,9.90999984741211,9.850000381469727,9.89009952545166,5606786.0
2024-12-31 15:30:00-05:00,9.895000457763672,9.920000076293945,9.880000114440918,9.890000343322754,6489802.0
2024-12-31 16:00:00-05:00,9.89,9.9,9.88,9.89,0.0
2024-12-31 17:00:00-05:00,9.885,9.9,9.88,9.885,0.0
2024-12-31 18:00:00-05:00,9.89,9.89,9.88,9.8899,0.0
2025-01-02 04:00:00-05:00,9.86,9.98,9.86,9.96,0.0
2025-01-02 05:00:00-05:00,9.96,9.96,9.95,9.95,0.0
2025-01-02 06:00:00-05:00,9.96,9.96,9.92,9.93,0.0
2025-01-02 07:00:00-05:00,9.93,9.97,9.92,9.969,0.0
2025-01-02 08:00:00-05:00,9.97,9.9788,9.9,9.9601,0.0
2025-01-02 09:00:00-05:00,9.97,9.97,9.9,9.92,0.0
2025-01-02 09:30:00-05:00,9.90999984741211,9.954999923706055,9.84000015258789,9.895000457763672,8906218.0
2025-01-02 10:30:00-05:00,9.890000343322754,9.90999984741211,9.819999694824219,9.854999542236328,8319216.0
2025-01-02 11:30:00-05:00,9.859800338745117,9.859999656677246,9.789999961853027,9.789999961853027,7794375.0
2025-01-02 12:30:00-05:00,9.79010009765625,9.800000190734863,9.6899995803833,9.699999809265137,10323997.0
2025-01-02 13:30:00-05:00,9.694999694824219,9.719900131225586,9.670000076293945,9.694999694824219,7728396.0
2025-01-02 14:30:00-05:00,9.694999694824219,9.69540023803711,9.649999618530273,9.67870044708252,7506704.0
2025-01-02 15:30:00-05:00,9.675000190734863,9.699999809265137,9.635000228881836,9.65999984741211,11106864.0
2025-01-02 16:00:00-05:00,9.66,9.68,9.65,9.67,0.0
2025-01-02 17:00:00-05:00,9.67,9.68,9.66,9.675,0.0
2025-01-02 18:00:00-05:00,9.68,9.68,9.66,9.68,0.0
2025-01-03 04:00:00-05:00,9.69,9.74,9.69,9.7,0.0
2025-01-03 05:00:00-05:00,9.69,9.7,9.68,9.69,0.0
2025-01-03 06:00:00-05:00,9.69,9.72,9.68,9.7,0.0
2025-01-03 07:00:00-05:00,9.7,9.7,9.68,9.69,0.0
2025-01-03 08:00:00-05:00,9.681,9.74,9.68,9.69,0.0
2025-01-03 09:00:00-05:00,9.69,9.7,9.68,9.695,0.0
2025-01-03 09:30:00-05:00,9.6899995803833,9.71500015258789,9.529999732971191,9.678999900817871,16137299.0
2025-01-03 10:30:00-05:00,9.67199993133545,9.800000190734863,9.670000076293945,9.790900230407715,15299650.0
2025-01-03 11:30:00-05:00,9.795000076293945,9.869999885559082,9.789999961853027,9.852899551391602,11258878.0
2025-01-03 12:30:00-05:00,9.856399536132812,9.869999885559082,9.829999923706055,9.869999885559082,5422130.0
2025-01-03 13:30:00-05:00,9.869999885559082,9.899999618530273,9.84000015258789,9.895000457763672,6485191.0
2025-01-03 14:30:00-05:00,9.895000457763672,9.949999809265137,9.890000343322754,9.9350004196167,6588485.0
2025-01-03 15:30:00-05:00,9.9350004196167,9.9399995803833,9.869999885559082,9.880000114440918,7301992.0
2025-01-03 16:00:00-05:00,9.885,9.89,9.86,9.865,0.0
2025-01-03 17:00:00-05:00,9.8603,9.89,9.86,9.89,0.0
2025-01-03 18:00:00-05:00,9.89,9.9,9.87,9.89,0.0
2025-01-06 04:00:00-05:00,9.9,10.01,9.89,9.98,0.0
2025-01-06 05:00:00-05:00,9.97,10.08,9.97,10.02,0.0
2025-01-06 06:00:00-05:00,10.02,10.05,10.0,10.05,0.0
2025-01-06 07:00:00-05:00,10.05,10.12,10.02,10.1,0.0
2025-01-06 08:00:00-05:00,10.11,10.19,9.86,10.14,0.0
2025-01-06 09:00:00-05:00,10.139,10.14,9.88,10.0798,0.0
2025-01-06 09:30:00-05:00,10.060099601745605,10.1899995803833,10.020000457763672,10.079999923706055,18336467.0
2025-01-06 10:30:00-05:00,10.074999809265137,10.09000015258789,10.020000457763672,10.085000038146973,10408642.0
2025-01-06 11:30:00-05:00,10.085000038146973,10.100000381469727,10.020000457763672,10.03499984741211,6243789.0
2025-01-06 12:30:00-05:00,10.03499984741211,10.050000190734863,9.989999771118164,10.005000114440918,6506724.0
2025-01-06 13:30:00-05:00,10.003437042236328,10.010000228881836,9.949999809265137,9.960000038146973,5699944.0
2025-01-06 14:30:00-05:00,9.949999809265137,9.970000267028809,9.90999984741211,9.930000305175781,4692798.0
2025-01-06 15:30:00-05:00,9.925000190734863,9.9399995803833,9.899999618530273,9.914999961853027,6963001.0
2025-01-06 16:00:00-05:00,9.92,9.93,9.92,9.92,0.0
2025-01-06 17:00:00-05:00,9.92,9.94,9.92,9.94,0.0
2025-01-06 18:00:00-05:00,9.9302,9.94,9.92,9.9397,0.0
2025-01-07 04:00:00-05:00,9.95,9.98,9.93,9.94,0.0
2025-01-07 05:00:00-05:00,9.93,9.94,9.93,9.94,0.0
2025-01-07 06:00:00-05:00,9.93,9.95,9.93,9.95,0.0
2025-01-07 07:00:00-05:00,9.94,9.95,9.94,9.95,0.0
2025-01-07 08:00:00-05:00,9.94,9.955,9.93,9.945,0.0
2025-01-07 09:00:00-05:00,9.95,9.99,9.94,9.99,0.0
2025-01-07 09:30:00-05:00,9.949999809265137,10.010000228881836,9.850000381469727,9.941300392150879,8264746.0
2025-01-07 10:30:00-05:00,9.944999694824219,9.979999542236328,9.869999885559082,9.909899711608887,10838647.0
2025-01-07 11:30:00-05:00,9.904999732971191,9.90999984741211,9.819999694824219,9.859999656677246,9381373.0
2025-01-07 12:30:00-05:00,9.854999542236328,9.869999885559082,9.829999923706055,9.845000267028809,3984505.0
2025-01-07 13:30:00-05:00,9.84000015258789,9.859999656677246,9.789999961853027,9.805000305175781,5324291.0
2025-01-07 14:30:00-05:00,9.805000305175781,9.8100004196167,9.720000267028809,9.73009967803955,10914490.0
2025-01-07 15:30:00-05:00,9.734999656677246,9.770000457763672,9.720000267028809,9.767999649047852,8473675.0
2025-01-07 16:00:00-05:00,9.768,9.8,9.75,9.79,0.0
2025-01-07 17:00:00-05:00,9.79,9.81,9.76,9.805,0.0
2025-01-07 18:00:00-05:00,9.8,9.8101,9.79,9.81,0.0
2025-01-08 04:00:00-05:00,9.87,9.87,9.8,9.81,0.0
2025-01-08 05:00:00-05:00,9.81,9.82,9.8,9.8,0.0
2025-01-08 06:00:00-05:00,9.81,9.81,9.75,9.75,0.0
2025-01-08 07:00:00-05:00,9.75,9.79,9.7,9.72,0.0
2025-01-08 08:00:00-05:00,9.71,9.84,9.67,9.77,0.0
2025-01-08 09:00:00-05:00,9.77,9.78,9.75,9.76,0.0
2025-01-08 09:30:00-05:00,9.739999771118164,9.739999771118164,9.579999923706055,9.635000228881836,13990191.0
2025-01-08 10:30:00-05:00,9.63599967956543,9.699999809265137,9.630000114440918,9.65999984741211,8435028.0
2025-01-08 11:30:00-05:00,9.664999961853027,9.6899995803833,9.59000015258789,9.59000015258789,5547105.0
2025-01-08 12:30:00-05:00,9.596400260925293,9.670000076293945,9.59000015258789,9.651200294494629,7117633.0
2025-01-08 13:30:00-05:00,9.65429973602295,9.720000267028809,9.640000343322754,9.694999694824219,8491258.0
2025-01-08 14:30:00-05:00,9.6899995803833,9.699999809265137,9.65999984741211,9.694999694824219,5596684.0
2025-01-08 15:30:00-05:00,9.694999694824219,9.75,9.680000305175781,9.729999542236328,6479085.0
2025-01-08 16:00:00-05:00,9.74,9.75,9.71,9.7299,0.0
2025-01-08 17:00:00-05:00,9.73,9.74,9.71,9.715,0.0
2025-01-08 18:00:00-05:00,9.71,9.74,9.71,9.7397,0.0
2025-01-10 04:00:00-05:00,9.74,9.84,9.73,9.73,0.0
2025-01-10 05:00:00-05:00,9.73,9.74,9.72,9.73,0.0
2025-01-10 06:00:00-05:00,9.74,9.74,9.72,9.72,0.0
2025-01-10 07:00:00-05:00,9.73,9.73,9.7,9.73,0.0
2025-01-10 08:00:00-05:00,9.73,9.8024,9.7,9.74,0.0
2025-01-10 09:00:00-05:00,9.73,9.73,9.62,9.66,0.0
2025-01-10 09:30:00-05:00,9.670000076293945,9.84000015258789,9.59000015258789,9.812999725341797,16384939.0
2025-01-10 10:30:00-05:00,9.8149995803833,9.819999694824219,9.65999984741211,9.664999961853027,12350958.0
2025-01-10 11:30:00-05:00,9.670000076293945,9.710000038146973,9.65999984741211,9.699999809265137,10159507.0
2025-01-10 12:30:00-05:00,9.694999694824219,9.75,9.6899995803833,9.734999656677246,7413927.0
2025-01-10 13:30:00-05:00,9.734999656677246,9.739999771118164,9.6899995803833,9.71500015258789,5249067.0
2025-01-10 14:30:00-05:00,9.710000038146973,9.729999542236328,9.640000343322754,9.649900436401367,7288939.0
2025-01-10 15:30:00-05:00,9.640000343322754,9.670000076293945,9.630000114440918,9.649999618530273,8158044.0
2025-01-10 16:00:00-05:00,9.65,9.68,9.63,9.66,0.0
2025-01-10 17:00:00-05:00,9.67,9.67,9.66,9.66,0.0
2025-01-10 18:00:00-05:00,9.665,9.68,9.65,9.665,0.0
2025-01-13 04:00:00-05:00,9.62,9.66,9.57,9.58,0.0
2025-01-13 05:00:00-05:00,9.58,9.6,9.56,9.58,0.0
2025-01-13 06:00:00-05:00,9.58,9.59,9.57,9.59,0.0
2025-01-13 07:00:00-05:00,9.59,9.62,9.57,9.59,0.0
2025-01-13 08:00:00-05:00,9.6,9.67,9.5688,9.605,0.0
2025-01-13 09:00:00-05:00,9.6,9.64,9.59,9.63,0.0
2025-01-13 09:30:00-05:00,9.659899711608887,9.720000267028809,9.569999694824219,9.630000114440918,11946603.0
2025-01-13 10:30:00-05:00,9.635000228881836,9.670000076293945,9.569999694824219,9.614999771118164,12577383.0
2025-01-13 11:30:00-05:00,9.614999771118164,9.645000457763672,9.569999694824219,9.595000267028809,9020477.0
2025-01-13 12:30:00-05:00,9.59000015258789,9.619999885559082,9.579999923706055,9.617300033569336,4794011.0
2025-01-13 13:30:00-05:00,9.616999626159668,9.680000305175781,9.609999656677246,9.675000190734863,7087414.0
2025-01-13 14:30:00-05:00,9.670000076293945,9.699999809265137,9.640000343322754,9.640000343322754,5688722.0
2025-01-13 15:30:00-05:00,9.645000457763672,9.720000267028809,9.640000343322754,9.70580005645752,6793886.0
2025-01-13 16:00:00-05:00,9.71,9.88,9.69,9.705,0.0
2025-01-13 17:00:00-05:00,9.7097,9.71,9.7,9.7,0.0
2025-01-13 18:00:00-05:00,9.71,9.73,9.7,9.7201,0.0
2025-01-14 04:00:00-05:00,9.75,9.78,9.74,9.77,0.0
2025-01-14 05:00:00-05:00,9.76,9.77,9.75,9.75,0.0
2025-01-14 06:00:00-05:00,9.75,9.77,9.75,9.77,0.0
2025-01-14 07:00:00-05:00,9.76,9.77,9.75,9.76,0.0
2025-01-14 08:00:00-05:00,9.76,9.78,9.74,9.74,0.0
2025-01-14 09:00:00-05:00,9.76,9.8,9.76,9.79,0.0
2025-01-14 09:30:00-05:00,9.774999618530273,9.819999694824219,9.699999809265137,9.699999809265137,8789568.0
2025-01-14 10:30:00-05:00,9.707500457763672,9.739999771118164,9.680000305175781,9.720000267028809,7894751.0
2025-01-14 11:30:00-05:00,9.710000038146973,9.720000267028809,9.6899995803833,9.71560001373291,4536020.0
2025-01-14 12:30:00-05:00,9.720000267028809,9.770000457763672,9.692700386047363,9.765000343322754,4300123.0
2025-01-14 13:30:00-05:00,9.76609992980957,9.819999694824219,9.760000228881836,9.779999732971191,5502101.0
2025-01-14 14:30:00-05:00,9.779999732971191,9.800000190734863,9.720000267028809,9.780099868774414,6350071.0
2025-01-14 15:30:00-05:00,9.789999961853027,9.800000190734863,9.760000228881836,9.779999732971191,4813796.0
2025-01-14 16:00:00-05:00,9.8,9.8,9.78,9.79,0.0
2025-01-14 17:00:00-05:00,9.78,9.79,9.78,9.785,0.0
2025-01-14 18:00:00-05:00,9.78,9.79,9.78,9.785,0.0
2025-01-15 04:00:00-05:00,9.8,9.8,9.75,9.785,0.0
2025-01-15 05:00:00-05:00,9.785,9.8,9.78,9.8,0.0
2025-01-15 06:00:00-05:00,9.79,9.8,9.79,9.79,0.0
2025-01-15 07:00:00-05:00,9.8,9.8,9.79,9.8,0.0
2025-01-15 08:00:00-05:00,9.8,9.83,9.7776,9.82,0.0
2025-01-15 09:00:00-05:00,9.83,10.03,9.8201,9.96,0.0
2025-01-15 09:30:00-05:00,9.970000267028809,10.0,9.890000343322754,9.975000381469727,14610421.0
2025-01-15 10:30:00-05:00,9.975000381469727,9.979999542236328,9.930000305175781,9.96500015258789,9683381.0
2025-01-15 11:30:00-05:00,9.96560001373291,10.0,9.9399995803833,10.0,8526677.0
2025-01-15 12:30:00-05:00,9.994999885559082,10.0,9.979999542236328,9.994999885559082,3387465.0
2025-01-15 13:30:00-05:00,10.0,10.0600004196167,9.989999771118164,10.045000076293945,6718493.0
2025-01-15 14:30:00-05:00,10.045000076293945,10.050000190734863,9.989999771118164,10.005000114440918,5683610.0
2025-01-15 15:30:00-05:00,10.005000114440918,10.010000228881836,9.9399995803833,9.949999809265137,7550779.0
2025-01-15 16:00:00-05:00,9.95,9.95,9.94,9.945,0.0
2025-01-15 17:00:00-05:00,9.945,9.96,9.94,9.955,0.0
2025-01-15 18:00:00-05:00,9.95,9.96,9.94,9.955,0.0
2025-01-16 04:00:00-05:00,9.97,9.98,9.95,9.96,0.0
2025-01-16 05:00:00-05:00,9.95,9.96,9.95,9.96,0.0
2025-01-16 06:00:00-05:00,9.96,9.96,9.94,9.95,0.0
2025-01-16 07:00:00-05:00,9.94,9.96,9.93,9.94,0.0
2025-01-16 08:00:00-05:00,9.94,9.97,9.93,9.935,0.0
2025-01-16 09:00:00-05:00,9.94,9.975,9.92,9.9299,0.0
2025-01-16 09:30:00-05:00,9.90999984741211,9.989999771118164,9.890000343322754,9.954999923706055,9190575.0
2025-01-16 10:30:00-05:00,9.954999923706055,10.020000457763672,9.949999809265137,9.984999656677246,7109599.0
2025-01-16 11:30:00-05:00,9.984999656677246,10.0600004196167,9.970000267028809,10.020000457763672,6253158.0
2025-01-16 12:30:00-05:00,10.020000457763672,10.050000190734863,9.994999885559082,10.024999618530273,3746922.0
2025-01-16 13:30:00-05:00,10.024999618530273,10.050000190734863,10.0,10.024999618530273,5016491.0
2025-01-16 14:30:00-05:00,10.029999732971191,10.029999732971191,9.979999542236328,9.979999542236328,3446587.0
2025-01-16 15:30:00-05:00,9.984999656677246,10.020000457763672,9.979999542236328,10.020000457763672,7402243.0
2025-01-16 16:00:00-05:00,10.01,10.01,9.98,10.0099,0.0
2025-01-16 17:00:00-05:00,10.0,10.03,10.0,10.0003,0.0
2025-01-16 18:00:00-05:00,10.0,10.02,10.0,10.02,0.0
2025-01-17 04:00:00-05:00,10.01,10.04,10.01,10.04,0.0
2025-01-17 05:00:00-05:00,10.05,10.05,10.03,10.05,0.0
2025-01-17 06:00:00-05:00,10.04,10.05,10.03,10.04,0.0
2025-01-17 07:00:00-05:00,10.04,10.05,10.03,10.04,0.0
2025-01-17 08:00:00-05:00,10.05,10.07,10.01,10.06,0.0
2025-01-17 09:00:00-05:00,10.06,10.1,10.06,10.0894,0.0
2025-01-17 09:30:00-05:00,10.079999923706055,10.170000076293945,10.039999961853027,10.149499893188477,11709166.0
2025-01-17 10:30:00-05:00,10.145000457763672,10.170000076293945,10.120100021362305,10.160699844360352,9062084.0
2025-01-17 11:30:00-05:00,10.160099983215332,10.180000305175781,10.149999618530273,10.164999961853027,5472016.0
2025-01-17 12:30:00-05:00,10.164999961853027,10.170000076293945,10.100000381469727,10.13010025024414,6265542.0
2025-01-17 13:30:00-05:00,10.130000114440918,10.15999984741211,10.119999885559082,10.135000228881836,5924926.0
2025-01-17 14:30:00-05:00,10.135000228881836,10.15999984741211,10.100000381469727,10.15999984741211,5896421.0
2025-01-17 15:30:00-05:00,10.158699989318848,10.210000038146973,10.154999732971191,10.180000305175781,10021262.0
2025-01-17 16:00:00-05:00,10.18,10.2,9.68,10.17,0.0
2025-01-17 17:00:00-05:00,10.18,10.2,10.17,10.18,0.0
2025-01-17 18:00:00-05:00,10.17,10.18,10.17,10.18,0.0
2025-01-21 04:00:00-05:00,10.22,10.3,10.17,10.22,0.0
2025-01-21 05:00:00-05:00,10.23,10.35,10.22,10.34,0.0
2025-01-21 06:00:00-05:00,10.34,10.41,10.33,10.33,0.0
2025-01-21 07:00:00-05:00,10.33,10.33,10.25,10.29,0.0
2025-01-21 08:00:00-05:00,10.29,10.4,10.2,10.28,0.0
2025-01-21 09:00:00-05:00,10.28,10.29,10.26,10.2899,0.0
2025-01-21 09:30:00-05:00,10.300000190734863,10.34000015258789,10.239999771118164,10.324999809265137,12289801.0
2025-01-21 10:30:00-05:00,10.324999809265137,10.4399995803833,10.3100004196167,10.400099754333496,12166564.0
2025-01-21 11:30:00-05:00,10.399999618530273,10.42870044708252,10.34000015258789,10.364999771118164,6849162.0
2025-01-21 12:30:00-05:00,10.364299774169922,10.40999984741211,10.34000015258789,10.404999732971191,6752518.0
2025-01-21 13:30:00-05:00,10.404999732971191,10.40999984741211,10.359999656677246,10.38599967956543,6344985.0
2025-01-21 14:30:00-05:00,10.38010025024414,10.430000305175781,10.359999656677246,10.404999732971191,6622165.0
2025-01-21 15:30:00-05:00,10.406299591064453,10.449999809265137,10.399999618530273,10.430000305175781,7855350.0
2025-01-21 16:00:00-05:00,10.43,10.44,10.39,10.405,0.0
2025-01-21 17:00:00-05:00,10.4,10.43,10.39,10.41,0.0
2025-01-21 18:00:00-05:00,10.42,10.42,10.4,10.42,0.0
2025-01-22 04:00:00-05:00,10.42,10.45,10.4,10.42,0.0
2025-01-22 05:00:00-05:00,10.45,10.45,10.39,10.39,0.0
2025-01-22 06:00:00-05:00,10.39,10.4,10.38,10.4,0.0
2025-01-22 07:00:00-05:00,10.4,10.4,10.13,10.25,0.0
2025-01-22 08:00:00-05:00,10.26,10.45,10.18,10.25,0.0
2025-01-22 09:00:00-05:00,10.25,10.25,10.01,10.235,0.0
2025-01-22 09:30:00-05:00,10.25,10.25,10.039999961853027,10.066080093383789,16617762.0
2025-01-22 10:30:00-05:00,10.0600004196167,10.069999694824219,10.020000457763672,10.0600004196167,12777683.0
2025-01-22 11:30:00-05:00,10.050000190734863,10.079999923706055,10.020000457763672,10.039999961853027,6791043.0
2025-01-22 12:30:00-05:00,10.03499984741211,10.119999885559082,10.029999732971191,10.095000267028809,5323504.0
2025-01-22 13:30:00-05:00,10.095000267028809,10.100000381469727,10.0600004196167,10.085000038146973,5127349.0
2025-01-22 14:30:00-05:00,10.079999923706055,10.09000015258789,10.0600004196167,10.0600004196167,3973321.0
2025-01-22 15:30:00-05:00,10.0600004196167,10.09000015258789,10.029999732971191,10.029999732971191,8569925.0
2025-01-22 16:00:00-05:00,10.035,10.07,10.03,10.05,0.0
2025-01-22 17:00:00-05:00,10.0499,10.05,10.03,10.04,0.0
2025-01-22 18:00:00-05:00,10.05,10.06,10.04,10.05,0.0
2025-01-23 04:00:00-05:00,10.06,10.07,10.01,10.015,0.0
2025-01-23 05:00:00-05:00,10.02,10.03,10.01,10.03,0.0
2025-01-23 06:00:00-05:00,10.03,10.04,10.02,10.02,0.0
2025-01-23 07:00:00-05:00,10.03,10.03,10.02,10.02,0.0
2025-01-23 08:00:00-05:00,10.02,10.07,10.01,10.02,0.0
2025-01-23 09:00:00-05:00,10.0197,10.05,10.01,10.05,0.0
2025-01-23 09:30:00-05:00,10.074999809265137,10.09000015258789,9.970000267028809,9.989999771118164,7896187.0
2025-01-23 10:30:00-05:00,9.994999885559082,10.109999656677246,9.979999542236328,10.069999694824219,10496224.0
2025-01-23 11:30:00-05:00,10.074999809265137,10.15999984741211,10.069999694824219,10.15999984741211,8665553.0
2025-01-23 12:30:00-05:00,10.158300399780273,10.170000076293945,10.140000343322754,10.154999732971191,5440935.0
2025-01-23 13:30:00-05:00,10.149999618530273,10.170000076293945,10.119999885559082,10.145000457763672,6924029.0
2025-01-23 14:30:00-05:00,10.145000457763672,10.170000076293945,10.140000343322754,10.145000457763672,5663766.0
2025-01-23 15:30:00-05:00,10.147000312805176,10.170000076293945,10.130000114440918,10.160099983215332,6177416.0
2025-01-23 16:00:00-05:00,10.17,10.17,10.13,10.15,0.0
2025-01-23 17:00:00-05:00,10.14,10.16,10.13,10.155,0.0
2025-01-23 18:00:00-05:00,10.155,10.16,10.14,10.145,0.0
2025-01-24 04:00:00-05:00,10.17,10.2,10.14,10.15,0.0
2025-01-24 05:00:00-05:00,10.15,10.2,10.15,10.2,0.0
2025-01-24 06:00:00-05:00,10.2,10.2,10.18,10.19,0.0
2025-01-24 07:00:00-05:00,10.19,10.19,10.165,10.165,0.0
2025-01-24 08:00:00-05:00,10.165,10.1907,10.13,10.15,0.0
2025-01-24 09:00:00-05:00,10.155,10.16,10.14,10.14,0.0
2025-01-24 09:30:00-05:00,10.15999984741211,10.3100004196167,10.130000114440918,10.15999984741211,9738674.0
2025-01-24 10:30:00-05:00,10.15999984741211,10.170000076293945,10.109999656677246,10.140000343322754,5873135.0
2025-01-24 11:30:00-05:00,10.13479995727539,10.15999984741211,10.130000114440918,10.135000228881836,4011873.0
2025-01-24 12:30:00-05:00,10.135000228881836,10.149999618530273,10.109999656677246,10.109999656677246,2909133.0
2025-01-24 13:30:00-05:00,10.109999656677246,10.119999885559082,10.100000381469727,10.110099792480469,6883680.0
2025-01-24 14:30:00-05:00,10.114999771118164,10.130000114440918,10.09000015258789,10.09000015258789,4473880.0
2025-01-24 15:30:00-05:00,10.100000381469727,10.130000114440918,10.09000015258789,10.109999656677246,6172359.0
2025-01-24 16:00:00-05:00,10.12,10.13,10.1,10.12,0.0
2025-01-24 17:00:00-05:00,10.12,10.13,10.12,10.13,0.0
2025-01-24 18:00:00-05:00,10.13,10.13,10.11,10.115,0.0
2025-01-27 04:00:00-05:00,10.1,10.11,10.02,10.03,0.0
2025-01-27 05:00:00-05:00,10.04,10.08,10.02,10.07,0.0
2025-01-27 06:00:00-05:00,10.07,10.09,10.03,10.03,0.0
2025-01-27 07:00:00-05:00,10.03,10.06,10.0,10.05,0.0
2025-01-27 08:00:00-05:00,10.05,10.1,9.99,10.07,0.0
2025-01-27 09:00:00-05:00,10.07,10.07,10.05,10.06,0.0
2025-01-27 09:30:00-05:00,10.109999656677246,10.34000015258789,10.100000381469727,10.324999809265137,16444549.0
2025-01-27 10:30:00-05:00,10.319999694824219,10.34000015258789,10.270000457763672,10.300000190734863,11485087.0
2025-01-27 11:30:00-05:00,10.295000076293945,10.319999694824219,10.25,10.297300338745117,7144661.0
2025-01-27 12:30:00-05:00,10.295000076293945,10.319999694824219,10.279999732971191,10.300000190734863,5266203.0
2025-01-27 13:30:00-05:00,10.291000366210938,10.380000114440918,10.289999961853027,10.375,7581155.0
2025-01-27 14:30:00-05:00,10.375,10.420000076293945,10.350000381469727,10.40999984741211,9746873.0
2025-01-27 15:30:00-05:00,10.40999984741211,10.40999984741211,10.369999885559082,10.385000228881836,10256581.0
2025-01-27 16:00:00-05:00,10.38,10.385,10.32,10.35,0.0
2025-01-27 17:00:00-05:00,10.34,10.38,10.01,10.335,0.0
2025-01-27 18:00:00-05:00,10.33,10.35,10.32,10.325,0.0
2025-01-28 04:00:00-05:00,10.36,10.38,10.32,10.35,0.0
2025-01-28 05:00:00-05:00,10.34,10.35,10.34,10.35,0.0
2025-01-28 06:00:00-05:00,10.34,10.35,10.28,10.28,0.0
2025-01-28 07:00:00-05:00,10.29,10.46,10.29,10.38,0.0
2025-01-28 08:00:00-05:00,10.38,10.3899,10.3,10.345,0.0
2025-01-28 09:00:00-05:00,10.345,10.37,10.23,10.25,0.0
2025-01-28 09:30:00-05:00,10.229999542236328,10.229999542236328,9.979999542236328,10.045000076293945,25959093.0
2025-01-28 10:30:00-05:00,10.039999961853027,10.0600004196167,9.989999771118164,10.015000343322754,15118248.0
2025-01-28 11:30:00-05:00,10.015000343322754,10.029999732971191,9.920000076293945,9.965800285339355,15622603.0
2025-01-28 12:30:00-05:00,9.970000267028809,9.989999771118164,9.949999809265137,9.960000038146973,6366671.0
2025-01-28 13:30:00-05:00,9.969900131225586,10.029999732971191,9.960000038146973,10.015000343322754,7500650.0
2025-01-28 14:30:00-05:00,10.010000228881836,10.0600004196167,10.0,10.055000305175781,6799940.0
2025-01-28 15:30:00-05:00,10.050000190734863,10.09000015258789,10.029999732971191,10.085000038146973,9172882.0
2025-01-28 16:00:00-05:00,10.09,10.12,10.0011,10.065,0.0
2025-01-28 17:00:00-05:00,10.0601,10.08,10.06,10.08,0.0
2025-01-28 18:00:00-05:00,10.07,10.1,10.07,10.09,0.0
2025-01-29 04:00:00-05:00,10.1,10.12,10.06,10.1,0.0
2025-01-29 05:00:00-05:00,10.11,10.12,10.1,10.11,0.0
2025-01-29 06:00:00-05:00,10.1,10.11,10.1,10.11,0.0
2025-01-29 07:00:00-05:00,10.11,10.11,10.08,10.09,0.0
2025-01-29 08:00:00-05:00,10.09,10.12,10.07,10.07,0.0
2025-01-29 09:00:00-05:00,10.08,10.08,10.06,10.07,0.0
2025-01-29 09:30:00-05:00,10.100000381469727,10.1899995803833,10.029999732971191,10.17710018157959,11084249.0
2025-01-29 10:30:00-05:00,10.180000305175781,10.229999542236328,10.170000076293945,10.21500015258789,10516698.0
2025-01-29 11:30:00-05:00,10.21500015258789,10.279999732971191,10.180000305175781,10.265000343322754,8498930.0
2025-01-29 12:30:00-05:00,10.270000457763672,10.279999732971191,10.199999809265137,10.264800071716309,6150977.0
2025-01-29 13:30:00-05:00,10.260000228881836,10.289999961853027,10.149999618530273,10.179100036621094,8339204.0
2025-01-29 14:30:00-05:00,10.170000076293945,10.229999542236328,10.140000343322754,10.204999923706055,13843789.0
2025-01-29 15:30:00-05:00,10.204999923706055,10.239999771118164,10.1899995803833,10.199999809265137,6603435.0
2025-01-29 16:00:00-05:00,10.2,10.21,10.18,10.195,0.0
2025-01-29 17:00:00-05:00,10.195,10.22,10.19,10.21,0.0
2025-01-29 18:00:00-05:00,10.21,10.22,10.19,10.205,0.0
2025-01-30 04:00:00-05:00,10.25,10.25,10.22,10.24,0.0
2025-01-30 05:00:00-05:00,10.24,10.24,10.22,10.24,0.0
2025-01-30 06:00:00-05:00,10.23,10.24,10.23,10.23,0.0
2025-01-30 07:00:00-05:00,10.23,10.25,10.23,10.24,0.0
2025-01-30 08:00:00-05:00,10.25,10.25,10.21,10.24,0.0
2025-01-30 09:00:00-05:00,10.25,10.25,10.24,10.24,0.0
2025-01-30 09:30:00-05:00,10.260000228881836,10.390000343322754,10.1899995803833,10.270000457763672,11095838.0
2025-01-30 10:30:00-05:00,10.270000457763672,10.289999961853027,10.25,10.279999732971191,9566202.0
2025-01-30 11:30:00-05:00,10.274999618530273,10.279999732971191,10.239999771118164,10.255000114440918,5162950.0
2025-01-30 12:30:00-05:00,10.255000114440918,10.319999694824219,10.244999885559082,10.305000305175781,5661886.0
2025-01-30 13:30:00-05:00,10.300000190734863,10.319999694824219,10.289999961853027,10.305000305175781,4211499.0
2025-01-30 14:30:00-05:00,10.300000190734863,10.3100004196167,10.260000228881836,10.274999618530273,5592265.0
2025-01-30 15:30:00-05:00,10.270000457763672,10.270000457763672,10.0600004196167,10.164999961853027,22501680.0
2025-01-30 16:00:00-05:00,10.18,10.19,10.13,10.155,0.0
2025-01-30 17:00:00-05:00,10.1502,10.17,10.12,10.165,0.0
2025-01-30 18:00:00-05:00,10.16,10.17,10.14,10.16,0.0
2025-01-31 04:00:00-05:00,10.17,10.17,10.14,10.16,0.0
2025-01-31 05:00:00-05:00,10.16,10.17,10.16,10.17,0.0
2025-01-31 06:00:00-05:00,10.17,10.17,10.16,10.17,0.0
2025-01-31 07:00:00-05:00,10.17,10.17,10.16,10.16,0.0
2025-01-31 08:00:00-05:00,10.16,10.18,10.15,10.165,0.0
2025-01-31 09:00:00-05:00,10.17,10.18,10.14,10.15,0.0
2025-01-31 09:30:00-05:00,10.170000076293945,10.300000190734863,10.15999984741211,10.199999809265137,14698140.0
2025-01-31 10:30:00-05:00,10.194999694824219,10.270000457763672,10.180000305175781,10.244999885559082,14849514.0
2025-01-31 11:30:00-05:00,10.25,10.34000015258789,10.210000038146973,10.3149995803833,12795317.0
2025-01-31 12:30:00-05:00,10.312800407409668,10.350000381469727,10.170000076293945,10.175000190734863,9181259.0
2025-01-31 13:30:00-05:00,10.175000190734863,10.210000038146973,10.029999732971191,10.088199615478516,16587588.0
2025-01-31 14:30:00-05:00,10.085000038146973,10.109999656677246,9.989999771118164,10.038200378417969,13649673.0
2025-01-31 15:30:00-05:00,10.039999961853027,10.086999893188477,10.029999732971191,10.069999694824219,11000486.0
2025-01-31 16:00:00-05:00,10.065,10.34,10.06,10.1,0.0
2025-01-31 17:00:00-05:00,10.1,10.1,10.03,10.09,0.0
2025-01-31 18:00:00-05:00,10.08,10.09,10.07,10.0798,0.0
2025-02-03 04:00:00-05:00,9.7,10.07,9.6,9.68,0.0
2025-02-03 05:00:00-05:00,9.68,9.72,9.63,9.65,0.0
2025-02-03 06:00:00-05:00,9.645,9.71,9.645,9.71,0.0
2025-02-03 07:00:00-05:00,9.72,9.78,9.6,9.64,0.0
2025-02-03 08:00:00-05:00,9.64,10.08,9.56,9.73,0.0
2025-02-03 09:00:00-05:00,9.7202,9.73,9.61,9.63,0.0
2025-02-03 09:30:00-05:00,9.720000267028809,10.0,9.670000076293945,9.970000267028809,44284886.0
2025-02-03 10:30:00-05:00,9.975000381469727,10.0600004196167,9.9399995803833,9.971199989318848,22339016.0
2025-02-03 11:30:00-05:00,9.97070026397705,10.010000228881836,9.899999618530273,9.90999984741211,15891026.0
2025-02-03 12:30:00-05:00,9.914999961853027,9.930000305175781,9.850000381469727,9.890000343322754,13301357.0
2025-02-03 13:30:00-05:00,9.890000343322754,9.960000038146973,9.890000343322754,9.9399995803833,8508875.0
2025-02-03 14:30:00-05:00,9.9350004196167,9.970000267028809,9.920000076293945,9.95359992980957,8248682.0
2025-02-03 15:30:00-05:00,9.954999923706055,9.970000267028809,9.890000343322754,9.895000457763672,9762535.0
2025-02-03 16:00:00-05:00,9.91,10.09,9.84,10.02,0.0
2025-02-03 17:00:00-05:00,10.01,10.12,9.99,10.1,0.0
2025-02-03 18:00:00-05:00,10.0999,10.1,10.0,10.015,0.0
2025-02-04 04:00:00-05:00,9.97,9.99,9.9,9.91,0.0
2025-02-04 05:00:00-05:00,9.91,9.93,9.9,9.9,0.0
2025-02-04 06:00:00-05:00,9.91,9.98,9.9,9.97,0.0
2025-02-04 07:00:00-05:00,9.97,9.99,9.95,9.99,0.0
2025-02-04 08:00:00-05:00,9.98,10.06,9.89,9.99,0.0
2025-02-04 09:00:00-05:00,9.98,9.99,9.94,9.945,0.0
2025-02-04 09:30:00-05:00,9.9399995803833,10.100000381469727,9.904999732971191,10.068900108337402,14288904.0
2025-02-04 10:30:00-05:00,10.0649995803833,10.140000343322754,10.039999961853027,10.140000343322754,10867423.0
2025-02-04 11:30:00-05:00,10.140000343322754,10.140000343322754,10.050000190734863,10.055000305175781,9094205.0
2025-02-04 12:30:00-05:00,10.055000305175781,10.119999885559082,10.050000190734863,10.114999771118164,7190604.0
2025-02-04 13:30:00-05:00,10.114999771118164,10.149999618530273,10.09000015258789,10.125,4966155.0
2025-02-04 14:30:00-05:00,10.125,10.149999618530273,10.070099830627441,10.114999771118164,8233188.0
2025-02-04 15:30:00-05:00,10.114999771118164,10.15999984741211,10.109999656677246,10.154999732971191,9787087.0
2025-02-04 16:00:00-05:00,10.14,10.16,10.11,10.13,0.0
2025-02-04 17:00:00-05:00,10.12,10.16,10.08,10.12,0.0
2025-02-04 18:00:00-05:00,10.12,10.12,10.08,10.0909,0.0
2025-02-05 04:00:00-05:00,10.14,10.14,10.03,10.12,0.0
2025-02-05 05:00:00-05:00,10.12,10.2,10.12,10.18,0.0
2025-02-05 06:00:00-05:00,10.19,10.22,10.16,10.21,0.0
2025-02-05 07:00:00-05:00,10.2,10.21,10.15,10.15,0.0
2025-02-05 08:00:00-05:00,10.16,10.869,10.0,10.16,0.0
2025-02-05 09:00:00-05:00,10.1505,10.16,10.14,10.16,0.0
2025-02-05 09:30:00-05:00,10.15999984741211,10.3149995803833,10.109999656677246,10.229999542236328,18755928.0
2025-02-05 10:30:00-05:00,10.229999542236328,10.25,10.183600425720215,10.244999885559082,14721006.0
2025-02-05 11:30:00-05:00,10.244999885559082,10.279999732971191,10.170000076293945,10.170000076293945,10353885.0
2025-02-05 12:30:00-05:00,10.170000076293945,10.210000038146973,10.149999618530273,10.175000190734863,6393162.0
2025-02-05 13:30:00-05:00,10.175000190734863,10.260000228881836,10.15999984741211,10.238300323486328,7984739.0
2025-02-05 14:30:00-05:00,10.229999542236328,10.260000228881836,10.130000114440918,10.145000457763672,11866659.0
2025-02-05 15:30:00-05:00,10.145000457763672,10.149999618530273,9.960000038146973,10.0,27281692.0
2025-02-05 16:00:00-05:00,10.01,10.21,9.3399,9.54,0.0
2025-02-05 17:00:00-05:00,9.54,10.01,9.46,9.48,0.0
2025-02-05 18:00:00-05:00,9.48,9.55,9.47,9.55,0.0
2025-02-06 04:00:00-05:00,9.64,9.64,9.51,9.56,0.0
2025-02-06 05:00:00-05:00,9.56,9.56,9.46,9.52,0.0
2025-02-06 06:00:00-05:00,9.52,9.52,9.34,9.37,0.0
2025-02-06 07:00:00-05:00,9.37,9.48,9.34,9.46,0.0
2025-02-06 08:00:00-05:00,9.46,9.65,9.3512,9.5,0.0
2025-02-06 09:00:00-05:00,9.5,9.5,9.38,9.4599,0.0
2025-02-06 09:30:00-05:00,9.489999771118164,9.640000343322754,9.279999732971191,9.335000038146973,81475152.0
2025-02-06 10:30:00-05:00,9.335000038146973,9.420000076293945,9.329999923706055,9.414999961853027,27421830.0
2025-02-06 11:30:00-05:00,9.414999961853027,9.470000267028809,9.329999923706055,9.335000038146973,23587906.0
2025-02-06 12:30:00-05:00,9.329999923706055,9.390000343322754,9.319999694824219,9.375,15032268.0
2025-02-06 13:30:00-05:00,9.375,9.390000343322754,9.329999923706055,9.359999656677246,14180718.0
2025-02-06 14:30:00-05:00,9.359999656677246,9.365300178527832,9.289999961853027,9.304800033569336,20849262.0
2025-02-06 15:30:00-05:00,9.300000190734863,9.319999694824219,9.260000228881836,9.265000343322754,26501395.0
2025-02-06 16:00:00-05:00,9.265,9.35,9.26,9.33,0.0
2025-02-06 17:00:00-05:00,9.3299,9.33,9.26,9.3299,0.0
2025-02-06 18:00:00-05:00,9.33,9.33,9.32,9.33,0.0
2025-02-07 04:00:00-05:00,9.4,9.4,9.34,9.36,0.0
2025-02-07 05:00:00-05:00,9.36,9.36,9.31,9.32,0.0
2025-02-07 06:00:00-05:00,9.32,9.32,9.3,9.32,0.0
2025-02-07 07:00:00-05:00,9.32,9.35,9.3,9.32,0.0
2025-02-07 08:00:00-05:00,9.32,9.39,9.3012,9.34,0.0
2025-02-07 09:00:00-05:00,9.34,9.36,9.28,9.315,0.0
2025-02-07 09:30:00-05:00,9.329999923706055,9.350000381469727,9.180000305175781,9.239999771118164,30899655.0
2025-02-07 10:30:00-05:00,9.244999885559082,9.300000190734863,9.199999809265137,9.204999923706055,25216581.0
2025-02-07 11:30:00-05:00,9.204999923706055,9.319999694824219,9.180000305175781,9.293000221252441,29243821.0
2025-02-07 12:30:00-05:00,9.29010009765625,9.34000015258789,9.270000457763672,9.274999618530273,9905690.0
2025-02-07 13:30:00-05:00,9.270000457763672,9.319999694824219,9.25,9.26360034942627,8979553.0
2025-02-07 14:30:00-05:00,9.265000343322754,9.289999961853027,9.229999542236328,9.244999885559082,9410175.0
2025-02-07 15:30:00-05:00,9.244999885559082,9.270000457763672,9.229999542236328,9.239999771118164,12767927.0
2025-02-07 16:00:00-05:00,9.25,9.26,9.24,9.25,0.0
2025-02-07 17:00:00-05:00,9.25,9.26,9.24,9.25,0.0
2025-02-07 18:00:00-05:00,9.25,9.29,9.2398,9.26,0.0
2025-02-10 04:00:00-05:00,9.31,9.31,9.26,9.26,0.0
2025-02-10 05:00:00-05:00,9.27,9.27,9.26,9.27,0.0
2025-02-10 06:00:00-05:00,9.27,9.27,9.26,9.27,0.0
2025-02-10 07:00:00-05:00,9.26,9.27,9.25,9.26,0.0
2025-02-10 08:00:00-05:00,9.26,9.31,9.22,9.26,0.0
2025-02-10 09:00:00-05:00,9.26,9.26,9.23,9.23,0.0
2025-02-10 09:30:00-05:00,9.25,9.260000228881836,9.119999885559082,9.21500015258789,18098235.0
2025-02-10 10:30:00-05:00,9.21500015258789,9.300000190734863,9.210000038146973,9.238200187683105,13614115.0
2025-02-10 11:30:00-05:00,9.229999542236328,9.239999771118164,9.180000305175781,9.195300102233887,9003050.0
2025-02-10 12:30:00-05:00,9.194999694824219,9.225000381469727,9.1899995803833,9.21500015258789,5151036.0
2025-02-10 13:30:00-05:00,9.21500015258789,9.239999771118164,9.210000038146973,9.239999771118164,4978234.0
2025-02-10 14:30:00-05:00,9.234999656677246,9.260000228881836,9.220000267028809,9.255000114440918,6669957.0
2025-02-10 15:30:00-05:00,9.255000114440918,9.279999732971191,9.239999771118164,9.244999885559082,8661021.0
2025-02-10 16:00:00-05:00,9.24,9.26,9.225,9.245,0.0
2025-02-10 17:00:00-05:00,9.24,9.25,9.2,9.24,0.0
2025-02-10 18:00:00-05:00,9.24,9.25,9.23,9.23,0.0
2025-02-11 04:00:00-05:00,9.24,9.24,9.22,9.23,0.0
2025-02-11 05:00:00-05:00,9.22,9.24,9.21,9.22,0.0
2025-02-11 06:00:00-05:00,9.22,9.22,9.21,9.21,0.0
2025-02-11 07:00:00-05:00,9.22,9.23,9.21,9.22,0.0
2025-02-11 08:00:00-05:00,9.23,9.26,9.18,9.22,0.0
2025-02-11 09:00:00-05:00,9.22,10.1976,9.2,9.2099,0.0
2025-02-11 09:30:00-05:00,9.210000038146973,9.229999542236328,9.170000076293945,9.2076997756958,10234744.0
2025-02-11 10:30:00-05:00,9.208000183105469,9.239999771118164,9.199999809265137,9.229999542236328,7969332.0
2025-02-11 11:30:00-05:00,9.229999542236328,9.239999771118164,9.1899995803833,9.204999923706055,7511657.0
2025-02-11 12:30:00-05:00,9.204999923706055,9.229999542236328,9.199999809265137,9.210000038146973,5117110.0
2025-02-11 13:30:00-05:00,9.217599868774414,9.239999771118164,9.204999923706055,9.234999656677246,4304496.0
2025-02-11 14:30:00-05:00,9.229999542236328,9.260000228881836,9.220000267028809,9.234999656677246,6303406.0
2025-02-11 15:30:00-05:00,9.234999656677246,9.25,9.210000038146973,9.220000267028809,8954614.0
2025-02-11 16:00:00-05:00,9.215,9.23,9.21,9.23,0.0
2025-02-11 17:00:00-05:00,9.2299,9.23,9.21,9.23,0.0
2025-02-11 18:00:00-05:00,9.23,9.23,9.22,9.23,0.0
2025-02-12 04:00:00-05:00,9.22,9.25,9.22,9.23,0.0
2025-02-12 05:00:00-05:00,9.23,9.23,9.21,9.22,0.0
2025-02-12 06:00:00-05:00,9.21,9.22,9.21,9.22,0.0
2025-02-12 07:00:00-05:00,9.22,9.22,9.21,9.22,0.0
2025-02-12 08:00:00-05:00,9.22,9.25,9.21,9.22,0.0
2025-02-12 09:00:00-05:00,9.21,9.21,9.13,9.16,0.0
2025-02-12 09:30:00-05:00,9.170000076293945,9.180000305175781,9.100000381469727,9.160099983215332,13495695.0
2025-02-12 10:30:00-05:00,9.15999984741211,9.180000305175781,9.130000114440918,9.135000228881836,8704179.0
2025-02-12 11:30:00-05:00,9.130000114440918,9.239999771118164,9.130000114440918,9.209799766540527,11944219.0
2025-02-12 12:30:00-05:00,9.206199645996094,9.279999732971191,9.199999809265137,9.255000114440918,8595673.0
2025-02-12 13:30:00-05:00,9.255000114440918,9.289999961853027,9.239999771118164,9.24605655670166,5811779.0
2025-02-12 14:30:00-05:00,9.244999885559082,9.270000457763672,9.239999771118164,9.25,6064358.0
2025-02-12 15:30:00-05:00,9.255000114440918,9.260000228881836,9.220000267028809,9.23009967803955,7392907.0
2025-02-12 16:00:00-05:00,9.24,9.26,9.23,9.2498,0.0
2025-02-12 17:00:00-05:00,9.25,9.26,9.24,9.25,0.0
2025-02-12 18:00:00-05:00,9.25,9.25,9.23,9.25,0.0
2025-02-13 04:00:00-05:00,9.23,9.25,9.21,9.24,0.0
2025-02-13 05:00:00-05:00,9.24,9.28,9.23,9.28,0.0
2025-02-13 06:00:00-05:00,9.28,9.28,9.26,9.28,0.0
2025-02-13 07:00:00-05:00,9.28,9.29,9.27,9.28,0.0
2025-02-13 08:00:00-05:00,9.27,9.29,9.22,9.275,0.0
2025-02-13 09:00:00-05:00,9.28,9.3,9.27,9.2999,0.0
2025-02-13 09:30:00-05:00,9.289999961853027,9.40999984741211,9.239999771118164,9.40719985961914,18348992.0
2025-02-13 10:30:00-05:00,9.404999732971191,9.40999984741211,9.350000381469727,9.369999885559082,9803419.0
2025-02-13 11:30:00-05:00,9.364999771118164,9.369999885559082,9.329999923706055,9.359999656677246,5812730.0
2025-02-13 12:30:00-05:00,9.364999771118164,9.369999885559082,9.329999923706055,9.354999542236328,5402934.0
2025-02-13 13:30:00-05:00,9.354999542236328,9.369999885559082,9.289999961853027,9.359999656677246,13027906.0
2025-02-13 14:30:00-05:00,9.365699768066406,9.390000343322754,9.359999656677246,9.376399993896484,7273353.0
2025-02-13 15:30:00-05:00,9.378199577331543,9.380000114440918,9.34000015258789,9.359999656677246,7087518.0
2025-02-13 16:00:00-05:00,9.35,9.37,9.33,9.345,0.0
2025-02-13 17:00:00-05:00,9.3499,9.35,9.34,9.345,0.0
2025-02-13 18:00:00-05:00,9.35,9.36,9.34,9.36,0.0
2025-02-14 04:00:00-05:00,9.35,9.39,9.35,9.38,0.0
2025-02-14 05:00:00-05:00,9.38,9.39,9.37,9.38,0.0
2025-02-14 06:00:00-05:00,9.38,9.38,9.37,9.38,0.0
2025-02-14 07:00:00-05:00,9.38,9.39,9.37,9.37,0.0
2025-02-14 08:00:00-05:00,9.38,9.41,9.37,9.38,0.0
2025-02-14 09:00:00-05:00,9.39,9.3901,9.38,9.3901,0.0
2025-02-14 09:30:00-05:00,9.430000305175781,9.510000228881836,9.390000343322754,9.395000457763672,12261839.0
2025-02-14 10:30:00-05:00,9.399999618530273,9.449999809265137,9.390000343322754,9.428000450134277,7227988.0
2025-02-14 11:30:00-05:00,9.420000076293945,9.4399995803833,9.420000076293945,9.4350004196167,4052806.0
2025-02-14 12:30:00-05:00,9.4350004196167,9.449999809265137,9.420000076293945,9.430000305175781,2998567.0
2025-02-14 13:30:00-05:00,9.434599876403809,9.470000267028809,9.430000305175781,9.449999809265137,4473420.0
2025-02-14 14:30:00-05:00,9.444999694824219,9.460000038146973,9.4399995803833,9.445099830627441,4885169.0
2025-02-14 15:30:00-05:00,9.4399995803833,9.479999542236328,9.4399995803833,9.479999542236328,6840396.0
2025-02-14 16:00:00-05:00,9.475,9.48,9.45,9.48,0.0
2025-02-14 17:00:00-05:00,9.48,9.48,9.47,9.475,0.0
2025-02-14 18:00:00-05:00,9.47,9.48,9.47,9.48,0.0
2025-02-18 04:00:00-05:00,9.41,9.46,9.3,9.33,0.0
2025-02-18 05:00:00-05:00,9.33,9.33,9.29,9.31,0.0
2025-02-18 06:00:00-05:00,9.31,9.34,9.29,9.33,0.0
2025-02-18 07:00:00-05:00,9.33,9.36,9.28,9.31,0.0
2025-02-18 08:00:00-05:00,9.3,9.4,9.28,9.305,0.0
2025-02-18 09:00:00-05:00,9.3099,9.445,9.29,9.315,0.0
2025-02-18 09:30:00-05:00,9.319999694824219,9.339900016784668,9.25,9.329999923706055,12293506.0
2025-02-18 10:30:00-05:00,9.324999809265137,9.350000381469727,9.289999961853027,9.300000190734863,11015193.0
2025-02-18 11:30:00-05:00,9.305000305175781,9.3100004196167,9.270000457763672,9.270000457763672,5199709.0
2025-02-18 12:30:00-05:00,9.270000457763672,9.279999732971191,9.229999542236328,9.244999885559082,6778422.0
2025-02-18 13:30:00-05:00,9.244999885559082,9.270000457763672,9.229999542236328,9.260000228881836,5871924.0
2025-02-18 14:30:00-05:00,9.255000114440918,9.3100004196167,9.25,9.289999961853027,5794702.0
2025-02-18 15:30:00-05:00,9.28499984741211,9.319999694824219,9.270000457763672,9.295000076293945,7827904.0
2025-02-18 16:00:00-05:00,9.29,9.3,9.28,9.29,0.0
2025-02-18 17:00:00-05:00,9.29,9.3,9.28,9.2901,0.0
2025-02-18 18:00:00-05:00,9.2902,9.3,9.28,9.2997,0.0
2025-02-19 04:00:00-05:00,9.3,9.3,9.29,9.29,0.0
2025-02-19 05:00:00-05:00,9.29,9.3,9.28,9.28,0.0
2025-02-19 06:00:00-05:00,9.28,9.3,9.28,9.295,0.0
2025-02-19 07:00:00-05:00,9.3,9.3,9.29,9.29,0.0
2025-02-19 08:00:00-05:00,9.3,9.31,9.28,9.3,0.0
2025-02-19 09:00:00-05:00,9.2902,9.3,9.27,9.28,0.0
2025-02-19 09:30:00-05:00,9.270000457763672,9.329999923706055,9.210000038146973,9.295000076293945,11405509.0
2025-02-19 10:30:00-05:00,9.295000076293945,9.34000015258789,9.289999961853027,9.324999809265137,7492856.0
2025-02-19 11:30:00-05:00,9.324999809265137,9.345000267028809,9.3100004196167,9.329999923706055,5445602.0
2025-02-19 12:30:00-05:00,9.335000038146973,9.34000015258789,9.289999961853027,9.328700065612793,4967103.0
2025-02-19 13:30:00-05:00,9.324999809265137,9.380000114440918,9.305000305175781,9.370100021362305,5772144.0
2025-02-19 14:30:00-05:00,9.375,9.380000114440918,9.359999656677246,9.375,4204841.0
2025-02-19 15:30:00-05:00,9.375,9.390000343322754,9.34000015258789,9.345000267028809,5914090.0
2025-02-19 16:00:00-05:00,9.34,9.36,9.34,9.34,0.0
2025-02-19 17:00:00-05:00,9.35,9.35,9.34,9.34,0.0
2025-02-19 18:00:00-05:00,9.35,9.35,9.34,9.35,0.0
2025-02-20 04:00:00-05:00,9.33,9.34,9.3,9.3,0.0
2025-02-20 05:00:00-05:00,9.3,9.32,9.3,9.32,0.0
2025-02-20 06:00:00-05:00,9.31,9.32,9.31,9.32,0.0
2025-02-20 07:00:00-05:00,9.32,9.33,9.31,9.33,0.0
2025-02-20 08:00:00-05:00,9.33,9.35,9.27,9.34,0.0
2025-02-20 09:00:00-05:00,9.34,9.34,9.33,9.34,0.0
2025-02-20 09:30:00-05:00,9.329999923706055,9.34000015258789,9.279999732971191,9.3149995803833,9112218.0
2025-02-20 10:30:00-05:00,9.3149995803833,9.34000015258789,9.300000190734863,9.313799858093262,6749569.0
2025-02-20 11:30:00-05:00,9.3149995803833,9.329999923706055,9.289999961853027,9.32509994506836,3723824.0
2025-02-20 12:30:00-05:00,9.324999809265137,9.34000015258789,9.319999694824219,9.329999923706055,4046981.0
2025-02-20 13:30:00-05:00,9.335000038146973,9.369999885559082,9.329999923706055,9.364999771118164,3570824.0
2025-02-20 14:30:00-05:00,9.364999771118164,9.369999885559082,9.34000015258789,9.345000267028809,2929607.0
2025-02-20 15:30:00-05:00,9.34000015258789,9.395000457763672,9.34000015258789,9.385000228881836,6143888.0
2025-02-20 16:00:00-05:00,9.39,9.39,9.36,9.375,0.0
2025-02-20 17:00:00-05:00,9.375,9.39,9.37,9.385,0.0
2025-02-20 18:00:00-05:00,9.3899,9.39,9.38,9.39,0.0
2025-02-21 04:00:00-05:00,9.4,9.41,9.39,9.41,0.0
2025-02-21 05:00:00-05:00,9.4,9.41,9.4,9.41,0.0
2025-02-21 06:00:00-05:00,9.41,9.42,9.4,9.42,0.0
2025-02-21 07:00:00-05:00,9.42,9.42,9.39,9.39,0.0
2025-02-21 08:00:00-05:00,9.39,9.43,9.37,9.38,0.0
2025-02-21 09:00:00-05:00,9.375,9.38,9.37,9.3712,0.0
2025-02-21 09:30:00-05:00,9.380000114440918,9.40999984741211,9.34000015258789,9.344599723815918,10139817.0
2025-02-21 10:30:00-05:00,9.343299865722656,9.390000343322754,9.319999694824219,9.375,9405486.0
2025-02-21 11:30:00-05:00,9.375,9.40999984741211,9.369999885559082,9.385000228881836,4173953.0
2025-02-21 12:30:00-05:00,9.385000228881836,9.390000343322754,9.279999732971191,9.295000076293945,7438226.0
2025-02-21 13:30:00-05:00,9.295000076293945,9.3100004196167,9.25,9.252099990844727,6032035.0
2025-02-21 14:30:00-05:00,9.25,9.279999732971191,9.229999542236328,9.265000343322754,7581742.0
2025-02-21 15:30:00-05:00,9.265000343322754,9.300000190734863,9.260000228881836,9.289999961853027,6822344.0
2025-02-21 16:00:00-05:00,9.29,9.29,9.27,9.28,0.0
2025-02-21 17:00:00-05:00,9.28,9.3,9.27,9.3,0.0
2025-02-21 18:00:00-05:00,9.29,9.3,9.28,9.3,0.0
2025-02-24 04:00:00-05:00,9.3,9.33,9.29,9.31,0.0
2025-02-24 05:00:00-05:00,9.31,9.36,9.3,9.34,0.0
2025-02-24 06:00:00-05:00,9.35,9.36,9.33,9.34,0.0
2025-02-24 07:00:00-05:00,9.34,9.34,9.32,9.33,0.0
2025-02-24 08:00:00-05:00,9.33,9.34,9.27,9.31,0.0
2025-02-24 09:00:00-05:00,9.315,9.32,9.31,9.315,0.0
2025-02-24 09:30:00-05:00,9.305000305175781,9.319999694824219,9.210000038146973,9.300000190734863,14527656.0
2025-02-24 10:30:00-05:00,9.295000076293945,9.380000114440918,9.279999732971191,9.354999542236328,13985350.0
2025-02-24 11:30:00-05:00,9.359999656677246,9.369999885559082,9.3100004196167,9.319999694824219,8475304.0
2025-02-24 12:30:00-05:00,9.321200370788574,9.359999656677246,9.319999694824219,9.354999542236328,4259632.0
2025-02-24 13:30:00-05:00,9.350000381469727,9.390000343322754,9.350000381469727,9.369999885559082,6451405.0
2025-02-24 14:30:00-05:00,9.364999771118164,9.399999618530273,9.350000381469727,9.350000381469727,5966577.0
2025-02-24 15:30:00-05:00,9.354999542236328,9.390000343322754,9.34000015258789,9.350000381469727,7773873.0
2025-02-24 16:00:00-05:00,9.355,9.37,9.34,9.37,0.0
2025-02-24 17:00:00-05:00,9.38,9.38,9.35,9.36,0.0
2025-02-24 18:00:00-05:00,9.3501,9.36,9.34,9.35,0.0
2025-02-25 04:00:00-05:00,9.36,9.36,9.31,9.34,0.0
2025-02-25 05:00:00-05:00,9.35,9.37,9.33,9.35,0.0
2025-02-25 06:00:00-05:00,9.35,9.37,9.32,9.33,0.0
2025-02-25 07:00:00-05:00,9.32,9.37,9.32,9.36,0.0
2025-02-25 08:00:00-05:00,9.35,9.38,9.3,9.3501,0.0
2025-02-25 09:00:00-05:00,9.35,9.38,9.35,9.37,0.0
2025-02-25 09:30:00-05:00,9.364999771118164,9.399999618530273,9.319999694824219,9.324999809265137,17444234.0
2025-02-25 10:30:00-05:00,9.324999809265137,9.430000305175781,9.3100004196167,9.420000076293945,19414033.0
2025-02-25 11:30:00-05:00,9.414999961853027,9.430000305175781,9.380000114440918,9.40999984741211,11715704.0
2025-02-25 12:30:00-05:00,9.414999961853027,9.489999771118164,9.40999984741211,9.454999923706055,7281581.0
2025-02-25 13:30:00-05:00,9.454999923706055,9.479999542236328,9.369999885559082,9.395000457763672,10091369.0
2025-02-25 14:30:00-05:00,9.395000457763672,9.460000038146973,9.390000343322754,9.4399995803833,9155969.0
2025-02-25 15:30:00-05:00,9.444999694824219,9.449999809265137,9.399999618530273,9.430000305175781,7251858.0
2025-02-25 16:00:00-05:00,9.43,9.43,9.4,9.405,0.0
2025-02-25 17:00:00-05:00,9.4097,9.42,9.4,9.4,0.0
2025-02-25 18:00:00-05:00,9.4,9.44,9.4,9.43,0.0
2025-02-26 04:00:00-05:00,9.44,9.44,9.42,9.44,0.0
2025-02-26 05:00:00-05:00,9.44,9.45,9.44,9.45,0.0
2025-02-26 06:00:00-05:00,9.45,9.45,9.42,9.43,0.0
2025-02-26 07:00:00-05:00,9.43,9.48,9.43,9.48,0.0
2025-02-26 08:00:00-05:00,9.48,9.48,9.41,9.465,0.0
2025-02-26 09:00:00-05:00,9.47,9.47,9.45,9.46,0.0
2025-02-26 09:30:00-05:00,9.460000038146973,9.619999885559082,9.4399995803833,9.619999885559082,23970989.0
2025-02-26 10:30:00-05:00,9.614999771118164,9.619999885559082,9.5600004196167,9.595000267028809,15338514.0
2025-02-26 11:30:00-05:00,9.595000267028809,9.609999656677246,9.520000457763672,9.609999656677246,12791340.0
2025-02-26 12:30:00-05:00,9.609999656677246,9.609999656677246,9.5,9.505800247192383,9659748.0
2025-02-26 13:30:00-05:00,9.5,9.520000457763672,9.470000267028809,9.479900360107422,9512309.0
2025-02-26 14:30:00-05:00,9.479900360107422,9.520000457763672,9.470000267028809,9.479999542236328,7114079.0
2025-02-26 15:30:00-05:00,9.479999542236328,9.510000228881836,9.470000267028809,9.475000381469727,6725485.0
2025-02-26 16:00:00-05:00,9.47,9.48,9.45,9.48,0.0
2025-02-26 17:00:00-05:00,9.48,9.48,9.46,9.46,0.0
2025-02-26 18:00:00-05:00,9.46,9.48,9.46,9.47,0.0
2025-02-27 04:00:00-05:00,9.51,9.56,9.5,9.51,0.0
2025-02-27 05:00:00-05:00,9.52,9.53,9.51,9.52,0.0
2025-02-27 06:00:00-05:00,9.52,9.52,9.51,9.52,0.0
2025-02-27 07:00:00-05:00,9.53,9.53,9.52,9.52,0.0
2025-02-27 08:00:00-05:00,9.53,9.53,9.5,9.5298,0.0
2025-02-27 09:00:00-05:00,9.53,9.53,9.39,9.3988,0.0
2025-02-27 09:30:00-05:00,9.4399995803833,9.510000228881836,9.399999618530273,9.505000114440918,15721851.0
2025-02-27 10:30:00-05:00,9.505000114440918,9.529999732971191,9.470000267028809,9.470000267028809,11606200.0
2025-02-27 11:30:00-05:00,9.470000267028809,9.5,9.449999809265137,9.479999542236328,6466383.0
2025-02-27 12:30:00-05:00,9.475000381469727,9.479999542236328,9.4399995803833,9.46500015258789,4314932.0
2025-02-27 13:30:00-05:00,9.46500015258789,9.479999542236328,9.399999618530273,9.399999618530273,4588997.0
2025-02-27 14:30:00-05:00,9.399999618530273,9.40999984741211,9.289999961853027,9.295000076293945,13521045.0
2025-02-27 15:30:00-05:00,9.295000076293945,9.329999923706055,9.289999961853027,9.295000076293945,9054654.0
2025-02-27 16:00:00-05:00,9.31,9.33,9.28,9.32,0.0
2025-02-27 17:00:00-05:00,9.32,9.32,9.29,9.31,0.0
2025-02-27 18:00:00-05:00,9.31,9.32,9.3,9.305,0.0
2025-02-28 04:00:00-05:00,9.28,9.34,9.28,9.34,0.0
2025-02-28 05:00:00-05:00,9.34,9.34,9.32,9.34,0.0
2025-02-28 06:00:00-05:00,9.34,9.34,9.3,9.31,0.0
2025-02-28 07:00:00-05:00,9.3,9.31,9.3,9.31,0.0
2025-02-28 08:00:00-05:00,9.31,9.3388,9.28,9.3101,0.0
2025-02-28 09:00:00-05:00,9.31,9.32,9.31,9.32,0.0
2025-02-28 09:30:00-05:00,9.3149995803833,9.5600004196167,9.3100004196167,9.5600004196167,26820276.0
2025-02-28 10:30:00-05:00,9.5600004196167,9.680000305175781,9.539999961853027,9.664999961853027,27202237.0
2025-02-28 11:30:00-05:00,9.660300254821777,9.6899995803833,9.510000228881836,9.510000228881836,19344831.0
2025-02-28 12:30:00-05:00,9.51990032196045,9.529999732971191,9.40999984741211,9.430000305175781,16599478.0
2025-02-28 13:30:00-05:00,9.4350004196167,9.479999542236328,9.380000114440918,9.395000457763672,13581336.0
2025-02-28 14:30:00-05:00,9.395000457763672,9.479999542236328,9.390000343322754,9.475000381469727,12221317.0
2025-02-28 15:30:00-05:00,9.475000381469727,9.550000190734863,9.449999809265137,9.539999961853027,11056453.0
2025-02-28 16:00:00-05:00,9.545,9.551146,9.27,9.5101,0.0
2025-02-28 17:00:00-05:00,9.5198,9.52,9.5,9.505,0.0
2025-02-28 18:00:00-05:00,9.51,9.51,9.5,9.5012,0.0
2025-03-03 04:00:00-05:00,9.53,9.55,9.52,9.53,0.0
2025-03-03 05:00:00-05:00,9.54,9.55,9.54,9.55,0.0
2025-03-03 06:00:00-05:00,9.54,9.56,9.53,9.55,0.0
2025-03-03 07:00:00-05:00,9.56,9.63,9.55,9.62,0.0
2025-03-03 08:00:00-05:00,9.62,9.73,9.51,9.71,0.0
2025-03-03 09:00:00-05:00,9.7,9.71,9.67,9.7001,0.0
2025-03-03 09:30:00-05:00,9.710000038146973,9.819999694824219,9.680000305175781,9.690099716186523,32776920.0
2025-03-03 10:30:00-05:00,9.690199851989746,9.75,9.65999984741211,9.664999961853027,19362920.0
2025-03-03 11:30:00-05:00,9.660099983215332,9.720000267028809,9.630000114440918,9.6899995803833,22014635.0
2025-03-03 12:30:00-05:00,9.694999694824219,9.710000038146973,9.520000457763672,9.530099868774414,19453623.0
2025-03-03 13:30:00-05:00,9.53499984741211,9.589900016784668,9.510000228881836,9.5649995803833,14463486.0
2025-03-03 14:30:00-05:00,9.5649995803833,9.59000015258789,9.319999694824219,9.335000038146973,25100367.0
2025-03-03 15:30:00-05:00,9.34000015258789,9.40999984741211,9.319999694824219,9.390000343322754,14893583.0
2025-03-03 16:00:00-05:00,9.39,9.6007,9.39,9.39,0.0
2025-03-03 17:00:00-05:00,9.4102,9.45,9.39,9.42,0.0
2025-03-03 18:00:00-05:00,9.4108,9.43,9.4,9.42,0.0
2025-03-04 04:00:00-05:00,9.42,9.44,9.39,9.41,0.0
2025-03-04 05:00:00-05:00,9.41,9.43,9.4,9.41,0.0
2025-03-04 06:00:00-05:00,9.4,9.4,9.35,9.36,0.0
2025-03-04 07:00:00-05:00,9.36,9.42,9.3,9.3,0.0
2025-03-04 08:00:00-05:00,9.3,9.42,9.27,9.29,0.0
2025-03-04 09:00:00-05:00,9.28,9.3,9.27,9.285,0.0
2025-03-04 09:30:00-05:00,9.229999542236328,9.25,9.069999694824219,9.154999732971191,33681945.0
2025-03-04 10:30:00-05:00,9.15999984741211,9.210000038146973,9.09000015258789,9.100199699401855,33414883.0
2025-03-04 11:30:00-05:00,9.100299835205078,9.175000190734863,9.0600004196167,9.154999732971191,26345634.0
2025-03-04 12:30:00-05:00,9.154999732971191,9.210000038146973,9.140000343322754,9.184200286865234,23120848.0
2025-03-04 13:30:00-05:00,9.184000015258789,9.229999542236328,9.170000076293945,9.204999923706055,12738754.0
2025-03-04 14:30:00-05:00,9.204999923706055,9.270000457763672,9.1899995803833,9.253100395202637,13101286.0
2025-03-04 15:30:00-05:00,9.255000114440918,9.260000228881836,9.119999885559082,9.119999885559082,16712519.0
2025-03-04 16:00:00-05:00,9.13,9.5318,9.12,9.28,0.0
2025-03-04 17:00:00-05:00,9.285,9.43,9.12,9.26,0.0
2025-03-04 18:00:00-05:00,9.27,9.3,9.26,9.2997,0.0
2025-03-05 04:00:00-05:00,9.34,9.34,9.3,9.34,0.0
2025-03-05 05:00:00-05:00,9.34,9.36,9.33,9.34,0.0
2025-03-05 06:00:00-05:00,9.34,9.37,9.33,9.35,0.0
2025-03-05 07:00:00-05:00,9.35,9.35,9.25,9.26,0.0
2025-03-05 08:00:00-05:00,9.26,9.45,9.12,9.3,0.0
2025-03-05 09:00:00-05:00,9.29,9.35,9.25,9.28,0.0
2025-03-05 09:30:00-05:00,9.260000228881836,9.449999809265137,9.199999809265137,9.419599533081055,28622294.0
2025-03-05 10:30:00-05:00,9.420000076293945,9.5,9.369999885559082,9.385000228881836,24277368.0
2025-03-05 11:30:00-05:00,9.385000228881836,9.529999732971191,9.359999656677246,9.444999694824219,22232787.0
2025-03-05 12:30:00-05:00,9.444999694824219,9.520000457763672,9.420100212097168,9.475000381469727,15502280.0
2025-03-05 13:30:00-05:00,9.475000381469727,9.619999885559082,9.454999923706055,9.585000038146973,20295035.0
2025-03-05 14:30:00-05:00,9.585000038146973,9.670000076293945,9.574999809265137,9.630000114440918,21797759.0
2025-03-05 15:30:00-05:00,9.630000114440918,9.649999618530273,9.609999656677246,9.649999618530273,16239280.0
2025-03-05 16:00:00-05:00,9.65,9.65,9.5019,9.64,0.0
2025-03-05 17:00:00-05:00,9.6302,9.65,9.6,9.62,0.0
2025-03-05 18:00:00-05:00,9.625,9.63,9.61,9.62,0.0
2025-03-06 04:00:00-05:00,9.65,9.65,9.55,9.56,0.0
2025-03-06 05:00:00-05:00,9.56,9.56,9.53,9.55,0.0
2025-03-06 06:00:00-05:00,9.56,9.57,9.53,9.54,0.0
2025-03-06 07:00:00-05:00,9.54,9.6,9.42,9.49,0.0
2025-03-06 08:00:00-05:00,9.5,9.7,9.45,9.49,0.0
2025-03-06 09:00:00-05:00,9.4901,9.51,9.49,9.51,0.0
2025-03-06 09:30:00-05:00,9.515000343322754,9.579999923706055,9.420000076293945,9.5600004196167,21889242.0
2025-03-06 10:30:00-05:00,9.555000305175781,9.600000381469727,9.529999732971191,9.585000038146973,19171330.0
2025-03-06 11:30:00-05:00,9.59000015258789,9.619999885559082,9.4399995803833,9.444999694824219,21872698.0
2025-03-06 12:30:00-05:00,9.444999694824219,9.550000190734863,9.430000305175781,9.524999618530273,15490783.0
2025-03-06 13:30:00-05:00,9.524999618530273,9.630000114440918,9.489999771118164,9.600000381469727,15479647.0
2025-03-06 14:30:00-05:00,9.595000267028809,9.720000267028809,9.570099830627441,9.640700340270996,23924752.0
2025-03-06 15:30:00-05:00,9.649999618530273,9.680000305175781,9.59000015258789,9.609999656677246,13919915.0
2025-03-06 16:00:00-05:00,9.64,9.64,9.58,9.585,0.0
2025-03-06 17:00:00-05:00,9.585,9.59,9.58,9.59,0.0
2025-03-06 18:00:00-05:00,9.59,9.6,9.58,9.595,0.0
2025-03-07 04:00:00-05:00,9.58,9.6,9.57,9.58,0.0
2025-03-07 05:00:00-05:00,9.58,9.6,9.57,9.59,0.0
2025-03-07 06:00:00-05:00,9.59,9.61,9.585,9.61,0.0
2025-03-07 07:00:00-05:00,9.61,9.64,9.6,9.62,0.0
2025-03-07 08:00:00-05:00,9.62,9.66,9.5,9.6001,0.0
2025-03-07 09:00:00-05:00,9.63,9.66,9.55,9.5503,0.0
2025-03-07 09:30:00-05:00,9.539999961853027,9.829999923706055,9.510000228881836,9.8149995803833,23877200.0
2025-03-07 10:30:00-05:00,9.8149995803833,9.899999618530273,9.75,9.798800468444824,31296953.0
2025-03-07 11:30:00-05:00,9.800000190734863,9.8100004196167,9.680000305175781,9.770000457763672,19831521.0
2025-03-07 12:30:00-05:00,9.765000343322754,9.920000076293945,9.75,9.876999855041504,19361076.0
2025-03-07 13:30:00-05:00,9.875,9.960000038146973,9.859999656677246,9.928000450134277,16244079.0
2025-03-07 14:30:00-05:00,9.925000190734863,9.960000038146973,9.880000114440918,9.944999694824219,13096811.0
2025-03-07 15:30:00-05:00,9.944999694824219,9.960000038146973,9.869999885559082,9.890000343322754,14554004.0
2025-03-07 16:00:00-05:00,9.9,9.93,9.88,9.8999,0.0
2025-03-07 17:00:00-05:00,9.9,9.9,9.86,9.875,0.0
2025-03-07 18:00:00-05:00,9.88,9.91,9.87,9.8901,0.0
2025-03-10 05:00:00-04:00,9.74,9.75,9.74,9.745,0.0
2025-03-10 06:00:00-04:00,9.75,9.78,9.745,9.77,0.0
2025-03-10 07:00:00-04:00,9.77,9.8,9.765,9.8,0.0
2025-03-10 08:00:00-04:00,9.8,9.8436,9.72,9.755,0.0
2025-03-10 09:00:00-04:00,9.75,9.77,9.73,9.7697,0.0
2025-03-10 09:30:00-04:00,9.770000457763672,10.140000343322754,9.770000457763672,10.135000228881836,26989368.0
2025-03-10 10:30:00-04:00,10.130000114440918,10.140000343322754,9.979999542236328,10.024999618530273,36044819.0
2025-03-10 11:30:00-04:00,10.024999618530273,10.029999732971191,9.890000343322754,9.940099716186523,22493985.0
2025-03-10 12:30:00-04:00,9.949999809265137,9.979999542236328,9.88010025024414,9.925000190734863,15493513.0
2025-03-10 13:30:00-04:00,9.925000190734863,9.9399995803833,9.88010025024414,9.904999732971191,14967811.0
2025-03-10 14:30:00-04:00,9.904999732971191,9.920000076293945,9.819999694824219,9.869999885559082,20100508.0
2025-03-10 15:30:00-04:00,9.870100021362305,10.0,9.869999885559082,9.979999542236328,25324153.0
2025-03-10 16:00:00-04:00,9.98,10.03,9.96,10.0,0.0
2025-03-10 17:00:00-04:00,10.0,10.0,9.92,9.94,0.0
2025-03-10 18:00:00-04:00,9.93,9.95,9.92,9.9499,0.0
2025-03-10 19:00:00-04:00,9.95,9.96,9.91,9.94,0.0
2025-03-11 04:00:00-04:00,9.97,10.0,9.92,10.0,0.0
2025-03-11 05:00:00-04:00,9.99,10.0,9.99,10.0,0.0
2025-03-11 06:00:00-04:00,9.99,10.04,9.99,10.04,0.0
2025-03-11 07:00:00-04:00,10.03,10.04,9.99,10.01,0.0
2025-03-11 08:00:00-04:00,10.01,10.04,9.43,10.005,0.0
2025-03-11 09:00:00-04:00,10.0099,10.01,9.97,9.975,0.0
2025-03-11 09:30:00-04:00,9.920000076293945,9.960000038146973,9.73009967803955,9.73169994354248,31731654.0
2025-03-11 10:30:00-04:00,9.734999656677246,9.770000457763672,9.550000190734863,9.565099716186523,56948062.0
2025-03-11 11:30:00-04:00,9.5600004196167,9.609999656677246,9.520000457763672,9.550100326538086,26676461.0
2025-03-11 12:30:00-04:00,9.555000305175781,9.59000015258789,9.489999771118164,9.499899864196777,15372709.0
2025-03-11 13:30:00-04:00,9.493800163269043,9.699999809265137,9.493800163269043,9.6850004196167,20570456.0
2025-03-11 14:30:00-04:00,9.6850004196167,9.800000190734863,9.670000076293945,9.744999885559082,29739710.0
2025-03-11 15:30:00-04:00,9.739999771118164,9.789999961853027,9.680000305175781,9.680000305175781,20670081.0
2025-03-11 16:00:00-04:00,9.69,9.71,9.66,9.69,0.0
2025-03-11 17:00:00-04:00,9.68,9.7,9.68,9.6801,0.0
2025-03-11 18:00:00-04:00,9.68,9.71,9.68,9.705,0.0
2025-03-11 19:00:00-04:00,9.705,9.71,9.69,9.7097,0.0
2025-03-12 04:00:00-04:00,9.78,9.78,9.69,9.69,0.0
2025-03-12 05:00:00-04:00,9.69,9.72,9.69,9.71,0.0
2025-03-12 06:00:00-04:00,9.72,9.72,9.71,9.72,0.0
2025-03-12 07:00:00-04:00,9.71,9.72,9.71,9.72,0.0
2025-03-12 08:00:00-04:00,9.72,9.73,9.69,9.71,0.0
2025-03-12 09:00:00-04:00,9.72,9.85,9.72,9.745,0.0
2025-03-12 09:30:00-04:00,9.699999809265137,9.710000038146973,9.489999771118164,9.515000343322754,22247340.0
2025-03-12 10:30:00-04:00,9.515000343322754,9.529999732971191,9.460000038146973,9.524999618530273,22722163.0
2025-03-12 11:30:00-04:00,9.524999618530273,9.600000381469727,9.5,9.59000015258789,23398840.0
2025-03-12 12:30:00-04:00,9.581199645996094,9.609999656677246,9.520099639892578,9.595000267028809,15920887.0
2025-03-12 13:30:00-04:00,9.595000267028809,9.649999618530273,9.539999961853027,9.645000457763672,13322509.0
2025-03-12 14:30:00-04:00,9.645000457763672,9.699999809265137,9.619999885559082,9.635000228881836,13467667.0
2025-03-12 15:30:00-04:00,9.635499954223633,9.649999618530273,9.59000015258789,9.595000267028809,14256183.0
2025-03-12 16:00:00-04:00,9.595,9.61,9.57,9.585,0.0
2025-03-12 17:00:00-04:00,9.59,9.63,9.58,9.62,0.0
2025-03-12 18:00:00-04:00,9.62,9.63,9.59,9.61,0.0
2025-03-12 19:00:00-04:00,9.6,9.62,9.59,9.61,0.0
2025-03-13 04:00:00-04:00,9.58,9.65,9.48,9.56,0.0
2025-03-13 05:00:00-04:00,9.56,9.57,9.55,9.57,0.0
2025-03-13 06:00:00-04:00,9.565,9.59,9.56,9.59,0.0
2025-03-13 07:00:00-04:00,9.59,9.62,9.58,9.585,0.0
2025-03-13 08:00:00-04:00,9.59,9.6,9.52,9.57,0.0
2025-03-13 09:00:00-04:00,9.57,9.6,9.56,9.57,0.0
2025-03-13 09:30:00-04:00,9.569999694824219,9.949999809265137,9.5,9.925000190734863,31469208.0
2025-03-13 10:30:00-04:00,9.925000190734863,9.9399995803833,9.710000038146973,9.725000381469727,24373085.0
2025-03-13 11:30:00-04:00,9.720000267028809,9.729999542236328,9.529999732971191,9.625,26068154.0
2025-03-13 12:30:00-04:00,9.619999885559082,9.670000076293945,9.5600004196167,9.585000038146973,14247365.0
2025-03-13 13:30:00-04:00,9.579999923706055,9.630000114440918,9.550000190734863,9.600000381469727,10038815.0
2025-03-13 14:30:00-04:00,9.600000381469727,9.630000114440918,9.529999732971191,9.54010009765625,12105293.0
2025-03-13 15:30:00-04:00,9.548700332641602,9.569999694824219,9.510000228881836,9.529999732971191,14175042.0
2025-03-13 16:00:00-04:00,9.55,9.57,9.53,9.56,0.0
2025-03-13 17:00:00-04:00,9.5501,9.58,9.55,9.56,0.0
2025-03-13 18:00:00-04:00,9.56,9.58,9.55,9.575,0.0
2025-03-13 19:00:00-04:00,9.57,9.6,9.56,9.6,0.0
2025-03-14 04:00:00-04:00,9.63,9.64,9.53,9.63,0.0
2025-03-14 05:00:00-04:00,9.64,9.65,9.62,9.64,0.0
2025-03-14 06:00:00-04:00,9.65,9.65,9.64,9.64,0.0
2025-03-14 07:00:00-04:00,9.65,9.65,9.61,9.62,0.0
2025-03-14 08:00:00-04:00,9.62,9.65,9.53,9.6199,0.0
2025-03-14 09:00:00-04:00,9.61,9.62,9.53,9.62,0.0
2025-03-14 09:30:00-04:00,9.65999984741211,9.789999961853027,9.640000343322754,9.694899559020996,21771881.0
2025-03-14 10:30:00-04:00,9.699999809265137,9.75,9.664899826049805,9.74530029296875,14812579.0
2025-03-14 11:30:00-04:00,9.740099906921387,9.760000228881836,9.680000305175781,9.6899995803833,11088282.0
2025-03-14 12:30:00-04:00,9.6850004196167,9.760000228881836,9.670000076293945,9.729999542236328,11205433.0
2025-03-14 13:30:00-04:00,9.734999656677246,9.739999771118164,9.670000076293945,9.6850004196167,6748794.0
2025-03-14 14:30:00-04:00,9.6899995803833,9.75,9.680000305175781,9.737500190734863,7891809.0
2025-03-14 15:30:00-04:00,9.734999656677246,9.739999771118164,9.699999809265137,9.720000267028809,12427595.0
2025-03-14 16:00:00-04:00,9.72,9.73,9.535,9.73,0.0
2025-03-14 17:00:00-04:00,9.7297,9.73,9.72,9.725,0.0
2025-03-14 18:00:00-04:00,9.73,9.73,9.71,9.73,0.0
2025-03-14 19:00:00-04:00,9.73,9.73,9.71,9.71,0.0
2025-03-17 04:00:00-04:00,9.72,9.97,9.7,9.72,0.0
2025-03-17 05:00:00-04:00,9.71,9.74,9.71,9.74,0.0
2025-03-17 06:00:00-04:00,9.74,9.74,9.73,9.74,0.0
2025-03-17 07:00:00-04:00,9.74,9.74,9.73,9.73,0.0
2025-03-17 08:00:00-04:00,9.73,9.74,9.7,9.725,0.0
2025-03-17 09:00:00-04:00,9.72,9.73,9.72,9.725,0.0
2025-03-17 09:30:00-04:00,9.739999771118164,9.930000305175781,9.739999771118164,9.914999961853027,17812683.0
2025-03-17 10:30:00-04:00,9.914999961853027,9.930000305175781,9.854900360107422,9.88539981842041,21684518.0
2025-03-17 11:30:00-04:00,9.885000228881836,9.899999618530273,9.859999656677246,9.885000228881836,9705437.0
2025-03-17 12:30:00-04:00,9.885000228881836,9.890000343322754,9.850000381469727,9.885000228881836,8110342.0
2025-03-17 13:30:00-04:00,9.885000228881836,9.970000267028809,9.880000114440918,9.96500015258789,15451385.0
2025-03-17 14:30:00-04:00,9.96500015258789,9.979999542236328,9.9399995803833,9.949999809265137,9249593.0
2025-03-17 15:30:00-04:00,9.954999923706055,9.970000267028809,9.920000076293945,9.920000076293945,11207912.0
2025-03-17 16:00:00-04:00,9.925,9.94,9.91,9.93,0.0
2025-03-17 17:00:00-04:00,9.925,9.93,9.9,9.92,0.0
2025-03-17 18:00:00-04:00,9.92,9.94,9.91,9.94,0.0
2025-03-17 19:00:00-04:00,9.93,9.94,9.91,9.93,0.0
2025-03-18 04:00:00-04:00,9.91,9.94,9.9,9.92,0.0
2025-03-18 05:00:00-04:00,9.92,9.93,9.91,9.93,0.0
2025-03-18 06:00:00-04:00,9.93,9.94,9.92,9.93,0.0
2025-03-18 07:00:00-04:00,9.93,9.93,9.92,9.92,0.0
2025-03-18 08:00:00-04:00,9.93,9.93,9.9,9.9203,0.0
2025-03-18 09:00:00-04:00,9.93,9.93,9.9,9.91,0.0
2025-03-18 09:30:00-04:00,9.949999809265137,10.039999961853027,9.9399995803833,10.0,19013811.0
2025-03-18 10:30:00-04:00,10.0,10.03499984741211,9.90999984741211,9.9350004196167,18738666.0
2025-03-18 11:30:00-04:00,9.9350004196167,9.970000267028809,9.925000190734863,9.955100059509277,10529073.0
2025-03-18 12:30:00-04:00,9.954999923706055,9.960000038146973,9.890000343322754,9.914999961853027,12842723.0
2025-03-18 13:30:00-04:00,9.914999961853027,9.979999542236328,9.880000114440918,9.904999732971191,13522547.0
2025-03-18 14:30:00-04:00,9.904999732971191,9.949999809265137,9.904999732971191,9.944999694824219,9805475.0
2025-03-18 15:30:00-04:00,9.944999694824219,9.979999542236328,9.9399995803833,9.960000038146973,12896180.0
2025-03-18 16:00:00-04:00,9.9401,9.96,9.92,9.925,0.0
2025-03-18 17:00:00-04:00,9.92,9.95,9.905,9.94,0.0
2025-03-18 18:00:00-04:00,9.9493,9.95,9.91,9.94,0.0
2025-03-18 19:00:00-04:00,9.94,9.96,9.93,9.955,0.0
2025-03-19 04:00:00-04:00,9.96,9.98,9.94,9.95,0.0
2025-03-19 05:00:00-04:00,9.95,9.97,9.95,9.96,0.0
2025-03-19 06:00:00-04:00,9.96,9.97,9.96,9.96,0.0
2025-03-19 07:00:00-04:00,9.96,9.97,9.96,9.97,0.0
2025-03-19 08:00:00-04:00,9.97,9.98,9.92,9.955,0.0
2025-03-19 09:00:00-04:00,9.95,9.96,9.95,9.95,0.0
2025-03-19 09:30:00-04:00,9.960000038146973,10.020000457763672,9.944999694824219,9.981300354003906,12269587.0
2025-03-19 10:30:00-04:00,9.989999771118164,10.050000190734863,9.989999771118164,10.050000190734863,14594760.0
2025-03-19 11:30:00-04:00,10.045000076293945,10.0600004196167,10.020000457763672,10.059900283813477,8283214.0
2025-03-19 12:30:00-04:00,10.055000305175781,10.100000381469727,10.039999961853027,10.09000015258789,9370961.0
2025-03-19 13:30:00-04:00,10.085000038146973,10.15999984741211,10.050000190734863,10.145000457763672,14607343.0
2025-03-19 14:30:00-04:00,10.145000457763672,10.279999732971191,10.140000343322754,10.175000190734863,26773173.0
2025-03-19 15:30:00-04:00,10.175700187683105,10.239999771118164,10.170000076293945,10.170000076293945,22968796.0
2025-03-19 16:00:00-04:00,10.17,10.18,10.15,10.1702,0.0
2025-03-19 17:00:00-04:00,10.17,10.18,10.1498,10.1799,0.0
2025-03-19 18:00:00-04:00,10.18,10.21,10.16,10.2,0.0
2025-03-19 19:00:00-04:00,10.1901,10.21,10.19,10.19,0.0
2025-03-20 04:00:00-04:00,10.2,10.24,10.2,10.22,0.0
2025-03-20 05:00:00-04:00,10.22,10.22,10.2,10.2,0.0
2025-03-20 06:00:00-04:00,10.2,10.21,10.11,10.12,0.0
2025-03-20 07:00:00-04:00,10.12,10.14,10.12,10.12,0.0
2025-03-20 08:00:00-04:00,10.11,10.24,10.09,10.1095,0.0
2025-03-20 09:00:00-04:00,10.1,10.17,10.04,10.0598,0.0
2025-03-20 09:30:00-04:00,10.069999694824219,10.109999656677246,9.989999771118164,10.095000267028809,16788133.0
2025-03-20 10:30:00-04:00,10.100000381469727,10.149999618530273,10.079999923706055,10.125,13685403.0
2025-03-20 11:30:00-04:00,10.120100021362305,10.129899978637695,10.010000228881836,10.024999618530273,13505357.0
2025-03-20 12:30:00-04:00,10.024999618530273,10.125,10.0,10.060099601745605,13082683.0
2025-03-20 13:30:00-04:00,10.0600004196167,10.09000015258789,10.0,10.01830005645752,12532641.0
2025-03-20 14:30:00-04:00,10.010000228881836,10.050000190734863,10.0,10.03499984741211,11408923.0
2025-03-20 15:30:00-04:00,10.03499984741211,10.050000190734863,10.010000228881836,10.020000457763672,12647732.0
2025-03-20 16:00:00-04:00,10.04,10.04,10.0,10.015,0.0
2025-03-20 17:00:00-04:00,10.01,10.02,10.01,10.02,0.0
2025-03-20 18:00:00-04:00,10.02,10.02,10.01,10.01,0.0
2025-03-20 19:00:00-04:00,10.02,10.02,10.0,10.01,0.0
2025-03-21 04:00:00-04:00,10.03,10.09,9.98,9.98,0.0
2025-03-21 05:00:00-04:00,9.98,9.99,9.98,9.99,0.0
2025-03-21 06:00:00-04:00,9.99,10.01,9.98,10.0,0.0
2025-03-21 07:00:00-04:00,10.0,10.01,10.0,10.01,0.0
2025-03-21 08:00:00-04:00,10.01,10.03,9.98,10.01,0.0
2025-03-21 09:00:00-04:00,10.01,10.01,9.92,9.93,0.0
2025-03-21 09:30:00-04:00,9.914999961853027,9.989999771118164,9.829999923706055,9.9350004196167,25074434.0
2025-03-21 10:30:00-04:00,9.9350004196167,10.0,9.930000305175781,9.9399995803833,17388897.0
2025-03-21 11:30:00-04:00,9.944999694824219,9.970000267028809,9.920000076293945,9.954999923706055,12115326.0
2025-03-21 12:30:00-04:00,9.954999923706055,10.039999961853027,9.9399995803833,10.015000343322754,10430278.0
2025-03-21 13:30:00-04:00,10.015000343322754,10.039999961853027,9.99120044708252,10.005000114440918,12148304.0
2025-03-21 14:30:00-04:00,10.005000114440918,10.050000190734863,10.0,10.029899597167969,15163816.0
2025-03-21 15:30:00-04:00,10.024999618530273,10.119999885559082,10.020000457763672,10.024999618530273,28894013.0
2025-03-21 16:00:00-04:00,10.07,10.07,9.9984,10.06,0.0
2025-03-21 17:00:00-04:00,10.0591,10.06,10.03,10.05,0.0
2025-03-21 18:00:00-04:00,10.0305,10.05,9.9948,10.05,0.0
2025-03-21 19:00:00-04:00,10.0493,10.05,10.02,10.05,0.0
2025-03-24 04:00:00-04:00,10.09,10.12,10.04,10.12,0.0
2025-03-24 05:00:00-04:00,10.12,10.14,10.1,10.12,0.0
2025-03-24 06:00:00-04:00,10.11,10.12,10.07,10.07,0.0
2025-03-24 07:00:00-04:00,10.08,10.12,10.07,10.12,0.0
2025-03-24 08:00:00-04:00,10.12,10.1288,10.0,10.1,0.0
2025-03-24 09:00:00-04:00,10.1098,10.14,10.0,10.12,0.0
2025-03-24 09:30:00-04:00,10.039999961853027,10.180000305175781,10.010000228881836,10.170000076293945,14551887.0
2025-03-24 10:30:00-04:00,10.175000190734863,10.220000267028809,10.149999618530273,10.170000076293945,13247905.0
2025-03-24 11:30:00-04:00,10.175000190734863,10.229999542236328,10.130000114440918,10.149900436401367,12909435.0
2025-03-24 12:30:00-04:00,10.149999618530273,10.199999809265137,10.140000343322754,10.18910026550293,10325280.0
2025-03-24 13:30:00-04:00,10.1850004196167,10.210000038146973,10.130000114440918,10.135000228881836,11408102.0
2025-03-24 14:30:00-04:00,10.134900093078613,10.210000038146973,10.130000114440918,10.204999923706055,10388370.0
2025-03-24 15:30:00-04:00,10.204999923706055,10.25,10.199999809265137,10.25,12153563.0
2025-03-24 16:00:00-04:00,10.25,10.25,10.23,10.24,0.0
2025-03-24 17:00:00-04:00,10.24,10.24,10.22,10.2299,0.0
2025-03-24 18:00:00-04:00,10.23,10.23,10.21,10.2198,0.0
2025-03-24 19:00:00-04:00,10.21,10.25,10.21,10.25,0.0
2025-03-25 04:00:00-04:00,10.25,10.3,10.21,10.24,0.0
2025-03-25 05:00:00-04:00,10.24,10.25,10.23,10.24,0.0
2025-03-25 06:00:00-04:00,10.24,10.28,10.23,10.27,0.0
2025-03-25 07:00:00-04:00,10.28,10.28,10.23,10.26,0.0
2025-03-25 08:00:00-04:00,10.26,10.28,10.22,10.2599,0.0
2025-03-25 09:00:00-04:00,10.26,10.27,10.25,10.26,0.0
2025-03-25 09:30:00-04:00,10.300000190734863,10.350000381469727,10.194999694824219,10.212900161743164,16202996.0
2025-03-25 10:30:00-04:00,10.210000038146973,10.229999542236328,10.170000076293945,10.225000381469727,9018218.0
2025-03-25 11:30:00-04:00,10.225000381469727,10.25,10.220000267028809,10.239999771118164,5556762.0
2025-03-25 12:30:00-04:00,10.234999656677246,10.25,10.220000267028809,10.225000381469727,1972373.0
2025-03-25 13:30:00-04:00,10.225000381469727,10.239999771118164,10.170000076293945,10.204999923706055,6173017.0
2025-03-25 14:30:00-04:00,10.204999923706055,10.25,10.1899995803833,10.234999656677246,8883074.0
2025-03-25 15:30:00-04:00,10.234999656677246,10.289999961853027,10.191499710083008,10.279999732971191,17833214.0
2025-03-25 16:00:00-04:00,10.28,10.32,10.23,10.27,0.0
2025-03-25 17:00:00-04:00,10.28,10.29,10.26,10.2798,0.0
2025-03-25 18:00:00-04:00,10.2702,10.28,10.26,10.2701,0.0
2025-03-25 19:00:00-04:00,10.2799,10.29,10.26,10.28,0.0
2025-03-26 04:00:00-04:00,10.29,10.29,10.25,10.27,0.0
2025-03-26 05:00:00-04:00,10.28,10.28,10.27,10.28,0.0
2025-03-26 06:00:00-04:00,10.28,10.28,10.27,10.28,0.0
2025-03-26 07:00:00-04:00,10.28,10.28,10.27,10.27,0.0
2025-03-26 08:00:00-04:00,10.27,10.29,10.25,10.29,0.0
2025-03-26 09:00:00-04:00,10.28,10.28,9.9061,10.28,0.0
2025-03-26 09:30:00-04:00,10.270000457763672,10.350000381469727,10.260100364685059,10.324999809265137,12608928.0
2025-03-26 10:30:00-04:00,10.324999809265137,10.329999923706055,10.270000457763672,10.274999618530273,9247003.0
2025-03-26 11:30:00-04:00,10.270000457763672,10.300000190734863,10.1899995803833,10.229999542236328,18324846.0
2025-03-26 12:30:00-04:00,10.225000381469727,10.239999771118164,10.119999885559082,10.135000228881836,15982482.0
2025-03-26 13:30:00-04:00,10.130000114440918,10.3100004196167,10.09000015258789,10.305000305175781,30329469.0
2025-03-26 14:30:00-04:00,10.3100004196167,10.329999923706055,10.220000267028809,10.2431001663208,23317351.0
2025-03-26 15:30:00-04:00,10.244999885559082,10.34000015258789,10.239999771118164,10.300000190734863,19296450.0
2025-03-26 16:00:00-04:00,10.3001,10.33,10.28,10.2801,0.0
2025-03-26 17:00:00-04:00,10.28,10.3,9.72,9.75,0.0
2025-03-26 18:00:00-04:00,9.74,9.9,9.71,9.83,0.0
2025-03-26 19:00:00-04:00,9.8298,9.83,9.81,9.815,0.0
2025-03-27 04:00:00-04:00,9.9,9.95,9.83,9.9,0.0
2025-03-27 05:00:00-04:00,9.9,10.09,9.9,10.04,0.0
2025-03-27 06:00:00-04:00,10.04,10.05,9.96,9.97,0.0
2025-03-27 07:00:00-04:00,9.98,10.25,9.98,10.21,0.0
2025-03-27 08:00:00-04:00,10.21,10.5,9.8,10.38,0.0
2025-03-27 09:00:00-04:00,10.38,10.38,10.23,10.2999,0.0
2025-03-27 09:30:00-04:00,10.260000228881836,10.399999618530273,9.819999694824219,9.854999542236328,61109932.0
2025-03-27 10:30:00-04:00,9.854999542236328,10.149999618530273,9.850000381469727,10.0649995803833,46838717.0
2025-03-27 11:30:00-04:00,10.069999694824219,10.100000381469727,9.989999771118164,10.079999923706055,20374279.0
2025-03-27 12:30:00-04:00,10.085000038146973,10.100000381469727,9.989999771118164,10.020000457763672,20281160.0
2025-03-27 13:30:00-04:00,10.020000457763672,10.079999923706055,9.9399995803833,9.949999809265137,30514712.0
2025-03-27 14:30:00-04:00,9.954999923706055,9.979999542236328,9.90999984741211,9.96500015258789,21125917.0
2025-03-27 15:30:00-04:00,9.966899871826172,9.979999542236328,9.899999618530273,9.90999984741211,21635289.0
2025-03-27 16:00:00-04:00,9.91,9.97,9.9,9.96,0.0
2025-03-27 17:00:00-04:00,9.96,9.96,9.93,9.9597,0.0
2025-03-27 18:00:00-04:00,9.95,9.96,9.9,9.95,0.0
2025-03-27 19:00:00-04:00,9.96,10.04,9.93,10.0,0.0
2025-03-28 04:00:00-04:00,10.0,10.0,9.91,9.91,0.0
2025-03-28 05:00:00-04:00,9.9,9.91,9.87,9.89,0.0
2025-03-28 06:00:00-04:00,9.89,9.9,9.88,9.9,0.0
2025-03-28 07:00:00-04:00,9.9,9.96,9.9,9.93,0.0
2025-03-28 08:00:00-04:00,9.94,9.99,9.88,9.89,0.0
2025-03-28 09:00:00-04:00,9.89,9.9,9.77,9.8698,0.0
2025-03-28 09:30:00-04:00,9.84000015258789,9.890000343322754,9.649999618530273,9.67199993133545,27566356.0
2025-03-28 10:30:00-04:00,9.675000190734863,9.729999542236328,9.649999618530273,9.704999923706055,29049783.0
2025-03-28 11:30:00-04:00,9.704999923706055,9.770000457763672,9.6899995803833,9.699999809265137,17779032.0
2025-03-28 12:30:00-04:00,9.699999809265137,9.710000038146973,9.630000114440918,9.635000228881836,12945891.0
2025-03-28 13:30:00-04:00,9.635000228881836,9.710000038146973,9.619999885559082,9.670000076293945,16411025.0
2025-03-28 14:30:00-04:00,9.664999961853027,9.699999809265137,9.649999618530273,9.6850004196167,14141790.0
2025-03-28 15:30:00-04:00,9.6899995803833,9.739999771118164,9.65999984741211,9.725000381469727,13525836.0
2025-03-28 16:00:00-04:00,9.7295,9.82,9.6999,9.71,0.0
2025-03-28 17:00:00-04:00,9.71,9.74,9.7,9.72,0.0
2025-03-28 18:00:00-04:00,9.72,9.74,9.7,9.73,0.0
2025-03-28 19:00:00-04:00,9.7299,9.74,9.7,9.73,0.0
2025-03-31 04:00:00-04:00,9.72,9.72,9.69,9.69,0.0
2025-03-31 05:00:00-04:00,9.69,9.7,9.63,9.63,0.0
2025-03-31 06:00:00-04:00,9.63,9.64,9.62,9.63,0.0
2025-03-31 07:00:00-04:00,9.63,9.64,9.56,9.56,0.0
2025-03-31 08:00:00-04:00,9.56,9.72,9.55,9.59,0.0
2025-03-31 09:00:00-04:00,9.5897,9.6,9.58,9.6,0.0
2025-03-31 09:30:00-04:00,9.574999809265137,9.930000305175781,9.545000076293945,9.87399959564209,29642331.0
2025-03-31 10:30:00-04:00,9.874899864196777,9.979999542236328,9.869999885559082,9.954999923706055,29848073.0
2025-03-31 11:30:00-04:00,9.959099769592285,9.970000267028809,9.899999618530273,9.9399995803833,14402491.0
2025-03-31 12:30:00-04:00,9.9350004196167,9.970000267028809,9.899999618530273,9.914999961853027,9064568.0
2025-03-31 13:30:00-04:00,9.918600082397461,10.029999732971191,9.90999984741211,10.005000114440918,12545283.0
2025-03-31 14:30:00-04:00,10.005599975585938,10.069999694824219,10.0,10.029999732971191,16429312.0
2025-03-31 15:30:00-04:00,10.03499984741211,10.109999656677246,10.020000457763672,10.024999618530273,18523105.0
2025-03-31 16:00:00-04:00,10.02,10.05,10.0,10.02,0.0
2025-03-31 17:00:00-04:00,10.01,10.03,10.0,10.01,0.0
2025-03-31 18:00:00-04:00,10.0,10.03,9.97,9.99,0.0
2025-03-31 19:00:00-04:00,10.0,10.02,9.98,10.0,0.0
2025-04-01 04:00:00-04:00,10.0,10.01,9.97,10.01,0.0
2025-04-01 05:00:00-04:00,10.01,10.01,10.0,10.01,0.0
2025-04-01 06:00:00-04:00,10.0,10.01,10.0,10.0,0.0
2025-04-01 07:00:00-04:00,10.0,10.01,10.0,10.01,0.0
2025-04-01 08:00:00-04:00,10.01,10.04,9.98,10.0099,0.0
2025-04-01 09:00:00-04:00,10.01,10.03,10.0,10.02,0.0
2025-04-01 09:30:00-04:00,10.100000381469727,10.170000076293945,9.890000343322754,9.930000305175781,23298090.0
2025-04-01 10:30:00-04:00,9.925000190734863,9.979999542236328,9.890000343322754,9.938899993896484,31171130.0
2025-04-01 11:30:00-04:00,9.938799858093262,10.010000228881836,9.920000076293945,9.944999694824219,18573954.0
2025-04-01 12:30:00-04:00,9.945500373840332,9.960000038146973,9.84000015258789,9.842100143432617,13985334.0
2025-04-01 13:30:00-04:00,9.845000267028809,9.925000190734863,9.819999694824219,9.824999809265137,14133526.0
2025-04-01 14:30:00-04:00,9.824999809265137,9.90999984741211,9.8100004196167,9.890000343322754,16369353.0
2025-04-01 15:30:00-04:00,9.885000228881836,9.930000305175781,9.869999885559082,9.920000076293945,12232117.0
2025-04-01 16:00:00-04:00,9.91,9.94,9.895,9.895,0.0
2025-04-01 17:00:00-04:00,9.9,9.93,9.89,9.92,0.0
2025-04-01 18:00:00-04:00,9.92,9.95,9.9,9.93,0.0
2025-04-01 19:00:00-04:00,9.93,9.94,9.91,9.92,0.0
2025-04-02 04:00:00-04:00,9.92,9.92,9.88,9.89,0.0
2025-04-02 05:00:00-04:00,9.89,9.9,9.88,9.9,0.0
2025-04-02 06:00:00-04:00,9.9,9.9,9.86,9.86,0.0
2025-04-02 07:00:00-04:00,9.87,9.89,9.86,9.88,0.0
2025-04-02 08:00:00-04:00,9.88,9.94,9.86,9.88,0.0
2025-04-02 09:00:00-04:00,9.88,9.89,9.85,9.855,0.0
2025-04-02 09:30:00-04:00,9.835000038146973,10.09000015258789,9.819999694824219,10.074999809265137,21351636.0
2025-04-02 10:30:00-04:00,10.075300216674805,10.180000305175781,10.069999694824219,10.154999732971191,19316819.0
2025-04-02 11:30:00-04:00,10.149999618530273,10.199999809265137,10.109999656677246,10.179699897766113,14504715.0
2025-04-02 12:30:00-04:00,10.179900169372559,10.270000457763672,10.170000076293945,10.204700469970703,15648221.0
2025-04-02 13:30:00-04:00,10.204999923706055,10.210000038146973,10.130000114440918,10.150300025939941,15374078.0
2025-04-02 14:30:00-04:00,10.149999618530273,10.220000267028809,10.079999923706055,10.090700149536133,24708896.0
2025-04-02 15:30:00-04:00,10.095000267028809,10.149999618530273,10.069999694824219,10.140000343322754,18250795.0
2025-04-02 16:00:00-04:00,10.14,10.28,9.91,10.15,0.0
2025-04-02 17:00:00-04:00,10.1488,10.16,10.065,10.16,0.0
2025-04-02 18:00:00-04:00,10.15,10.21,10.12,10.16,0.0
2025-04-02 19:00:00-04:00,10.16,10.16,9.95,9.99,0.0
2025-04-03 04:00:00-04:00,10.07,10.15,10.0,10.12,0.0
2025-04-03 05:00:00-04:00,10.13,10.13,10.07,10.09,0.0
2025-04-03 06:00:00-04:00,10.09,10.1,10.01,10.03,0.0
2025-04-03 07:00:00-04:00,10.02,10.04,9.91,9.91,0.0
2025-04-03 08:00:00-04:00,9.9,10.13,9.9,9.955,0.0
2025-04-03 09:00:00-04:00,9.96,9.96,9.91,9.94,0.0
2025-04-03 09:30:00-04:00,9.994999885559082,10.199999809265137,9.800000190734863,9.805000305175781,40894447.0
2025-04-03 10:30:00-04:00,9.805000305175781,9.84000015258789,9.690099716186523,9.744999885559082,50855535.0
2025-04-03 11:30:00-04:00,9.744999885559082,9.829999923706055,9.6899995803833,9.806500434875488,34298095.0
2025-04-03 12:30:00-04:00,9.805000305175781,9.819999694824219,9.649999618530273,9.669899940490723,17350131.0
2025-04-03 13:30:00-04:00,9.664999961853027,9.720000267028809,9.630000114440918,9.645000457763672,16019180.0
2025-04-03 14:30:00-04:00,9.645000457763672,9.6899995803833,9.600000381469727,9.608699798583984,29557051.0
2025-04-03 15:30:00-04:00,9.608099937438965,9.630000114440918,9.529999732971191,9.545000076293945,24351827.0
2025-04-03 16:00:00-04:00,9.57,10.15,9.54,9.5599,0.0
2025-04-03 17:00:00-04:00,9.5599,9.61,9.54,9.5998,0.0
2025-04-03 18:00:00-04:00,9.5998,9.6,9.56,9.58,0.0
2025-04-03 19:00:00-04:00,9.58,9.58,9.56,9.58,0.0
2025-04-04 04:00:00-04:00,9.6,9.62,9.53,9.56,0.0
2025-04-04 05:00:00-04:00,9.55,9.55,9.49,9.49,0.0
2025-04-04 06:00:00-04:00,9.48,9.49,9.28,9.28,0.0
2025-04-04 07:00:00-04:00,9.3,9.48,9.15,9.17,0.0
2025-04-04 08:00:00-04:00,9.16,9.61,9.1,9.2,0.0
2025-04-04 09:00:00-04:00,9.1808,9.54,9.18,9.3197,0.0
2025-04-04 09:30:00-04:00,9.3149995803833,9.4399995803833,9.210000038146973,9.380000114440918,31997166.0
2025-04-04 10:30:00-04:00,9.375,9.664999961853027,9.199999809265137,9.5,36566884.0
2025-04-04 11:30:00-04:00,9.494999885559082,9.645000457763672,9.369999885559082,9.569700241088867,26642426.0
2025-04-04 12:30:00-04:00,9.56980037689209,9.625,9.489999771118164,9.5600004196167,19940539.0
2025-04-04 13:30:00-04:00,9.560199737548828,9.6899995803833,9.520000457763672,9.619999885559082,17046115.0
2025-04-04 14:30:00-04:00,9.614999771118164,9.729999542236328,9.529999732971191,9.694999694824219,21683015.0
2025-04-04 15:30:00-04:00,9.694999694824219,9.720000267028809,9.529999732971191,9.59000015258789,16639444.0
2025-04-04 16:00:00-04:00,9.58,9.63,9.54,9.58,0.0
2025-04-04 17:00:00-04:00,9.5706,9.62,9.57,9.5898,0.0
2025-04-04 18:00:00-04:00,9.59,9.59,9.57,9.575,0.0
2025-04-04 19:00:00-04:00,9.58,9.59,9.56,9.5799,0.0
2025-04-07 04:00:00-04:00,9.65,9.65,9.2,9.445,0.0
2025-04-07 05:00:00-04:00,9.44,9.44,9.32,9.33,0.0
2025-04-07 06:00:00-04:00,9.34,9.5,9.33,9.44,0.0
2025-04-07 07:00:00-04:00,9.43,9.54,9.381,9.42,0.0
2025-04-07 08:00:00-04:00,9.42,9.53,9.2,9.375,0.0
2025-04-07 09:00:00-04:00,9.38,9.58,9.29,9.3,0.0
2025-04-07 09:30:00-04:00,9.270000457763672,9.640000343322754,9.0,9.173600196838379,44659796.0
2025-04-07 10:30:00-04:00,9.172499656677246,9.430000305175781,9.0600004196167,9.104999542236328,34363123.0
2025-04-07 11:30:00-04:00,9.104999542236328,9.319999694824219,9.050000190734863,9.13010025024414,36638101.0
2025-04-07 12:30:00-04:00,9.130000114440918,9.220000267028809,9.020000457763672,9.21500015258789,37019226.0
2025-04-07 13:30:00-04:00,9.21500015258789,9.335000038146973,9.130000114440918,9.213199615478516,46742289.0
2025-04-07 14:30:00-04:00,9.21500015258789,9.300000190734863,9.15999984741211,9.21500015258789,42502500.0
2025-04-07 15:30:00-04:00,9.210000038146973,9.3149995803833,9.170000076293945,9.234999656677246,25220247.0
2025-04-07 16:00:00-04:00,9.24,9.95,9.2077,9.2797,0.0
2025-04-07 17:00:00-04:00,9.27,9.29,9.27,9.275,0.0
2025-04-07 18:00:00-04:00,9.2799,9.3,9.27,9.2998,0.0
2025-04-07 19:00:00-04:00,9.3,9.3,9.29,9.29,0.0
2025-04-08 04:00:00-04:00,9.43,9.43,9.31,9.38,0.0
2025-04-08 05:00:00-04:00,9.38,9.41,9.37,9.4,0.0
2025-04-08 06:00:00-04:00,9.39,9.4,9.38,9.39,0.0
2025-04-08 07:00:00-04:00,9.39,9.41,9.37,9.41,0.0
2025-04-08 08:00:00-04:00,9.41,9.54,9.29,9.47,0.0
2025-04-08 09:00:00-04:00,9.4796,9.52,9.24,9.52,0.0
2025-04-08 09:30:00-04:00,9.520000457763672,9.520000457763672,9.25,9.379899978637695,22738610.0
2025-04-08 10:30:00-04:00,9.375,9.40999984741211,9.020000457763672,9.055000305175781,34894456.0
2025-04-08 11:30:00-04:00,9.050000190734863,9.208499908447266,9.050000190734863,9.085000038146973,29898660.0
2025-04-08 12:30:00-04:00,9.085000038146973,9.109999656677246,8.819999694824219,8.82800006866455,29801108.0
2025-04-08 13:30:00-04:00,8.824999809265137,8.949999809265137,8.760000228881836,8.766400337219238,27852059.0
2025-04-08 14:30:00-04:00,8.765000343322754,8.90999984741211,8.610099792480469,8.670100212097168,26457881.0
2025-04-08 15:30:00-04:00,8.676400184631348,8.710000038146973,8.550000190734863,8.699999809265137,19564461.0
2025-04-08 16:00:00-04:00,8.69,8.8,8.6803,8.74,0.0
2025-04-08 17:00:00-04:00,8.74,8.78,8.69,8.76,0.0
2025-04-08 18:00:00-04:00,8.76,8.76,8.63,8.68,0.0
2025-04-08 19:00:00-04:00,8.6894,8.72,8.62,8.71,0.0
2025-04-09 04:00:00-04:00,8.79,8.86,8.7,8.72,0.0
2025-04-09 05:00:00-04:00,8.72,8.81,8.67,8.77,0.0
2025-04-09 06:00:00-04:00,8.78,8.78,8.43,8.51,0.0
2025-04-09 07:00:00-04:00,8.52,8.6,8.37,8.43,0.0
2025-04-09 08:00:00-04:00,8.42,8.79,8.37,8.43,0.0
2025-04-09 09:00:00-04:00,8.43,8.69,8.38,8.5699,0.0
2025-04-09 09:30:00-04:00,8.5,8.795000076293945,8.440600395202637,8.664999961853027,30658133.0
2025-04-09 10:30:00-04:00,8.670000076293945,8.734999656677246,8.569999694824219,8.651200294494629,22201693.0
2025-04-09 11:30:00-04:00,8.654999732971191,8.710000038146973,8.550000190734863,8.680000305175781,23778296.0
2025-04-09 12:30:00-04:00,8.674699783325195,9.220000267028809,8.609999656677246,9.079999923706055,31878019.0
2025-04-09 13:30:00-04:00,9.079999923706055,9.539999961853027,9.050000190734863,9.454999923706055,40049292.0
2025-04-09 14:30:00-04:00,9.459400177001953,9.510000228881836,9.250100135803223,9.46500015258789,21114737.0
2025-04-09 15:30:00-04:00,9.460000038146973,9.520000457763672,9.380000114440918,9.489999771118164,19217017.0
2025-04-09 16:00:00-04:00,9.49,9.52,9.34,9.4698,0.0
2025-04-09 17:00:00-04:00,9.465,9.47,9.39,9.4,0.0
2025-04-09 18:00:00-04:00,9.42,9.45,9.4,9.445,0.0
2025-04-09 19:00:00-04:00,9.44,9.45,9.43,9.4401,0.0
2025-04-10 04:00:00-04:00,9.46,9.46,9.28,9.29,0.0
2025-04-10 05:00:00-04:00,9.29,9.29,9.13,9.16,0.0
2025-04-10 06:00:00-04:00,9.17,9.22,9.14,9.17,0.0
2025-04-10 07:00:00-04:00,9.16,9.2,9.11,9.19,0.0
2025-04-10 08:00:00-04:00,9.19,9.46,9.13,9.175,0.0
2025-04-10 09:00:00-04:00,9.18,9.26,9.07,9.13,0.0
2025-04-10 09:30:00-04:00,9.100000381469727,9.279999732971191,9.029999732971191,9.074999809265137,26375470.0
2025-04-10 10:30:00-04:00,9.079999923706055,9.1899995803833,9.074999809265137,9.134900093078613,19419991.0
2025-04-10 11:30:00-04:00,9.130000114440918,9.140000343322754,8.880000114440918,8.914999961853027,22786925.0
2025-04-10 12:30:00-04:00,8.914999961853027,9.149999618530273,8.899999618530273,9.005000114440918,20607448.0
2025-04-10 13:30:00-04:00,9.005000114440918,9.1899995803833,8.990099906921387,9.180000305175781,27761745.0
2025-04-10 14:30:00-04:00,9.1850004196167,9.239999771118164,9.069999694824219,9.093600273132324,23156343.0
2025-04-10 15:30:00-04:00,9.100000381469727,9.15999984741211,9.020000457763672,9.119999885559082,16869289.0
2025-04-10 16:00:00-04:00,9.14,9.16,8.745,9.13,0.0
2025-04-10 17:00:00-04:00,9.1398,9.14,9.1,9.12,0.0
2025-04-10 18:00:00-04:00,9.12,9.15,9.11,9.1399,0.0
2025-04-10 19:00:00-04:00,9.1397,9.14,9.1,9.1,0.0
2025-04-11 04:00:00-04:00,9.15,9.18,9.07,9.12,0.0
2025-04-11 05:00:00-04:00,9.12,9.12,9.11,9.11,0.0
2025-04-11 06:00:00-04:00,9.12,9.21,9.12,9.21,0.0
2025-04-11 07:00:00-04:00,9.21,9.21,9.11,9.11,0.0
2025-04-11 08:00:00-04:00,9.1,9.23,9.08,9.15,0.0
2025-04-11 09:00:00-04:00,9.15,9.17,9.06,9.07,0.0
2025-04-11 09:30:00-04:00,9.125,9.260000228881836,9.039999961853027,9.109800338745117,17342735.0
2025-04-11 10:30:00-04:00,9.104999542236328,9.229999542236328,9.039999961853027,9.070099830627441,23398348.0
2025-04-11 11:30:00-04:00,9.079999923706055,9.119999885559082,9.050000190734863,9.074999809265137,19768949.0
2025-04-11 12:30:00-04:00,9.079999923706055,9.25,9.069999694824219,9.175299644470215,20646794.0
2025-04-11 13:30:00-04:00,9.180000305175781,9.350000381469727,9.164899826049805,9.265000343322754,24762357.0
2025-04-11 14:30:00-04:00,9.265000343322754,9.329999923706055,9.239999771118164,9.319899559020996,17790686.0
2025-04-11 15:30:00-04:00,9.3149995803833,9.34000015258789,9.300000190734863,9.324999809265137,16213233.0
2025-04-11 16:00:00-04:00,9.325,9.33,9.3,9.33,0.0
2025-04-11 17:00:00-04:00,9.325,9.33,9.3,9.32,0.0
2025-04-11 18:00:00-04:00,9.32,9.33,9.3035,9.325,0.0
2025-04-11 19:00:00-04:00,9.33,9.33,9.32,9.33,0.0
2025-04-14 04:00:00-04:00,9.36,9.4,9.34,9.39,0.0
2025-04-14 05:00:00-04:00,9.4,9.4,9.39,9.39,0.0
2025-04-14 06:00:00-04:00,9.39,9.42,9.39,9.39,0.0
2025-04-14 07:00:00-04:00,9.4,9.4,9.35,9.39,0.0
2025-04-14 08:00:00-04:00,9.39,9.43,9.35,9.385,0.0
2025-04-14 09:00:00-04:00,9.39,9.41,9.38,9.4003,0.0
2025-04-14 09:30:00-04:00,9.380000114440918,9.399999618530273,9.239999771118164,9.335000038146973,19898104.0
2025-04-14 10:30:00-04:00,9.329999923706055,9.369999885559082,9.260000228881836,9.260100364685059,21249947.0
2025-04-14 11:30:00-04:00,9.265000343322754,9.550000190734863,9.199999809265137,9.5,35669269.0
2025-04-14 12:30:00-04:00,9.510000228881836,9.760000228881836,9.489999771118164,9.704999923706055,40139808.0
2025-04-14 13:30:00-04:00,9.699999809265137,9.729999542236328,9.640000343322754,9.694999694824219,23660547.0
2025-04-14 14:30:00-04:00,9.694999694824219,9.8100004196167,9.6899995803833,9.774999618530273,19910148.0
2025-04-14 15:30:00-04:00,9.774999618530273,9.789999961853027,9.699999809265137,9.710000038146973,21175420.0
2025-04-14 16:00:00-04:00,9.705,9.75,9.41,9.6901,0.0
2025-04-14 17:00:00-04:00,9.7,9.71,9.68,9.68,0.0
2025-04-14 18:00:00-04:00,9.6803,9.71,9.68,9.69,0.0
2025-04-14 19:00:00-04:00,9.68,9.7,9.68,9.7,0.0
2025-04-15 04:00:00-04:00,9.73,9.78,9.72,9.77,0.0
2025-04-15 05:00:00-04:00,9.77,9.77,9.75,9.76,0.0
2025-04-15 06:00:00-04:00,9.75,9.76,9.75,9.75,0.0
2025-04-15 07:00:00-04:00,9.75,9.75,9.71,9.71,0.0
2025-04-15 08:00:00-04:00,9.71,9.7688,9.63,9.645,0.0
2025-04-15 09:00:00-04:00,9.65,9.7,9.6305,9.7,0.0
2025-04-15 09:30:00-04:00,9.614999771118164,9.630000114440918,9.489999771118164,9.5,23030613.0
2025-04-15 10:30:00-04:00,9.505000114440918,9.529999732971191,9.420000076293945,9.430000305175781,21905358.0
2025-04-15 11:30:00-04:00,9.4350004196167,9.460000038146973,9.40999984741211,9.4350004196167,18116910.0
2025-04-15 12:30:00-04:00,9.4399995803833,9.449999809265137,9.380000114440918,9.395000457763672,11822741.0
2025-04-15 13:30:00-04:00,9.395600318908691,9.479999542236328,9.395000457763672,9.414999961853027,15206035.0
2025-04-15 14:30:00-04:00,9.420000076293945,9.470000267028809,9.40999984741211,9.45989990234375,11481864.0
2025-04-15 15:30:00-04:00,9.454999923706055,9.479999542236328,9.4399995803833,9.460000038146973,16761209.0
2025-04-15 16:00:00-04:00,9.45,9.47,9.42,9.45,0.0
2025-04-15 17:00:00-04:00,9.445,9.45,9.4201,9.43,0.0
2025-04-15 18:00:00-04:00,9.43,9.44,9.42,9.42,0.0
2025-04-15 19:00:00-04:00,9.42,9.44,9.4,9.4099,0.0
2025-04-16 04:00:00-04:00,9.4,9.41,9.37,9.41,0.0
2025-04-16 05:00:00-04:00,9.4,9.46,9.38,9.44,0.0
2025-04-16 06:00:00-04:00,9.44,9.45,9.43,9.44,0.0
2025-04-16 07:00:00-04:00,9.43,9.5,9.43,9.47,0.0
2025-04-16 08:00:00-04:00,9.47,9.49,9.35,9.4598,0.0
2025-04-16 09:00:00-04:00,9.4598,9.6,9.41,9.43,0.0
2025-04-16 09:30:00-04:00,9.470000267028809,9.609999656677246,9.449999809265137,9.520099639892578,17067481.0
2025-04-16 10:30:00-04:00,9.524999618530273,9.600000381469727,9.479999542236328,9.595000267028809,24696656.0
2025-04-16 11:30:00-04:00,9.594799995422363,9.619999885559082,9.539999961853027,9.559000015258789,14845192.0
2025-04-16 12:30:00-04:00,9.559000015258789,9.609999656677246,9.524999618530273,9.585000038146973,14337603.0
2025-04-16 13:30:00-04:00,9.585000038146973,9.585000038146973,9.399999618530273,9.440999984741211,24168925.0
2025-04-16 14:30:00-04:00,9.4399995803833,9.449999809265137,9.289999961853027,9.29990005493164,13817165.0
2025-04-16 15:30:00-04:00,9.300000190734863,9.40999984741211,9.298999786376953,9.399999618530273,18274637.0
2025-04-16 16:00:00-04:00,9.4,9.41,9.38,9.395,0.0
2025-04-16 17:00:00-04:00,9.4,9.44,9.39,9.415,0.0
2025-04-16 18:00:00-04:00,9.41,9.43,9.4,9.4198,0.0
2025-04-16 19:00:00-04:00,9.42,9.42,9.4,9.42,0.0
2025-04-17 04:00:00-04:00,9.44,9.53,9.43,9.46,0.0
2025-04-17 05:00:00-04:00,9.47,9.47,9.46,9.47,0.0
2025-04-17 06:00:00-04:00,9.46,9.47,9.46,9.47,0.0
2025-04-17 07:00:00-04:00,9.46,9.46,9.41,9.42,0.0
2025-04-17 08:00:00-04:00,9.42,9.5388,9.41,9.44,0.0
2025-04-17 09:00:00-04:00,9.44,9.45,9.39,9.4,0.0
2025-04-17 09:30:00-04:00,9.40999984741211,9.609999656677246,9.404999732971191,9.515000343322754,15302934.0
2025-04-17 10:30:00-04:00,9.510000228881836,9.65999984741211,9.489999771118164,9.585000038146973,29468132.0
2025-04-17 11:30:00-04:00,9.585000038146973,9.670000076293945,9.579999923706055,9.664999961853027,23907089.0
2025-04-17 12:30:00-04:00,9.66670036315918,9.680000305175781,9.609999656677246,9.615099906921387,11821221.0
2025-04-17 13:30:00-04:00,9.614999771118164,9.6899995803833,9.609999656677246,9.65999984741211,10931325.0
2025-04-17 14:30:00-04:00,9.649999618530273,9.6899995803833,9.619999885559082,9.654999732971191,18247107.0
2025-04-17 15:30:00-04:00,9.654999732971191,9.65999984741211,9.619999885559082,9.619999885559082,14941972.0
2025-04-17 16:00:00-04:00,9.62,9.65,9.62,9.63,0.0
2025-04-17 17:00:00-04:00,9.63,9.64,9.62,9.63,0.0
2025-04-17 18:00:00-04:00,9.63,9.64,9.62,9.62,0.0
2025-04-17 19:00:00-04:00,9.6297,9.64,9.62,9.62,0.0
2025-04-21 04:00:00-04:00,9.57,9.7,9.52,9.53,0.0
2025-04-21 05:00:00-04:00,9.53,9.53,9.47,9.5,0.0
2025-04-21 06:00:00-04:00,9.5,9.54,9.49,9.51,0.0
2025-04-21 07:00:00-04:00,9.51,9.56,9.51,9.53,0.0
2025-04-21 08:00:00-04:00,9.52,9.6767,9.5188,9.525,0.0
2025-04-21 09:00:00-04:00,9.53,9.54,9.52,9.54,0.0
2025-04-21 09:30:00-04:00,9.579999923706055,9.630000114440918,9.489999771118164,9.494999885559082,13250271.0
2025-04-21 10:30:00-04:00,9.499899864196777,9.5,9.380000114440918,9.420000076293945,11765951.0
2025-04-21 11:30:00-04:00,9.414400100708008,9.430000305175781,9.359999656677246,9.390000343322754,11685411.0
2025-04-21 12:30:00-04:00,9.395000457763672,9.430000305175781,9.350000381469727,9.369799613952637,11496912.0
2025-04-21 13:30:00-04:00,9.364999771118164,9.40999984741211,9.350000381469727,9.375,13608918.0
2025-04-21 14:30:00-04:00,9.380000114440918,9.40999984741211,9.359999656677246,9.389900207519531,12056635.0
2025-04-21 15:30:00-04:00,9.38479995727539,9.489999771118164,9.38010025024414,9.475000381469727,16316221.0
2025-04-21 16:00:00-04:00,9.47,9.5,9.45,9.46,0.0
2025-04-21 17:00:00-04:00,9.46,9.47,9.44,9.46,0.0
2025-04-21 18:00:00-04:00,9.46,9.48,9.45,9.465,0.0
2025-04-21 19:00:00-04:00,9.46,9.49,9.45,9.47,0.0
2025-04-22 04:00:00-04:00,9.49,9.58,9.49,9.53,0.0
2025-04-22 05:00:00-04:00,9.53,9.55,9.52,9.53,0.0
2025-04-22 06:00:00-04:00,9.52,9.54,9.52,9.54,0.0
2025-04-22 07:00:00-04:00,9.54,9.54,9.5,9.51,0.0
2025-04-22 08:00:00-04:00,9.51,9.55,9.47,9.515,0.0
2025-04-22 09:00:00-04:00,9.52,9.54,9.51,9.54,0.0
2025-04-22 09:30:00-04:00,9.550000190734863,9.635000228881836,9.529999732971191,9.565600395202637,17067851.0
2025-04-22 10:30:00-04:00,9.5649995803833,9.670000076293945,9.5600004196167,9.639900207519531,15347831.0
2025-04-22 11:30:00-04:00,9.63010025024414,9.710000038146973,9.609999656677246,9.694999694824219,19413152.0
2025-04-22 12:30:00-04:00,9.699999809265137,9.720000267028809,9.529999732971191,9.545000076293945,18137923.0
2025-04-22 13:30:00-04:00,9.545000076293945,9.640000343322754,9.529999732971191,9.630000114440918,18196937.0
2025-04-22 14:30:00-04:00,9.621700286865234,9.649999618530273,9.600000381469727,9.619999885559082,11051494.0
2025-04-22 15:30:00-04:00,9.614999771118164,9.670000076293945,9.609999656677246,9.649999618530273,16269351.0
2025-04-22 16:00:00-04:00,9.66,9.67,9.54,9.66,0.0
2025-04-22 17:00:00-04:00,9.66,9.74,9.65,9.7202,0.0
2025-04-22 18:00:00-04:00,9.72,9.74,9.7,9.735,0.0
2025-04-22 19:00:00-04:00,9.73,9.75,9.72,9.7402,0.0
2025-04-23 04:00:00-04:00,9.75,9.78,9.72,9.77,0.0
2025-04-23 05:00:00-04:00,9.77,9.8,9.77,9.8,0.0
2025-04-23 06:00:00-04:00,9.79,9.8,9.77,9.8,0.0
2025-04-23 07:00:00-04:00,9.8,9.86,9.8,9.83,0.0
2025-04-23 08:00:00-04:00,9.84,9.87,9.72,9.83,0.0
2025-04-23 09:00:00-04:00,9.83,9.85,9.8,9.83,0.0
2025-04-23 09:30:00-04:00,9.835000038146973,10.005399703979492,9.8100004196167,9.90999984741211,25651121.0
2025-04-23 10:30:00-04:00,9.899999618530273,9.920000076293945,9.8100004196167,9.830100059509277,26847285.0
2025-04-23 11:30:00-04:00,9.835000038146973,9.869999885559082,9.710000038146973,9.765000343322754,29741672.0
2025-04-23 12:30:00-04:00,9.760000228881836,9.885199546813965,9.760000228881836,9.850000381469727,24205020.0
2025-04-23 13:30:00-04:00,9.854999542236328,9.899999618530273,9.8100004196167,9.835000038146973,16016461.0
2025-04-23 14:30:00-04:00,9.84000015258789,9.869999885559082,9.75,9.755000114440918,16989612.0
2025-04-23 15:30:00-04:00,9.755000114440918,9.800000190734863,9.75,9.760000228881836,12730664.0
2025-04-23 16:00:00-04:00,9.77,10.07,9.4,9.79,0.0
2025-04-23 17:00:00-04:00,9.78,9.81,9.74,9.75,0.0
2025-04-23 18:00:00-04:00,9.7401,9.78,9.71,9.755,0.0
2025-04-23 19:00:00-04:00,9.76,9.77,9.72,9.73,0.0
2025-04-24 04:00:00-04:00,9.75,9.75,9.64,9.66,0.0
2025-04-24 05:00:00-04:00,9.67,9.75,9.64,9.66,0.0
2025-04-24 06:00:00-04:00,9.67,9.73,9.66,9.72,0.0
2025-04-24 07:00:00-04:00,9.72,9.78,9.71,9.71,0.0
2025-04-24 08:00:00-04:00,9.7,9.8,9.65,9.73,0.0
2025-04-24 09:00:00-04:00,9.75,9.8,9.73,9.78,0.0
2025-04-24 09:30:00-04:00,9.869999885559082,10.0600004196167,9.8149995803833,10.0,16859964.0
2025-04-24 10:30:00-04:00,9.995200157165527,10.020000457763672,9.970000267028809,9.994999885559082,12382914.0
2025-04-24 11:30:00-04:00,9.994999885559082,10.069999694824219,9.989999771118164,10.050000190734863,13212689.0
2025-04-24 12:30:00-04:00,10.055000305175781,10.069999694824219,10.0,10.024999618530273,8550503.0
2025-04-24 13:30:00-04:00,10.024999618530273,10.069999694824219,10.010000228881836,10.024999618530273,8642975.0
2025-04-24 14:30:00-04:00,10.024999618530273,10.0600004196167,10.0,10.015000343322754,8932848.0
2025-04-24 15:30:00-04:00,10.015000343322754,10.09000015258789,10.015000343322754,10.0649995803833,15297230.0
2025-04-24 16:00:00-04:00,10.07,10.08,10.04,10.0401,0.0
2025-04-24 17:00:00-04:00,10.04,10.06,10.04,10.05,0.0
2025-04-24 18:00:00-04:00,10.05,10.07,8.49,10.06,0.0
2025-04-24 19:00:00-04:00,10.065,10.07,10.05,10.0697,0.0
2025-04-25 04:00:00-04:00,10.0,10.1,10.0,10.04,0.0
2025-04-25 05:00:00-04:00,10.03,10.05,10.03,10.03,0.0
2025-04-25 06:00:00-04:00,10.03,10.05,10.03,10.04,0.0
2025-04-25 07:00:00-04:00,10.04,10.05,10.02,10.03,0.0
2025-04-25 08:00:00-04:00,10.03,10.07,10.02,10.04,0.0
2025-04-25 09:00:00-04:00,10.04,10.04,10.03,10.03,0.0
2025-04-25 09:30:00-04:00,10.045000076293945,10.100000381469727,10.020000457763672,10.05519962310791,15715727.0
2025-04-25 10:30:00-04:00,10.059700012207031,10.100000381469727,10.039999961853027,10.074999809265137,13354283.0
2025-04-25 11:30:00-04:00,10.075499534606934,10.079999923706055,10.029999732971191,10.05519962310791,9945609.0
2025-04-25 12:30:00-04:00,10.055000305175781,10.069999694824219,10.010000228881836,10.039999961853027,8079073.0
2025-04-25 13:30:00-04:00,10.045000076293945,10.0600004196167,9.970000267028809,9.994999885559082,17096111.0
2025-04-25 14:30:00-04:00,10.0,10.050000190734863,9.989999771118164,10.025099754333496,9504550.0
2025-04-25 15:30:00-04:00,10.029899597167969,10.039999961853027,9.989999771118164,10.029999732971191,11243977.0
2025-04-25 16:00:00-04:00,10.03,10.04,10.01,10.03,0.0
2025-04-25 17:00:00-04:00,10.04,10.04,10.02,10.04,0.0
2025-04-25 18:00:00-04:00,10.04,10.04,10.02,10.04,0.0
2025-04-25 19:00:00-04:00,10.04,10.04,10.03,10.04,0.0
2025-04-28 04:00:00-04:00,10.08,10.08,10.0,10.03,0.0
2025-04-28 05:00:00-04:00,10.03,10.04,10.03,10.03,0.0
2025-04-28 06:00:00-04:00,10.04,10.04,10.03,10.04,0.0
2025-04-28 07:00:00-04:00,10.04,10.04,10.02,10.03,0.0
2025-04-28 08:00:00-04:00,10.03,10.0788,9.97,10.04,0.0
2025-04-28 09:00:00-04:00,10.03,10.05,10.03,10.05,0.0
2025-04-28 09:30:00-04:00,10.0600004196167,10.180000305175781,10.050000190734863,10.125,14229840.0
2025-04-28 10:30:00-04:00,10.125,10.140000343322754,9.989999771118164,10.0,16697871.0
2025-04-28 11:30:00-04:00,10.0,10.050000190734863,10.0,10.010000228881836,12596971.0
2025-04-28 12:30:00-04:00,10.015000343322754,10.050000190734863,9.989999771118164,9.994999885559082,7610133.0
2025-04-28 13:30:00-04:00,9.994999885559082,10.029999732971191,9.970100402832031,10.023900032043457,6316075.0
2025-04-28 14:30:00-04:00,10.024999618530273,10.050000190734863,10.010000228881836,10.024999618530273,6652821.0
2025-04-28 15:30:00-04:00,10.024999618530273,10.050000190734863,10.0,10.015000343322754,9586989.0
2025-04-28 16:00:00-04:00,10.01,10.03,10.0,10.015,0.0
2025-04-28 17:00:00-04:00,10.02,10.02,10.01,10.0199,0.0
2025-04-28 18:00:00-04:00,10.02,10.02,10.01,10.01,0.0
2025-04-28 19:00:00-04:00,10.01,10.06,10.0,10.025,0.0
2025-04-29 04:00:00-04:00,10.04,10.15,10.04,10.13,0.0
2025-04-29 05:00:00-04:00,10.13,10.14,10.11,10.13,0.0
2025-04-29 06:00:00-04:00,10.12,10.13,10.11,10.11,0.0
2025-04-29 07:00:00-04:00,10.12,10.12,9.9,10.04,0.0
2025-04-29 08:00:00-04:00,10.04,10.1688,9.9288,10.04,0.0
2025-04-29 09:00:00-04:00,10.05,10.05,9.96,9.975,0.0
2025-04-29 09:30:00-04:00,10.069999694824219,10.125,9.925000190734863,10.029899597167969,27154284.0
2025-04-29 10:30:00-04:00,10.029999732971191,10.100000381469727,10.010000228881836,10.05150032043457,22041117.0
2025-04-29 11:30:00-04:00,10.051400184631348,10.170000076293945,10.020000457763672,10.110099792480469,24918899.0
2025-04-29 12:30:00-04:00,10.110099792480469,10.130000114440918,10.010000228881836,10.095000267028809,17227599.0
2025-04-29 13:30:00-04:00,10.100000381469727,10.15999984741211,10.09000015258789,10.130000114440918,16966640.0
2025-04-29 14:30:00-04:00,10.125,10.154999732971191,10.100000381469727,10.145000457763672,14169595.0
2025-04-29 15:30:00-04:00,10.145000457763672,10.1899995803833,10.140000343322754,10.15999984741211,15472305.0
2025-04-29 16:00:00-04:00,10.155,10.17,10.14,10.16,0.0
2025-04-29 17:00:00-04:00,10.16,10.21,10.15,10.16,0.0
2025-04-29 18:00:00-04:00,10.1603,10.19,10.13,10.13,0.0
2025-04-29 19:00:00-04:00,10.1302,10.17,10.12,10.1493,0.0
2025-04-30 04:00:00-04:00,10.14,10.19,10.14,10.14,0.0
2025-04-30 05:00:00-04:00,10.13,10.15,10.13,10.15,0.0
2025-04-30 06:00:00-04:00,10.15,10.29,10.14,10.26,0.0
2025-04-30 07:00:00-04:00,10.26,10.27,10.2,10.22,0.0
2025-04-30 08:00:00-04:00,10.22,10.2802,10.1312,10.17,0.0
2025-04-30 09:00:00-04:00,10.15,10.15,10.04,10.05,0.0
2025-04-30 09:30:00-04:00,10.119999885559082,10.130000114440918,9.880000114440918,9.984999656677246,28122020.0
2025-04-30 10:30:00-04:00,9.984999656677246,10.010000228881836,9.90999984741211,9.9350004196167,20461273.0
2025-04-30 11:30:00-04:00,9.930000305175781,9.960000038146973,9.899999618530273,9.904999732971191,14437338.0
2025-04-30 12:30:00-04:00,9.904999732971191,9.930000305175781,9.859999656677246,9.924799919128418,10363882.0
2025-04-30 13:30:00-04:00,9.925000190734863,9.960000038146973,9.899999618530273,9.929900169372559,14435169.0
2025-04-30 14:30:00-04:00,9.925000190734863,9.949999809265137,9.899999618530273,9.920000076293945,15384084.0
2025-04-30 15:30:00-04:00,9.920000076293945,10.039999961853027,9.90999984741211,9.994999885559082,19341220.0
2025-04-30 16:00:00-04:00,10.01,10.04,9.98,10.0097,0.0
2025-04-30 17:00:00-04:00,10.0001,10.01,10.0,10.01,0.0
2025-04-30 18:00:00-04:00,10.0,10.01,10.0,10.0,0.0
2025-04-30 19:00:00-04:00,10.01,10.01,10.0,10.0,0.0
2025-05-01 04:00:00-04:00,10.04,10.08,10.01,10.05,0.0
2025-05-01 05:00:00-04:00,10.05,10.05,10.04,10.05,0.0
2025-05-01 06:00:00-04:00,10.04,10.06,10.04,10.04,0.0
2025-05-01 07:00:00-04:00,10.05,10.08,10.04,10.06,0.0
2025-05-01 08:00:00-04:00,10.06,10.11,10.0,10.0903,0.0
2025-05-01 09:00:00-04:00,10.09,10.1,9.91,10.07,0.0
2025-05-01 09:30:00-04:00,10.140000343322754,10.25,10.020000457763672,10.234999656677246,25500610.0
2025-05-01 10:30:00-04:00,10.239999771118164,10.319999694824219,10.1899995803833,10.274700164794922,20790466.0
2025-05-01 11:30:00-04:00,10.279000282287598,10.289999961853027,10.1899995803833,10.192000389099121,23758175.0
2025-05-01 12:30:00-04:00,10.194999694824219,10.229999542236328,10.170000076293945,10.219200134277344,12956641.0
2025-05-01 13:30:00-04:00,10.21969985961914,10.25,10.210000038146973,10.229700088500977,7831192.0
2025-05-01 14:30:00-04:00,10.2298002243042,10.260000228881836,10.220100402832031,10.245499610900879,13024174.0
2025-05-01 15:30:00-04:00,10.244999885559082,10.265000343322754,10.180000305175781,10.1899995803833,18273659.0
2025-05-01 16:00:00-04:00,10.19,10.2,10.16,10.17,0.0
2025-05-01 17:00:00-04:00,10.18,10.19,10.17,10.18,0.0
2025-05-01 18:00:00-04:00,10.1703,10.18,10.17,10.18,0.0
2025-05-01 19:00:00-04:00,10.1701,10.19,10.17,10.19,0.0
2025-05-02 04:00:00-04:00,10.27,10.31,10.2,10.28,0.0
2025-05-02 05:00:00-04:00,10.28,10.28,10.24,10.25,0.0
2025-05-02 06:00:00-04:00,10.25,10.25,10.23,10.23,0.0
2025-05-02 07:00:00-04:00,10.23,10.24,10.23,10.24,0.0
2025-05-02 08:00:00-04:00,10.23,10.31,10.21,10.24,0.0
2025-05-02 09:00:00-04:00,10.2399,10.37,10.18,10.325,0.0
2025-05-02 09:30:00-04:00,10.300000190734863,10.390000343322754,10.21500015258789,10.3149995803833,17485039.0
2025-05-02 10:30:00-04:00,10.319899559020996,10.34000015258789,10.270000457763672,10.279899597167969,11733148.0
2025-05-02 11:30:00-04:00,10.274700164794922,10.350000381469727,10.270000457763672,10.3149995803833,12714247.0
2025-05-02 12:30:00-04:00,10.3149995803833,10.350000381469727,10.300000190734863,10.3100004196167,9212734.0
2025-05-02 13:30:00-04:00,10.3100004196167,10.350000381469727,10.300000190734863,10.324999809265137,9220101.0
2025-05-02 14:30:00-04:00,10.329999923706055,10.350000381469727,10.279999732971191,10.287500381469727,6902129.0
2025-05-02 15:30:00-04:00,10.28499984741211,10.300000190734863,10.25,10.274999618530273,10864386.0
2025-05-02 16:00:00-04:00,10.27,10.31,10.27,10.3,0.0
2025-05-02 17:00:00-04:00,10.2999,10.3,10.27,10.28,0.0
2025-05-02 18:00:00-04:00,10.2798,10.28,10.27,10.27,0.0
2025-05-02 19:00:00-04:00,10.275,10.28,10.27,10.28,0.0
2025-05-05 04:00:00-04:00,10.34,10.34,10.25,10.25,0.0
2025-05-05 05:00:00-04:00,10.25,10.26,10.24,10.25,0.0
2025-05-05 06:00:00-04:00,10.26,10.26,10.25,10.25,0.0
2025-05-05 07:00:00-04:00,10.26,10.26,10.25,10.26,0.0
2025-05-05 08:00:00-04:00,10.26,10.29,10.24,10.2499,0.0
2025-05-05 09:00:00-04:00,10.25,10.25,9.3935,10.23,0.0
2025-05-05 09:30:00-04:00,10.229999542236328,10.239999771118164,10.095000267028809,10.164999961853027,17522106.0
2025-05-05 10:30:00-04:00,10.166000366210938,10.210000038146973,10.149999618530273,10.170000076293945,12671343.0
2025-05-05 11:30:00-04:00,10.175000190734863,10.199999809265137,10.140000343322754,10.179900169372559,10267467.0
2025-05-05 12:30:00-04:00,10.174500465393066,10.199999809265137,10.130000114440918,10.130000114440918,7896159.0
2025-05-05 13:30:00-04:00,10.135000228881836,10.180000305175781,10.119999885559082,10.164999961853027,11182697.0
2025-05-05 14:30:00-04:00,10.160099983215332,10.170000076293945,10.109999656677246,10.129799842834473,11059231.0
2025-05-05 15:30:00-04:00,10.125,10.199999809265137,10.100000381469727,10.199999809265137,23994703.0
2025-05-05 16:00:00-04:00,10.2,10.21,9.84,9.9,0.0
2025-05-05 17:00:00-04:00,9.9,9.94,9.87,9.9298,0.0
2025-05-05 18:00:00-04:00,9.92,9.95,9.9,9.93,0.0
2025-05-05 19:00:00-04:00,9.94,10.17,9.92,9.92,0.0
2025-05-06 04:00:00-04:00,9.94,9.99,9.92,9.93,0.0
2025-05-06 05:00:00-04:00,9.92,9.93,9.9,9.91,0.0
2025-05-06 06:00:00-04:00,9.91,9.96,9.9,9.94,0.0
2025-05-06 07:00:00-04:00,9.95,9.99,9.92,9.93,0.0
2025-05-06 08:00:00-04:00,9.93,9.9882,9.91,9.95,0.0
2025-05-06 09:00:00-04:00,9.94,10.17,9.915,9.9188,0.0
2025-05-06 09:30:00-04:00,10.09000015258789,10.600000381469727,10.055000305175781,10.59000015258789,44476633.0
2025-05-06 10:30:00-04:00,10.595000267028809,10.619999885559082,10.5,10.555000305175781,22931117.0
2025-05-06 11:30:00-04:00,10.555000305175781,10.59000015258789,10.4399995803833,10.470000267028809,14690199.0
2025-05-06 12:30:00-04:00,10.46500015258789,10.5,10.40999984741211,10.4350004196167,10600236.0
2025-05-06 13:30:00-04:00,10.4350004196167,10.479999542236328,10.414999961853027,10.460100173950195,10452947.0
2025-05-06 14:30:00-04:00,10.46500015258789,10.479999542236328,10.425000190734863,10.4399995803833,7527211.0
2025-05-06 15:30:00-04:00,10.444999694824219,10.460000038146973,10.40999984741211,10.444999694824219,10720642.0
2025-05-06 16:00:00-04:00,10.45,10.46,10.41,10.4199,0.0
2025-05-06 17:00:00-04:00,10.41,10.44,10.4,10.41,0.0
2025-05-06 18:00:00-04:00,10.42,10.48,10.41,10.45,0.0
2025-05-06 19:00:00-04:00,10.4502,10.47,10.44,10.455,0.0
2025-05-07 04:00:00-04:00,10.41,10.46,10.4,10.45,0.0
2025-05-07 05:00:00-04:00,10.46,10.47,10.45,10.46,0.0
2025-05-07 06:00:00-04:00,10.47,10.47,10.46,10.47,0.0
2025-05-07 07:00:00-04:00,10.47,10.51,10.4,10.48,0.0
2025-05-07 08:00:00-04:00,10.48,10.51,10.41,10.4698,0.0
2025-05-07 09:00:00-04:00,10.47,10.48,10.42,10.42,0.0
2025-05-07 09:30:00-04:00,10.460000038146973,10.505000114440918,10.300000190734863,10.322199821472168,15922477.0
2025-05-07 10:30:00-04:00,10.324999809265137,10.329999923706055,10.260000228881836,10.289999961853027,14127629.0
2025-05-07 11:30:00-04:00,10.28499984741211,10.329999923706055,10.25,10.254599571228027,9245304.0
2025-05-07 12:30:00-04:00,10.255000114440918,10.3100004196167,10.25,10.265399932861328,9446606.0
2025-05-07 13:30:00-04:00,10.262200355529785,10.270000457763672,10.119999885559082,10.154999732971191,20487086.0
2025-05-07 14:30:00-04:00,10.154999732971191,10.270000457763672,10.149999618530273,10.199999809265137,24741066.0
2025-05-07 15:30:00-04:00,10.20009994506836,10.309900283813477,10.1899995803833,10.255000114440918,16840918.0
2025-05-07 16:00:00-04:00,10.25,10.29,9.45,10.27,0.0
2025-05-07 17:00:00-04:00,10.265,10.28,10.26,10.27,0.0
2025-05-07 18:00:00-04:00,10.27,10.28,10.26,10.28,0.0
2025-05-07 19:00:00-04:00,10.27,10.28,10.26,10.27,0.0
2025-05-08 04:00:00-04:00,10.3,10.32,10.28,10.32,0.0
2025-05-08 05:00:00-04:00,10.32,10.33,10.29,10.33,0.0
2025-05-08 06:00:00-04:00,10.33,10.35,10.32,10.35,0.0
2025-05-08 07:00:00-04:00,10.34,10.38,10.32,10.34,0.0
2025-05-08 08:00:00-04:00,10.34,10.39,10.29,10.3697,0.0
2025-05-08 09:00:00-04:00,10.36,10.37,10.32,10.3397,0.0
2025-05-08 09:30:00-04:00,10.34000015258789,10.46399974822998,10.265000343322754,10.324999809265137,15942284.0
2025-05-08 10:30:00-04:00,10.329999923706055,10.399999618530273,10.270000457763672,10.358799934387207,23200713.0
2025-05-08 11:30:00-04:00,10.350099563598633,10.40999984741211,10.319999694824219,10.364999771118164,19984001.0
2025-05-08 12:30:00-04:00,10.364999771118164,10.399999618530273,10.319999694824219,10.324999809265137,10168286.0
2025-05-08 13:30:00-04:00,10.324899673461914,10.34000015258789,10.300000190734863,10.324999809265137,10526515.0
2025-05-08 14:30:00-04:00,10.324999809265137,10.359999656677246,10.300000190734863,10.340100288391113,12890635.0
2025-05-08 15:30:00-04:00,10.350000381469727,10.350000381469727,10.260000228881836,10.270000457763672,8395801.0
2025-05-08 16:00:00-04:00,10.27,10.31,10.26,10.305,0.0
2025-05-08 17:00:00-04:00,10.31,11.0913,10.28,10.2902,0.0
2025-05-08 18:00:00-04:00,10.3,10.3,10.29,10.2997,0.0
2025-05-08 19:00:00-04:00,10.2997,10.31,10.29,10.31,0.0
2025-05-09 04:00:00-04:00,10.31,10.33,10.31,10.32,0.0
2025-05-09 05:00:00-04:00,10.31,10.34,10.31,10.33,0.0
2025-05-09 06:00:00-04:00,10.33,10.37,10.32,10.36,0.0
2025-05-09 07:00:00-04:00,10.36,10.36,10.23,10.3,0.0
2025-05-09 08:00:00-04:00,10.3,10.36,10.23,10.32,0.0
2025-05-09 09:00:00-04:00,10.32,10.34,10.31,10.33,0.0
2025-05-09 09:30:00-04:00,10.354999542236328,10.489999771118164,10.350000381469727,10.434800148010254,15854852.0
2025-05-09 10:30:00-04:00,10.4350004196167,10.470000267028809,10.420000076293945,10.4350004196167,12385506.0
2025-05-09 11:30:00-04:00,10.4350004196167,10.4399995803833,10.380000114440918,10.395000457763672,11249162.0
2025-05-09 12:30:00-04:00,10.395000457763672,10.430000305175781,10.369999885559082,10.415399551391602,11410556.0
2025-05-09 13:30:00-04:00,10.414999961853027,10.449999809265137,10.399999618530273,10.4350004196167,5961146.0
2025-05-09 14:30:00-04:00,10.4350004196167,10.449999809265137,10.399999618530273,10.415800094604492,6686426.0
2025-05-09 15:30:00-04:00,10.414999961853027,10.449999809265137,10.399999618530273,10.425000190734863,8249318.0
2025-05-09 16:00:00-04:00,10.42,10.44,10.42,10.43,0.0
2025-05-09 17:00:00-04:00,10.44,10.44,10.43,10.43,0.0
2025-05-09 18:00:00-04:00,10.43,10.44,10.43,10.44,0.0
2025-05-09 19:00:00-04:00,10.435,10.45,10.42,10.45,0.0
2025-05-12 04:00:00-04:00,10.46,10.59,10.46,10.52,0.0
2025-05-12 05:00:00-04:00,10.53,10.58,10.5,10.58,0.0
2025-05-12 06:00:00-04:00,10.58,10.59,10.4,10.5,0.0
2025-05-12 07:00:00-04:00,10.5,10.78,10.46,10.61,0.0
2025-05-12 08:00:00-04:00,10.61,10.7701,10.28,10.6299,0.0
2025-05-12 09:00:00-04:00,10.63,10.63,10.56,10.585,0.0
2025-05-12 09:30:00-04:00,10.5600004196167,10.729999542236328,10.479999542236328,10.500300407409668,26605255.0
2025-05-12 10:30:00-04:00,10.510000228881836,10.59000015258789,10.479999542236328,10.53499984741211,18780210.0
2025-05-12 11:30:00-04:00,10.53499984741211,10.545000076293945,10.479999542236328,10.524999618530273,11261771.0
2025-05-12 12:30:00-04:00,10.524999618530273,10.59000015258789,10.520000457763672,10.558799743652344,8886051.0
2025-05-12 13:30:00-04:00,10.555000305175781,10.579999923706055,10.520000457763672,10.531499862670898,7136374.0
2025-05-12 14:30:00-04:00,10.53499984741211,10.5600004196167,10.510000228881836,10.512499809265137,11550302.0
2025-05-12 15:30:00-04:00,10.515000343322754,10.550000190734863,10.5,10.547499656677246,11774116.0
2025-05-12 16:00:00-04:00,10.55,10.55,10.52,10.535,0.0
2025-05-12 17:00:00-04:00,10.53,10.54,10.53,10.54,0.0
2025-05-12 18:00:00-04:00,10.53,10.54,10.52,10.53,0.0
2025-05-12 19:00:00-04:00,10.53,10.54,10.52,10.53,0.0
2025-05-13 04:00:00-04:00,10.51,10.54,10.5,10.54,0.0
2025-05-13 05:00:00-04:00,10.53,10.54,10.53,10.53,0.0
2025-05-13 06:00:00-04:00,10.53,10.54,10.53,10.54,0.0
2025-05-13 07:00:00-04:00,10.54,10.57,10.53,10.56,0.0
2025-05-13 08:00:00-04:00,10.56,10.56,10.48,10.5597,0.0
2025-05-13 09:00:00-04:00,10.56,10.62,10.56,10.585,0.0
2025-05-13 09:30:00-04:00,10.595000267028809,10.609999656677246,10.420000076293945,10.520000457763672,18109862.0
2025-05-13 10:30:00-04:00,10.516599655151367,10.579999923706055,10.503499984741211,10.5649995803833,14392555.0
2025-05-13 11:30:00-04:00,10.569999694824219,10.59000015258789,10.529999732971191,10.555000305175781,9934299.0
2025-05-13 12:30:00-04:00,10.555000305175781,10.600000381469727,10.539999961853027,10.585000038146973,7882150.0
2025-05-13 13:30:00-04:00,10.585000038146973,10.619999885559082,10.569999694824219,10.604999542236328,8673871.0
2025-05-13 14:30:00-04:00,10.604999542236328,10.630000114440918,10.579999923706055,10.604999542236328,7904130.0
2025-05-13 15:30:00-04:00,10.609999656677246,10.619999885559082,10.569999694824219,10.59000015258789,10663212.0
2025-05-13 16:00:00-04:00,10.59,10.62,10.57,10.57,0.0
2025-05-13 17:00:00-04:00,10.58,10.58,10.57,10.57,0.0
2025-05-13 18:00:00-04:00,10.58,10.6,10.57,10.5801,0.0
2025-05-13 19:00:00-04:00,10.59,10.6,10.58,10.6,0.0
2025-05-14 04:00:00-04:00,10.57,10.59,10.55,10.57,0.0
2025-05-14 05:00:00-04:00,10.56,10.57,10.56,10.56,0.0
2025-05-14 06:00:00-04:00,10.56,10.57,10.56,10.56,0.0
2025-05-14 07:00:00-04:00,10.56,10.59,10.56,10.59,0.0
2025-05-14 08:00:00-04:00,10.58,10.6,10.56,10.57,0.0
2025-05-14 09:00:00-04:00,10.5602,10.58,10.55,10.56,0.0
2025-05-14 09:30:00-04:00,10.569999694824219,10.649999618530273,10.479999542236328,10.640000343322754,15404760.0
2025-05-14 10:30:00-04:00,10.640000343322754,10.680000305175781,10.609999656677246,10.645000457763672,16828190.0
2025-05-14 11:30:00-04:00,10.649999618530273,10.6899995803833,10.640000343322754,10.65999984741211,9504783.0
2025-05-14 12:30:00-04:00,10.654600143432617,10.670000076293945,10.630000114440918,10.654999732971191,7902995.0
2025-05-14 13:30:00-04:00,10.654999732971191,10.680000305175781,10.640000343322754,10.663900375366211,8034345.0
2025-05-14 14:30:00-04:00,10.664999961853027,10.699999809265137,10.640000343322754,10.640000343322754,9492260.0
2025-05-14 15:30:00-04:00,10.640999794006348,10.680000305175781,10.640000343322754,10.640000343322754,10375194.0
2025-05-14 16:00:00-04:00,10.64,10.67,10.62,10.63,0.0
2025-05-14 17:00:00-04:00,10.65,10.66,10.63,10.65,0.0
2025-05-14 18:00:00-04:00,10.65,10.65,10.63,10.64,0.0
2025-05-14 19:00:00-04:00,10.6316,10.65,10.6,10.6108,0.0
2025-05-15 04:00:00-04:00,10.63,10.64,10.6,10.61,0.0
2025-05-15 05:00:00-04:00,10.61,10.61,10.59,10.6,0.0
2025-05-15 06:00:00-04:00,10.6,10.6,10.59,10.6,0.0
2025-05-15 07:00:00-04:00,10.59,10.62,10.59,10.6,0.0
2025-05-15 08:00:00-04:00,10.6,10.64,10.59,10.6,0.0
2025-05-15 09:00:00-04:00,10.61,10.62,10.59,10.6003,0.0
2025-05-15 09:30:00-04:00,10.59000015258789,10.699999809265137,10.550000190734863,10.680000305175781,13714060.0
2025-05-15 10:30:00-04:00,10.680000305175781,10.739999771118164,10.65999984741211,10.734999656677246,12503158.0
2025-05-15 11:30:00-04:00,10.734999656677246,10.75,10.710000038146973,10.729999542236328,8374398.0
2025-05-15 12:30:00-04:00,10.734999656677246,10.770000457763672,10.699999809265137,10.70989990234375,5735100.0
2025-05-15 13:30:00-04:00,10.704999923706055,10.75,10.6899995803833,10.744999885559082,7848397.0
2025-05-15 14:30:00-04:00,10.744999885559082,10.779999732971191,10.739999771118164,10.765000343322754,8295003.0
2025-05-15 15:30:00-04:00,10.770000457763672,10.779999732971191,10.729999542236328,10.74370002746582,9172867.0
2025-05-15 16:00:00-04:00,10.75,10.77,10.73,10.7301,0.0
2025-05-15 17:00:00-04:00,10.7309,10.75,10.73,10.75,0.0
2025-05-15 18:00:00-04:00,10.75,10.75,10.74,10.745,0.0
2025-05-15 19:00:00-04:00,10.74,10.76,10.74,10.76,0.0
2025-05-16 04:00:00-04:00,10.77,10.77,10.74,10.75,0.0
2025-05-16 05:00:00-04:00,10.76,10.76,10.75,10.76,0.0
2025-05-16 06:00:00-04:00,10.76,10.78,10.75,10.77,0.0
2025-05-16 07:00:00-04:00,10.77,10.78,10.76,10.78,0.0
2025-05-16 08:00:00-04:00,10.78,10.78,10.75,10.78,0.0
2025-05-16 09:00:00-04:00,10.77,10.78,10.75,10.76,0.0
2025-05-16 09:30:00-04:00,10.770000457763672,10.770000457763672,10.640000343322754,10.734999656677246,13982015.0
2025-05-16 10:30:00-04:00,10.734999656677246,10.770000457763672,10.710000038146973,10.71500015258789,6863795.0
2025-05-16 11:30:00-04:00,10.710000038146973,10.770000457763672,10.710000038146973,10.760000228881836,7551178.0
2025-05-16 12:30:00-04:00,10.755000114440918,10.789999961853027,10.75,10.77869987487793,4143899.0
2025-05-16 13:30:00-04:00,10.774999618530273,10.800000190734863,10.770000457763672,10.78499984741211,5058272.0
2025-05-16 14:30:00-04:00,10.789999961853027,10.8100004196167,10.760000228881836,10.770000457763672,8803271.0
2025-05-16 15:30:00-04:00,10.765399932861328,10.800000190734863,10.760000228881836,10.800000190734863,11236830.0
2025-05-16 16:00:00-04:00,10.8,10.8,10.77,10.775,0.0
2025-05-16 17:00:00-04:00,10.775,10.8,10.7502,10.7502,0.0
2025-05-16 18:00:00-04:00,10.75,10.77,10.71,10.73,0.0
2025-05-16 19:00:00-04:00,10.7203,10.73,10.68,10.69,0.0
2025-05-19 04:00:00-04:00,10.69,10.7,10.6,10.65,0.0
2025-05-19 05:00:00-04:00,10.65,10.66,10.64,10.65,0.0
2025-05-19 06:00:00-04:00,10.65,10.66,10.64,10.65,0.0
2025-05-19 07:00:00-04:00,10.65,10.72,10.64,10.68,0.0
2025-05-19 08:00:00-04:00,10.68,10.774,10.64,10.69,0.0
2025-05-19 09:00:00-04:00,10.69,10.8,9.9,10.6701,0.0
2025-05-19 09:30:00-04:00,10.6899995803833,10.710000038146973,10.630000114440918,10.700799942016602,12926952.0
2025-05-19 10:30:00-04:00,10.710000038146973,10.75,10.704999923706055,10.734999656677246,7920875.0
2025-05-19 11:30:00-04:00,10.729999542236328,10.770000457763672,10.729999542236328,10.739999771118164,6728215.0
2025-05-19 12:30:00-04:00,10.739999771118164,10.779999732971191,10.739999771118164,10.774999618530273,5070078.0
2025-05-19 13:30:00-04:00,10.774999618530273,10.78499984741211,10.720000267028809,10.744999885559082,5806502.0
2025-05-19 14:30:00-04:00,10.744999885559082,10.770000457763672,10.720000267028809,10.728599548339844,7572626.0
2025-05-19 15:30:00-04:00,10.729900360107422,10.770000457763672,10.720000267028809,10.73840045928955,8600557.0
2025-05-19 16:00:00-04:00,10.735,10.75,10.58,10.735,0.0
2025-05-19 17:00:00-04:00,10.735,10.75,10.59,10.73,0.0
2025-05-19 18:00:00-04:00,10.74,10.75,10.72,10.73,0.0
2025-05-19 19:00:00-04:00,10.73,10.75,10.73,10.75,0.0
2025-05-20 04:00:00-04:00,10.73,10.75,10.7,10.72,0.0
2025-05-20 05:00:00-04:00,10.72,10.73,10.72,10.73,0.0
2025-05-20 06:00:00-04:00,10.73,10.73,10.72,10.72,0.0
2025-05-20 07:00:00-04:00,10.73,10.75,10.72,10.74,0.0
2025-05-20 08:00:00-04:00,10.74,10.75,10.59,10.73,0.0
2025-05-20 09:00:00-04:00,10.7301,10.75,10.73,10.74,0.0
2025-05-20 09:30:00-04:00,10.789999961853027,10.84000015258789,10.739999771118164,10.8149995803833,9720670.0
2025-05-20 10:30:00-04:00,10.8149995803833,10.829999923706055,10.779999732971191,10.78499984741211,7055511.0
2025-05-20 11:30:00-04:00,10.78499984741211,10.789999961853027,10.720000267028809,10.746000289916992,6923199.0
2025-05-20 12:30:00-04:00,10.744999885559082,10.789999961853027,10.739999771118164,10.779999732971191,6511297.0
2025-05-20 13:30:00-04:00,10.77810001373291,10.779999732971191,10.710000038146973,10.710000038146973,5866271.0
2025-05-20 14:30:00-04:00,10.710000038146973,10.720000267028809,10.65999984741211,10.694999694824219,10021128.0
2025-05-20 15:30:00-04:00,10.694999694824219,10.720000267028809,10.680000305175781,10.710000038146973,11169570.0
2025-05-20 16:00:00-04:00,10.72,10.759773,10.69,10.71,0.0
2025-05-20 17:00:00-04:00,10.71,10.72,10.7,10.71,0.0
2025-05-20 18:00:00-04:00,10.72,10.72,10.69,10.695,0.0
2025-05-20 19:00:00-04:00,10.69,10.71,10.69,10.7,0.0
2025-05-21 04:00:00-04:00,10.69,10.72,10.69,10.7,0.0
2025-05-21 05:00:00-04:00,10.69,10.69,10.68,10.69,0.0
2025-05-21 06:00:00-04:00,10.68,10.69,10.68,10.69,0.0
2025-05-21 07:00:00-04:00,10.68,10.69,10.67,10.68,0.0
2025-05-21 08:00:00-04:00,10.68,10.72,10.66,10.6697,0.0
2025-05-21 09:00:00-04:00,10.66,10.67,10.65,10.6503,0.0
2025-05-21 09:30:00-04:00,10.65999984741211,10.6899995803833,10.569999694824219,10.578200340270996,10826955.0
2025-05-21 10:30:00-04:00,10.570099830627441,10.649999618530273,10.550000190734863,10.635600090026855,13728552.0
2025-05-21 11:30:00-04:00,10.635000228881836,10.649999618530273,10.609999656677246,10.642000198364258,5559374.0
2025-05-21 12:30:00-04:00,10.645000457763672,10.670000076293945,10.510000228881836,10.525400161743164,11147101.0
2025-05-21 13:30:00-04:00,10.520000457763672,10.59000015258789,10.479999542236328,10.503899574279785,17292976.0
2025-05-21 14:30:00-04:00,10.505000114440918,10.539999961853027,10.449999809265137,10.475000381469727,14200148.0
2025-05-21 15:30:00-04:00,10.475000381469727,10.520000457763672,10.470000267028809,10.475000381469727,11560214.0
2025-05-21 16:00:00-04:00,10.48,10.53,10.4626,10.49,0.0
2025-05-21 17:00:00-04:00,10.49,10.5,10.47,10.485,0.0
2025-05-21 18:00:00-04:00,10.48,10.5,10.48,10.48,0.0
2025-05-21 19:00:00-04:00,10.5,10.5,10.48,10.4899,0.0
2025-05-22 04:00:00-04:00,10.51,10.51,10.48,10.49,0.0
2025-05-22 05:00:00-04:00,10.49,10.49,10.48,10.49,0.0
2025-05-22 06:00:00-04:00,10.49,10.49,10.48,10.49,0.0
2025-05-22 07:00:00-04:00,10.48,10.49,10.48,10.48,0.0
2025-05-22 08:00:00-04:00,10.48,10.5,10.41,10.41,0.0
2025-05-22 09:00:00-04:00,10.4198,10.46,10.41,10.45,0.0
2025-05-22 09:30:00-04:00,10.479999542236328,10.479999542236328,10.34000015258789,10.364999771118164,20520033.0
2025-05-22 10:30:00-04:00,10.364999771118164,10.449999809265137,10.359999656677246,10.414999961853027,17135400.0
2025-05-22 11:30:00-04:00,10.411399841308594,10.470000267028809,10.40999984741211,10.434599876403809,10159822.0
2025-05-22 12:30:00-04:00,10.430899620056152,10.470000267028809,10.40999984741211,10.454999923706055,10217845.0
2025-05-22 13:30:00-04:00,10.45460033416748,10.5,10.4399995803833,10.475000381469727,11616107.0
2025-05-22 14:30:00-04:00,10.475000381469727,10.5,10.449999809265137,10.5,9417194.0
2025-05-22 15:30:00-04:00,10.494999885559082,10.5,10.420000076293945,10.4399995803833,10239369.0
2025-05-22 16:00:00-04:00,10.44,11.0913,10.4111,10.47,0.0
2025-05-22 17:00:00-04:00,10.4698,10.47,10.46,10.465,0.0
2025-05-22 18:00:00-04:00,10.46,10.48,10.45,10.46,0.0
2025-05-22 19:00:00-04:00,10.48,10.48,10.45,10.465,0.0
2025-05-23 04:00:00-04:00,10.48,10.5,10.45,10.49,0.0
2025-05-23 05:00:00-04:00,10.49,10.49,10.44,10.44,0.0
2025-05-23 06:00:00-04:00,10.45,10.46,10.44,10.46,0.0
2025-05-23 07:00:00-04:00,10.45,10.46,10.41,10.44,0.0
2025-05-23 08:00:00-04:00,10.44,10.4812,10.28,10.32,0.0
2025-05-23 09:00:00-04:00,10.31,10.44,10.26,10.27,0.0
2025-05-23 09:30:00-04:00,10.335000038146973,10.390000343322754,10.289999961853027,10.335000038146973,14433830.0
2025-05-23 10:30:00-04:00,10.34000015258789,10.399999618530273,10.329999923706055,10.353500366210938,16112079.0
2025-05-23 11:30:00-04:00,10.354999542236328,10.390000343322754,10.319999694824219,10.335000038146973,13360414.0
2025-05-23 12:30:00-04:00,10.3302001953125,10.380000114440918,10.3100004196167,10.364999771118164,7969590.0
2025-05-23 13:30:00-04:00,10.364999771118164,10.380000114440918,10.350000381469727,10.354999542236328,8754400.0
2025-05-23 14:30:00-04:00,10.359999656677246,10.399999618530273,10.350000381469727,10.385000228881836,5405520.0
2025-05-23 15:30:00-04:00,10.385000228881836,10.40999984741211,10.350000381469727,10.354999542236328,7655964.0
2025-05-23 16:00:00-04:00,10.355,10.38,10.35,10.37,0.0
2025-05-23 17:00:00-04:00,10.36,10.37,10.35,10.3509,0.0
2025-05-23 18:00:00-04:00,10.35,10.37,10.35,10.365,0.0
2025-05-23 19:00:00-04:00,10.36,10.38,10.36,10.37,0.0
2025-05-27 04:00:00-04:00,10.38,10.51,10.36,10.51,0.0
2025-05-27 05:00:00-04:00,10.5,10.52,10.5,10.5,0.0
2025-05-27 06:00:00-04:00,10.5,10.51,10.49,10.49,0.0
2025-05-27 07:00:00-04:00,10.49,10.53,10.49,10.53,0.0
2025-05-27 08:00:00-04:00,10.53,10.54,10.0,10.52,0.0
2025-05-27 09:00:00-04:00,10.52,10.53,10.36,10.52,0.0
2025-05-27 09:30:00-04:00,10.449999809265137,10.489700317382812,10.270000457763672,10.329899787902832,20453274.0
2025-05-27 10:30:00-04:00,10.329899787902832,10.359999656677246,10.3100004196167,10.319999694824219,15502206.0
2025-05-27 11:30:00-04:00,10.324999809265137,10.350000381469727,10.295000076293945,10.300000190734863,8517159.0
2025-05-27 12:30:00-04:00,10.300000190734863,10.3149995803833,10.210000038146973,10.225000381469727,11948117.0
2025-05-27 13:30:00-04:00,10.225000381469727,10.289999961853027,10.220000267028809,10.274999618530273,6921559.0
2025-05-27 14:30:00-04:00,10.274999618530273,10.3100004196167,10.270000457763672,10.298199653625488,11735379.0
2025-05-27 15:30:00-04:00,10.298999786376953,10.3149995803833,10.289999961853027,10.305000305175781,8495635.0
2025-05-27 16:00:00-04:00,10.31,10.33,10.2897,10.32,0.0
2025-05-27 17:00:00-04:00,10.32,10.32,10.3,10.32,0.0
2025-05-27 18:00:00-04:00,10.32,10.32,10.3,10.3,0.0
2025-05-27 19:00:00-04:00,10.3099,10.32,10.3,10.32,0.0
2025-05-28 04:00:00-04:00,10.35,10.35,10.29,10.3,0.0
2025-05-28 05:00:00-04:00,10.3,10.3,10.28,10.3,0.0
2025-05-28 06:00:00-04:00,10.29,10.3,10.29,10.3,0.0
2025-05-28 07:00:00-04:00,10.3,10.3,10.29,10.3,0.0
2025-05-28 08:00:00-04:00,10.3,10.33,10.2888,10.325,0.0
2025-05-28 09:00:00-04:00,10.32,10.33,10.3,10.3,0.0
2025-05-28 09:30:00-04:00,10.319999694824219,10.335000038146973,10.199999809265137,10.274999618530273,21080371.0
2025-05-28 10:30:00-04:00,10.270000457763672,10.289999961853027,10.170000076293945,10.175000190734863,19346994.0
2025-05-28 11:30:00-04:00,10.170000076293945,10.1899995803833,10.149999618530273,10.1850004196167,15345924.0
2025-05-28 12:30:00-04:00,10.180000305175781,10.25,10.180000305175781,10.220000267028809,8040138.0
2025-05-28 13:30:00-04:00,10.229999542236328,10.25,10.220000267028809,10.234999656677246,7334978.0
2025-05-28 14:30:00-04:00,10.234999656677246,10.239999771118164,10.175000190734863,10.191200256347656,14120749.0
2025-05-28 15:30:00-04:00,10.194999694824219,10.210000038146973,10.170000076293945,10.175000190734863,9435499.0
2025-05-28 16:00:00-04:00,10.17,10.2,10.17,10.2,0.0
2025-05-28 17:00:00-04:00,10.2,10.2,10.18,10.19,0.0
2025-05-28 18:00:00-04:00,10.1999,10.2,10.18,10.19,0.0
2025-05-28 19:00:00-04:00,10.19,10.3,10.18,10.28,0.0
2025-05-29 04:00:00-04:00,10.27,10.31,10.26,10.28,0.0
2025-05-29 05:00:00-04:00,10.29,10.29,10.26,10.27,0.0
2025-05-29 06:00:00-04:00,10.27,10.28,10.24,10.24,0.0
2025-05-29 07:00:00-04:00,10.25,10.27,10.22,10.23,0.0
2025-05-29 08:00:00-04:00,10.23,10.33,10.19,10.24,0.0
2025-05-29 09:00:00-04:00,10.2302,10.25,10.17,10.21,0.0
2025-05-29 09:30:00-04:00,10.210000038146973,10.279999732971191,10.165800094604492,10.21500015258789,17615205.0
2025-05-29 10:30:00-04:00,10.21500015258789,10.239999771118164,10.170000076293945,10.229999542236328,14932421.0
2025-05-29 11:30:00-04:00,10.234999656677246,10.237500190734863,10.109999656677246,10.180100440979004,18678524.0
2025-05-29 12:30:00-04:00,10.180000305175781,10.229999542236328,10.170000076293945,10.204999923706055,11256676.0
2025-05-29 13:30:00-04:00,10.199999809265137,10.220000267028809,10.180000305175781,10.199899673461914,12633835.0
2025-05-29 14:30:00-04:00,10.194999694824219,10.210000038146973,10.180000305175781,10.1899995803833,12315127.0
2025-05-29 15:30:00-04:00,10.188199996948242,10.220000267028809,10.15999984741211,10.220000267028809,9267242.0
2025-05-29 16:00:00-04:00,10.22,10.22,10.19,10.205,0.0
2025-05-29 17:00:00-04:00,10.21,10.21,10.19,10.2,0.0
2025-05-29 18:00:00-04:00,10.2,10.21,10.19,10.1999,0.0
2025-05-29 19:00:00-04:00,10.1998,10.22,10.19,10.2199,0.0
2025-05-30 04:00:00-04:00,10.19,10.21,10.19,10.21,0.0
2025-05-30 05:00:00-04:00,10.21,10.21,10.2,10.21,0.0
2025-05-30 06:00:00-04:00,10.21,10.22,10.19,10.2,0.0
2025-05-30 07:00:00-04:00,10.2,10.21,10.18,10.2,0.0
2025-05-30 08:00:00-04:00,10.21,10.22,10.15,10.16,0.0
2025-05-30 09:00:00-04:00,10.17,10.17,9.47,10.16,0.0
2025-05-30 09:30:00-04:00,10.180000305175781,10.350000381469727,10.119999885559082,10.3100004196167,17772404.0
2025-05-30 10:30:00-04:00,10.3100004196167,10.390000343322754,10.305000305175781,10.385000228881836,24793565.0
2025-05-30 11:30:00-04:00,10.385000228881836,10.40999984741211,10.34000015258789,10.358499526977539,24021788.0
2025-05-30 12:30:00-04:00,10.354999542236328,10.369999885559082,10.300000190734863,10.350000381469727,22617666.0
2025-05-30 13:30:00-04:00,10.345000267028809,10.40999984741211,10.329999923706055,10.397366523742676,13411255.0
2025-05-30 14:30:00-04:00,10.390000343322754,10.449999809265137,10.380000114440918,10.4399995803833,12219134.0
2025-05-30 15:30:00-04:00,10.4399995803833,10.460000038146973,10.359999656677246,10.375,17168854.0
2025-05-30 16:00:00-04:00,10.375,10.42,10.36,10.39,0.0
2025-05-30 17:00:00-04:00,10.39,10.41,10.38,10.39,0.0
2025-05-30 18:00:00-04:00,10.4,10.45,10.35,10.39,0.0
2025-05-30 19:00:00-04:00,10.39,10.4,10.36,10.3798,0.0
2025-06-02 04:00:00-04:00,10.36,10.36,10.3,10.33,0.0
2025-06-02 05:00:00-04:00,10.32,10.35,10.28,10.28,0.0
2025-06-02 06:00:00-04:00,10.28,10.29,10.22,10.26,0.0
2025-06-02 07:00:00-04:00,10.26,10.3,10.24,10.3,0.0
2025-06-02 08:00:00-04:00,10.3,10.38,10.225,10.3299,0.0
2025-06-02 09:00:00-04:00,10.32,10.38,10.32,10.3297,0.0
2025-06-02 09:30:00-04:00,10.270000457763672,10.279999732971191,9.880000114440918,9.914999961853027,38193945.0
2025-06-02 10:30:00-04:00,9.917799949645996,10.020000457763672,9.899999618530273,9.90999984741211,37580524.0
2025-06-02 11:30:00-04:00,9.90999984741211,9.949999809265137,9.895000457763672,9.944999694824219,24786995.0
2025-06-02 12:30:00-04:00,9.941399574279785,9.960000038146973,9.899999618530273,9.90999984741211,14043781.0
2025-06-02 13:30:00-04:00,9.904999732971191,9.949999809265137,9.890000343322754,9.9399995803833,16740648.0
2025-06-02 14:30:00-04:00,9.930000305175781,9.989899635314941,9.920000076293945,9.96500015258789,16202618.0
2025-06-02 15:30:00-04:00,9.96500015258789,9.989999771118164,9.9399995803833,9.970000267028809,13053755.0
2025-06-02 16:00:00-04:00,9.98,10.0,9.97,9.99,0.0
2025-06-02 17:00:00-04:00,9.99,10.0,9.98,9.99,0.0
2025-06-02 18:00:00-04:00,10.0,10.0,9.96,9.99,0.0
2025-06-02 19:00:00-04:00,9.9898,9.99,9.97,9.9798,0.0
2025-06-03 04:00:00-04:00,9.99,9.99,9.94,9.96,0.0
2025-06-03 05:00:00-04:00,9.96,9.97,9.95,9.97,0.0
2025-06-03 06:00:00-04:00,9.97,9.98,9.96,9.98,0.0
2025-06-03 07:00:00-04:00,9.98,9.99,9.95,9.96,0.0
2025-06-03 08:00:00-04:00,9.96,9.99,9.95,9.9799,0.0
2025-06-03 09:00:00-04:00,9.98,9.98,9.97,9.9797,0.0
2025-06-03 09:30:00-04:00,9.970000267028809,10.069999694824219,9.890000343322754,10.0649995803833,21911530.0
2025-06-03 10:30:00-04:00,10.0649995803833,10.15999984741211,10.039999961853027,10.140000343322754,31466346.0
2025-06-03 11:30:00-04:00,10.135000228881836,10.210000038146973,10.130000114440918,10.210000038146973,17805615.0
2025-06-03 12:30:00-04:00,10.203399658203125,10.220000267028809,10.170000076293945,10.175000190734863,12978464.0
2025-06-03 13:30:00-04:00,10.175000190734863,10.220000267028809,10.170000076293945,10.21500015258789,10665866.0
2025-06-03 14:30:00-04:00,10.219900131225586,10.225000381469727,10.170000076293945,10.175000190734863,9801864.0
2025-06-03 15:30:00-04:00,10.172800064086914,10.199999809265137,10.149999618530273,10.180000305175781,11992337.0
2025-06-03 16:00:00-04:00,10.19,10.19,10.16,10.18,0.0
2025-06-03 17:00:00-04:00,10.1701,10.19,10.16,10.17,0.0
2025-06-03 18:00:00-04:00,10.18,10.19,10.1597,10.19,0.0
2025-06-03 19:00:00-04:00,10.19,10.19,10.17,10.19,0.0
2025-06-04 04:00:00-04:00,10.19,10.2,10.15,10.2,0.0
2025-06-04 05:00:00-04:00,10.2,10.21,10.19,10.19,0.0
2025-06-04 06:00:00-04:00,10.2,10.2,10.19,10.2,0.0
2025-06-04 07:00:00-04:00,10.19,10.23,10.19,10.22,0.0
2025-06-04 08:00:00-04:00,10.21,10.22,10.1488,10.19,0.0
2025-06-04 09:00:00-04:00,10.1801,10.19,10.18,10.18,0.0
2025-06-04 09:30:00-04:00,10.1899995803833,10.364999771118164,10.1899995803833,10.3149995803833,28083462.0
2025-06-04 10:30:00-04:00,10.3149995803833,10.329999923706055,10.1899995803833,10.220000267028809,31313153.0
2025-06-04 11:30:00-04:00,10.210000038146973,10.260000228881836,10.180000305175781,10.181699752807617,18961312.0
2025-06-04 12:30:00-04:00,10.180100440979004,10.229999542236328,10.180000305175781,10.21500015258789,9473856.0
2025-06-04 13:30:00-04:00,10.21500015258789,10.25,10.199999809265137,10.199999809265137,9067603.0
2025-06-04 14:30:00-04:00,10.210000038146973,10.260000228881836,10.1899995803833,10.255000114440918,11889212.0
2025-06-04 15:30:00-04:00,10.25,10.270000457763672,10.220000267028809,10.234999656677246,9890314.0
2025-06-04 16:00:00-04:00,10.23,10.25,10.22,10.2399,0.0
2025-06-04 17:00:00-04:00,10.24,10.24,10.23,10.23,0.0
2025-06-04 18:00:00-04:00,10.24,10.25,10.23,10.23,0.0
2025-06-04 19:00:00-04:00,10.2491,10.25,10.23,10.23,0.0
2025-06-05 04:00:00-04:00,10.24,10.26,10.23,10.26,0.0
2025-06-05 05:00:00-04:00,10.27,10.27,10.26,10.26,0.0
2025-06-05 06:00:00-04:00,10.26,10.27,10.24,10.25,0.0
2025-06-05 07:00:00-04:00,10.25,10.25,10.21,10.24,0.0
2025-06-05 08:00:00-04:00,10.24,10.2697,10.2297,10.24,0.0
2025-06-05 09:00:00-04:00,10.24,10.28,10.21,10.25,0.0
2025-06-05 09:30:00-04:00,10.199999809265137,10.225000381469727,10.050000190734863,10.155400276184082,18940160.0
2025-06-05 10:30:00-04:00,10.154999732971191,10.220000267028809,10.109999656677246,10.199999809265137,30104747.0
2025-06-05 11:30:00-04:00,10.199999809265137,10.25,10.180000305175781,10.229999542236328,17547989.0
2025-06-05 12:30:00-04:00,10.220100402832031,10.229999542236328,10.100000381469727,10.11989974975586,20534255.0
2025-06-05 13:30:00-04:00,10.115500450134277,10.130000114440918,10.0600004196167,10.109399795532227,14321474.0
2025-06-05 14:30:00-04:00,10.10990047454834,10.130000114440918,10.029999732971191,10.069999694824219,13593559.0
2025-06-05 15:30:00-04:00,10.079999923706055,10.130000114440918,10.069999694824219,10.09000015258789,13251214.0
2025-06-05 16:00:00-04:00,10.1,10.1,10.07,10.1,0.0
2025-06-05 17:00:00-04:00,10.09,10.1,10.07,10.09,0.0
2025-06-05 18:00:00-04:00,10.07,10.09,10.07,10.0897,0.0
2025-06-05 19:00:00-04:00,10.09,10.1,10.08,10.1,0.0
2025-06-06 04:00:00-04:00,10.1,10.13,10.1,10.13,0.0
2025-06-06 05:00:00-04:00,10.12,10.13,10.12,10.13,0.0
2025-06-06 06:00:00-04:00,10.13,10.13,10.09,10.11,0.0
2025-06-06 07:00:00-04:00,10.11,10.12,10.1,10.11,0.0
2025-06-06 08:00:00-04:00,10.11,10.15,10.09,10.12,0.0
2025-06-06 09:00:00-04:00,10.12,10.16,10.12,10.1501,0.0
2025-06-06 09:30:00-04:00,10.170000076293945,10.229999542236328,10.150099754333496,10.220000267028809,17045903.0
2025-06-06 10:30:00-04:00,10.210100173950195,10.329999923706055,10.1899995803833,10.300000190734863,33698866.0
2025-06-06 11:30:00-04:00,10.29010009765625,10.350000381469727,10.289999961853027,10.305000305175781,15489437.0
2025-06-06 12:30:00-04:00,10.305000305175781,10.329999923706055,10.260000228881836,10.260000228881836,9360023.0
2025-06-06 13:30:00-04:00,10.260100364685059,10.279999732971191,10.239999771118164,10.244999885559082,7832683.0
2025-06-06 14:30:00-04:00,10.244999885559082,10.265000343322754,10.239999771118164,10.244999885559082,6253082.0
2025-06-06 15:30:00-04:00,10.239999771118164,10.260000228881836,10.220000267028809,10.25,11901179.0
2025-06-06 16:00:00-04:00,10.2503,10.26,10.24,10.2599,0.0
2025-06-06 17:00:00-04:00,10.2599,10.26,10.25,10.25,0.0
2025-06-06 18:00:00-04:00,10.25,10.26,10.25,10.25,0.0
2025-06-06 19:00:00-04:00,10.26,10.27,10.25,10.26,0.0
2025-06-09 04:00:00-04:00,10.31,10.31,10.26,10.28,0.0
2025-06-09 05:00:00-04:00,10.28,10.29,10.27,10.29,0.0
2025-06-09 06:00:00-04:00,10.29,10.29,10.27,10.28,0.0
2025-06-09 07:00:00-04:00,10.27,10.28,10.25,10.25,0.0
2025-06-09 08:00:00-04:00,10.25,10.3,10.25,10.2799,0.0
2025-06-09 09:00:00-04:00,10.28,10.28,10.26,10.2799,0.0
2025-06-09 09:30:00-04:00,10.289999961853027,10.449999809265137,10.289999961853027,10.399999618530273,16929393.0
2025-06-09 10:30:00-04:00,10.399999618530273,10.420000076293945,10.350000381469727,10.365400314331055,10783389.0
2025-06-09 11:30:00-04:00,10.369999885559082,10.369999885559082,10.329999923706055,10.345000267028809,7302691.0
2025-06-09 12:30:00-04:00,10.345000267028809,10.380000114440918,10.34000015258789,10.375,5456268.0
2025-06-09 13:30:00-04:00,10.380000114440918,10.380000114440918,10.359999656677246,10.375,4677121.0
2025-06-09 14:30:00-04:00,10.375,10.380000114440918,10.34000015258789,10.354999542236328,6979492.0
2025-06-09 15:30:00-04:00,10.354999542236328,10.364999771118164,10.319999694824219,10.335000038146973,6925548.0
2025-06-09 16:00:00-04:00,10.35,10.36,10.32,10.33,0.0
2025-06-09 17:00:00-04:00,10.3302,10.35,10.33,10.345,0.0
2025-06-09 18:00:00-04:00,10.35,10.36,10.33,10.3499,0.0
2025-06-09 19:00:00-04:00,10.35,10.36,10.33,10.3501,0.0
2025-06-10 04:00:00-04:00,10.34,10.35,10.33,10.34,0.0
2025-06-10 05:00:00-04:00,10.34,10.35,10.33,10.35,0.0
2025-06-10 06:00:00-04:00,10.35,10.37,10.34,10.37,0.0
2025-06-10 07:00:00-04:00,10.36,10.38,10.35,10.36,0.0
2025-06-10 08:00:00-04:00,10.36,10.39,10.3388,10.365,0.0
2025-06-10 09:00:00-04:00,10.36,10.37,10.36,10.36,0.0
2025-06-10 09:30:00-04:00,10.380000114440918,10.529999732971191,10.359999656677246,10.524999618530273,18277649.0
2025-06-10 10:30:00-04:00,10.529500007629395,10.630000114440918,10.5,10.61929988861084,20472745.0
2025-06-10 11:30:00-04:00,10.614999771118164,10.619999885559082,10.5600004196167,10.579899787902832,10699985.0
2025-06-10 12:30:00-04:00,10.579999923706055,10.649999618530273,10.573399543762207,10.639900207519531,7798129.0
2025-06-10 13:30:00-04:00,10.635000228881836,10.640000343322754,10.569999694824219,10.579999923706055,9740537.0
2025-06-10 14:30:00-04:00,10.579999923706055,10.619999885559082,10.569999694824219,10.588700294494629,8636557.0
2025-06-10 15:30:00-04:00,10.580499649047852,10.600000381469727,10.5600004196167,10.595000267028809,7753396.0
2025-06-10 16:00:00-04:00,10.6,10.64,10.56,10.5805,0.0
2025-06-10 17:00:00-04:00,10.6,10.6,10.58,10.58,0.0
2025-06-10 18:00:00-04:00,10.58,10.6,10.58,10.595,0.0
2025-06-10 19:00:00-04:00,10.59,10.6,10.58,10.5999,0.0
2025-06-11 04:00:00-04:00,10.66,10.66,10.59,10.61,0.0
2025-06-11 05:00:00-04:00,10.61,10.64,10.61,10.63,0.0
2025-06-11 06:00:00-04:00,10.63,10.68,10.62,10.66,0.0
2025-06-11 07:00:00-04:00,10.66,10.67,10.59,10.62,0.0
2025-06-11 08:00:00-04:00,10.62,10.69,10.57,10.59,0.0
2025-06-11 09:00:00-04:00,10.59,10.68,10.58,10.63,0.0
2025-06-11 09:30:00-04:00,10.640000343322754,10.760000228881836,10.630000114440918,10.755000114440918,19389269.0
2025-06-11 10:30:00-04:00,10.755000114440918,10.770000457763672,10.6899995803833,10.725000381469727,13831768.0
2025-06-11 11:30:00-04:00,10.729999542236328,10.739999771118164,10.640000343322754,10.654999732971191,10278051.0
2025-06-11 12:30:00-04:00,10.654999732971191,10.729999542236328,10.630000114440918,10.721799850463867,11064621.0
2025-06-11 13:30:00-04:00,10.725000381469727,10.729999542236328,10.610099792480469,10.635000228881836,13709483.0
2025-06-11 14:30:00-04:00,10.635000228881836,10.670000076293945,10.619999885559082,10.639900207519531,10497312.0
2025-06-11 15:30:00-04:00,10.63129997253418,10.670000076293945,10.630000114440918,10.654999732971191,8708516.0
2025-06-11 16:00:00-04:00,10.655,10.67,10.64,10.65,0.0
2025-06-11 17:00:00-04:00,10.66,10.66,10.65,10.655,0.0
2025-06-11 18:00:00-04:00,10.655,10.66,10.64,10.65,0.0
2025-06-11 19:00:00-04:00,10.65,10.67,10.61,10.65,0.0
2025-06-12 04:00:00-04:00,10.64,10.66,10.61,10.63,0.0
2025-06-12 05:00:00-04:00,10.63,10.63,10.6,10.62,0.0
2025-06-12 06:00:00-04:00,10.62,10.62,10.61,10.62,0.0
2025-06-12 07:00:00-04:00,10.62,10.64,10.61,10.61,0.0
2025-06-12 08:00:00-04:00,10.61,10.67,10.52,10.59,0.0
2025-06-12 09:00:00-04:00,10.55,10.61,10.52,10.58,0.0
2025-06-12 09:30:00-04:00,10.579999923706055,10.59000015258789,10.470000267028809,10.53499984741211,15081456.0
2025-06-12 10:30:00-04:00,10.53499984741211,10.539999961853027,10.470000267028809,10.494999885559082,14229383.0
2025-06-12 11:30:00-04:00,10.494999885559082,10.510000228881836,10.430000305175781,10.484999656677246,16384936.0
2025-06-12 12:30:00-04:00,10.482399940490723,10.529999732971191,10.470000267028809,10.494999885559082,9180323.0
2025-06-12 13:30:00-04:00,10.499500274658203,10.529999732971191,10.489999771118164,10.510100364685059,4554770.0
2025-06-12 14:30:00-04:00,10.515000343322754,10.529999732971191,10.5,10.510000228881836,4320131.0
2025-06-12 15:30:00-04:00,10.515000343322754,10.550000190734863,10.5,10.539999961853027,7060014.0
2025-06-12 16:00:00-04:00,10.53,10.55,10.52,10.53,0.0
2025-06-12 17:00:00-04:00,10.52,10.55,10.52,10.525,0.0
2025-06-12 18:00:00-04:00,10.5203,10.54,10.52,10.54,0.0
2025-06-12 19:00:00-04:00,10.5395,10.55,10.52,10.54,0.0
2025-06-13 04:00:00-04:00,10.46,10.47,10.36,10.44,0.0
2025-06-13 05:00:00-04:00,10.44,10.44,10.43,10.44,0.0
2025-06-13 06:00:00-04:00,10.44,10.44,10.43,10.43,0.0
2025-06-13 07:00:00-04:00,10.44,10.45,10.41,10.41,0.0
2025-06-13 08:00:00-04:00,10.41,10.53,10.38,10.46,0.0
2025-06-13 09:00:00-04:00,10.45,10.47,10.42,10.45,0.0
2025-06-13 09:30:00-04:00,10.470000267028809,10.5,10.430000305175781,10.454999923706055,14635709.0
2025-06-13 10:30:00-04:00,10.46500015258789,10.5,10.449999809265137,10.46679973602295,17236462.0
2025-06-13 11:30:00-04:00,10.46500015258789,10.510000228881836,10.449999809265137,10.454999923706055,9146084.0
2025-06-13 12:30:00-04:00,10.454999923706055,10.479999542236328,10.4399995803833,10.477399826049805,7835582.0
2025-06-13 13:30:00-04:00,10.475000381469727,10.489999771118164,10.4399995803833,10.444999694824219,10294881.0
2025-06-13 14:30:00-04:00,10.444999694824219,10.470000267028809,10.399999618530273,10.420000076293945,12885109.0
2025-06-13 15:30:00-04:00,10.414999961853027,10.4399995803833,10.380000114440918,10.4399995803833,12536816.0
2025-06-13 16:00:00-04:00,10.43,10.46,10.42,10.45,0.0
2025-06-13 17:00:00-04:00,10.45,10.46,10.44,10.455,0.0
2025-06-13 18:00:00-04:00,10.4501,10.46,10.44,10.44,0.0
2025-06-13 19:00:00-04:00,10.44,10.47,10.44,10.465,0.0
2025-06-16 04:00:00-04:00,10.47,10.5,10.43,10.5,0.0
2025-06-16 05:00:00-04:00,10.49,10.5,10.49,10.49,0.0
2025-06-16 06:00:00-04:00,10.49,10.49,10.48,10.49,0.0
2025-06-16 07:00:00-04:00,10.48,10.49,10.48,10.48,0.0
2025-06-16 08:00:00-04:00,10.49,10.5,10.43,10.485,0.0
2025-06-16 09:00:00-04:00,10.49,10.5,10.48,10.485,0.0
2025-06-16 09:30:00-04:00,10.5,10.65999984741211,10.5,10.64009952545166,15796362.0
2025-06-16 10:30:00-04:00,10.649999618530273,10.65999984741211,10.59000015258789,10.595000267028809,11003578.0
2025-06-16 11:30:00-04:00,10.600000381469727,10.609999656677246,10.5600004196167,10.585000038146973,6047809.0
2025-06-16 12:30:00-04:00,10.59000015258789,10.65999984741211,10.579999923706055,10.640000343322754,9015372.0
2025-06-16 13:30:00-04:00,10.645000457763672,10.670000076293945,10.619999885559082,10.621100425720215,9042215.0
2025-06-16 14:30:00-04:00,10.628299713134766,10.630000114440918,10.600000381469727,10.613300323486328,6166948.0
2025-06-16 15:30:00-04:00,10.614999771118164,10.630000114440918,10.59000015258789,10.619999885559082,8602144.0
2025-06-16 16:00:00-04:00,10.62,10.63,10.61,10.61,0.0
2025-06-16 17:00:00-04:00,10.61,10.63,10.6,10.63,0.0
2025-06-16 18:00:00-04:00,10.62,10.63,10.6,10.61,0.0
2025-06-16 19:00:00-04:00,10.62,10.62,10.58,10.6,0.0
2025-06-17 04:00:00-04:00,10.59,10.6,10.58,10.58,0.0
2025-06-17 05:00:00-04:00,10.59,10.59,10.58,10.59,0.0
2025-06-17 06:00:00-04:00,10.58,10.59,10.58,10.58,0.0
2025-06-17 07:00:00-04:00,10.59,10.59,10.54,10.56,0.0
2025-06-17 08:00:00-04:00,10.56,10.62,10.54,10.585,0.0
2025-06-17 09:00:00-04:00,10.58,10.6,10.57,10.5702,0.0
2025-06-17 09:30:00-04:00,10.555000305175781,10.630000114440918,10.520000457763672,10.5649995803833,11074862.0
2025-06-17 10:30:00-04:00,10.5649995803833,10.579999923706055,10.5,10.5,17819340.0
2025-06-17 11:30:00-04:00,10.5,10.529999732971191,10.470000267028809,10.515000343322754,11867220.0
2025-06-17 12:30:00-04:00,10.510000228881836,10.520000457763672,10.470000267028809,10.470000267028809,11771614.0
2025-06-17 13:30:00-04:00,10.470000267028809,10.5,10.40999984741211,10.424599647521973,18093777.0
2025-06-17 14:30:00-04:00,10.425000190734863,10.430000305175781,10.380000114440918,10.420000076293945,10991548.0
2025-06-17 15:30:00-04:00,10.425000190734863,10.4399995803833,10.40999984741211,10.425000190734863,10130871.0
2025-06-17 16:00:00-04:00,10.42,10.44,10.4,10.43,0.0
2025-06-17 17:00:00-04:00,10.43,10.43,10.42,10.4299,0.0
2025-06-17 18:00:00-04:00,10.42,10.43,10.4,10.4199,0.0
2025-06-17 19:00:00-04:00,10.4,10.43,10.4,10.4099,0.0
2025-06-18 04:00:00-04:00,10.47,10.47,10.41,10.44,0.0
2025-06-18 05:00:00-04:00,10.44,10.44,10.43,10.43,0.0
2025-06-18 06:00:00-04:00,10.43,10.43,10.42,10.43,0.0
2025-06-18 07:00:00-04:00,10.43,10.43,10.41,10.42,0.0
2025-06-18 08:00:00-04:00,10.42,10.48,10.0,10.42,0.0
2025-06-18 09:00:00-04:00,10.4298,10.43,10.41,10.41,0.0
2025-06-18 09:30:00-04:00,10.430000305175781,10.529999732971191,10.404999732971191,10.475000381469727,14399281.0
2025-06-18 10:30:00-04:00,10.479999542236328,10.5,10.4399995803833,10.444999694824219,12406107.0
2025-06-18 11:30:00-04:00,10.4399995803833,10.470000267028809,10.430000305175781,10.454999923706055,7910272.0
2025-06-18 12:30:00-04:00,10.460000038146973,10.460000038146973,10.430000305175781,10.4350004196167,4574995.0
2025-06-18 13:30:00-04:00,10.430999755859375,10.489899635314941,10.40999984741211,10.4350004196167,11994744.0
2025-06-18 14:30:00-04:00,10.430700302124023,10.479999542236328,10.420000076293945,10.430100440979004,17818006.0
2025-06-18 15:30:00-04:00,10.430000305175781,10.460000038146973,10.40999984741211,10.420000076293945,8900897.0
2025-06-18 16:00:00-04:00,10.43,10.44,10.42,10.43,0.0
2025-06-18 17:00:00-04:00,10.43,10.45,10.42,10.42,0.0
2025-06-18 18:00:00-04:00,10.4201,10.45,10.42,10.44,0.0
2025-06-18 19:00:00-04:00,10.43,10.44,10.42,10.425,0.0
2025-06-20 04:00:00-04:00,10.44,10.48,10.43,10.43,0.0
2025-06-20 05:00:00-04:00,10.43,10.44,10.43,10.44,0.0
2025-06-20 06:00:00-04:00,10.44,10.45,10.44,10.44,0.0
2025-06-20 07:00:00-04:00,10.44,10.44,10.43,10.44,0.0
2025-06-20 08:00:00-04:00,10.43,10.49,10.41,10.46,0.0
2025-06-20 09:00:00-04:00,10.47,10.48,10.46,10.48,0.0
2025-06-20 09:30:00-04:00,10.489999771118164,10.539999961853027,10.460000038146973,10.53499984741211,15987171.0
2025-06-20 10:30:00-04:00,10.529999732971191,10.550000190734863,10.479999542236328,10.54010009765625,17530466.0
2025-06-20 11:30:00-04:00,10.550000190734863,10.5600004196167,10.5,10.520000457763672,10566398.0
2025-06-20 12:30:00-04:00,10.515000343322754,10.539999961853027,10.489999771118164,10.494999885559082,7861870.0
2025-06-20 13:30:00-04:00,10.489999771118164,10.510000228881836,10.475000381469727,10.489999771118164,7236732.0
2025-06-20 14:30:00-04:00,10.5,10.529999732971191,10.489999771118164,10.515000343322754,8174064.0
2025-06-20 15:30:00-04:00,10.515000343322754,10.600000381469727,10.510000228881836,10.600000381469727,12859600.0
2025-06-20 16:00:00-04:00,10.59,10.6,10.56,10.59,0.0
2025-06-20 17:00:00-04:00,10.59,10.59,10.58,10.59,0.0
2025-06-20 18:00:00-04:00,10.58,11.0913,10.57,10.58,0.0
2025-06-20 19:00:00-04:00,10.58,10.6,10.57,10.6,0.0
2025-06-23 04:00:00-04:00,10.5,10.6,10.5,10.58,0.0
2025-06-23 05:00:00-04:00,10.58,10.58,10.56,10.57,0.0
2025-06-23 06:00:00-04:00,10.57,10.57,10.56,10.56,0.0
2025-06-23 07:00:00-04:00,10.56,10.57,10.54,10.55,0.0
2025-06-23 08:00:00-04:00,10.54,10.59,10.54,10.57,0.0
2025-06-23 09:00:00-04:00,10.575,10.58,10.57,10.575,0.0
2025-06-23 09:30:00-04:00,10.550000190734863,10.6899995803833,10.53499984741211,10.6850004196167,15146421.0
2025-06-23 10:30:00-04:00,10.684599876403809,10.75,10.65999984741211,10.71500015258789,11991790.0
2025-06-23 11:30:00-04:00,10.71500015258789,10.720000267028809,10.600000381469727,10.609999656677246,10896705.0
2025-06-23 12:30:00-04:00,10.604999542236328,10.680000305175781,10.5600004196167,10.670000076293945,13479932.0
2025-06-23 13:30:00-04:00,10.675000190734863,10.729999542236328,10.670000076293945,10.71500015258789,6807922.0
2025-06-23 14:30:00-04:00,10.71500015258789,10.720000267028809,10.6899995803833,10.71500015258789,6173658.0
2025-06-23 15:30:00-04:00,10.71500015258789,10.75,10.6899995803833,10.734999656677246,8045397.0
2025-06-23 16:00:00-04:00,10.75,10.75,10.72,10.7202,0.0
2025-06-23 17:00:00-04:00,10.73,10.73,10.72,10.7202,0.0
2025-06-23 18:00:00-04:00,10.725,10.76,10.72,10.74,0.0
2025-06-23 19:00:00-04:00,10.75,10.77,10.74,10.7498,0.0
2025-06-24 04:00:00-04:00,10.77,10.81,10.77,10.79,0.0
2025-06-24 05:00:00-04:00,10.79,10.82,10.79,10.81,0.0
2025-06-24 06:00:00-04:00,10.82,10.82,10.8,10.81,0.0
2025-06-24 07:00:00-04:00,10.8,10.81,10.75,10.79,0.0
2025-06-24 08:00:00-04:00,10.79,10.81,10.75,10.79,0.0
2025-06-24 09:00:00-04:00,10.79,10.8,10.78,10.79,0.0
2025-06-24 09:30:00-04:00,10.789999961853027,10.869999885559082,10.774800300598145,10.845000267028809,16972171.0
2025-06-24 10:30:00-04:00,10.850000381469727,10.859999656677246,10.8100004196167,10.819999694824219,11801926.0
2025-06-24 11:30:00-04:00,10.8149995803833,10.829999923706055,10.779999732971191,10.8100004196167,8453983.0
2025-06-24 12:30:00-04:00,10.805000305175781,10.829999923706055,10.800000190734863,10.819999694824219,7289548.0
2025-06-24 13:30:00-04:00,10.811800003051758,10.819999694824219,10.800000190734863,10.8149995803833,5361548.0
2025-06-24 14:30:00-04:00,10.8149995803833,10.829999923706055,10.770000457763672,10.78499984741211,7829683.0
2025-06-24 15:30:00-04:00,10.78499984741211,10.786499977111816,10.720000267028809,10.729999542236328,10422304.0
2025-06-24 16:00:00-04:00,10.72,10.74,10.71,10.72,0.0
2025-06-24 17:00:00-04:00,10.73,10.73,10.71,10.71,0.0
2025-06-24 18:00:00-04:00,10.71,10.72,10.71,10.715,0.0
2025-06-24 19:00:00-04:00,10.72,10.72,10.71,10.7199,0.0
2025-06-25 04:00:00-04:00,10.81,10.81,10.7,10.75,0.0
2025-06-25 05:00:00-04:00,10.75,10.76,10.74,10.75,0.0
2025-06-25 06:00:00-04:00,10.76,10.77,10.75,10.75,0.0
2025-06-25 07:00:00-04:00,10.76,10.76,10.75,10.75,0.0
2025-06-25 08:00:00-04:00,10.75,10.76,10.71,10.76,0.0
2025-06-25 09:00:00-04:00,10.76,10.76,10.75,10.7501,0.0
2025-06-25 09:30:00-04:00,10.760000228881836,10.765000343322754,10.550000190734863,10.555000305175781,13749047.0
2025-06-25 10:30:00-04:00,10.5556001663208,10.569999694824219,10.489999771118164,10.53499984741211,19016638.0
2025-06-25 11:30:00-04:00,10.529999732971191,10.550000190734863,10.479999542236328,10.484999656677246,12446874.0
2025-06-25 12:30:00-04:00,10.489899635314941,10.5,10.420000076293945,10.454999923706055,9458879.0
2025-06-25 13:30:00-04:00,10.454999923706055,10.5,10.4399995803833,10.494999885559082,9346263.0
2025-06-25 14:30:00-04:00,10.489999771118164,10.520000457763672,10.470000267028809,10.515000343322754,8645830.0
2025-06-25 15:30:00-04:00,10.515000343322754,10.520000457763672,10.479999542236328,10.484999656677246,10319356.0
2025-06-25 16:00:00-04:00,10.48,10.5,10.43,10.48,0.0
2025-06-25 17:00:00-04:00,10.48,10.48,10.46,10.48,0.0
2025-06-25 18:00:00-04:00,10.48,10.48,10.47,10.48,0.0
2025-06-25 19:00:00-04:00,10.47,10.49,10.47,10.475,0.0
2025-06-26 04:00:00-04:00,10.49,10.5,10.47,10.48,0.0
2025-06-26 05:00:00-04:00,10.49,10.49,10.48,10.49,0.0
2025-06-26 06:00:00-04:00,10.49,10.49,10.48,10.48,0.0
2025-06-26 07:00:00-04:00,10.49,10.5,10.49,10.49,0.0
2025-06-26 08:00:00-04:00,10.49,10.52,10.47,10.5101,0.0
2025-06-26 09:00:00-04:00,10.51,10.51,10.49,10.4997,0.0
2025-06-26 09:30:00-04:00,10.499899864196777,10.566399574279785,10.470000267028809,10.555000305175781,14123819.0
2025-06-26 10:30:00-04:00,10.555000305175781,10.640000343322754,10.550000190734863,10.579999923706055,16967399.0
2025-06-26 11:30:00-04:00,10.581700325012207,10.619999885559082,10.569999694824219,10.570599555969238,13195060.0
2025-06-26 12:30:00-04:00,10.575200080871582,10.609999656677246,10.5600004196167,10.595000267028809,11627202.0
2025-06-26 13:30:00-04:00,10.595000267028809,10.640000343322754,10.59000015258789,10.625,8490363.0
2025-06-26 14:30:00-04:00,10.625,10.649999618530273,10.600000381469727,10.625,10142710.0
2025-06-26 15:30:00-04:00,10.625,10.645000457763672,10.600000381469727,10.635000228881836,8660129.0
2025-06-26 16:00:00-04:00,10.64,10.65,10.6,10.61,0.0
2025-06-26 17:00:00-04:00,10.61,10.63,10.6,10.61,0.0
2025-06-26 18:00:00-04:00,10.62,10.63,10.61,10.62,0.0
2025-06-26 19:00:00-04:00,10.63,10.655,10.61,10.6397,0.0
2025-06-27 04:00:00-04:00,10.7,10.7,10.62,10.66,0.0
2025-06-27 05:00:00-04:00,10.67,10.67,10.65,10.66,0.0
2025-06-27 06:00:00-04:00,10.66,10.66,10.65,10.66,0.0
2025-06-27 07:00:00-04:00,10.65,10.73,10.65,10.68,0.0
2025-06-27 08:00:00-04:00,10.69,10.7,10.63,10.6799,0.0
2025-06-27 09:00:00-04:00,10.68,10.68,10.66,10.68,0.0
2025-06-27 09:30:00-04:00,10.699999809265137,10.8100004196167,10.680000305175781,10.770999908447266,12000912.0
2025-06-27 10:30:00-04:00,10.774999618530273,10.869999885559082,10.75,10.860099792480469,25654095.0
2025-06-27 11:30:00-04:00,10.864999771118164,10.920000076293945,10.850000381469727,10.904999732971191,16583790.0
2025-06-27 12:30:00-04:00,10.902899742126465,10.90999984741211,10.829999923706055,10.84000015258789,11332893.0
2025-06-27 13:30:00-04:00,10.835000038146973,10.859999656677246,10.729999542236328,10.729999542236328,18470364.0
2025-06-27 14:30:00-04:00,10.729999542236328,10.760000228881836,10.699999809265137,10.755000114440918,16568491.0
2025-06-27 15:30:00-04:00,10.75,10.829999923706055,10.75,10.805000305175781,16545326.0
2025-06-27 16:00:00-04:00,10.8,10.82,10.79,10.795,0.0
2025-06-27 17:00:00-04:00,10.8,10.8,10.78,10.79,0.0
2025-06-27 18:00:00-04:00,10.78,10.79,10.76,10.775,0.0
2025-06-27 19:00:00-04:00,10.7799,10.78,10.77,10.78,0.0
2025-06-30 04:00:00-04:00,10.9,10.9,10.78,10.81,0.0
2025-06-30 05:00:00-04:00,10.81,10.86,10.8,10.82,0.0
2025-06-30 06:00:00-04:00,10.82,10.82,10.78,10.81,0.0
2025-06-30 07:00:00-04:00,10.81,10.82,10.8,10.81,0.0
2025-06-30 08:00:00-04:00,10.81,10.8975,10.7997,10.8101,0.0
2025-06-30 09:00:00-04:00,10.82,10.82,10.77,10.775,0.0
2025-06-30 09:30:00-04:00,10.720000267028809,10.789999961853027,10.6899995803833,10.725000381469727,15605797.0
2025-06-30 10:30:00-04:00,10.725000381469727,10.75,10.6850004196167,10.720000267028809,15624972.0
2025-06-30 11:30:00-04:00,10.725000381469727,10.760000228881836,10.710000038146973,10.734999656677246,9713502.0
2025-06-30 12:30:00-04:00,10.729999542236328,10.8100004196167,10.729999542236328,10.781900405883789,5894545.0
2025-06-30 13:30:00-04:00,10.782600402832031,10.789999961853027,10.729999542236328,10.760000228881836,8779218.0
2025-06-30 14:30:00-04:00,10.765000343322754,10.819999694824219,10.75,10.8149995803833,8668237.0
2025-06-30 15:30:00-04:00,10.819999694824219,10.859999656677246,10.800000190734863,10.84000015258789,14754959.0
2025-06-30 16:00:00-04:00,10.85,10.851,10.81,10.83,0.0
2025-06-30 17:00:00-04:00,10.84,10.84,10.27,10.82,0.0
2025-06-30 18:00:00-04:00,10.8393,10.84,10.82,10.83,0.0
2025-06-30 19:00:00-04:00,10.82,10.84,10.82,10.84,0.0
2025-07-01 04:00:00-04:00,10.81,10.85,10.81,10.84,0.0
2025-07-01 05:00:00-04:00,10.85,10.85,10.84,10.84,0.0
2025-07-01 06:00:00-04:00,10.84,10.85,10.83,10.84,0.0
2025-07-01 07:00:00-04:00,10.83,10.84,10.83,10.83,0.0
2025-07-01 08:00:00-04:00,10.83,10.85,10.8,10.8,0.0
2025-07-01 09:00:00-04:00,10.8,10.85,10.8,10.805,0.0
2025-07-01 09:30:00-04:00,10.8100004196167,10.960000038146973,10.79010009765625,10.930399894714355,18775566.0
2025-07-01 10:30:00-04:00,10.930000305175781,11.210000038146973,10.920000076293945,11.196700096130371,31409339.0
2025-07-01 11:30:00-04:00,11.1899995803833,11.380000114440918,11.15999984741211,11.370499610900879,31918818.0
2025-07-01 12:30:00-04:00,11.374799728393555,11.380000114440918,11.199999809265137,11.274999618530273,16051559.0
2025-07-01 13:30:00-04:00,11.274999618530273,11.319999694824219,11.270000457763672,11.3100004196167,10288584.0
2025-07-01 14:30:00-04:00,11.308500289916992,11.369999885559082,11.300000190734863,11.345000267028809,9866535.0
2025-07-01 15:30:00-04:00,11.345000267028809,11.369999885559082,11.3100004196167,11.345000267028809,14037887.0
2025-07-01 16:00:00-04:00,11.35,11.35,11.28,11.2899,0.0
2025-07-01 17:00:00-04:00,11.2899,11.35,11.27,11.2903,0.0
2025-07-01 18:00:00-04:00,11.3,11.31,11.28,11.29,0.0
2025-07-01 19:00:00-04:00,11.29,11.32,11.29,11.3,0.0
2025-07-02 04:00:00-04:00,11.36,11.45,11.34,11.38,0.0
2025-07-02 05:00:00-04:00,11.38,11.4,11.35,11.4,0.0
2025-07-02 06:00:00-04:00,11.4,11.4,11.39,11.4,0.0
2025-07-02 07:00:00-04:00,11.39,11.4,11.34,11.4,0.0
2025-07-02 08:00:00-04:00,11.4,11.4,11.3,11.35,0.0
2025-07-02 09:00:00-04:00,11.3599,11.4,11.34,11.385,0.0
2025-07-02 09:30:00-04:00,11.380000114440918,11.510000228881836,11.369999885559082,11.46500015258789,27660628.0
2025-07-02 10:30:00-04:00,11.470000267028809,11.670000076293945,11.4399995803833,11.649999618530273,30742932.0
2025-07-02 11:30:00-04:00,11.654999732971191,11.699999809265137,11.630000114440918,11.649999618530273,14789728.0
2025-07-02 12:30:00-04:00,11.654999732971191,11.680000305175781,11.630000114440918,11.65999984741211,7454089.0
2025-07-02 13:30:00-04:00,11.65999984741211,11.715200424194336,11.630000114440918,11.704999923706055,10212789.0
2025-07-02 14:30:00-04:00,11.709799766540527,11.779999732971191,11.699999809265137,11.745499610900879,12801533.0
2025-07-02 15:30:00-04:00,11.744999885559082,11.779999732971191,11.710000038146973,11.770000457763672,12903111.0
2025-07-02 16:00:00-04:00,11.766,11.77,11.73,11.7402,0.0
2025-07-02 17:00:00-04:00,11.74,11.76,11.72,11.74,0.0
2025-07-02 18:00:00-04:00,11.74,11.75,11.73,11.75,0.0
2025-07-02 19:00:00-04:00,11.74,11.77,11.7399,11.76,0.0
2025-07-03 04:00:00-04:00,11.76,11.77,11.72,11.74,0.0
2025-07-03 05:00:00-04:00,11.73,11.75,11.72,11.73,0.0
2025-07-03 06:00:00-04:00,11.72,11.75,11.72,11.74,0.0
2025-07-03 07:00:00-04:00,11.74,11.77,11.74,11.76,0.0
2025-07-03 08:00:00-04:00,11.76,11.79,11.72,11.76,0.0
2025-07-03 09:00:00-04:00,11.79,11.8,11.74,11.75,0.0
2025-07-03 09:30:00-04:00,11.75,11.960000038146973,11.75,11.84000015258789,22633690.0
2025-07-03 10:30:00-04:00,11.835000038146973,11.869999885559082,11.789999961853027,11.84000015258789,17564224.0
2025-07-03 11:30:00-04:00,11.835000038146973,11.880000114440918,11.8100004196167,11.8149995803833,8183826.0
2025-07-03 13:00:00-04:00,11.8149995803833,11.899999618530273,11.779999732971191,11.800000190734863,0.0
2025-07-03 14:00:00-04:00,11.81,11.82,11.0913,11.81,0.0
2025-07-03 15:00:00-04:00,11.805,11.823679,11.78,11.795,0.0
2025-07-03 16:00:00-04:00,11.795,11.81,11.79,11.79,0.0
2025-07-07 04:00:00-04:00,11.68,11.86,11.68,11.74,0.0
2025-07-07 05:00:00-04:00,11.74,11.75,11.72,11.75,0.0
2025-07-07 06:00:00-04:00,11.74,11.75,11.73,11.73,0.0
2025-07-07 07:00:00-04:00,11.73,11.74,11.66,11.7,0.0
2025-07-07 08:00:00-04:00,11.7,11.85,11.67,11.685,0.0
2025-07-07 09:00:00-04:00,11.69,11.81,11.63,11.64,0.0
2025-07-07 09:30:00-04:00,11.600000381469727,11.789999961853027,11.600000381469727,11.710000038146973,15135606.0
2025-07-07 10:30:00-04:00,11.704999923706055,11.720000267028809,11.609999656677246,11.614999771118164,9818674.0
2025-07-07 11:30:00-04:00,11.614999771118164,11.640000343322754,11.479999542236328,11.550800323486328,11816830.0
2025-07-07 12:30:00-04:00,11.554800033569336,11.59000015258789,11.529999732971191,11.581000328063965,7929576.0
2025-07-07 13:30:00-04:00,11.584600448608398,11.609999656677246,11.489999771118164,11.515000343322754,6501343.0
2025-07-07 14:30:00-04:00,11.515000343322754,11.600000381469727,11.510000228881836,11.555000305175781,7102992.0
2025-07-07 15:30:00-04:00,11.555000305175781,11.609999656677246,11.550000190734863,11.595000267028809,10154685.0
2025-07-07 16:00:00-04:00,11.59,11.59,11.57,11.57,0.0
2025-07-07 17:00:00-04:00,11.57,11.59,11.56,11.565,0.0
2025-07-07 18:00:00-04:00,11.5603,11.59,11.56,11.5898,0.0
2025-07-07 19:00:00-04:00,11.58,11.59,11.57,11.58,0.0
2025-07-08 04:00:00-04:00,11.6,11.62,11.56,11.61,0.0
2025-07-08 05:00:00-04:00,11.61,11.62,11.6,11.62,0.0
2025-07-08 06:00:00-04:00,11.63,11.63,11.6,11.61,0.0
2025-07-08 07:00:00-04:00,11.6,11.65,11.6,11.62,0.0
2025-07-08 08:00:00-04:00,11.61,11.64,11.59,11.61,0.0
2025-07-08 09:00:00-04:00,11.61,11.62,11.61,11.62,0.0
2025-07-08 09:30:00-04:00,11.649999618530273,11.739999771118164,11.640000343322754,11.729999542236328,14853174.0
2025-07-08 10:30:00-04:00,11.725000381469727,11.850000381469727,11.699999809265137,11.704999923706055,17720390.0
2025-07-08 11:30:00-04:00,11.710000038146973,11.75,11.699999809265137,11.75,7190169.0
2025-07-08 12:30:00-04:00,11.75,11.75,11.670000076293945,11.6850004196167,6768790.0
2025-07-08 13:30:00-04:00,11.6850004196167,11.75,11.680000305175781,11.725000381469727,4510594.0
2025-07-08 14:30:00-04:00,11.729999542236328,11.729999542236328,11.670000076293945,11.691499710083008,5933156.0
2025-07-08 15:30:00-04:00,11.6899995803833,11.720000267028809,11.670000076293945,11.680000305175781,8352623.0
2025-07-08 16:00:00-04:00,11.68,11.7,11.67,11.69,0.0
2025-07-08 17:00:00-04:00,11.68,11.7,11.68,11.6901,0.0
2025-07-08 18:00:00-04:00,11.6999,11.73,11.68,11.7199,0.0
2025-07-08 19:00:00-04:00,11.72,11.73,11.69,11.7,0.0
2025-07-09 04:00:00-04:00,11.72,11.72,11.68,11.69,0.0
2025-07-09 05:00:00-04:00,11.69,11.74,11.69,11.72,0.0
2025-07-09 06:00:00-04:00,11.72,11.77,11.72,11.72,0.0
2025-07-09 07:00:00-04:00,11.72,11.75,11.72,11.73,0.0
2025-07-09 08:00:00-04:00,11.73,11.74,11.68,11.74,0.0
2025-07-09 09:00:00-04:00,11.74,11.74,11.68,11.735,0.0
2025-07-09 09:30:00-04:00,11.779999732971191,11.880000114440918,11.760000228881836,11.795000076293945,12577456.0
2025-07-09 10:30:00-04:00,11.795000076293945,11.850000381469727,11.760000228881836,11.850000381469727,14900821.0
2025-07-09 11:30:00-04:00,11.845000267028809,11.859999656677246,11.819999694824219,11.832300186157227,7184828.0
2025-07-09 12:30:00-04:00,11.835000038146973,11.899999618530273,11.829999923706055,11.875,6338282.0
2025-07-09 13:30:00-04:00,11.870100021362305,11.880000114440918,11.8100004196167,11.8149995803833,6381487.0
2025-07-09 14:30:00-04:00,11.8149995803833,11.84000015258789,11.8100004196167,11.824999809265137,4495614.0
2025-07-09 15:30:00-04:00,11.824999809265137,11.84000015258789,11.789999961853027,11.829999923706055,6004899.0
2025-07-09 16:00:00-04:00,11.83,11.83,11.81,11.82,0.0
2025-07-09 17:00:00-04:00,11.82,11.83,11.82,11.825,0.0
2025-07-09 18:00:00-04:00,11.825,11.84,11.82,11.84,0.0
2025-07-09 19:00:00-04:00,11.8302,11.84,11.82,11.8298,0.0
2025-07-10 04:00:00-04:00,11.83,11.85,11.8,11.83,0.0
2025-07-10 05:00:00-04:00,11.84,11.84,11.81,11.82,0.0
2025-07-10 06:00:00-04:00,11.83,11.83,11.82,11.82,0.0
2025-07-10 07:00:00-04:00,11.83,11.84,11.82,11.84,0.0
2025-07-10 08:00:00-04:00,11.85,11.88,11.8,11.8301,0.0
2025-07-10 09:00:00-04:00,11.84,11.87,11.83,11.85,0.0
2025-07-10 09:30:00-04:00,11.859999656677246,11.920000076293945,11.779999732971191,11.886300086975098,16423836.0
2025-07-10 10:30:00-04:00,11.88010025024414,11.970000267028809,11.880000114440918,11.942099571228027,10951638.0
2025-07-10 11:30:00-04:00,11.9399995803833,11.949999809265137,11.890000343322754,11.890000343322754,9097773.0
2025-07-10 12:30:00-04:00,11.892000198364258,11.930000305175781,11.859999656677246,11.923700332641602,6236457.0
2025-07-10 13:30:00-04:00,11.920499801635742,11.949999809265137,11.880000114440918,11.904999732971191,4965199.0
2025-07-10 14:30:00-04:00,11.899999618530273,11.920000076293945,11.869999885559082,11.875499725341797,4503299.0
2025-07-10 15:30:00-04:00,11.875,11.920000076293945,11.869999885559082,11.904999732971191,6557962.0
2025-07-10 16:00:00-04:00,11.91,11.92,11.89,11.905,0.0
2025-07-10 17:00:00-04:00,11.91,11.92,11.89,11.915,0.0
2025-07-10 18:00:00-04:00,11.9101,11.92,11.9,11.92,0.0
2025-07-10 19:00:00-04:00,11.92,11.93,11.9,11.91,0.0
2025-07-11 04:00:00-04:00,11.88,11.88,11.82,11.85,0.0
2025-07-11 05:00:00-04:00,11.85,11.86,11.82,11.84,0.0
2025-07-11 06:00:00-04:00,11.84,11.84,11.77,11.79,0.0
2025-07-11 07:00:00-04:00,11.79,11.81,11.78,11.8,0.0
2025-07-11 08:00:00-04:00,11.8,11.889,11.78,11.84,0.0
2025-07-11 09:00:00-04:00,11.8303,11.85,11.83,11.835,0.0
2025-07-11 09:30:00-04:00,11.850000381469727,11.850000381469727,11.739999771118164,11.770000457763672,13671336.0
2025-07-11 10:30:00-04:00,11.770000457763672,11.789999961853027,11.739999771118164,11.774999618530273,12383406.0
2025-07-11 11:30:00-04:00,11.774999618530273,11.789999961853027,11.710000038146973,11.750300407409668,8403567.0
2025-07-11 12:30:00-04:00,11.75,11.8100004196167,11.739999771118164,11.798399925231934,5488462.0
2025-07-11 13:30:00-04:00,11.795000076293945,11.829999923706055,11.789999961853027,11.829999923706055,4995232.0
2025-07-11 14:30:00-04:00,11.829999923706055,11.859999656677246,11.800000190734863,11.805000305175781,7592694.0
2025-07-11 15:30:00-04:00,11.805000305175781,11.8100004196167,11.75,11.760000228881836,8938740.0
2025-07-11 16:00:00-04:00,11.7601,11.78,11.76,11.77,0.0
2025-07-11 17:00:00-04:00,11.78,11.78,10.59,11.78,0.0
2025-07-11 18:00:00-04:00,11.7799,11.78,11.77,11.77,0.0
2025-07-11 19:00:00-04:00,11.7798,11.78,11.77,11.78,0.0
2025-07-14 04:00:00-04:00,11.62,11.78,11.62,11.74,0.0
2025-07-14 05:00:00-04:00,11.74,11.77,11.71,11.72,0.0
2025-07-14 06:00:00-04:00,11.72,11.74,11.71,11.73,0.0
2025-07-14 07:00:00-04:00,11.73,11.77,11.69,11.72,0.0
2025-07-14 08:00:00-04:00,11.73,11.77,11.67,11.77,0.0
2025-07-14 09:00:00-04:00,11.76,11.79,11.76,11.76,0.0
2025-07-14 09:30:00-04:00,11.760000228881836,11.869999885559082,11.680000305175781,11.6899995803833,13300112.0
2025-07-14 10:30:00-04:00,11.6899995803833,11.760000228881836,11.670000076293945,11.725000381469727,12410418.0
2025-07-14 11:30:00-04:00,11.725000381469727,11.75,11.710000038146973,11.725000381469727,5371672.0
2025-07-14 12:30:00-04:00,11.729999542236328,11.819999694824219,11.710000038146973,11.805000305175781,8738810.0
2025-07-14 13:30:00-04:00,11.803625106811523,11.850000381469727,11.800000190734863,11.840499877929688,6068086.0
2025-07-14 14:30:00-04:00,11.845000267028809,11.880000114440918,11.84000015258789,11.864999771118164,5831365.0
2025-07-14 15:30:00-04:00,11.864999771118164,11.895000457763672,11.850000381469727,11.880999565124512,6146035.0
2025-07-14 16:00:00-04:00,11.88,11.89,11.85,11.86,0.0
2025-07-14 17:00:00-04:00,11.86,11.89,11.85,11.88,0.0
2025-07-14 18:00:00-04:00,11.88,11.89,11.86,11.88,0.0
2025-07-14 19:00:00-04:00,11.875,11.88,11.85,11.87,0.0
2025-07-15 04:00:00-04:00,11.89,11.9,11.88,11.89,0.0
2025-07-15 05:00:00-04:00,11.88,11.89,11.87,11.88,0.0
2025-07-15 06:00:00-04:00,11.88,11.91,11.87,11.9,0.0
2025-07-15 07:00:00-04:00,11.9,11.91,11.88,11.9,0.0
2025-07-15 08:00:00-04:00,11.9,11.91,11.85,11.88,0.0
2025-07-15 09:00:00-04:00,11.88,11.92,11.88,11.895,0.0
2025-07-15 09:30:00-04:00,11.899999618530273,11.930000305175781,11.720000267028809,11.720000267028809,10427416.0
2025-07-15 10:30:00-04:00,11.720000267028809,11.760000228881836,11.6899995803833,11.729999542236328,8903545.0
2025-07-15 11:30:00-04:00,11.734999656677246,11.75,11.640000343322754,11.645000457763672,9481367.0
2025-07-15 12:30:00-04:00,11.649999618530273,11.670000076293945,11.569999694824219,11.614999771118164,9376593.0
2025-07-15 13:30:00-04:00,11.614999771118164,11.630000114440918,11.550000190734863,11.595000267028809,7812872.0
2025-07-15 14:30:00-04:00,11.595000267028809,11.600000381469727,11.539999961853027,11.545000076293945,5873834.0
2025-07-15 15:30:00-04:00,11.545000076293945,11.59000015258789,11.524700164794922,11.574999809265137,8540476.0
2025-07-15 16:00:00-04:00,11.56,11.58,9.59,11.56,0.0
2025-07-15 17:00:00-04:00,11.5597,11.58,11.5597,11.565,0.0
2025-07-15 18:00:00-04:00,11.5601,11.58,11.56,11.565,0.0
2025-07-15 19:00:00-04:00,11.56,11.57,11.56,11.57,0.0
2025-07-16 04:00:00-04:00,11.57,11.59,11.53,11.58,0.0
2025-07-16 05:00:00-04:00,11.59,11.59,11.58,11.58,0.0
2025-07-16 06:00:00-04:00,11.59,11.6,11.58,11.59,0.0
2025-07-16 07:00:00-04:00,11.59,11.59,11.48,11.49,0.0
2025-07-16 08:00:00-04:00,11.5,11.61,11.42,11.46,0.0
2025-07-16 09:00:00-04:00,11.46,11.48,11.33,11.35,0.0
2025-07-16 09:30:00-04:00,11.350000381469727,11.449999809265137,11.210000038146973,11.270000457763672,26625510.0
2025-07-16 10:30:00-04:00,11.274999618530273,11.289999961853027,11.180000305175781,11.230400085449219,22661114.0
2025-07-16 11:30:00-04:00,11.234999656677246,11.260000228881836,11.149999618530273,11.199899673461914,13168208.0
2025-07-16 12:30:00-04:00,11.194999694824219,11.229999542236328,11.15999984741211,11.210000038146973,7069587.0
2025-07-16 13:30:00-04:00,11.210000038146973,11.270000457763672,11.210000038146973,11.255000114440918,6726124.0
2025-07-16 14:30:00-04:00,11.250100135803223,11.3100004196167,11.25,11.28499984741211,9603837.0
2025-07-16 15:30:00-04:00,11.281800270080566,11.289999961853027,11.210000038146973,11.234999656677246,8505826.0
2025-07-16 16:00:00-04:00,11.24,11.27,11.23,11.23,0.0
2025-07-16 17:00:00-04:00,11.235,11.25,11.23,11.24,0.0
2025-07-16 18:00:00-04:00,11.24,11.25,11.22,11.2301,0.0
2025-07-16 19:00:00-04:00,11.24,11.25,11.22,11.2301,0.0
2025-07-17 04:00:00-04:00,11.26,11.31,11.25,11.28,0.0
2025-07-17 05:00:00-04:00,11.27,11.28,11.26,11.26,0.0
2025-07-17 06:00:00-04:00,11.27,11.27,11.26,11.27,0.0
2025-07-17 07:00:00-04:00,11.27,11.27,11.21,11.22,0.0
2025-07-17 08:00:00-04:00,11.22,11.32,11.17,11.21,0.0
2025-07-17 09:00:00-04:00,11.2108,11.23,11.19,11.22,0.0
2025-07-17 09:30:00-04:00,11.1899995803833,11.346500396728516,11.119999885559082,11.139900207519531,13683490.0
2025-07-17 10:30:00-04:00,11.136199951171875,11.180000305175781,11.119999885559082,11.149999618530273,15031918.0
2025-07-17 11:30:00-04:00,11.150099754333496,11.180000305175781,11.140000343322754,11.164999961853027,9451842.0
2025-07-17 12:30:00-04:00,11.164999961853027,11.180000305175781,11.149999618530273,11.15470027923584,5454796.0
2025-07-17 13:30:00-04:00,11.15999984741211,11.199999809265137,11.109999656677246,11.199999809265137,7300571.0
2025-07-17 14:30:00-04:00,11.199999809265137,11.199999809265137,11.149999618530273,11.154999732971191,4292518.0
2025-07-17 15:30:00-04:00,11.154899597167969,11.180000305175781,11.140000343322754,11.15999984741211,7898826.0
2025-07-17 16:00:00-04:00,11.15,11.17,11.0913,11.15,0.0
2025-07-17 17:00:00-04:00,11.16,11.17,11.15,11.15,0.0
2025-07-17 18:00:00-04:00,11.17,11.17,11.15,11.16,0.0
2025-07-17 19:00:00-04:00,11.17,11.18,11.15,11.18,0.0
2025-07-18 04:00:00-04:00,11.19,11.2,11.13,11.17,0.0
2025-07-18 05:00:00-04:00,11.18,11.18,11.17,11.18,0.0
2025-07-18 06:00:00-04:00,11.17,11.18,11.14,11.15,0.0
2025-07-18 07:00:00-04:00,11.16,11.18,11.15,11.15,0.0
2025-07-18 08:00:00-04:00,11.15,11.19,11.14,11.15,0.0
2025-07-18 09:00:00-04:00,11.155,11.18,11.15,11.1799,0.0
2025-07-18 09:30:00-04:00,11.170000076293945,11.239999771118164,11.100000381469727,11.100000381469727,13823250.0
2025-07-18 10:30:00-04:00,11.10990047454834,11.180000305175781,11.100000381469727,11.104999542236328,14240194.0
2025-07-18 11:30:00-04:00,11.100000381469727,11.109999656677246,11.050000190734863,11.0649995803833,8866638.0
2025-07-18 12:30:00-04:00,11.0649995803833,11.109999656677246,11.050000190734863,11.095000267028809,6551308.0
2025-07-18 13:30:00-04:00,11.100000381469727,11.149999618530273,11.09000015258789,11.130000114440918,5470620.0
2025-07-18 14:30:00-04:00,11.125,11.170000076293945,11.119999885559082,11.170000076293945,5075874.0
2025-07-18 15:30:00-04:00,11.170000076293945,11.180000305175781,11.149999618530273,11.149999618530273,6148430.0
2025-07-18 16:00:00-04:00,11.15,11.17,11.15,11.15,0.0
2025-07-18 17:00:00-04:00,11.15,11.17,11.15,11.165,0.0
2025-07-18 18:00:00-04:00,11.1699,11.17,11.15,11.16,0.0
2025-07-18 19:00:00-04:00,11.16,11.17,11.15,11.15,0.0
2025-07-21 04:00:00-04:00,11.18,11.19,11.16,11.17,0.0
2025-07-21 05:00:00-04:00,11.17,11.18,11.17,11.17,0.0
2025-07-21 06:00:00-04:00,11.17,11.22,11.17,11.19,0.0
2025-07-21 07:00:00-04:00,11.19,11.25,11.18,11.24,0.0
2025-07-21 08:00:00-04:00,11.24,11.25,11.16,11.2302,0.0
2025-07-21 09:00:00-04:00,11.23,11.24,11.16,11.235,0.0
2025-07-21 09:30:00-04:00,11.260000228881836,11.449999809265137,11.210000038146973,11.40999984741211,16593161.0
2025-07-21 10:30:00-04:00,11.414999961853027,11.430000305175781,11.350000381469727,11.365300178527832,14525470.0
2025-07-21 11:30:00-04:00,11.360099792480469,11.40999984741211,11.359999656677246,11.364999771118164,6705572.0
2025-07-21 12:30:00-04:00,11.360099792480469,11.380000114440918,11.350000381469727,11.364999771118164,4900744.0
2025-07-21 13:30:00-04:00,11.364999771118164,11.40999984741211,11.329999923706055,11.404999732971191,6051074.0
2025-07-21 14:30:00-04:00,11.404999732971191,11.40999984741211,11.319999694824219,11.329999923706055,6814829.0
2025-07-21 15:30:00-04:00,11.34000015258789,11.350000381469727,11.300000190734863,11.329999923706055,6263597.0
2025-07-21 16:00:00-04:00,11.31,11.33,11.31,11.315,0.0
2025-07-21 17:00:00-04:00,11.3198,11.32,11.31,11.3102,0.0
2025-07-21 18:00:00-04:00,11.32,11.33,11.31,11.32,0.0
2025-07-21 19:00:00-04:00,11.32,11.34,11.31,11.33,0.0
2025-07-22 04:00:00-04:00,11.31,11.34,11.29,11.32,0.0
2025-07-22 05:00:00-04:00,11.31,11.32,11.31,11.31,0.0
2025-07-22 06:00:00-04:00,11.31,11.32,11.3,11.3,0.0
2025-07-22 07:00:00-04:00,11.3,11.3,11.15,11.21,0.0
2025-07-22 08:00:00-04:00,11.21,11.35,11.15,11.23,0.0
2025-07-22 09:00:00-04:00,11.23,11.25,11.19,11.2,0.0
2025-07-22 09:30:00-04:00,11.239999771118164,11.28499984741211,11.079999923706055,11.164999961853027,19793072.0
2025-07-22 10:30:00-04:00,11.164999961853027,11.220000267028809,11.100000381469727,11.210100173950195,14403206.0
2025-07-22 11:30:00-04:00,11.21500015258789,11.289999961853027,11.180000305175781,11.229900360107422,15592695.0
2025-07-22 12:30:00-04:00,11.225000381469727,11.239999771118164,11.149999618530273,11.225000381469727,8185329.0
2025-07-22 13:30:00-04:00,11.225000381469727,11.229999542236328,11.180000305175781,11.1899995803833,4557082.0
2025-07-22 14:30:00-04:00,11.1899995803833,11.25,11.1899995803833,11.199999809265137,5599695.0
2025-07-22 15:30:00-04:00,11.199999809265137,11.220000267028809,11.180000305175781,11.1850004196167,6155552.0
2025-07-22 16:00:00-04:00,11.19,11.22,11.18,11.215,0.0
2025-07-22 17:00:00-04:00,11.215,11.22,11.19,11.21,0.0
2025-07-22 18:00:00-04:00,11.21,11.22,11.18,11.2,0.0
2025-07-22 19:00:00-04:00,11.2,11.22,11.19,11.2191,0.0
2025-07-23 04:00:00-04:00,11.24,11.24,11.1,11.16,0.0
2025-07-23 05:00:00-04:00,11.15,11.21,11.14,11.2,0.0
2025-07-23 06:00:00-04:00,11.2,11.22,11.2,11.22,0.0
2025-07-23 07:00:00-04:00,11.23,11.26,11.22,11.26,0.0
2025-07-23 08:00:00-04:00,11.25,11.27,11.0995,11.27,0.0
2025-07-23 09:00:00-04:00,11.26,11.27,11.19,11.26,0.0
2025-07-23 09:30:00-04:00,11.295000076293945,11.460000038146973,11.289999961853027,11.420499801635742,17932979.0
2025-07-23 10:30:00-04:00,11.425000190734863,11.449999809265137,11.350000381469727,11.359999656677246,10336459.0
2025-07-23 11:30:00-04:00,11.369999885559082,11.460000038146973,11.34000015258789,11.444999694824219,15342852.0
2025-07-23 12:30:00-04:00,11.444999694824219,11.449999809265137,11.359999656677246,11.390000343322754,7979919.0
2025-07-23 13:30:00-04:00,11.39009952545166,11.420000076293945,11.335000038146973,11.380000114440918,8772554.0
2025-07-23 14:30:00-04:00,11.380000114440918,11.399999618530273,11.369999885559082,11.375,5249979.0
2025-07-23 15:30:00-04:00,11.375,11.40999984741211,11.369999885559082,11.385000228881836,7361220.0
2025-07-23 16:00:00-04:00,11.37,11.38,11.37,11.37,0.0
2025-07-23 17:00:00-04:00,11.38,11.38,11.37,11.38,0.0
2025-07-23 18:00:00-04:00,11.38,11.38,11.36,11.375,0.0
2025-07-23 19:00:00-04:00,11.37,11.38,11.35,11.365,0.0
2025-07-24 04:00:00-04:00,11.33,11.35,11.33,11.35,0.0
2025-07-24 05:00:00-04:00,11.35,11.35,11.33,11.34,0.0
2025-07-24 06:00:00-04:00,11.35,11.35,11.34,11.35,0.0
2025-07-24 07:00:00-04:00,11.35,11.36,11.32,11.32,0.0
2025-07-24 08:00:00-04:00,11.32,11.38,11.31,11.33,0.0
2025-07-24 09:00:00-04:00,11.33,11.33,11.27,11.28,0.0
2025-07-24 09:30:00-04:00,11.3100004196167,11.428999900817871,11.229999542236328,11.371100425720215,11696831.0
2025-07-24 10:30:00-04:00,11.375300407409668,11.420000076293945,11.319999694824219,11.359999656677246,11901990.0
2025-07-24 11:30:00-04:00,11.35990047454834,11.380000114440918,11.300000190734863,11.305000305175781,6527162.0
2025-07-24 12:30:00-04:00,11.300000190734863,11.3100004196167,11.255000114440918,11.28499984741211,3781268.0
2025-07-24 13:30:00-04:00,11.28499984741211,11.34000015258789,11.270000457763672,11.28499984741211,6664720.0
2025-07-24 14:30:00-04:00,11.28499984741211,11.319999694824219,11.260000228881836,11.3149995803833,8136091.0
2025-07-24 15:30:00-04:00,11.3149995803833,11.319999694824219,11.260000228881836,11.265000343322754,7051092.0
2025-07-24 16:00:00-04:00,11.26,11.57,11.26,11.28,0.0
2025-07-24 17:00:00-04:00,11.27,11.29,11.27,11.28,0.0
2025-07-24 18:00:00-04:00,11.27,11.28,11.27,11.27,0.0
2025-07-24 19:00:00-04:00,11.27,11.29,11.27,11.28,0.0
2025-07-25 04:00:00-04:00,11.26,11.31,11.26,11.3,0.0
2025-07-25 05:00:00-04:00,11.31,11.31,11.3,11.31,0.0
2025-07-25 06:00:00-04:00,11.31,11.32,11.3,11.32,0.0
2025-07-25 07:00:00-04:00,11.32,11.32,11.31,11.31,0.0
2025-07-25 08:00:00-04:00,11.31,11.32,11.26,11.2901,0.0
2025-07-25 09:00:00-04:00,11.295,11.325,11.29,11.29,0.0
2025-07-25 09:30:00-04:00,11.335000038146973,11.369999885559082,11.240099906921387,11.255000114440918,10627992.0
2025-07-25 10:30:00-04:00,11.255000114440918,11.3100004196167,11.25,11.28499984741211,6187775.0
2025-07-25 11:30:00-04:00,11.28499984741211,11.300000190734863,11.270000457763672,11.28499984741211,2777367.0
2025-07-25 12:30:00-04:00,11.28499984741211,11.369999885559082,11.270000457763672,11.354999542236328,6971523.0
2025-07-25 13:30:00-04:00,11.354999542236328,11.399999618530273,11.350000381469727,11.399999618530273,4032114.0
2025-07-25 14:30:00-04:00,11.395000457763672,11.479999542236328,11.380000114440918,11.449999809265137,8148808.0
2025-07-25 15:30:00-04:00,11.444999694824219,11.489999771118164,11.4399995803833,11.46500015258789,7357397.0
2025-07-25 16:00:00-04:00,11.47,11.49,11.4,11.46,0.0
2025-07-25 17:00:00-04:00,11.45,11.46,11.43,11.4498,0.0
2025-07-25 18:00:00-04:00,11.445,11.45,11.43,11.44,0.0
2025-07-25 19:00:00-04:00,11.45,11.45,11.43,11.45,0.0
2025-07-28 04:00:00-04:00,11.5,11.55,11.49,11.54,0.0
2025-07-28 05:00:00-04:00,11.55,11.55,11.48,11.48,0.0
2025-07-28 06:00:00-04:00,11.48,11.51,11.46,11.49,0.0
2025-07-28 07:00:00-04:00,11.48,11.5,11.48,11.49,0.0
2025-07-28 08:00:00-04:00,11.49,11.64,11.47,11.495,0.0
2025-07-28 09:00:00-04:00,11.49,11.5,11.49,11.5,0.0
2025-07-28 09:30:00-04:00,11.479999542236328,11.489999771118164,11.329999923706055,11.364999771118164,14240325.0
2025-07-28 10:30:00-04:00,11.369999885559082,11.390000343322754,11.34000015258789,11.345000267028809,8248118.0
2025-07-28 11:30:00-04:00,11.340700149536133,11.380000114440918,11.319999694824219,11.345000267028809,6526727.0
2025-07-28 12:30:00-04:00,11.345000267028809,11.350000381469727,11.260000228881836,11.274999618530273,6000155.0
2025-07-28 13:30:00-04:00,11.270000457763672,11.319999694824219,11.270000457763672,11.305000305175781,6673409.0
2025-07-28 14:30:00-04:00,11.3100004196167,11.329999923706055,11.289999961853027,11.29990005493164,4172930.0
2025-07-28 15:30:00-04:00,11.289999961853027,11.300000190734863,11.25,11.279999732971191,5623448.0
2025-07-28 16:00:00-04:00,11.28,11.3,11.26,11.27,0.0
2025-07-28 17:00:00-04:00,11.27,11.28,11.26,11.2702,0.0
2025-07-28 18:00:00-04:00,11.2799,11.28,11.26,11.275,0.0
2025-07-28 19:00:00-04:00,11.275,11.28,11.26,11.28,0.0
2025-07-29 04:00:00-04:00,11.28,11.3,11.26,11.28,0.0
2025-07-29 05:00:00-04:00,11.28,11.29,11.27,11.29,0.0
2025-07-29 06:00:00-04:00,11.3,11.3,11.28,11.29,0.0
2025-07-29 07:00:00-04:00,11.29,11.31,11.28,11.29,0.0
2025-07-29 08:00:00-04:00,11.28,11.3099,11.26,11.28,0.0
2025-07-29 09:00:00-04:00,11.29,11.3,11.28,11.28,0.0
2025-07-29 09:30:00-04:00,11.289999961853027,11.289999961853027,11.15999984741211,11.175000190734863,11045728.0
2025-07-29 10:30:00-04:00,11.175000190734863,11.1899995803833,11.109999656677246,11.119999885559082,10609044.0
2025-07-29 11:30:00-04:00,11.125,11.15999984741211,11.100000381469727,11.104999542236328,6092470.0
2025-07-29 12:30:00-04:00,11.104999542236328,11.140000343322754,11.079999923706055,11.114999771118164,4889995.0
2025-07-29 13:30:00-04:00,11.114999771118164,11.140000343322754,11.079999923706055,11.089900016784668,6601678.0
2025-07-29 14:30:00-04:00,11.09000015258789,11.119999885559082,11.079999923706055,11.09000015258789,5680938.0
2025-07-29 15:30:00-04:00,11.085000038146973,11.100000381469727,11.0600004196167,11.0649995803833,10007854.0
2025-07-29 16:00:00-04:00,11.07,11.1,11.06,11.09,0.0
